role,scenario_index,iterations,relative_residual,converged,reason,dtype,device
forward,0,225,9.880164372320056e-07,True,CONVERGED,float64,cuda:0
forward,1,294,9.83771419594861e-07,True,CONVERGED,float64,cuda:0
forward,2,294,9.837714263042086e-07,True,CONVERGED,float64,cuda:0
adjoint,0,223,9.281028003397344e-07,True,CONVERGED,float64,cuda:0
adjoint,1,290,9.80867917343275e-07,True,CONVERGED,float64,cuda:0
adjoint,2,290,9.808679096927099e-07,True,CONVERGED,float64,cuda:0
forward,0,250,9.886296723420995e-07,True,CONVERGED,float64,cuda:0
forward,1,294,9.125138347518449e-07,True,CONVERGED,float64,cuda:0
forward,2,294,9.124004970765681e-07,True,CONVERGED,float64,cuda:0
adjoint,0,251,9.284317668090786e-07,True,CONVERGED,float64,cuda:0
adjoint,1,290,9.987655772644105e-07,True,CONVERGED,float64,cuda:0
adjoint,2,290,9.98890325709639e-07,True,CONVERGED,float64,cuda:0
forward,0,254,8.794123715239587e-07,True,CONVERGED,float64,cuda:0
forward,1,295,9.59828949952825e-07,True,CONVERGED,float64,cuda:0
forward,2,295,9.586603468099413e-07,True,CONVERGED,float64,cuda:0
adjoint,0,252,8.703881874257305e-07,True,CONVERGED,float64,cuda:0
adjoint,1,291,9.582945934518527e-07,True,CONVERGED,float64,cuda:0
adjoint,2,291,9.58599036816233e-07,True,CONVERGED,float64,cuda:0
forward,0,255,9.788426073088173e-07,True,CONVERGED,float64,cuda:0
forward,1,303,9.040643394069915e-07,True,CONVERGED,float64,cuda:0
forward,2,302,9.991073060002784e-07,True,CONVERGED,float64,cuda:0
adjoint,0,253,9.616131210169067e-07,True,CONVERGED,float64,cuda:0
adjoint,1,292,9.562207345229178e-07,True,CONVERGED,float64,cuda:0
adjoint,2,292,9.564568292919541e-07,True,CONVERGED,float64,cuda:0
forward,0,262,9.82970647545884e-07,True,CONVERGED,float64,cuda:0
forward,1,305,9.140106682941568e-07,True,CONVERGED,float64,cuda:0
forward,2,305,9.136683407586899e-07,True,CONVERGED,float64,cuda:0
adjoint,0,255,9.3318454184349e-07,True,CONVERGED,float64,cuda:0
adjoint,1,293,9.81941537512435e-07,True,CONVERGED,float64,cuda:0
adjoint,2,293,9.821846370133378e-07,True,CONVERGED,float64,cuda:0
forward,0,275,9.363987611115204e-07,True,CONVERGED,float64,cuda:0
forward,1,305,9.407882480024691e-07,True,CONVERGED,float64,cuda:0
forward,2,305,9.408320338259701e-07,True,CONVERGED,float64,cuda:0
adjoint,0,269,9.869529453641049e-07,True,CONVERGED,float64,cuda:0
adjoint,1,295,9.705377055948604e-07,True,CONVERGED,float64,cuda:0
adjoint,2,295,9.72681132126785e-07,True,CONVERGED,float64,cuda:0
forward,0,276,9.202430002046546e-07,True,CONVERGED,float64,cuda:0
forward,1,305,9.097074661648408e-07,True,CONVERGED,float64,cuda:0
forward,2,305,9.097338614658248e-07,True,CONVERGED,float64,cuda:0
adjoint,0,272,9.55041120101654e-07,True,CONVERGED,float64,cuda:0
adjoint,1,296,9.525144257275887e-07,True,CONVERGED,float64,cuda:0
adjoint,2,296,9.634325582435418e-07,True,CONVERGED,float64,cuda:0
forward,0,276,9.87039012396705e-07,True,CONVERGED,float64,cuda:0
forward,1,304,9.492314059210343e-07,True,CONVERGED,float64,cuda:0
forward,2,304,9.486161767987977e-07,True,CONVERGED,float64,cuda:0
adjoint,0,276,9.965465929360065e-07,True,CONVERGED,float64,cuda:0
adjoint,1,293,9.337034133197868e-07,True,CONVERGED,float64,cuda:0
adjoint,2,293,9.91741375280814e-07,True,CONVERGED,float64,cuda:0
forward,0,278,8.890158958620097e-07,True,CONVERGED,float64,cuda:0
forward,1,303,9.335481960477406e-07,True,CONVERGED,float64,cuda:0
forward,2,303,9.303655018472916e-07,True,CONVERGED,float64,cuda:0
adjoint,0,279,9.715700564920033e-07,True,CONVERGED,float64,cuda:0
adjoint,1,295,9.436439355484408e-07,True,CONVERGED,float64,cuda:0
adjoint,2,293,9.24705426334846e-07,True,CONVERGED,float64,cuda:0
forward,0,278,9.140401798212147e-07,True,CONVERGED,float64,cuda:0
forward,1,300,9.788463227833805e-07,True,CONVERGED,float64,cuda:0
forward,2,300,9.716361790227437e-07,True,CONVERGED,float64,cuda:0
adjoint,0,279,9.87827306426023e-07,True,CONVERGED,float64,cuda:0
adjoint,1,296,9.738029953329226e-07,True,CONVERGED,float64,cuda:0
adjoint,2,296,9.606891004083034e-07,True,CONVERGED,float64,cuda:0
forward,0,282,9.401415234498961e-07,True,CONVERGED,float64,cuda:0
forward,1,298,9.472753202335958e-07,True,CONVERGED,float64,cuda:0
forward,2,298,9.679451427665993e-07,True,CONVERGED,float64,cuda:0
adjoint,0,280,9.452765605710279e-07,True,CONVERGED,float64,cuda:0
adjoint,1,289,9.447890968695536e-07,True,CONVERGED,float64,cuda:0
adjoint,2,289,9.856131006021917e-07,True,CONVERGED,float64,cuda:0
forward,0,282,9.883151213492993e-07,True,CONVERGED,float64,cuda:0
forward,1,298,9.223841115346203e-07,True,CONVERGED,float64,cuda:0
forward,2,298,9.910840911357173e-07,True,CONVERGED,float64,cuda:0
adjoint,0,281,9.060242341171847e-07,True,CONVERGED,float64,cuda:0
adjoint,1,294,9.808719186518903e-07,True,CONVERGED,float64,cuda:0
adjoint,2,293,9.495052240882822e-07,True,CONVERGED,float64,cuda:0
forward,0,283,8.8119071207024e-07,True,CONVERGED,float64,cuda:0
forward,1,290,9.69654239644861e-07,True,CONVERGED,float64,cuda:0
forward,2,296,9.398398268951895e-07,True,CONVERGED,float64,cuda:0
adjoint,0,282,9.18151695820433e-07,True,CONVERGED,float64,cuda:0
adjoint,1,302,9.043285896050983e-07,True,CONVERGED,float64,cuda:0
adjoint,2,302,9.393791078143553e-07,True,CONVERGED,float64,cuda:0
forward,0,278,9.736883605172189e-07,True,CONVERGED,float64,cuda:0
forward,1,282,9.536369323499994e-07,True,CONVERGED,float64,cuda:0
forward,2,293,9.116857390240493e-07,True,CONVERGED,float64,cuda:0
adjoint,0,293,9.554224297389799e-07,True,CONVERGED,float64,cuda:0
adjoint,1,298,9.942685463865814e-07,True,CONVERGED,float64,cuda:0
adjoint,2,299,9.34212046911733e-07,True,CONVERGED,float64,cuda:0
forward,0,280,9.068770304155852e-07,True,CONVERGED,float64,cuda:0
forward,1,281,8.738514218384471e-07,True,CONVERGED,float64,cuda:0
forward,2,292,9.266998786753637e-07,True,CONVERGED,float64,cuda:0
adjoint,0,290,9.995998492022792e-07,True,CONVERGED,float64,cuda:0
adjoint,1,296,9.608739759309287e-07,True,CONVERGED,float64,cuda:0
adjoint,2,297,8.462186089030275e-07,True,CONVERGED,float64,cuda:0
forward,0,281,8.770602023256129e-07,True,CONVERGED,float64,cuda:0
forward,1,278,8.767291016465969e-07,True,CONVERGED,float64,cuda:0
forward,2,277,9.581024919231363e-07,True,CONVERGED,float64,cuda:0
adjoint,0,287,9.691150554576608e-07,True,CONVERGED,float64,cuda:0
adjoint,1,293,9.894543005018573e-07,True,CONVERGED,float64,cuda:0
adjoint,2,295,8.711552754434077e-07,True,CONVERGED,float64,cuda:0
forward,0,280,9.505702949652503e-07,True,CONVERGED,float64,cuda:0
forward,1,277,9.243941998488758e-07,True,CONVERGED,float64,cuda:0
forward,2,286,8.735503972281996e-07,True,CONVERGED,float64,cuda:0
adjoint,0,282,9.388142735640805e-07,True,CONVERGED,float64,cuda:0
adjoint,1,291,9.345457483737419e-07,True,CONVERGED,float64,cuda:0
adjoint,2,293,9.211429696967859e-07,True,CONVERGED,float64,cuda:0
forward,0,277,9.71930760959899e-07,True,CONVERGED,float64,cuda:0
forward,1,278,8.995494079500522e-07,True,CONVERGED,float64,cuda:0
forward,2,283,9.410831721266154e-07,True,CONVERGED,float64,cuda:0
adjoint,0,273,9.913535944220108e-07,True,CONVERGED,float64,cuda:0
adjoint,1,290,8.571573401611501e-07,True,CONVERGED,float64,cuda:0
adjoint,2,291,9.716164655092443e-07,True,CONVERGED,float64,cuda:0
forward,0,273,9.778821977496859e-07,True,CONVERGED,float64,cuda:0
forward,1,278,8.743548325060661e-07,True,CONVERGED,float64,cuda:0
forward,2,280,9.534290361336014e-07,True,CONVERGED,float64,cuda:0
adjoint,0,276,9.948743655630138e-07,True,CONVERGED,float64,cuda:0
adjoint,1,286,8.709246429145214e-07,True,CONVERGED,float64,cuda:0
adjoint,2,289,9.052506737315463e-07,True,CONVERGED,float64,cuda:0
forward,0,273,8.995393550006653e-07,True,CONVERGED,float64,cuda:0
forward,1,277,9.975895754542445e-07,True,CONVERGED,float64,cuda:0
forward,2,279,9.474222758457542e-07,True,CONVERGED,float64,cuda:0
adjoint,0,278,8.691515000817305e-07,True,CONVERGED,float64,cuda:0
adjoint,1,284,8.539994672522636e-07,True,CONVERGED,float64,cuda:0
adjoint,2,286,9.440170735119402e-07,True,CONVERGED,float64,cuda:0
forward,0,273,9.545192892231035e-07,True,CONVERGED,float64,cuda:0
forward,1,277,9.417701861218584e-07,True,CONVERGED,float64,cuda:0
forward,2,279,9.985380733267103e-07,True,CONVERGED,float64,cuda:0
adjoint,0,267,9.343037616068235e-07,True,CONVERGED,float64,cuda:0
adjoint,1,284,9.389723555576614e-07,True,CONVERGED,float64,cuda:0
adjoint,2,286,9.694361605323088e-07,True,CONVERGED,float64,cuda:0
forward,0,274,9.66257211859039e-07,True,CONVERGED,float64,cuda:0
forward,1,277,8.896553214675813e-07,True,CONVERGED,float64,cuda:0
forward,2,280,9.257506229666262e-07,True,CONVERGED,float64,cuda:0
adjoint,0,281,9.438950498247693e-07,True,CONVERGED,float64,cuda:0
adjoint,1,284,9.409323229061458e-07,True,CONVERGED,float64,cuda:0
adjoint,2,287,9.201963847663525e-07,True,CONVERGED,float64,cuda:0
forward,0,275,8.174891522059903e-07,True,CONVERGED,float64,cuda:0
forward,1,276,9.756648855445336e-07,True,CONVERGED,float64,cuda:0
forward,2,280,9.669477428550384e-07,True,CONVERGED,float64,cuda:0
adjoint,0,282,9.561190938435389e-07,True,CONVERGED,float64,cuda:0
adjoint,1,284,9.548017432787041e-07,True,CONVERGED,float64,cuda:0
adjoint,2,287,9.53786123311226e-07,True,CONVERGED,float64,cuda:0
forward,0,275,8.823903218615212e-07,True,CONVERGED,float64,cuda:0
forward,1,276,9.36455926407696e-07,True,CONVERGED,float64,cuda:0
forward,2,281,9.01253225923667e-07,True,CONVERGED,float64,cuda:0
adjoint,0,283,9.889279858717588e-07,True,CONVERGED,float64,cuda:0
adjoint,1,285,8.843242192037746e-07,True,CONVERGED,float64,cuda:0
adjoint,2,287,9.930952718651679e-07,True,CONVERGED,float64,cuda:0
forward,0,275,9.308956441809861e-07,True,CONVERGED,float64,cuda:0
forward,1,275,9.327185728716327e-07,True,CONVERGED,float64,cuda:0
forward,2,281,9.520608489566687e-07,True,CONVERGED,float64,cuda:0
adjoint,0,285,9.308349077789262e-07,True,CONVERGED,float64,cuda:0
adjoint,1,285,9.874462517417785e-07,True,CONVERGED,float64,cuda:0
adjoint,2,288,9.437387424689413e-07,True,CONVERGED,float64,cuda:0
forward,0,275,9.183814681222721e-07,True,CONVERGED,float64,cuda:0
forward,1,273,9.577036807953152e-07,True,CONVERGED,float64,cuda:0
forward,2,281,9.738968680708617e-07,True,CONVERGED,float64,cuda:0
adjoint,0,286,9.774558625152556e-07,True,CONVERGED,float64,cuda:0
adjoint,1,286,9.797352507881191e-07,True,CONVERGED,float64,cuda:0
adjoint,2,289,8.931259365515399e-07,True,CONVERGED,float64,cuda:0
forward,0,264,9.782700081963012e-07,True,CONVERGED,float64,cuda:0
forward,1,276,9.074799757611276e-07,True,CONVERGED,float64,cuda:0
forward,2,278,9.413507910838773e-07,True,CONVERGED,float64,cuda:0
adjoint,0,285,9.534900996340918e-07,True,CONVERGED,float64,cuda:0
adjoint,1,286,9.994270337222542e-07,True,CONVERGED,float64,cuda:0
adjoint,2,287,9.56548668776971e-07,True,CONVERGED,float64,cuda:0
forward,0,266,9.92685169292406e-07,True,CONVERGED,float64,cuda:0
forward,1,277,9.313421269917121e-07,True,CONVERGED,float64,cuda:0
forward,2,278,9.883318749343986e-07,True,CONVERGED,float64,cuda:0
adjoint,0,270,8.996836477677537e-07,True,CONVERGED,float64,cuda:0
adjoint,1,288,9.024079140736698e-07,True,CONVERGED,float64,cuda:0
adjoint,2,287,9.64833764097765e-07,True,CONVERGED,float64,cuda:0
forward,0,265,9.429491306645802e-07,True,CONVERGED,float64,cuda:0
forward,1,278,9.975673677782866e-07,True,CONVERGED,float64,cuda:0
forward,2,278,9.462563077205136e-07,True,CONVERGED,float64,cuda:0
adjoint,0,287,8.728814566843211e-07,True,CONVERGED,float64,cuda:0
adjoint,1,288,9.532071652700399e-07,True,CONVERGED,float64,cuda:0
adjoint,2,287,9.710041297450438e-07,True,CONVERGED,float64,cuda:0
forward,0,271,8.593050815098545e-07,True,CONVERGED,float64,cuda:0
forward,1,281,9.474751852660151e-07,True,CONVERGED,float64,cuda:0
forward,2,269,9.774836726268635e-07,True,CONVERGED,float64,cuda:0
adjoint,0,271,9.356026224568634e-07,True,CONVERGED,float64,cuda:0
adjoint,1,286,9.762852905711023e-07,True,CONVERGED,float64,cuda:0
adjoint,2,286,9.812115409307155e-07,True,CONVERGED,float64,cuda:0
forward,0,273,9.475814377076102e-07,True,CONVERGED,float64,cuda:0
forward,1,282,9.889725919298564e-07,True,CONVERGED,float64,cuda:0
forward,2,270,9.968080935765001e-07,True,CONVERGED,float64,cuda:0
adjoint,0,286,8.232299512788657e-07,True,CONVERGED,float64,cuda:0
adjoint,1,287,8.903660061553936e-07,True,CONVERGED,float64,cuda:0
adjoint,2,287,9.235929760734769e-07,True,CONVERGED,float64,cuda:0
forward,0,271,9.648755380604132e-07,True,CONVERGED,float64,cuda:0
forward,1,282,9.844203598701511e-07,True,CONVERGED,float64,cuda:0
forward,2,270,9.26869220212591e-07,True,CONVERGED,float64,cuda:0
adjoint,0,286,9.203568670149052e-07,True,CONVERGED,float64,cuda:0
adjoint,1,287,8.96238347312398e-07,True,CONVERGED,float64,cuda:0
adjoint,2,286,9.938877361433043e-07,True,CONVERGED,float64,cuda:0
forward,0,274,9.8142072670422e-07,True,CONVERGED,float64,cuda:0
forward,1,283,9.252295006449026e-07,True,CONVERGED,float64,cuda:0
forward,2,270,9.64700367630543e-07,True,CONVERGED,float64,cuda:0
adjoint,0,286,9.164096955840913e-07,True,CONVERGED,float64,cuda:0
adjoint,1,287,8.735151037915208e-07,True,CONVERGED,float64,cuda:0
adjoint,2,286,9.909637910599343e-07,True,CONVERGED,float64,cuda:0
forward,0,275,9.823378531434746e-07,True,CONVERGED,float64,cuda:0
forward,1,283,9.870399175274374e-07,True,CONVERGED,float64,cuda:0
forward,2,277,9.482389330200849e-07,True,CONVERGED,float64,cuda:0
adjoint,0,285,9.705247830367511e-07,True,CONVERGED,float64,cuda:0
adjoint,1,286,9.328305156947144e-07,True,CONVERGED,float64,cuda:0
adjoint,2,286,9.930072692209852e-07,True,CONVERGED,float64,cuda:0
forward,0,275,9.96187102306387e-07,True,CONVERGED,float64,cuda:0
forward,1,285,9.062886073581054e-07,True,CONVERGED,float64,cuda:0
forward,2,281,9.876419983980644e-07,True,CONVERGED,float64,cuda:0
adjoint,0,285,8.788636722748184e-07,True,CONVERGED,float64,cuda:0
adjoint,1,286,8.944242846999647e-07,True,CONVERGED,float64,cuda:0
adjoint,2,287,9.893884537767844e-07,True,CONVERGED,float64,cuda:0
forward,0,277,9.209006691270209e-07,True,CONVERGED,float64,cuda:0
forward,1,286,8.917978867071135e-07,True,CONVERGED,float64,cuda:0
forward,2,285,8.97912187569463e-07,True,CONVERGED,float64,cuda:0
adjoint,0,286,8.75087213841188e-07,True,CONVERGED,float64,cuda:0
adjoint,1,286,9.857964208438251e-07,True,CONVERGED,float64,cuda:0
adjoint,2,290,9.227718052515666e-07,True,CONVERGED,float64,cuda:0
forward,0,278,8.995037571350215e-07,True,CONVERGED,float64,cuda:0
forward,1,287,8.843666103463904e-07,True,CONVERGED,float64,cuda:0
forward,2,286,9.520206610609533e-07,True,CONVERGED,float64,cuda:0
adjoint,0,286,9.995097339304839e-07,True,CONVERGED,float64,cuda:0
adjoint,1,288,9.154864866189812e-07,True,CONVERGED,float64,cuda:0
adjoint,2,291,9.808216973969165e-07,True,CONVERGED,float64,cuda:0
forward,0,279,9.096767121789062e-07,True,CONVERGED,float64,cuda:0
forward,1,287,9.919333371588825e-07,True,CONVERGED,float64,cuda:0
forward,2,287,9.177942840697129e-07,True,CONVERGED,float64,cuda:0
adjoint,0,286,9.062208606077027e-07,True,CONVERGED,float64,cuda:0
adjoint,1,289,8.868419343536586e-07,True,CONVERGED,float64,cuda:0
adjoint,2,292,9.946047263678842e-07,True,CONVERGED,float64,cuda:0
forward,0,279,8.888317185804326e-07,True,CONVERGED,float64,cuda:0
forward,1,287,9.386416587890878e-07,True,CONVERGED,float64,cuda:0
forward,2,275,9.92284622974903e-07,True,CONVERGED,float64,cuda:0
adjoint,0,287,9.77816326981848e-07,True,CONVERGED,float64,cuda:0
adjoint,1,288,9.368423845774635e-07,True,CONVERGED,float64,cuda:0
adjoint,2,293,9.494166750801233e-07,True,CONVERGED,float64,cuda:0
forward,0,278,9.73410313833015e-07,True,CONVERGED,float64,cuda:0
forward,1,287,9.058482961721798e-07,True,CONVERGED,float64,cuda:0
forward,2,274,8.957420058318686e-07,True,CONVERGED,float64,cuda:0
adjoint,0,287,9.392287622971444e-07,True,CONVERGED,float64,cuda:0
adjoint,1,288,9.552112057454367e-07,True,CONVERGED,float64,cuda:0
adjoint,2,293,9.21110303022878e-07,True,CONVERGED,float64,cuda:0
forward,0,277,9.566284047271712e-07,True,CONVERGED,float64,cuda:0
forward,1,285,9.879724970497382e-07,True,CONVERGED,float64,cuda:0
forward,2,271,9.817275154735427e-07,True,CONVERGED,float64,cuda:0
adjoint,0,287,8.452196552266796e-07,True,CONVERGED,float64,cuda:0
adjoint,1,290,9.158172266842271e-07,True,CONVERGED,float64,cuda:0
adjoint,2,292,8.944641343550074e-07,True,CONVERGED,float64,cuda:0
forward,0,270,9.304464665518056e-07,True,CONVERGED,float64,cuda:0
forward,1,278,9.682333658307067e-07,True,CONVERGED,float64,cuda:0
forward,2,273,9.610752620616463e-07,True,CONVERGED,float64,cuda:0
adjoint,0,277,9.793464798969683e-07,True,CONVERGED,float64,cuda:0
adjoint,1,282,9.496348941889087e-07,True,CONVERGED,float64,cuda:0
adjoint,2,284,9.21330687775071e-07,True,CONVERGED,float64,cuda:0
forward,0,271,9.78717955199818e-07,True,CONVERGED,float64,cuda:0
forward,1,282,8.583327361152131e-07,True,CONVERGED,float64,cuda:0
forward,2,281,9.422495463620864e-07,True,CONVERGED,float64,cuda:0
adjoint,0,275,9.583819296107376e-07,True,CONVERGED,float64,cuda:0
adjoint,1,285,9.868389006419914e-07,True,CONVERGED,float64,cuda:0
adjoint,2,286,9.908436040073399e-07,True,CONVERGED,float64,cuda:0
forward,0,272,9.464366517631552e-07,True,CONVERGED,float64,cuda:0
forward,1,281,9.824771463813002e-07,True,CONVERGED,float64,cuda:0
forward,2,281,9.686745052785706e-07,True,CONVERGED,float64,cuda:0
adjoint,0,274,9.835968518733226e-07,True,CONVERGED,float64,cuda:0
adjoint,1,285,9.350854855481448e-07,True,CONVERGED,float64,cuda:0
adjoint,2,286,9.309003878109206e-07,True,CONVERGED,float64,cuda:0
forward,0,271,9.210697099613546e-07,True,CONVERGED,float64,cuda:0
forward,1,273,9.72175449327084e-07,True,CONVERGED,float64,cuda:0
forward,2,267,9.370512860698516e-07,True,CONVERGED,float64,cuda:0
adjoint,0,280,9.445044202130409e-07,True,CONVERGED,float64,cuda:0
adjoint,1,279,9.008325582594255e-07,True,CONVERGED,float64,cuda:0
adjoint,2,279,9.870846810698405e-07,True,CONVERGED,float64,cuda:0
forward,0,278,9.122103111940513e-07,True,CONVERGED,float64,cuda:0
forward,1,286,8.773681767600845e-07,True,CONVERGED,float64,cuda:0
forward,2,286,9.994876306038468e-07,True,CONVERGED,float64,cuda:0
adjoint,0,287,9.424201116326894e-07,True,CONVERGED,float64,cuda:0
adjoint,1,291,9.197580465534474e-07,True,CONVERGED,float64,cuda:0
adjoint,2,292,9.520191513039929e-07,True,CONVERGED,float64,cuda:0
forward,0,280,9.898860267562492e-07,True,CONVERGED,float64,cuda:0
forward,1,287,8.917994790976465e-07,True,CONVERGED,float64,cuda:0
forward,2,288,9.228564267659484e-07,True,CONVERGED,float64,cuda:0
adjoint,0,289,8.974271800032543e-07,True,CONVERGED,float64,cuda:0
adjoint,1,292,9.614354351352112e-07,True,CONVERGED,float64,cuda:0
adjoint,2,294,8.955669028978267e-07,True,CONVERGED,float64,cuda:0
forward,0,281,9.818181601382916e-07,True,CONVERGED,float64,cuda:0
forward,1,287,9.891585138474854e-07,True,CONVERGED,float64,cuda:0
forward,2,288,9.782321442226445e-07,True,CONVERGED,float64,cuda:0
adjoint,0,289,8.868645074546863e-07,True,CONVERGED,float64,cuda:0
adjoint,1,292,9.430923276385108e-07,True,CONVERGED,float64,cuda:0
adjoint,2,295,8.889126511421336e-07,True,CONVERGED,float64,cuda:0
forward,0,282,9.273330004140116e-07,True,CONVERGED,float64,cuda:0
forward,1,288,8.96725494134001e-07,True,CONVERGED,float64,cuda:0
forward,2,289,9.684613327669164e-07,True,CONVERGED,float64,cuda:0
adjoint,0,289,9.97799110647804e-07,True,CONVERGED,float64,cuda:0
adjoint,1,292,9.454867979091166e-07,True,CONVERGED,float64,cuda:0
adjoint,2,295,9.210626361891029e-07,True,CONVERGED,float64,cuda:0
forward,0,282,9.212110170275423e-07,True,CONVERGED,float64,cuda:0
forward,1,288,9.991769387497513e-07,True,CONVERGED,float64,cuda:0
forward,2,290,9.542268110970048e-07,True,CONVERGED,float64,cuda:0
adjoint,0,290,8.739745543799168e-07,True,CONVERGED,float64,cuda:0
adjoint,1,294,8.829470819588311e-07,True,CONVERGED,float64,cuda:0
adjoint,2,295,9.74390210600498e-07,True,CONVERGED,float64,cuda:0
forward,0,269,9.651261798251527e-07,True,CONVERGED,float64,cuda:0
forward,1,290,9.121186963438983e-07,True,CONVERGED,float64,cuda:0
forward,2,291,9.234624634202188e-07,True,CONVERGED,float64,cuda:0
adjoint,0,290,8.705507446992799e-07,True,CONVERGED,float64,cuda:0
adjoint,1,295,8.942966919689277e-07,True,CONVERGED,float64,cuda:0
adjoint,2,296,9.038542096276893e-07,True,CONVERGED,float64,cuda:0
forward,0,271,9.03573357977449e-07,True,CONVERGED,float64,cuda:0
forward,1,291,9.337044482444589e-07,True,CONVERGED,float64,cuda:0
forward,2,292,9.306849500626039e-07,True,CONVERGED,float64,cuda:0
adjoint,0,290,9.266252095997495e-07,True,CONVERGED,float64,cuda:0
adjoint,1,295,9.456659727099801e-07,True,CONVERGED,float64,cuda:0
adjoint,2,296,9.885064295650737e-07,True,CONVERGED,float64,cuda:0
forward,0,286,8.755922196020851e-07,True,CONVERGED,float64,cuda:0
forward,1,291,9.814592770647993e-07,True,CONVERGED,float64,cuda:0
forward,2,292,9.69474697486247e-07,True,CONVERGED,float64,cuda:0
adjoint,0,290,9.062458340864513e-07,True,CONVERGED,float64,cuda:0
adjoint,1,295,9.378174881950634e-07,True,CONVERGED,float64,cuda:0
adjoint,2,296,9.413947125970128e-07,True,CONVERGED,float64,cuda:0
forward,0,286,9.716814887975856e-07,True,CONVERGED,float64,cuda:0
forward,1,291,9.215106032184394e-07,True,CONVERGED,float64,cuda:0
forward,2,292,9.427008951823509e-07,True,CONVERGED,float64,cuda:0
adjoint,0,290,8.98084809778756e-07,True,CONVERGED,float64,cuda:0
adjoint,1,284,9.87215630843846e-07,True,CONVERGED,float64,cuda:0
adjoint,2,294,9.927369101143612e-07,True,CONVERGED,float64,cuda:0
forward,0,287,8.742665640215151e-07,True,CONVERGED,float64,cuda:0
forward,1,289,9.663597377713503e-07,True,CONVERGED,float64,cuda:0
forward,2,291,9.99264619810943e-07,True,CONVERGED,float64,cuda:0
adjoint,0,290,9.018901834528674e-07,True,CONVERGED,float64,cuda:0
adjoint,1,296,9.964475851837378e-07,True,CONVERGED,float64,cuda:0
adjoint,2,295,9.526909178496229e-07,True,CONVERGED,float64,cuda:0
forward,0,281,8.747544646604608e-07,True,CONVERGED,float64,cuda:0
forward,1,288,8.795280239593878e-07,True,CONVERGED,float64,cuda:0
forward,2,290,9.32027346584969e-07,True,CONVERGED,float64,cuda:0
adjoint,0,286,9.77051617235215e-07,True,CONVERGED,float64,cuda:0
adjoint,1,296,9.046752079998586e-07,True,CONVERGED,float64,cuda:0
adjoint,2,297,9.434215453454308e-07,True,CONVERGED,float64,cuda:0
forward,0,282,9.309396032318929e-07,True,CONVERGED,float64,cuda:0
forward,1,291,9.446062505910983e-07,True,CONVERGED,float64,cuda:0
forward,2,291,9.442778406681282e-07,True,CONVERGED,float64,cuda:0
adjoint,0,289,9.687782286843585e-07,True,CONVERGED,float64,cuda:0
adjoint,1,298,8.35709232721731e-07,True,CONVERGED,float64,cuda:0
adjoint,2,298,9.327095241923689e-07,True,CONVERGED,float64,cuda:0
forward,0,285,9.95781300217885e-07,True,CONVERGED,float64,cuda:0
forward,1,293,9.141354313237316e-07,True,CONVERGED,float64,cuda:0
forward,2,277,9.625556116966892e-07,True,CONVERGED,float64,cuda:0
adjoint,0,292,9.04014043045379e-07,True,CONVERGED,float64,cuda:0
adjoint,1,300,9.271364501499083e-07,True,CONVERGED,float64,cuda:0
adjoint,2,300,9.359776118873389e-07,True,CONVERGED,float64,cuda:0
forward,0,273,8.527394963418052e-07,True,CONVERGED,float64,cuda:0
forward,1,291,9.602756007314559e-07,True,CONVERGED,float64,cuda:0
forward,2,292,9.980546987587152e-07,True,CONVERGED,float64,cuda:0
adjoint,0,290,8.905585127255584e-07,True,CONVERGED,float64,cuda:0
adjoint,1,297,9.93553707681327e-07,True,CONVERGED,float64,cuda:0
adjoint,2,296,9.779128903666055e-07,True,CONVERGED,float64,cuda:0
forward,0,285,9.72716302633974e-07,True,CONVERGED,float64,cuda:0
forward,1,294,9.784498835100632e-07,True,CONVERGED,float64,cuda:0
forward,2,298,9.33337185636006e-07,True,CONVERGED,float64,cuda:0
adjoint,0,296,9.214499760645652e-07,True,CONVERGED,float64,cuda:0
adjoint,1,302,9.296434747486688e-07,True,CONVERGED,float64,cuda:0
adjoint,2,301,9.600733414961842e-07,True,CONVERGED,float64,cuda:0
forward,0,284,9.655374421960212e-07,True,CONVERGED,float64,cuda:0
forward,1,295,8.839902870895719e-07,True,CONVERGED,float64,cuda:0
forward,2,300,9.059850327875647e-07,True,CONVERGED,float64,cuda:0
adjoint,0,297,9.064322419467393e-07,True,CONVERGED,float64,cuda:0
adjoint,1,303,9.678198134854958e-07,True,CONVERGED,float64,cuda:0
adjoint,2,301,9.857660217398643e-07,True,CONVERGED,float64,cuda:0
forward,0,285,9.91306807372176e-07,True,CONVERGED,float64,cuda:0
forward,1,296,9.92360897101879e-07,True,CONVERGED,float64,cuda:0
forward,2,300,9.318332913582468e-07,True,CONVERGED,float64,cuda:0
adjoint,0,297,9.454692307551471e-07,True,CONVERGED,float64,cuda:0
adjoint,1,303,9.257007260852043e-07,True,CONVERGED,float64,cuda:0
adjoint,2,301,9.965713012649605e-07,True,CONVERGED,float64,cuda:0
forward,0,282,9.814401823286436e-07,True,CONVERGED,float64,cuda:0
forward,1,296,9.238830964392341e-07,True,CONVERGED,float64,cuda:0
forward,2,298,9.102769274382608e-07,True,CONVERGED,float64,cuda:0
adjoint,0,296,9.324677745707783e-07,True,CONVERGED,float64,cuda:0
adjoint,1,302,9.395196818381478e-07,True,CONVERGED,float64,cuda:0
adjoint,2,301,8.960051636150917e-07,True,CONVERGED,float64,cuda:0
forward,0,290,9.614225753550799e-07,True,CONVERGED,float64,cuda:0
forward,1,295,9.616209282917977e-07,True,CONVERGED,float64,cuda:0
forward,2,296,8.726508867974405e-07,True,CONVERGED,float64,cuda:0
adjoint,0,294,9.455233454412739e-07,True,CONVERGED,float64,cuda:0
adjoint,1,301,9.53143989125635e-07,True,CONVERGED,float64,cuda:0
adjoint,2,301,9.421839662458877e-07,True,CONVERGED,float64,cuda:0
forward,0,288,8.872284794691828e-07,True,CONVERGED,float64,cuda:0
forward,1,297,9.865874134576654e-07,True,CONVERGED,float64,cuda:0
forward,2,298,8.743110790025284e-07,True,CONVERGED,float64,cuda:0
adjoint,0,293,8.888134024143926e-07,True,CONVERGED,float64,cuda:0
adjoint,1,302,8.92625995239775e-07,True,CONVERGED,float64,cuda:0
adjoint,2,302,8.913444510659567e-07,True,CONVERGED,float64,cuda:0
forward,0,289,9.295072917584693e-07,True,CONVERGED,float64,cuda:0
forward,1,298,9.666397914568553e-07,True,CONVERGED,float64,cuda:0
forward,2,299,9.411652881026424e-07,True,CONVERGED,float64,cuda:0
adjoint,0,292,9.619263016595213e-07,True,CONVERGED,float64,cuda:0
adjoint,1,302,9.624907494732832e-07,True,CONVERGED,float64,cuda:0
adjoint,2,302,9.262764925355852e-07,True,CONVERGED,float64,cuda:0
forward,0,291,9.230773530033407e-07,True,CONVERGED,float64,cuda:0
forward,1,298,9.355426672994354e-07,True,CONVERGED,float64,cuda:0
forward,2,294,9.997985848621206e-07,True,CONVERGED,float64,cuda:0
adjoint,0,293,8.721836842038053e-07,True,CONVERGED,float64,cuda:0
adjoint,1,301,9.426722421869224e-07,True,CONVERGED,float64,cuda:0
adjoint,2,301,9.708788501834244e-07,True,CONVERGED,float64,cuda:0
forward,0,289,8.588802254799005e-07,True,CONVERGED,float64,cuda:0
forward,1,297,9.426282521388926e-07,True,CONVERGED,float64,cuda:0
forward,2,286,9.963923148055872e-07,True,CONVERGED,float64,cuda:0
adjoint,0,292,9.027243179250109e-07,True,CONVERGED,float64,cuda:0
adjoint,1,300,9.964507913405293e-07,True,CONVERGED,float64,cuda:0
adjoint,2,294,9.597823428964647e-07,True,CONVERGED,float64,cuda:0
forward,0,293,9.720812187570116e-07,True,CONVERGED,float64,cuda:0
forward,1,302,9.203211123652529e-07,True,CONVERGED,float64,cuda:0
forward,2,285,9.371232016534916e-07,True,CONVERGED,float64,cuda:0
adjoint,0,298,9.584651873879356e-07,True,CONVERGED,float64,cuda:0
adjoint,1,290,9.837207572972747e-07,True,CONVERGED,float64,cuda:0
adjoint,2,303,8.791145495839535e-07,True,CONVERGED,float64,cuda:0
forward,0,294,8.4377828413947e-07,True,CONVERGED,float64,cuda:0
forward,1,303,9.304537642553135e-07,True,CONVERGED,float64,cuda:0
forward,2,286,9.620971496680655e-07,True,CONVERGED,float64,cuda:0
adjoint,0,298,9.546097291948087e-07,True,CONVERGED,float64,cuda:0
adjoint,1,296,9.22397076535132e-07,True,CONVERGED,float64,cuda:0
adjoint,2,303,9.033420892188555e-07,True,CONVERGED,float64,cuda:0
forward,0,294,8.758737943683136e-07,True,CONVERGED,float64,cuda:0
forward,1,303,9.809339505554515e-07,True,CONVERGED,float64,cuda:0
forward,2,303,9.630143780040948e-07,True,CONVERGED,float64,cuda:0
adjoint,0,300,9.634026614958783e-07,True,CONVERGED,float64,cuda:0
adjoint,1,305,9.410045802784238e-07,True,CONVERGED,float64,cuda:0
adjoint,2,300,9.89698219492557e-07,True,CONVERGED,float64,cuda:0
forward,0,294,8.702730080788127e-07,True,CONVERGED,float64,cuda:0
forward,1,303,9.053804361195837e-07,True,CONVERGED,float64,cuda:0
forward,2,292,9.841123239180104e-07,True,CONVERGED,float64,cuda:0
adjoint,0,299,9.695885064749278e-07,True,CONVERGED,float64,cuda:0
adjoint,1,304,9.449803801017795e-07,True,CONVERGED,float64,cuda:0
adjoint,2,296,9.251692099120083e-07,True,CONVERGED,float64,cuda:0
forward,0,293,9.535748191643249e-07,True,CONVERGED,float64,cuda:0
forward,1,302,9.072002576964779e-07,True,CONVERGED,float64,cuda:0
forward,2,283,9.7777855169746e-07,True,CONVERGED,float64,cuda:0
adjoint,0,297,9.525739683882473e-07,True,CONVERGED,float64,cuda:0
adjoint,1,292,8.912660720227246e-07,True,CONVERGED,float64,cuda:0
adjoint,2,303,8.948978522972372e-07,True,CONVERGED,float64,cuda:0
forward,0,287,9.931154273950191e-07,True,CONVERGED,float64,cuda:0
forward,1,299,8.617952407379955e-07,True,CONVERGED,float64,cuda:0
forward,2,299,8.641685707551852e-07,True,CONVERGED,float64,cuda:0
adjoint,0,294,9.597318434440103e-07,True,CONVERGED,float64,cuda:0
adjoint,1,303,8.40760177859988e-07,True,CONVERGED,float64,cuda:0
adjoint,2,276,8.483001067270893e-07,True,CONVERGED,float64,cuda:0
forward,0,288,9.804140564656468e-07,True,CONVERGED,float64,cuda:0
forward,1,292,9.453801708583105e-07,True,CONVERGED,float64,cuda:0
forward,2,298,9.880613511880352e-07,True,CONVERGED,float64,cuda:0
adjoint,0,294,9.375192191426908e-07,True,CONVERGED,float64,cuda:0
adjoint,1,303,8.633823944381265e-07,True,CONVERGED,float64,cuda:0
adjoint,2,294,9.65160087981812e-07,True,CONVERGED,float64,cuda:0
forward,0,291,9.102779405354235e-07,True,CONVERGED,float64,cuda:0
forward,1,299,9.098338204163375e-07,True,CONVERGED,float64,cuda:0
forward,2,291,9.53788953437266e-07,True,CONVERGED,float64,cuda:0
adjoint,0,293,9.629042282591307e-07,True,CONVERGED,float64,cuda:0
adjoint,1,302,9.087858787659041e-07,True,CONVERGED,float64,cuda:0
adjoint,2,302,9.112131620496111e-07,True,CONVERGED,float64,cuda:0
forward,0,291,8.976737621356601e-07,True,CONVERGED,float64,cuda:0
forward,1,298,9.961783369791634e-07,True,CONVERGED,float64,cuda:0
forward,2,291,9.736438055707751e-07,True,CONVERGED,float64,cuda:0
adjoint,0,293,9.22355745312129e-07,True,CONVERGED,float64,cuda:0
adjoint,1,302,8.94576274034589e-07,True,CONVERGED,float64,cuda:0
adjoint,2,302,8.960149262569762e-07,True,CONVERGED,float64,cuda:0
forward,0,293,8.687090153514174e-07,True,CONVERGED,float64,cuda:0
forward,1,301,9.41584824645274e-07,True,CONVERGED,float64,cuda:0
forward,2,282,9.175600799674755e-07,True,CONVERGED,float64,cuda:0
adjoint,0,280,9.90374154409326e-07,True,CONVERGED,float64,cuda:0
adjoint,1,291,8.62502095601016e-07,True,CONVERGED,float64,cuda:0
adjoint,2,302,9.241333963992711e-07,True,CONVERGED,float64,cuda:0
forward,0,293,8.686148271203213e-07,True,CONVERGED,float64,cuda:0
forward,1,301,9.309153358088157e-07,True,CONVERGED,float64,cuda:0
forward,2,281,9.706586875981927e-07,True,CONVERGED,float64,cuda:0
adjoint,0,295,8.935097006667575e-07,True,CONVERGED,float64,cuda:0
adjoint,1,291,8.586091616277063e-07,True,CONVERGED,float64,cuda:0
adjoint,2,302,9.293744047463067e-07,True,CONVERGED,float64,cuda:0
forward,0,290,8.986676994473656e-07,True,CONVERGED,float64,cuda:0
forward,1,298,8.925717992937956e-07,True,CONVERGED,float64,cuda:0
forward,2,282,9.284171678861643e-07,True,CONVERGED,float64,cuda:0
adjoint,0,292,9.861110924150504e-07,True,CONVERGED,float64,cuda:0
adjoint,1,301,9.5629246923705e-07,True,CONVERGED,float64,cuda:0
adjoint,2,301,9.926818751979305e-07,True,CONVERGED,float64,cuda:0
forward,0,284,9.631767644456557e-07,True,CONVERGED,float64,cuda:0
forward,1,298,9.205918908442013e-07,True,CONVERGED,float64,cuda:0
forward,2,281,9.514274825010731e-07,True,CONVERGED,float64,cuda:0
adjoint,0,293,8.633469512888553e-07,True,CONVERGED,float64,cuda:0
adjoint,1,301,9.46890917892292e-07,True,CONVERGED,float64,cuda:0
adjoint,2,302,8.614765717221686e-07,True,CONVERGED,float64,cuda:0
forward,0,294,9.552382372590418e-07,True,CONVERGED,float64,cuda:0
forward,1,301,9.900383663042124e-07,True,CONVERGED,float64,cuda:0
forward,2,299,9.768690168859738e-07,True,CONVERGED,float64,cuda:0
adjoint,0,282,9.803434097911883e-07,True,CONVERGED,float64,cuda:0
adjoint,1,291,9.236485473856706e-07,True,CONVERGED,float64,cuda:0
adjoint,2,301,9.81647407414717e-07,True,CONVERGED,float64,cuda:0
forward,0,295,8.64664391139413e-07,True,CONVERGED,float64,cuda:0
forward,1,302,8.790516573700912e-07,True,CONVERGED,float64,cuda:0
forward,2,301,8.778333767822474e-07,True,CONVERGED,float64,cuda:0
adjoint,0,297,9.056849858521374e-07,True,CONVERGED,float64,cuda:0
adjoint,1,291,9.360333505066839e-07,True,CONVERGED,float64,cuda:0
adjoint,2,301,9.58109619947744e-07,True,CONVERGED,float64,cuda:0
forward,0,291,8.681013086284295e-07,True,CONVERGED,float64,cuda:0
forward,1,298,9.515448565455389e-07,True,CONVERGED,float64,cuda:0
forward,2,297,9.970941844098572e-07,True,CONVERGED,float64,cuda:0
adjoint,0,294,8.364084119786438e-07,True,CONVERGED,float64,cuda:0
adjoint,1,301,9.550749334907965e-07,True,CONVERGED,float64,cuda:0
adjoint,2,301,8.882096133786405e-07,True,CONVERGED,float64,cuda:0
forward,0,291,9.092392485956325e-07,True,CONVERGED,float64,cuda:0
forward,1,298,9.793924590232707e-07,True,CONVERGED,float64,cuda:0
forward,2,298,9.092629274014493e-07,True,CONVERGED,float64,cuda:0
adjoint,0,294,8.937829924945377e-07,True,CONVERGED,float64,cuda:0
adjoint,1,302,8.755800568892204e-07,True,CONVERGED,float64,cuda:0
adjoint,2,300,9.279038554590941e-07,True,CONVERGED,float64,cuda:0
forward,0,295,9.472978247263773e-07,True,CONVERGED,float64,cuda:0
forward,1,302,9.048489051202983e-07,True,CONVERGED,float64,cuda:0
forward,2,301,9.209268908914533e-07,True,CONVERGED,float64,cuda:0
adjoint,0,297,9.942149702777737e-07,True,CONVERGED,float64,cuda:0
adjoint,1,300,9.536527438883263e-07,True,CONVERGED,float64,cuda:0
adjoint,2,300,9.287519663311525e-07,True,CONVERGED,float64,cuda:0
forward,0,295,9.135032157262036e-07,True,CONVERGED,float64,cuda:0
forward,1,302,9.129262654259453e-07,True,CONVERGED,float64,cuda:0
forward,2,301,9.348997633236156e-07,True,CONVERGED,float64,cuda:0
adjoint,0,298,9.453735857770298e-07,True,CONVERGED,float64,cuda:0
adjoint,1,302,9.38739805848812e-07,True,CONVERGED,float64,cuda:0
adjoint,2,300,8.914096531986575e-07,True,CONVERGED,float64,cuda:0
forward,0,291,9.036892058416065e-07,True,CONVERGED,float64,cuda:0
forward,1,298,9.829011719954128e-07,True,CONVERGED,float64,cuda:0
forward,2,299,8.939359947854533e-07,True,CONVERGED,float64,cuda:0
adjoint,0,294,8.954509744448923e-07,True,CONVERGED,float64,cuda:0
adjoint,1,302,9.60006467550747e-07,True,CONVERGED,float64,cuda:0
adjoint,2,291,9.293725994678221e-07,True,CONVERGED,float64,cuda:0
forward,0,291,9.04723510747e-07,True,CONVERGED,float64,cuda:0
forward,1,298,9.696795571089213e-07,True,CONVERGED,float64,cuda:0
forward,2,298,9.470684321338247e-07,True,CONVERGED,float64,cuda:0
adjoint,0,295,8.686494163471915e-07,True,CONVERGED,float64,cuda:0
adjoint,1,303,8.350005613220927e-07,True,CONVERGED,float64,cuda:0
adjoint,2,292,8.898601534527704e-07,True,CONVERGED,float64,cuda:0
forward,0,294,9.763274794557259e-07,True,CONVERGED,float64,cuda:0
forward,1,302,9.382576136744905e-07,True,CONVERGED,float64,cuda:0
forward,2,302,9.60558424848267e-07,True,CONVERGED,float64,cuda:0
adjoint,0,298,9.888687039613282e-07,True,CONVERGED,float64,cuda:0
adjoint,1,302,9.875751424714498e-07,True,CONVERGED,float64,cuda:0
adjoint,2,294,9.788903774681964e-07,True,CONVERGED,float64,cuda:0
forward,0,295,8.870435624224752e-07,True,CONVERGED,float64,cuda:0
forward,1,302,9.399080860880247e-07,True,CONVERGED,float64,cuda:0
forward,2,302,9.053696784316159e-07,True,CONVERGED,float64,cuda:0
adjoint,0,297,9.89265671025432e-07,True,CONVERGED,float64,cuda:0
adjoint,1,302,9.679266837751408e-07,True,CONVERGED,float64,cuda:0
adjoint,2,295,9.429285040088807e-07,True,CONVERGED,float64,cuda:0
forward,0,282,8.757978944783848e-07,True,CONVERGED,float64,cuda:0
forward,1,300,9.61853095970311e-07,True,CONVERGED,float64,cuda:0
forward,2,300,9.421293454769545e-07,True,CONVERGED,float64,cuda:0
adjoint,0,297,9.126563057842471e-07,True,CONVERGED,float64,cuda:0
adjoint,1,290,8.739558890033532e-07,True,CONVERGED,float64,cuda:0
adjoint,2,300,9.059072499604565e-07,True,CONVERGED,float64,cuda:0
forward,0,293,9.866788378163136e-07,True,CONVERGED,float64,cuda:0
forward,1,301,8.251023477162065e-07,True,CONVERGED,float64,cuda:0
forward,2,300,9.165196247000156e-07,True,CONVERGED,float64,cuda:0
adjoint,0,295,9.931512731650378e-07,True,CONVERGED,float64,cuda:0
adjoint,1,293,9.785460205026697e-07,True,CONVERGED,float64,cuda:0
adjoint,2,299,9.705994237796824e-07,True,CONVERGED,float64,cuda:0
forward,0,290,9.51128783298516e-07,True,CONVERGED,float64,cuda:0
forward,1,299,9.84836007152752e-07,True,CONVERGED,float64,cuda:0
forward,2,299,9.351790990466952e-07,True,CONVERGED,float64,cuda:0
adjoint,0,295,8.784905335039973e-07,True,CONVERGED,float64,cuda:0
adjoint,1,301,8.920294874267157e-07,True,CONVERGED,float64,cuda:0
adjoint,2,300,9.229494359629501e-07,True,CONVERGED,float64,cuda:0
forward,0,295,8.776423919904128e-07,True,CONVERGED,float64,cuda:0
forward,1,302,8.72419942933102e-07,True,CONVERGED,float64,cuda:0
forward,2,301,9.29502760823388e-07,True,CONVERGED,float64,cuda:0
adjoint,0,298,9.276440506906545e-07,True,CONVERGED,float64,cuda:0
adjoint,1,291,9.262840432626704e-07,True,CONVERGED,float64,cuda:0
adjoint,2,301,9.585079146133145e-07,True,CONVERGED,float64,cuda:0
forward,0,293,9.942082118162634e-07,True,CONVERGED,float64,cuda:0
forward,1,301,8.620474805543415e-07,True,CONVERGED,float64,cuda:0
forward,2,300,9.582270508546102e-07,True,CONVERGED,float64,cuda:0
adjoint,0,296,9.769216668213928e-07,True,CONVERGED,float64,cuda:0
adjoint,1,295,9.371294539067941e-07,True,CONVERGED,float64,cuda:0
adjoint,2,300,9.416519829030361e-07,True,CONVERGED,float64,cuda:0
forward,0,291,8.305329827763231e-07,True,CONVERGED,float64,cuda:0
forward,1,283,9.972483002447587e-07,True,CONVERGED,float64,cuda:0
forward,2,301,9.431474400663821e-07,True,CONVERGED,float64,cuda:0
adjoint,0,293,9.883531818773004e-07,True,CONVERGED,float64,cuda:0
adjoint,1,305,9.667504042142098e-07,True,CONVERGED,float64,cuda:0
adjoint,2,304,9.684173840324825e-07,True,CONVERGED,float64,cuda:0
forward,0,291,8.663299694450926e-07,True,CONVERGED,float64,cuda:0
forward,1,295,9.758727707990538e-07,True,CONVERGED,float64,cuda:0
forward,2,302,9.028159712151341e-07,True,CONVERGED,float64,cuda:0
adjoint,0,294,9.627245141967112e-07,True,CONVERGED,float64,cuda:0
adjoint,1,306,9.326574264704726e-07,True,CONVERGED,float64,cuda:0
adjoint,2,305,9.362514191746471e-07,True,CONVERGED,float64,cuda:0
forward,0,290,9.900002205860301e-07,True,CONVERGED,float64,cuda:0
forward,1,299,9.849271144888388e-07,True,CONVERGED,float64,cuda:0
forward,2,301,9.320503992945093e-07,True,CONVERGED,float64,cuda:0
adjoint,0,295,9.953603272234916e-07,True,CONVERGED,float64,cuda:0
adjoint,1,304,8.534680912662014e-07,True,CONVERGED,float64,cuda:0
adjoint,2,304,8.987777795213502e-07,True,CONVERGED,float64,cuda:0
forward,0,298,9.118441912761356e-07,True,CONVERGED,float64,cuda:0
forward,1,304,9.38789977270769e-07,True,CONVERGED,float64,cuda:0
forward,2,304,9.296696836362378e-07,True,CONVERGED,float64,cuda:0
adjoint,0,302,9.624779899132974e-07,True,CONVERGED,float64,cuda:0
adjoint,1,302,9.885182950846947e-07,True,CONVERGED,float64,cuda:0
adjoint,2,304,9.25721189934038e-07,True,CONVERGED,float64,cuda:0
forward,0,299,9.213773298997467e-07,True,CONVERGED,float64,cuda:0
forward,1,305,8.814914586272028e-07,True,CONVERGED,float64,cuda:0
forward,2,305,9.830325750243129e-07,True,CONVERGED,float64,cuda:0
adjoint,0,288,9.594968583591427e-07,True,CONVERGED,float64,cuda:0
adjoint,1,304,9.434112193234872e-07,True,CONVERGED,float64,cuda:0
adjoint,2,304,8.921495372379298e-07,True,CONVERGED,float64,cuda:0
forward,0,298,9.875597809321863e-07,True,CONVERGED,float64,cuda:0
forward,1,304,9.564189832745975e-07,True,CONVERGED,float64,cuda:0
forward,2,305,8.632032361064788e-07,True,CONVERGED,float64,cuda:0
adjoint,0,303,9.134921031341535e-07,True,CONVERGED,float64,cuda:0
adjoint,1,304,9.764732096401134e-07,True,CONVERGED,float64,cuda:0
adjoint,2,304,9.361371746603914e-07,True,CONVERGED,float64,cuda:0
forward,0,295,9.557849206094846e-07,True,CONVERGED,float64,cuda:0
forward,1,300,9.725398805009438e-07,True,CONVERGED,float64,cuda:0
forward,2,302,9.256070806784228e-07,True,CONVERGED,float64,cuda:0
adjoint,0,297,9.28877233647936e-07,True,CONVERGED,float64,cuda:0
adjoint,1,294,9.88616558569059e-07,True,CONVERGED,float64,cuda:0
adjoint,2,301,9.773074431266896e-07,True,CONVERGED,float64,cuda:0
forward,0,292,9.771709058452397e-07,True,CONVERGED,float64,cuda:0
forward,1,299,9.69451367639524e-07,True,CONVERGED,float64,cuda:0
forward,2,300,9.57322031773376e-07,True,CONVERGED,float64,cuda:0
adjoint,0,297,8.846875864386234e-07,True,CONVERGED,float64,cuda:0
adjoint,1,298,9.440784358553878e-07,True,CONVERGED,float64,cuda:0
adjoint,2,293,9.452197112827722e-07,True,CONVERGED,float64,cuda:0
forward,0,297,9.350459082386239e-07,True,CONVERGED,float64,cuda:0
forward,1,299,9.511976702159474e-07,True,CONVERGED,float64,cuda:0
forward,2,301,9.05356826585502e-07,True,CONVERGED,float64,cuda:0
adjoint,0,299,9.064036488134213e-07,True,CONVERGED,float64,cuda:0
adjoint,1,302,9.348910948979122e-07,True,CONVERGED,float64,cuda:0
adjoint,2,302,9.508780731412378e-07,True,CONVERGED,float64,cuda:0
forward,0,295,9.89739835124799e-07,True,CONVERGED,float64,cuda:0
forward,1,299,9.660809307903652e-07,True,CONVERGED,float64,cuda:0
forward,2,301,9.960418955436227e-07,True,CONVERGED,float64,cuda:0
adjoint,0,297,9.763151917087536e-07,True,CONVERGED,float64,cuda:0
adjoint,1,298,9.860069337006665e-07,True,CONVERGED,float64,cuda:0
adjoint,2,301,8.954395872952556e-07,True,CONVERGED,float64,cuda:0
forward,0,297,9.499774891473189e-07,True,CONVERGED,float64,cuda:0
forward,1,303,9.050847047638443e-07,True,CONVERGED,float64,cuda:0
forward,2,303,9.135843189847538e-07,True,CONVERGED,float64,cuda:0
adjoint,0,300,9.027688089479733e-07,True,CONVERGED,float64,cuda:0
adjoint,1,303,9.962100298122372e-07,True,CONVERGED,float64,cuda:0
adjoint,2,304,8.521118459599574e-07,True,CONVERGED,float64,cuda:0
forward,0,296,9.513712439575068e-07,True,CONVERGED,float64,cuda:0
forward,1,298,9.279485645029534e-07,True,CONVERGED,float64,cuda:0
forward,2,300,9.060961886765243e-07,True,CONVERGED,float64,cuda:0
adjoint,0,298,9.567960581222785e-07,True,CONVERGED,float64,cuda:0
adjoint,1,299,9.802441944988753e-07,True,CONVERGED,float64,cuda:0
adjoint,2,303,9.037588238186396e-07,True,CONVERGED,float64,cuda:0
forward,0,292,9.835899137878045e-07,True,CONVERGED,float64,cuda:0
forward,1,302,8.983960994867625e-07,True,CONVERGED,float64,cuda:0
forward,2,302,9.981270910361564e-07,True,CONVERGED,float64,cuda:0
adjoint,0,296,8.467746200758655e-07,True,CONVERGED,float64,cuda:0
adjoint,1,305,9.267324548735847e-07,True,CONVERGED,float64,cuda:0
adjoint,2,304,9.312804241807824e-07,True,CONVERGED,float64,cuda:0
forward,0,283,9.842053436286008e-07,True,CONVERGED,float64,cuda:0
forward,1,301,9.790661870765855e-07,True,CONVERGED,float64,cuda:0
forward,2,302,9.783949535207703e-07,True,CONVERGED,float64,cuda:0
adjoint,0,296,8.612936626095093e-07,True,CONVERGED,float64,cuda:0
adjoint,1,305,9.170588727863083e-07,True,CONVERGED,float64,cuda:0
adjoint,2,303,9.972487837052898e-07,True,CONVERGED,float64,cuda:0
forward,0,296,8.876855918821175e-07,True,CONVERGED,float64,cuda:0
forward,1,298,9.064586791659329e-07,True,CONVERGED,float64,cuda:0
forward,2,300,9.260057037100516e-07,True,CONVERGED,float64,cuda:0
adjoint,0,298,9.387242754622136e-07,True,CONVERGED,float64,cuda:0
adjoint,1,301,9.327418062597228e-07,True,CONVERGED,float64,cuda:0
adjoint,2,302,9.812401120777263e-07,True,CONVERGED,float64,cuda:0
forward,0,296,9.79782237708078e-07,True,CONVERGED,float64,cuda:0
forward,1,302,9.748335997961769e-07,True,CONVERGED,float64,cuda:0
forward,2,303,8.85623405420556e-07,True,CONVERGED,float64,cuda:0
adjoint,0,299,9.845805817522244e-07,True,CONVERGED,float64,cuda:0
adjoint,1,303,9.434673968506546e-07,True,CONVERGED,float64,cuda:0
adjoint,2,303,9.224521677847224e-07,True,CONVERGED,float64,cuda:0
forward,0,293,9.3954312600151e-07,True,CONVERGED,float64,cuda:0
forward,1,300,9.897784617604301e-07,True,CONVERGED,float64,cuda:0
forward,2,301,9.969238376358777e-07,True,CONVERGED,float64,cuda:0
adjoint,0,297,9.479267079819006e-07,True,CONVERGED,float64,cuda:0
adjoint,1,296,9.919128833028518e-07,True,CONVERGED,float64,cuda:0
adjoint,2,299,9.657778711030765e-07,True,CONVERGED,float64,cuda:0
forward,0,294,9.366243100972706e-07,True,CONVERGED,float64,cuda:0
forward,1,297,9.311410936096211e-07,True,CONVERGED,float64,cuda:0
forward,2,299,9.76005600756723e-07,True,CONVERGED,float64,cuda:0
adjoint,0,298,9.703671290256934e-07,True,CONVERGED,float64,cuda:0
adjoint,1,302,9.463895563479758e-07,True,CONVERGED,float64,cuda:0
adjoint,2,301,9.251678646282975e-07,True,CONVERGED,float64,cuda:0
forward,0,296,9.55669045547285e-07,True,CONVERGED,float64,cuda:0
forward,1,303,9.098395219231651e-07,True,CONVERGED,float64,cuda:0
forward,2,303,9.726191308459288e-07,True,CONVERGED,float64,cuda:0
adjoint,0,300,9.071062520800155e-07,True,CONVERGED,float64,cuda:0
adjoint,1,303,9.514831110685089e-07,True,CONVERGED,float64,cuda:0
adjoint,2,302,9.83706894665102e-07,True,CONVERGED,float64,cuda:0
forward,0,284,9.757097684262828e-07,True,CONVERGED,float64,cuda:0
forward,1,297,9.654915424738994e-07,True,CONVERGED,float64,cuda:0
forward,2,300,9.655916143737738e-07,True,CONVERGED,float64,cuda:0
adjoint,0,298,8.839216272470605e-07,True,CONVERGED,float64,cuda:0
adjoint,1,300,9.841014434900141e-07,True,CONVERGED,float64,cuda:0
adjoint,2,301,9.331731859488484e-07,True,CONVERGED,float64,cuda:0
forward,0,296,8.502039348820027e-07,True,CONVERGED,float64,cuda:0
forward,1,303,9.011041114596978e-07,True,CONVERGED,float64,cuda:0
forward,2,303,9.312053614922134e-07,True,CONVERGED,float64,cuda:0
adjoint,0,299,9.972104246629368e-07,True,CONVERGED,float64,cuda:0
adjoint,1,302,9.271783236804716e-07,True,CONVERGED,float64,cuda:0
adjoint,2,302,9.72436866487283e-07,True,CONVERGED,float64,cuda:0
forward,0,292,9.399026578198071e-07,True,CONVERGED,float64,cuda:0
forward,1,299,9.954981285182038e-07,True,CONVERGED,float64,cuda:0
forward,2,301,9.230572278953023e-07,True,CONVERGED,float64,cuda:0
adjoint,0,297,9.144223500749256e-07,True,CONVERGED,float64,cuda:0
adjoint,1,297,9.949572174033782e-07,True,CONVERGED,float64,cuda:0
adjoint,2,301,9.315789727850787e-07,True,CONVERGED,float64,cuda:0
forward,0,294,9.991945777595548e-07,True,CONVERGED,float64,cuda:0
forward,1,302,9.922446202571783e-07,True,CONVERGED,float64,cuda:0
forward,2,303,9.045710823149061e-07,True,CONVERGED,float64,cuda:0
adjoint,0,299,9.533700637087191e-07,True,CONVERGED,float64,cuda:0
adjoint,1,300,9.923009935677015e-07,True,CONVERGED,float64,cuda:0
adjoint,2,302,9.52688890458725e-07,True,CONVERGED,float64,cuda:0
forward,0,294,8.797349930365372e-07,True,CONVERGED,float64,cuda:0
forward,1,301,9.476957484797518e-07,True,CONVERGED,float64,cuda:0
forward,2,301,9.374395662586685e-07,True,CONVERGED,float64,cuda:0
adjoint,0,297,8.715531586408472e-07,True,CONVERGED,float64,cuda:0
adjoint,1,295,9.85944727389058e-07,True,CONVERGED,float64,cuda:0
adjoint,2,300,9.82633465921779e-07,True,CONVERGED,float64,cuda:0
forward,0,287,9.741355932761998e-07,True,CONVERGED,float64,cuda:0
forward,1,302,9.729826532517114e-07,True,CONVERGED,float64,cuda:0
forward,2,303,9.027070045993187e-07,True,CONVERGED,float64,cuda:0
adjoint,0,299,9.190837085202552e-07,True,CONVERGED,float64,cuda:0
adjoint,1,299,9.787671406367406e-07,True,CONVERGED,float64,cuda:0
adjoint,2,302,9.079596657715891e-07,True,CONVERGED,float64,cuda:0
forward,0,294,8.755140761428096e-07,True,CONVERGED,float64,cuda:0
forward,1,301,9.356291591827721e-07,True,CONVERGED,float64,cuda:0
forward,2,301,9.470449631230902e-07,True,CONVERGED,float64,cuda:0
adjoint,0,297,8.61886338674521e-07,True,CONVERGED,float64,cuda:0
adjoint,1,297,9.552138024011644e-07,True,CONVERGED,float64,cuda:0
adjoint,2,300,9.116759135662102e-07,True,CONVERGED,float64,cuda:0
forward,0,292,9.672710017031542e-07,True,CONVERGED,float64,cuda:0
forward,1,302,9.388984716507915e-07,True,CONVERGED,float64,cuda:0
forward,2,303,9.224960652260059e-07,True,CONVERGED,float64,cuda:0
adjoint,0,299,8.942983042714987e-07,True,CONVERGED,float64,cuda:0
adjoint,1,299,9.917551620068088e-07,True,CONVERGED,float64,cuda:0
adjoint,2,301,9.320071679370677e-07,True,CONVERGED,float64,cuda:0
forward,0,293,9.745696442058971e-07,True,CONVERGED,float64,cuda:0
forward,1,300,9.780588024496536e-07,True,CONVERGED,float64,cuda:0
forward,2,301,9.55204818582593e-07,True,CONVERGED,float64,cuda:0
adjoint,0,296,9.96775884405869e-07,True,CONVERGED,float64,cuda:0
adjoint,1,298,9.91230633597033e-07,True,CONVERGED,float64,cuda:0
adjoint,2,299,9.435255161964388e-07,True,CONVERGED,float64,cuda:0
forward,0,295,8.994810663057469e-07,True,CONVERGED,float64,cuda:0
forward,1,301,9.83631066827635e-07,True,CONVERGED,float64,cuda:0
forward,2,303,9.248655278740481e-07,True,CONVERGED,float64,cuda:0
adjoint,0,299,8.720350934069753e-07,True,CONVERGED,float64,cuda:0
adjoint,1,300,9.341034522466235e-07,True,CONVERGED,float64,cuda:0
adjoint,2,300,9.330420380131684e-07,True,CONVERGED,float64,cuda:0
forward,0,293,9.336819290808002e-07,True,CONVERGED,float64,cuda:0
forward,1,300,9.46474345182809e-07,True,CONVERGED,float64,cuda:0
forward,2,301,9.58393942832896e-07,True,CONVERGED,float64,cuda:0
adjoint,0,296,9.974418586527837e-07,True,CONVERGED,float64,cuda:0
adjoint,1,299,9.196826850488427e-07,True,CONVERGED,float64,cuda:0
adjoint,2,298,9.433621455450417e-07,True,CONVERGED,float64,cuda:0
forward,0,295,8.839795083977312e-07,True,CONVERGED,float64,cuda:0
forward,1,300,9.8767239312407e-07,True,CONVERGED,float64,cuda:0
forward,2,303,9.138970579186689e-07,True,CONVERGED,float64,cuda:0
adjoint,0,298,9.743895332461319e-07,True,CONVERGED,float64,cuda:0
adjoint,1,300,9.134269065779135e-07,True,CONVERGED,float64,cuda:0
adjoint,2,299,9.565933115932e-07,True,CONVERGED,float64,cuda:0
forward,0,295,8.516931254889548e-07,True,CONVERGED,float64,cuda:0
forward,1,300,9.722649946144632e-07,True,CONVERGED,float64,cuda:0
forward,2,303,8.912217366954149e-07,True,CONVERGED,float64,cuda:0
adjoint,0,298,9.267106253628777e-07,True,CONVERGED,float64,cuda:0
adjoint,1,299,9.938305346527991e-07,True,CONVERGED,float64,cuda:0
adjoint,2,299,9.071675582783713e-07,True,CONVERGED,float64,cuda:0
forward,0,293,8.604363767538887e-07,True,CONVERGED,float64,cuda:0
forward,1,299,9.907298712331504e-07,True,CONVERGED,float64,cuda:0
forward,2,301,9.509516350248165e-07,True,CONVERGED,float64,cuda:0
adjoint,0,296,9.53681234733961e-07,True,CONVERGED,float64,cuda:0
adjoint,1,299,8.858494597009482e-07,True,CONVERGED,float64,cuda:0
adjoint,2,295,9.851695192787649e-07,True,CONVERGED,float64,cuda:0
forward,0,294,9.822197623085053e-07,True,CONVERGED,float64,cuda:0
forward,1,300,9.996908823288774e-07,True,CONVERGED,float64,cuda:0
forward,2,303,9.146371754032852e-07,True,CONVERGED,float64,cuda:0
adjoint,0,297,9.297216276828723e-07,True,CONVERGED,float64,cuda:0
adjoint,1,299,9.678726938403833e-07,True,CONVERGED,float64,cuda:0
adjoint,2,298,9.166546513872037e-07,True,CONVERGED,float64,cuda:0
forward,0,293,8.490839576131743e-07,True,CONVERGED,float64,cuda:0
forward,1,298,9.98481456411284e-07,True,CONVERGED,float64,cuda:0
forward,2,301,9.200686690090458e-07,True,CONVERGED,float64,cuda:0
adjoint,0,295,9.996991903157025e-07,True,CONVERGED,float64,cuda:0
adjoint,1,298,9.784171910969523e-07,True,CONVERGED,float64,cuda:0
adjoint,2,292,8.958527856920064e-07,True,CONVERGED,float64,cuda:0
forward,0,294,9.627520982478154e-07,True,CONVERGED,float64,cuda:0
forward,1,301,9.908720253900578e-07,True,CONVERGED,float64,cuda:0
forward,2,303,9.387504463157784e-07,True,CONVERGED,float64,cuda:0
adjoint,0,295,9.932777611710306e-07,True,CONVERGED,float64,cuda:0
adjoint,1,299,9.233519902501761e-07,True,CONVERGED,float64,cuda:0
adjoint,2,294,9.65827673158174e-07,True,CONVERGED,float64,cuda:0
forward,0,293,8.55033070984479e-07,True,CONVERGED,float64,cuda:0
forward,1,294,9.785245506645113e-07,True,CONVERGED,float64,cuda:0
forward,2,298,9.731848359147003e-07,True,CONVERGED,float64,cuda:0
adjoint,0,293,9.462083097930882e-07,True,CONVERGED,float64,cuda:0
adjoint,1,298,9.221240464031452e-07,True,CONVERGED,float64,cuda:0
adjoint,2,288,9.984034154368865e-07,True,CONVERGED,float64,cuda:0
forward,0,294,9.547698959588126e-07,True,CONVERGED,float64,cuda:0
forward,1,300,9.792361141795731e-07,True,CONVERGED,float64,cuda:0
forward,2,303,9.281978090441071e-07,True,CONVERGED,float64,cuda:0
adjoint,0,294,9.529393809321884e-07,True,CONVERGED,float64,cuda:0
adjoint,1,299,8.528168541961962e-07,True,CONVERGED,float64,cuda:0
adjoint,2,288,9.632222709815168e-07,True,CONVERGED,float64,cuda:0
forward,0,294,9.249893147612535e-07,True,CONVERGED,float64,cuda:0
forward,1,298,9.845319681951276e-07,True,CONVERGED,float64,cuda:0
forward,2,299,9.934981985253543e-07,True,CONVERGED,float64,cuda:0
adjoint,0,291,9.551224537481181e-07,True,CONVERGED,float64,cuda:0
adjoint,1,298,9.367602365099542e-07,True,CONVERGED,float64,cuda:0
adjoint,2,286,9.511232018954919e-07,True,CONVERGED,float64,cuda:0
forward,0,289,9.164963679544961e-07,True,CONVERGED,float64,cuda:0
forward,1,295,9.495726251489093e-07,True,CONVERGED,float64,cuda:0
forward,2,301,8.737731166392441e-07,True,CONVERGED,float64,cuda:0
adjoint,0,289,9.77966967371073e-07,True,CONVERGED,float64,cuda:0
adjoint,1,295,9.993943706307855e-07,True,CONVERGED,float64,cuda:0
adjoint,2,285,9.804787332563115e-07,True,CONVERGED,float64,cuda:0
forward,0,289,9.272989238218824e-07,True,CONVERGED,float64,cuda:0
forward,1,293,9.911393982860012e-07,True,CONVERGED,float64,cuda:0
forward,2,296,9.842425971427935e-07,True,CONVERGED,float64,cuda:0
adjoint,0,289,9.299502166892536e-07,True,CONVERGED,float64,cuda:0
adjoint,1,294,9.470473550425035e-07,True,CONVERGED,float64,cuda:0
adjoint,2,286,8.956431523406428e-07,True,CONVERGED,float64,cuda:0
forward,0,293,9.806695109968052e-07,True,CONVERGED,float64,cuda:0
forward,1,296,9.096222749525487e-07,True,CONVERGED,float64,cuda:0
forward,2,295,9.686568290662292e-07,True,CONVERGED,float64,cuda:0
adjoint,0,295,9.781795608745338e-07,True,CONVERGED,float64,cuda:0
adjoint,1,299,9.442792006517758e-07,True,CONVERGED,float64,cuda:0
adjoint,2,288,9.783282730990747e-07,True,CONVERGED,float64,cuda:0
forward,0,294,9.182121531218941e-07,True,CONVERGED,float64,cuda:0
forward,1,296,9.241026202968352e-07,True,CONVERGED,float64,cuda:0
forward,2,295,9.465954193700193e-07,True,CONVERGED,float64,cuda:0
adjoint,0,296,9.879156867129293e-07,True,CONVERGED,float64,cuda:0
adjoint,1,299,9.15197890854972e-07,True,CONVERGED,float64,cuda:0
adjoint,2,289,9.425114240839275e-07,True,CONVERGED,float64,cuda:0
forward,0,291,9.190913405943567e-07,True,CONVERGED,float64,cuda:0
forward,1,294,9.966606067627065e-07,True,CONVERGED,float64,cuda:0
forward,2,294,9.671073491624864e-07,True,CONVERGED,float64,cuda:0
adjoint,0,295,8.870749822208135e-07,True,CONVERGED,float64,cuda:0
adjoint,1,293,9.865945439224795e-07,True,CONVERGED,float64,cuda:0
adjoint,2,293,9.39928593989252e-07,True,CONVERGED,float64,cuda:0
forward,0,291,8.812495717966652e-07,True,CONVERGED,float64,cuda:0
forward,1,295,9.593994286958538e-07,True,CONVERGED,float64,cuda:0
forward,2,294,9.982366338186747e-07,True,CONVERGED,float64,cuda:0
adjoint,0,295,8.979487330226438e-07,True,CONVERGED,float64,cuda:0
adjoint,1,293,9.629410117008712e-07,True,CONVERGED,float64,cuda:0
adjoint,2,294,9.947772362383735e-07,True,CONVERGED,float64,cuda:0
forward,0,293,9.658596267554933e-07,True,CONVERGED,float64,cuda:0
forward,1,295,9.728123633429032e-07,True,CONVERGED,float64,cuda:0
forward,2,294,9.065992808256046e-07,True,CONVERGED,float64,cuda:0
adjoint,0,296,9.644099849345006e-07,True,CONVERGED,float64,cuda:0
adjoint,1,297,8.746362491318125e-07,True,CONVERGED,float64,cuda:0
adjoint,2,289,9.791253092392179e-07,True,CONVERGED,float64,cuda:0
forward,0,292,9.313535922657763e-07,True,CONVERGED,float64,cuda:0
forward,1,293,9.984440173567406e-07,True,CONVERGED,float64,cuda:0
forward,2,293,9.386868881659518e-07,True,CONVERGED,float64,cuda:0
adjoint,0,295,9.840007818808666e-07,True,CONVERGED,float64,cuda:0
adjoint,1,296,9.800141507343198e-07,True,CONVERGED,float64,cuda:0
adjoint,2,291,9.404267311091867e-07,True,CONVERGED,float64,cuda:0
forward,0,289,9.301963295484504e-07,True,CONVERGED,float64,cuda:0
forward,1,288,9.013587296182874e-07,True,CONVERGED,float64,cuda:0
forward,2,292,9.566838524106631e-07,True,CONVERGED,float64,cuda:0
adjoint,0,290,9.596304205435132e-07,True,CONVERGED,float64,cuda:0
adjoint,1,295,9.706168925318585e-07,True,CONVERGED,float64,cuda:0
adjoint,2,286,8.928707681160419e-07,True,CONVERGED,float64,cuda:0
forward,0,289,9.248000251079081e-07,True,CONVERGED,float64,cuda:0
forward,1,288,8.102763103797881e-07,True,CONVERGED,float64,cuda:0
forward,2,289,9.891884835371447e-07,True,CONVERGED,float64,cuda:0
adjoint,0,291,8.411799372120053e-07,True,CONVERGED,float64,cuda:0
adjoint,1,296,9.602740390788167e-07,True,CONVERGED,float64,cuda:0
adjoint,2,285,9.515926487264011e-07,True,CONVERGED,float64,cuda:0
forward,0,291,9.416673904079365e-07,True,CONVERGED,float64,cuda:0
forward,1,287,9.230272229710319e-07,True,CONVERGED,float64,cuda:0
forward,2,287,9.933368045423884e-07,True,CONVERGED,float64,cuda:0
adjoint,0,293,9.615482146899653e-07,True,CONVERGED,float64,cuda:0
adjoint,1,298,9.842979748575973e-07,True,CONVERGED,float64,cuda:0
adjoint,2,283,9.02179943920259e-07,True,CONVERGED,float64,cuda:0
forward,0,292,9.589752065506376e-07,True,CONVERGED,float64,cuda:0
forward,1,288,8.864898988944967e-07,True,CONVERGED,float64,cuda:0
forward,2,288,9.717021075172846e-07,True,CONVERGED,float64,cuda:0
adjoint,0,295,9.693991264469907e-07,True,CONVERGED,float64,cuda:0
adjoint,1,299,9.541697446589381e-07,True,CONVERGED,float64,cuda:0
adjoint,2,286,9.345091838562159e-07,True,CONVERGED,float64,cuda:0
forward,0,289,9.613488239131553e-07,True,CONVERGED,float64,cuda:0
forward,1,286,9.572781850630261e-07,True,CONVERGED,float64,cuda:0
forward,2,289,9.406419424007325e-07,True,CONVERGED,float64,cuda:0
adjoint,0,292,9.88381039376552e-07,True,CONVERGED,float64,cuda:0
adjoint,1,297,8.887544430241908e-07,True,CONVERGED,float64,cuda:0
adjoint,2,286,9.023338291888837e-07,True,CONVERGED,float64,cuda:0
forward,0,290,9.192439486226307e-07,True,CONVERGED,float64,cuda:0
forward,1,287,9.12118070756815e-07,True,CONVERGED,float64,cuda:0
forward,2,299,9.919469366351908e-07,True,CONVERGED,float64,cuda:0
adjoint,0,291,9.213792568741561e-07,True,CONVERGED,float64,cuda:0
adjoint,1,297,9.018630595833073e-07,True,CONVERGED,float64,cuda:0
adjoint,2,296,9.663169766853176e-07,True,CONVERGED,float64,cuda:0
forward,0,290,9.360114630890602e-07,True,CONVERGED,float64,cuda:0
forward,1,288,9.068585857935859e-07,True,CONVERGED,float64,cuda:0
forward,2,299,9.399898833828709e-07,True,CONVERGED,float64,cuda:0
adjoint,0,290,9.982874393725377e-07,True,CONVERGED,float64,cuda:0
adjoint,1,296,9.055043518748988e-07,True,CONVERGED,float64,cuda:0
adjoint,2,291,9.60530493098242e-07,True,CONVERGED,float64,cuda:0
forward,0,290,9.184974571939682e-07,True,CONVERGED,float64,cuda:0
forward,1,286,9.870239161715944e-07,True,CONVERGED,float64,cuda:0
forward,2,290,9.634802581103895e-07,True,CONVERGED,float64,cuda:0
adjoint,0,294,9.894596783060562e-07,True,CONVERGED,float64,cuda:0
adjoint,1,296,9.316278837218884e-07,True,CONVERGED,float64,cuda:0
adjoint,2,287,9.403051124524089e-07,True,CONVERGED,float64,cuda:0
forward,0,290,9.488342075665727e-07,True,CONVERGED,float64,cuda:0
forward,1,286,9.473234295348637e-07,True,CONVERGED,float64,cuda:0
forward,2,288,9.332403656150533e-07,True,CONVERGED,float64,cuda:0
adjoint,0,294,9.848094740299766e-07,True,CONVERGED,float64,cuda:0
adjoint,1,296,9.228180377980321e-07,True,CONVERGED,float64,cuda:0
adjoint,2,285,9.705749968441717e-07,True,CONVERGED,float64,cuda:0
forward,0,292,9.090064770151732e-07,True,CONVERGED,float64,cuda:0
forward,1,288,9.181157597280384e-07,True,CONVERGED,float64,cuda:0
forward,2,298,9.884845396023737e-07,True,CONVERGED,float64,cuda:0
adjoint,0,293,9.55547134642648e-07,True,CONVERGED,float64,cuda:0
adjoint,1,296,8.546229074390119e-07,True,CONVERGED,float64,cuda:0
adjoint,2,295,9.025544362351648e-07,True,CONVERGED,float64,cuda:0
forward,0,291,9.287324529112249e-07,True,CONVERGED,float64,cuda:0
forward,1,286,9.653036395942062e-07,True,CONVERGED,float64,cuda:0
forward,2,296,9.575568358291239e-07,True,CONVERGED,float64,cuda:0
adjoint,0,293,9.202866953449046e-07,True,CONVERGED,float64,cuda:0
adjoint,1,295,9.644609424257228e-07,True,CONVERGED,float64,cuda:0
adjoint,2,293,9.908733196502407e-07,True,CONVERGED,float64,cuda:0
forward,0,290,9.195630890128356e-07,True,CONVERGED,float64,cuda:0
forward,1,278,9.597138647497084e-07,True,CONVERGED,float64,cuda:0
forward,2,290,9.632821969860547e-07,True,CONVERGED,float64,cuda:0
adjoint,0,293,9.391375681280978e-07,True,CONVERGED,float64,cuda:0
adjoint,1,296,8.88475592830346e-07,True,CONVERGED,float64,cuda:0
adjoint,2,294,9.109548688362007e-07,True,CONVERGED,float64,cuda:0
forward,0,290,9.627948676764492e-07,True,CONVERGED,float64,cuda:0
forward,1,277,9.110771553573033e-07,True,CONVERGED,float64,cuda:0
forward,2,292,9.130942571707911e-07,True,CONVERGED,float64,cuda:0
adjoint,0,293,9.68038032595852e-07,True,CONVERGED,float64,cuda:0
adjoint,1,295,9.391136659140406e-07,True,CONVERGED,float64,cuda:0
adjoint,2,294,9.063697720879084e-07,True,CONVERGED,float64,cuda:0
forward,0,290,9.662000948862174e-07,True,CONVERGED,float64,cuda:0
forward,1,286,8.931165373762161e-07,True,CONVERGED,float64,cuda:0
forward,2,291,9.625465997701986e-07,True,CONVERGED,float64,cuda:0
adjoint,0,291,9.779086238104354e-07,True,CONVERGED,float64,cuda:0
adjoint,1,290,9.79447796577712e-07,True,CONVERGED,float64,cuda:0
adjoint,2,292,9.922943624128827e-07,True,CONVERGED,float64,cuda:0
forward,0,291,9.461245964381381e-07,True,CONVERGED,float64,cuda:0
forward,1,286,9.276126355889874e-07,True,CONVERGED,float64,cuda:0
forward,2,297,9.299663187396628e-07,True,CONVERGED,float64,cuda:0
adjoint,0,292,9.335824400705043e-07,True,CONVERGED,float64,cuda:0
adjoint,1,289,9.637780020889575e-07,True,CONVERGED,float64,cuda:0
adjoint,2,291,9.753449629547553e-07,True,CONVERGED,float64,cuda:0
forward,0,293,9.58281578920643e-07,True,CONVERGED,float64,cuda:0
forward,1,281,9.203052527485655e-07,True,CONVERGED,float64,cuda:0
forward,2,296,9.648123166896568e-07,True,CONVERGED,float64,cuda:0
adjoint,0,294,9.670060218700326e-07,True,CONVERGED,float64,cuda:0
adjoint,1,291,8.648446874945278e-07,True,CONVERGED,float64,cuda:0
adjoint,2,294,9.075951992904402e-07,True,CONVERGED,float64,cuda:0
forward,0,293,9.976381047130744e-07,True,CONVERGED,float64,cuda:0
forward,1,289,9.936388765451092e-07,True,CONVERGED,float64,cuda:0
forward,2,295,9.834505354510866e-07,True,CONVERGED,float64,cuda:0
adjoint,0,295,9.319335196407088e-07,True,CONVERGED,float64,cuda:0
adjoint,1,290,8.817603761331007e-07,True,CONVERGED,float64,cuda:0
adjoint,2,294,9.825662043480487e-07,True,CONVERGED,float64,cuda:0
forward,0,292,9.593204555163355e-07,True,CONVERGED,float64,cuda:0
forward,1,290,9.059422368681796e-07,True,CONVERGED,float64,cuda:0
forward,2,297,9.800940427865837e-07,True,CONVERGED,float64,cuda:0
adjoint,0,292,9.965003586809945e-07,True,CONVERGED,float64,cuda:0
adjoint,1,291,8.926614131654749e-07,True,CONVERGED,float64,cuda:0
adjoint,2,293,8.863361925218199e-07,True,CONVERGED,float64,cuda:0
forward,0,292,9.32535731925521e-07,True,CONVERGED,float64,cuda:0
forward,1,294,9.450494658550022e-07,True,CONVERGED,float64,cuda:0
forward,2,300,9.229365037613411e-07,True,CONVERGED,float64,cuda:0
adjoint,0,291,9.467891415256103e-07,True,CONVERGED,float64,cuda:0
adjoint,1,293,8.915498298193685e-07,True,CONVERGED,float64,cuda:0
adjoint,2,292,9.656345693710187e-07,True,CONVERGED,float64,cuda:0
forward,0,292,9.861508049573353e-07,True,CONVERGED,float64,cuda:0
forward,1,295,9.461376714327654e-07,True,CONVERGED,float64,cuda:0
forward,2,296,9.771759648870612e-07,True,CONVERGED,float64,cuda:0
adjoint,0,293,8.381940255530638e-07,True,CONVERGED,float64,cuda:0
adjoint,1,293,9.847630061440483e-07,True,CONVERGED,float64,cuda:0
adjoint,2,293,9.145841091695959e-07,True,CONVERGED,float64,cuda:0
forward,0,295,9.515375194565271e-07,True,CONVERGED,float64,cuda:0
forward,1,294,8.782457093433497e-07,True,CONVERGED,float64,cuda:0
forward,2,294,8.955970322769012e-07,True,CONVERGED,float64,cuda:0
adjoint,0,294,9.343219407706525e-07,True,CONVERGED,float64,cuda:0
adjoint,1,294,9.780632532693963e-07,True,CONVERGED,float64,cuda:0
adjoint,2,294,9.513475767106835e-07,True,CONVERGED,float64,cuda:0
forward,0,294,9.669404459354396e-07,True,CONVERGED,float64,cuda:0
forward,1,294,9.699738219971865e-07,True,CONVERGED,float64,cuda:0
forward,2,296,9.16793763678612e-07,True,CONVERGED,float64,cuda:0
adjoint,0,292,9.198143395039803e-07,True,CONVERGED,float64,cuda:0
adjoint,1,293,9.575289446182708e-07,True,CONVERGED,float64,cuda:0
adjoint,2,292,8.634454167840386e-07,True,CONVERGED,float64,cuda:0
forward,0,295,9.178994777622037e-07,True,CONVERGED,float64,cuda:0
forward,1,294,9.250275062685798e-07,True,CONVERGED,float64,cuda:0
forward,2,296,9.409837762035728e-07,True,CONVERGED,float64,cuda:0
adjoint,0,293,9.108300415814681e-07,True,CONVERGED,float64,cuda:0
adjoint,1,292,9.27128916336424e-07,True,CONVERGED,float64,cuda:0
adjoint,2,291,9.741739569016514e-07,True,CONVERGED,float64,cuda:0
forward,0,296,9.525456266916669e-07,True,CONVERGED,float64,cuda:0
forward,1,297,9.162784559221492e-07,True,CONVERGED,float64,cuda:0
forward,2,299,9.965314169162855e-07,True,CONVERGED,float64,cuda:0
adjoint,0,295,9.597580275739893e-07,True,CONVERGED,float64,cuda:0
adjoint,1,294,9.12234796533091e-07,True,CONVERGED,float64,cuda:0
adjoint,2,294,9.902392917545996e-07,True,CONVERGED,float64,cuda:0
forward,0,296,9.433914738619766e-07,True,CONVERGED,float64,cuda:0
forward,1,296,9.881543834249413e-07,True,CONVERGED,float64,cuda:0
forward,2,299,9.648372266185109e-07,True,CONVERGED,float64,cuda:0
adjoint,0,295,9.067815351617261e-07,True,CONVERGED,float64,cuda:0
adjoint,1,293,9.057744227782302e-07,True,CONVERGED,float64,cuda:0
adjoint,2,293,9.520856301961574e-07,True,CONVERGED,float64,cuda:0
forward,0,300,8.804603789576686e-07,True,CONVERGED,float64,cuda:0
forward,1,304,9.520060935033247e-07,True,CONVERGED,float64,cuda:0
forward,2,305,9.713556315137956e-07,True,CONVERGED,float64,cuda:0
adjoint,0,297,9.255051447988158e-07,True,CONVERGED,float64,cuda:0
adjoint,1,293,9.99206942449578e-07,True,CONVERGED,float64,cuda:0
adjoint,2,294,9.86259566926275e-07,True,CONVERGED,float64,cuda:0
forward,0,300,9.88791078897792e-07,True,CONVERGED,float64,cuda:0
forward,1,306,9.334964832924423e-07,True,CONVERGED,float64,cuda:0
forward,2,306,9.572614727966933e-07,True,CONVERGED,float64,cuda:0
adjoint,0,303,9.749600347509312e-07,True,CONVERGED,float64,cuda:0
adjoint,1,296,9.103501796187561e-07,True,CONVERGED,float64,cuda:0
adjoint,2,298,9.65531932292873e-07,True,CONVERGED,float64,cuda:0
forward,0,294,9.498977029523959e-07,True,CONVERGED,float64,cuda:0
forward,1,295,9.515992061096879e-07,True,CONVERGED,float64,cuda:0
forward,2,298,9.353438968267607e-07,True,CONVERGED,float64,cuda:0
adjoint,0,295,9.30416269504529e-07,True,CONVERGED,float64,cuda:0
adjoint,1,292,9.131713610604321e-07,True,CONVERGED,float64,cuda:0
adjoint,2,292,9.599989932248684e-07,True,CONVERGED,float64,cuda:0
forward,0,294,9.690547511663643e-07,True,CONVERGED,float64,cuda:0
forward,1,295,9.396647309758213e-07,True,CONVERGED,float64,cuda:0
forward,2,297,9.612299439663863e-07,True,CONVERGED,float64,cuda:0
adjoint,0,295,9.986305837094224e-07,True,CONVERGED,float64,cuda:0
adjoint,1,292,8.787105810481901e-07,True,CONVERGED,float64,cuda:0
adjoint,2,292,9.03556975068416e-07,True,CONVERGED,float64,cuda:0
forward,0,301,8.829239085520744e-07,True,CONVERGED,float64,cuda:0
forward,1,307,9.94884159915801e-07,True,CONVERGED,float64,cuda:0
forward,2,307,9.821301552092287e-07,True,CONVERGED,float64,cuda:0
adjoint,0,305,8.364693342702867e-07,True,CONVERGED,float64,cuda:0
adjoint,1,298,9.708381440307017e-07,True,CONVERGED,float64,cuda:0
adjoint,2,303,9.898734992068894e-07,True,CONVERGED,float64,cuda:0
forward,0,301,8.372774413736689e-07,True,CONVERGED,float64,cuda:0
forward,1,306,9.279262143486414e-07,True,CONVERGED,float64,cuda:0
forward,2,306,9.486965880909588e-07,True,CONVERGED,float64,cuda:0
adjoint,0,303,9.81148698070316e-07,True,CONVERGED,float64,cuda:0
adjoint,1,295,9.936952517144206e-07,True,CONVERGED,float64,cuda:0
adjoint,2,297,9.722750479563434e-07,True,CONVERGED,float64,cuda:0
forward,0,295,9.90748992428216e-07,True,CONVERGED,float64,cuda:0
forward,1,298,9.824719099506814e-07,True,CONVERGED,float64,cuda:0
forward,2,300,9.991212231343508e-07,True,CONVERGED,float64,cuda:0
adjoint,0,294,9.073330359866532e-07,True,CONVERGED,float64,cuda:0
adjoint,1,292,9.956204221758225e-07,True,CONVERGED,float64,cuda:0
adjoint,2,293,8.82026484820815e-07,True,CONVERGED,float64,cuda:0
forward,0,296,9.267990144869948e-07,True,CONVERGED,float64,cuda:0
forward,1,299,9.67754092248978e-07,True,CONVERGED,float64,cuda:0
forward,2,301,9.78559374543791e-07,True,CONVERGED,float64,cuda:0
adjoint,0,295,8.970508532559645e-07,True,CONVERGED,float64,cuda:0
adjoint,1,293,8.598064208231101e-07,True,CONVERGED,float64,cuda:0
adjoint,2,293,9.233937686486158e-07,True,CONVERGED,float64,cuda:0
forward,0,294,9.704048599108971e-07,True,CONVERGED,float64,cuda:0
forward,1,297,9.996382067674023e-07,True,CONVERGED,float64,cuda:0
forward,2,299,9.400231748460875e-07,True,CONVERGED,float64,cuda:0
adjoint,0,297,8.993511613433778e-07,True,CONVERGED,float64,cuda:0
adjoint,1,292,9.116595023597869e-07,True,CONVERGED,float64,cuda:0
adjoint,2,292,8.988599202772529e-07,True,CONVERGED,float64,cuda:0
forward,0,293,9.756372289144212e-07,True,CONVERGED,float64,cuda:0
forward,1,298,9.486392965017653e-07,True,CONVERGED,float64,cuda:0
forward,2,298,9.812846366893285e-07,True,CONVERGED,float64,cuda:0
adjoint,0,298,9.79039011526645e-07,True,CONVERGED,float64,cuda:0
adjoint,1,292,9.318362066342095e-07,True,CONVERGED,float64,cuda:0
adjoint,2,292,8.783936838422475e-07,True,CONVERGED,float64,cuda:0
forward,0,295,9.933043500295993e-07,True,CONVERGED,float64,cuda:0
forward,1,300,9.471773579948102e-07,True,CONVERGED,float64,cuda:0
forward,2,305,9.576841986874606e-07,True,CONVERGED,float64,cuda:0
adjoint,0,301,9.595352552844597e-07,True,CONVERGED,float64,cuda:0
adjoint,1,294,8.780223352683582e-07,True,CONVERGED,float64,cuda:0
adjoint,2,295,9.404929545859704e-07,True,CONVERGED,float64,cuda:0
forward,0,295,9.695384836006215e-07,True,CONVERGED,float64,cuda:0
forward,1,300,8.947022024520527e-07,True,CONVERGED,float64,cuda:0
forward,2,304,9.576992590011752e-07,True,CONVERGED,float64,cuda:0
adjoint,0,302,9.760926559664443e-07,True,CONVERGED,float64,cuda:0
adjoint,1,294,9.87096096168532e-07,True,CONVERGED,float64,cuda:0
adjoint,2,296,9.766880132311618e-07,True,CONVERGED,float64,cuda:0
forward,0,292,9.340184285289131e-07,True,CONVERGED,float64,cuda:0
forward,1,297,9.13926154340644e-07,True,CONVERGED,float64,cuda:0
forward,2,297,9.123727719753213e-07,True,CONVERGED,float64,cuda:0
adjoint,0,300,9.684918411638215e-07,True,CONVERGED,float64,cuda:0
adjoint,1,294,8.902293473614117e-07,True,CONVERGED,float64,cuda:0
adjoint,2,293,9.791908520739226e-07,True,CONVERGED,float64,cuda:0
forward,0,301,9.637133368529229e-07,True,CONVERGED,float64,cuda:0
forward,1,301,9.68381387617049e-07,True,CONVERGED,float64,cuda:0
forward,2,315,9.312778360444204e-07,True,CONVERGED,float64,cuda:0
adjoint,0,314,8.844210846686449e-07,True,CONVERGED,float64,cuda:0
adjoint,1,307,8.678965481195361e-07,True,CONVERGED,float64,cuda:0
adjoint,2,307,9.296967331983306e-07,True,CONVERGED,float64,cuda:0
forward,0,303,9.448037225488004e-07,True,CONVERGED,float64,cuda:0
forward,1,307,9.800629073188916e-07,True,CONVERGED,float64,cuda:0
forward,2,318,9.71872924658496e-07,True,CONVERGED,float64,cuda:0
adjoint,0,315,9.04490801527156e-07,True,CONVERGED,float64,cuda:0
adjoint,1,305,9.637249049143387e-07,True,CONVERGED,float64,cuda:0
adjoint,2,308,9.93476178881532e-07,True,CONVERGED,float64,cuda:0
forward,0,300,9.666192598030568e-07,True,CONVERGED,float64,cuda:0
forward,1,316,9.483122038915793e-07,True,CONVERGED,float64,cuda:0
forward,2,317,9.300231172299442e-07,True,CONVERGED,float64,cuda:0
adjoint,0,315,9.529590543350337e-07,True,CONVERGED,float64,cuda:0
adjoint,1,308,8.838803789078553e-07,True,CONVERGED,float64,cuda:0
adjoint,2,308,9.517043799946229e-07,True,CONVERGED,float64,cuda:0
forward,0,293,9.268221789546874e-07,True,CONVERGED,float64,cuda:0
forward,1,298,9.070577555282421e-07,True,CONVERGED,float64,cuda:0
forward,2,298,9.046146579353848e-07,True,CONVERGED,float64,cuda:0
adjoint,0,300,9.724075018863575e-07,True,CONVERGED,float64,cuda:0
adjoint,1,297,9.306540219615708e-07,True,CONVERGED,float64,cuda:0
adjoint,2,297,9.325266277118749e-07,True,CONVERGED,float64,cuda:0
forward,0,299,8.841575952394609e-07,True,CONVERGED,float64,cuda:0
forward,1,303,9.376580113891879e-07,True,CONVERGED,float64,cuda:0
forward,2,302,9.438997706188614e-07,True,CONVERGED,float64,cuda:0
adjoint,0,304,9.422542090124026e-07,True,CONVERGED,float64,cuda:0
adjoint,1,299,9.332237418922396e-07,True,CONVERGED,float64,cuda:0
adjoint,2,307,9.308906550233623e-07,True,CONVERGED,float64,cuda:0
forward,0,301,9.667283137046815e-07,True,CONVERGED,float64,cuda:0
forward,1,305,8.997237913093187e-07,True,CONVERGED,float64,cuda:0
forward,2,303,9.8390780402317e-07,True,CONVERGED,float64,cuda:0
adjoint,0,305,9.997378653809731e-07,True,CONVERGED,float64,cuda:0
adjoint,1,299,9.316794033552049e-07,True,CONVERGED,float64,cuda:0
adjoint,2,308,9.614615982865314e-07,True,CONVERGED,float64,cuda:0
forward,0,299,9.265232037599755e-07,True,CONVERGED,float64,cuda:0
forward,1,305,9.629685490640777e-07,True,CONVERGED,float64,cuda:0
forward,2,307,9.387781928325954e-07,True,CONVERGED,float64,cuda:0
adjoint,0,303,9.284802890775581e-07,True,CONVERGED,float64,cuda:0
adjoint,1,299,9.071166583826599e-07,True,CONVERGED,float64,cuda:0
adjoint,2,308,9.752286665846454e-07,True,CONVERGED,float64,cuda:0
forward,0,297,9.12239104861544e-07,True,CONVERGED,float64,cuda:0
forward,1,304,9.82684668677748e-07,True,CONVERGED,float64,cuda:0
forward,2,312,8.989659665006982e-07,True,CONVERGED,float64,cuda:0
adjoint,0,301,8.322786528858438e-07,True,CONVERGED,float64,cuda:0
adjoint,1,303,9.86028979356287e-07,True,CONVERGED,float64,cuda:0
adjoint,2,306,9.012020143367908e-07,True,CONVERGED,float64,cuda:0
forward,0,295,9.672615983702195e-07,True,CONVERGED,float64,cuda:0
forward,1,303,9.779254621794793e-07,True,CONVERGED,float64,cuda:0
forward,2,310,9.769237561093525e-07,True,CONVERGED,float64,cuda:0
adjoint,0,297,9.339871441037532e-07,True,CONVERGED,float64,cuda:0
adjoint,1,306,9.960499039031395e-07,True,CONVERGED,float64,cuda:0
adjoint,2,298,9.294685856300602e-07,True,CONVERGED,float64,cuda:0
forward,0,306,9.378820266367114e-07,True,CONVERGED,float64,cuda:0
forward,1,310,9.135896967625594e-07,True,CONVERGED,float64,cuda:0
forward,2,313,9.229126494825151e-07,True,CONVERGED,float64,cuda:0
adjoint,0,303,9.866884412896509e-07,True,CONVERGED,float64,cuda:0
adjoint,1,302,9.285617229459386e-07,True,CONVERGED,float64,cuda:0
adjoint,2,302,9.383844157486392e-07,True,CONVERGED,float64,cuda:0
forward,0,296,9.1511442510648e-07,True,CONVERGED,float64,cuda:0
forward,1,307,9.820950871293355e-07,True,CONVERGED,float64,cuda:0
forward,2,312,9.497211429296556e-07,True,CONVERGED,float64,cuda:0
adjoint,0,297,9.206479950765303e-07,True,CONVERGED,float64,cuda:0
adjoint,1,308,9.111780341722605e-07,True,CONVERGED,float64,cuda:0
adjoint,2,300,8.802507882455635e-07,True,CONVERGED,float64,cuda:0
forward,0,289,9.41154927921929e-07,True,CONVERGED,float64,cuda:0
forward,1,312,9.093704607537692e-07,True,CONVERGED,float64,cuda:0
forward,2,313,9.635890119900058e-07,True,CONVERGED,float64,cuda:0
adjoint,0,298,9.145702126780801e-07,True,CONVERGED,float64,cuda:0
adjoint,1,308,9.046279321874026e-07,True,CONVERGED,float64,cuda:0
adjoint,2,300,9.78223544686189e-07,True,CONVERGED,float64,cuda:0
forward,0,289,9.88242517536045e-07,True,CONVERGED,float64,cuda:0
forward,1,312,9.214592977595871e-07,True,CONVERGED,float64,cuda:0
forward,2,313,9.635241386912294e-07,True,CONVERGED,float64,cuda:0
adjoint,0,298,9.224430423799983e-07,True,CONVERGED,float64,cuda:0
adjoint,1,308,9.311098027568197e-07,True,CONVERGED,float64,cuda:0
adjoint,2,301,9.582140091280876e-07,True,CONVERGED,float64,cuda:0
forward,0,290,9.02357491837228e-07,True,CONVERGED,float64,cuda:0
forward,1,312,9.38762664331538e-07,True,CONVERGED,float64,cuda:0
forward,2,313,9.159087802434364e-07,True,CONVERGED,float64,cuda:0
adjoint,0,298,9.316053003895462e-07,True,CONVERGED,float64,cuda:0
adjoint,1,307,9.477027555076075e-07,True,CONVERGED,float64,cuda:0
adjoint,2,301,9.66297457114913e-07,True,CONVERGED,float64,cuda:0
forward,0,295,9.91129157506477e-07,True,CONVERGED,float64,cuda:0
forward,1,310,9.771746832137412e-07,True,CONVERGED,float64,cuda:0
forward,2,311,9.297812227565619e-07,True,CONVERGED,float64,cuda:0
adjoint,0,295,9.180381148296665e-07,True,CONVERGED,float64,cuda:0
adjoint,1,307,9.27458011520184e-07,True,CONVERGED,float64,cuda:0
adjoint,2,299,8.826928038756771e-07,True,CONVERGED,float64,cuda:0
forward,0,293,9.926620949322887e-07,True,CONVERGED,float64,cuda:0
forward,1,311,9.022485892833658e-07,True,CONVERGED,float64,cuda:0
forward,2,311,8.940125286280619e-07,True,CONVERGED,float64,cuda:0
adjoint,0,298,9.195515769036251e-07,True,CONVERGED,float64,cuda:0
adjoint,1,306,9.901600666954749e-07,True,CONVERGED,float64,cuda:0
adjoint,2,299,9.36239997470404e-07,True,CONVERGED,float64,cuda:0
forward,0,290,9.94062124767973e-07,True,CONVERGED,float64,cuda:0
forward,1,311,9.844287800947432e-07,True,CONVERGED,float64,cuda:0
forward,2,312,8.870338555640211e-07,True,CONVERGED,float64,cuda:0
adjoint,0,298,9.835485972654322e-07,True,CONVERGED,float64,cuda:0
adjoint,1,307,8.826569478074175e-07,True,CONVERGED,float64,cuda:0
adjoint,2,300,9.103700549068048e-07,True,CONVERGED,float64,cuda:0
forward,0,292,8.934257609056226e-07,True,CONVERGED,float64,cuda:0
forward,1,311,9.824706025068065e-07,True,CONVERGED,float64,cuda:0
forward,2,311,9.960382690616893e-07,True,CONVERGED,float64,cuda:0
adjoint,0,299,9.059814128650587e-07,True,CONVERGED,float64,cuda:0
adjoint,1,307,8.899711766974233e-07,True,CONVERGED,float64,cuda:0
adjoint,2,300,9.711172444788974e-07,True,CONVERGED,float64,cuda:0
forward,0,292,8.853640146538649e-07,True,CONVERGED,float64,cuda:0
forward,1,311,9.359212673960093e-07,True,CONVERGED,float64,cuda:0
forward,2,311,9.443196176642664e-07,True,CONVERGED,float64,cuda:0
adjoint,0,298,9.511260782636869e-07,True,CONVERGED,float64,cuda:0
adjoint,1,306,9.43327206616491e-07,True,CONVERGED,float64,cuda:0
adjoint,2,303,8.965863941752305e-07,True,CONVERGED,float64,cuda:0
forward,0,290,9.758556148511082e-07,True,CONVERGED,float64,cuda:0
forward,1,311,9.888116710843552e-07,True,CONVERGED,float64,cuda:0
forward,2,311,9.633171565415805e-07,True,CONVERGED,float64,cuda:0
adjoint,0,298,9.946571363669172e-07,True,CONVERGED,float64,cuda:0
adjoint,1,306,9.538234998067204e-07,True,CONVERGED,float64,cuda:0
adjoint,2,304,9.37637414419573e-07,True,CONVERGED,float64,cuda:0
forward,0,294,9.417051871349805e-07,True,CONVERGED,float64,cuda:0
forward,1,312,9.33468056457315e-07,True,CONVERGED,float64,cuda:0
forward,2,311,9.798931738223822e-07,True,CONVERGED,float64,cuda:0
adjoint,0,299,9.978418126760535e-07,True,CONVERGED,float64,cuda:0
adjoint,1,306,9.853110388944686e-07,True,CONVERGED,float64,cuda:0
adjoint,2,305,9.660927224281476e-07,True,CONVERGED,float64,cuda:0
forward,0,293,9.808039971693225e-07,True,CONVERGED,float64,cuda:0
forward,1,312,9.495608627116805e-07,True,CONVERGED,float64,cuda:0
forward,2,311,9.383618262984932e-07,True,CONVERGED,float64,cuda:0
adjoint,0,296,9.253018570853583e-07,True,CONVERGED,float64,cuda:0
adjoint,1,306,9.621132478308328e-07,True,CONVERGED,float64,cuda:0
adjoint,2,305,9.868987764129422e-07,True,CONVERGED,float64,cuda:0
forward,0,297,9.10695593972134e-07,True,CONVERGED,float64,cuda:0
forward,1,312,9.538992858451237e-07,True,CONVERGED,float64,cuda:0
forward,2,310,9.977744331836377e-07,True,CONVERGED,float64,cuda:0
adjoint,0,301,9.492667914805228e-07,True,CONVERGED,float64,cuda:0
adjoint,1,307,9.80590972880318e-07,True,CONVERGED,float64,cuda:0
adjoint,2,307,9.493372084971118e-07,True,CONVERGED,float64,cuda:0
forward,0,299,9.440679109772977e-07,True,CONVERGED,float64,cuda:0
forward,1,311,9.307992106388915e-07,True,CONVERGED,float64,cuda:0
forward,2,310,9.58719133718703e-07,True,CONVERGED,float64,cuda:0
adjoint,0,303,8.766680739881378e-07,True,CONVERGED,float64,cuda:0
adjoint,1,308,9.837593978205488e-07,True,CONVERGED,float64,cuda:0
adjoint,2,303,9.799593799347564e-07,True,CONVERGED,float64,cuda:0
forward,0,300,9.935847577544944e-07,True,CONVERGED,float64,cuda:0
forward,1,311,9.316558603583687e-07,True,CONVERGED,float64,cuda:0
forward,2,310,9.597595916929328e-07,True,CONVERGED,float64,cuda:0
adjoint,0,304,9.423027775446035e-07,True,CONVERGED,float64,cuda:0
adjoint,1,311,9.503706079917739e-07,True,CONVERGED,float64,cuda:0
adjoint,2,310,9.375817598045779e-07,True,CONVERGED,float64,cuda:0
forward,0,301,9.94154703552639e-07,True,CONVERGED,float64,cuda:0
forward,1,312,9.11688925260747e-07,True,CONVERGED,float64,cuda:0
forward,2,311,9.339118430113786e-07,True,CONVERGED,float64,cuda:0
adjoint,0,314,8.79247956016141e-07,True,CONVERGED,float64,cuda:0
adjoint,1,313,9.278312457417418e-07,True,CONVERGED,float64,cuda:0
adjoint,2,311,9.747346433652744e-07,True,CONVERGED,float64,cuda:0
forward,0,301,9.569657956599604e-07,True,CONVERGED,float64,cuda:0
forward,1,312,9.021522494979886e-07,True,CONVERGED,float64,cuda:0
forward,2,311,9.12431300022019e-07,True,CONVERGED,float64,cuda:0
adjoint,0,315,9.347167426053704e-07,True,CONVERGED,float64,cuda:0
adjoint,1,313,9.841655979419325e-07,True,CONVERGED,float64,cuda:0
adjoint,2,311,9.813896756674232e-07,True,CONVERGED,float64,cuda:0
forward,0,302,9.915969376024274e-07,True,CONVERGED,float64,cuda:0
forward,1,305,8.724700553170652e-07,True,CONVERGED,float64,cuda:0
forward,2,313,8.823053647724973e-07,True,CONVERGED,float64,cuda:0
adjoint,0,316,9.90249992663447e-07,True,CONVERGED,float64,cuda:0
adjoint,1,315,9.588980709434725e-07,True,CONVERGED,float64,cuda:0
adjoint,2,313,9.271796308783234e-07,True,CONVERGED,float64,cuda:0
forward,0,303,8.609580748023966e-07,True,CONVERGED,float64,cuda:0
forward,1,314,9.866812913244196e-07,True,CONVERGED,float64,cuda:0
forward,2,312,9.812473777176396e-07,True,CONVERGED,float64,cuda:0
adjoint,0,317,9.320489592172772e-07,True,CONVERGED,float64,cuda:0
adjoint,1,315,9.65260731230669e-07,True,CONVERGED,float64,cuda:0
adjoint,2,313,9.109567742589407e-07,True,CONVERGED,float64,cuda:0
forward,0,303,9.19372008042623e-07,True,CONVERGED,float64,cuda:0
forward,1,315,9.115690701001404e-07,True,CONVERGED,float64,cuda:0
forward,2,304,9.495528055899864e-07,True,CONVERGED,float64,cuda:0
adjoint,0,317,9.318808514032744e-07,True,CONVERGED,float64,cuda:0
adjoint,1,314,8.963820548175021e-07,True,CONVERGED,float64,cuda:0
adjoint,2,309,9.416341707131663e-07,True,CONVERGED,float64,cuda:0
forward,0,303,9.056329900910124e-07,True,CONVERGED,float64,cuda:0
forward,1,315,9.54659493701068e-07,True,CONVERGED,float64,cuda:0
forward,2,309,9.835910676066063e-07,True,CONVERGED,float64,cuda:0
adjoint,0,317,9.541263888682021e-07,True,CONVERGED,float64,cuda:0
adjoint,1,315,9.201351948949429e-07,True,CONVERGED,float64,cuda:0
adjoint,2,311,9.652318687360582e-07,True,CONVERGED,float64,cuda:0
forward,0,304,9.91406901774114e-07,True,CONVERGED,float64,cuda:0
forward,1,316,9.380961473289252e-07,True,CONVERGED,float64,cuda:0
forward,2,313,9.520061663396862e-07,True,CONVERGED,float64,cuda:0
adjoint,0,318,9.939711988612966e-07,True,CONVERGED,float64,cuda:0
adjoint,1,317,9.343733803549087e-07,True,CONVERGED,float64,cuda:0
adjoint,2,315,9.581671968664681e-07,True,CONVERGED,float64,cuda:0
forward,0,307,9.340945503747613e-07,True,CONVERGED,float64,cuda:0
forward,1,316,9.675342828971946e-07,True,CONVERGED,float64,cuda:0
forward,2,314,8.899214771772984e-07,True,CONVERGED,float64,cuda:0
adjoint,0,319,8.977145918255361e-07,True,CONVERGED,float64,cuda:0
adjoint,1,318,9.606098224064475e-07,True,CONVERGED,float64,cuda:0
adjoint,2,316,9.323814697642019e-07,True,CONVERGED,float64,cuda:0
forward,0,309,9.266867420514269e-07,True,CONVERGED,float64,cuda:0
forward,1,317,9.624750431987977e-07,True,CONVERGED,float64,cuda:0
forward,2,313,9.78462069745106e-07,True,CONVERGED,float64,cuda:0
adjoint,0,319,8.638093267508124e-07,True,CONVERGED,float64,cuda:0
adjoint,1,317,9.980580196662982e-07,True,CONVERGED,float64,cuda:0
adjoint,2,315,9.218733479403523e-07,True,CONVERGED,float64,cuda:0
forward,0,309,9.330635506424511e-07,True,CONVERGED,float64,cuda:0
forward,1,317,9.630582162382386e-07,True,CONVERGED,float64,cuda:0
forward,2,315,9.141769617283213e-07,True,CONVERGED,float64,cuda:0
adjoint,0,319,9.300033779618322e-07,True,CONVERGED,float64,cuda:0
adjoint,1,318,9.53247597750232e-07,True,CONVERGED,float64,cuda:0
adjoint,2,316,9.830654265960445e-07,True,CONVERGED,float64,cuda:0
forward,0,310,9.67974754793898e-07,True,CONVERGED,float64,cuda:0
forward,1,317,9.577540841712447e-07,True,CONVERGED,float64,cuda:0
forward,2,318,9.517492623118612e-07,True,CONVERGED,float64,cuda:0
adjoint,0,319,9.639907096731202e-07,True,CONVERGED,float64,cuda:0
adjoint,1,320,9.490234580813338e-07,True,CONVERGED,float64,cuda:0
adjoint,2,319,9.303598887601328e-07,True,CONVERGED,float64,cuda:0
forward,0,311,9.114417541034184e-07,True,CONVERGED,float64,cuda:0
forward,1,317,9.891634985747078e-07,True,CONVERGED,float64,cuda:0
forward,2,319,8.82796665499615e-07,True,CONVERGED,float64,cuda:0
adjoint,0,318,9.536682103902901e-07,True,CONVERGED,float64,cuda:0
adjoint,1,320,9.790731005328976e-07,True,CONVERGED,float64,cuda:0
adjoint,2,320,9.491216115990845e-07,True,CONVERGED,float64,cuda:0
forward,0,316,9.764561322317082e-07,True,CONVERGED,float64,cuda:0
forward,1,316,9.887259911375314e-07,True,CONVERGED,float64,cuda:0
forward,2,319,8.537212606856053e-07,True,CONVERGED,float64,cuda:0
adjoint,0,318,9.58556516853508e-07,True,CONVERGED,float64,cuda:0
adjoint,1,320,9.015742778314852e-07,True,CONVERGED,float64,cuda:0
adjoint,2,321,9.416427819269153e-07,True,CONVERGED,float64,cuda:0
forward,0,314,9.53319333080923e-07,True,CONVERGED,float64,cuda:0
forward,1,317,9.521359876550877e-07,True,CONVERGED,float64,cuda:0
forward,2,318,9.960912463399862e-07,True,CONVERGED,float64,cuda:0
adjoint,0,321,9.810313882337605e-07,True,CONVERGED,float64,cuda:0
adjoint,1,320,8.922891889178646e-07,True,CONVERGED,float64,cuda:0
adjoint,2,321,9.916693175328273e-07,True,CONVERGED,float64,cuda:0
forward,0,319,9.912811735290557e-07,True,CONVERGED,float64,cuda:0
forward,1,321,8.432458115859662e-07,True,CONVERGED,float64,cuda:0
forward,2,321,9.349128156352189e-07,True,CONVERGED,float64,cuda:0
adjoint,0,323,9.263310612487157e-07,True,CONVERGED,float64,cuda:0
adjoint,1,320,9.997112478184676e-07,True,CONVERGED,float64,cuda:0
adjoint,2,330,9.515613436762732e-07,True,CONVERGED,float64,cuda:0
forward,0,324,9.957997303713424e-07,True,CONVERGED,float64,cuda:0
forward,1,325,9.00632038469527e-07,True,CONVERGED,float64,cuda:0
forward,2,328,9.162988864318852e-07,True,CONVERGED,float64,cuda:0
adjoint,0,319,9.389791524573101e-07,True,CONVERGED,float64,cuda:0
adjoint,1,324,9.301277983597751e-07,True,CONVERGED,float64,cuda:0
adjoint,2,332,9.168641693577692e-07,True,CONVERGED,float64,cuda:0
forward,0,327,9.511864876056215e-07,True,CONVERGED,float64,cuda:0
forward,1,327,9.599155500903805e-07,True,CONVERGED,float64,cuda:0
forward,2,329,8.871526593646382e-07,True,CONVERGED,float64,cuda:0
adjoint,0,328,9.713126142141142e-07,True,CONVERGED,float64,cuda:0
adjoint,1,326,9.849818594099955e-07,True,CONVERGED,float64,cuda:0
adjoint,2,333,8.943118782242679e-07,True,CONVERGED,float64,cuda:0
forward,0,328,9.774874920353233e-07,True,CONVERGED,float64,cuda:0
forward,1,327,9.963522007881874e-07,True,CONVERGED,float64,cuda:0
forward,2,329,9.279465420324118e-07,True,CONVERGED,float64,cuda:0
adjoint,0,331,9.96591008155571e-07,True,CONVERGED,float64,cuda:0
adjoint,1,327,9.237138193069207e-07,True,CONVERGED,float64,cuda:0
adjoint,2,333,9.088068329366856e-07,True,CONVERGED,float64,cuda:0
forward,0,328,9.846535810013287e-07,True,CONVERGED,float64,cuda:0
forward,1,327,9.406465294034486e-07,True,CONVERGED,float64,cuda:0
forward,2,329,9.539189889066776e-07,True,CONVERGED,float64,cuda:0
adjoint,0,330,9.817825302464915e-07,True,CONVERGED,float64,cuda:0
adjoint,1,327,9.280464593319683e-07,True,CONVERGED,float64,cuda:0
adjoint,2,333,8.936890686934289e-07,True,CONVERGED,float64,cuda:0
forward,0,328,9.53841375890124e-07,True,CONVERGED,float64,cuda:0
forward,1,327,9.59890922052001e-07,True,CONVERGED,float64,cuda:0
forward,2,330,9.674666021578927e-07,True,CONVERGED,float64,cuda:0
adjoint,0,334,8.451655302088213e-07,True,CONVERGED,float64,cuda:0
adjoint,1,328,9.497951048821584e-07,True,CONVERGED,float64,cuda:0
adjoint,2,333,9.347693961193e-07,True,CONVERGED,float64,cuda:0
forward,0,327,9.93053026696099e-07,True,CONVERGED,float64,cuda:0
forward,1,329,9.472415999013695e-07,True,CONVERGED,float64,cuda:0
forward,2,332,9.533665030210859e-07,True,CONVERGED,float64,cuda:0
adjoint,0,335,9.268977740761858e-07,True,CONVERGED,float64,cuda:0
adjoint,1,329,9.648188536173186e-07,True,CONVERGED,float64,cuda:0
adjoint,2,335,9.272238986344788e-07,True,CONVERGED,float64,cuda:0
forward,0,319,8.68221846425522e-07,True,CONVERGED,float64,cuda:0
forward,1,330,9.116871214329362e-07,True,CONVERGED,float64,cuda:0
forward,2,334,9.89972400833657e-07,True,CONVERGED,float64,cuda:0
adjoint,0,337,8.664869268663287e-07,True,CONVERGED,float64,cuda:0
adjoint,1,331,8.9916884119051e-07,True,CONVERGED,float64,cuda:0
adjoint,2,335,9.363412415706624e-07,True,CONVERGED,float64,cuda:0
forward,0,319,9.851008439625954e-07,True,CONVERGED,float64,cuda:0
forward,1,332,9.371783801798947e-07,True,CONVERGED,float64,cuda:0
forward,2,337,9.5867358438566e-07,True,CONVERGED,float64,cuda:0
adjoint,0,338,8.606053924763847e-07,True,CONVERGED,float64,cuda:0
adjoint,1,332,8.953181773290709e-07,True,CONVERGED,float64,cuda:0
adjoint,2,332,9.667942824678665e-07,True,CONVERGED,float64,cuda:0
forward,0,323,9.873998212293252e-07,True,CONVERGED,float64,cuda:0
forward,1,332,9.842569252414041e-07,True,CONVERGED,float64,cuda:0
forward,2,336,9.720765436562643e-07,True,CONVERGED,float64,cuda:0
adjoint,0,338,9.648712387421153e-07,True,CONVERGED,float64,cuda:0
adjoint,1,335,9.761066421333395e-07,True,CONVERGED,float64,cuda:0
adjoint,2,331,9.36390067436969e-07,True,CONVERGED,float64,cuda:0
forward,0,329,9.533001342963761e-07,True,CONVERGED,float64,cuda:0
forward,1,332,9.76410545264918e-07,True,CONVERGED,float64,cuda:0
forward,2,335,9.635304426595397e-07,True,CONVERGED,float64,cuda:0
adjoint,0,339,9.380487030916485e-07,True,CONVERGED,float64,cuda:0
adjoint,1,339,9.818148519042784e-07,True,CONVERGED,float64,cuda:0
adjoint,2,331,8.955854330069044e-07,True,CONVERGED,float64,cuda:0
forward,0,331,9.724338111205266e-07,True,CONVERGED,float64,cuda:0
forward,1,333,8.760643843503676e-07,True,CONVERGED,float64,cuda:0
forward,2,334,9.769613168918393e-07,True,CONVERGED,float64,cuda:0
adjoint,0,339,9.756317858408024e-07,True,CONVERGED,float64,cuda:0
adjoint,1,341,9.119293802160834e-07,True,CONVERGED,float64,cuda:0
adjoint,2,331,9.702910849528156e-07,True,CONVERGED,float64,cuda:0
forward,0,333,9.482863099561465e-07,True,CONVERGED,float64,cuda:0
forward,1,334,8.709342379258969e-07,True,CONVERGED,float64,cuda:0
forward,2,333,9.523558646905613e-07,True,CONVERGED,float64,cuda:0
adjoint,0,340,9.601292922796794e-07,True,CONVERGED,float64,cuda:0
adjoint,1,341,9.211168822967551e-07,True,CONVERGED,float64,cuda:0
adjoint,2,337,9.25753516360944e-07,True,CONVERGED,float64,cuda:0
forward,0,334,9.906670025953424e-07,True,CONVERGED,float64,cuda:0
forward,1,335,9.9047948673623e-07,True,CONVERGED,float64,cuda:0
forward,2,332,9.045453877217636e-07,True,CONVERGED,float64,cuda:0
adjoint,0,329,9.318237141651915e-07,True,CONVERGED,float64,cuda:0
adjoint,1,341,8.556057748158698e-07,True,CONVERGED,float64,cuda:0
adjoint,2,338,9.629215324734547e-07,True,CONVERGED,float64,cuda:0
forward,0,336,9.60624008767174e-07,True,CONVERGED,float64,cuda:0
forward,1,338,9.944387626257426e-07,True,CONVERGED,float64,cuda:0
forward,2,331,9.944735391218914e-07,True,CONVERGED,float64,cuda:0
adjoint,0,328,9.139622861520462e-07,True,CONVERGED,float64,cuda:0
adjoint,1,341,8.521662619019327e-07,True,CONVERGED,float64,cuda:0
adjoint,2,338,9.015875082323506e-07,True,CONVERGED,float64,cuda:0
forward,0,338,8.94365686137979e-07,True,CONVERGED,float64,cuda:0
forward,1,342,8.975340888835426e-07,True,CONVERGED,float64,cuda:0
forward,2,334,9.933775496715771e-07,True,CONVERGED,float64,cuda:0
adjoint,0,333,9.951996950855227e-07,True,CONVERGED,float64,cuda:0
adjoint,1,342,9.584909529938255e-07,True,CONVERGED,float64,cuda:0
adjoint,2,338,8.952746735291414e-07,True,CONVERGED,float64,cuda:0
forward,0,341,9.65781601977372e-07,True,CONVERGED,float64,cuda:0
forward,1,339,9.960671846506147e-07,True,CONVERGED,float64,cuda:0
forward,2,342,9.722642547143468e-07,True,CONVERGED,float64,cuda:0
adjoint,0,341,9.64725520423267e-07,True,CONVERGED,float64,cuda:0
adjoint,1,343,8.523424302398196e-07,True,CONVERGED,float64,cuda:0
adjoint,2,324,9.576768460242872e-07,True,CONVERGED,float64,cuda:0
forward,0,343,9.289075768740095e-07,True,CONVERGED,float64,cuda:0
forward,1,335,9.34156163728378e-07,True,CONVERGED,float64,cuda:0
forward,2,343,9.303422868064372e-07,True,CONVERGED,float64,cuda:0
adjoint,0,344,9.285083632310967e-07,True,CONVERGED,float64,cuda:0
adjoint,1,343,9.04836158762236e-07,True,CONVERGED,float64,cuda:0
adjoint,2,342,9.785657070976771e-07,True,CONVERGED,float64,cuda:0
forward,0,344,8.975343379729055e-07,True,CONVERGED,float64,cuda:0
forward,1,335,8.716261500495304e-07,True,CONVERGED,float64,cuda:0
forward,2,341,9.705709231047409e-07,True,CONVERGED,float64,cuda:0
adjoint,0,345,9.557673421244422e-07,True,CONVERGED,float64,cuda:0
adjoint,1,341,9.238537470022402e-07,True,CONVERGED,float64,cuda:0
adjoint,2,344,9.502030014338975e-07,True,CONVERGED,float64,cuda:0
forward,0,338,9.790706058018273e-07,True,CONVERGED,float64,cuda:0
forward,1,329,9.74668624890421e-07,True,CONVERGED,float64,cuda:0
forward,2,330,9.819365628939274e-07,True,CONVERGED,float64,cuda:0
adjoint,0,339,9.94997424539841e-07,True,CONVERGED,float64,cuda:0
adjoint,1,334,9.349769513693129e-07,True,CONVERGED,float64,cuda:0
adjoint,2,334,9.327743718870985e-07,True,CONVERGED,float64,cuda:0
forward,0,321,9.319016983235879e-07,True,CONVERGED,float64,cuda:0
forward,1,326,8.795781006136788e-07,True,CONVERGED,float64,cuda:0
forward,2,328,9.843166885205117e-07,True,CONVERGED,float64,cuda:0
adjoint,0,338,9.284585081927445e-07,True,CONVERGED,float64,cuda:0
adjoint,1,332,9.14550993241331e-07,True,CONVERGED,float64,cuda:0
adjoint,2,331,9.906112196857704e-07,True,CONVERGED,float64,cuda:0
forward,0,339,9.9998643608978e-07,True,CONVERGED,float64,cuda:0
forward,1,320,9.299583647285036e-07,True,CONVERGED,float64,cuda:0
forward,2,338,9.855289555270805e-07,True,CONVERGED,float64,cuda:0
adjoint,0,340,9.741140431634519e-07,True,CONVERGED,float64,cuda:0
adjoint,1,339,8.662820856246138e-07,True,CONVERGED,float64,cuda:0
adjoint,2,337,9.747878764763085e-07,True,CONVERGED,float64,cuda:0
forward,0,336,9.728248405565084e-07,True,CONVERGED,float64,cuda:0
forward,1,332,9.18714340076641e-07,True,CONVERGED,float64,cuda:0
forward,2,329,9.786371676345017e-07,True,CONVERGED,float64,cuda:0
adjoint,0,339,8.83318581176638e-07,True,CONVERGED,float64,cuda:0
adjoint,1,337,8.732817652439122e-07,True,CONVERGED,float64,cuda:0
adjoint,2,325,9.898919281245363e-07,True,CONVERGED,float64,cuda:0
forward,0,325,9.609176582206492e-07,True,CONVERGED,float64,cuda:0
forward,1,325,9.636854335584206e-07,True,CONVERGED,float64,cuda:0
forward,2,319,9.932838970271675e-07,True,CONVERGED,float64,cuda:0
adjoint,0,337,9.366938436864455e-07,True,CONVERGED,float64,cuda:0
adjoint,1,330,9.276281712378619e-07,True,CONVERGED,float64,cuda:0
adjoint,2,338,9.447427474004045e-07,True,CONVERGED,float64,cuda:0
forward,0,332,9.630161919771403e-07,True,CONVERGED,float64,cuda:0
forward,1,328,8.977812075416744e-07,True,CONVERGED,float64,cuda:0
forward,2,326,9.950748111417273e-07,True,CONVERGED,float64,cuda:0
adjoint,0,341,9.80954028837388e-07,True,CONVERGED,float64,cuda:0
adjoint,1,337,9.952306648799369e-07,True,CONVERGED,float64,cuda:0
adjoint,2,341,9.359816024517425e-07,True,CONVERGED,float64,cuda:0
forward,0,328,9.62967379155211e-07,True,CONVERGED,float64,cuda:0
forward,1,343,9.901068199519106e-07,True,CONVERGED,float64,cuda:0
forward,2,331,8.894083097297288e-07,True,CONVERGED,float64,cuda:0
adjoint,0,346,9.019617369216578e-07,True,CONVERGED,float64,cuda:0
adjoint,1,338,9.47148338269249e-07,True,CONVERGED,float64,cuda:0
adjoint,2,345,9.541982954120288e-07,True,CONVERGED,float64,cuda:0
forward,0,324,9.840771657734706e-07,True,CONVERGED,float64,cuda:0
forward,1,338,9.954558372087314e-07,True,CONVERGED,float64,cuda:0
forward,2,339,9.780910018032484e-07,True,CONVERGED,float64,cuda:0
adjoint,0,346,9.672648306622014e-07,True,CONVERGED,float64,cuda:0
adjoint,1,342,9.459770257243788e-07,True,CONVERGED,float64,cuda:0
adjoint,2,346,9.169711814839687e-07,True,CONVERGED,float64,cuda:0
forward,0,321,9.808986310688244e-07,True,CONVERGED,float64,cuda:0
forward,1,330,8.716395522014113e-07,True,CONVERGED,float64,cuda:0
forward,2,329,9.768902871529256e-07,True,CONVERGED,float64,cuda:0
adjoint,0,343,9.66749808152811e-07,True,CONVERGED,float64,cuda:0
adjoint,1,332,9.224382504809457e-07,True,CONVERGED,float64,cuda:0
adjoint,2,341,9.063793133234828e-07,True,CONVERGED,float64,cuda:0
forward,0,318,9.234769300293098e-07,True,CONVERGED,float64,cuda:0
forward,1,330,9.481936308034171e-07,True,CONVERGED,float64,cuda:0
forward,2,333,9.59309137525545e-07,True,CONVERGED,float64,cuda:0
adjoint,0,343,9.20253721215289e-07,True,CONVERGED,float64,cuda:0
adjoint,1,334,9.523234273162944e-07,True,CONVERGED,float64,cuda:0
adjoint,2,342,9.632146649303069e-07,True,CONVERGED,float64,cuda:0
forward,0,321,9.535786569814908e-07,True,CONVERGED,float64,cuda:0
forward,1,332,9.594676929745362e-07,True,CONVERGED,float64,cuda:0
forward,2,336,9.360429798840097e-07,True,CONVERGED,float64,cuda:0
adjoint,0,343,9.149419039853622e-07,True,CONVERGED,float64,cuda:0
adjoint,1,338,9.798503107308836e-07,True,CONVERGED,float64,cuda:0
adjoint,2,329,8.8900512906183e-07,True,CONVERGED,float64,cuda:0
forward,0,316,9.648393765592539e-07,True,CONVERGED,float64,cuda:0
forward,1,326,8.677852519565899e-07,True,CONVERGED,float64,cuda:0
forward,2,328,9.818980537423093e-07,True,CONVERGED,float64,cuda:0
adjoint,0,327,9.623644004161804e-07,True,CONVERGED,float64,cuda:0
adjoint,1,330,9.60891578459516e-07,True,CONVERGED,float64,cuda:0
adjoint,2,331,9.272317934304287e-07,True,CONVERGED,float64,cuda:0
forward,0,322,8.690308462129043e-07,True,CONVERGED,float64,cuda:0
forward,1,323,9.91510568402438e-07,True,CONVERGED,float64,cuda:0
forward,2,322,9.234011396357295e-07,True,CONVERGED,float64,cuda:0
adjoint,0,313,9.518340757836228e-07,True,CONVERGED,float64,cuda:0
adjoint,1,326,9.618293034687319e-07,True,CONVERGED,float64,cuda:0
adjoint,2,327,8.828686373084806e-07,True,CONVERGED,float64,cuda:0
forward,0,319,9.77257183857045e-07,True,CONVERGED,float64,cuda:0
forward,1,332,8.431336369459097e-07,True,CONVERGED,float64,cuda:0
forward,2,334,9.082468322311033e-07,True,CONVERGED,float64,cuda:0
adjoint,0,310,9.253346105384416e-07,True,CONVERGED,float64,cuda:0
adjoint,1,326,9.537950291396645e-07,True,CONVERGED,float64,cuda:0
adjoint,2,323,9.880239307114843e-07,True,CONVERGED,float64,cuda:0
forward,0,325,9.989473950732232e-07,True,CONVERGED,float64,cuda:0
forward,1,337,9.528535518327348e-07,True,CONVERGED,float64,cuda:0
forward,2,337,9.133388708067948e-07,True,CONVERGED,float64,cuda:0
adjoint,0,327,9.58996560544758e-07,True,CONVERGED,float64,cuda:0
adjoint,1,322,9.897438919199639e-07,True,CONVERGED,float64,cuda:0
adjoint,2,319,9.900498634889828e-07,True,CONVERGED,float64,cuda:0
forward,0,332,9.287350491707006e-07,True,CONVERGED,float64,cuda:0
forward,1,341,9.417033229138581e-07,True,CONVERGED,float64,cuda:0
forward,2,342,9.156317098056548e-07,True,CONVERGED,float64,cuda:0
adjoint,0,326,8.899607192988911e-07,True,CONVERGED,float64,cuda:0
adjoint,1,337,9.984832991025616e-07,True,CONVERGED,float64,cuda:0
adjoint,2,342,8.634088147867789e-07,True,CONVERGED,float64,cuda:0
forward,0,336,9.215507860489079e-07,True,CONVERGED,float64,cuda:0
forward,1,342,9.843085658031652e-07,True,CONVERGED,float64,cuda:0
forward,2,343,9.858085528143574e-07,True,CONVERGED,float64,cuda:0
adjoint,0,339,9.566967576756797e-07,True,CONVERGED,float64,cuda:0
adjoint,1,347,9.199050936392848e-07,True,CONVERGED,float64,cuda:0
adjoint,2,347,9.087350150833861e-07,True,CONVERGED,float64,cuda:0
forward,0,333,9.48382875662036e-07,True,CONVERGED,float64,cuda:0
forward,1,341,9.452141175473052e-07,True,CONVERGED,float64,cuda:0
forward,2,342,8.56490508931474e-07,True,CONVERGED,float64,cuda:0
adjoint,0,334,9.971864262079178e-07,True,CONVERGED,float64,cuda:0
adjoint,1,343,8.911260695049527e-07,True,CONVERGED,float64,cuda:0
adjoint,2,340,9.939966901736187e-07,True,CONVERGED,float64,cuda:0
forward,0,334,9.397905560829169e-07,True,CONVERGED,float64,cuda:0
forward,1,342,9.29858064943131e-07,True,CONVERGED,float64,cuda:0
forward,2,344,9.134124847200751e-07,True,CONVERGED,float64,cuda:0
adjoint,0,320,8.993324196660624e-07,True,CONVERGED,float64,cuda:0
adjoint,1,344,9.175232365580495e-07,True,CONVERGED,float64,cuda:0
adjoint,2,342,9.756486617787708e-07,True,CONVERGED,float64,cuda:0
forward,0,356,9.5799816949169e-07,True,CONVERGED,float64,cuda:0
forward,1,346,9.647028543073165e-07,True,CONVERGED,float64,cuda:0
forward,2,351,8.882703936709012e-07,True,CONVERGED,float64,cuda:0
adjoint,0,341,9.60220155865439e-07,True,CONVERGED,float64,cuda:0
adjoint,1,347,9.560754141829576e-07,True,CONVERGED,float64,cuda:0
adjoint,2,349,9.234807018971412e-07,True,CONVERGED,float64,cuda:0
forward,0,333,9.330257252933971e-07,True,CONVERGED,float64,cuda:0
forward,1,337,9.337944222537851e-07,True,CONVERGED,float64,cuda:0
forward,2,339,8.568247863880387e-07,True,CONVERGED,float64,cuda:0
adjoint,0,326,9.330234523873036e-07,True,CONVERGED,float64,cuda:0
adjoint,1,332,8.959208158959033e-07,True,CONVERGED,float64,cuda:0
adjoint,2,336,9.749416964272252e-07,True,CONVERGED,float64,cuda:0
forward,0,331,9.163965870038818e-07,True,CONVERGED,float64,cuda:0
forward,1,336,8.895422881598241e-07,True,CONVERGED,float64,cuda:0
forward,2,335,9.381409590182035e-07,True,CONVERGED,float64,cuda:0
adjoint,0,329,9.82373910412308e-07,True,CONVERGED,float64,cuda:0
adjoint,1,324,9.748981351747961e-07,True,CONVERGED,float64,cuda:0
adjoint,2,323,9.756561955886318e-07,True,CONVERGED,float64,cuda:0
forward,0,331,9.740879479702762e-07,True,CONVERGED,float64,cuda:0
forward,1,335,9.659022172794042e-07,True,CONVERGED,float64,cuda:0
forward,2,335,9.157987104073673e-07,True,CONVERGED,float64,cuda:0
adjoint,0,331,9.907055524196404e-07,True,CONVERGED,float64,cuda:0
adjoint,1,326,9.55996204854478e-07,True,CONVERGED,float64,cuda:0
adjoint,2,322,9.801566748777126e-07,True,CONVERGED,float64,cuda:0
forward,0,323,9.767883994434028e-07,True,CONVERGED,float64,cuda:0
forward,1,336,8.830591030825116e-07,True,CONVERGED,float64,cuda:0
forward,2,337,8.811165746783078e-07,True,CONVERGED,float64,cuda:0
adjoint,0,331,9.726364505756786e-07,True,CONVERGED,float64,cuda:0
adjoint,1,326,9.620500019261148e-07,True,CONVERGED,float64,cuda:0
adjoint,2,327,9.520842284384069e-07,True,CONVERGED,float64,cuda:0
forward,0,333,8.852605749501375e-07,True,CONVERGED,float64,cuda:0
forward,1,336,9.896240394361075e-07,True,CONVERGED,float64,cuda:0
forward,2,338,9.29207811852203e-07,True,CONVERGED,float64,cuda:0
adjoint,0,332,9.566475505238621e-07,True,CONVERGED,float64,cuda:0
adjoint,1,332,9.210743295223107e-07,True,CONVERGED,float64,cuda:0
adjoint,2,336,9.000201174367253e-07,True,CONVERGED,float64,cuda:0
forward,0,333,9.514192700380611e-07,True,CONVERGED,float64,cuda:0
forward,1,338,9.211889398952088e-07,True,CONVERGED,float64,cuda:0
forward,2,341,8.505951707486488e-07,True,CONVERGED,float64,cuda:0
adjoint,0,332,9.832983466227853e-07,True,CONVERGED,float64,cuda:0
adjoint,1,341,9.21082347111851e-07,True,CONVERGED,float64,cuda:0
adjoint,2,340,9.106967913310361e-07,True,CONVERGED,float64,cuda:0
forward,0,341,9.61151139056011e-07,True,CONVERGED,float64,cuda:0
forward,1,344,9.989366154882722e-07,True,CONVERGED,float64,cuda:0
forward,2,348,9.547399695460042e-07,True,CONVERGED,float64,cuda:0
adjoint,0,339,9.461627649826843e-07,True,CONVERGED,float64,cuda:0
adjoint,1,348,9.792111984276481e-07,True,CONVERGED,float64,cuda:0
adjoint,2,343,9.893625835857103e-07,True,CONVERGED,float64,cuda:0
forward,0,337,9.853167312729927e-07,True,CONVERGED,float64,cuda:0
forward,1,345,8.921751391336265e-07,True,CONVERGED,float64,cuda:0
forward,2,347,9.33715999610657e-07,True,CONVERGED,float64,cuda:0
adjoint,0,336,9.78022254538126e-07,True,CONVERGED,float64,cuda:0
adjoint,1,344,9.689189330102437e-07,True,CONVERGED,float64,cuda:0
adjoint,2,344,9.529218230773371e-07,True,CONVERGED,float64,cuda:0
forward,0,336,9.566412210092206e-07,True,CONVERGED,float64,cuda:0
forward,1,344,8.877930644666435e-07,True,CONVERGED,float64,cuda:0
forward,2,346,8.710029465504627e-07,True,CONVERGED,float64,cuda:0
adjoint,0,336,9.384513401314552e-07,True,CONVERGED,float64,cuda:0
adjoint,1,344,9.797305335973598e-07,True,CONVERGED,float64,cuda:0
adjoint,2,345,9.547376245887184e-07,True,CONVERGED,float64,cuda:0
forward,0,337,8.282409295812585e-07,True,CONVERGED,float64,cuda:0
forward,1,344,9.151444362962471e-07,True,CONVERGED,float64,cuda:0
forward,2,345,9.446416671019193e-07,True,CONVERGED,float64,cuda:0
adjoint,0,334,9.850531093489845e-07,True,CONVERGED,float64,cuda:0
adjoint,1,342,9.744234341271498e-07,True,CONVERGED,float64,cuda:0
adjoint,2,345,8.752437506763826e-07,True,CONVERGED,float64,cuda:0
forward,0,333,9.369919866954949e-07,True,CONVERGED,float64,cuda:0
forward,1,344,9.168327138599511e-07,True,CONVERGED,float64,cuda:0
forward,2,344,9.617752903431299e-07,True,CONVERGED,float64,cuda:0
adjoint,0,337,9.389092078028842e-07,True,CONVERGED,float64,cuda:0
adjoint,1,341,9.337473336608288e-07,True,CONVERGED,float64,cuda:0
adjoint,2,341,8.718486786106738e-07,True,CONVERGED,float64,cuda:0
forward,0,332,9.75851383067167e-07,True,CONVERGED,float64,cuda:0
forward,1,343,9.79393885984305e-07,True,CONVERGED,float64,cuda:0
forward,2,343,9.423961261434208e-07,True,CONVERGED,float64,cuda:0
adjoint,0,328,9.515212002665063e-07,True,CONVERGED,float64,cuda:0
adjoint,1,342,8.780229875925417e-07,True,CONVERGED,float64,cuda:0
adjoint,2,342,9.763166452596884e-07,True,CONVERGED,float64,cuda:0
forward,0,328,9.839548988715917e-07,True,CONVERGED,float64,cuda:0
forward,1,342,9.508135270710119e-07,True,CONVERGED,float64,cuda:0
forward,2,341,8.958543801779219e-07,True,CONVERGED,float64,cuda:0
adjoint,0,329,9.772178607080377e-07,True,CONVERGED,float64,cuda:0
adjoint,1,340,9.573601909798176e-07,True,CONVERGED,float64,cuda:0
adjoint,2,340,8.859311469221509e-07,True,CONVERGED,float64,cuda:0
forward,0,327,9.705438482704636e-07,True,CONVERGED,float64,cuda:0
forward,1,342,9.235810877670391e-07,True,CONVERGED,float64,cuda:0
forward,2,341,8.628551256135152e-07,True,CONVERGED,float64,cuda:0
adjoint,0,329,9.426002972324333e-07,True,CONVERGED,float64,cuda:0
adjoint,1,340,9.325135177637753e-07,True,CONVERGED,float64,cuda:0
adjoint,2,339,9.727432038995523e-07,True,CONVERGED,float64,cuda:0
forward,0,324,9.959146392636669e-07,True,CONVERGED,float64,cuda:0
forward,1,342,9.062662322041215e-07,True,CONVERGED,float64,cuda:0
forward,2,341,8.61821945646195e-07,True,CONVERGED,float64,cuda:0
adjoint,0,329,9.042822961170408e-07,True,CONVERGED,float64,cuda:0
adjoint,1,340,9.873176916334665e-07,True,CONVERGED,float64,cuda:0
adjoint,2,339,9.933600928952556e-07,True,CONVERGED,float64,cuda:0
forward,0,323,8.980133955125719e-07,True,CONVERGED,float64,cuda:0
forward,1,342,9.222222015254861e-07,True,CONVERGED,float64,cuda:0
forward,2,341,8.904201524259947e-07,True,CONVERGED,float64,cuda:0
adjoint,0,330,9.756582811721152e-07,True,CONVERGED,float64,cuda:0
adjoint,1,340,9.808270373555335e-07,True,CONVERGED,float64,cuda:0
adjoint,2,339,9.868427555092413e-07,True,CONVERGED,float64,cuda:0
forward,0,325,9.15244231730901e-07,True,CONVERGED,float64,cuda:0
forward,1,343,8.340722055777375e-07,True,CONVERGED,float64,cuda:0
forward,2,340,9.733822159747905e-07,True,CONVERGED,float64,cuda:0
adjoint,0,335,9.466323098127072e-07,True,CONVERGED,float64,cuda:0
adjoint,1,342,9.089557879751569e-07,True,CONVERGED,float64,cuda:0
adjoint,2,340,9.587122335790224e-07,True,CONVERGED,float64,cuda:0
forward,0,334,9.680039926718616e-07,True,CONVERGED,float64,cuda:0
forward,1,343,9.620500288400234e-07,True,CONVERGED,float64,cuda:0
forward,2,342,9.773495314118384e-07,True,CONVERGED,float64,cuda:0
adjoint,0,338,9.344738773572317e-07,True,CONVERGED,float64,cuda:0
adjoint,1,342,9.136982834937905e-07,True,CONVERGED,float64,cuda:0
adjoint,2,340,9.399890967771347e-07,True,CONVERGED,float64,cuda:0
forward,0,308,9.672781593840872e-07,True,CONVERGED,float64,cuda:0
forward,1,345,9.774826480916237e-07,True,CONVERGED,float64,cuda:0
forward,2,345,9.602156674491597e-07,True,CONVERGED,float64,cuda:0
adjoint,0,338,9.238637795235166e-07,True,CONVERGED,float64,cuda:0
adjoint,1,343,9.910945739547902e-07,True,CONVERGED,float64,cuda:0
adjoint,2,342,9.801658935828605e-07,True,CONVERGED,float64,cuda:0
forward,0,329,9.831977081611166e-07,True,CONVERGED,float64,cuda:0
forward,1,346,9.333271085166178e-07,True,CONVERGED,float64,cuda:0
forward,2,346,9.823370139783989e-07,True,CONVERGED,float64,cuda:0
adjoint,0,338,9.61470759349924e-07,True,CONVERGED,float64,cuda:0
adjoint,1,344,9.495276226208164e-07,True,CONVERGED,float64,cuda:0
adjoint,2,345,9.947206221829193e-07,True,CONVERGED,float64,cuda:0
forward,0,329,9.86641069147589e-07,True,CONVERGED,float64,cuda:0
forward,1,346,9.791591047521203e-07,True,CONVERGED,float64,cuda:0
forward,2,348,9.446292638991174e-07,True,CONVERGED,float64,cuda:0
adjoint,0,339,9.217952012498341e-07,True,CONVERGED,float64,cuda:0
adjoint,1,344,9.078202694690849e-07,True,CONVERGED,float64,cuda:0
adjoint,2,345,9.787945664260902e-07,True,CONVERGED,float64,cuda:0
forward,0,328,9.748803019671132e-07,True,CONVERGED,float64,cuda:0
forward,1,347,9.150088529188664e-07,True,CONVERGED,float64,cuda:0
forward,2,348,9.414387289531312e-07,True,CONVERGED,float64,cuda:0
adjoint,0,340,9.012442099202809e-07,True,CONVERGED,float64,cuda:0
adjoint,1,344,9.44883507065501e-07,True,CONVERGED,float64,cuda:0
adjoint,2,345,9.643267093898577e-07,True,CONVERGED,float64,cuda:0
forward,0,337,9.514301920974076e-07,True,CONVERGED,float64,cuda:0
forward,1,345,9.788291136510919e-07,True,CONVERGED,float64,cuda:0
forward,2,346,8.974539393025844e-07,True,CONVERGED,float64,cuda:0
adjoint,0,338,9.232407203742581e-07,True,CONVERGED,float64,cuda:0
adjoint,1,343,9.796197876177822e-07,True,CONVERGED,float64,cuda:0
adjoint,2,344,9.624679953932752e-07,True,CONVERGED,float64,cuda:0
forward,0,338,8.4608042826699e-07,True,CONVERGED,float64,cuda:0
forward,1,343,9.442722898810591e-07,True,CONVERGED,float64,cuda:0
forward,2,345,9.051716718144108e-07,True,CONVERGED,float64,cuda:0
adjoint,0,339,8.640175853056311e-07,True,CONVERGED,float64,cuda:0
adjoint,1,342,9.58140214840649e-07,True,CONVERGED,float64,cuda:0
adjoint,2,342,9.732515588856952e-07,True,CONVERGED,float64,cuda:0
forward,0,337,8.76079880506769e-07,True,CONVERGED,float64,cuda:0
forward,1,342,9.468503096862911e-07,True,CONVERGED,float64,cuda:0
forward,2,342,9.985097226094997e-07,True,CONVERGED,float64,cuda:0
adjoint,0,338,9.192805575867692e-07,True,CONVERGED,float64,cuda:0
adjoint,1,341,8.885248207774842e-07,True,CONVERGED,float64,cuda:0
adjoint,2,342,9.205840389472609e-07,True,CONVERGED,float64,cuda:0
forward,0,335,9.463271585775966e-07,True,CONVERGED,float64,cuda:0
forward,1,342,9.179864551090088e-07,True,CONVERGED,float64,cuda:0
forward,2,342,8.666897465444817e-07,True,CONVERGED,float64,cuda:0
adjoint,0,332,9.473449895179413e-07,True,CONVERGED,float64,cuda:0
adjoint,1,341,9.63907818374811e-07,True,CONVERGED,float64,cuda:0
adjoint,2,342,9.158438046514031e-07,True,CONVERGED,float64,cuda:0
forward,0,335,9.861283099629245e-07,True,CONVERGED,float64,cuda:0
forward,1,342,9.163296012856326e-07,True,CONVERGED,float64,cuda:0
forward,2,342,9.188162837078411e-07,True,CONVERGED,float64,cuda:0
adjoint,0,332,9.321667051661901e-07,True,CONVERGED,float64,cuda:0
adjoint,1,341,9.153119612525337e-07,True,CONVERGED,float64,cuda:0
adjoint,2,342,9.544649204496455e-07,True,CONVERGED,float64,cuda:0
forward,0,337,9.618495269417576e-07,True,CONVERGED,float64,cuda:0
forward,1,342,9.538887294968547e-07,True,CONVERGED,float64,cuda:0
forward,2,343,9.725891122483747e-07,True,CONVERGED,float64,cuda:0
adjoint,0,330,9.800432833723925e-07,True,CONVERGED,float64,cuda:0
adjoint,1,341,9.985849151859513e-07,True,CONVERGED,float64,cuda:0
adjoint,2,342,9.623702754552573e-07,True,CONVERGED,float64,cuda:0
forward,0,334,9.92198042790516e-07,True,CONVERGED,float64,cuda:0
forward,1,343,9.168279270754246e-07,True,CONVERGED,float64,cuda:0
forward,2,345,9.094457395691138e-07,True,CONVERGED,float64,cuda:0
adjoint,0,338,9.141263099544856e-07,True,CONVERGED,float64,cuda:0
adjoint,1,342,9.95831325809012e-07,True,CONVERGED,float64,cuda:0
adjoint,2,343,9.461401189218831e-07,True,CONVERGED,float64,cuda:0
forward,0,337,9.408372902229697e-07,True,CONVERGED,float64,cuda:0
forward,1,343,9.285664644494301e-07,True,CONVERGED,float64,cuda:0
forward,2,345,9.502067151550018e-07,True,CONVERGED,float64,cuda:0
adjoint,0,339,8.834356581706542e-07,True,CONVERGED,float64,cuda:0
adjoint,1,343,9.006431920331973e-07,True,CONVERGED,float64,cuda:0
adjoint,2,342,9.260170032330971e-07,True,CONVERGED,float64,cuda:0
forward,0,338,8.763713752627558e-07,True,CONVERGED,float64,cuda:0
forward,1,343,9.824282657015619e-07,True,CONVERGED,float64,cuda:0
forward,2,346,8.758036029226949e-07,True,CONVERGED,float64,cuda:0
adjoint,0,339,9.198870003452695e-07,True,CONVERGED,float64,cuda:0
adjoint,1,343,9.022669860123873e-07,True,CONVERGED,float64,cuda:0
adjoint,2,342,9.921998300377732e-07,True,CONVERGED,float64,cuda:0
forward,0,327,9.57486647409349e-07,True,CONVERGED,float64,cuda:0
forward,1,344,9.405042156360212e-07,True,CONVERGED,float64,cuda:0
forward,2,346,9.127056624538035e-07,True,CONVERGED,float64,cuda:0
adjoint,0,338,9.642424379226742e-07,True,CONVERGED,float64,cuda:0
adjoint,1,343,9.413581401972739e-07,True,CONVERGED,float64,cuda:0
adjoint,2,345,9.589686405687263e-07,True,CONVERGED,float64,cuda:0
forward,0,326,9.787150040182295e-07,True,CONVERGED,float64,cuda:0
forward,1,344,9.450883565098071e-07,True,CONVERGED,float64,cuda:0
forward,2,346,8.973110363511568e-07,True,CONVERGED,float64,cuda:0
adjoint,0,338,9.355696622286041e-07,True,CONVERGED,float64,cuda:0
adjoint,1,343,9.231482288051771e-07,True,CONVERGED,float64,cuda:0
adjoint,2,345,9.853035225835193e-07,True,CONVERGED,float64,cuda:0
forward,0,336,9.669834413146609e-07,True,CONVERGED,float64,cuda:0
forward,1,344,9.289536737495263e-07,True,CONVERGED,float64,cuda:0
forward,2,346,8.833246722994292e-07,True,CONVERGED,float64,cuda:0
adjoint,0,338,9.601807831056294e-07,True,CONVERGED,float64,cuda:0
adjoint,1,343,8.990704778345473e-07,True,CONVERGED,float64,cuda:0
adjoint,2,345,9.422407403159653e-07,True,CONVERGED,float64,cuda:0
forward,0,337,9.983417749622182e-07,True,CONVERGED,float64,cuda:0
forward,1,343,9.241660468412281e-07,True,CONVERGED,float64,cuda:0
forward,2,345,9.766831618452208e-07,True,CONVERGED,float64,cuda:0
adjoint,0,338,9.424259439373394e-07,True,CONVERGED,float64,cuda:0
adjoint,1,343,8.608227425126235e-07,True,CONVERGED,float64,cuda:0
adjoint,2,343,9.198254233121023e-07,True,CONVERGED,float64,cuda:0
forward,0,338,8.521075193772014e-07,True,CONVERGED,float64,cuda:0
forward,1,343,9.898592485829052e-07,True,CONVERGED,float64,cuda:0
forward,2,345,9.543635109491342e-07,True,CONVERGED,float64,cuda:0
adjoint,0,325,9.558167832481851e-07,True,CONVERGED,float64,cuda:0
adjoint,1,342,9.52561121110497e-07,True,CONVERGED,float64,cuda:0
adjoint,2,345,8.770183078243555e-07,True,CONVERGED,float64,cuda:0
forward,0,338,8.63026125524287e-07,True,CONVERGED,float64,cuda:0
forward,1,343,9.442227907739002e-07,True,CONVERGED,float64,cuda:0
forward,2,345,9.09805986635181e-07,True,CONVERGED,float64,cuda:0
adjoint,0,339,8.82040740339914e-07,True,CONVERGED,float64,cuda:0
adjoint,1,342,9.051940931272041e-07,True,CONVERGED,float64,cuda:0
adjoint,2,344,9.884532323942611e-07,True,CONVERGED,float64,cuda:0
forward,0,337,9.510440018528856e-07,True,CONVERGED,float64,cuda:0
forward,1,342,9.342183433499921e-07,True,CONVERGED,float64,cuda:0
forward,2,344,9.24318964427854e-07,True,CONVERGED,float64,cuda:0
adjoint,0,337,9.811025947068082e-07,True,CONVERGED,float64,cuda:0
adjoint,1,341,9.731228608156211e-07,True,CONVERGED,float64,cuda:0
adjoint,2,342,9.999415998549626e-07,True,CONVERGED,float64,cuda:0
forward,0,336,9.503851693304948e-07,True,CONVERGED,float64,cuda:0
forward,1,342,9.258090031063561e-07,True,CONVERGED,float64,cuda:0
forward,2,343,9.489928020068265e-07,True,CONVERGED,float64,cuda:0
adjoint,0,323,9.489630336307923e-07,True,CONVERGED,float64,cuda:0
adjoint,1,341,9.944173330374342e-07,True,CONVERGED,float64,cuda:0
adjoint,2,342,9.694955399488535e-07,True,CONVERGED,float64,cuda:0
forward,0,337,9.56273418443397e-07,True,CONVERGED,float64,cuda:0
forward,1,342,9.670822455880966e-07,True,CONVERGED,float64,cuda:0
forward,2,344,9.747624927400472e-07,True,CONVERGED,float64,cuda:0
adjoint,0,337,9.882670908624773e-07,True,CONVERGED,float64,cuda:0
adjoint,1,342,8.925771319554961e-07,True,CONVERGED,float64,cuda:0
adjoint,2,343,9.875942344664692e-07,True,CONVERGED,float64,cuda:0
forward,0,337,9.377401029203704e-07,True,CONVERGED,float64,cuda:0
forward,1,342,9.858830828300082e-07,True,CONVERGED,float64,cuda:0
forward,2,345,9.188333780954075e-07,True,CONVERGED,float64,cuda:0
adjoint,0,324,9.619859547998072e-07,True,CONVERGED,float64,cuda:0
adjoint,1,342,9.383479512821926e-07,True,CONVERGED,float64,cuda:0
adjoint,2,344,9.975596940487706e-07,True,CONVERGED,float64,cuda:0
forward,0,336,9.38816968714362e-07,True,CONVERGED,float64,cuda:0
forward,1,342,9.580559794035575e-07,True,CONVERGED,float64,cuda:0
forward,2,344,9.674042312567652e-07,True,CONVERGED,float64,cuda:0
adjoint,0,338,9.323471950361964e-07,True,CONVERGED,float64,cuda:0
adjoint,1,342,9.171178754931174e-07,True,CONVERGED,float64,cuda:0
adjoint,2,343,9.533767905079519e-07,True,CONVERGED,float64,cuda:0
forward,0,336,9.139436510526573e-07,True,CONVERGED,float64,cuda:0
forward,1,342,9.569897232171147e-07,True,CONVERGED,float64,cuda:0
forward,2,344,9.377467281907598e-07,True,CONVERGED,float64,cuda:0
adjoint,0,339,9.200958559624225e-07,True,CONVERGED,float64,cuda:0
adjoint,1,342,9.15065557801158e-07,True,CONVERGED,float64,cuda:0
adjoint,2,342,9.787387105189005e-07,True,CONVERGED,float64,cuda:0
forward,0,335,9.960590759930406e-07,True,CONVERGED,float64,cuda:0
forward,1,342,9.92473352802842e-07,True,CONVERGED,float64,cuda:0
forward,2,345,9.798577315156733e-07,True,CONVERGED,float64,cuda:0
adjoint,0,322,9.920319244355363e-07,True,CONVERGED,float64,cuda:0
adjoint,1,342,9.589279674271263e-07,True,CONVERGED,float64,cuda:0
adjoint,2,345,9.029137022960335e-07,True,CONVERGED,float64,cuda:0
forward,0,333,9.619444739553838e-07,True,CONVERGED,float64,cuda:0
forward,1,343,9.467373404457289e-07,True,CONVERGED,float64,cuda:0
forward,2,345,9.994050137549405e-07,True,CONVERGED,float64,cuda:0
adjoint,0,338,8.691311705489488e-07,True,CONVERGED,float64,cuda:0
adjoint,1,342,9.898009350009653e-07,True,CONVERGED,float64,cuda:0
adjoint,2,345,9.762796697055352e-07,True,CONVERGED,float64,cuda:0
forward,0,335,9.735591719682966e-07,True,CONVERGED,float64,cuda:0
forward,1,343,9.144875062558054e-07,True,CONVERGED,float64,cuda:0
forward,2,345,9.9999452549049e-07,True,CONVERGED,float64,cuda:0
adjoint,0,320,9.907478433246734e-07,True,CONVERGED,float64,cuda:0
adjoint,1,342,9.658376847361598e-07,True,CONVERGED,float64,cuda:0
adjoint,2,345,9.331310220495984e-07,True,CONVERGED,float64,cuda:0
forward,0,335,9.944682970468291e-07,True,CONVERGED,float64,cuda:0
forward,1,342,9.736972282385687e-07,True,CONVERGED,float64,cuda:0
forward,2,344,9.848697804836606e-07,True,CONVERGED,float64,cuda:0
adjoint,0,319,9.925900975884486e-07,True,CONVERGED,float64,cuda:0
adjoint,1,342,9.392883626317721e-07,True,CONVERGED,float64,cuda:0
adjoint,2,343,9.764391317587027e-07,True,CONVERGED,float64,cuda:0
forward,0,334,9.839642584751852e-07,True,CONVERGED,float64,cuda:0
forward,1,342,9.977260219498103e-07,True,CONVERGED,float64,cuda:0
forward,2,345,9.710157970125256e-07,True,CONVERGED,float64,cuda:0
adjoint,0,324,9.71742713208329e-07,True,CONVERGED,float64,cuda:0
adjoint,1,342,9.604038585066205e-07,True,CONVERGED,float64,cuda:0
adjoint,2,345,9.097622593437668e-07,True,CONVERGED,float64,cuda:0
forward,0,335,9.702753747955303e-07,True,CONVERGED,float64,cuda:0
forward,1,343,9.161651292936929e-07,True,CONVERGED,float64,cuda:0
forward,2,345,9.829296288010063e-07,True,CONVERGED,float64,cuda:0
adjoint,0,338,8.805637743943013e-07,True,CONVERGED,float64,cuda:0
adjoint,1,342,9.85236868433778e-07,True,CONVERGED,float64,cuda:0
adjoint,2,345,9.303498376114938e-07,True,CONVERGED,float64,cuda:0
forward,0,329,9.476805128729882e-07,True,CONVERGED,float64,cuda:0
forward,1,342,9.720655936523905e-07,True,CONVERGED,float64,cuda:0
forward,2,345,9.357803303655622e-07,True,CONVERGED,float64,cuda:0
adjoint,0,337,9.965318756238108e-07,True,CONVERGED,float64,cuda:0
adjoint,1,342,9.460728820781816e-07,True,CONVERGED,float64,cuda:0
adjoint,2,344,9.810762484796725e-07,True,CONVERGED,float64,cuda:0
forward,0,328,9.160733015899728e-07,True,CONVERGED,float64,cuda:0
forward,1,342,9.456269766933243e-07,True,CONVERGED,float64,cuda:0
forward,2,344,9.709568993789203e-07,True,CONVERGED,float64,cuda:0
adjoint,0,338,9.129485122131178e-07,True,CONVERGED,float64,cuda:0
adjoint,1,342,9.085894068441707e-07,True,CONVERGED,float64,cuda:0
adjoint,2,344,9.438058233659906e-07,True,CONVERGED,float64,cuda:0
forward,0,327,9.942155207513615e-07,True,CONVERGED,float64,cuda:0
forward,1,343,9.316494909420251e-07,True,CONVERGED,float64,cuda:0
forward,2,345,9.888650097996194e-07,True,CONVERGED,float64,cuda:0
adjoint,0,327,9.728762235944366e-07,True,CONVERGED,float64,cuda:0
adjoint,1,342,9.871141379631849e-07,True,CONVERGED,float64,cuda:0
adjoint,2,345,9.176033048225968e-07,True,CONVERGED,float64,cuda:0
forward,0,325,9.824135113980834e-07,True,CONVERGED,float64,cuda:0
forward,1,343,9.232607455778624e-07,True,CONVERGED,float64,cuda:0
forward,2,345,9.811259296233717e-07,True,CONVERGED,float64,cuda:0
adjoint,0,319,9.920585586356548e-07,True,CONVERGED,float64,cuda:0
adjoint,1,342,9.7988577370167e-07,True,CONVERGED,float64,cuda:0
adjoint,2,345,9.08103042553735e-07,True,CONVERGED,float64,cuda:0
forward,0,327,9.98322569535562e-07,True,CONVERGED,float64,cuda:0
forward,1,342,9.575633207743794e-07,True,CONVERGED,float64,cuda:0
forward,2,344,9.521002010623172e-07,True,CONVERGED,float64,cuda:0
adjoint,0,317,9.686980616373603e-07,True,CONVERGED,float64,cuda:0
adjoint,1,342,9.274023282307283e-07,True,CONVERGED,float64,cuda:0
adjoint,2,344,9.255207415777932e-07,True,CONVERGED,float64,cuda:0
forward,0,326,9.780350129578566e-07,True,CONVERGED,float64,cuda:0
forward,1,343,9.504672144271108e-07,True,CONVERGED,float64,cuda:0
forward,2,345,9.62035913169758e-07,True,CONVERGED,float64,cuda:0
adjoint,0,322,9.648614560866004e-07,True,CONVERGED,float64,cuda:0
adjoint,1,342,9.835786534838497e-07,True,CONVERGED,float64,cuda:0
adjoint,2,345,9.112801502788455e-07,True,CONVERGED,float64,cuda:0
forward,0,327,9.579330369999077e-07,True,CONVERGED,float64,cuda:0
forward,1,343,9.571655471034682e-07,True,CONVERGED,float64,cuda:0
forward,2,345,9.424698286582811e-07,True,CONVERGED,float64,cuda:0
adjoint,0,332,9.607621647763419e-07,True,CONVERGED,float64,cuda:0
adjoint,1,342,9.887792370741469e-07,True,CONVERGED,float64,cuda:0
adjoint,2,344,9.989110128019337e-07,True,CONVERGED,float64,cuda:0
forward,0,328,9.98988567734375e-07,True,CONVERGED,float64,cuda:0
forward,1,342,9.633227916674996e-07,True,CONVERGED,float64,cuda:0
forward,2,343,9.790695549200114e-07,True,CONVERGED,float64,cuda:0
adjoint,0,327,9.446227482970805e-07,True,CONVERGED,float64,cuda:0
adjoint,1,342,9.618347066123717e-07,True,CONVERGED,float64,cuda:0
adjoint,2,344,9.109593067451767e-07,True,CONVERGED,float64,cuda:0
forward,0,327,9.47831875485348e-07,True,CONVERGED,float64,cuda:0
forward,1,342,9.883393620949128e-07,True,CONVERGED,float64,cuda:0
forward,2,344,9.427608156984418e-07,True,CONVERGED,float64,cuda:0
adjoint,0,337,9.91932485011006e-07,True,CONVERGED,float64,cuda:0
adjoint,1,342,9.796300487731923e-07,True,CONVERGED,float64,cuda:0
adjoint,2,344,9.483096179131508e-07,True,CONVERGED,float64,cuda:0
forward,0,325,9.509505709728284e-07,True,CONVERGED,float64,cuda:0
forward,1,343,9.548627344119914e-07,True,CONVERGED,float64,cuda:0
forward,2,345,9.363407935554669e-07,True,CONVERGED,float64,cuda:0
adjoint,0,338,9.437416531189873e-07,True,CONVERGED,float64,cuda:0
adjoint,1,342,9.85501001156111e-07,True,CONVERGED,float64,cuda:0
adjoint,2,344,9.971278125399425e-07,True,CONVERGED,float64,cuda:0
forward,0,325,8.881447496450394e-07,True,CONVERGED,float64,cuda:0
forward,1,342,9.901539583940646e-07,True,CONVERGED,float64,cuda:0
forward,2,344,9.782331130701538e-07,True,CONVERGED,float64,cuda:0
adjoint,0,337,9.805760433005087e-07,True,CONVERGED,float64,cuda:0
adjoint,1,342,9.664244433547571e-07,True,CONVERGED,float64,cuda:0
adjoint,2,344,9.611461761014777e-07,True,CONVERGED,float64,cuda:0
forward,0,325,9.04086911168399e-07,True,CONVERGED,float64,cuda:0
forward,1,342,9.727184097610479e-07,True,CONVERGED,float64,cuda:0
forward,2,344,9.61423262582657e-07,True,CONVERGED,float64,cuda:0
adjoint,0,337,9.79540705392348e-07,True,CONVERGED,float64,cuda:0
adjoint,1,342,9.504457688883989e-07,True,CONVERGED,float64,cuda:0
adjoint,2,344,9.40540747955468e-07,True,CONVERGED,float64,cuda:0
forward,0,325,9.108042432399089e-07,True,CONVERGED,float64,cuda:0
forward,1,343,9.789487474081508e-07,True,CONVERGED,float64,cuda:0
forward,2,345,9.601437089935138e-07,True,CONVERGED,float64,cuda:0
adjoint,0,338,9.666947403616803e-07,True,CONVERGED,float64,cuda:0
adjoint,1,342,9.93046908418887e-07,True,CONVERGED,float64,cuda:0
adjoint,2,345,9.198758487239732e-07,True,CONVERGED,float64,cuda:0
forward,0,325,9.257991914842989e-07,True,CONVERGED,float64,cuda:0
forward,1,343,9.558970539868893e-07,True,CONVERGED,float64,cuda:0
forward,2,345,9.333381190020133e-07,True,CONVERGED,float64,cuda:0
adjoint,0,338,9.562597673046552e-07,True,CONVERGED,float64,cuda:0
adjoint,1,342,9.884745923707784e-07,True,CONVERGED,float64,cuda:0
adjoint,2,344,9.92256666107476e-07,True,CONVERGED,float64,cuda:0
forward,0,328,9.777700371341313e-07,True,CONVERGED,float64,cuda:0
forward,1,342,9.859295830167924e-07,True,CONVERGED,float64,cuda:0
forward,2,343,9.883266148799655e-07,True,CONVERGED,float64,cuda:0
adjoint,0,338,9.37441783471222e-07,True,CONVERGED,float64,cuda:0
adjoint,1,342,9.761336839798043e-07,True,CONVERGED,float64,cuda:0
adjoint,2,344,9.214726226505949e-07,True,CONVERGED,float64,cuda:0
forward,0,328,9.175971288258863e-07,True,CONVERGED,float64,cuda:0
forward,1,343,9.99357179440121e-07,True,CONVERGED,float64,cuda:0
forward,2,345,9.36524029072239e-07,True,CONVERGED,float64,cuda:0
adjoint,0,338,9.99933649245642e-07,True,CONVERGED,float64,cuda:0
adjoint,1,343,9.205312841382398e-07,True,CONVERGED,float64,cuda:0
adjoint,2,345,9.281509798577518e-07,True,CONVERGED,float64,cuda:0
forward,0,328,9.70077587878613e-07,True,CONVERGED,float64,cuda:0
forward,1,344,9.701505985971832e-07,True,CONVERGED,float64,cuda:0
forward,2,345,9.40087270537186e-07,True,CONVERGED,float64,cuda:0
adjoint,0,339,8.318283311738613e-07,True,CONVERGED,float64,cuda:0
adjoint,1,343,9.39301005590301e-07,True,CONVERGED,float64,cuda:0
adjoint,2,345,9.401956241959301e-07,True,CONVERGED,float64,cuda:0
forward,0,329,9.82982712100457e-07,True,CONVERGED,float64,cuda:0
forward,1,343,9.350973986367401e-07,True,CONVERGED,float64,cuda:0
forward,2,343,9.809962491096752e-07,True,CONVERGED,float64,cuda:0
adjoint,0,338,9.820058925410623e-07,True,CONVERGED,float64,cuda:0
adjoint,1,343,9.224100910996569e-07,True,CONVERGED,float64,cuda:0
adjoint,2,344,9.486920594991481e-07,True,CONVERGED,float64,cuda:0
forward,0,329,9.60350993448019e-07,True,CONVERGED,float64,cuda:0
forward,1,343,9.43984893051385e-07,True,CONVERGED,float64,cuda:0
forward,2,343,9.91440657475547e-07,True,CONVERGED,float64,cuda:0
adjoint,0,338,9.870352354804714e-07,True,CONVERGED,float64,cuda:0
adjoint,1,343,9.288106992465498e-07,True,CONVERGED,float64,cuda:0
adjoint,2,344,9.5592418267193e-07,True,CONVERGED,float64,cuda:0
forward,0,328,9.722677171105237e-07,True,CONVERGED,float64,cuda:0
forward,1,344,9.92132204054215e-07,True,CONVERGED,float64,cuda:0
forward,2,345,9.604401707769924e-07,True,CONVERGED,float64,cuda:0
adjoint,0,339,8.528624854764495e-07,True,CONVERGED,float64,cuda:0
adjoint,1,343,9.537286294165546e-07,True,CONVERGED,float64,cuda:0
adjoint,2,345,9.579702898568404e-07,True,CONVERGED,float64,cuda:0
forward,0,328,9.391061732030609e-07,True,CONVERGED,float64,cuda:0
forward,1,344,9.823225007680293e-07,True,CONVERGED,float64,cuda:0
forward,2,345,9.541438889201436e-07,True,CONVERGED,float64,cuda:0
adjoint,0,339,8.454940112447954e-07,True,CONVERGED,float64,cuda:0
adjoint,1,343,9.456671499147097e-07,True,CONVERGED,float64,cuda:0
adjoint,2,345,9.408323700663142e-07,True,CONVERGED,float64,cuda:0
forward,0,328,9.731687130819627e-07,True,CONVERGED,float64,cuda:0
forward,1,343,9.348959386176391e-07,True,CONVERGED,float64,cuda:0
forward,2,344,9.558252395571027e-07,True,CONVERGED,float64,cuda:0
adjoint,0,338,9.55941541614007e-07,True,CONVERGED,float64,cuda:0
adjoint,1,343,9.206439478337409e-07,True,CONVERGED,float64,cuda:0
adjoint,2,344,9.514738177376271e-07,True,CONVERGED,float64,cuda:0
forward,0,328,9.411936230655304e-07,True,CONVERGED,float64,cuda:0
forward,1,344,9.797426619535577e-07,True,CONVERGED,float64,cuda:0
forward,2,345,9.403534967815253e-07,True,CONVERGED,float64,cuda:0
adjoint,0,339,8.359192973527213e-07,True,CONVERGED,float64,cuda:0
adjoint,1,343,9.458943064844939e-07,True,CONVERGED,float64,cuda:0
adjoint,2,345,9.233450306295769e-07,True,CONVERGED,float64,cuda:0
forward,0,328,9.787031745655153e-07,True,CONVERGED,float64,cuda:0
forward,1,344,9.859354422719276e-07,True,CONVERGED,float64,cuda:0
forward,2,345,9.382224720973221e-07,True,CONVERGED,float64,cuda:0
adjoint,0,339,8.383845086690471e-07,True,CONVERGED,float64,cuda:0
adjoint,1,343,9.525035229042992e-07,True,CONVERGED,float64,cuda:0
adjoint,2,345,9.248858192616211e-07,True,CONVERGED,float64,cuda:0
forward,0,328,9.61930864317422e-07,True,CONVERGED,float64,cuda:0
forward,1,343,9.439755416313072e-07,True,CONVERGED,float64,cuda:0
forward,2,343,9.89909395560294e-07,True,CONVERGED,float64,cuda:0
adjoint,0,338,9.61020287370767e-07,True,CONVERGED,float64,cuda:0
adjoint,1,343,9.26790394201725e-07,True,CONVERGED,float64,cuda:0
adjoint,2,344,9.476449438926404e-07,True,CONVERGED,float64,cuda:0
forward,0,328,9.935804430551103e-07,True,CONVERGED,float64,cuda:0
forward,1,343,9.55577731592731e-07,True,CONVERGED,float64,cuda:0
forward,2,343,9.954358288356454e-07,True,CONVERGED,float64,cuda:0
adjoint,0,338,9.748890682391516e-07,True,CONVERGED,float64,cuda:0
adjoint,1,343,9.34235685738995e-07,True,CONVERGED,float64,cuda:0
adjoint,2,344,9.555547158522576e-07,True,CONVERGED,float64,cuda:0
forward,0,332,9.497199581047165e-07,True,CONVERGED,float64,cuda:0
forward,1,345,9.299641966563668e-07,True,CONVERGED,float64,cuda:0
forward,2,345,9.539653962833513e-07,True,CONVERGED,float64,cuda:0
adjoint,0,339,8.699910129118438e-07,True,CONVERGED,float64,cuda:0
adjoint,1,343,9.677379389078936e-07,True,CONVERGED,float64,cuda:0
adjoint,2,345,9.33372947991084e-07,True,CONVERGED,float64,cuda:0
forward,0,332,9.761229798903846e-07,True,CONVERGED,float64,cuda:0
forward,1,344,9.91744662133635e-07,True,CONVERGED,float64,cuda:0
forward,2,345,9.492780861791458e-07,True,CONVERGED,float64,cuda:0
adjoint,0,339,8.869664682784672e-07,True,CONVERGED,float64,cuda:0
adjoint,1,343,9.609870753569268e-07,True,CONVERGED,float64,cuda:0
adjoint,2,345,9.169610808659677e-07,True,CONVERGED,float64,cuda:0
forward,0,329,9.506305138624499e-07,True,CONVERGED,float64,cuda:0
forward,1,343,9.414954857578879e-07,True,CONVERGED,float64,cuda:0
forward,2,343,9.896192500897255e-07,True,CONVERGED,float64,cuda:0
adjoint,0,326,9.492257859611866e-07,True,CONVERGED,float64,cuda:0
adjoint,1,343,9.410743858698503e-07,True,CONVERGED,float64,cuda:0
adjoint,2,344,9.59010676380921e-07,True,CONVERGED,float64,cuda:0
forward,0,334,9.578755780112546e-07,True,CONVERGED,float64,cuda:0
forward,1,345,9.368054376046777e-07,True,CONVERGED,float64,cuda:0
forward,2,345,9.50374034344411e-07,True,CONVERGED,float64,cuda:0
adjoint,0,339,8.804538830692406e-07,True,CONVERGED,float64,cuda:0
adjoint,1,343,9.823119047773656e-07,True,CONVERGED,float64,cuda:0
adjoint,2,345,9.389952265079288e-07,True,CONVERGED,float64,cuda:0
forward,0,334,9.933375237609483e-07,True,CONVERGED,float64,cuda:0
forward,1,345,9.312350567531132e-07,True,CONVERGED,float64,cuda:0
forward,2,345,9.412235069418371e-07,True,CONVERGED,float64,cuda:0
adjoint,0,339,8.779956365212855e-07,True,CONVERGED,float64,cuda:0
adjoint,1,343,9.84096462175224e-07,True,CONVERGED,float64,cuda:0
adjoint,2,345,9.332625694089007e-07,True,CONVERGED,float64,cuda:0
forward,0,329,9.710438971609712e-07,True,CONVERGED,float64,cuda:0
forward,1,342,9.980963690192358e-07,True,CONVERGED,float64,cuda:0
forward,2,343,9.702830328026128e-07,True,CONVERGED,float64,cuda:0
adjoint,0,338,9.639208481002917e-07,True,CONVERGED,float64,cuda:0
adjoint,1,343,9.343133552607922e-07,True,CONVERGED,float64,cuda:0
adjoint,2,344,9.462091025054085e-07,True,CONVERGED,float64,cuda:0
forward,0,329,9.395594391056857e-07,True,CONVERGED,float64,cuda:0
forward,1,342,9.811343707040372e-07,True,CONVERGED,float64,cuda:0
forward,2,343,9.590079569598202e-07,True,CONVERGED,float64,cuda:0
adjoint,0,328,9.838650557780514e-07,True,CONVERGED,float64,cuda:0
adjoint,1,343,9.251352027883474e-07,True,CONVERGED,float64,cuda:0
adjoint,2,344,9.323162267373735e-07,True,CONVERGED,float64,cuda:0
forward,0,336,9.481726876118254e-07,True,CONVERGED,float64,cuda:0
forward,1,345,9.371598313167365e-07,True,CONVERGED,float64,cuda:0
forward,2,345,9.504522877710442e-07,True,CONVERGED,float64,cuda:0
adjoint,0,339,8.967503729230381e-07,True,CONVERGED,float64,cuda:0
adjoint,1,344,8.921267398623645e-07,True,CONVERGED,float64,cuda:0
adjoint,2,345,9.722611223046805e-07,True,CONVERGED,float64,cuda:0
forward,0,336,9.950720604500092e-07,True,CONVERGED,float64,cuda:0
forward,1,345,9.363384522413414e-07,True,CONVERGED,float64,cuda:0
forward,2,345,9.724327753263114e-07,True,CONVERGED,float64,cuda:0
adjoint,0,339,9.210590453361397e-07,True,CONVERGED,float64,cuda:0
adjoint,1,344,9.022765671605458e-07,True,CONVERGED,float64,cuda:0
adjoint,2,346,9.14260697948015e-07,True,CONVERGED,float64,cuda:0
forward,0,334,9.732091206939407e-07,True,CONVERGED,float64,cuda:0
forward,1,345,9.458121141611614e-07,True,CONVERGED,float64,cuda:0
forward,2,345,9.596657327019136e-07,True,CONVERGED,float64,cuda:0
adjoint,0,339,9.062040360092414e-07,True,CONVERGED,float64,cuda:0
adjoint,1,343,9.69256149000595e-07,True,CONVERGED,float64,cuda:0
adjoint,2,345,9.158676613818529e-07,True,CONVERGED,float64,cuda:0
forward,0,328,9.936530591079745e-07,True,CONVERGED,float64,cuda:0
forward,1,343,9.576849246425451e-07,True,CONVERGED,float64,cuda:0
forward,2,344,9.482574854963591e-07,True,CONVERGED,float64,cuda:0
adjoint,0,339,9.427388838877669e-07,True,CONVERGED,float64,cuda:0
adjoint,1,343,9.821076875137237e-07,True,CONVERGED,float64,cuda:0
adjoint,2,344,9.695196408277006e-07,True,CONVERGED,float64,cuda:0
forward,0,335,9.600695502396468e-07,True,CONVERGED,float64,cuda:0
forward,1,345,9.457354370444884e-07,True,CONVERGED,float64,cuda:0
forward,2,345,9.563508724555476e-07,True,CONVERGED,float64,cuda:0
adjoint,0,339,9.212513180653318e-07,True,CONVERGED,float64,cuda:0
adjoint,1,343,9.707424120565278e-07,True,CONVERGED,float64,cuda:0
adjoint,2,344,9.98969434136118e-07,True,CONVERGED,float64,cuda:0
forward,0,337,9.484450318138028e-07,True,CONVERGED,float64,cuda:0
forward,1,345,9.5313169837199e-07,True,CONVERGED,float64,cuda:0
forward,2,345,9.59582985891133e-07,True,CONVERGED,float64,cuda:0
adjoint,0,339,9.285890418123837e-07,True,CONVERGED,float64,cuda:0
adjoint,1,344,9.026170834527633e-07,True,CONVERGED,float64,cuda:0
adjoint,2,345,9.783353599747116e-07,True,CONVERGED,float64,cuda:0
forward,0,336,9.64087981397191e-07,True,CONVERGED,float64,cuda:0
forward,1,345,9.404773939812636e-07,True,CONVERGED,float64,cuda:0
forward,2,345,9.457986357334418e-07,True,CONVERGED,float64,cuda:0
adjoint,0,339,9.22115363404845e-07,True,CONVERGED,float64,cuda:0
adjoint,1,343,9.886419002669544e-07,True,CONVERGED,float64,cuda:0
adjoint,2,345,9.128332394248794e-07,True,CONVERGED,float64,cuda:0
forward,0,329,9.71884192012649e-07,True,CONVERGED,float64,cuda:0
forward,1,342,9.761936007521804e-07,True,CONVERGED,float64,cuda:0
forward,2,343,9.488283321432148e-07,True,CONVERGED,float64,cuda:0
adjoint,0,331,9.743915205826203e-07,True,CONVERGED,float64,cuda:0
adjoint,1,343,9.300622281297851e-07,True,CONVERGED,float64,cuda:0
adjoint,2,344,9.32255497006254e-07,True,CONVERGED,float64,cuda:0
forward,0,333,9.768056485239115e-07,True,CONVERGED,float64,cuda:0
forward,1,343,9.618052117332495e-07,True,CONVERGED,float64,cuda:0
forward,2,343,9.957908483704426e-07,True,CONVERGED,float64,cuda:0
adjoint,0,339,8.995120863695447e-07,True,CONVERGED,float64,cuda:0
adjoint,1,343,9.507188072534833e-07,True,CONVERGED,float64,cuda:0
adjoint,2,344,9.586952681840853e-07,True,CONVERGED,float64,cuda:0
forward,0,336,9.242418358835732e-07,True,CONVERGED,float64,cuda:0
forward,1,344,9.87896135746777e-07,True,CONVERGED,float64,cuda:0
forward,2,344,9.874880836938351e-07,True,CONVERGED,float64,cuda:0
adjoint,0,339,9.284991209668465e-07,True,CONVERGED,float64,cuda:0
adjoint,1,343,9.698986996172724e-07,True,CONVERGED,float64,cuda:0
adjoint,2,344,9.78818457679776e-07,True,CONVERGED,float64,cuda:0
forward,0,335,9.331364820591283e-07,True,CONVERGED,float64,cuda:0
forward,1,343,9.820086630103267e-07,True,CONVERGED,float64,cuda:0
forward,2,344,9.68194160034495e-07,True,CONVERGED,float64,cuda:0
adjoint,0,339,9.182890241999644e-07,True,CONVERGED,float64,cuda:0
adjoint,1,343,9.484305595153755e-07,True,CONVERGED,float64,cuda:0
adjoint,2,344,9.765119227442776e-07,True,CONVERGED,float64,cuda:0
forward,0,332,9.711124407518683e-07,True,CONVERGED,float64,cuda:0
forward,1,343,9.417716126992089e-07,True,CONVERGED,float64,cuda:0
forward,2,343,9.785980196678026e-07,True,CONVERGED,float64,cuda:0
adjoint,0,332,9.892198884227422e-07,True,CONVERGED,float64,cuda:0
adjoint,1,343,9.327752030474066e-07,True,CONVERGED,float64,cuda:0
adjoint,2,344,9.737552166565802e-07,True,CONVERGED,float64,cuda:0
forward,0,336,9.969420224624695e-07,True,CONVERGED,float64,cuda:0
forward,1,345,9.430217665554941e-07,True,CONVERGED,float64,cuda:0
forward,2,345,9.589652317434032e-07,True,CONVERGED,float64,cuda:0
adjoint,0,339,9.44002878025584e-07,True,CONVERGED,float64,cuda:0
adjoint,1,343,9.772753530255482e-07,True,CONVERGED,float64,cuda:0
adjoint,2,345,9.22259108337687e-07,True,CONVERGED,float64,cuda:0
forward,0,337,9.92343792818829e-07,True,CONVERGED,float64,cuda:0
forward,1,345,9.235274226386635e-07,True,CONVERGED,float64,cuda:0
forward,2,345,9.728874493826536e-07,True,CONVERGED,float64,cuda:0
adjoint,0,339,9.62149662417797e-07,True,CONVERGED,float64,cuda:0
adjoint,1,343,9.718618623733155e-07,True,CONVERGED,float64,cuda:0
adjoint,2,345,9.690143322509262e-07,True,CONVERGED,float64,cuda:0
forward,0,335,9.869961116637958e-07,True,CONVERGED,float64,cuda:0
forward,1,344,9.59823344941632e-07,True,CONVERGED,float64,cuda:0
forward,2,345,9.474154237524704e-07,True,CONVERGED,float64,cuda:0
adjoint,0,339,9.125110212791327e-07,True,CONVERGED,float64,cuda:0
adjoint,1,342,9.991483235058696e-07,True,CONVERGED,float64,cuda:0
adjoint,2,345,9.207287420260659e-07,True,CONVERGED,float64,cuda:0
forward,0,335,9.219633259669937e-07,True,CONVERGED,float64,cuda:0
forward,1,343,9.841152668800083e-07,True,CONVERGED,float64,cuda:0
forward,2,344,9.831814855667066e-07,True,CONVERGED,float64,cuda:0
adjoint,0,339,8.69737928366411e-07,True,CONVERGED,float64,cuda:0
adjoint,1,342,9.691132370454363e-07,True,CONVERGED,float64,cuda:0
adjoint,2,345,9.26680689750285e-07,True,CONVERGED,float64,cuda:0
forward,0,338,8.846172343829701e-07,True,CONVERGED,float64,cuda:0
forward,1,344,9.938311552862704e-07,True,CONVERGED,float64,cuda:0
forward,2,345,9.91215106765242e-07,True,CONVERGED,float64,cuda:0
adjoint,0,339,9.429582272440131e-07,True,CONVERGED,float64,cuda:0
adjoint,1,343,9.457406306671028e-07,True,CONVERGED,float64,cuda:0
adjoint,2,345,9.649502715828175e-07,True,CONVERGED,float64,cuda:0
forward,0,338,9.6921506846792e-07,True,CONVERGED,float64,cuda:0
forward,1,344,9.88473997730303e-07,True,CONVERGED,float64,cuda:0
forward,2,345,9.894140397148297e-07,True,CONVERGED,float64,cuda:0
adjoint,0,340,8.343769253813023e-07,True,CONVERGED,float64,cuda:0
adjoint,1,343,9.959165371331515e-07,True,CONVERGED,float64,cuda:0
adjoint,2,344,9.9933911204984e-07,True,CONVERGED,float64,cuda:0
forward,0,337,9.84307226720329e-07,True,CONVERGED,float64,cuda:0
forward,1,344,9.79633976732096e-07,True,CONVERGED,float64,cuda:0
forward,2,345,9.396726959037455e-07,True,CONVERGED,float64,cuda:0
adjoint,0,339,9.405011171529919e-07,True,CONVERGED,float64,cuda:0
adjoint,1,343,9.503536888871344e-07,True,CONVERGED,float64,cuda:0
adjoint,2,344,9.95252449199765e-07,True,CONVERGED,float64,cuda:0
forward,0,329,9.419270342652419e-07,True,CONVERGED,float64,cuda:0
forward,1,342,9.377699943636775e-07,True,CONVERGED,float64,cuda:0
forward,2,342,9.875589780432554e-07,True,CONVERGED,float64,cuda:0
adjoint,0,339,8.736245821621274e-07,True,CONVERGED,float64,cuda:0
adjoint,1,343,9.350669121098627e-07,True,CONVERGED,float64,cuda:0
adjoint,2,344,9.161580569393061e-07,True,CONVERGED,float64,cuda:0
forward,0,336,9.60943568899251e-07,True,CONVERGED,float64,cuda:0
forward,1,342,9.818113296258652e-07,True,CONVERGED,float64,cuda:0
forward,2,343,9.825285395193165e-07,True,CONVERGED,float64,cuda:0
adjoint,0,339,9.378579146613719e-07,True,CONVERGED,float64,cuda:0
adjoint,1,343,9.303200806578002e-07,True,CONVERGED,float64,cuda:0
adjoint,2,344,9.647346309417299e-07,True,CONVERGED,float64,cuda:0
forward,0,338,9.76332825608964e-07,True,CONVERGED,float64,cuda:0
forward,1,345,9.207561160495913e-07,True,CONVERGED,float64,cuda:0
forward,2,345,9.737416069556645e-07,True,CONVERGED,float64,cuda:0
adjoint,0,339,9.965091615400508e-07,True,CONVERGED,float64,cuda:0
adjoint,1,343,9.929146440348798e-07,True,CONVERGED,float64,cuda:0
adjoint,2,345,9.343471586759504e-07,True,CONVERGED,float64,cuda:0
forward,0,338,9.620951183948109e-07,True,CONVERGED,float64,cuda:0
forward,1,345,9.235222925952704e-07,True,CONVERGED,float64,cuda:0
forward,2,345,9.783237412163757e-07,True,CONVERGED,float64,cuda:0
adjoint,0,340,8.229386015565726e-07,True,CONVERGED,float64,cuda:0
adjoint,1,343,9.838944648060343e-07,True,CONVERGED,float64,cuda:0
adjoint,2,345,9.375842403989316e-07,True,CONVERGED,float64,cuda:0
forward,0,337,9.827071592672261e-07,True,CONVERGED,float64,cuda:0
forward,1,342,9.892742046448983e-07,True,CONVERGED,float64,cuda:0
forward,2,343,9.915424538514685e-07,True,CONVERGED,float64,cuda:0
adjoint,0,339,9.460254730019867e-07,True,CONVERGED,float64,cuda:0
adjoint,1,343,9.011838590988829e-07,True,CONVERGED,float64,cuda:0
adjoint,2,344,9.663105926977994e-07,True,CONVERGED,float64,cuda:0
forward,0,336,9.697919356189379e-07,True,CONVERGED,float64,cuda:0
forward,1,342,9.646535417394246e-07,True,CONVERGED,float64,cuda:0
forward,2,343,9.689923033804934e-07,True,CONVERGED,float64,cuda:0
adjoint,0,339,9.236633480715074e-07,True,CONVERGED,float64,cuda:0
adjoint,1,343,9.031252950937829e-07,True,CONVERGED,float64,cuda:0
adjoint,2,344,9.488668118970781e-07,True,CONVERGED,float64,cuda:0
forward,0,338,9.79568373509815e-07,True,CONVERGED,float64,cuda:0
forward,1,345,9.165212859086997e-07,True,CONVERGED,float64,cuda:0
forward,2,345,9.707670650036816e-07,True,CONVERGED,float64,cuda:0
adjoint,0,340,8.236210773673184e-07,True,CONVERGED,float64,cuda:0
adjoint,1,343,9.854215148349833e-07,True,CONVERGED,float64,cuda:0
adjoint,2,344,9.761571836613532e-07,True,CONVERGED,float64,cuda:0
forward,0,339,8.82805441036104e-07,True,CONVERGED,float64,cuda:0
forward,1,345,9.072114258541527e-07,True,CONVERGED,float64,cuda:0
forward,2,345,9.662241061330817e-07,True,CONVERGED,float64,cuda:0
adjoint,0,340,8.563052009859917e-07,True,CONVERGED,float64,cuda:0
adjoint,1,344,9.116772110366206e-07,True,CONVERGED,float64,cuda:0
adjoint,2,343,9.662157035405566e-07,True,CONVERGED,float64,cuda:0
forward,0,337,9.717525306444573e-07,True,CONVERGED,float64,cuda:0
forward,1,343,9.823754163861734e-07,True,CONVERGED,float64,cuda:0
forward,2,344,9.772828292029781e-07,True,CONVERGED,float64,cuda:0
adjoint,0,339,9.521419709407098e-07,True,CONVERGED,float64,cuda:0
adjoint,1,343,9.471543791793205e-07,True,CONVERGED,float64,cuda:0
adjoint,2,344,9.306452813138499e-07,True,CONVERGED,float64,cuda:0
forward,0,330,9.595506173377144e-07,True,CONVERGED,float64,cuda:0
forward,1,342,9.475899461607602e-07,True,CONVERGED,float64,cuda:0
forward,2,342,9.164320929239933e-07,True,CONVERGED,float64,cuda:0
adjoint,0,329,9.386635008744703e-07,True,CONVERGED,float64,cuda:0
adjoint,1,343,9.461978744338945e-07,True,CONVERGED,float64,cuda:0
adjoint,2,344,9.404287798822503e-07,True,CONVERGED,float64,cuda:0
forward,0,338,9.50814883721049e-07,True,CONVERGED,float64,cuda:0
forward,1,345,9.321025491417151e-07,True,CONVERGED,float64,cuda:0
forward,2,345,9.736543384793375e-07,True,CONVERGED,float64,cuda:0
adjoint,0,340,8.206094302772206e-07,True,CONVERGED,float64,cuda:0
adjoint,1,343,9.81861283996311e-07,True,CONVERGED,float64,cuda:0
adjoint,2,344,9.724080332950851e-07,True,CONVERGED,float64,cuda:0
forward,0,339,9.067205572547432e-07,True,CONVERGED,float64,cuda:0
forward,1,345,9.683801750953502e-07,True,CONVERGED,float64,cuda:0
forward,2,346,9.266067400299483e-07,True,CONVERGED,float64,cuda:0
adjoint,0,340,9.15146526543756e-07,True,CONVERGED,float64,cuda:0
adjoint,1,344,9.366281655707083e-07,True,CONVERGED,float64,cuda:0
adjoint,2,343,9.78830327255729e-07,True,CONVERGED,float64,cuda:0
forward,0,339,8.868979444258472e-07,True,CONVERGED,float64,cuda:0
forward,1,345,9.775322110318787e-07,True,CONVERGED,float64,cuda:0
forward,2,346,9.261391991385694e-07,True,CONVERGED,float64,cuda:0
adjoint,0,340,9.018207169696992e-07,True,CONVERGED,float64,cuda:0
adjoint,1,344,9.266913357330554e-07,True,CONVERGED,float64,cuda:0
adjoint,2,344,9.97839495607757e-07,True,CONVERGED,float64,cuda:0
forward,0,338,9.04075613775462e-07,True,CONVERGED,float64,cuda:0
forward,1,345,9.452815279555688e-07,True,CONVERGED,float64,cuda:0
forward,2,345,9.564594076590745e-07,True,CONVERGED,float64,cuda:0
adjoint,0,340,8.167238525131205e-07,True,CONVERGED,float64,cuda:0
adjoint,1,343,9.553463547300117e-07,True,CONVERGED,float64,cuda:0
adjoint,2,345,9.205000975417425e-07,True,CONVERGED,float64,cuda:0
forward,0,335,9.66316018463096e-07,True,CONVERGED,float64,cuda:0
forward,1,343,9.792580897164582e-07,True,CONVERGED,float64,cuda:0
forward,2,342,9.689305172388737e-07,True,CONVERGED,float64,cuda:0
adjoint,0,321,9.96218388144905e-07,True,CONVERGED,float64,cuda:0
adjoint,1,343,9.563416705871501e-07,True,CONVERGED,float64,cuda:0
adjoint,2,344,9.629210821066033e-07,True,CONVERGED,float64,cuda:0
forward,0,338,9.067694787721717e-07,True,CONVERGED,float64,cuda:0
forward,1,345,9.402648195140883e-07,True,CONVERGED,float64,cuda:0
forward,2,344,9.569768740122668e-07,True,CONVERGED,float64,cuda:0
adjoint,0,340,8.12022380835098e-07,True,CONVERGED,float64,cuda:0
adjoint,1,343,9.479987415083431e-07,True,CONVERGED,float64,cuda:0
adjoint,2,344,9.524147693392361e-07,True,CONVERGED,float64,cuda:0
forward,0,338,9.78744428874236e-07,True,CONVERGED,float64,cuda:0
forward,1,345,9.367827443729501e-07,True,CONVERGED,float64,cuda:0
forward,2,344,9.494595823068206e-07,True,CONVERGED,float64,cuda:0
adjoint,0,340,8.347857917741955e-07,True,CONVERGED,float64,cuda:0
adjoint,1,343,9.686959707797111e-07,True,CONVERGED,float64,cuda:0
adjoint,2,344,9.364429020773474e-07,True,CONVERGED,float64,cuda:0
forward,0,338,9.459964996417568e-07,True,CONVERGED,float64,cuda:0
forward,1,345,9.438221414369937e-07,True,CONVERGED,float64,cuda:0
forward,2,343,9.817294050926412e-07,True,CONVERGED,float64,cuda:0
adjoint,0,339,9.993199582626273e-07,True,CONVERGED,float64,cuda:0
adjoint,1,343,9.654682852193823e-07,True,CONVERGED,float64,cuda:0
adjoint,2,344,9.398079462691072e-07,True,CONVERGED,float64,cuda:0
forward,0,336,9.718030507817403e-07,True,CONVERGED,float64,cuda:0
forward,1,343,9.908326567517983e-07,True,CONVERGED,float64,cuda:0
forward,2,342,9.594948149698772e-07,True,CONVERGED,float64,cuda:0
adjoint,0,339,9.661974615641453e-07,True,CONVERGED,float64,cuda:0
adjoint,1,343,9.187289092444934e-07,True,CONVERGED,float64,cuda:0
adjoint,2,344,9.257962373846354e-07,True,CONVERGED,float64,cuda:0
forward,0,337,9.447785828770144e-07,True,CONVERGED,float64,cuda:0
forward,1,343,9.954552583081929e-07,True,CONVERGED,float64,cuda:0
forward,2,342,9.661918162260548e-07,True,CONVERGED,float64,cuda:0
adjoint,0,327,9.750977082428108e-07,True,CONVERGED,float64,cuda:0
adjoint,1,343,9.353393276314981e-07,True,CONVERGED,float64,cuda:0
adjoint,2,344,9.536858058341832e-07,True,CONVERGED,float64,cuda:0
forward,0,338,9.570874518323683e-07,True,CONVERGED,float64,cuda:0
forward,1,345,9.521167394978763e-07,True,CONVERGED,float64,cuda:0
forward,2,345,9.79730137569919e-07,True,CONVERGED,float64,cuda:0
adjoint,0,340,8.699079385904794e-07,True,CONVERGED,float64,cuda:0
adjoint,1,343,9.785841898755182e-07,True,CONVERGED,float64,cuda:0
adjoint,2,345,9.368387444885103e-07,True,CONVERGED,float64,cuda:0
forward,0,339,8.899271601150801e-07,True,CONVERGED,float64,cuda:0
forward,1,345,9.559599905219893e-07,True,CONVERGED,float64,cuda:0
forward,2,346,9.323644853923137e-07,True,CONVERGED,float64,cuda:0
adjoint,0,340,9.26785995674633e-07,True,CONVERGED,float64,cuda:0
adjoint,1,343,9.972336721326072e-07,True,CONVERGED,float64,cuda:0
adjoint,2,344,9.745804228037463e-07,True,CONVERGED,float64,cuda:0
forward,0,339,8.821076720979299e-07,True,CONVERGED,float64,cuda:0
forward,1,345,9.432571744140597e-07,True,CONVERGED,float64,cuda:0
forward,2,345,9.945797468754875e-07,True,CONVERGED,float64,cuda:0
adjoint,0,340,9.084099542848933e-07,True,CONVERGED,float64,cuda:0
adjoint,1,343,9.777790538030723e-07,True,CONVERGED,float64,cuda:0
adjoint,2,344,9.826962336832476e-07,True,CONVERGED,float64,cuda:0
forward,0,338,9.071748336398839e-07,True,CONVERGED,float64,cuda:0
forward,1,345,9.229706013319601e-07,True,CONVERGED,float64,cuda:0
forward,2,344,9.798729248752857e-07,True,CONVERGED,float64,cuda:0
adjoint,0,339,9.91096935391605e-07,True,CONVERGED,float64,cuda:0
adjoint,1,343,9.356309583521789e-07,True,CONVERGED,float64,cuda:0
adjoint,2,344,9.56430835645042e-07,True,CONVERGED,float64,cuda:0
forward,0,337,9.548790781309139e-07,True,CONVERGED,float64,cuda:0
forward,1,343,9.869803985010141e-07,True,CONVERGED,float64,cuda:0
forward,2,341,9.915390177242567e-07,True,CONVERGED,float64,cuda:0
adjoint,0,329,9.826176914150102e-07,True,CONVERGED,float64,cuda:0
adjoint,1,343,9.105621870215879e-07,True,CONVERGED,float64,cuda:0
adjoint,2,343,9.705798695675811e-07,True,CONVERGED,float64,cuda:0
forward,0,337,9.834793459147987e-07,True,CONVERGED,float64,cuda:0
forward,1,344,9.770691124819888e-07,True,CONVERGED,float64,cuda:0
forward,2,342,9.615652241294265e-07,True,CONVERGED,float64,cuda:0
adjoint,0,339,9.615859844708373e-07,True,CONVERGED,float64,cuda:0
adjoint,1,343,9.12182786799523e-07,True,CONVERGED,float64,cuda:0
adjoint,2,344,9.165289255351456e-07,True,CONVERGED,float64,cuda:0
forward,0,338,9.471126273745927e-07,True,CONVERGED,float64,cuda:0
forward,1,345,9.356104279142474e-07,True,CONVERGED,float64,cuda:0
forward,2,343,9.712791792663867e-07,True,CONVERGED,float64,cuda:0
adjoint,0,340,8.30398936763154e-07,True,CONVERGED,float64,cuda:0
adjoint,1,343,9.231819119809822e-07,True,CONVERGED,float64,cuda:0
adjoint,2,344,9.340315372636882e-07,True,CONVERGED,float64,cuda:0
forward,0,338,9.525524228563051e-07,True,CONVERGED,float64,cuda:0
forward,1,345,9.438359594862242e-07,True,CONVERGED,float64,cuda:0
forward,2,343,9.832440974711275e-07,True,CONVERGED,float64,cuda:0
adjoint,0,340,8.445118562596124e-07,True,CONVERGED,float64,cuda:0
adjoint,1,343,9.20084279215081e-07,True,CONVERGED,float64,cuda:0
adjoint,2,344,9.424265221716295e-07,True,CONVERGED,float64,cuda:0
forward,0,338,9.208420649777399e-07,True,CONVERGED,float64,cuda:0
forward,1,344,9.811408190757546e-07,True,CONVERGED,float64,cuda:0
forward,2,342,9.554968352020308e-07,True,CONVERGED,float64,cuda:0
adjoint,0,339,9.653196550861097e-07,True,CONVERGED,float64,cuda:0
adjoint,1,343,8.985920180231843e-07,True,CONVERGED,float64,cuda:0
adjoint,2,344,9.566026580131891e-07,True,CONVERGED,float64,cuda:0
forward,0,338,9.022320613774268e-07,True,CONVERGED,float64,cuda:0
forward,1,343,9.972426396108473e-07,True,CONVERGED,float64,cuda:0
forward,2,341,9.959638743928495e-07,True,CONVERGED,float64,cuda:0
adjoint,0,330,9.876287145685288e-07,True,CONVERGED,float64,cuda:0
adjoint,1,343,9.11976044271756e-07,True,CONVERGED,float64,cuda:0
adjoint,2,343,9.729692925908284e-07,True,CONVERGED,float64,cuda:0
forward,0,338,9.422280095975327e-07,True,CONVERGED,float64,cuda:0
forward,1,345,9.262870799567516e-07,True,CONVERGED,float64,cuda:0
forward,2,343,9.624941046913175e-07,True,CONVERGED,float64,cuda:0
adjoint,0,340,8.566909191894343e-07,True,CONVERGED,float64,cuda:0
adjoint,1,343,9.061344992160897e-07,True,CONVERGED,float64,cuda:0
adjoint,2,344,9.8358889308545e-07,True,CONVERGED,float64,cuda:0
forward,0,338,9.66609190586131e-07,True,CONVERGED,float64,cuda:0
forward,1,345,9.528817349078355e-07,True,CONVERGED,float64,cuda:0
forward,2,343,9.900801689417775e-07,True,CONVERGED,float64,cuda:0
adjoint,0,340,8.6142657074909e-07,True,CONVERGED,float64,cuda:0
adjoint,1,343,9.167016077980218e-07,True,CONVERGED,float64,cuda:0
adjoint,2,344,9.61921386433971e-07,True,CONVERGED,float64,cuda:0
forward,0,338,9.612688705266903e-07,True,CONVERGED,float64,cuda:0
forward,1,344,9.929280913730973e-07,True,CONVERGED,float64,cuda:0
forward,2,342,9.801280004537944e-07,True,CONVERGED,float64,cuda:0
adjoint,0,340,8.413726793510694e-07,True,CONVERGED,float64,cuda:0
adjoint,1,343,9.033806257439511e-07,True,CONVERGED,float64,cuda:0
adjoint,2,344,9.203464463298181e-07,True,CONVERGED,float64,cuda:0
forward,0,338,9.147555425937624e-07,True,CONVERGED,float64,cuda:0
forward,1,343,9.885657818820332e-07,True,CONVERGED,float64,cuda:0
forward,2,342,9.057807652242021e-07,True,CONVERGED,float64,cuda:0
adjoint,0,339,8.480748475655023e-07,True,CONVERGED,float64,cuda:0
adjoint,1,343,8.940121543993719e-07,True,CONVERGED,float64,cuda:0
adjoint,2,343,9.719408871089385e-07,True,CONVERGED,float64,cuda:0
forward,0,338,9.254606617549701e-07,True,CONVERGED,float64,cuda:0
forward,1,344,9.594213339251515e-07,True,CONVERGED,float64,cuda:0
forward,2,342,9.161473137706417e-07,True,CONVERGED,float64,cuda:0
adjoint,0,327,9.659707241947882e-07,True,CONVERGED,float64,cuda:0
adjoint,1,343,8.91308841345773e-07,True,CONVERGED,float64,cuda:0
adjoint,2,343,9.904873527015296e-07,True,CONVERGED,float64,cuda:0
forward,0,338,9.37888903904316e-07,True,CONVERGED,float64,cuda:0
forward,1,345,9.19994751403393e-07,True,CONVERGED,float64,cuda:0
forward,2,344,9.711065535200709e-07,True,CONVERGED,float64,cuda:0
adjoint,0,339,9.9377525915633e-07,True,CONVERGED,float64,cuda:0
adjoint,1,342,9.783665276419517e-07,True,CONVERGED,float64,cuda:0
adjoint,2,344,9.715742986727643e-07,True,CONVERGED,float64,cuda:0
forward,0,338,9.69732941706884e-07,True,CONVERGED,float64,cuda:0
forward,1,345,9.306318265119602e-07,True,CONVERGED,float64,cuda:0
forward,2,345,9.360235577405925e-07,True,CONVERGED,float64,cuda:0
adjoint,0,340,8.675328167131037e-07,True,CONVERGED,float64,cuda:0
adjoint,1,343,9.204338732756552e-07,True,CONVERGED,float64,cuda:0
adjoint,2,343,9.940060151969646e-07,True,CONVERGED,float64,cuda:0
forward,0,338,9.775531890733684e-07,True,CONVERGED,float64,cuda:0
forward,1,345,9.391460587839305e-07,True,CONVERGED,float64,cuda:0
forward,2,344,9.860063430475168e-07,True,CONVERGED,float64,cuda:0
adjoint,0,340,8.541725523561251e-07,True,CONVERGED,float64,cuda:0
adjoint,1,343,9.086130523208648e-07,True,CONVERGED,float64,cuda:0
adjoint,2,344,9.384958104190823e-07,True,CONVERGED,float64,cuda:0
forward,0,338,9.15547313341814e-07,True,CONVERGED,float64,cuda:0
forward,1,345,9.140454472791205e-07,True,CONVERGED,float64,cuda:0
forward,2,342,9.888453563717826e-07,True,CONVERGED,float64,cuda:0
adjoint,0,339,8.69922978562489e-07,True,CONVERGED,float64,cuda:0
adjoint,1,342,9.788498391350034e-07,True,CONVERGED,float64,cuda:0
adjoint,2,344,9.48625376025713e-07,True,CONVERGED,float64,cuda:0
forward,0,338,9.582397763849261e-07,True,CONVERGED,float64,cuda:0
forward,1,344,9.707145942043273e-07,True,CONVERGED,float64,cuda:0
forward,2,342,9.277979114753074e-07,True,CONVERGED,float64,cuda:0
adjoint,0,327,9.980239246511915e-07,True,CONVERGED,float64,cuda:0
adjoint,1,343,9.083097620876424e-07,True,CONVERGED,float64,cuda:0
adjoint,2,344,9.311330972106107e-07,True,CONVERGED,float64,cuda:0
forward,0,338,9.422178638191272e-07,True,CONVERGED,float64,cuda:0
forward,1,344,9.824430894790054e-07,True,CONVERGED,float64,cuda:0
forward,2,342,9.535688650033013e-07,True,CONVERGED,float64,cuda:0
adjoint,0,339,8.973783967534487e-07,True,CONVERGED,float64,cuda:0
adjoint,1,343,8.830259762372046e-07,True,CONVERGED,float64,cuda:0
adjoint,2,344,9.267887516574838e-07,True,CONVERGED,float64,cuda:0
forward,0,338,9.97403071159492e-07,True,CONVERGED,float64,cuda:0
forward,1,342,9.99142645969652e-07,True,CONVERGED,float64,cuda:0
forward,2,342,9.720769677647703e-07,True,CONVERGED,float64,cuda:0
adjoint,0,339,9.85383778407547e-07,True,CONVERGED,float64,cuda:0
adjoint,1,343,9.369744200883362e-07,True,CONVERGED,float64,cuda:0
adjoint,2,343,9.784616181799627e-07,True,CONVERGED,float64,cuda:0
forward,0,338,9.69248480621186e-07,True,CONVERGED,float64,cuda:0
forward,1,345,9.466048865789996e-07,True,CONVERGED,float64,cuda:0
forward,2,342,9.946056873200327e-07,True,CONVERGED,float64,cuda:0
adjoint,0,340,8.588950379694938e-07,True,CONVERGED,float64,cuda:0
adjoint,1,343,9.107503512933803e-07,True,CONVERGED,float64,cuda:0
adjoint,2,344,9.242859555408467e-07,True,CONVERGED,float64,cuda:0
forward,0,338,9.196397132353121e-07,True,CONVERGED,float64,cuda:0
forward,1,345,9.201142554851507e-07,True,CONVERGED,float64,cuda:0
forward,2,342,9.726422849886821e-07,True,CONVERGED,float64,cuda:0
adjoint,0,328,9.754827856600713e-07,True,CONVERGED,float64,cuda:0
adjoint,1,342,9.690634894567602e-07,True,CONVERGED,float64,cuda:0
adjoint,2,344,9.462983347446259e-07,True,CONVERGED,float64,cuda:0
forward,0,338,9.620130017104166e-07,True,CONVERGED,float64,cuda:0
forward,1,343,9.995776758702124e-07,True,CONVERGED,float64,cuda:0
forward,2,342,9.120217827074018e-07,True,CONVERGED,float64,cuda:0
adjoint,0,339,9.926782305798663e-07,True,CONVERGED,float64,cuda:0
adjoint,1,343,9.052100784198525e-07,True,CONVERGED,float64,cuda:0
adjoint,2,344,9.365837219912204e-07,True,CONVERGED,float64,cuda:0
forward,0,338,9.33044909490419e-07,True,CONVERGED,float64,cuda:0
forward,1,342,9.872395542160076e-07,True,CONVERGED,float64,cuda:0
forward,2,342,9.427345666768544e-07,True,CONVERGED,float64,cuda:0
adjoint,0,325,9.592197125966513e-07,True,CONVERGED,float64,cuda:0
adjoint,1,343,8.723362617660513e-07,True,CONVERGED,float64,cuda:0
adjoint,2,344,9.258140190102088e-07,True,CONVERGED,float64,cuda:0
forward,0,338,9.648972998140483e-07,True,CONVERGED,float64,cuda:0
forward,1,342,9.573903548051102e-07,True,CONVERGED,float64,cuda:0
forward,2,342,9.563401035389458e-07,True,CONVERGED,float64,cuda:0
adjoint,0,339,9.802446116105978e-07,True,CONVERGED,float64,cuda:0
adjoint,1,343,9.100214918112929e-07,True,CONVERGED,float64,cuda:0
adjoint,2,343,9.451800228942143e-07,True,CONVERGED,float64,cuda:0
forward,0,338,9.41128527223397e-07,True,CONVERGED,float64,cuda:0
forward,1,344,9.920621129899943e-07,True,CONVERGED,float64,cuda:0
forward,2,342,9.77135663090608e-07,True,CONVERGED,float64,cuda:0
adjoint,0,328,9.317196189187376e-07,True,CONVERGED,float64,cuda:0
adjoint,1,342,9.804461976897442e-07,True,CONVERGED,float64,cuda:0
adjoint,2,343,9.79740884206011e-07,True,CONVERGED,float64,cuda:0
forward,0,338,9.00356415954829e-07,True,CONVERGED,float64,cuda:0
forward,1,342,9.85983009901176e-07,True,CONVERGED,float64,cuda:0
forward,2,342,9.08646047272941e-07,True,CONVERGED,float64,cuda:0
adjoint,0,339,9.392286687214414e-07,True,CONVERGED,float64,cuda:0
adjoint,1,342,9.756640734611887e-07,True,CONVERGED,float64,cuda:0
adjoint,2,343,9.775708971088767e-07,True,CONVERGED,float64,cuda:0
forward,0,337,9.821942720474657e-07,True,CONVERGED,float64,cuda:0
forward,1,342,9.18072173952619e-07,True,CONVERGED,float64,cuda:0
forward,2,342,8.8670266189248e-07,True,CONVERGED,float64,cuda:0
adjoint,0,338,9.574932922813898e-07,True,CONVERGED,float64,cuda:0
adjoint,1,342,9.902547907425542e-07,True,CONVERGED,float64,cuda:0
adjoint,2,343,9.357156298339312e-07,True,CONVERGED,float64,cuda:0
forward,0,338,9.218617658673255e-07,True,CONVERGED,float64,cuda:0
forward,1,342,9.182884855084015e-07,True,CONVERGED,float64,cuda:0
forward,2,342,9.057285223462789e-07,True,CONVERGED,float64,cuda:0
adjoint,0,339,9.074300688263413e-07,True,CONVERGED,float64,cuda:0
adjoint,1,342,9.949367720689336e-07,True,CONVERGED,float64,cuda:0
adjoint,2,342,9.54786501296565e-07,True,CONVERGED,float64,cuda:0
forward,0,338,9.655019722179971e-07,True,CONVERGED,float64,cuda:0
forward,1,342,9.627457634423723e-07,True,CONVERGED,float64,cuda:0
forward,2,342,9.472627025255127e-07,True,CONVERGED,float64,cuda:0
adjoint,0,339,9.393335377656659e-07,True,CONVERGED,float64,cuda:0
adjoint,1,342,9.87404505194756e-07,True,CONVERGED,float64,cuda:0
adjoint,2,341,9.61133520382791e-07,True,CONVERGED,float64,cuda:0
forward,0,338,9.299752141726365e-07,True,CONVERGED,float64,cuda:0
forward,1,342,9.359249336391562e-07,True,CONVERGED,float64,cuda:0
forward,2,342,8.972772999179344e-07,True,CONVERGED,float64,cuda:0
adjoint,0,327,9.926851709902876e-07,True,CONVERGED,float64,cuda:0
adjoint,1,342,9.688755006677887e-07,True,CONVERGED,float64,cuda:0
adjoint,2,342,9.668175566104005e-07,True,CONVERGED,float64,cuda:0
forward,0,336,9.615134033780793e-07,True,CONVERGED,float64,cuda:0
forward,1,341,9.627701360453861e-07,True,CONVERGED,float64,cuda:0
forward,2,341,9.803391511121243e-07,True,CONVERGED,float64,cuda:0
adjoint,0,338,9.19833087931613e-07,True,CONVERGED,float64,cuda:0
adjoint,1,342,9.64253764936557e-07,True,CONVERGED,float64,cuda:0
adjoint,2,342,9.856730465125576e-07,True,CONVERGED,float64,cuda:0
forward,0,337,9.767343796380127e-07,True,CONVERGED,float64,cuda:0
forward,1,341,9.817860056301447e-07,True,CONVERGED,float64,cuda:0
forward,2,342,8.904839706279926e-07,True,CONVERGED,float64,cuda:0
adjoint,0,339,9.099066899467539e-07,True,CONVERGED,float64,cuda:0
adjoint,1,342,9.657165227731866e-07,True,CONVERGED,float64,cuda:0
adjoint,2,343,9.145943270521942e-07,True,CONVERGED,float64,cuda:0
forward,0,338,9.492154015308883e-07,True,CONVERGED,float64,cuda:0
forward,1,342,9.529782098782278e-07,True,CONVERGED,float64,cuda:0
forward,2,342,9.105473287300735e-07,True,CONVERGED,float64,cuda:0
adjoint,0,328,9.994028364219207e-07,True,CONVERGED,float64,cuda:0
adjoint,1,342,9.58058653901931e-07,True,CONVERGED,float64,cuda:0
adjoint,2,341,9.859486585931978e-07,True,CONVERGED,float64,cuda:0
forward,0,338,9.344362095990498e-07,True,CONVERGED,float64,cuda:0
forward,1,341,9.76808964404411e-07,True,CONVERGED,float64,cuda:0
forward,2,342,9.028892178084415e-07,True,CONVERGED,float64,cuda:0
adjoint,0,339,9.147685003697173e-07,True,CONVERGED,float64,cuda:0
adjoint,1,342,9.612594439058911e-07,True,CONVERGED,float64,cuda:0
adjoint,2,342,9.083714612105268e-07,True,CONVERGED,float64,cuda:0
forward,0,336,9.531911803407758e-07,True,CONVERGED,float64,cuda:0
forward,1,341,9.496756795213132e-07,True,CONVERGED,float64,cuda:0
forward,2,341,9.981167951198419e-07,True,CONVERGED,float64,cuda:0
adjoint,0,323,9.483437278746812e-07,True,CONVERGED,float64,cuda:0
adjoint,1,342,9.60324026839633e-07,True,CONVERGED,float64,cuda:0
adjoint,2,342,9.418362669850886e-07,True,CONVERGED,float64,cuda:0
forward,0,338,8.905457561150034e-07,True,CONVERGED,float64,cuda:0
forward,1,342,9.61350106293203e-07,True,CONVERGED,float64,cuda:0
forward,2,342,8.866273030532586e-07,True,CONVERGED,float64,cuda:0
adjoint,0,339,9.595047714463314e-07,True,CONVERGED,float64,cuda:0
adjoint,1,342,9.724065503700732e-07,True,CONVERGED,float64,cuda:0
adjoint,2,342,9.850237189154965e-07,True,CONVERGED,float64,cuda:0
forward,0,338,9.597311045528053e-07,True,CONVERGED,float64,cuda:0
forward,1,344,9.64853182732085e-07,True,CONVERGED,float64,cuda:0
forward,2,343,9.99444694159593e-07,True,CONVERGED,float64,cuda:0
adjoint,0,326,8.943774479522582e-07,True,CONVERGED,float64,cuda:0
adjoint,1,342,8.970612574802355e-07,True,CONVERGED,float64,cuda:0
adjoint,2,340,9.989389206363797e-07,True,CONVERGED,float64,cuda:0
forward,0,338,9.601553764918753e-07,True,CONVERGED,float64,cuda:0
forward,1,344,9.466239926448668e-07,True,CONVERGED,float64,cuda:0
forward,2,345,9.319578393887349e-07,True,CONVERGED,float64,cuda:0
adjoint,0,339,9.434970476899669e-07,True,CONVERGED,float64,cuda:0
adjoint,1,342,9.179899414360835e-07,True,CONVERGED,float64,cuda:0
adjoint,2,340,9.425683746464853e-07,True,CONVERGED,float64,cuda:0
forward,0,338,9.260061851521717e-07,True,CONVERGED,float64,cuda:0
forward,1,344,9.383558633388702e-07,True,CONVERGED,float64,cuda:0
forward,2,341,9.930688539437352e-07,True,CONVERGED,float64,cuda:0
adjoint,0,339,9.421570657151389e-07,True,CONVERGED,float64,cuda:0
adjoint,1,342,9.05762057315972e-07,True,CONVERGED,float64,cuda:0
adjoint,2,341,9.599335727875953e-07,True,CONVERGED,float64,cuda:0
forward,0,338,8.915657411002361e-07,True,CONVERGED,float64,cuda:0
forward,1,341,9.788509206104083e-07,True,CONVERGED,float64,cuda:0
forward,2,342,8.8992325719303e-07,True,CONVERGED,float64,cuda:0
adjoint,0,337,9.796355392924089e-07,True,CONVERGED,float64,cuda:0
adjoint,1,342,9.663882787223614e-07,True,CONVERGED,float64,cuda:0
adjoint,2,342,9.411138680938289e-07,True,CONVERGED,float64,cuda:0
forward,0,337,9.918765615030467e-07,True,CONVERGED,float64,cuda:0
forward,1,341,9.265081350491438e-07,True,CONVERGED,float64,cuda:0
forward,2,342,8.630309389142646e-07,True,CONVERGED,float64,cuda:0
adjoint,0,336,9.756720777217905e-07,True,CONVERGED,float64,cuda:0
adjoint,1,342,9.856041472122358e-07,True,CONVERGED,float64,cuda:0
adjoint,2,342,8.975752629950533e-07,True,CONVERGED,float64,cuda:0
forward,0,338,9.540595170981649e-07,True,CONVERGED,float64,cuda:0
forward,1,341,9.158516275747103e-07,True,CONVERGED,float64,cuda:0
forward,2,341,9.79806857619875e-07,True,CONVERGED,float64,cuda:0
adjoint,0,332,9.820240698921705e-07,True,CONVERGED,float64,cuda:0
adjoint,1,342,9.641943415071903e-07,True,CONVERGED,float64,cuda:0
adjoint,2,342,9.677186730439474e-07,True,CONVERGED,float64,cuda:0
forward,0,335,9.726155399809545e-07,True,CONVERGED,float64,cuda:0
forward,1,341,9.075756191023966e-07,True,CONVERGED,float64,cuda:0
forward,2,341,9.65759755396646e-07,True,CONVERGED,float64,cuda:0
adjoint,0,333,9.78017558560847e-07,True,CONVERGED,float64,cuda:0
adjoint,1,342,9.454836940466315e-07,True,CONVERGED,float64,cuda:0
adjoint,2,342,9.166297354972581e-07,True,CONVERGED,float64,cuda:0
forward,0,337,9.429114360739214e-07,True,CONVERGED,float64,cuda:0
forward,1,341,9.719629384771677e-07,True,CONVERGED,float64,cuda:0
forward,2,342,8.957214887838223e-07,True,CONVERGED,float64,cuda:0
adjoint,0,339,9.285099049832412e-07,True,CONVERGED,float64,cuda:0
adjoint,1,342,9.441606763516379e-07,True,CONVERGED,float64,cuda:0
adjoint,2,342,9.474922866019456e-07,True,CONVERGED,float64,cuda:0
forward,0,338,9.22263906779699e-07,True,CONVERGED,float64,cuda:0
forward,1,342,9.84177417052492e-07,True,CONVERGED,float64,cuda:0
forward,2,342,9.366362810076326e-07,True,CONVERGED,float64,cuda:0
adjoint,0,340,9.040767303001484e-07,True,CONVERGED,float64,cuda:0
adjoint,1,342,8.881307513407121e-07,True,CONVERGED,float64,cuda:0
adjoint,2,341,9.023121770282842e-07,True,CONVERGED,float64,cuda:0
forward,0,338,9.361749562710809e-07,True,CONVERGED,float64,cuda:0
forward,1,342,9.994586962970032e-07,True,CONVERGED,float64,cuda:0
forward,2,343,9.874080110467475e-07,True,CONVERGED,float64,cuda:0
adjoint,0,335,9.777410239497122e-07,True,CONVERGED,float64,cuda:0
adjoint,1,341,9.956648601418688e-07,True,CONVERGED,float64,cuda:0
adjoint,2,340,8.955281260339363e-07,True,CONVERGED,float64,cuda:0
forward,0,338,9.005385338228477e-07,True,CONVERGED,float64,cuda:0
forward,1,341,9.8571511416185e-07,True,CONVERGED,float64,cuda:0
forward,2,341,9.626912438895671e-07,True,CONVERGED,float64,cuda:0
adjoint,0,339,9.26083593088749e-07,True,CONVERGED,float64,cuda:0
adjoint,1,342,8.707938446737206e-07,True,CONVERGED,float64,cuda:0
adjoint,2,340,9.215645236999898e-07,True,CONVERGED,float64,cuda:0
forward,0,337,9.436266598923468e-07,True,CONVERGED,float64,cuda:0
forward,1,341,9.136835283386461e-07,True,CONVERGED,float64,cuda:0
forward,2,341,9.640368966752816e-07,True,CONVERGED,float64,cuda:0
adjoint,0,323,9.482419944128037e-07,True,CONVERGED,float64,cuda:0
adjoint,1,342,9.346039583799394e-07,True,CONVERGED,float64,cuda:0
adjoint,2,340,9.760641669170642e-07,True,CONVERGED,float64,cuda:0
forward,0,336,9.835324203490763e-07,True,CONVERGED,float64,cuda:0
forward,1,341,8.970866821731042e-07,True,CONVERGED,float64,cuda:0
forward,2,341,9.653097094936504e-07,True,CONVERGED,float64,cuda:0
adjoint,0,336,9.853368067595734e-07,True,CONVERGED,float64,cuda:0
adjoint,1,342,9.425795438682727e-07,True,CONVERGED,float64,cuda:0
adjoint,2,341,9.48384440929299e-07,True,CONVERGED,float64,cuda:0
forward,0,334,9.932983027414783e-07,True,CONVERGED,float64,cuda:0
forward,1,341,8.686031192321152e-07,True,CONVERGED,float64,cuda:0
forward,2,341,9.149698418257569e-07,True,CONVERGED,float64,cuda:0
adjoint,0,301,8.908814308450973e-07,True,CONVERGED,float64,cuda:0
adjoint,1,342,9.524344424811115e-07,True,CONVERGED,float64,cuda:0
adjoint,2,341,9.59059747895341e-07,True,CONVERGED,float64,cuda:0
forward,0,334,9.562845378618482e-07,True,CONVERGED,float64,cuda:0
forward,1,341,8.59699796573304e-07,True,CONVERGED,float64,cuda:0
forward,2,341,8.92804035833372e-07,True,CONVERGED,float64,cuda:0
adjoint,0,332,9.733004710607572e-07,True,CONVERGED,float64,cuda:0
adjoint,1,342,9.46629016471407e-07,True,CONVERGED,float64,cuda:0
adjoint,2,341,9.6327011599637e-07,True,CONVERGED,float64,cuda:0
forward,0,336,9.797140653950865e-07,True,CONVERGED,float64,cuda:0
forward,1,341,9.08941580045941e-07,True,CONVERGED,float64,cuda:0
forward,2,341,9.838444994891412e-07,True,CONVERGED,float64,cuda:0
adjoint,0,334,9.935678253953157e-07,True,CONVERGED,float64,cuda:0
adjoint,1,342,9.278371219415767e-07,True,CONVERGED,float64,cuda:0
adjoint,2,341,9.961720425839764e-07,True,CONVERGED,float64,cuda:0
forward,0,338,9.02574332547119e-07,True,CONVERGED,float64,cuda:0
forward,1,341,9.61430238119473e-07,True,CONVERGED,float64,cuda:0
forward,2,342,8.740181639951306e-07,True,CONVERGED,float64,cuda:0
adjoint,0,339,9.523480874653787e-07,True,CONVERGED,float64,cuda:0
adjoint,1,342,8.991614418191501e-07,True,CONVERGED,float64,cuda:0
adjoint,2,341,9.502105234907078e-07,True,CONVERGED,float64,cuda:0
forward,0,338,9.301140534226741e-07,True,CONVERGED,float64,cuda:0
forward,1,342,9.68138737803386e-07,True,CONVERGED,float64,cuda:0
forward,2,342,9.099807044349156e-07,True,CONVERGED,float64,cuda:0
adjoint,0,339,9.552638505069144e-07,True,CONVERGED,float64,cuda:0
adjoint,1,342,8.725671056684693e-07,True,CONVERGED,float64,cuda:0
adjoint,2,340,9.79102390631947e-07,True,CONVERGED,float64,cuda:0
forward,0,338,9.646725478449432e-07,True,CONVERGED,float64,cuda:0
forward,1,342,9.755056699953536e-07,True,CONVERGED,float64,cuda:0
forward,2,342,9.251028404366015e-07,True,CONVERGED,float64,cuda:0
adjoint,0,338,9.506660940531925e-07,True,CONVERGED,float64,cuda:0
adjoint,1,342,8.701322548491916e-07,True,CONVERGED,float64,cuda:0
adjoint,2,340,9.075299204799625e-07,True,CONVERGED,float64,cuda:0
forward,0,338,9.381017831476224e-07,True,CONVERGED,float64,cuda:0
forward,1,341,9.839679569618422e-07,True,CONVERGED,float64,cuda:0
forward,2,341,9.965003184760725e-07,True,CONVERGED,float64,cuda:0
adjoint,0,328,9.571017434046969e-07,True,CONVERGED,float64,cuda:0
adjoint,1,342,8.891392606361954e-07,True,CONVERGED,float64,cuda:0
adjoint,2,339,9.98006690068187e-07,True,CONVERGED,float64,cuda:0
forward,0,337,9.786017667586704e-07,True,CONVERGED,float64,cuda:0
forward,1,341,9.301466094365468e-07,True,CONVERGED,float64,cuda:0
forward,2,341,9.966749865508277e-07,True,CONVERGED,float64,cuda:0
adjoint,0,338,9.941308252547092e-07,True,CONVERGED,float64,cuda:0
adjoint,1,342,9.499309975122743e-07,True,CONVERGED,float64,cuda:0
adjoint,2,341,9.425862297455035e-07,True,CONVERGED,float64,cuda:0
forward,0,336,9.85930831913859e-07,True,CONVERGED,float64,cuda:0
forward,1,341,9.093510937374364e-07,True,CONVERGED,float64,cuda:0
forward,2,341,9.66909953423936e-07,True,CONVERGED,float64,cuda:0
adjoint,0,337,9.97313741173376e-07,True,CONVERGED,float64,cuda:0
adjoint,1,342,9.781553232083183e-07,True,CONVERGED,float64,cuda:0
adjoint,2,341,9.461975264989352e-07,True,CONVERGED,float64,cuda:0
forward,0,335,9.978299446961992e-07,True,CONVERGED,float64,cuda:0
forward,1,341,8.887252292238597e-07,True,CONVERGED,float64,cuda:0
forward,2,341,9.370750889976654e-07,True,CONVERGED,float64,cuda:0
adjoint,0,336,9.456737095817114e-07,True,CONVERGED,float64,cuda:0
adjoint,1,342,9.65745359752726e-07,True,CONVERGED,float64,cuda:0
adjoint,2,341,9.71145572491854e-07,True,CONVERGED,float64,cuda:0
forward,0,335,9.479815739163374e-07,True,CONVERGED,float64,cuda:0
forward,1,341,8.712474233368226e-07,True,CONVERGED,float64,cuda:0
forward,2,341,9.290043028797046e-07,True,CONVERGED,float64,cuda:0
adjoint,0,334,9.673891107056474e-07,True,CONVERGED,float64,cuda:0
adjoint,1,342,9.437450105654659e-07,True,CONVERGED,float64,cuda:0
adjoint,2,341,9.788011336808288e-07,True,CONVERGED,float64,cuda:0
forward,0,336,9.515237500999626e-07,True,CONVERGED,float64,cuda:0
forward,1,341,8.829274231285438e-07,True,CONVERGED,float64,cuda:0
forward,2,341,9.605860647499727e-07,True,CONVERGED,float64,cuda:0
adjoint,0,336,9.390801161039728e-07,True,CONVERGED,float64,cuda:0
adjoint,1,342,9.16131131080979e-07,True,CONVERGED,float64,cuda:0
adjoint,2,341,9.582432834089096e-07,True,CONVERGED,float64,cuda:0
forward,0,337,9.46266450761856e-07,True,CONVERGED,float64,cuda:0
forward,1,341,9.01122453510649e-07,True,CONVERGED,float64,cuda:0
forward,2,341,9.823677724783836e-07,True,CONVERGED,float64,cuda:0
adjoint,0,338,9.502577641457422e-07,True,CONVERGED,float64,cuda:0
adjoint,1,342,9.134512352869542e-07,True,CONVERGED,float64,cuda:0
adjoint,2,341,9.838071908679276e-07,True,CONVERGED,float64,cuda:0
forward,0,338,9.024735134448693e-07,True,CONVERGED,float64,cuda:0
forward,1,341,9.307325116249604e-07,True,CONVERGED,float64,cuda:0
forward,2,342,8.740831408746254e-07,True,CONVERGED,float64,cuda:0
adjoint,0,339,8.997876282316954e-07,True,CONVERGED,float64,cuda:0
adjoint,1,342,8.840363954720657e-07,True,CONVERGED,float64,cuda:0
adjoint,2,340,9.930585703094679e-07,True,CONVERGED,float64,cuda:0
forward,0,338,9.2783552176244e-07,True,CONVERGED,float64,cuda:0
forward,1,341,9.768960809543714e-07,True,CONVERGED,float64,cuda:0
forward,2,342,8.741947621885788e-07,True,CONVERGED,float64,cuda:0
adjoint,0,339,9.373111442398098e-07,True,CONVERGED,float64,cuda:0
adjoint,1,341,9.934012133585494e-07,True,CONVERGED,float64,cuda:0
adjoint,2,340,9.043621821355171e-07,True,CONVERGED,float64,cuda:0
forward,0,338,9.632388267068943e-07,True,CONVERGED,float64,cuda:0
forward,1,341,9.854247939194273e-07,True,CONVERGED,float64,cuda:0
forward,2,342,9.03824583378451e-07,True,CONVERGED,float64,cuda:0
adjoint,0,337,9.734365498940107e-07,True,CONVERGED,float64,cuda:0
adjoint,1,341,9.77941892167097e-07,True,CONVERGED,float64,cuda:0
adjoint,2,339,9.391284248219929e-07,True,CONVERGED,float64,cuda:0
forward,0,338,9.287394877199898e-07,True,CONVERGED,float64,cuda:0
forward,1,341,9.227427240989528e-07,True,CONVERGED,float64,cuda:0
forward,2,342,8.524410558636066e-07,True,CONVERGED,float64,cuda:0
adjoint,0,323,9.940901691028804e-07,True,CONVERGED,float64,cuda:0
adjoint,1,342,8.847459818810949e-07,True,CONVERGED,float64,cuda:0
adjoint,2,339,9.978653219863242e-07,True,CONVERGED,float64,cuda:0
forward,0,337,9.590046731988234e-07,True,CONVERGED,float64,cuda:0
forward,1,341,9.039923236757887e-07,True,CONVERGED,float64,cuda:0
forward,2,341,9.678145428192004e-07,True,CONVERGED,float64,cuda:0
adjoint,0,338,9.703513794368869e-07,True,CONVERGED,float64,cuda:0
adjoint,1,342,9.313954701629623e-07,True,CONVERGED,float64,cuda:0
adjoint,2,340,9.73394236550854e-07,True,CONVERGED,float64,cuda:0
forward,0,338,9.049482000213584e-07,True,CONVERGED,float64,cuda:0
forward,1,341,8.884951032319033e-07,True,CONVERGED,float64,cuda:0
forward,2,342,8.674031786201152e-07,True,CONVERGED,float64,cuda:0
adjoint,0,339,8.990462379905968e-07,True,CONVERGED,float64,cuda:0
adjoint,1,342,9.105146371438317e-07,True,CONVERGED,float64,cuda:0
adjoint,2,340,9.512706113316672e-07,True,CONVERGED,float64,cuda:0
forward,0,337,9.786791305382712e-07,True,CONVERGED,float64,cuda:0
forward,1,341,8.798090619899152e-07,True,CONVERGED,float64,cuda:0
forward,2,341,9.746136012237343e-07,True,CONVERGED,float64,cuda:0
adjoint,0,339,8.737643394010923e-07,True,CONVERGED,float64,cuda:0
adjoint,1,342,8.908011997183965e-07,True,CONVERGED,float64,cuda:0
adjoint,2,340,9.828460317356108e-07,True,CONVERGED,float64,cuda:0
forward,0,335,9.981155274249432e-07,True,CONVERGED,float64,cuda:0
forward,1,340,9.96541061463266e-07,True,CONVERGED,float64,cuda:0
forward,2,341,9.060244326647725e-07,True,CONVERGED,float64,cuda:0
adjoint,0,338,9.331411495691602e-07,True,CONVERGED,float64,cuda:0
adjoint,1,341,9.966578136881498e-07,True,CONVERGED,float64,cuda:0
adjoint,2,341,9.511564224411116e-07,True,CONVERGED,float64,cuda:0
forward,0,338,8.884853783276689e-07,True,CONVERGED,float64,cuda:0
forward,1,341,9.02336299085567e-07,True,CONVERGED,float64,cuda:0
forward,2,342,8.805883534031402e-07,True,CONVERGED,float64,cuda:0
adjoint,0,339,9.095342027427033e-07,True,CONVERGED,float64,cuda:0
adjoint,1,342,8.732272259474079e-07,True,CONVERGED,float64,cuda:0
adjoint,2,340,9.882606316253093e-07,True,CONVERGED,float64,cuda:0
forward,0,338,8.637421409972481e-07,True,CONVERGED,float64,cuda:0
forward,1,341,9.286072215834615e-07,True,CONVERGED,float64,cuda:0
forward,2,342,8.759169713722667e-07,True,CONVERGED,float64,cuda:0
adjoint,0,339,9.748377424235284e-07,True,CONVERGED,float64,cuda:0
adjoint,1,341,9.75462884776859e-07,True,CONVERGED,float64,cuda:0
adjoint,2,340,9.337892539757352e-07,True,CONVERGED,float64,cuda:0
forward,0,337,9.558696278878456e-07,True,CONVERGED,float64,cuda:0
forward,1,341,9.159955992636757e-07,True,CONVERGED,float64,cuda:0
forward,2,341,9.860951785545225e-07,True,CONVERGED,float64,cuda:0
adjoint,0,339,9.314137762475257e-07,True,CONVERGED,float64,cuda:0
adjoint,1,341,9.791682746559372e-07,True,CONVERGED,float64,cuda:0
adjoint,2,340,9.72125049373452e-07,True,CONVERGED,float64,cuda:0
forward,0,338,9.054635113323817e-07,True,CONVERGED,float64,cuda:0
forward,1,341,8.936038427835332e-07,True,CONVERGED,float64,cuda:0
forward,2,341,9.81738383833623e-07,True,CONVERGED,float64,cuda:0
adjoint,0,338,9.785393619460816e-07,True,CONVERGED,float64,cuda:0
adjoint,1,341,9.887698368604095e-07,True,CONVERGED,float64,cuda:0
adjoint,2,340,9.319039212710823e-07,True,CONVERGED,float64,cuda:0
forward,0,338,8.800625193191544e-07,True,CONVERGED,float64,cuda:0
forward,1,341,9.198333292510819e-07,True,CONVERGED,float64,cuda:0
forward,2,341,9.998871022521955e-07,True,CONVERGED,float64,cuda:0
adjoint,0,339,9.24383621841305e-07,True,CONVERGED,float64,cuda:0
adjoint,1,341,9.70524124563381e-07,True,CONVERGED,float64,cuda:0
adjoint,2,340,8.716330276376197e-07,True,CONVERGED,float64,cuda:0
forward,0,337,9.798118698471972e-07,True,CONVERGED,float64,cuda:0
forward,1,341,9.404503541926998e-07,True,CONVERGED,float64,cuda:0
forward,2,341,9.714582631522784e-07,True,CONVERGED,float64,cuda:0
adjoint,0,339,9.180541226705342e-07,True,CONVERGED,float64,cuda:0
adjoint,1,341,9.792000672640862e-07,True,CONVERGED,float64,cuda:0
adjoint,2,340,9.402466307995077e-07,True,CONVERGED,float64,cuda:0
forward,0,338,8.654364856009745e-07,True,CONVERGED,float64,cuda:0
forward,1,341,9.236843746112935e-07,True,CONVERGED,float64,cuda:0
forward,2,342,8.62655402074116e-07,True,CONVERGED,float64,cuda:0
adjoint,0,339,9.334140555603882e-07,True,CONVERGED,float64,cuda:0
adjoint,1,341,9.828873977075038e-07,True,CONVERGED,float64,cuda:0
adjoint,2,340,9.010134694376599e-07,True,CONVERGED,float64,cuda:0
forward,0,338,8.725825895645969e-07,True,CONVERGED,float64,cuda:0
forward,1,341,9.097780656655585e-07,True,CONVERGED,float64,cuda:0
forward,2,341,9.821466510841468e-07,True,CONVERGED,float64,cuda:0
adjoint,0,339,9.128970829255725e-07,True,CONVERGED,float64,cuda:0
adjoint,1,341,9.967085895855895e-07,True,CONVERGED,float64,cuda:0
adjoint,2,340,9.57473883496823e-07,True,CONVERGED,float64,cuda:0
forward,0,335,9.971324295956964e-07,True,CONVERGED,float64,cuda:0
forward,1,341,8.618864977367124e-07,True,CONVERGED,float64,cuda:0
forward,2,341,8.873389476316597e-07,True,CONVERGED,float64,cuda:0
adjoint,0,338,9.134187499686336e-07,True,CONVERGED,float64,cuda:0
adjoint,1,341,9.81662584526422e-07,True,CONVERGED,float64,cuda:0
adjoint,2,341,9.43749691925232e-07,True,CONVERGED,float64,cuda:0
forward,0,336,9.841754633453208e-07,True,CONVERGED,float64,cuda:0
forward,1,341,8.894857274207038e-07,True,CONVERGED,float64,cuda:0
forward,2,341,9.567856902362613e-07,True,CONVERGED,float64,cuda:0
adjoint,0,338,9.523130570627047e-07,True,CONVERGED,float64,cuda:0
adjoint,1,341,9.9233141927282e-07,True,CONVERGED,float64,cuda:0
adjoint,2,341,9.897289299594988e-07,True,CONVERGED,float64,cuda:0
forward,0,338,9.101441165564173e-07,True,CONVERGED,float64,cuda:0
forward,1,341,9.271137085982677e-07,True,CONVERGED,float64,cuda:0
forward,2,341,9.985278174911381e-07,True,CONVERGED,float64,cuda:0
adjoint,0,339,9.155941419046245e-07,True,CONVERGED,float64,cuda:0
adjoint,1,342,9.038551294819354e-07,True,CONVERGED,float64,cuda:0
adjoint,2,341,9.21954666669959e-07,True,CONVERGED,float64,cuda:0
forward,0,338,8.546598954659445e-07,True,CONVERGED,float64,cuda:0
forward,1,341,9.742839248019473e-07,True,CONVERGED,float64,cuda:0
forward,2,342,9.233178161870889e-07,True,CONVERGED,float64,cuda:0
adjoint,0,339,9.581958162002838e-07,True,CONVERGED,float64,cuda:0
adjoint,1,341,9.870124398271331e-07,True,CONVERGED,float64,cuda:0
adjoint,2,340,9.97529444029551e-07,True,CONVERGED,float64,cuda:0
forward,0,338,9.761324538619195e-07,True,CONVERGED,float64,cuda:0
forward,1,342,9.839320820310403e-07,True,CONVERGED,float64,cuda:0
forward,2,343,9.449704096136358e-07,True,CONVERGED,float64,cuda:0
adjoint,0,340,8.987906378002682e-07,True,CONVERGED,float64,cuda:0
adjoint,1,342,9.09661496661194e-07,True,CONVERGED,float64,cuda:0
adjoint,2,340,9.997883179222666e-07,True,CONVERGED,float64,cuda:0
forward,0,339,8.802673534260952e-07,True,CONVERGED,float64,cuda:0
forward,1,343,9.27245649435813e-07,True,CONVERGED,float64,cuda:0
forward,2,345,9.221145665792718e-07,True,CONVERGED,float64,cuda:0
adjoint,0,340,9.450633685855835e-07,True,CONVERGED,float64,cuda:0
adjoint,1,342,9.7594734492628e-07,True,CONVERGED,float64,cuda:0
adjoint,2,339,9.727074575185035e-07,True,CONVERGED,float64,cuda:0
forward,0,339,8.657056498308509e-07,True,CONVERGED,float64,cuda:0
forward,1,343,9.305631372149199e-07,True,CONVERGED,float64,cuda:0
forward,2,344,9.814809024000723e-07,True,CONVERGED,float64,cuda:0
adjoint,0,341,9.481690769398856e-07,True,CONVERGED,float64,cuda:0
adjoint,1,343,9.76939850041642e-07,True,CONVERGED,float64,cuda:0
adjoint,2,339,9.195556741297417e-07,True,CONVERGED,float64,cuda:0
forward,0,338,9.351140118901321e-07,True,CONVERGED,float64,cuda:0
forward,1,341,9.559148805053066e-07,True,CONVERGED,float64,cuda:0
forward,2,342,9.622473465829093e-07,True,CONVERGED,float64,cuda:0
adjoint,0,326,9.834555005499035e-07,True,CONVERGED,float64,cuda:0
adjoint,1,342,9.470533745155828e-07,True,CONVERGED,float64,cuda:0
adjoint,2,339,9.31830961933397e-07,True,CONVERGED,float64,cuda:0
forward,0,338,8.750898539419647e-07,True,CONVERGED,float64,cuda:0
forward,1,340,9.96071043020302e-07,True,CONVERGED,float64,cuda:0
forward,2,341,9.765109406031228e-07,True,CONVERGED,float64,cuda:0
adjoint,0,339,8.966796797082079e-07,True,CONVERGED,float64,cuda:0
adjoint,1,341,9.884264224099305e-07,True,CONVERGED,float64,cuda:0
adjoint,2,339,9.90453917584749e-07,True,CONVERGED,float64,cuda:0
forward,0,337,9.446795396091409e-07,True,CONVERGED,float64,cuda:0
forward,1,340,9.90671906965859e-07,True,CONVERGED,float64,cuda:0
forward,2,340,9.532096447752642e-07,True,CONVERGED,float64,cuda:0
adjoint,0,338,9.044449552974269e-07,True,CONVERGED,float64,cuda:0
adjoint,1,341,9.421734617786381e-07,True,CONVERGED,float64,cuda:0
adjoint,2,330,9.62271705154592e-07,True,CONVERGED,float64,cuda:0
forward,0,337,9.997024445903721e-07,True,CONVERGED,float64,cuda:0
forward,1,340,9.792524344666047e-07,True,CONVERGED,float64,cuda:0
forward,2,341,9.276207413398773e-07,True,CONVERGED,float64,cuda:0
adjoint,0,339,8.849953589030901e-07,True,CONVERGED,float64,cuda:0
adjoint,1,341,9.961388316763757e-07,True,CONVERGED,float64,cuda:0
adjoint,2,340,9.151071183502423e-07,True,CONVERGED,float64,cuda:0
forward,0,338,9.708834952700439e-07,True,CONVERGED,float64,cuda:0
forward,1,341,9.723281603278556e-07,True,CONVERGED,float64,cuda:0
forward,2,342,9.472841829622886e-07,True,CONVERGED,float64,cuda:0
adjoint,0,339,9.743360347205097e-07,True,CONVERGED,float64,cuda:0
adjoint,1,342,8.952459314741494e-07,True,CONVERGED,float64,cuda:0
adjoint,2,340,9.176028285864804e-07,True,CONVERGED,float64,cuda:0
forward,0,338,9.417106067779322e-07,True,CONVERGED,float64,cuda:0
forward,1,342,9.46020852446502e-07,True,CONVERGED,float64,cuda:0
forward,2,342,9.889682271970862e-07,True,CONVERGED,float64,cuda:0
adjoint,0,339,9.727678948640247e-07,True,CONVERGED,float64,cuda:0
adjoint,1,341,9.909560487123978e-07,True,CONVERGED,float64,cuda:0
adjoint,2,340,8.690926775497707e-07,True,CONVERGED,float64,cuda:0
forward,0,338,9.219728014598144e-07,True,CONVERGED,float64,cuda:0
forward,1,342,9.971295491262086e-07,True,CONVERGED,float64,cuda:0
forward,2,342,9.717146290731519e-07,True,CONVERGED,float64,cuda:0
adjoint,0,339,9.85724970610549e-07,True,CONVERGED,float64,cuda:0
adjoint,1,341,9.979445666028296e-07,True,CONVERGED,float64,cuda:0
adjoint,2,340,8.730582492794714e-07,True,CONVERGED,float64,cuda:0
forward,0,338,8.717346164656495e-07,True,CONVERGED,float64,cuda:0
forward,1,341,9.723062604904315e-07,True,CONVERGED,float64,cuda:0
forward,2,341,9.809244083607988e-07,True,CONVERGED,float64,cuda:0
adjoint,0,339,9.635198687631958e-07,True,CONVERGED,float64,cuda:0
adjoint,1,341,9.704356771193643e-07,True,CONVERGED,float64,cuda:0
adjoint,2,340,8.755465120114086e-07,True,CONVERGED,float64,cuda:0
forward,0,337,9.680382664185548e-07,True,CONVERGED,float64,cuda:0
forward,1,340,9.681093320748261e-07,True,CONVERGED,float64,cuda:0
forward,2,341,9.270186905128662e-07,True,CONVERGED,float64,cuda:0
adjoint,0,339,8.750425294216045e-07,True,CONVERGED,float64,cuda:0
adjoint,1,341,9.188572108748639e-07,True,CONVERGED,float64,cuda:0
adjoint,2,338,9.76679270571887e-07,True,CONVERGED,float64,cuda:0
forward,0,338,8.998771630779738e-07,True,CONVERGED,float64,cuda:0
forward,1,340,9.414482899193998e-07,True,CONVERGED,float64,cuda:0
forward,2,341,9.178602464991541e-07,True,CONVERGED,float64,cuda:0
adjoint,0,338,9.878651271922908e-07,True,CONVERGED,float64,cuda:0
adjoint,1,341,9.293896946593771e-07,True,CONVERGED,float64,cuda:0
adjoint,2,338,9.717820078905243e-07,True,CONVERGED,float64,cuda:0
forward,0,338,9.318925984836116e-07,True,CONVERGED,float64,cuda:0
forward,1,339,9.652518767182624e-07,True,CONVERGED,float64,cuda:0
forward,2,341,9.586662121108466e-07,True,CONVERGED,float64,cuda:0
adjoint,0,338,9.740918755730267e-07,True,CONVERGED,float64,cuda:0
adjoint,1,341,9.404553215435015e-07,True,CONVERGED,float64,cuda:0
adjoint,2,338,9.620042706656066e-07,True,CONVERGED,float64,cuda:0
forward,0,338,8.995633108523376e-07,True,CONVERGED,float64,cuda:0
forward,1,339,9.629057079103222e-07,True,CONVERGED,float64,cuda:0
forward,2,341,9.096795763464649e-07,True,CONVERGED,float64,cuda:0
adjoint,0,338,9.361991791041259e-07,True,CONVERGED,float64,cuda:0
adjoint,1,341,9.398275872997703e-07,True,CONVERGED,float64,cuda:0
adjoint,2,335,9.990093160157478e-07,True,CONVERGED,float64,cuda:0
forward,0,338,8.869627706996313e-07,True,CONVERGED,float64,cuda:0
forward,1,339,9.838223423852847e-07,True,CONVERGED,float64,cuda:0
forward,2,341,8.720494232525539e-07,True,CONVERGED,float64,cuda:0
adjoint,0,338,9.006396593127419e-07,True,CONVERGED,float64,cuda:0
adjoint,1,341,9.328128951417053e-07,True,CONVERGED,float64,cuda:0
adjoint,2,328,9.79857968425561e-07,True,CONVERGED,float64,cuda:0
forward,0,338,9.266799201626245e-07,True,CONVERGED,float64,cuda:0
forward,1,339,9.508669702595339e-07,True,CONVERGED,float64,cuda:0
forward,2,341,9.369780373299868e-07,True,CONVERGED,float64,cuda:0
adjoint,0,338,9.511385544449172e-07,True,CONVERGED,float64,cuda:0
adjoint,1,341,9.480161396545732e-07,True,CONVERGED,float64,cuda:0
adjoint,2,337,9.58286999552218e-07,True,CONVERGED,float64,cuda:0
forward,0,338,9.437874813947096e-07,True,CONVERGED,float64,cuda:0
forward,1,339,9.673663913934957e-07,True,CONVERGED,float64,cuda:0
forward,2,341,9.294780088441992e-07,True,CONVERGED,float64,cuda:0
adjoint,0,338,9.930349466996007e-07,True,CONVERGED,float64,cuda:0
adjoint,1,341,9.548912125426113e-07,True,CONVERGED,float64,cuda:0
adjoint,2,337,9.947744578413534e-07,True,CONVERGED,float64,cuda:0
forward,0,338,8.597896971427022e-07,True,CONVERGED,float64,cuda:0
forward,1,340,9.525242224336107e-07,True,CONVERGED,float64,cuda:0
forward,2,341,9.378367140066992e-07,True,CONVERGED,float64,cuda:0
adjoint,0,338,9.500170517513149e-07,True,CONVERGED,float64,cuda:0
adjoint,1,341,8.816180390087802e-07,True,CONVERGED,float64,cuda:0
adjoint,2,338,9.677603304435164e-07,True,CONVERGED,float64,cuda:0
forward,0,338,9.070134598019731e-07,True,CONVERGED,float64,cuda:0
forward,1,340,9.684044418732518e-07,True,CONVERGED,float64,cuda:0
forward,2,341,9.085556632151882e-07,True,CONVERGED,float64,cuda:0
adjoint,0,338,9.984206839242663e-07,True,CONVERGED,float64,cuda:0
adjoint,1,341,9.138051680608705e-07,True,CONVERGED,float64,cuda:0
adjoint,2,334,9.827046367141936e-07,True,CONVERGED,float64,cuda:0
forward,0,338,9.05061161100248e-07,True,CONVERGED,float64,cuda:0
forward,1,340,9.793640464614126e-07,True,CONVERGED,float64,cuda:0
forward,2,341,9.754541304274722e-07,True,CONVERGED,float64,cuda:0
adjoint,0,339,9.144905923956062e-07,True,CONVERGED,float64,cuda:0
adjoint,1,341,9.564953691878517e-07,True,CONVERGED,float64,cuda:0
adjoint,2,338,9.823590573905319e-07,True,CONVERGED,float64,cuda:0
forward,0,339,8.365590848807259e-07,True,CONVERGED,float64,cuda:0
forward,1,340,9.980262123703292e-07,True,CONVERGED,float64,cuda:0
forward,2,342,9.164999907731127e-07,True,CONVERGED,float64,cuda:0
adjoint,0,339,9.65172325944086e-07,True,CONVERGED,float64,cuda:0
adjoint,1,341,9.6716026554322e-07,True,CONVERGED,float64,cuda:0
adjoint,2,338,9.685223008219872e-07,True,CONVERGED,float64,cuda:0
forward,0,338,9.259346039163806e-07,True,CONVERGED,float64,cuda:0
forward,1,339,9.887194883485718e-07,True,CONVERGED,float64,cuda:0
forward,2,341,9.957923324900962e-07,True,CONVERGED,float64,cuda:0
adjoint,0,339,9.263742965324788e-07,True,CONVERGED,float64,cuda:0
adjoint,1,341,9.812896036192909e-07,True,CONVERGED,float64,cuda:0
adjoint,2,339,9.071146363795734e-07,True,CONVERGED,float64,cuda:0
forward,0,338,8.983062185598493e-07,True,CONVERGED,float64,cuda:0
forward,1,340,9.368293274685791e-07,True,CONVERGED,float64,cuda:0
forward,2,341,9.140774991365032e-07,True,CONVERGED,float64,cuda:0
adjoint,0,338,9.799929623061673e-07,True,CONVERGED,float64,cuda:0
adjoint,1,341,9.339862767289212e-07,True,CONVERGED,float64,cuda:0
adjoint,2,337,9.98836387964256e-07,True,CONVERGED,float64,cuda:0
forward,0,338,8.950383041741581e-07,True,CONVERGED,float64,cuda:0
forward,1,340,9.431697020271642e-07,True,CONVERGED,float64,cuda:0
forward,2,341,9.072930333062406e-07,True,CONVERGED,float64,cuda:0
adjoint,0,338,9.80401331863898e-07,True,CONVERGED,float64,cuda:0
adjoint,1,341,9.356899769907602e-07,True,CONVERGED,float64,cuda:0
adjoint,2,338,9.324414594210529e-07,True,CONVERGED,float64,cuda:0
forward,0,338,8.974472828495738e-07,True,CONVERGED,float64,cuda:0
forward,1,339,9.753003646121294e-07,True,CONVERGED,float64,cuda:0
forward,2,341,9.490962117303974e-07,True,CONVERGED,float64,cuda:0
adjoint,0,339,9.112726395549996e-07,True,CONVERGED,float64,cuda:0
adjoint,1,341,9.581403067217852e-07,True,CONVERGED,float64,cuda:0
adjoint,2,338,9.824149227279914e-07,True,CONVERGED,float64,cuda:0
forward,0,338,9.027826445522553e-07,True,CONVERGED,float64,cuda:0
forward,1,339,9.591558827190358e-07,True,CONVERGED,float64,cuda:0
forward,2,341,9.412032047705633e-07,True,CONVERGED,float64,cuda:0
adjoint,0,339,9.152378563314837e-07,True,CONVERGED,float64,cuda:0
adjoint,1,341,9.542063603365032e-07,True,CONVERGED,float64,cuda:0
adjoint,2,339,8.968494268978783e-07,True,CONVERGED,float64,cuda:0
forward,0,338,9.239536336666273e-07,True,CONVERGED,float64,cuda:0
forward,1,340,9.964204341138494e-07,True,CONVERGED,float64,cuda:0
forward,2,341,9.837812616083233e-07,True,CONVERGED,float64,cuda:0
adjoint,0,339,9.60989338681529e-07,True,CONVERGED,float64,cuda:0
adjoint,1,341,9.199193038033826e-07,True,CONVERGED,float64,cuda:0
adjoint,2,338,9.442938735647146e-07,True,CONVERGED,float64,cuda:0
forward,0,338,9.546098659986703e-07,True,CONVERGED,float64,cuda:0
forward,1,341,9.481187470612639e-07,True,CONVERGED,float64,cuda:0
forward,2,341,9.360355681335092e-07,True,CONVERGED,float64,cuda:0
adjoint,0,339,9.170948720517227e-07,True,CONVERGED,float64,cuda:0
adjoint,1,340,9.820104842255393e-07,True,CONVERGED,float64,cuda:0
adjoint,2,339,9.019595446205454e-07,True,CONVERGED,float64,cuda:0
forward,0,338,9.004377597976246e-07,True,CONVERGED,float64,cuda:0
forward,1,339,9.927986999985033e-07,True,CONVERGED,float64,cuda:0
forward,2,341,9.300360664230388e-07,True,CONVERGED,float64,cuda:0
adjoint,0,338,9.79847648210826e-07,True,CONVERGED,float64,cuda:0
adjoint,1,340,9.616434583560564e-07,True,CONVERGED,float64,cuda:0
adjoint,2,338,9.451887403052139e-07,True,CONVERGED,float64,cuda:0
forward,0,338,9.204633281358051e-07,True,CONVERGED,float64,cuda:0
forward,1,339,9.79688831400234e-07,True,CONVERGED,float64,cuda:0
forward,2,340,9.851718973549575e-07,True,CONVERGED,float64,cuda:0
adjoint,0,339,9.245679132148567e-07,True,CONVERGED,float64,cuda:0
adjoint,1,340,9.887488919089195e-07,True,CONVERGED,float64,cuda:0
adjoint,2,336,9.97614388323527e-07,True,CONVERGED,float64,cuda:0
forward,0,338,8.507420950160532e-07,True,CONVERGED,float64,cuda:0
forward,1,339,9.527828478508535e-07,True,CONVERGED,float64,cuda:0
forward,2,340,9.460283776255484e-07,True,CONVERGED,float64,cuda:0
adjoint,0,338,9.85705898906598e-07,True,CONVERGED,float64,cuda:0
adjoint,1,340,9.200470198404085e-07,True,CONVERGED,float64,cuda:0
adjoint,2,330,9.830196724252528e-07,True,CONVERGED,float64,cuda:0
forward,0,338,9.757389540366302e-07,True,CONVERGED,float64,cuda:0
forward,1,341,9.308013726220584e-07,True,CONVERGED,float64,cuda:0
forward,2,341,9.068878150483161e-07,True,CONVERGED,float64,cuda:0
adjoint,0,339,9.738660376888591e-07,True,CONVERGED,float64,cuda:0
adjoint,1,339,9.896224486047791e-07,True,CONVERGED,float64,cuda:0
adjoint,2,339,8.76794814367813e-07,True,CONVERGED,float64,cuda:0
forward,0,339,9.576754286085235e-07,True,CONVERGED,float64,cuda:0
forward,1,341,9.71600330378988e-07,True,CONVERGED,float64,cuda:0
forward,2,343,9.5947986290976e-07,True,CONVERGED,float64,cuda:0
adjoint,0,338,9.8155552546764e-07,True,CONVERGED,float64,cuda:0
adjoint,1,342,9.804633738931215e-07,True,CONVERGED,float64,cuda:0
adjoint,2,338,9.591862185189543e-07,True,CONVERGED,float64,cuda:0
forward,0,339,9.717876758178597e-07,True,CONVERGED,float64,cuda:0
forward,1,341,9.59693525941034e-07,True,CONVERGED,float64,cuda:0
forward,2,343,9.686694271885069e-07,True,CONVERGED,float64,cuda:0
adjoint,0,343,9.235791736810145e-07,True,CONVERGED,float64,cuda:0
adjoint,1,344,9.293739170560413e-07,True,CONVERGED,float64,cuda:0
adjoint,2,338,9.176538677693749e-07,True,CONVERGED,float64,cuda:0
forward,0,339,8.716152435112619e-07,True,CONVERGED,float64,cuda:0
forward,1,340,9.803745411815093e-07,True,CONVERGED,float64,cuda:0
forward,2,342,9.48784963513051e-07,True,CONVERGED,float64,cuda:0
adjoint,0,338,9.027674373559061e-07,True,CONVERGED,float64,cuda:0
adjoint,1,328,9.057712754006371e-07,True,CONVERGED,float64,cuda:0
adjoint,2,326,9.718050719115748e-07,True,CONVERGED,float64,cuda:0
forward,0,339,8.626488346806639e-07,True,CONVERGED,float64,cuda:0
forward,1,341,9.140384283169344e-07,True,CONVERGED,float64,cuda:0
forward,2,342,9.513999390645196e-07,True,CONVERGED,float64,cuda:0
adjoint,0,338,8.944576295778935e-07,True,CONVERGED,float64,cuda:0
adjoint,1,327,9.788659177081765e-07,True,CONVERGED,float64,cuda:0
adjoint,2,326,9.359244066964875e-07,True,CONVERGED,float64,cuda:0
forward,0,339,8.87141047088094e-07,True,CONVERGED,float64,cuda:0
forward,1,341,9.158457656478809e-07,True,CONVERGED,float64,cuda:0
forward,2,342,9.394451956767011e-07,True,CONVERGED,float64,cuda:0
adjoint,0,337,9.79532581813795e-07,True,CONVERGED,float64,cuda:0
adjoint,1,325,9.780153107668806e-07,True,CONVERGED,float64,cuda:0
adjoint,2,326,9.202538293062131e-07,True,CONVERGED,float64,cuda:0
forward,0,339,8.749998549753249e-07,True,CONVERGED,float64,cuda:0
forward,1,339,9.820066305467718e-07,True,CONVERGED,float64,cuda:0
forward,2,342,9.262096763475843e-07,True,CONVERGED,float64,cuda:0
adjoint,0,337,9.416399054514098e-07,True,CONVERGED,float64,cuda:0
adjoint,1,327,9.204056537342373e-07,True,CONVERGED,float64,cuda:0
adjoint,2,325,9.81661717114784e-07,True,CONVERGED,float64,cuda:0
forward,0,338,9.873823493849753e-07,True,CONVERGED,float64,cuda:0
forward,1,339,9.816408183819287e-07,True,CONVERGED,float64,cuda:0
forward,2,342,8.970213213520983e-07,True,CONVERGED,float64,cuda:0
adjoint,0,337,9.490234204765164e-07,True,CONVERGED,float64,cuda:0
adjoint,1,327,9.492574690672324e-07,True,CONVERGED,float64,cuda:0
adjoint,2,324,9.851547079898266e-07,True,CONVERGED,float64,cuda:0
forward,0,338,9.672563458888562e-07,True,CONVERGED,float64,cuda:0
forward,1,339,9.68641001672805e-07,True,CONVERGED,float64,cuda:0
forward,2,342,9.128240825741346e-07,True,CONVERGED,float64,cuda:0
adjoint,0,337,9.679768775212556e-07,True,CONVERGED,float64,cuda:0
adjoint,1,327,9.82675510885895e-07,True,CONVERGED,float64,cuda:0
adjoint,2,325,9.567111986512047e-07,True,CONVERGED,float64,cuda:0
forward,0,338,9.944666201746309e-07,True,CONVERGED,float64,cuda:0
forward,1,339,9.600516605067213e-07,True,CONVERGED,float64,cuda:0
forward,2,342,9.16144716781435e-07,True,CONVERGED,float64,cuda:0
adjoint,0,337,9.84255108668762e-07,True,CONVERGED,float64,cuda:0
adjoint,1,327,9.301567853144833e-07,True,CONVERGED,float64,cuda:0
adjoint,2,326,9.209698538529314e-07,True,CONVERGED,float64,cuda:0
forward,0,338,9.590925154527117e-07,True,CONVERGED,float64,cuda:0
forward,1,340,9.735259092839415e-07,True,CONVERGED,float64,cuda:0
forward,2,341,9.831854717346347e-07,True,CONVERGED,float64,cuda:0
adjoint,0,337,9.446193145435331e-07,True,CONVERGED,float64,cuda:0
adjoint,1,325,9.930066910025103e-07,True,CONVERGED,float64,cuda:0
adjoint,2,326,9.793713882006656e-07,True,CONVERGED,float64,cuda:0
forward,0,338,9.905442406364477e-07,True,CONVERGED,float64,cuda:0
forward,1,341,9.276940084424037e-07,True,CONVERGED,float64,cuda:0
forward,2,342,8.531861138943075e-07,True,CONVERGED,float64,cuda:0
adjoint,0,337,9.53664788268289e-07,True,CONVERGED,float64,cuda:0
adjoint,1,326,9.625378752057195e-07,True,CONVERGED,float64,cuda:0
adjoint,2,326,9.728417923679928e-07,True,CONVERGED,float64,cuda:0
forward,0,338,9.737180336575491e-07,True,CONVERGED,float64,cuda:0
forward,1,340,9.75368130006505e-07,True,CONVERGED,float64,cuda:0
forward,2,342,8.878074070155171e-07,True,CONVERGED,float64,cuda:0
adjoint,0,337,9.661886221056495e-07,True,CONVERGED,float64,cuda:0
adjoint,1,326,9.06575777825826e-07,True,CONVERGED,float64,cuda:0
adjoint,2,326,8.920174209402704e-07,True,CONVERGED,float64,cuda:0
forward,0,338,9.828445016574828e-07,True,CONVERGED,float64,cuda:0
forward,1,340,9.198547343146409e-07,True,CONVERGED,float64,cuda:0
forward,2,341,9.924901060831673e-07,True,CONVERGED,float64,cuda:0
adjoint,0,337,9.711847461698871e-07,True,CONVERGED,float64,cuda:0
adjoint,1,327,9.706493337514732e-07,True,CONVERGED,float64,cuda:0
adjoint,2,324,9.165576870772625e-07,True,CONVERGED,float64,cuda:0
forward,0,338,9.989401197351632e-07,True,CONVERGED,float64,cuda:0
forward,1,339,9.597071590328968e-07,True,CONVERGED,float64,cuda:0
forward,2,341,9.405756670493612e-07,True,CONVERGED,float64,cuda:0
adjoint,0,338,8.871476638497231e-07,True,CONVERGED,float64,cuda:0
adjoint,1,328,8.564613098301166e-07,True,CONVERGED,float64,cuda:0
adjoint,2,322,9.754986731614116e-07,True,CONVERGED,float64,cuda:0
forward,0,339,8.730866689540147e-07,True,CONVERGED,float64,cuda:0
forward,1,339,9.574825513194408e-07,True,CONVERGED,float64,cuda:0
forward,2,341,9.371372810105097e-07,True,CONVERGED,float64,cuda:0
adjoint,0,338,8.951295548929026e-07,True,CONVERGED,float64,cuda:0
adjoint,1,328,9.601247208570339e-07,True,CONVERGED,float64,cuda:0
adjoint,2,322,9.391847867614275e-07,True,CONVERGED,float64,cuda:0
forward,0,339,8.896109756531217e-07,True,CONVERGED,float64,cuda:0
forward,1,339,9.569329340368556e-07,True,CONVERGED,float64,cuda:0
forward,2,341,9.271998287368939e-07,True,CONVERGED,float64,cuda:0
adjoint,0,338,9.049432616645123e-07,True,CONVERGED,float64,cuda:0
adjoint,1,328,9.006859889099452e-07,True,CONVERGED,float64,cuda:0
adjoint,2,323,9.739521513103047e-07,True,CONVERGED,float64,cuda:0
forward,0,339,8.7833562456229e-07,True,CONVERGED,float64,cuda:0
forward,1,339,9.902874347682257e-07,True,CONVERGED,float64,cuda:0
forward,2,341,9.609716970665795e-07,True,CONVERGED,float64,cuda:0
adjoint,0,338,9.203756370068657e-07,True,CONVERGED,float64,cuda:0
adjoint,1,327,9.599278237909356e-07,True,CONVERGED,float64,cuda:0
adjoint,2,324,9.298528840302902e-07,True,CONVERGED,float64,cuda:0
forward,0,339,8.813654210087294e-07,True,CONVERGED,float64,cuda:0
forward,1,339,9.749747111852544e-07,True,CONVERGED,float64,cuda:0
forward,2,341,9.77387734977279e-07,True,CONVERGED,float64,cuda:0
adjoint,0,337,9.88769110148736e-07,True,CONVERGED,float64,cuda:0
adjoint,1,327,9.845755148765887e-07,True,CONVERGED,float64,cuda:0
adjoint,2,324,9.67909209313123e-07,True,CONVERGED,float64,cuda:0
forward,0,338,9.98750067883415e-07,True,CONVERGED,float64,cuda:0
forward,1,339,9.330841060469871e-07,True,CONVERGED,float64,cuda:0
forward,2,341,9.394460923676862e-07,True,CONVERGED,float64,cuda:0
adjoint,0,338,9.03470128480345e-07,True,CONVERGED,float64,cuda:0
adjoint,1,327,9.476843909183479e-07,True,CONVERGED,float64,cuda:0
adjoint,2,324,8.989276620295676e-07,True,CONVERGED,float64,cuda:0
forward,0,338,9.648345279592719e-07,True,CONVERGED,float64,cuda:0
forward,1,339,9.99689379522207e-07,True,CONVERGED,float64,cuda:0
forward,2,341,9.373149013110917e-07,True,CONVERGED,float64,cuda:0
adjoint,0,338,9.750586101543419e-07,True,CONVERGED,float64,cuda:0
adjoint,1,327,9.99499973907649e-07,True,CONVERGED,float64,cuda:0
adjoint,2,323,9.560096054982905e-07,True,CONVERGED,float64,cuda:0
forward,0,338,9.54960332275401e-07,True,CONVERGED,float64,cuda:0
forward,1,340,9.219889466951812e-07,True,CONVERGED,float64,cuda:0
forward,2,341,9.779391153385998e-07,True,CONVERGED,float64,cuda:0
adjoint,0,338,9.625100090314655e-07,True,CONVERGED,float64,cuda:0
adjoint,1,328,9.23135795587259e-07,True,CONVERGED,float64,cuda:0
adjoint,2,323,9.174766937416188e-07,True,CONVERGED,float64,cuda:0
forward,0,340,9.353217615386753e-07,True,CONVERGED,float64,cuda:0
forward,1,341,8.981803965542512e-07,True,CONVERGED,float64,cuda:0
forward,2,341,9.473338508417026e-07,True,CONVERGED,float64,cuda:0
adjoint,0,338,9.322634136898758e-07,True,CONVERGED,float64,cuda:0
adjoint,1,328,8.782563509152069e-07,True,CONVERGED,float64,cuda:0
adjoint,2,329,9.016461470663938e-07,True,CONVERGED,float64,cuda:0
forward,0,340,8.94242210565828e-07,True,CONVERGED,float64,cuda:0
forward,1,342,9.921648942575198e-07,True,CONVERGED,float64,cuda:0
forward,2,344,9.604651860842597e-07,True,CONVERGED,float64,cuda:0
adjoint,0,338,9.7030020865879e-07,True,CONVERGED,float64,cuda:0
adjoint,1,328,9.606551640463185e-07,True,CONVERGED,float64,cuda:0
adjoint,2,328,9.429842896239464e-07,True,CONVERGED,float64,cuda:0
forward,0,339,8.831924198792916e-07,True,CONVERGED,float64,cuda:0
forward,1,341,9.3923889723661e-07,True,CONVERGED,float64,cuda:0
forward,2,341,9.93863758238842e-07,True,CONVERGED,float64,cuda:0
adjoint,0,337,9.334429627563974e-07,True,CONVERGED,float64,cuda:0
adjoint,1,325,9.492518734947891e-07,True,CONVERGED,float64,cuda:0
adjoint,2,326,9.746774991505152e-07,True,CONVERGED,float64,cuda:0
forward,0,339,8.603619887585712e-07,True,CONVERGED,float64,cuda:0
forward,1,339,9.761352157003245e-07,True,CONVERGED,float64,cuda:0
forward,2,342,8.900267785552828e-07,True,CONVERGED,float64,cuda:0
adjoint,0,336,9.682757671365872e-07,True,CONVERGED,float64,cuda:0
adjoint,1,328,8.855391326533636e-07,True,CONVERGED,float64,cuda:0
adjoint,2,326,9.54669215666372e-07,True,CONVERGED,float64,cuda:0
forward,0,338,9.529399927731712e-07,True,CONVERGED,float64,cuda:0
forward,1,340,9.845133605189e-07,True,CONVERGED,float64,cuda:0
forward,2,341,9.816829890642827e-07,True,CONVERGED,float64,cuda:0
adjoint,0,337,9.887228738195796e-07,True,CONVERGED,float64,cuda:0
adjoint,1,328,8.910577719747795e-07,True,CONVERGED,float64,cuda:0
adjoint,2,323,8.941328658954491e-07,True,CONVERGED,float64,cuda:0
forward,0,336,9.22937618608467e-07,True,CONVERGED,float64,cuda:0
forward,1,339,9.535094025842497e-07,True,CONVERGED,float64,cuda:0
forward,2,341,8.236443638842977e-07,True,CONVERGED,float64,cuda:0
adjoint,0,330,9.474933112556657e-07,True,CONVERGED,float64,cuda:0
adjoint,1,325,9.977416067770385e-07,True,CONVERGED,float64,cuda:0
adjoint,2,325,9.72000858089208e-07,True,CONVERGED,float64,cuda:0
forward,0,337,9.670253739836615e-07,True,CONVERGED,float64,cuda:0
forward,1,341,8.543609493846881e-07,True,CONVERGED,float64,cuda:0
forward,2,341,9.805077749849066e-07,True,CONVERGED,float64,cuda:0
adjoint,0,334,9.735597676577212e-07,True,CONVERGED,float64,cuda:0
adjoint,1,327,9.101278989804793e-07,True,CONVERGED,float64,cuda:0
adjoint,2,324,9.151475214580204e-07,True,CONVERGED,float64,cuda:0
forward,0,339,8.960164886406674e-07,True,CONVERGED,float64,cuda:0
forward,1,340,9.551203474940339e-07,True,CONVERGED,float64,cuda:0
forward,2,342,8.626317964879068e-07,True,CONVERGED,float64,cuda:0
adjoint,0,338,9.32886959486688e-07,True,CONVERGED,float64,cuda:0
adjoint,1,326,9.859325959150837e-07,True,CONVERGED,float64,cuda:0
adjoint,2,321,9.84370771305612e-07,True,CONVERGED,float64,cuda:0
forward,0,339,9.05978745025017e-07,True,CONVERGED,float64,cuda:0
forward,1,339,9.432249212664712e-07,True,CONVERGED,float64,cuda:0
forward,2,341,9.858036511674992e-07,True,CONVERGED,float64,cuda:0
adjoint,0,338,8.810752383353378e-07,True,CONVERGED,float64,cuda:0
adjoint,1,326,9.063675387850414e-07,True,CONVERGED,float64,cuda:0
adjoint,2,325,9.42840330099147e-07,True,CONVERGED,float64,cuda:0
forward,0,339,9.988749000557224e-07,True,CONVERGED,float64,cuda:0
forward,1,339,9.898607362594844e-07,True,CONVERGED,float64,cuda:0
forward,2,341,9.976936642402318e-07,True,CONVERGED,float64,cuda:0
adjoint,0,327,9.734297687868016e-07,True,CONVERGED,float64,cuda:0
adjoint,1,326,9.8382345820831e-07,True,CONVERGED,float64,cuda:0
adjoint,2,326,9.9872576339719e-07,True,CONVERGED,float64,cuda:0
forward,0,339,9.163057412211378e-07,True,CONVERGED,float64,cuda:0
forward,1,342,9.764794704631775e-07,True,CONVERGED,float64,cuda:0
forward,2,343,9.437693381420988e-07,True,CONVERGED,float64,cuda:0
adjoint,0,338,8.873543845427962e-07,True,CONVERGED,float64,cuda:0
adjoint,1,327,9.413104534842336e-07,True,CONVERGED,float64,cuda:0
adjoint,2,327,9.38813356931222e-07,True,CONVERGED,float64,cuda:0
forward,0,339,9.357181486519133e-07,True,CONVERGED,float64,cuda:0
forward,1,341,9.820013973162198e-07,True,CONVERGED,float64,cuda:0
forward,2,342,9.42432964669269e-07,True,CONVERGED,float64,cuda:0
adjoint,0,325,8.943132934232234e-07,True,CONVERGED,float64,cuda:0
adjoint,1,326,9.476221135758271e-07,True,CONVERGED,float64,cuda:0
adjoint,2,326,9.913577089212301e-07,True,CONVERGED,float64,cuda:0
forward,0,339,8.891779800180591e-07,True,CONVERGED,float64,cuda:0
forward,1,341,9.277555135484828e-07,True,CONVERGED,float64,cuda:0
forward,2,341,9.390263333175602e-07,True,CONVERGED,float64,cuda:0
adjoint,0,338,9.453116298662544e-07,True,CONVERGED,float64,cuda:0
adjoint,1,326,9.04768316872499e-07,True,CONVERGED,float64,cuda:0
adjoint,2,325,9.908218084401317e-07,True,CONVERGED,float64,cuda:0
forward,0,339,8.639306372292023e-07,True,CONVERGED,float64,cuda:0
forward,1,341,9.773626932496922e-07,True,CONVERGED,float64,cuda:0
forward,2,342,8.936110517389347e-07,True,CONVERGED,float64,cuda:0
adjoint,0,338,9.384292819753599e-07,True,CONVERGED,float64,cuda:0
adjoint,1,325,9.948343028698451e-07,True,CONVERGED,float64,cuda:0
adjoint,2,326,9.468715516782859e-07,True,CONVERGED,float64,cuda:0
forward,0,339,8.401943853379055e-07,True,CONVERGED,float64,cuda:0
forward,1,341,9.19784692281802e-07,True,CONVERGED,float64,cuda:0
forward,2,341,9.572672727309528e-07,True,CONVERGED,float64,cuda:0
adjoint,0,338,9.248669262926927e-07,True,CONVERGED,float64,cuda:0
adjoint,1,325,9.99422369617222e-07,True,CONVERGED,float64,cuda:0
adjoint,2,324,9.160435171101624e-07,True,CONVERGED,float64,cuda:0
forward,0,338,9.527303200557745e-07,True,CONVERGED,float64,cuda:0
forward,1,341,8.711889222528509e-07,True,CONVERGED,float64,cuda:0
forward,2,341,9.967581241655425e-07,True,CONVERGED,float64,cuda:0
adjoint,0,338,9.189183139145628e-07,True,CONVERGED,float64,cuda:0
adjoint,1,326,8.95718478254541e-07,True,CONVERGED,float64,cuda:0
adjoint,2,321,9.84374336512077e-07,True,CONVERGED,float64,cuda:0
forward,0,339,8.430923048005584e-07,True,CONVERGED,float64,cuda:0
forward,1,340,9.401129391477619e-07,True,CONVERGED,float64,cuda:0
forward,2,341,9.110355466250388e-07,True,CONVERGED,float64,cuda:0
adjoint,0,329,9.823180046995306e-07,True,CONVERGED,float64,cuda:0
adjoint,1,326,8.918376974819132e-07,True,CONVERGED,float64,cuda:0
adjoint,2,323,9.92646473439423e-07,True,CONVERGED,float64,cuda:0
forward,0,339,9.532564758227689e-07,True,CONVERGED,float64,cuda:0
forward,1,341,9.475717067643866e-07,True,CONVERGED,float64,cuda:0
forward,2,341,9.879842710574787e-07,True,CONVERGED,float64,cuda:0
adjoint,0,325,8.767424770358816e-07,True,CONVERGED,float64,cuda:0
adjoint,1,327,9.13381253500655e-07,True,CONVERGED,float64,cuda:0
adjoint,2,325,9.874395080527295e-07,True,CONVERGED,float64,cuda:0
forward,0,340,9.527056572683682e-07,True,CONVERGED,float64,cuda:0
forward,1,343,9.547640212716e-07,True,CONVERGED,float64,cuda:0
forward,2,342,9.72150642873861e-07,True,CONVERGED,float64,cuda:0
adjoint,0,340,9.611630261234234e-07,True,CONVERGED,float64,cuda:0
adjoint,1,326,9.117095260238915e-07,True,CONVERGED,float64,cuda:0
adjoint,2,328,9.577909237539472e-07,True,CONVERGED,float64,cuda:0
forward,0,340,9.438159122424037e-07,True,CONVERGED,float64,cuda:0
forward,1,343,9.068915192715751e-07,True,CONVERGED,float64,cuda:0
forward,2,342,9.694759407711021e-07,True,CONVERGED,float64,cuda:0
adjoint,0,340,9.65257624005918e-07,True,CONVERGED,float64,cuda:0
adjoint,1,328,9.603668529206454e-07,True,CONVERGED,float64,cuda:0
adjoint,2,337,9.6751046501692e-07,True,CONVERGED,float64,cuda:0
forward,0,340,9.989112326451022e-07,True,CONVERGED,float64,cuda:0
forward,1,343,9.499870537765206e-07,True,CONVERGED,float64,cuda:0
forward,2,343,9.989406499885764e-07,True,CONVERGED,float64,cuda:0
adjoint,0,328,9.66941312714873e-07,True,CONVERGED,float64,cuda:0
adjoint,1,329,9.066283457091597e-07,True,CONVERGED,float64,cuda:0
adjoint,2,333,9.995196117341917e-07,True,CONVERGED,float64,cuda:0
forward,0,344,9.747067480093354e-07,True,CONVERGED,float64,cuda:0
forward,1,346,9.713834416969642e-07,True,CONVERGED,float64,cuda:0
forward,2,349,9.164369919543017e-07,True,CONVERGED,float64,cuda:0
adjoint,0,344,9.271170573793653e-07,True,CONVERGED,float64,cuda:0
adjoint,1,337,9.78363509964474e-07,True,CONVERGED,float64,cuda:0
adjoint,2,339,9.309569724600479e-07,True,CONVERGED,float64,cuda:0
forward,0,341,9.90714837902573e-07,True,CONVERGED,float64,cuda:0
forward,1,344,9.827936224744506e-07,True,CONVERGED,float64,cuda:0
forward,2,346,9.769987552072986e-07,True,CONVERGED,float64,cuda:0
adjoint,0,340,9.259322993087364e-07,True,CONVERGED,float64,cuda:0
adjoint,1,331,9.547823528082754e-07,True,CONVERGED,float64,cuda:0
adjoint,2,330,9.342018267747381e-07,True,CONVERGED,float64,cuda:0
forward,0,337,9.907660174671408e-07,True,CONVERGED,float64,cuda:0
forward,1,342,8.520995139615256e-07,True,CONVERGED,float64,cuda:0
forward,2,342,9.302327975491718e-07,True,CONVERGED,float64,cuda:0
adjoint,0,337,9.265444747199272e-07,True,CONVERGED,float64,cuda:0
adjoint,1,326,9.297295871332403e-07,True,CONVERGED,float64,cuda:0
adjoint,2,326,9.975056821454549e-07,True,CONVERGED,float64,cuda:0
forward,0,327,9.654140624510705e-07,True,CONVERGED,float64,cuda:0
forward,1,342,9.558347561374384e-07,True,CONVERGED,float64,cuda:0
forward,2,342,9.619787504104557e-07,True,CONVERGED,float64,cuda:0
adjoint,0,337,9.441845890330105e-07,True,CONVERGED,float64,cuda:0
adjoint,1,328,8.791987427231239e-07,True,CONVERGED,float64,cuda:0
adjoint,2,329,9.653512204596233e-07,True,CONVERGED,float64,cuda:0
forward,0,322,9.740360257700565e-07,True,CONVERGED,float64,cuda:0
forward,1,343,9.801246320390609e-07,True,CONVERGED,float64,cuda:0
forward,2,343,9.71803108365634e-07,True,CONVERGED,float64,cuda:0
adjoint,0,339,9.652437850448392e-07,True,CONVERGED,float64,cuda:0
adjoint,1,329,8.831303818400381e-07,True,CONVERGED,float64,cuda:0
adjoint,2,330,9.168637860329616e-07,True,CONVERGED,float64,cuda:0
forward,0,338,9.424568903184958e-07,True,CONVERGED,float64,cuda:0
forward,1,340,9.743938996415175e-07,True,CONVERGED,float64,cuda:0
forward,2,341,8.975790532876435e-07,True,CONVERGED,float64,cuda:0
adjoint,0,338,9.541750630488285e-07,True,CONVERGED,float64,cuda:0
adjoint,1,325,9.524479108061223e-07,True,CONVERGED,float64,cuda:0
adjoint,2,326,9.807427097365697e-07,True,CONVERGED,float64,cuda:0
forward,0,337,9.484176879012991e-07,True,CONVERGED,float64,cuda:0
forward,1,340,9.750454113818836e-07,True,CONVERGED,float64,cuda:0
forward,2,341,8.3592028611506e-07,True,CONVERGED,float64,cuda:0
adjoint,0,336,9.422649337506709e-07,True,CONVERGED,float64,cuda:0
adjoint,1,326,8.758996452986788e-07,True,CONVERGED,float64,cuda:0
adjoint,2,323,9.8943219744423e-07,True,CONVERGED,float64,cuda:0
forward,0,328,9.995329776030515e-07,True,CONVERGED,float64,cuda:0
forward,1,339,9.319204158884313e-07,True,CONVERGED,float64,cuda:0
forward,2,338,9.409699439269073e-07,True,CONVERGED,float64,cuda:0
adjoint,0,329,9.946973497276335e-07,True,CONVERGED,float64,cuda:0
adjoint,1,323,9.469270343356358e-07,True,CONVERGED,float64,cuda:0
adjoint,2,324,9.278120470787757e-07,True,CONVERGED,float64,cuda:0
forward,0,322,8.865153417960127e-07,True,CONVERGED,float64,cuda:0
forward,1,335,9.71270414617812e-07,True,CONVERGED,float64,cuda:0
forward,2,335,9.828512247320758e-07,True,CONVERGED,float64,cuda:0
adjoint,0,325,8.937053738259293e-07,True,CONVERGED,float64,cuda:0
adjoint,1,320,9.662840231858637e-07,True,CONVERGED,float64,cuda:0
adjoint,2,324,9.306504810433646e-07,True,CONVERGED,float64,cuda:0
forward,0,321,9.874404335231567e-07,True,CONVERGED,float64,cuda:0
forward,1,334,8.804844030441134e-07,True,CONVERGED,float64,cuda:0
forward,2,335,9.405144678138276e-07,True,CONVERGED,float64,cuda:0
adjoint,0,324,9.510937218393452e-07,True,CONVERGED,float64,cuda:0
adjoint,1,320,9.641102852490217e-07,True,CONVERGED,float64,cuda:0
adjoint,2,325,9.947816902946424e-07,True,CONVERGED,float64,cuda:0
forward,0,321,9.776377904475994e-07,True,CONVERGED,float64,cuda:0
forward,1,338,9.879950476052578e-07,True,CONVERGED,float64,cuda:0
forward,2,337,9.941102481560142e-07,True,CONVERGED,float64,cuda:0
adjoint,0,330,9.689852328397558e-07,True,CONVERGED,float64,cuda:0
adjoint,1,323,8.658359854612284e-07,True,CONVERGED,float64,cuda:0
adjoint,2,325,9.671197484550586e-07,True,CONVERGED,float64,cuda:0
forward,0,335,9.76377630686382e-07,True,CONVERGED,float64,cuda:0
forward,1,340,8.966089244632385e-07,True,CONVERGED,float64,cuda:0
forward,2,340,9.958778455840632e-07,True,CONVERGED,float64,cuda:0
adjoint,0,325,9.044338496765564e-07,True,CONVERGED,float64,cuda:0
adjoint,1,325,9.53742150414122e-07,True,CONVERGED,float64,cuda:0
adjoint,2,324,9.644690405151114e-07,True,CONVERGED,float64,cuda:0
forward,0,338,9.659381183191181e-07,True,CONVERGED,float64,cuda:0
forward,1,341,9.608774779305702e-07,True,CONVERGED,float64,cuda:0
forward,2,341,9.224452128616948e-07,True,CONVERGED,float64,cuda:0
adjoint,0,338,9.845693658138206e-07,True,CONVERGED,float64,cuda:0
adjoint,1,326,8.657927966546925e-07,True,CONVERGED,float64,cuda:0
adjoint,2,326,9.710141864934379e-07,True,CONVERGED,float64,cuda:0
forward,0,338,9.437817054041275e-07,True,CONVERGED,float64,cuda:0
forward,1,329,8.788303831702417e-07,True,CONVERGED,float64,cuda:0
forward,2,328,8.799567662187088e-07,True,CONVERGED,float64,cuda:0
adjoint,0,337,9.82660511378884e-07,True,CONVERGED,float64,cuda:0
adjoint,1,331,9.613046082075589e-07,True,CONVERGED,float64,cuda:0
adjoint,2,342,9.571476362367179e-07,True,CONVERGED,float64,cuda:0
forward,0,336,8.711934222459716e-07,True,CONVERGED,float64,cuda:0
forward,1,328,9.7045908010049e-07,True,CONVERGED,float64,cuda:0
forward,2,334,9.858578144658703e-07,True,CONVERGED,float64,cuda:0
adjoint,0,342,9.930313305081304e-07,True,CONVERGED,float64,cuda:0
adjoint,1,331,9.99177364632739e-07,True,CONVERGED,float64,cuda:0
adjoint,2,342,9.521813704458682e-07,True,CONVERGED,float64,cuda:0
forward,0,334,8.903432861838191e-07,True,CONVERGED,float64,cuda:0
forward,1,339,9.499127771569422e-07,True,CONVERGED,float64,cuda:0
forward,2,328,9.745883804977832e-07,True,CONVERGED,float64,cuda:0
adjoint,0,341,9.758038895748182e-07,True,CONVERGED,float64,cuda:0
adjoint,1,329,9.912764027723211e-07,True,CONVERGED,float64,cuda:0
adjoint,2,342,8.606517254577296e-07,True,CONVERGED,float64,cuda:0
forward,0,335,9.722668770878142e-07,True,CONVERGED,float64,cuda:0
forward,1,342,9.841090758207023e-07,True,CONVERGED,float64,cuda:0
forward,2,341,9.839625973097824e-07,True,CONVERGED,float64,cuda:0
adjoint,0,341,9.047937091093534e-07,True,CONVERGED,float64,cuda:0
adjoint,1,329,9.27585364666214e-07,True,CONVERGED,float64,cuda:0
adjoint,2,338,9.681328035465918e-07,True,CONVERGED,float64,cuda:0
forward,0,339,9.175698620336844e-07,True,CONVERGED,float64,cuda:0
forward,1,343,9.45206101209678e-07,True,CONVERGED,float64,cuda:0
forward,2,344,9.144377137787413e-07,True,CONVERGED,float64,cuda:0
adjoint,0,340,9.799803352301828e-07,True,CONVERGED,float64,cuda:0
adjoint,1,327,9.310330763603006e-07,True,CONVERGED,float64,cuda:0
adjoint,2,331,9.970721254271974e-07,True,CONVERGED,float64,cuda:0
forward,0,339,8.330149916793153e-07,True,CONVERGED,float64,cuda:0
forward,1,342,9.641389227960966e-07,True,CONVERGED,float64,cuda:0
forward,2,343,9.47934799905334e-07,True,CONVERGED,float64,cuda:0
adjoint,0,330,9.69773380269589e-07,True,CONVERGED,float64,cuda:0
adjoint,1,325,9.460332730347073e-07,True,CONVERGED,float64,cuda:0
adjoint,2,328,9.683401168306257e-07,True,CONVERGED,float64,cuda:0
forward,0,339,8.33104044373994e-07,True,CONVERGED,float64,cuda:0
forward,1,342,9.535558530334524e-07,True,CONVERGED,float64,cuda:0
forward,2,342,9.567532143159539e-07,True,CONVERGED,float64,cuda:0
adjoint,0,339,9.220848930636436e-07,True,CONVERGED,float64,cuda:0
adjoint,1,324,9.416420440871236e-07,True,CONVERGED,float64,cuda:0
adjoint,2,327,9.238402605438305e-07,True,CONVERGED,float64,cuda:0
forward,0,338,9.514755439095111e-07,True,CONVERGED,float64,cuda:0
forward,1,340,9.779940851517087e-07,True,CONVERGED,float64,cuda:0
forward,2,340,9.726040400131867e-07,True,CONVERGED,float64,cuda:0
adjoint,0,338,9.518172384920625e-07,True,CONVERGED,float64,cuda:0
adjoint,1,325,9.233359975227219e-07,True,CONVERGED,float64,cuda:0
adjoint,2,326,9.388738320627736e-07,True,CONVERGED,float64,cuda:0
forward,0,339,9.373511177215661e-07,True,CONVERGED,float64,cuda:0
forward,1,339,9.853896413210722e-07,True,CONVERGED,float64,cuda:0
forward,2,342,9.252048913109628e-07,True,CONVERGED,float64,cuda:0
adjoint,0,328,9.624620401971169e-07,True,CONVERGED,float64,cuda:0
adjoint,1,326,9.348871616513329e-07,True,CONVERGED,float64,cuda:0
adjoint,2,327,9.044255645029819e-07,True,CONVERGED,float64,cuda:0
forward,0,341,8.830998318056803e-07,True,CONVERGED,float64,cuda:0
forward,1,343,9.489702739032499e-07,True,CONVERGED,float64,cuda:0
forward,2,342,9.855460680335327e-07,True,CONVERGED,float64,cuda:0
adjoint,0,332,9.816167251010263e-07,True,CONVERGED,float64,cuda:0
adjoint,1,326,9.733414034281383e-07,True,CONVERGED,float64,cuda:0
adjoint,2,327,9.754595983409733e-07,True,CONVERGED,float64,cuda:0
forward,0,342,9.251524416826963e-07,True,CONVERGED,float64,cuda:0
forward,1,342,9.644297240952426e-07,True,CONVERGED,float64,cuda:0
forward,2,342,9.800005039710815e-07,True,CONVERGED,float64,cuda:0
adjoint,0,333,9.743242719335815e-07,True,CONVERGED,float64,cuda:0
adjoint,1,325,9.580313796068053e-07,True,CONVERGED,float64,cuda:0
adjoint,2,328,8.918733079515341e-07,True,CONVERGED,float64,cuda:0
forward,0,340,9.144815677914039e-07,True,CONVERGED,float64,cuda:0
forward,1,340,9.802233236855884e-07,True,CONVERGED,float64,cuda:0
forward,2,342,9.275289327062418e-07,True,CONVERGED,float64,cuda:0
adjoint,0,330,9.913922093062617e-07,True,CONVERGED,float64,cuda:0
adjoint,1,328,9.211272718172833e-07,True,CONVERGED,float64,cuda:0
adjoint,2,327,9.626974259436006e-07,True,CONVERGED,float64,cuda:0
forward,0,338,9.938749382440224e-07,True,CONVERGED,float64,cuda:0
forward,1,339,9.868514606601063e-07,True,CONVERGED,float64,cuda:0
forward,2,342,9.283615078129547e-07,True,CONVERGED,float64,cuda:0
adjoint,0,321,9.277501477070372e-07,True,CONVERGED,float64,cuda:0
adjoint,1,328,9.397265194054495e-07,True,CONVERGED,float64,cuda:0
adjoint,2,326,9.858257369730682e-07,True,CONVERGED,float64,cuda:0
forward,0,337,9.526400529274601e-07,True,CONVERGED,float64,cuda:0
forward,1,342,9.512358540725835e-07,True,CONVERGED,float64,cuda:0
forward,2,341,9.297035304853636e-07,True,CONVERGED,float64,cuda:0
adjoint,0,331,9.503963290346269e-07,True,CONVERGED,float64,cuda:0
adjoint,1,324,9.266319455725059e-07,True,CONVERGED,float64,cuda:0
adjoint,2,323,9.62327019770997e-07,True,CONVERGED,float64,cuda:0
forward,0,337,9.115681480540422e-07,True,CONVERGED,float64,cuda:0
forward,1,341,9.831102034888246e-07,True,CONVERGED,float64,cuda:0
forward,2,340,9.473928957118977e-07,True,CONVERGED,float64,cuda:0
adjoint,0,337,9.873078478110123e-07,True,CONVERGED,float64,cuda:0
adjoint,1,324,9.709286817965395e-07,True,CONVERGED,float64,cuda:0
adjoint,2,323,9.708513529239025e-07,True,CONVERGED,float64,cuda:0
forward,0,335,9.529309143307305e-07,True,CONVERGED,float64,cuda:0
forward,1,340,9.932223165730518e-07,True,CONVERGED,float64,cuda:0
forward,2,340,9.55139577976775e-07,True,CONVERGED,float64,cuda:0
adjoint,0,338,8.977353262905854e-07,True,CONVERGED,float64,cuda:0
adjoint,1,325,9.809627514615793e-07,True,CONVERGED,float64,cuda:0
adjoint,2,322,9.771804768558443e-07,True,CONVERGED,float64,cuda:0
forward,0,326,9.47702883697903e-07,True,CONVERGED,float64,cuda:0
forward,1,340,9.692595857862996e-07,True,CONVERGED,float64,cuda:0
forward,2,340,9.445004682543749e-07,True,CONVERGED,float64,cuda:0
adjoint,0,337,9.390948924395252e-07,True,CONVERGED,float64,cuda:0
adjoint,1,325,9.677353049469848e-07,True,CONVERGED,float64,cuda:0
adjoint,2,323,9.256684561149275e-07,True,CONVERGED,float64,cuda:0
forward,0,332,9.73550200033606e-07,True,CONVERGED,float64,cuda:0
forward,1,340,9.74263275789914e-07,True,CONVERGED,float64,cuda:0
forward,2,341,9.50067877616481e-07,True,CONVERGED,float64,cuda:0
adjoint,0,336,9.55986630795854e-07,True,CONVERGED,float64,cuda:0
adjoint,1,325,9.84988354716868e-07,True,CONVERGED,float64,cuda:0
adjoint,2,324,9.552081097998446e-07,True,CONVERGED,float64,cuda:0
forward,0,319,9.736721425216984e-07,True,CONVERGED,float64,cuda:0
forward,1,340,9.930670419295416e-07,True,CONVERGED,float64,cuda:0
forward,2,341,9.644138971282628e-07,True,CONVERGED,float64,cuda:0
adjoint,0,325,9.050248083655769e-07,True,CONVERGED,float64,cuda:0
adjoint,1,326,9.367078630888458e-07,True,CONVERGED,float64,cuda:0
adjoint,2,325,8.986602252393854e-07,True,CONVERGED,float64,cuda:0
forward,0,325,9.485765719506499e-07,True,CONVERGED,float64,cuda:0
forward,1,342,9.254994833911252e-07,True,CONVERGED,float64,cuda:0
forward,2,342,9.363773640113152e-07,True,CONVERGED,float64,cuda:0
adjoint,0,324,9.74835531933674e-07,True,CONVERGED,float64,cuda:0
adjoint,1,326,9.10597218015955e-07,True,CONVERGED,float64,cuda:0
adjoint,2,325,8.859687036284287e-07,True,CONVERGED,float64,cuda:0
forward,0,321,9.344529835626419e-07,True,CONVERGED,float64,cuda:0
forward,1,341,9.953705555475482e-07,True,CONVERGED,float64,cuda:0
forward,2,342,9.492079999107775e-07,True,CONVERGED,float64,cuda:0
adjoint,0,323,9.873110901768567e-07,True,CONVERGED,float64,cuda:0
adjoint,1,325,9.605578793254393e-07,True,CONVERGED,float64,cuda:0
adjoint,2,325,8.777600897185692e-07,True,CONVERGED,float64,cuda:0
forward,0,321,8.867181992456355e-07,True,CONVERGED,float64,cuda:0
forward,1,341,9.476120449124323e-07,True,CONVERGED,float64,cuda:0
forward,2,342,9.404895042513394e-07,True,CONVERGED,float64,cuda:0
adjoint,0,323,8.646018343804179e-07,True,CONVERGED,float64,cuda:0
adjoint,1,325,9.345572316993928e-07,True,CONVERGED,float64,cuda:0
adjoint,2,324,9.908916822083712e-07,True,CONVERGED,float64,cuda:0
forward,0,321,9.789655129453888e-07,True,CONVERGED,float64,cuda:0
forward,1,340,9.969276678434521e-07,True,CONVERGED,float64,cuda:0
forward,2,342,9.278380680870133e-07,True,CONVERGED,float64,cuda:0
adjoint,0,322,9.92314701084427e-07,True,CONVERGED,float64,cuda:0
adjoint,1,325,9.522642033546053e-07,True,CONVERGED,float64,cuda:0
adjoint,2,324,9.521775066698344e-07,True,CONVERGED,float64,cuda:0
forward,0,321,9.797738250351838e-07,True,CONVERGED,float64,cuda:0
forward,1,341,9.552633104673423e-07,True,CONVERGED,float64,cuda:0
forward,2,342,9.458422150867207e-07,True,CONVERGED,float64,cuda:0
adjoint,0,323,8.310646709989455e-07,True,CONVERGED,float64,cuda:0
adjoint,1,325,9.636104294334066e-07,True,CONVERGED,float64,cuda:0
adjoint,2,324,9.449893215342898e-07,True,CONVERGED,float64,cuda:0
forward,0,321,9.07525517696206e-07,True,CONVERGED,float64,cuda:0
forward,1,341,9.636734399738601e-07,True,CONVERGED,float64,cuda:0
forward,2,342,9.524053608482964e-07,True,CONVERGED,float64,cuda:0
adjoint,0,323,8.162059868772137e-07,True,CONVERGED,float64,cuda:0
adjoint,1,325,9.652545647815457e-07,True,CONVERGED,float64,cuda:0
adjoint,2,324,9.548560838928513e-07,True,CONVERGED,float64,cuda:0
forward,0,321,9.079684142545554e-07,True,CONVERGED,float64,cuda:0
forward,1,341,9.874540275662723e-07,True,CONVERGED,float64,cuda:0
forward,2,342,9.56698205691793e-07,True,CONVERGED,float64,cuda:0
adjoint,0,323,8.0757024201545e-07,True,CONVERGED,float64,cuda:0
adjoint,1,325,9.875969315559681e-07,True,CONVERGED,float64,cuda:0
adjoint,2,324,9.708158864131586e-07,True,CONVERGED,float64,cuda:0
forward,0,321,9.584530192985918e-07,True,CONVERGED,float64,cuda:0
forward,1,341,9.922234257063314e-07,True,CONVERGED,float64,cuda:0
forward,2,342,9.509941918927612e-07,True,CONVERGED,float64,cuda:0
adjoint,0,323,8.039097078881849e-07,True,CONVERGED,float64,cuda:0
adjoint,1,325,9.963557453534431e-07,True,CONVERGED,float64,cuda:0
adjoint,2,324,9.922728018837367e-07,True,CONVERGED,float64,cuda:0
forward,0,321,8.562880976364623e-07,True,CONVERGED,float64,cuda:0
forward,1,342,9.23203311214352e-07,True,CONVERGED,float64,cuda:0
forward,2,342,9.614313788396556e-07,True,CONVERGED,float64,cuda:0
adjoint,0,323,9.69347608192467e-07,True,CONVERGED,float64,cuda:0
adjoint,1,326,9.478694772520589e-07,True,CONVERGED,float64,cuda:0
adjoint,2,325,9.181581132792328e-07,True,CONVERGED,float64,cuda:0
forward,0,321,9.621481264556734e-07,True,CONVERGED,float64,cuda:0
forward,1,342,9.40849506850441e-07,True,CONVERGED,float64,cuda:0
forward,2,342,9.345523469729935e-07,True,CONVERGED,float64,cuda:0
adjoint,0,324,9.36234949567015e-07,True,CONVERGED,float64,cuda:0
adjoint,1,326,9.885904408218462e-07,True,CONVERGED,float64,cuda:0
adjoint,2,325,9.763925414162301e-07,True,CONVERGED,float64,cuda:0
forward,0,322,9.90165835927522e-07,True,CONVERGED,float64,cuda:0
forward,1,342,9.465902475689197e-07,True,CONVERGED,float64,cuda:0
forward,2,341,9.531660296307852e-07,True,CONVERGED,float64,cuda:0
adjoint,0,324,9.461892080284703e-07,True,CONVERGED,float64,cuda:0
adjoint,1,326,9.381472205850853e-07,True,CONVERGED,float64,cuda:0
adjoint,2,325,9.88791486712021e-07,True,CONVERGED,float64,cuda:0
forward,0,323,9.502456738308121e-07,True,CONVERGED,float64,cuda:0
forward,1,341,9.949712139059588e-07,True,CONVERGED,float64,cuda:0
forward,2,340,9.740072324688826e-07,True,CONVERGED,float64,cuda:0
adjoint,0,324,9.412191378131235e-07,True,CONVERGED,float64,cuda:0
adjoint,1,326,9.797729286411097e-07,True,CONVERGED,float64,cuda:0
adjoint,2,325,9.569701670926773e-07,True,CONVERGED,float64,cuda:0
forward,0,322,9.432355106072499e-07,True,CONVERGED,float64,cuda:0
forward,1,341,9.663083101751823e-07,True,CONVERGED,float64,cuda:0
forward,2,340,9.59535419350682e-07,True,CONVERGED,float64,cuda:0
adjoint,0,324,9.427100914590752e-07,True,CONVERGED,float64,cuda:0
adjoint,1,326,9.223956428910186e-07,True,CONVERGED,float64,cuda:0
adjoint,2,325,9.520815103343472e-07,True,CONVERGED,float64,cuda:0
forward,0,321,9.559488814506764e-07,True,CONVERGED,float64,cuda:0
forward,1,341,9.67983819847153e-07,True,CONVERGED,float64,cuda:0
forward,2,340,9.740218311649108e-07,True,CONVERGED,float64,cuda:0
adjoint,0,324,9.253696082197286e-07,True,CONVERGED,float64,cuda:0
adjoint,1,326,9.85573312683608e-07,True,CONVERGED,float64,cuda:0
adjoint,2,325,9.634219543463013e-07,True,CONVERGED,float64,cuda:0
forward,0,322,8.554715928278326e-07,True,CONVERGED,float64,cuda:0
forward,1,342,9.58330799818989e-07,True,CONVERGED,float64,cuda:0
forward,2,341,9.702469553508597e-07,True,CONVERGED,float64,cuda:0
adjoint,0,324,9.155351842614441e-07,True,CONVERGED,float64,cuda:0
adjoint,1,326,9.689907843852964e-07,True,CONVERGED,float64,cuda:0
adjoint,2,325,9.530789979697218e-07,True,CONVERGED,float64,cuda:0
forward,0,321,8.587013135122438e-07,True,CONVERGED,float64,cuda:0
forward,1,342,9.07882330899762e-07,True,CONVERGED,float64,cuda:0
forward,2,342,9.35000176644625e-07,True,CONVERGED,float64,cuda:0
adjoint,0,323,9.649398441397956e-07,True,CONVERGED,float64,cuda:0
adjoint,1,326,9.247305860988833e-07,True,CONVERGED,float64,cuda:0
adjoint,2,325,9.194057542288928e-07,True,CONVERGED,float64,cuda:0
forward,0,320,9.980899178496727e-07,True,CONVERGED,float64,cuda:0
forward,1,342,9.219313768914015e-07,True,CONVERGED,float64,cuda:0
forward,2,342,9.48896254813953e-07,True,CONVERGED,float64,cuda:0
adjoint,0,323,8.388069123807139e-07,True,CONVERGED,float64,cuda:0
adjoint,1,325,9.680554741808912e-07,True,CONVERGED,float64,cuda:0
adjoint,2,325,8.565388849843069e-07,True,CONVERGED,float64,cuda:0
forward,0,320,9.312200908054544e-07,True,CONVERGED,float64,cuda:0
forward,1,342,9.091516703198966e-07,True,CONVERGED,float64,cuda:0
forward,2,342,9.306609101831262e-07,True,CONVERGED,float64,cuda:0
adjoint,0,322,9.979840156556752e-07,True,CONVERGED,float64,cuda:0
adjoint,1,325,9.789196945458153e-07,True,CONVERGED,float64,cuda:0
adjoint,2,324,9.992370520449298e-07,True,CONVERGED,float64,cuda:0
forward,0,320,9.512886701992456e-07,True,CONVERGED,float64,cuda:0
forward,1,341,9.823704481964863e-07,True,CONVERGED,float64,cuda:0
forward,2,341,9.999903142007919e-07,True,CONVERGED,float64,cuda:0
adjoint,0,292,9.728381841575818e-07,True,CONVERGED,float64,cuda:0
adjoint,1,326,9.371223209743741e-07,True,CONVERGED,float64,cuda:0
adjoint,2,325,9.464962005976187e-07,True,CONVERGED,float64,cuda:0
forward,0,321,9.464803402545336e-07,True,CONVERGED,float64,cuda:0
forward,1,342,8.994621605371609e-07,True,CONVERGED,float64,cuda:0
forward,2,341,9.8016197961392e-07,True,CONVERGED,float64,cuda:0
adjoint,0,325,9.003619524475293e-07,True,CONVERGED,float64,cuda:0
adjoint,1,326,9.086701581316438e-07,True,CONVERGED,float64,cuda:0
adjoint,2,326,9.330872338148359e-07,True,CONVERGED,float64,cuda:0
forward,0,322,9.494229610856412e-07,True,CONVERGED,float64,cuda:0
forward,1,341,9.992785825797495e-07,True,CONVERGED,float64,cuda:0
forward,2,341,9.243183496196523e-07,True,CONVERGED,float64,cuda:0
adjoint,0,324,9.828958239860958e-07,True,CONVERGED,float64,cuda:0
adjoint,1,326,9.28454199978249e-07,True,CONVERGED,float64,cuda:0
adjoint,2,325,9.96555415178621e-07,True,CONVERGED,float64,cuda:0
forward,0,322,9.446629157701024e-07,True,CONVERGED,float64,cuda:0
forward,1,341,9.729310932492302e-07,True,CONVERGED,float64,cuda:0
forward,2,340,9.60015879949746e-07,True,CONVERGED,float64,cuda:0
adjoint,0,324,9.57116286345541e-07,True,CONVERGED,float64,cuda:0
adjoint,1,326,8.763003954474078e-07,True,CONVERGED,float64,cuda:0
adjoint,2,325,9.595016832006858e-07,True,CONVERGED,float64,cuda:0
forward,0,321,9.256264648532951e-07,True,CONVERGED,float64,cuda:0
forward,1,340,9.849532386976715e-07,True,CONVERGED,float64,cuda:0
forward,2,340,8.865034020772895e-07,True,CONVERGED,float64,cuda:0
adjoint,0,324,9.070623277498863e-07,True,CONVERGED,float64,cuda:0
adjoint,1,326,8.770345420769765e-07,True,CONVERGED,float64,cuda:0
adjoint,2,324,9.71906403309461e-07,True,CONVERGED,float64,cuda:0
forward,0,321,8.688035363576761e-07,True,CONVERGED,float64,cuda:0
forward,1,340,8.969003140038731e-07,True,CONVERGED,float64,cuda:0
forward,2,340,9.036648974978989e-07,True,CONVERGED,float64,cuda:0
adjoint,0,313,8.885433884590305e-07,True,CONVERGED,float64,cuda:0
adjoint,1,326,9.906362199807323e-07,True,CONVERGED,float64,cuda:0
adjoint,2,325,9.652112126024235e-07,True,CONVERGED,float64,cuda:0
forward,0,330,9.348916156925185e-07,True,CONVERGED,float64,cuda:0
forward,1,340,8.565220226015133e-07,True,CONVERGED,float64,cuda:0
forward,2,340,8.587787756792404e-07,True,CONVERGED,float64,cuda:0
adjoint,0,321,9.767269680875524e-07,True,CONVERGED,float64,cuda:0
adjoint,1,326,9.519296453635025e-07,True,CONVERGED,float64,cuda:0
adjoint,2,326,9.280978203732815e-07,True,CONVERGED,float64,cuda:0
forward,0,321,9.309978349827408e-07,True,CONVERGED,float64,cuda:0
forward,1,339,9.91955150681563e-07,True,CONVERGED,float64,cuda:0
forward,2,340,9.205260706231865e-07,True,CONVERGED,float64,cuda:0
adjoint,0,324,9.206611503998656e-07,True,CONVERGED,float64,cuda:0
adjoint,1,325,9.294611955005315e-07,True,CONVERGED,float64,cuda:0
adjoint,2,325,9.224231408304546e-07,True,CONVERGED,float64,cuda:0
forward,0,321,8.68859222300154e-07,True,CONVERGED,float64,cuda:0
forward,1,341,9.6548005651927e-07,True,CONVERGED,float64,cuda:0
forward,2,340,9.168667445994604e-07,True,CONVERGED,float64,cuda:0
adjoint,0,324,9.423352719763482e-07,True,CONVERGED,float64,cuda:0
adjoint,1,325,9.955657311522833e-07,True,CONVERGED,float64,cuda:0
adjoint,2,325,8.99589705958554e-07,True,CONVERGED,float64,cuda:0
forward,0,321,8.567355208735483e-07,True,CONVERGED,float64,cuda:0
forward,1,340,9.604812304665462e-07,True,CONVERGED,float64,cuda:0
forward,2,340,8.858168402193754e-07,True,CONVERGED,float64,cuda:0
adjoint,0,324,9.770197734064083e-07,True,CONVERGED,float64,cuda:0
adjoint,1,325,9.969098038094662e-07,True,CONVERGED,float64,cuda:0
adjoint,2,324,9.638855099363814e-07,True,CONVERGED,float64,cuda:0
forward,0,320,8.765949333490456e-07,True,CONVERGED,float64,cuda:0
forward,1,339,9.982287102513344e-07,True,CONVERGED,float64,cuda:0
forward,2,340,8.656367271897691e-07,True,CONVERGED,float64,cuda:0
adjoint,0,324,9.587113344411706e-07,True,CONVERGED,float64,cuda:0
adjoint,1,325,8.889521191018604e-07,True,CONVERGED,float64,cuda:0
adjoint,2,324,9.165063535543149e-07,True,CONVERGED,float64,cuda:0
forward,0,320,8.890225749701694e-07,True,CONVERGED,float64,cuda:0
forward,1,339,9.55594192476012e-07,True,CONVERGED,float64,cuda:0
forward,2,340,8.448734261644071e-07,True,CONVERGED,float64,cuda:0
adjoint,0,324,9.006638805696767e-07,True,CONVERGED,float64,cuda:0
adjoint,1,325,8.53663944877667e-07,True,CONVERGED,float64,cuda:0
adjoint,2,324,8.767826851769192e-07,True,CONVERGED,float64,cuda:0
forward,0,319,9.627602516928709e-07,True,CONVERGED,float64,cuda:0
forward,1,339,9.843412321743119e-07,True,CONVERGED,float64,cuda:0
forward,2,339,9.525702116360522e-07,True,CONVERGED,float64,cuda:0
adjoint,0,323,9.8906617719078e-07,True,CONVERGED,float64,cuda:0
adjoint,1,325,9.71893679633654e-07,True,CONVERGED,float64,cuda:0
adjoint,2,323,9.436478419141363e-07,True,CONVERGED,float64,cuda:0
forward,0,321,9.556508035359986e-07,True,CONVERGED,float64,cuda:0
forward,1,339,9.219419017401317e-07,True,CONVERGED,float64,cuda:0
forward,2,339,9.795982415908923e-07,True,CONVERGED,float64,cuda:0
adjoint,0,324,8.800485887661718e-07,True,CONVERGED,float64,cuda:0
adjoint,1,324,9.612551496144585e-07,True,CONVERGED,float64,cuda:0
adjoint,2,323,9.724280704229093e-07,True,CONVERGED,float64,cuda:0
forward,0,321,9.73858735586165e-07,True,CONVERGED,float64,cuda:0
forward,1,339,9.461658803706081e-07,True,CONVERGED,float64,cuda:0
forward,2,339,9.87932693293733e-07,True,CONVERGED,float64,cuda:0
adjoint,0,324,9.077252445875308e-07,True,CONVERGED,float64,cuda:0
adjoint,1,324,9.072024399322909e-07,True,CONVERGED,float64,cuda:0
adjoint,2,323,9.827926708761842e-07,True,CONVERGED,float64,cuda:0
forward,0,320,9.154159304505562e-07,True,CONVERGED,float64,cuda:0
forward,1,339,9.565721853805955e-07,True,CONVERGED,float64,cuda:0
forward,2,339,9.85799742875618e-07,True,CONVERGED,float64,cuda:0
adjoint,0,324,8.914572858167353e-07,True,CONVERGED,float64,cuda:0
adjoint,1,325,8.983690763354282e-07,True,CONVERGED,float64,cuda:0
adjoint,2,323,9.631563820340265e-07,True,CONVERGED,float64,cuda:0
forward,0,321,9.259609183427711e-07,True,CONVERGED,float64,cuda:0
forward,1,340,8.754985278439602e-07,True,CONVERGED,float64,cuda:0
forward,2,340,8.316026994787258e-07,True,CONVERGED,float64,cuda:0
adjoint,0,323,9.590713670285034e-07,True,CONVERGED,float64,cuda:0
adjoint,1,325,9.763970479134645e-07,True,CONVERGED,float64,cuda:0
adjoint,2,325,9.931452316871298e-07,True,CONVERGED,float64,cuda:0
forward,0,334,9.974684348242124e-07,True,CONVERGED,float64,cuda:0
forward,1,340,9.57335335575007e-07,True,CONVERGED,float64,cuda:0
forward,2,341,9.668782436196251e-07,True,CONVERGED,float64,cuda:0
adjoint,0,325,9.901491491745758e-07,True,CONVERGED,float64,cuda:0
adjoint,1,325,9.555073395299653e-07,True,CONVERGED,float64,cuda:0
adjoint,2,323,9.652937855435035e-07,True,CONVERGED,float64,cuda:0
forward,0,332,8.910973886015113e-07,True,CONVERGED,float64,cuda:0
forward,1,340,9.215137719377446e-07,True,CONVERGED,float64,cuda:0
forward,2,341,9.402234850438474e-07,True,CONVERGED,float64,cuda:0
adjoint,0,331,9.957476917988492e-07,True,CONVERGED,float64,cuda:0
adjoint,1,326,9.87912972559885e-07,True,CONVERGED,float64,cuda:0
adjoint,2,325,8.905130446499275e-07,True,CONVERGED,float64,cuda:0
forward,0,332,9.284523471276716e-07,True,CONVERGED,float64,cuda:0
forward,1,340,9.622181605913623e-07,True,CONVERGED,float64,cuda:0
forward,2,340,9.986246817102176e-07,True,CONVERGED,float64,cuda:0
adjoint,0,331,9.167637928415308e-07,True,CONVERGED,float64,cuda:0
adjoint,1,328,8.85314721978924e-07,True,CONVERGED,float64,cuda:0
adjoint,2,326,8.945676985531397e-07,True,CONVERGED,float64,cuda:0
forward,0,330,9.732283327776983e-07,True,CONVERGED,float64,cuda:0
forward,1,339,9.745410414463062e-07,True,CONVERGED,float64,cuda:0
forward,2,341,9.131030115981945e-07,True,CONVERGED,float64,cuda:0
adjoint,0,330,9.812585926546406e-07,True,CONVERGED,float64,cuda:0
adjoint,1,328,9.257765422311529e-07,True,CONVERGED,float64,cuda:0
adjoint,2,325,9.817578300069162e-07,True,CONVERGED,float64,cuda:0
forward,0,331,9.704564011936177e-07,True,CONVERGED,float64,cuda:0
forward,1,339,9.867349656448836e-07,True,CONVERGED,float64,cuda:0
forward,2,340,9.737887839255112e-07,True,CONVERGED,float64,cuda:0
adjoint,0,331,9.303083092422812e-07,True,CONVERGED,float64,cuda:0
adjoint,1,327,9.708444372842158e-07,True,CONVERGED,float64,cuda:0
adjoint,2,325,9.567696442733133e-07,True,CONVERGED,float64,cuda:0
forward,0,332,9.327711628422636e-07,True,CONVERGED,float64,cuda:0
forward,1,340,9.539342616827007e-07,True,CONVERGED,float64,cuda:0
forward,2,340,9.708709094532115e-07,True,CONVERGED,float64,cuda:0
adjoint,0,332,9.50251140312663e-07,True,CONVERGED,float64,cuda:0
adjoint,1,327,8.927542518823607e-07,True,CONVERGED,float64,cuda:0
adjoint,2,325,9.90956508904758e-07,True,CONVERGED,float64,cuda:0
forward,0,331,9.623306653241858e-07,True,CONVERGED,float64,cuda:0
forward,1,339,9.546230530734473e-07,True,CONVERGED,float64,cuda:0
forward,2,341,8.98807632647606e-07,True,CONVERGED,float64,cuda:0
adjoint,0,333,9.981236398783026e-07,True,CONVERGED,float64,cuda:0
adjoint,1,327,8.977358129332909e-07,True,CONVERGED,float64,cuda:0
adjoint,2,324,9.037848689913567e-07,True,CONVERGED,float64,cuda:0
forward,0,330,9.815323344477787e-07,True,CONVERGED,float64,cuda:0
forward,1,339,9.72902128022782e-07,True,CONVERGED,float64,cuda:0
forward,2,341,9.987214489415141e-07,True,CONVERGED,float64,cuda:0
adjoint,0,324,9.770958154659377e-07,True,CONVERGED,float64,cuda:0
adjoint,1,326,9.926662020619478e-07,True,CONVERGED,float64,cuda:0
adjoint,2,323,9.657474366625164e-07,True,CONVERGED,float64,cuda:0
forward,0,322,9.44405289595441e-07,True,CONVERGED,float64,cuda:0
forward,1,340,8.621667994573182e-07,True,CONVERGED,float64,cuda:0
forward,2,341,9.317028279866724e-07,True,CONVERGED,float64,cuda:0
adjoint,0,324,9.182932633772453e-07,True,CONVERGED,float64,cuda:0
adjoint,1,326,9.327719045360504e-07,True,CONVERGED,float64,cuda:0
adjoint,2,324,8.700587313708103e-07,True,CONVERGED,float64,cuda:0
forward,0,320,8.998934988955593e-07,True,CONVERGED,float64,cuda:0
forward,1,339,9.743549001459038e-07,True,CONVERGED,float64,cuda:0
forward,2,341,8.720642434606682e-07,True,CONVERGED,float64,cuda:0
adjoint,0,325,9.603706832907167e-07,True,CONVERGED,float64,cuda:0
adjoint,1,326,8.876381282377835e-07,True,CONVERGED,float64,cuda:0
adjoint,2,324,8.547573198835595e-07,True,CONVERGED,float64,cuda:0
forward,0,320,9.194532205381598e-07,True,CONVERGED,float64,cuda:0
forward,1,339,9.59150834077984e-07,True,CONVERGED,float64,cuda:0
forward,2,340,9.995519737202972e-07,True,CONVERGED,float64,cuda:0
adjoint,0,325,9.918492133647772e-07,True,CONVERGED,float64,cuda:0
adjoint,1,326,9.15416960627456e-07,True,CONVERGED,float64,cuda:0
adjoint,2,325,9.005865342803637e-07,True,CONVERGED,float64,cuda:0
forward,0,330,9.713070943116724e-07,True,CONVERGED,float64,cuda:0
forward,1,340,9.312008558482592e-07,True,CONVERGED,float64,cuda:0
forward,2,340,9.685636381347652e-07,True,CONVERGED,float64,cuda:0
adjoint,0,326,9.437748401896315e-07,True,CONVERGED,float64,cuda:0
adjoint,1,326,8.969968668856804e-07,True,CONVERGED,float64,cuda:0
adjoint,2,325,9.924282207486337e-07,True,CONVERGED,float64,cuda:0
forward,0,321,9.389624517597068e-07,True,CONVERGED,float64,cuda:0
forward,1,340,9.974936433427342e-07,True,CONVERGED,float64,cuda:0
forward,2,341,9.368580473385787e-07,True,CONVERGED,float64,cuda:0
adjoint,0,325,9.842985062836086e-07,True,CONVERGED,float64,cuda:0
adjoint,1,327,8.462952771908189e-07,True,CONVERGED,float64,cuda:0
adjoint,2,326,9.339820844444479e-07,True,CONVERGED,float64,cuda:0
forward,0,321,9.206718129553053e-07,True,CONVERGED,float64,cuda:0
forward,1,339,9.730629719845668e-07,True,CONVERGED,float64,cuda:0
forward,2,340,9.566086605585326e-07,True,CONVERGED,float64,cuda:0
adjoint,0,324,9.386973720682391e-07,True,CONVERGED,float64,cuda:0
adjoint,1,326,8.970842934748863e-07,True,CONVERGED,float64,cuda:0
adjoint,2,325,9.633079853339923e-07,True,CONVERGED,float64,cuda:0
forward,0,319,9.055419681732957e-07,True,CONVERGED,float64,cuda:0
forward,1,339,9.867324731086334e-07,True,CONVERGED,float64,cuda:0
forward,2,341,8.609718593990304e-07,True,CONVERGED,float64,cuda:0
adjoint,0,324,9.672297150311906e-07,True,CONVERGED,float64,cuda:0
adjoint,1,325,9.991470049301196e-07,True,CONVERGED,float64,cuda:0
adjoint,2,325,9.223050774011914e-07,True,CONVERGED,float64,cuda:0
forward,0,320,8.483957396622461e-07,True,CONVERGED,float64,cuda:0
forward,1,339,9.915126101605396e-07,True,CONVERGED,float64,cuda:0
forward,2,341,8.843245376205533e-07,True,CONVERGED,float64,cuda:0
adjoint,0,324,9.94156729094246e-07,True,CONVERGED,float64,cuda:0
adjoint,1,326,8.983031194341236e-07,True,CONVERGED,float64,cuda:0
adjoint,2,324,8.92901381107414e-07,True,CONVERGED,float64,cuda:0
forward,0,321,9.834757684861395e-07,True,CONVERGED,float64,cuda:0
forward,1,340,9.587792757819147e-07,True,CONVERGED,float64,cuda:0
forward,2,341,9.547209221503327e-07,True,CONVERGED,float64,cuda:0
adjoint,0,325,9.213657410502042e-07,True,CONVERGED,float64,cuda:0
adjoint,1,327,9.075778533461088e-07,True,CONVERGED,float64,cuda:0
adjoint,2,324,9.475809284128342e-07,True,CONVERGED,float64,cuda:0
forward,0,321,9.504050990518256e-07,True,CONVERGED,float64,cuda:0
forward,1,340,9.811311653989367e-07,True,CONVERGED,float64,cuda:0
forward,2,341,9.855491467945784e-07,True,CONVERGED,float64,cuda:0
adjoint,0,325,9.279661561593667e-07,True,CONVERGED,float64,cuda:0
adjoint,1,327,9.543919890353441e-07,True,CONVERGED,float64,cuda:0
adjoint,2,325,8.860455385213428e-07,True,CONVERGED,float64,cuda:0
forward,0,321,9.282656391112417e-07,True,CONVERGED,float64,cuda:0
forward,1,340,9.599515794489467e-07,True,CONVERGED,float64,cuda:0
forward,2,341,9.70543582680915e-07,True,CONVERGED,float64,cuda:0
adjoint,0,325,9.51581707471368e-07,True,CONVERGED,float64,cuda:0
adjoint,1,327,9.220173666438527e-07,True,CONVERGED,float64,cuda:0
adjoint,2,324,9.827990092953551e-07,True,CONVERGED,float64,cuda:0
forward,0,321,9.809967320931129e-07,True,CONVERGED,float64,cuda:0
forward,1,340,9.2798062563011e-07,True,CONVERGED,float64,cuda:0
forward,2,341,9.323306612408959e-07,True,CONVERGED,float64,cuda:0
adjoint,0,325,9.620357718408523e-07,True,CONVERGED,float64,cuda:0
adjoint,1,327,8.897014520495677e-07,True,CONVERGED,float64,cuda:0
adjoint,2,324,8.755339850941189e-07,True,CONVERGED,float64,cuda:0
forward,0,320,8.836297418535873e-07,True,CONVERGED,float64,cuda:0
forward,1,339,9.862041967527137e-07,True,CONVERGED,float64,cuda:0
forward,2,341,8.774104257752394e-07,True,CONVERGED,float64,cuda:0
adjoint,0,326,9.243699993696146e-07,True,CONVERGED,float64,cuda:0
adjoint,1,326,9.441293831005897e-07,True,CONVERGED,float64,cuda:0
adjoint,2,324,8.432311824431975e-07,True,CONVERGED,float64,cuda:0
forward,0,320,8.962682367747759e-07,True,CONVERGED,float64,cuda:0
forward,1,339,9.629805275322144e-07,True,CONVERGED,float64,cuda:0
forward,2,341,8.786314309450649e-07,True,CONVERGED,float64,cuda:0
adjoint,0,326,8.909822536373557e-07,True,CONVERGED,float64,cuda:0
adjoint,1,326,9.038323815299796e-07,True,CONVERGED,float64,cuda:0
adjoint,2,324,8.67809169415205e-07,True,CONVERGED,float64,cuda:0
forward,0,322,9.649287509416103e-07,True,CONVERGED,float64,cuda:0
forward,1,339,9.480476097408082e-07,True,CONVERGED,float64,cuda:0
forward,2,341,8.851291041032589e-07,True,CONVERGED,float64,cuda:0
adjoint,0,326,9.026280051407302e-07,True,CONVERGED,float64,cuda:0
adjoint,1,326,8.86619673961424e-07,True,CONVERGED,float64,cuda:0
adjoint,2,324,9.673349828626794e-07,True,CONVERGED,float64,cuda:0
forward,0,320,9.354403616633952e-07,True,CONVERGED,float64,cuda:0
forward,1,339,9.692838775732302e-07,True,CONVERGED,float64,cuda:0
forward,2,341,8.990678148931752e-07,True,CONVERGED,float64,cuda:0
adjoint,0,325,9.889670992382333e-07,True,CONVERGED,float64,cuda:0
adjoint,1,326,9.539391313302893e-07,True,CONVERGED,float64,cuda:0
adjoint,2,325,8.958070316445918e-07,True,CONVERGED,float64,cuda:0
forward,0,320,9.236023356133125e-07,True,CONVERGED,float64,cuda:0
forward,1,339,9.674390699384793e-07,True,CONVERGED,float64,cuda:0
forward,2,341,8.991791390012e-07,True,CONVERGED,float64,cuda:0
adjoint,0,326,8.993937874800431e-07,True,CONVERGED,float64,cuda:0
adjoint,1,327,8.568167909063008e-07,True,CONVERGED,float64,cuda:0
adjoint,2,325,9.425973442059727e-07,True,CONVERGED,float64,cuda:0
forward,0,320,9.117636994460105e-07,True,CONVERGED,float64,cuda:0
forward,1,339,9.368627012359519e-07,True,CONVERGED,float64,cuda:0
forward,2,341,8.770771865326264e-07,True,CONVERGED,float64,cuda:0
adjoint,0,325,9.964312261802716e-07,True,CONVERGED,float64,cuda:0
adjoint,1,326,9.600562101668368e-07,True,CONVERGED,float64,cuda:0
adjoint,2,325,9.191780081538562e-07,True,CONVERGED,float64,cuda:0
forward,0,320,9.612294508733277e-07,True,CONVERGED,float64,cuda:0
forward,1,339,9.290682497112743e-07,True,CONVERGED,float64,cuda:0
forward,2,340,9.921390125668714e-07,True,CONVERGED,float64,cuda:0
adjoint,0,326,9.638482139587296e-07,True,CONVERGED,float64,cuda:0
adjoint,1,326,9.626051293817647e-07,True,CONVERGED,float64,cuda:0
adjoint,2,325,9.219057108295566e-07,True,CONVERGED,float64,cuda:0
forward,0,323,9.96664208787138e-07,True,CONVERGED,float64,cuda:0
forward,1,339,9.220737923040986e-07,True,CONVERGED,float64,cuda:0
forward,2,340,9.893073796929096e-07,True,CONVERGED,float64,cuda:0
adjoint,0,326,9.876790689948239e-07,True,CONVERGED,float64,cuda:0
adjoint,1,326,9.63324085063206e-07,True,CONVERGED,float64,cuda:0
adjoint,2,325,8.800151713675782e-07,True,CONVERGED,float64,cuda:0
forward,0,326,9.671643606139682e-07,True,CONVERGED,float64,cuda:0
forward,1,339,9.472334369443038e-07,True,CONVERGED,float64,cuda:0
forward,2,340,9.867872400378572e-07,True,CONVERGED,float64,cuda:0
adjoint,0,326,9.579112310014647e-07,True,CONVERGED,float64,cuda:0
adjoint,1,326,9.245304544722671e-07,True,CONVERGED,float64,cuda:0
adjoint,2,324,9.376023677805223e-07,True,CONVERGED,float64,cuda:0
forward,0,321,9.94417810586577e-07,True,CONVERGED,float64,cuda:0
forward,1,339,9.688992131168263e-07,True,CONVERGED,float64,cuda:0
forward,2,341,8.620830547857707e-07,True,CONVERGED,float64,cuda:0
adjoint,0,326,9.347379322398316e-07,True,CONVERGED,float64,cuda:0
adjoint,1,326,9.278590189330737e-07,True,CONVERGED,float64,cuda:0
adjoint,2,324,9.111542908674568e-07,True,CONVERGED,float64,cuda:0
forward,0,321,9.525786038536772e-07,True,CONVERGED,float64,cuda:0
forward,1,339,9.619228082690903e-07,True,CONVERGED,float64,cuda:0
forward,2,340,9.990829669936109e-07,True,CONVERGED,float64,cuda:0
adjoint,0,326,9.190529023945116e-07,True,CONVERGED,float64,cuda:0
adjoint,1,326,9.128294805721955e-07,True,CONVERGED,float64,cuda:0
adjoint,2,324,9.130606263211696e-07,True,CONVERGED,float64,cuda:0
forward,0,321,9.874172208293817e-07,True,CONVERGED,float64,cuda:0
forward,1,339,9.447907709196225e-07,True,CONVERGED,float64,cuda:0
forward,2,340,9.97251112683297e-07,True,CONVERGED,float64,cuda:0
adjoint,0,326,9.159534597420247e-07,True,CONVERGED,float64,cuda:0
adjoint,1,326,9.026312591633976e-07,True,CONVERGED,float64,cuda:0
adjoint,2,324,9.330041805414267e-07,True,CONVERGED,float64,cuda:0
forward,0,322,9.69657848360987e-07,True,CONVERGED,float64,cuda:0
forward,1,339,9.374768118935555e-07,True,CONVERGED,float64,cuda:0
forward,2,340,9.920525597111989e-07,True,CONVERGED,float64,cuda:0
adjoint,0,326,9.172696872914486e-07,True,CONVERGED,float64,cuda:0
adjoint,1,326,9.168496749944206e-07,True,CONVERGED,float64,cuda:0
adjoint,2,324,9.53477386672368e-07,True,CONVERGED,float64,cuda:0
forward,0,324,9.75535189528743e-07,True,CONVERGED,float64,cuda:0
forward,1,339,9.485772418615697e-07,True,CONVERGED,float64,cuda:0
forward,2,340,9.99318044717732e-07,True,CONVERGED,float64,cuda:0
adjoint,0,326,9.325218575718841e-07,True,CONVERGED,float64,cuda:0
adjoint,1,326,9.370645187902421e-07,True,CONVERGED,float64,cuda:0
adjoint,2,324,9.772122811184515e-07,True,CONVERGED,float64,cuda:0
forward,0,327,9.800531460913995e-07,True,CONVERGED,float64,cuda:0
forward,1,339,9.550953121510149e-07,True,CONVERGED,float64,cuda:0
forward,2,341,8.627607767046002e-07,True,CONVERGED,float64,cuda:0
adjoint,0,326,9.680355894900358e-07,True,CONVERGED,float64,cuda:0
adjoint,1,326,9.630877581805834e-07,True,CONVERGED,float64,cuda:0
adjoint,2,325,8.591987424986478e-07,True,CONVERGED,float64,cuda:0
forward,0,326,9.922436160776245e-07,True,CONVERGED,float64,cuda:0
forward,1,339,9.448687766075748e-07,True,CONVERGED,float64,cuda:0
forward,2,341,8.669024280181018e-07,True,CONVERGED,float64,cuda:0
adjoint,0,326,9.627032013838198e-07,True,CONVERGED,float64,cuda:0
adjoint,1,326,9.819480413787224e-07,True,CONVERGED,float64,cuda:0
adjoint,2,325,9.060371476884742e-07,True,CONVERGED,float64,cuda:0
forward,0,321,9.979832233816223e-07,True,CONVERGED,float64,cuda:0
forward,1,339,9.385134231139185e-07,True,CONVERGED,float64,cuda:0
forward,2,341,8.567760457605117e-07,True,CONVERGED,float64,cuda:0
adjoint,0,326,9.331731945010659e-07,True,CONVERGED,float64,cuda:0
adjoint,1,326,9.628269983017017e-07,True,CONVERGED,float64,cuda:0
adjoint,2,325,9.243404885867139e-07,True,CONVERGED,float64,cuda:0
forward,0,321,9.65696527720888e-07,True,CONVERGED,float64,cuda:0
forward,1,339,9.41740822238226e-07,True,CONVERGED,float64,cuda:0
forward,2,340,9.94727245076018e-07,True,CONVERGED,float64,cuda:0
adjoint,0,325,9.786941946182563e-07,True,CONVERGED,float64,cuda:0
adjoint,1,326,9.501862652410536e-07,True,CONVERGED,float64,cuda:0
adjoint,2,325,9.419291829742444e-07,True,CONVERGED,float64,cuda:0
forward,0,321,9.262022548042867e-07,True,CONVERGED,float64,cuda:0
forward,1,339,9.428867091770408e-07,True,CONVERGED,float64,cuda:0
forward,2,341,8.603847749668805e-07,True,CONVERGED,float64,cuda:0
adjoint,0,325,9.967699916114564e-07,True,CONVERGED,float64,cuda:0
adjoint,1,326,9.649381721989586e-07,True,CONVERGED,float64,cuda:0
adjoint,2,325,9.489549676255709e-07,True,CONVERGED,float64,cuda:0
forward,0,321,9.672195437318582e-07,True,CONVERGED,float64,cuda:0
forward,1,339,9.483895454060531e-07,True,CONVERGED,float64,cuda:0
forward,2,341,8.60669745624678e-07,True,CONVERGED,float64,cuda:0
adjoint,0,326,9.3180889962146e-07,True,CONVERGED,float64,cuda:0
adjoint,1,326,9.72577391699454e-07,True,CONVERGED,float64,cuda:0
adjoint,2,325,9.381954553489995e-07,True,CONVERGED,float64,cuda:0
forward,0,321,9.274081184044928e-07,True,CONVERGED,float64,cuda:0
forward,1,339,9.469625097960562e-07,True,CONVERGED,float64,cuda:0
forward,2,341,8.506252565599206e-07,True,CONVERGED,float64,cuda:0
adjoint,0,326,9.178561191843853e-07,True,CONVERGED,float64,cuda:0
adjoint,1,326,9.616241888421044e-07,True,CONVERGED,float64,cuda:0
adjoint,2,325,9.312020824230925e-07,True,CONVERGED,float64,cuda:0
forward,0,320,9.690730570138138e-07,True,CONVERGED,float64,cuda:0
forward,1,339,9.488989320903185e-07,True,CONVERGED,float64,cuda:0
forward,2,340,9.99450584872429e-07,True,CONVERGED,float64,cuda:0
adjoint,0,325,9.911815859322037e-07,True,CONVERGED,float64,cuda:0
adjoint,1,326,9.594167899838822e-07,True,CONVERGED,float64,cuda:0
adjoint,2,325,9.269036313604822e-07,True,CONVERGED,float64,cuda:0
forward,0,321,9.388784067202289e-07,True,CONVERGED,float64,cuda:0
forward,1,339,9.527287506128125e-07,True,CONVERGED,float64,cuda:0
forward,2,340,9.977645874376922e-07,True,CONVERGED,float64,cuda:0
adjoint,0,326,9.185122164948946e-07,True,CONVERGED,float64,cuda:0
adjoint,1,326,9.50935645049339e-07,True,CONVERGED,float64,cuda:0
adjoint,2,325,9.12123990866159e-07,True,CONVERGED,float64,cuda:0
forward,0,327,9.8623685359331e-07,True,CONVERGED,float64,cuda:0
forward,1,339,9.68013983902373e-07,True,CONVERGED,float64,cuda:0
forward,2,340,9.962557913740014e-07,True,CONVERGED,float64,cuda:0
adjoint,0,326,9.464014368668824e-07,True,CONVERGED,float64,cuda:0
adjoint,1,326,9.698122196554106e-07,True,CONVERGED,float64,cuda:0
adjoint,2,325,8.881314306966433e-07,True,CONVERGED,float64,cuda:0
forward,0,332,9.999714071993766e-07,True,CONVERGED,float64,cuda:0
forward,1,339,9.657926897076708e-07,True,CONVERGED,float64,cuda:0
forward,2,340,9.91982170706873e-07,True,CONVERGED,float64,cuda:0
adjoint,0,326,9.654170555937017e-07,True,CONVERGED,float64,cuda:0
adjoint,1,326,9.569720951327667e-07,True,CONVERGED,float64,cuda:0
adjoint,2,325,8.703666480908824e-07,True,CONVERGED,float64,cuda:0
forward,0,329,9.696151146973855e-07,True,CONVERGED,float64,cuda:0
forward,1,339,9.624400946097376e-07,True,CONVERGED,float64,cuda:0
forward,2,340,9.84550822321699e-07,True,CONVERGED,float64,cuda:0
adjoint,0,326,9.641825725696721e-07,True,CONVERGED,float64,cuda:0
adjoint,1,326,9.618639050640483e-07,True,CONVERGED,float64,cuda:0
adjoint,2,325,8.79629161029453e-07,True,CONVERGED,float64,cuda:0
forward,0,328,9.514326350993817e-07,True,CONVERGED,float64,cuda:0
forward,1,339,9.602976467855594e-07,True,CONVERGED,float64,cuda:0
forward,2,340,9.802666802861063e-07,True,CONVERGED,float64,cuda:0
adjoint,0,326,9.633983087883477e-07,True,CONVERGED,float64,cuda:0
adjoint,1,326,9.6245587618037e-07,True,CONVERGED,float64,cuda:0
adjoint,2,325,8.877961658019406e-07,True,CONVERGED,float64,cuda:0
forward,0,329,9.957084037664028e-07,True,CONVERGED,float64,cuda:0
forward,1,339,9.495599649967892e-07,True,CONVERGED,float64,cuda:0
forward,2,340,9.75723797200078e-07,True,CONVERGED,float64,cuda:0
adjoint,0,326,9.579578433782678e-07,True,CONVERGED,float64,cuda:0
adjoint,1,326,9.560520438922917e-07,True,CONVERGED,float64,cuda:0
adjoint,2,325,8.734171462642704e-07,True,CONVERGED,float64,cuda:0
forward,0,333,9.927204816690996e-07,True,CONVERGED,float64,cuda:0
forward,1,339,9.479489738795896e-07,True,CONVERGED,float64,cuda:0
forward,2,340,9.72300696488413e-07,True,CONVERGED,float64,cuda:0
adjoint,0,326,9.346743052440481e-07,True,CONVERGED,float64,cuda:0
adjoint,1,326,9.437191987910838e-07,True,CONVERGED,float64,cuda:0
adjoint,2,324,9.910903869176992e-07,True,CONVERGED,float64,cuda:0
forward,0,331,9.920222646825244e-07,True,CONVERGED,float64,cuda:0
forward,1,339,9.512022208207408e-07,True,CONVERGED,float64,cuda:0
forward,2,340,9.682302659534708e-07,True,CONVERGED,float64,cuda:0
adjoint,0,325,9.93084934662047e-07,True,CONVERGED,float64,cuda:0
adjoint,1,326,9.432954686038708e-07,True,CONVERGED,float64,cuda:0
adjoint,2,324,9.759316222766143e-07,True,CONVERGED,float64,cuda:0
forward,0,328,9.624204915074087e-07,True,CONVERGED,float64,cuda:0
forward,1,339,9.52541043050865e-07,True,CONVERGED,float64,cuda:0
forward,2,340,9.563478181557648e-07,True,CONVERGED,float64,cuda:0
adjoint,0,325,9.79228647353543e-07,True,CONVERGED,float64,cuda:0
adjoint,1,326,9.415036245263783e-07,True,CONVERGED,float64,cuda:0
adjoint,2,324,9.93717175341985e-07,True,CONVERGED,float64,cuda:0
forward,0,327,9.42224969090874e-07,True,CONVERGED,float64,cuda:0
forward,1,339,9.556834268948512e-07,True,CONVERGED,float64,cuda:0
forward,2,340,9.549518020272436e-07,True,CONVERGED,float64,cuda:0
adjoint,0,325,9.811191771257402e-07,True,CONVERGED,float64,cuda:0
adjoint,1,326,9.403934552114322e-07,True,CONVERGED,float64,cuda:0
adjoint,2,325,8.477349587375816e-07,True,CONVERGED,float64,cuda:0
forward,0,328,9.611498598122929e-07,True,CONVERGED,float64,cuda:0
forward,1,339,9.582266955507596e-07,True,CONVERGED,float64,cuda:0
forward,2,340,9.635272554630213e-07,True,CONVERGED,float64,cuda:0
adjoint,0,325,9.98438693023991e-07,True,CONVERGED,float64,cuda:0
adjoint,1,326,9.422211019321925e-07,True,CONVERGED,float64,cuda:0
adjoint,2,325,8.449140999276637e-07,True,CONVERGED,float64,cuda:0
forward,0,332,9.989196081680645e-07,True,CONVERGED,float64,cuda:0
forward,1,339,9.622625482921897e-07,True,CONVERGED,float64,cuda:0
forward,2,340,9.692545802311049e-07,True,CONVERGED,float64,cuda:0
adjoint,0,326,9.326596325030806e-07,True,CONVERGED,float64,cuda:0
adjoint,1,326,9.448742233377276e-07,True,CONVERGED,float64,cuda:0
adjoint,2,325,8.454450974362777e-07,True,CONVERGED,float64,cuda:0
forward,0,332,9.994083367810725e-07,True,CONVERGED,float64,cuda:0
forward,1,339,9.618151147072956e-07,True,CONVERGED,float64,cuda:0
forward,2,340,9.652544693390827e-07,True,CONVERGED,float64,cuda:0
adjoint,0,326,9.43850545622555e-07,True,CONVERGED,float64,cuda:0
adjoint,1,326,9.440317436305565e-07,True,CONVERGED,float64,cuda:0
adjoint,2,325,8.582730808419505e-07,True,CONVERGED,float64,cuda:0
forward,0,331,9.932681113620324e-07,True,CONVERGED,float64,cuda:0
forward,1,339,9.624744268235512e-07,True,CONVERGED,float64,cuda:0
forward,2,340,9.59887378098716e-07,True,CONVERGED,float64,cuda:0
adjoint,0,326,9.475661623232634e-07,True,CONVERGED,float64,cuda:0
adjoint,1,326,9.499781324910085e-07,True,CONVERGED,float64,cuda:0
adjoint,2,325,8.667162266511614e-07,True,CONVERGED,float64,cuda:0
forward,0,331,9.879990369915336e-07,True,CONVERGED,float64,cuda:0
forward,1,339,9.627857418736143e-07,True,CONVERGED,float64,cuda:0
forward,2,340,9.649776501698603e-07,True,CONVERGED,float64,cuda:0
adjoint,0,326,9.417496455911361e-07,True,CONVERGED,float64,cuda:0
adjoint,1,326,9.487095378100233e-07,True,CONVERGED,float64,cuda:0
adjoint,2,325,8.514229911884148e-07,True,CONVERGED,float64,cuda:0
forward,0,331,9.837253678201039e-07,True,CONVERGED,float64,cuda:0
forward,1,339,9.629310337873749e-07,True,CONVERGED,float64,cuda:0
forward,2,340,9.702520245482172e-07,True,CONVERGED,float64,cuda:0
adjoint,0,326,9.389657252903631e-07,True,CONVERGED,float64,cuda:0
adjoint,1,326,9.523291583825492e-07,True,CONVERGED,float64,cuda:0
adjoint,2,324,9.80426241150041e-07,True,CONVERGED,float64,cuda:0
forward,0,330,9.85588872030278e-07,True,CONVERGED,float64,cuda:0
forward,1,339,9.604168321958522e-07,True,CONVERGED,float64,cuda:0
forward,2,340,9.703117685049525e-07,True,CONVERGED,float64,cuda:0
adjoint,0,326,9.418509378517786e-07,True,CONVERGED,float64,cuda:0
adjoint,1,326,9.530934486134827e-07,True,CONVERGED,float64,cuda:0
adjoint,2,324,9.59765474096748e-07,True,CONVERGED,float64,cuda:0
forward,0,329,9.927403480236948e-07,True,CONVERGED,float64,cuda:0
forward,1,339,9.578178628092112e-07,True,CONVERGED,float64,cuda:0
forward,2,340,9.691517076313144e-07,True,CONVERGED,float64,cuda:0
adjoint,0,326,9.426336430717936e-07,True,CONVERGED,float64,cuda:0
adjoint,1,326,9.520919699204743e-07,True,CONVERGED,float64,cuda:0
adjoint,2,324,9.538633111224758e-07,True,CONVERGED,float64,cuda:0
forward,0,330,9.939688587487687e-07,True,CONVERGED,float64,cuda:0
forward,1,339,9.577373500371262e-07,True,CONVERGED,float64,cuda:0
forward,2,340,9.684599176271719e-07,True,CONVERGED,float64,cuda:0
adjoint,0,326,9.47923495715402e-07,True,CONVERGED,float64,cuda:0
adjoint,1,326,9.56567928634691e-07,True,CONVERGED,float64,cuda:0
adjoint,2,324,9.485917187604843e-07,True,CONVERGED,float64,cuda:0
forward,0,331,9.907110975043325e-07,True,CONVERGED,float64,cuda:0
forward,1,339,9.580162193816983e-07,True,CONVERGED,float64,cuda:0
forward,2,340,9.67997153426927e-07,True,CONVERGED,float64,cuda:0
adjoint,0,326,9.54926843243171e-07,True,CONVERGED,float64,cuda:0
adjoint,1,326,9.587004751250764e-07,True,CONVERGED,float64,cuda:0
adjoint,2,324,9.384383349408113e-07,True,CONVERGED,float64,cuda:0
forward,0,333,9.69197241596607e-07,True,CONVERGED,float64,cuda:0
forward,1,339,9.57463430921716e-07,True,CONVERGED,float64,cuda:0
forward,2,340,9.665045325342357e-07,True,CONVERGED,float64,cuda:0
adjoint,0,326,9.579033613220442e-07,True,CONVERGED,float64,cuda:0
adjoint,1,326,9.58526791791941e-07,True,CONVERGED,float64,cuda:0
adjoint,2,324,9.315280421971852e-07,True,CONVERGED,float64,cuda:0
forward,0,333,9.74062812782414e-07,True,CONVERGED,float64,cuda:0
forward,1,339,9.572273524334276e-07,True,CONVERGED,float64,cuda:0
forward,2,340,9.63356895499316e-07,True,CONVERGED,float64,cuda:0
adjoint,0,326,9.559691109269516e-07,True,CONVERGED,float64,cuda:0
adjoint,1,326,9.572001824471135e-07,True,CONVERGED,float64,cuda:0
adjoint,2,324,9.318627684827684e-07,True,CONVERGED,float64,cuda:0
forward,0,333,9.765625331688656e-07,True,CONVERGED,float64,cuda:0
forward,1,339,9.58923718859573e-07,True,CONVERGED,float64,cuda:0
forward,2,340,9.595350189377132e-07,True,CONVERGED,float64,cuda:0
adjoint,0,326,9.5163789156477e-07,True,CONVERGED,float64,cuda:0
adjoint,1,326,9.549584791084287e-07,True,CONVERGED,float64,cuda:0
adjoint,2,324,9.353658788495965e-07,True,CONVERGED,float64,cuda:0
forward,0,331,9.95321312941594e-07,True,CONVERGED,float64,cuda:0
forward,1,339,9.624166541277243e-07,True,CONVERGED,float64,cuda:0
forward,2,340,9.569938321026093e-07,True,CONVERGED,float64,cuda:0
adjoint,0,326,9.431851496292763e-07,True,CONVERGED,float64,cuda:0
adjoint,1,326,9.530120151129112e-07,True,CONVERGED,float64,cuda:0
adjoint,2,324,9.304824608413095e-07,True,CONVERGED,float64,cuda:0
forward,0,330,9.90930938101696e-07,True,CONVERGED,float64,cuda:0
forward,1,339,9.649979144471842e-07,True,CONVERGED,float64,cuda:0
forward,2,340,9.566917640097096e-07,True,CONVERGED,float64,cuda:0
adjoint,0,326,9.317988493081099e-07,True,CONVERGED,float64,cuda:0
adjoint,1,326,9.520141184027298e-07,True,CONVERGED,float64,cuda:0
adjoint,2,324,9.164373548228013e-07,True,CONVERGED,float64,cuda:0
forward,0,329,9.867421636309828e-07,True,CONVERGED,float64,cuda:0
forward,1,339,9.659974547662616e-07,True,CONVERGED,float64,cuda:0
forward,2,340,9.55421064927322e-07,True,CONVERGED,float64,cuda:0
adjoint,0,326,9.232436394335237e-07,True,CONVERGED,float64,cuda:0
adjoint,1,326,9.512173981798956e-07,True,CONVERGED,float64,cuda:0
adjoint,2,324,9.056583705634676e-07,True,CONVERGED,float64,cuda:0
forward,0,329,9.839494252054104e-07,True,CONVERGED,float64,cuda:0
forward,1,339,9.66643142242332e-07,True,CONVERGED,float64,cuda:0
forward,2,340,9.519430385043962e-07,True,CONVERGED,float64,cuda:0
adjoint,0,326,9.196790199638982e-07,True,CONVERGED,float64,cuda:0
adjoint,1,326,9.499114664143309e-07,True,CONVERGED,float64,cuda:0
adjoint,2,324,9.004130365678372e-07,True,CONVERGED,float64,cuda:0
forward,0,330,9.787577254554783e-07,True,CONVERGED,float64,cuda:0
forward,1,339,9.688118918743336e-07,True,CONVERGED,float64,cuda:0
forward,2,340,9.48378823718951e-07,True,CONVERGED,float64,cuda:0
adjoint,0,326,9.216190668226305e-07,True,CONVERGED,float64,cuda:0
adjoint,1,326,9.488129759935607e-07,True,CONVERGED,float64,cuda:0
adjoint,2,324,8.957534979591214e-07,True,CONVERGED,float64,cuda:0
forward,0,331,9.75963942563094e-07,True,CONVERGED,float64,cuda:0
forward,1,339,9.714883683390598e-07,True,CONVERGED,float64,cuda:0
forward,2,340,9.457583541040208e-07,True,CONVERGED,float64,cuda:0
adjoint,0,326,9.275212319983689e-07,True,CONVERGED,float64,cuda:0
adjoint,1,326,9.488061582561938e-07,True,CONVERGED,float64,cuda:0
adjoint,2,324,8.889670341057828e-07,True,CONVERGED,float64,cuda:0
forward,0,331,9.872311754171927e-07,True,CONVERGED,float64,cuda:0
forward,1,339,9.72669765044403e-07,True,CONVERGED,float64,cuda:0
forward,2,340,9.467587256549628e-07,True,CONVERGED,float64,cuda:0
adjoint,0,326,9.334008274515842e-07,True,CONVERGED,float64,cuda:0
adjoint,1,326,9.481237423277891e-07,True,CONVERGED,float64,cuda:0
adjoint,2,324,8.789502792214352e-07,True,CONVERGED,float64,cuda:0
forward,0,331,9.944935047056146e-07,True,CONVERGED,float64,cuda:0
forward,1,339,9.726542458940955e-07,True,CONVERGED,float64,cuda:0
forward,2,340,9.47266278677579e-07,True,CONVERGED,float64,cuda:0
adjoint,0,326,9.372791370393432e-07,True,CONVERGED,float64,cuda:0
adjoint,1,326,9.483151090165774e-07,True,CONVERGED,float64,cuda:0
adjoint,2,324,8.733815727142643e-07,True,CONVERGED,float64,cuda:0
forward,0,333,9.736060267881846e-07,True,CONVERGED,float64,cuda:0
forward,1,339,9.728821207421889e-07,True,CONVERGED,float64,cuda:0
forward,2,340,9.45363145825899e-07,True,CONVERGED,float64,cuda:0
adjoint,0,326,9.383778214203348e-07,True,CONVERGED,float64,cuda:0
adjoint,1,326,9.494882401811441e-07,True,CONVERGED,float64,cuda:0
adjoint,2,324,8.719214225274843e-07,True,CONVERGED,float64,cuda:0
forward,0,331,9.906161815353223e-07,True,CONVERGED,float64,cuda:0
forward,1,339,9.721879679371632e-07,True,CONVERGED,float64,cuda:0
forward,2,340,9.460441381755755e-07,True,CONVERGED,float64,cuda:0
adjoint,0,326,9.362198532286593e-07,True,CONVERGED,float64,cuda:0
adjoint,1,326,9.497949118363065e-07,True,CONVERGED,float64,cuda:0
adjoint,2,324,8.700649466017315e-07,True,CONVERGED,float64,cuda:0
forward,0,331,9.696079501411735e-07,True,CONVERGED,float64,cuda:0
forward,1,339,9.717434403101582e-07,True,CONVERGED,float64,cuda:0
forward,2,340,9.470659128265747e-07,True,CONVERGED,float64,cuda:0
adjoint,0,326,9.324955555070977e-07,True,CONVERGED,float64,cuda:0
adjoint,1,326,9.494694592436336e-07,True,CONVERGED,float64,cuda:0
adjoint,2,324,8.683534092858191e-07,True,CONVERGED,float64,cuda:0
forward,0,330,9.92264244933486e-07,True,CONVERGED,float64,cuda:0
forward,1,339,9.720061773371164e-07,True,CONVERGED,float64,cuda:0
forward,2,340,9.465549660307717e-07,True,CONVERGED,float64,cuda:0
adjoint,0,326,9.29067785645832e-07,True,CONVERGED,float64,cuda:0
adjoint,1,326,9.496710236826666e-07,True,CONVERGED,float64,cuda:0
adjoint,2,324,8.682582433348836e-07,True,CONVERGED,float64,cuda:0
forward,0,331,9.747833909828291e-07,True,CONVERGED,float64,cuda:0
forward,1,339,9.732002341188091e-07,True,CONVERGED,float64,cuda:0
forward,2,340,9.426295886571424e-07,True,CONVERGED,float64,cuda:0
adjoint,0,326,9.265709142135326e-07,True,CONVERGED,float64,cuda:0
adjoint,1,326,9.50577848272072e-07,True,CONVERGED,float64,cuda:0
adjoint,2,324,8.702843112605338e-07,True,CONVERGED,float64,cuda:0
forward,0,331,9.856801133340394e-07,True,CONVERGED,float64,cuda:0
forward,1,339,9.741124934089424e-07,True,CONVERGED,float64,cuda:0
forward,2,340,9.399755878391017e-07,True,CONVERGED,float64,cuda:0
adjoint,0,326,9.248506287860316e-07,True,CONVERGED,float64,cuda:0
adjoint,1,326,9.502288259381114e-07,True,CONVERGED,float64,cuda:0
adjoint,2,324,8.721381350303667e-07,True,CONVERGED,float64,cuda:0
forward,0,331,9.837381239204958e-07,True,CONVERGED,float64,cuda:0
forward,1,339,9.73700796110075e-07,True,CONVERGED,float64,cuda:0
forward,2,340,9.401364658276468e-07,True,CONVERGED,float64,cuda:0
adjoint,0,326,9.238602548061047e-07,True,CONVERGED,float64,cuda:0
adjoint,1,326,9.50758748496689e-07,True,CONVERGED,float64,cuda:0
adjoint,2,324,8.733760210951927e-07,True,CONVERGED,float64,cuda:0
forward,0,331,9.746061927618343e-07,True,CONVERGED,float64,cuda:0
forward,1,339,9.72274683586938e-07,True,CONVERGED,float64,cuda:0
forward,2,340,9.418880708871848e-07,True,CONVERGED,float64,cuda:0
adjoint,0,326,9.240201224843698e-07,True,CONVERGED,float64,cuda:0
adjoint,1,326,9.525136178608537e-07,True,CONVERGED,float64,cuda:0
adjoint,2,324,8.744092162054667e-07,True,CONVERGED,float64,cuda:0
forward,0,331,9.78113206559275e-07,True,CONVERGED,float64,cuda:0
forward,1,339,9.709192922644053e-07,True,CONVERGED,float64,cuda:0
forward,2,340,9.418954868247071e-07,True,CONVERGED,float64,cuda:0
adjoint,0,326,9.252564671744586e-07,True,CONVERGED,float64,cuda:0
adjoint,1,326,9.534133381128339e-07,True,CONVERGED,float64,cuda:0
adjoint,2,324,8.766169281850983e-07,True,CONVERGED,float64,cuda:0
forward,0,331,9.788674208220572e-07,True,CONVERGED,float64,cuda:0
forward,1,339,9.694434176819217e-07,True,CONVERGED,float64,cuda:0
forward,2,340,9.430336906404174e-07,True,CONVERGED,float64,cuda:0
adjoint,0,326,9.273413916940246e-07,True,CONVERGED,float64,cuda:0
adjoint,1,326,9.542615642471812e-07,True,CONVERGED,float64,cuda:0
adjoint,2,324,8.786053392727413e-07,True,CONVERGED,float64,cuda:0
forward,0,331,9.788852852051073e-07,True,CONVERGED,float64,cuda:0
forward,1,339,9.683720197291295e-07,True,CONVERGED,float64,cuda:0
forward,2,340,9.443217155114482e-07,True,CONVERGED,float64,cuda:0
adjoint,0,326,9.29636796505201e-07,True,CONVERGED,float64,cuda:0
adjoint,1,326,9.540107353840532e-07,True,CONVERGED,float64,cuda:0
adjoint,2,324,8.79208084700746e-07,True,CONVERGED,float64,cuda:0
forward,0,331,9.838245198875121e-07,True,CONVERGED,float64,cuda:0
forward,1,339,9.678247730427227e-07,True,CONVERGED,float64,cuda:0
forward,2,340,9.445298449053319e-07,True,CONVERGED,float64,cuda:0
adjoint,0,326,9.314770501425915e-07,True,CONVERGED,float64,cuda:0
adjoint,1,326,9.538249045998977e-07,True,CONVERGED,float64,cuda:0
adjoint,2,324,8.801486089025123e-07,True,CONVERGED,float64,cuda:0
forward,0,331,9.983341909838315e-07,True,CONVERGED,float64,cuda:0
forward,1,339,9.682565640893299e-07,True,CONVERGED,float64,cuda:0
forward,2,340,9.424104943046723e-07,True,CONVERGED,float64,cuda:0
adjoint,0,326,9.325930515735077e-07,True,CONVERGED,float64,cuda:0
adjoint,1,326,9.535322450329205e-07,True,CONVERGED,float64,cuda:0
adjoint,2,324,8.820586074532091e-07,True,CONVERGED,float64,cuda:0
forward,0,333,9.770001670027632e-07,True,CONVERGED,float64,cuda:0
forward,1,339,9.690767100160534e-07,True,CONVERGED,float64,cuda:0
forward,2,340,9.402452827948551e-07,True,CONVERGED,float64,cuda:0
adjoint,0,326,9.324637249905105e-07,True,CONVERGED,float64,cuda:0
adjoint,1,326,9.513784079468386e-07,True,CONVERGED,float64,cuda:0
adjoint,2,324,8.845375052461026e-07,True,CONVERGED,float64,cuda:0
forward,0,333,9.765354537645227e-07,True,CONVERGED,float64,cuda:0
forward,1,339,9.698500607393233e-07,True,CONVERGED,float64,cuda:0
forward,2,340,9.387205128789967e-07,True,CONVERGED,float64,cuda:0
adjoint,0,326,9.301419899701195e-07,True,CONVERGED,float64,cuda:0
adjoint,1,326,9.491640158480634e-07,True,CONVERGED,float64,cuda:0
adjoint,2,324,8.85472209869739e-07,True,CONVERGED,float64,cuda:0
forward,0,331,9.95808726416879e-07,True,CONVERGED,float64,cuda:0
forward,1,339,9.698541251285916e-07,True,CONVERGED,float64,cuda:0
forward,2,340,9.380307297769456e-07,True,CONVERGED,float64,cuda:0
adjoint,0,326,9.270394723938347e-07,True,CONVERGED,float64,cuda:0
adjoint,1,326,9.480744509897746e-07,True,CONVERGED,float64,cuda:0
adjoint,2,324,8.858312814928991e-07,True,CONVERGED,float64,cuda:0
forward,0,331,9.88273594004869e-07,True,CONVERGED,float64,cuda:0
forward,1,339,9.7009229667762e-07,True,CONVERGED,float64,cuda:0
forward,2,340,9.366029004365003e-07,True,CONVERGED,float64,cuda:0
adjoint,0,326,9.24278097077363e-07,True,CONVERGED,float64,cuda:0
adjoint,1,326,9.465010971192515e-07,True,CONVERGED,float64,cuda:0
adjoint,2,324,8.860843819048087e-07,True,CONVERGED,float64,cuda:0
forward,0,331,9.923177689592217e-07,True,CONVERGED,float64,cuda:0
forward,1,339,9.715234891510672e-07,True,CONVERGED,float64,cuda:0
forward,2,340,9.341382381582555e-07,True,CONVERGED,float64,cuda:0
adjoint,0,326,9.22916592011391e-07,True,CONVERGED,float64,cuda:0
adjoint,1,326,9.4323551695742e-07,True,CONVERGED,float64,cuda:0
adjoint,2,324,8.862545187965149e-07,True,CONVERGED,float64,cuda:0
forward,0,331,9.9917171501349e-07,True,CONVERGED,float64,cuda:0
forward,1,339,9.73291019284539e-07,True,CONVERGED,float64,cuda:0
forward,2,340,9.317120645306216e-07,True,CONVERGED,float64,cuda:0
adjoint,0,326,9.22803622711002e-07,True,CONVERGED,float64,cuda:0
adjoint,1,326,9.402819100764027e-07,True,CONVERGED,float64,cuda:0
adjoint,2,324,8.850147896657553e-07,True,CONVERGED,float64,cuda:0
forward,0,333,9.746414108432101e-07,True,CONVERGED,float64,cuda:0
forward,1,339,9.742161322483748e-07,True,CONVERGED,float64,cuda:0
forward,2,340,9.310731461341678e-07,True,CONVERGED,float64,cuda:0
adjoint,0,326,9.232822768152653e-07,True,CONVERGED,float64,cuda:0
adjoint,1,326,9.388251050185909e-07,True,CONVERGED,float64,cuda:0
adjoint,2,324,8.815114325671954e-07,True,CONVERGED,float64,cuda:0
