role,scenario_index,iterations,relative_residual,converged,reason,dtype,device
forward,0,225,9.880164372320056e-07,True,CONVERGED,float64,cuda:0
forward,1,294,9.83771419594861e-07,True,CONVERGED,float64,cuda:0
forward,2,294,9.837714263042086e-07,True,CONVERGED,float64,cuda:0
adjoint,0,223,9.281028003397344e-07,True,CONVERGED,float64,cuda:0
adjoint,1,290,9.80867917343275e-07,True,CONVERGED,float64,cuda:0
adjoint,2,290,9.808679096927099e-07,True,CONVERGED,float64,cuda:0
forward,0,251,9.958555477241446e-07,True,CONVERGED,float64,cuda:0
forward,1,294,9.10443499643696e-07,True,CONVERGED,float64,cuda:0
forward,2,294,9.105716292970667e-07,True,CONVERGED,float64,cuda:0
adjoint,0,251,9.720581257290997e-07,True,CONVERGED,float64,cuda:0
adjoint,1,290,9.96725241747447e-07,True,CONVERGED,float64,cuda:0
adjoint,2,290,9.964471893513472e-07,True,CONVERGED,float64,cuda:0
forward,0,262,9.69096385979551e-07,True,CONVERGED,float64,cuda:0
forward,1,295,9.29083735636235e-07,True,CONVERGED,float64,cuda:0
forward,2,295,9.311948788221011e-07,True,CONVERGED,float64,cuda:0
adjoint,0,254,9.456523775201555e-07,True,CONVERGED,float64,cuda:0
adjoint,1,291,9.503841481870379e-07,True,CONVERGED,float64,cuda:0
adjoint,2,291,9.496296540186013e-07,True,CONVERGED,float64,cuda:0
forward,0,273,9.98813403545856e-07,True,CONVERGED,float64,cuda:0
forward,1,302,9.598525661504409e-07,True,CONVERGED,float64,cuda:0
forward,2,302,9.626001379002788e-07,True,CONVERGED,float64,cuda:0
adjoint,0,268,9.911799176935864e-07,True,CONVERGED,float64,cuda:0
adjoint,1,292,9.386067084593277e-07,True,CONVERGED,float64,cuda:0
adjoint,2,292,9.378825779489097e-07,True,CONVERGED,float64,cuda:0
forward,0,276,9.486770952305933e-07,True,CONVERGED,float64,cuda:0
forward,1,304,9.926470782842341e-07,True,CONVERGED,float64,cuda:0
forward,2,304,9.931068474127056e-07,True,CONVERGED,float64,cuda:0
adjoint,0,271,9.67044265110677e-07,True,CONVERGED,float64,cuda:0
adjoint,1,293,9.565096240120815e-07,True,CONVERGED,float64,cuda:0
adjoint,2,293,9.562405294802488e-07,True,CONVERGED,float64,cuda:0
forward,0,277,9.325068589973882e-07,True,CONVERGED,float64,cuda:0
forward,1,305,9.420932283577857e-07,True,CONVERGED,float64,cuda:0
forward,2,305,9.420893172802101e-07,True,CONVERGED,float64,cuda:0
adjoint,0,273,9.738599055280514e-07,True,CONVERGED,float64,cuda:0
adjoint,1,295,9.475200778811662e-07,True,CONVERGED,float64,cuda:0
adjoint,2,295,9.444057898109051e-07,True,CONVERGED,float64,cuda:0
forward,0,278,8.869022619690744e-07,True,CONVERGED,float64,cuda:0
forward,1,305,9.161367053854551e-07,True,CONVERGED,float64,cuda:0
forward,2,305,9.1611070189495e-07,True,CONVERGED,float64,cuda:0
adjoint,0,279,9.099791607845329e-07,True,CONVERGED,float64,cuda:0
adjoint,1,296,9.586849666195816e-07,True,CONVERGED,float64,cuda:0
adjoint,2,296,9.41887129727958e-07,True,CONVERGED,float64,cuda:0
forward,0,279,9.76796514355693e-07,True,CONVERGED,float64,cuda:0
forward,1,304,9.588932491164814e-07,True,CONVERGED,float64,cuda:0
forward,2,304,9.598572653383473e-07,True,CONVERGED,float64,cuda:0
adjoint,0,280,9.134364467859473e-07,True,CONVERGED,float64,cuda:0
adjoint,1,294,9.829734976698214e-07,True,CONVERGED,float64,cuda:0
adjoint,2,293,9.668829731568404e-07,True,CONVERGED,float64,cuda:0
forward,0,284,9.85270838274538e-07,True,CONVERGED,float64,cuda:0
forward,1,303,9.433704789053754e-07,True,CONVERGED,float64,cuda:0
forward,2,303,9.491486414525495e-07,True,CONVERGED,float64,cuda:0
adjoint,0,281,9.215086880903073e-07,True,CONVERGED,float64,cuda:0
adjoint,1,289,9.97865799651148e-07,True,CONVERGED,float64,cuda:0
adjoint,2,293,9.116908206524737e-07,True,CONVERGED,float64,cuda:0
forward,0,284,9.278494395910315e-07,True,CONVERGED,float64,cuda:0
forward,1,301,9.473874316391908e-07,True,CONVERGED,float64,cuda:0
forward,2,301,9.495390345815007e-07,True,CONVERGED,float64,cuda:0
adjoint,0,282,9.647552204354718e-07,True,CONVERGED,float64,cuda:0
adjoint,1,297,9.449928705046384e-07,True,CONVERGED,float64,cuda:0
adjoint,2,297,9.489120859864963e-07,True,CONVERGED,float64,cuda:0
forward,0,283,9.283539421809815e-07,True,CONVERGED,float64,cuda:0
forward,1,297,9.841227498645022e-07,True,CONVERGED,float64,cuda:0
forward,2,296,9.644350881517034e-07,True,CONVERGED,float64,cuda:0
adjoint,0,275,9.393941535221087e-07,True,CONVERGED,float64,cuda:0
adjoint,1,289,9.253682513570537e-07,True,CONVERGED,float64,cuda:0
adjoint,2,289,9.313805376652383e-07,True,CONVERGED,float64,cuda:0
forward,0,284,9.551440012726733e-07,True,CONVERGED,float64,cuda:0
forward,1,299,8.512614755180617e-07,True,CONVERGED,float64,cuda:0
forward,2,298,9.206934442326762e-07,True,CONVERGED,float64,cuda:0
adjoint,0,282,9.533008922601931e-07,True,CONVERGED,float64,cuda:0
adjoint,1,294,8.904978947829506e-07,True,CONVERGED,float64,cuda:0
adjoint,2,295,9.89312628716177e-07,True,CONVERGED,float64,cuda:0
forward,0,284,9.776914099019245e-07,True,CONVERGED,float64,cuda:0
forward,1,296,9.936401698348363e-07,True,CONVERGED,float64,cuda:0
forward,2,291,9.583210430827803e-07,True,CONVERGED,float64,cuda:0
adjoint,0,282,9.343756129462246e-07,True,CONVERGED,float64,cuda:0
adjoint,1,302,9.447566797863142e-07,True,CONVERGED,float64,cuda:0
adjoint,2,302,9.025237129800591e-07,True,CONVERGED,float64,cuda:0
forward,0,280,9.426896313253216e-07,True,CONVERGED,float64,cuda:0
forward,1,293,9.492752431258393e-07,True,CONVERGED,float64,cuda:0
forward,2,286,9.978315116009807e-07,True,CONVERGED,float64,cuda:0
adjoint,0,294,7.968732438304895e-07,True,CONVERGED,float64,cuda:0
adjoint,1,300,9.175259427546321e-07,True,CONVERGED,float64,cuda:0
adjoint,2,299,9.262346652654275e-07,True,CONVERGED,float64,cuda:0
forward,0,280,9.383976467761907e-07,True,CONVERGED,float64,cuda:0
forward,1,292,9.616951506216955e-07,True,CONVERGED,float64,cuda:0
forward,2,284,9.090047506304077e-07,True,CONVERGED,float64,cuda:0
adjoint,0,292,9.598667916931504e-07,True,CONVERGED,float64,cuda:0
adjoint,1,297,8.682478829575018e-07,True,CONVERGED,float64,cuda:0
adjoint,2,296,9.903867813098132e-07,True,CONVERGED,float64,cuda:0
forward,0,281,8.792535008409191e-07,True,CONVERGED,float64,cuda:0
forward,1,287,9.94505889485776e-07,True,CONVERGED,float64,cuda:0
forward,2,280,9.957171987041857e-07,True,CONVERGED,float64,cuda:0
adjoint,0,287,9.850077964528291e-07,True,CONVERGED,float64,cuda:0
adjoint,1,295,9.145523106186442e-07,True,CONVERGED,float64,cuda:0
adjoint,2,294,9.281538465808512e-07,True,CONVERGED,float64,cuda:0
forward,0,280,9.445744924197706e-07,True,CONVERGED,float64,cuda:0
forward,1,286,8.643981708280233e-07,True,CONVERGED,float64,cuda:0
forward,2,278,9.460447132961936e-07,True,CONVERGED,float64,cuda:0
adjoint,0,282,9.090372755011809e-07,True,CONVERGED,float64,cuda:0
adjoint,1,293,9.70721355930255e-07,True,CONVERGED,float64,cuda:0
adjoint,2,291,9.58463657526794e-07,True,CONVERGED,float64,cuda:0
forward,0,277,9.351864756094545e-07,True,CONVERGED,float64,cuda:0
forward,1,283,9.379848347316127e-07,True,CONVERGED,float64,cuda:0
forward,2,278,9.615858534389116e-07,True,CONVERGED,float64,cuda:0
adjoint,0,276,9.915796656268266e-07,True,CONVERGED,float64,cuda:0
adjoint,1,291,9.887138888572149e-07,True,CONVERGED,float64,cuda:0
adjoint,2,289,9.866918622215213e-07,True,CONVERGED,float64,cuda:0
forward,0,272,9.900730366295779e-07,True,CONVERGED,float64,cuda:0
forward,1,280,9.651548431933794e-07,True,CONVERGED,float64,cuda:0
forward,2,278,9.146998054430104e-07,True,CONVERGED,float64,cuda:0
adjoint,0,277,9.28904142198818e-07,True,CONVERGED,float64,cuda:0
adjoint,1,288,9.968628813498937e-07,True,CONVERGED,float64,cuda:0
adjoint,2,286,8.415235974970169e-07,True,CONVERGED,float64,cuda:0
forward,0,272,9.237390280028296e-07,True,CONVERGED,float64,cuda:0
forward,1,279,9.82564893232648e-07,True,CONVERGED,float64,cuda:0
forward,2,277,9.91490572289519e-07,True,CONVERGED,float64,cuda:0
adjoint,0,278,8.474819141503046e-07,True,CONVERGED,float64,cuda:0
adjoint,1,286,9.591124641247162e-07,True,CONVERGED,float64,cuda:0
adjoint,2,284,9.09742778018824e-07,True,CONVERGED,float64,cuda:0
forward,0,273,9.239373108842145e-07,True,CONVERGED,float64,cuda:0
forward,1,280,8.83864536948146e-07,True,CONVERGED,float64,cuda:0
forward,2,277,9.355680393720785e-07,True,CONVERGED,float64,cuda:0
adjoint,0,279,9.50724183673158e-07,True,CONVERGED,float64,cuda:0
adjoint,1,286,9.744251945858695e-07,True,CONVERGED,float64,cuda:0
adjoint,2,284,9.429281658876856e-07,True,CONVERGED,float64,cuda:0
forward,0,274,9.298367096778799e-07,True,CONVERGED,float64,cuda:0
forward,1,280,9.256509329015091e-07,True,CONVERGED,float64,cuda:0
forward,2,277,8.841301772281534e-07,True,CONVERGED,float64,cuda:0
adjoint,0,280,9.445887094998129e-07,True,CONVERGED,float64,cuda:0
adjoint,1,286,9.977052848225536e-07,True,CONVERGED,float64,cuda:0
adjoint,2,284,9.319967397965166e-07,True,CONVERGED,float64,cuda:0
forward,0,275,7.945341625524402e-07,True,CONVERGED,float64,cuda:0
forward,1,280,9.63736047678307e-07,True,CONVERGED,float64,cuda:0
forward,2,276,9.798236639696353e-07,True,CONVERGED,float64,cuda:0
adjoint,0,266,9.406756773939806e-07,True,CONVERGED,float64,cuda:0
adjoint,1,287,9.295415854875734e-07,True,CONVERGED,float64,cuda:0
adjoint,2,284,9.464513627708244e-07,True,CONVERGED,float64,cuda:0
forward,0,275,8.397141756174184e-07,True,CONVERGED,float64,cuda:0
forward,1,281,8.971944178116004e-07,True,CONVERGED,float64,cuda:0
forward,2,276,9.421704958313749e-07,True,CONVERGED,float64,cuda:0
adjoint,0,282,9.434553749672596e-07,True,CONVERGED,float64,cuda:0
adjoint,1,287,9.68317121128908e-07,True,CONVERGED,float64,cuda:0
adjoint,2,284,9.921617220036472e-07,True,CONVERGED,float64,cuda:0
forward,0,275,8.958433354567173e-07,True,CONVERGED,float64,cuda:0
forward,1,281,9.410291323766192e-07,True,CONVERGED,float64,cuda:0
forward,2,275,9.413937634614908e-07,True,CONVERGED,float64,cuda:0
adjoint,0,284,9.389125391731688e-07,True,CONVERGED,float64,cuda:0
adjoint,1,288,9.185062539397421e-07,True,CONVERGED,float64,cuda:0
adjoint,2,285,9.619695791001084e-07,True,CONVERGED,float64,cuda:0
forward,0,275,8.821480571377189e-07,True,CONVERGED,float64,cuda:0
forward,1,281,9.60872869789675e-07,True,CONVERGED,float64,cuda:0
forward,2,273,9.93621042864086e-07,True,CONVERGED,float64,cuda:0
adjoint,0,284,9.630245525019253e-07,True,CONVERGED,float64,cuda:0
adjoint,1,288,9.718842148941223e-07,True,CONVERGED,float64,cuda:0
adjoint,2,286,9.290588661342703e-07,True,CONVERGED,float64,cuda:0
forward,0,264,9.69836692959544e-07,True,CONVERGED,float64,cuda:0
forward,1,278,9.594799771633852e-07,True,CONVERGED,float64,cuda:0
forward,2,276,9.315939928475415e-07,True,CONVERGED,float64,cuda:0
adjoint,0,285,9.506248353824683e-07,True,CONVERGED,float64,cuda:0
adjoint,1,287,9.024937207060819e-07,True,CONVERGED,float64,cuda:0
adjoint,2,286,9.62332334169926e-07,True,CONVERGED,float64,cuda:0
forward,0,266,9.917267187543287e-07,True,CONVERGED,float64,cuda:0
forward,1,279,9.135395538727969e-07,True,CONVERGED,float64,cuda:0
forward,2,277,9.579895268191017e-07,True,CONVERGED,float64,cuda:0
adjoint,0,285,9.990024749501628e-07,True,CONVERGED,float64,cuda:0
adjoint,1,287,9.954266764738495e-07,True,CONVERGED,float64,cuda:0
adjoint,2,288,9.057472469079731e-07,True,CONVERGED,float64,cuda:0
forward,0,264,9.878863183980695e-07,True,CONVERGED,float64,cuda:0
forward,1,278,9.353711634826906e-07,True,CONVERGED,float64,cuda:0
forward,2,279,9.150233705403063e-07,True,CONVERGED,float64,cuda:0
adjoint,0,285,9.51578827446812e-07,True,CONVERGED,float64,cuda:0
adjoint,1,286,9.723466152419084e-07,True,CONVERGED,float64,cuda:0
adjoint,2,288,8.877847987535076e-07,True,CONVERGED,float64,cuda:0
forward,0,265,9.409229710796218e-07,True,CONVERGED,float64,cuda:0
forward,1,270,9.914873174851277e-07,True,CONVERGED,float64,cuda:0
forward,2,281,9.72029696882812e-07,True,CONVERGED,float64,cuda:0
adjoint,0,285,9.214506953559135e-07,True,CONVERGED,float64,cuda:0
adjoint,1,287,9.28498804544035e-07,True,CONVERGED,float64,cuda:0
adjoint,2,286,9.895663850320394e-07,True,CONVERGED,float64,cuda:0
forward,0,264,9.292465673038675e-07,True,CONVERGED,float64,cuda:0
forward,1,277,9.298827085556509e-07,True,CONVERGED,float64,cuda:0
forward,2,280,9.886655301020311e-07,True,CONVERGED,float64,cuda:0
adjoint,0,286,9.010442684178486e-07,True,CONVERGED,float64,cuda:0
adjoint,1,286,9.431486461216409e-07,True,CONVERGED,float64,cuda:0
adjoint,2,287,9.071065917000081e-07,True,CONVERGED,float64,cuda:0
forward,0,264,8.700809895094206e-07,True,CONVERGED,float64,cuda:0
forward,1,277,9.207741359529688e-07,True,CONVERGED,float64,cuda:0
forward,2,280,9.601239171891683e-07,True,CONVERGED,float64,cuda:0
adjoint,0,285,9.289141370715019e-07,True,CONVERGED,float64,cuda:0
adjoint,1,285,9.139205574314731e-07,True,CONVERGED,float64,cuda:0
adjoint,2,286,9.438202542239088e-07,True,CONVERGED,float64,cuda:0
forward,0,266,9.986656857082049e-07,True,CONVERGED,float64,cuda:0
forward,1,276,8.899833733311374e-07,True,CONVERGED,float64,cuda:0
forward,2,276,9.146607841900863e-07,True,CONVERGED,float64,cuda:0
adjoint,0,283,8.569829241126415e-07,True,CONVERGED,float64,cuda:0
adjoint,1,281,8.822599529593937e-07,True,CONVERGED,float64,cuda:0
adjoint,2,281,9.84124517558619e-07,True,CONVERGED,float64,cuda:0
forward,0,268,8.940831041607293e-07,True,CONVERGED,float64,cuda:0
forward,1,274,9.648328982034668e-07,True,CONVERGED,float64,cuda:0
forward,2,267,9.256348335642978e-07,True,CONVERGED,float64,cuda:0
adjoint,0,277,9.483307218649185e-07,True,CONVERGED,float64,cuda:0
adjoint,1,281,9.771886289285967e-07,True,CONVERGED,float64,cuda:0
adjoint,2,275,9.155378513633797e-07,True,CONVERGED,float64,cuda:0
forward,0,258,9.328697598011658e-07,True,CONVERGED,float64,cuda:0
forward,1,278,9.621175878570032e-07,True,CONVERGED,float64,cuda:0
forward,2,272,9.595655534875329e-07,True,CONVERGED,float64,cuda:0
adjoint,0,276,8.93854480044098e-07,True,CONVERGED,float64,cuda:0
adjoint,1,284,9.310406735603885e-07,True,CONVERGED,float64,cuda:0
adjoint,2,278,9.506171119478898e-07,True,CONVERGED,float64,cuda:0
forward,0,270,9.773964800569724e-07,True,CONVERGED,float64,cuda:0
forward,1,275,9.737050761055484e-07,True,CONVERGED,float64,cuda:0
forward,2,273,9.391611326960753e-07,True,CONVERGED,float64,cuda:0
adjoint,0,281,9.65246294421636e-07,True,CONVERGED,float64,cuda:0
adjoint,1,279,9.39166640902412e-07,True,CONVERGED,float64,cuda:0
adjoint,2,277,8.776908804939479e-07,True,CONVERGED,float64,cuda:0
forward,0,270,9.011167245438536e-07,True,CONVERGED,float64,cuda:0
forward,1,275,9.038703399998235e-07,True,CONVERGED,float64,cuda:0
forward,2,272,9.79638433433473e-07,True,CONVERGED,float64,cuda:0
adjoint,0,281,8.668902564336114e-07,True,CONVERGED,float64,cuda:0
adjoint,1,278,9.32540197482382e-07,True,CONVERGED,float64,cuda:0
adjoint,2,276,9.272940641884687e-07,True,CONVERGED,float64,cuda:0
forward,0,270,8.64868083833416e-07,True,CONVERGED,float64,cuda:0
forward,1,274,9.240022940333216e-07,True,CONVERGED,float64,cuda:0
forward,2,273,8.858605606457268e-07,True,CONVERGED,float64,cuda:0
adjoint,0,281,9.392314012142177e-07,True,CONVERGED,float64,cuda:0
adjoint,1,277,8.991571571815297e-07,True,CONVERGED,float64,cuda:0
adjoint,2,276,9.926129874278599e-07,True,CONVERGED,float64,cuda:0
forward,0,268,9.817484519773131e-07,True,CONVERGED,float64,cuda:0
forward,1,273,9.554915227128764e-07,True,CONVERGED,float64,cuda:0
forward,2,272,9.369511752283232e-07,True,CONVERGED,float64,cuda:0
adjoint,0,281,8.665715177083765e-07,True,CONVERGED,float64,cuda:0
adjoint,1,276,8.933143441379272e-07,True,CONVERGED,float64,cuda:0
adjoint,2,276,9.185767222248747e-07,True,CONVERGED,float64,cuda:0
forward,0,272,9.395025212136179e-07,True,CONVERGED,float64,cuda:0
forward,1,273,9.482275937032285e-07,True,CONVERGED,float64,cuda:0
forward,2,277,9.88953310687233e-07,True,CONVERGED,float64,cuda:0
adjoint,0,283,8.500211901567679e-07,True,CONVERGED,float64,cuda:0
adjoint,1,281,8.945526273878264e-07,True,CONVERGED,float64,cuda:0
adjoint,2,279,9.892107033239907e-07,True,CONVERGED,float64,cuda:0
forward,0,274,9.386863389897866e-07,True,CONVERGED,float64,cuda:0
forward,1,281,9.488877345895484e-07,True,CONVERGED,float64,cuda:0
forward,2,283,9.876412620634905e-07,True,CONVERGED,float64,cuda:0
adjoint,0,274,9.933937469595048e-07,True,CONVERGED,float64,cuda:0
adjoint,1,287,9.194100391438829e-07,True,CONVERGED,float64,cuda:0
adjoint,2,282,9.771788360340264e-07,True,CONVERGED,float64,cuda:0
forward,0,272,9.921281854876626e-07,True,CONVERGED,float64,cuda:0
forward,1,279,9.65277167529123e-07,True,CONVERGED,float64,cuda:0
forward,2,281,9.403294836071279e-07,True,CONVERGED,float64,cuda:0
adjoint,0,271,8.495170467150396e-07,True,CONVERGED,float64,cuda:0
adjoint,1,284,9.799461217731993e-07,True,CONVERGED,float64,cuda:0
adjoint,2,280,9.839593497820838e-07,True,CONVERGED,float64,cuda:0
forward,0,272,9.294561243992727e-07,True,CONVERGED,float64,cuda:0
forward,1,279,9.290999388028409e-07,True,CONVERGED,float64,cuda:0
forward,2,280,9.546066337398896e-07,True,CONVERGED,float64,cuda:0
adjoint,0,272,9.884253230595934e-07,True,CONVERGED,float64,cuda:0
adjoint,1,283,9.96207144965373e-07,True,CONVERGED,float64,cuda:0
adjoint,2,280,9.302374454881504e-07,True,CONVERGED,float64,cuda:0
forward,0,272,8.839040525761584e-07,True,CONVERGED,float64,cuda:0
forward,1,278,9.57047253819744e-07,True,CONVERGED,float64,cuda:0
forward,2,280,9.235223041349816e-07,True,CONVERGED,float64,cuda:0
adjoint,0,282,9.810272263784694e-07,True,CONVERGED,float64,cuda:0
adjoint,1,283,9.487974437970785e-07,True,CONVERGED,float64,cuda:0
adjoint,2,280,9.22008008827895e-07,True,CONVERGED,float64,cuda:0
forward,0,279,8.804040457604595e-07,True,CONVERGED,float64,cuda:0
forward,1,286,9.885622568758164e-07,True,CONVERGED,float64,cuda:0
forward,2,286,9.602179488420785e-07,True,CONVERGED,float64,cuda:0
adjoint,0,288,8.516935547263459e-07,True,CONVERGED,float64,cuda:0
adjoint,1,291,9.977252708753026e-07,True,CONVERGED,float64,cuda:0
adjoint,2,291,9.309992118013657e-07,True,CONVERGED,float64,cuda:0
forward,0,278,9.78829490546552e-07,True,CONVERGED,float64,cuda:0
forward,1,286,9.460797193331692e-07,True,CONVERGED,float64,cuda:0
forward,2,285,9.817772084099197e-07,True,CONVERGED,float64,cuda:0
adjoint,0,287,9.776432016813403e-07,True,CONVERGED,float64,cuda:0
adjoint,1,291,9.314626612725419e-07,True,CONVERGED,float64,cuda:0
adjoint,2,290,9.848700120947679e-07,True,CONVERGED,float64,cuda:0
forward,0,271,9.028256134807785e-07,True,CONVERGED,float64,cuda:0
forward,1,275,9.592256504532473e-07,True,CONVERGED,float64,cuda:0
forward,2,276,9.956877667052008e-07,True,CONVERGED,float64,cuda:0
adjoint,0,270,9.548516889452412e-07,True,CONVERGED,float64,cuda:0
adjoint,1,281,9.941186262797427e-07,True,CONVERGED,float64,cuda:0
adjoint,2,280,9.54899708290617e-07,True,CONVERGED,float64,cuda:0
forward,0,271,8.909265395048153e-07,True,CONVERGED,float64,cuda:0
forward,1,280,9.32082695258602e-07,True,CONVERGED,float64,cuda:0
forward,2,280,9.608486323912424e-07,True,CONVERGED,float64,cuda:0
adjoint,0,283,8.843247300627262e-07,True,CONVERGED,float64,cuda:0
adjoint,1,284,8.643357609031351e-07,True,CONVERGED,float64,cuda:0
adjoint,2,283,8.911873687532901e-07,True,CONVERGED,float64,cuda:0
forward,0,260,9.282500291859303e-07,True,CONVERGED,float64,cuda:0
forward,1,285,9.764784610990385e-07,True,CONVERGED,float64,cuda:0
forward,2,285,8.805428195762362e-07,True,CONVERGED,float64,cuda:0
adjoint,0,287,8.592175386549768e-07,True,CONVERGED,float64,cuda:0
adjoint,1,290,8.996367188021629e-07,True,CONVERGED,float64,cuda:0
adjoint,2,289,9.317365296691404e-07,True,CONVERGED,float64,cuda:0
forward,0,273,9.418553407856606e-07,True,CONVERGED,float64,cuda:0
forward,1,284,9.561862176500998e-07,True,CONVERGED,float64,cuda:0
forward,2,283,9.95030724718655e-07,True,CONVERGED,float64,cuda:0
adjoint,0,285,9.725005178913428e-07,True,CONVERGED,float64,cuda:0
adjoint,1,288,9.024964018544535e-07,True,CONVERGED,float64,cuda:0
adjoint,2,288,9.313134986459722e-07,True,CONVERGED,float64,cuda:0
forward,0,257,8.995598355432182e-07,True,CONVERGED,float64,cuda:0
forward,1,282,9.730638074889722e-07,True,CONVERGED,float64,cuda:0
forward,2,282,9.342761461390502e-07,True,CONVERGED,float64,cuda:0
adjoint,0,284,8.486483880926554e-07,True,CONVERGED,float64,cuda:0
adjoint,1,286,8.471275832090943e-07,True,CONVERGED,float64,cuda:0
adjoint,2,286,8.947647881194319e-07,True,CONVERGED,float64,cuda:0
forward,0,258,9.46934422130417e-07,True,CONVERGED,float64,cuda:0
forward,1,283,8.742221335869647e-07,True,CONVERGED,float64,cuda:0
forward,2,283,8.402778534970272e-07,True,CONVERGED,float64,cuda:0
adjoint,0,284,9.174713856848226e-07,True,CONVERGED,float64,cuda:0
adjoint,1,286,8.92886727043614e-07,True,CONVERGED,float64,cuda:0
adjoint,2,287,8.648312440517289e-07,True,CONVERGED,float64,cuda:0
forward,0,273,9.073703718450647e-07,True,CONVERGED,float64,cuda:0
forward,1,283,9.974383047852269e-07,True,CONVERGED,float64,cuda:0
forward,2,283,8.870804778197551e-07,True,CONVERGED,float64,cuda:0
adjoint,0,284,8.40649867054745e-07,True,CONVERGED,float64,cuda:0
adjoint,1,279,9.945515986828982e-07,True,CONVERGED,float64,cuda:0
adjoint,2,287,9.33105107062846e-07,True,CONVERGED,float64,cuda:0
forward,0,286,9.901160591253664e-07,True,CONVERGED,float64,cuda:0
forward,1,292,8.908836966583258e-07,True,CONVERGED,float64,cuda:0
forward,2,291,9.195254607303967e-07,True,CONVERGED,float64,cuda:0
adjoint,0,291,8.810005495167257e-07,True,CONVERGED,float64,cuda:0
adjoint,1,289,9.99439588744218e-07,True,CONVERGED,float64,cuda:0
adjoint,2,292,9.322281628846691e-07,True,CONVERGED,float64,cuda:0
forward,0,288,8.532051507447994e-07,True,CONVERGED,float64,cuda:0
forward,1,292,9.403606821899707e-07,True,CONVERGED,float64,cuda:0
forward,2,292,8.672165424608454e-07,True,CONVERGED,float64,cuda:0
adjoint,0,292,9.210508351354116e-07,True,CONVERGED,float64,cuda:0
adjoint,1,294,9.551228854991015e-07,True,CONVERGED,float64,cuda:0
adjoint,2,295,9.132939757954532e-07,True,CONVERGED,float64,cuda:0
forward,0,288,8.429945693595271e-07,True,CONVERGED,float64,cuda:0
forward,1,291,9.894769688256692e-07,True,CONVERGED,float64,cuda:0
forward,2,291,9.416813052103296e-07,True,CONVERGED,float64,cuda:0
adjoint,0,292,9.554431390429324e-07,True,CONVERGED,float64,cuda:0
adjoint,1,294,9.051022993942967e-07,True,CONVERGED,float64,cuda:0
adjoint,2,294,9.706587110467568e-07,True,CONVERGED,float64,cuda:0
forward,0,288,9.81332194705431e-07,True,CONVERGED,float64,cuda:0
forward,1,292,9.74338912621119e-07,True,CONVERGED,float64,cuda:0
forward,2,291,9.680286439165251e-07,True,CONVERGED,float64,cuda:0
adjoint,0,293,8.190948837820452e-07,True,CONVERGED,float64,cuda:0
adjoint,1,285,9.381884773092358e-07,True,CONVERGED,float64,cuda:0
adjoint,2,296,8.924115879688328e-07,True,CONVERGED,float64,cuda:0
forward,0,289,9.829565990080148e-07,True,CONVERGED,float64,cuda:0
forward,1,282,9.913325109728486e-07,True,CONVERGED,float64,cuda:0
forward,2,280,9.945873283055305e-07,True,CONVERGED,float64,cuda:0
adjoint,0,293,8.518218915315557e-07,True,CONVERGED,float64,cuda:0
adjoint,1,297,9.283574343991736e-07,True,CONVERGED,float64,cuda:0
adjoint,2,298,9.530104296554151e-07,True,CONVERGED,float64,cuda:0
forward,0,281,8.705677109330534e-07,True,CONVERGED,float64,cuda:0
forward,1,290,9.410290773972077e-07,True,CONVERGED,float64,cuda:0
forward,2,290,9.11432334481212e-07,True,CONVERGED,float64,cuda:0
adjoint,0,288,9.663338906506872e-07,True,CONVERGED,float64,cuda:0
adjoint,1,296,9.328869018319359e-07,True,CONVERGED,float64,cuda:0
adjoint,2,295,9.486628493950904e-07,True,CONVERGED,float64,cuda:0
forward,0,282,8.968412305648797e-07,True,CONVERGED,float64,cuda:0
forward,1,293,8.455479691277107e-07,True,CONVERGED,float64,cuda:0
forward,2,293,8.702733115770849e-07,True,CONVERGED,float64,cuda:0
adjoint,0,290,9.942224464496953e-07,True,CONVERGED,float64,cuda:0
adjoint,1,298,9.89104280861993e-07,True,CONVERGED,float64,cuda:0
adjoint,2,298,9.252202638892333e-07,True,CONVERGED,float64,cuda:0
forward,0,284,9.344675218781911e-07,True,CONVERGED,float64,cuda:0
forward,1,293,9.463536869016563e-07,True,CONVERGED,float64,cuda:0
forward,2,293,9.92745332992838e-07,True,CONVERGED,float64,cuda:0
adjoint,0,292,8.630424198207609e-07,True,CONVERGED,float64,cuda:0
adjoint,1,300,9.367978014643996e-07,True,CONVERGED,float64,cuda:0
adjoint,2,299,9.955675588550367e-07,True,CONVERGED,float64,cuda:0
forward,0,288,9.068488429643437e-07,True,CONVERGED,float64,cuda:0
forward,1,296,9.596184341649313e-07,True,CONVERGED,float64,cuda:0
forward,2,292,9.700216661478046e-07,True,CONVERGED,float64,cuda:0
adjoint,0,293,9.262293862521816e-07,True,CONVERGED,float64,cuda:0
adjoint,1,301,9.552321279960203e-07,True,CONVERGED,float64,cuda:0
adjoint,2,300,9.11093337285619e-07,True,CONVERGED,float64,cuda:0
forward,0,292,9.372465439063653e-07,True,CONVERGED,float64,cuda:0
forward,1,302,9.888131496895002e-07,True,CONVERGED,float64,cuda:0
forward,2,303,9.260066795143516e-07,True,CONVERGED,float64,cuda:0
adjoint,0,300,9.668480297436535e-07,True,CONVERGED,float64,cuda:0
adjoint,1,306,8.463756423565112e-07,True,CONVERGED,float64,cuda:0
adjoint,2,306,8.957353934208015e-07,True,CONVERGED,float64,cuda:0
forward,0,292,9.635913103602003e-07,True,CONVERGED,float64,cuda:0
forward,1,303,9.953216214593286e-07,True,CONVERGED,float64,cuda:0
forward,2,304,8.93915070685257e-07,True,CONVERGED,float64,cuda:0
adjoint,0,301,9.513439859584216e-07,True,CONVERGED,float64,cuda:0
adjoint,1,306,9.950623433870236e-07,True,CONVERGED,float64,cuda:0
adjoint,2,307,8.86175660216699e-07,True,CONVERGED,float64,cuda:0
forward,0,292,9.31176388266293e-07,True,CONVERGED,float64,cuda:0
forward,1,303,9.530404838768505e-07,True,CONVERGED,float64,cuda:0
forward,2,303,9.577354042204317e-07,True,CONVERGED,float64,cuda:0
adjoint,0,301,9.676887792148574e-07,True,CONVERGED,float64,cuda:0
adjoint,1,305,9.890825815255924e-07,True,CONVERGED,float64,cuda:0
adjoint,2,306,9.967812211285875e-07,True,CONVERGED,float64,cuda:0
forward,0,293,9.450924330315738e-07,True,CONVERGED,float64,cuda:0
forward,1,304,9.307964913269843e-07,True,CONVERGED,float64,cuda:0
forward,2,303,9.919735485342611e-07,True,CONVERGED,float64,cuda:0
adjoint,0,302,9.109262078221409e-07,True,CONVERGED,float64,cuda:0
adjoint,1,306,8.718634777517015e-07,True,CONVERGED,float64,cuda:0
adjoint,2,307,9.626614343528735e-07,True,CONVERGED,float64,cuda:0
forward,0,297,9.044153804276934e-07,True,CONVERGED,float64,cuda:0
forward,1,304,9.463016875706903e-07,True,CONVERGED,float64,cuda:0
forward,2,304,9.247816354855975e-07,True,CONVERGED,float64,cuda:0
adjoint,0,302,9.618724720101233e-07,True,CONVERGED,float64,cuda:0
adjoint,1,306,8.513991283890656e-07,True,CONVERGED,float64,cuda:0
adjoint,2,307,9.801301599328761e-07,True,CONVERGED,float64,cuda:0
forward,0,298,9.071843070666887e-07,True,CONVERGED,float64,cuda:0
forward,1,303,9.66158680296037e-07,True,CONVERGED,float64,cuda:0
forward,2,303,9.358123101619539e-07,True,CONVERGED,float64,cuda:0
adjoint,0,301,9.378859563480363e-07,True,CONVERGED,float64,cuda:0
adjoint,1,305,9.906204304601577e-07,True,CONVERGED,float64,cuda:0
adjoint,2,308,9.785049745630555e-07,True,CONVERGED,float64,cuda:0
forward,0,300,9.102657804755994e-07,True,CONVERGED,float64,cuda:0
forward,1,302,9.631680088780944e-07,True,CONVERGED,float64,cuda:0
forward,2,302,9.809336011088357e-07,True,CONVERGED,float64,cuda:0
adjoint,0,298,9.693136567355666e-07,True,CONVERGED,float64,cuda:0
adjoint,1,306,9.572344062384211e-07,True,CONVERGED,float64,cuda:0
adjoint,2,302,9.89066815607928e-07,True,CONVERGED,float64,cuda:0
forward,0,295,9.172363411366848e-07,True,CONVERGED,float64,cuda:0
forward,1,304,9.86454771910698e-07,True,CONVERGED,float64,cuda:0
forward,2,305,8.552359272913562e-07,True,CONVERGED,float64,cuda:0
adjoint,0,299,8.189682035873587e-07,True,CONVERGED,float64,cuda:0
adjoint,1,306,9.236341939246615e-07,True,CONVERGED,float64,cuda:0
adjoint,2,307,9.086795486541755e-07,True,CONVERGED,float64,cuda:0
forward,0,298,9.347584716358488e-07,True,CONVERGED,float64,cuda:0
forward,1,305,9.428396546540913e-07,True,CONVERGED,float64,cuda:0
forward,2,305,9.556398329472186e-07,True,CONVERGED,float64,cuda:0
adjoint,0,300,8.549869473795973e-07,True,CONVERGED,float64,cuda:0
adjoint,1,302,9.784334080058738e-07,True,CONVERGED,float64,cuda:0
adjoint,2,308,9.208580750745567e-07,True,CONVERGED,float64,cuda:0
forward,0,298,9.411041949780945e-07,True,CONVERGED,float64,cuda:0
forward,1,305,9.252855756706813e-07,True,CONVERGED,float64,cuda:0
forward,2,305,9.849260076020906e-07,True,CONVERGED,float64,cuda:0
adjoint,0,300,8.95706206919851e-07,True,CONVERGED,float64,cuda:0
adjoint,1,301,9.04639924002352e-07,True,CONVERGED,float64,cuda:0
adjoint,2,308,9.481035874078501e-07,True,CONVERGED,float64,cuda:0
forward,0,298,9.191092362773808e-07,True,CONVERGED,float64,cuda:0
forward,1,305,9.414951991319331e-07,True,CONVERGED,float64,cuda:0
forward,2,305,9.30947009015149e-07,True,CONVERGED,float64,cuda:0
adjoint,0,300,8.816256116751734e-07,True,CONVERGED,float64,cuda:0
adjoint,1,300,9.067958351910732e-07,True,CONVERGED,float64,cuda:0
adjoint,2,307,9.809565530489113e-07,True,CONVERGED,float64,cuda:0
forward,0,295,9.277639253848278e-07,True,CONVERGED,float64,cuda:0
forward,1,304,9.791385812000513e-07,True,CONVERGED,float64,cuda:0
forward,2,287,9.845806095161405e-07,True,CONVERGED,float64,cuda:0
adjoint,0,299,8.616566073123917e-07,True,CONVERGED,float64,cuda:0
adjoint,1,299,9.29808944930012e-07,True,CONVERGED,float64,cuda:0
adjoint,2,306,9.152896054446695e-07,True,CONVERGED,float64,cuda:0
forward,0,301,9.652762131032748e-07,True,CONVERGED,float64,cuda:0
forward,1,305,9.809473780187331e-07,True,CONVERGED,float64,cuda:0
forward,2,304,9.340734835584976e-07,True,CONVERGED,float64,cuda:0
adjoint,0,303,9.141949621818743e-07,True,CONVERGED,float64,cuda:0
adjoint,1,304,9.460756374707359e-07,True,CONVERGED,float64,cuda:0
adjoint,2,307,9.64876163018826e-07,True,CONVERGED,float64,cuda:0
forward,0,300,9.9772938391698e-07,True,CONVERGED,float64,cuda:0
forward,1,306,9.31580518511239e-07,True,CONVERGED,float64,cuda:0
forward,2,305,9.731704682578045e-07,True,CONVERGED,float64,cuda:0
adjoint,0,302,9.946302790051254e-07,True,CONVERGED,float64,cuda:0
adjoint,1,306,9.717106521990202e-07,True,CONVERGED,float64,cuda:0
adjoint,2,306,9.452438220726045e-07,True,CONVERGED,float64,cuda:0
forward,0,301,9.543292303980384e-07,True,CONVERGED,float64,cuda:0
forward,1,306,9.339522914540033e-07,True,CONVERGED,float64,cuda:0
forward,2,305,9.851011844356019e-07,True,CONVERGED,float64,cuda:0
adjoint,0,303,9.528048031630809e-07,True,CONVERGED,float64,cuda:0
adjoint,1,306,9.546882635080131e-07,True,CONVERGED,float64,cuda:0
adjoint,2,305,9.450826622660493e-07,True,CONVERGED,float64,cuda:0
forward,0,301,9.689171985961397e-07,True,CONVERGED,float64,cuda:0
forward,1,306,9.503331108012741e-07,True,CONVERGED,float64,cuda:0
forward,2,306,9.067606385981886e-07,True,CONVERGED,float64,cuda:0
adjoint,0,302,9.30346662825413e-07,True,CONVERGED,float64,cuda:0
adjoint,1,305,9.952758851222784e-07,True,CONVERGED,float64,cuda:0
adjoint,2,306,9.412049838832845e-07,True,CONVERGED,float64,cuda:0
forward,0,301,9.53960790559146e-07,True,CONVERGED,float64,cuda:0
forward,1,306,9.866717202775673e-07,True,CONVERGED,float64,cuda:0
forward,2,296,9.625315937976537e-07,True,CONVERGED,float64,cuda:0
adjoint,0,303,9.80950080854032e-07,True,CONVERGED,float64,cuda:0
adjoint,1,302,9.730308600220304e-07,True,CONVERGED,float64,cuda:0
adjoint,2,307,9.96072848818318e-07,True,CONVERGED,float64,cuda:0
forward,0,302,9.120384808818692e-07,True,CONVERGED,float64,cuda:0
forward,1,306,8.958982353166904e-07,True,CONVERGED,float64,cuda:0
forward,2,293,9.504298084046039e-07,True,CONVERGED,float64,cuda:0
adjoint,0,303,9.598083113818915e-07,True,CONVERGED,float64,cuda:0
adjoint,1,306,9.927466418117084e-07,True,CONVERGED,float64,cuda:0
adjoint,2,298,9.948287198759622e-07,True,CONVERGED,float64,cuda:0
forward,0,293,9.572282037755745e-07,True,CONVERGED,float64,cuda:0
forward,1,298,9.302646068620615e-07,True,CONVERGED,float64,cuda:0
forward,2,297,9.90210631282962e-07,True,CONVERGED,float64,cuda:0
adjoint,0,300,8.89154389206001e-07,True,CONVERGED,float64,cuda:0
adjoint,1,300,9.684845038104076e-07,True,CONVERGED,float64,cuda:0
adjoint,2,297,9.734665162915519e-07,True,CONVERGED,float64,cuda:0
forward,0,285,9.949492019511198e-07,True,CONVERGED,float64,cuda:0
forward,1,304,9.697755669568128e-07,True,CONVERGED,float64,cuda:0
forward,2,303,9.496222208468871e-07,True,CONVERGED,float64,cuda:0
adjoint,0,301,9.71067059558268e-07,True,CONVERGED,float64,cuda:0
adjoint,1,307,9.39611213336925e-07,True,CONVERGED,float64,cuda:0
adjoint,2,307,9.564444718171131e-07,True,CONVERGED,float64,cuda:0
forward,0,299,9.744490719198724e-07,True,CONVERGED,float64,cuda:0
forward,1,302,9.6486756188627e-07,True,CONVERGED,float64,cuda:0
forward,2,300,9.405005856385484e-07,True,CONVERGED,float64,cuda:0
adjoint,0,301,9.582618037653328e-07,True,CONVERGED,float64,cuda:0
adjoint,1,300,9.652007700778105e-07,True,CONVERGED,float64,cuda:0
adjoint,2,293,9.501295801681141e-07,True,CONVERGED,float64,cuda:0
forward,0,302,9.322616341598557e-07,True,CONVERGED,float64,cuda:0
forward,1,303,9.116457827596142e-07,True,CONVERGED,float64,cuda:0
forward,2,297,9.793570152610343e-07,True,CONVERGED,float64,cuda:0
adjoint,0,302,9.468054347118263e-07,True,CONVERGED,float64,cuda:0
adjoint,1,305,9.429535054499696e-07,True,CONVERGED,float64,cuda:0
adjoint,2,295,9.95465453583484e-07,True,CONVERGED,float64,cuda:0
forward,0,296,9.610187074839063e-07,True,CONVERGED,float64,cuda:0
forward,1,302,9.325117488630462e-07,True,CONVERGED,float64,cuda:0
forward,2,301,9.975626503342665e-07,True,CONVERGED,float64,cuda:0
adjoint,0,302,8.749360826925655e-07,True,CONVERGED,float64,cuda:0
adjoint,1,305,9.671859007178267e-07,True,CONVERGED,float64,cuda:0
adjoint,2,293,8.789992604621113e-07,True,CONVERGED,float64,cuda:0
forward,0,299,9.57700201490531e-07,True,CONVERGED,float64,cuda:0
forward,1,303,9.251621816875151e-07,True,CONVERGED,float64,cuda:0
forward,2,298,9.80965668735738e-07,True,CONVERGED,float64,cuda:0
adjoint,0,301,9.186523075232414e-07,True,CONVERGED,float64,cuda:0
adjoint,1,300,9.60861811033847e-07,True,CONVERGED,float64,cuda:0
adjoint,2,294,9.435764596752686e-07,True,CONVERGED,float64,cuda:0
forward,0,296,9.570262305198474e-07,True,CONVERGED,float64,cuda:0
forward,1,304,9.72431861683465e-07,True,CONVERGED,float64,cuda:0
forward,2,303,9.68513132787033e-07,True,CONVERGED,float64,cuda:0
adjoint,0,301,9.95300557566956e-07,True,CONVERGED,float64,cuda:0
adjoint,1,307,9.380891814708682e-07,True,CONVERGED,float64,cuda:0
adjoint,2,307,9.419175533133909e-07,True,CONVERGED,float64,cuda:0
forward,0,295,9.533658319952317e-07,True,CONVERGED,float64,cuda:0
forward,1,299,9.605941175876108e-07,True,CONVERGED,float64,cuda:0
forward,2,298,9.499503638907002e-07,True,CONVERGED,float64,cuda:0
adjoint,0,299,9.699863502797513e-07,True,CONVERGED,float64,cuda:0
adjoint,1,296,9.96902799006497e-07,True,CONVERGED,float64,cuda:0
adjoint,2,289,9.657998443825144e-07,True,CONVERGED,float64,cuda:0
forward,0,302,9.804381845068277e-07,True,CONVERGED,float64,cuda:0
forward,1,307,9.150729738055853e-07,True,CONVERGED,float64,cuda:0
forward,2,294,9.847725084311536e-07,True,CONVERGED,float64,cuda:0
adjoint,0,304,8.864531981924934e-07,True,CONVERGED,float64,cuda:0
adjoint,1,306,9.670675931770872e-07,True,CONVERGED,float64,cuda:0
adjoint,2,297,9.577105444064217e-07,True,CONVERGED,float64,cuda:0
forward,0,302,9.857561086523255e-07,True,CONVERGED,float64,cuda:0
forward,1,307,9.477140551713423e-07,True,CONVERGED,float64,cuda:0
forward,2,294,9.93854768806389e-07,True,CONVERGED,float64,cuda:0
adjoint,0,304,9.244399581273154e-07,True,CONVERGED,float64,cuda:0
adjoint,1,306,9.651108679432485e-07,True,CONVERGED,float64,cuda:0
adjoint,2,298,9.153313964989052e-07,True,CONVERGED,float64,cuda:0
forward,0,300,9.702869482167466e-07,True,CONVERGED,float64,cuda:0
forward,1,305,9.227564045274858e-07,True,CONVERGED,float64,cuda:0
forward,2,294,9.92790010851647e-07,True,CONVERGED,float64,cuda:0
adjoint,0,302,9.882537084049873e-07,True,CONVERGED,float64,cuda:0
adjoint,1,304,9.656475872327503e-07,True,CONVERGED,float64,cuda:0
adjoint,2,296,8.835790383171347e-07,True,CONVERGED,float64,cuda:0
forward,0,298,9.648738765620483e-07,True,CONVERGED,float64,cuda:0
forward,1,306,8.790161957413454e-07,True,CONVERGED,float64,cuda:0
forward,2,305,9.085284786363384e-07,True,CONVERGED,float64,cuda:0
adjoint,0,301,9.960770738955008e-07,True,CONVERGED,float64,cuda:0
adjoint,1,307,9.641342614332138e-07,True,CONVERGED,float64,cuda:0
adjoint,2,307,9.953777777834945e-07,True,CONVERGED,float64,cuda:0
forward,0,299,9.45528749446745e-07,True,CONVERGED,float64,cuda:0
forward,1,289,9.513564155396912e-07,True,CONVERGED,float64,cuda:0
forward,2,306,9.07532400903248e-07,True,CONVERGED,float64,cuda:0
adjoint,0,301,9.887325636067227e-07,True,CONVERGED,float64,cuda:0
adjoint,1,305,8.656935156293645e-07,True,CONVERGED,float64,cuda:0
adjoint,2,307,9.123873273774357e-07,True,CONVERGED,float64,cuda:0
forward,0,299,9.014099093538956e-07,True,CONVERGED,float64,cuda:0
forward,1,306,9.208324956064086e-07,True,CONVERGED,float64,cuda:0
forward,2,305,9.486294441264571e-07,True,CONVERGED,float64,cuda:0
adjoint,0,302,9.127021276336768e-07,True,CONVERGED,float64,cuda:0
adjoint,1,307,9.566649259855167e-07,True,CONVERGED,float64,cuda:0
adjoint,2,307,9.969138794195172e-07,True,CONVERGED,float64,cuda:0
forward,0,298,9.87269816316474e-07,True,CONVERGED,float64,cuda:0
forward,1,302,9.84088642419891e-07,True,CONVERGED,float64,cuda:0
forward,2,300,9.601793690903045e-07,True,CONVERGED,float64,cuda:0
adjoint,0,302,8.671864069057158e-07,True,CONVERGED,float64,cuda:0
adjoint,1,300,9.797502433697339e-07,True,CONVERGED,float64,cuda:0
adjoint,2,298,9.560060980346747e-07,True,CONVERGED,float64,cuda:0
forward,0,295,8.820141238383288e-07,True,CONVERGED,float64,cuda:0
forward,1,307,8.63474610541433e-07,True,CONVERGED,float64,cuda:0
forward,2,295,9.947756188679158e-07,True,CONVERGED,float64,cuda:0
adjoint,0,303,9.232475576145695e-07,True,CONVERGED,float64,cuda:0
adjoint,1,306,9.66958036505107e-07,True,CONVERGED,float64,cuda:0
adjoint,2,296,9.894005152147278e-07,True,CONVERGED,float64,cuda:0
forward,0,295,8.654618519979117e-07,True,CONVERGED,float64,cuda:0
forward,1,306,9.940829094606905e-07,True,CONVERGED,float64,cuda:0
forward,2,295,9.302441704795937e-07,True,CONVERGED,float64,cuda:0
adjoint,0,303,9.238263059764306e-07,True,CONVERGED,float64,cuda:0
adjoint,1,306,9.359655427305164e-07,True,CONVERGED,float64,cuda:0
adjoint,2,296,9.76416710899388e-07,True,CONVERGED,float64,cuda:0
forward,0,299,9.505306007838362e-07,True,CONVERGED,float64,cuda:0
forward,1,303,9.359279616753184e-07,True,CONVERGED,float64,cuda:0
forward,2,298,9.466775466987937e-07,True,CONVERGED,float64,cuda:0
adjoint,0,301,9.432269326347857e-07,True,CONVERGED,float64,cuda:0
adjoint,1,300,9.567666208912762e-07,True,CONVERGED,float64,cuda:0
adjoint,2,295,9.435273202399547e-07,True,CONVERGED,float64,cuda:0
forward,0,299,9.167906320518076e-07,True,CONVERGED,float64,cuda:0
forward,1,289,9.863149208880964e-07,True,CONVERGED,float64,cuda:0
forward,2,306,8.67219124427701e-07,True,CONVERGED,float64,cuda:0
adjoint,0,301,9.895544602716812e-07,True,CONVERGED,float64,cuda:0
adjoint,1,292,9.433598967598512e-07,True,CONVERGED,float64,cuda:0
adjoint,2,307,9.261207207718975e-07,True,CONVERGED,float64,cuda:0
forward,0,300,8.371466892274215e-07,True,CONVERGED,float64,cuda:0
forward,1,307,8.927212339116828e-07,True,CONVERGED,float64,cuda:0
forward,2,306,9.47351451198665e-07,True,CONVERGED,float64,cuda:0
adjoint,0,301,9.798716626511988e-07,True,CONVERGED,float64,cuda:0
adjoint,1,307,9.621993996035348e-07,True,CONVERGED,float64,cuda:0
adjoint,2,306,9.759654474611997e-07,True,CONVERGED,float64,cuda:0
forward,0,299,9.796582645215941e-07,True,CONVERGED,float64,cuda:0
forward,1,294,9.327467525006649e-07,True,CONVERGED,float64,cuda:0
forward,2,306,9.380863502376468e-07,True,CONVERGED,float64,cuda:0
adjoint,0,301,9.980298259199874e-07,True,CONVERGED,float64,cuda:0
adjoint,1,307,9.299238859041769e-07,True,CONVERGED,float64,cuda:0
adjoint,2,307,8.994054646387266e-07,True,CONVERGED,float64,cuda:0
forward,0,298,9.513863392667533e-07,True,CONVERGED,float64,cuda:0
forward,1,305,8.974059568244045e-07,True,CONVERGED,float64,cuda:0
forward,2,304,9.237412444745793e-07,True,CONVERGED,float64,cuda:0
adjoint,0,302,9.503520377644888e-07,True,CONVERGED,float64,cuda:0
adjoint,1,307,9.784647413075877e-07,True,CONVERGED,float64,cuda:0
adjoint,2,304,8.989848908824001e-07,True,CONVERGED,float64,cuda:0
forward,0,295,9.53772570148989e-07,True,CONVERGED,float64,cuda:0
forward,1,306,9.59064781301249e-07,True,CONVERGED,float64,cuda:0
forward,2,295,9.545958554311222e-07,True,CONVERGED,float64,cuda:0
adjoint,0,304,9.632087131807002e-07,True,CONVERGED,float64,cuda:0
adjoint,1,303,9.269639272882096e-07,True,CONVERGED,float64,cuda:0
adjoint,2,296,9.911394442674626e-07,True,CONVERGED,float64,cuda:0
forward,0,298,9.359967895434463e-07,True,CONVERGED,float64,cuda:0
forward,1,308,9.559060805577437e-07,True,CONVERGED,float64,cuda:0
forward,2,297,9.831278442788174e-07,True,CONVERGED,float64,cuda:0
adjoint,0,305,9.609716227142353e-07,True,CONVERGED,float64,cuda:0
adjoint,1,305,9.948531394460117e-07,True,CONVERGED,float64,cuda:0
adjoint,2,302,9.583449648869007e-07,True,CONVERGED,float64,cuda:0
forward,0,295,9.90867043659439e-07,True,CONVERGED,float64,cuda:0
forward,1,308,9.301399258215087e-07,True,CONVERGED,float64,cuda:0
forward,2,297,9.612122987466756e-07,True,CONVERGED,float64,cuda:0
adjoint,0,305,9.243970668936701e-07,True,CONVERGED,float64,cuda:0
adjoint,1,306,9.445507140167308e-07,True,CONVERGED,float64,cuda:0
adjoint,2,299,9.372224417670954e-07,True,CONVERGED,float64,cuda:0
forward,0,302,9.460738239781035e-07,True,CONVERGED,float64,cuda:0
forward,1,305,9.449401962390682e-07,True,CONVERGED,float64,cuda:0
forward,2,297,9.443876815517513e-07,True,CONVERGED,float64,cuda:0
adjoint,0,303,8.210218017196657e-07,True,CONVERGED,float64,cuda:0
adjoint,1,303,8.814836930838877e-07,True,CONVERGED,float64,cuda:0
adjoint,2,295,9.940821170900533e-07,True,CONVERGED,float64,cuda:0
forward,0,299,9.713129934545904e-07,True,CONVERGED,float64,cuda:0
forward,1,305,9.492753892724797e-07,True,CONVERGED,float64,cuda:0
forward,2,305,9.207846872152745e-07,True,CONVERGED,float64,cuda:0
adjoint,0,303,8.745895796433581e-07,True,CONVERGED,float64,cuda:0
adjoint,1,307,9.930826334908144e-07,True,CONVERGED,float64,cuda:0
adjoint,2,307,9.388939355853111e-07,True,CONVERGED,float64,cuda:0
forward,0,300,9.245338279775578e-07,True,CONVERGED,float64,cuda:0
forward,1,306,9.023461599345481e-07,True,CONVERGED,float64,cuda:0
forward,2,306,9.415132808943882e-07,True,CONVERGED,float64,cuda:0
adjoint,0,302,9.821353581423115e-07,True,CONVERGED,float64,cuda:0
adjoint,1,307,9.259660678196972e-07,True,CONVERGED,float64,cuda:0
adjoint,2,306,9.554034259389932e-07,True,CONVERGED,float64,cuda:0
forward,0,300,9.298980506936108e-07,True,CONVERGED,float64,cuda:0
forward,1,306,9.661945084721126e-07,True,CONVERGED,float64,cuda:0
forward,2,306,9.306345719821785e-07,True,CONVERGED,float64,cuda:0
adjoint,0,303,9.0027316359762e-07,True,CONVERGED,float64,cuda:0
adjoint,1,307,9.73605244270635e-07,True,CONVERGED,float64,cuda:0
adjoint,2,306,9.840838807887054e-07,True,CONVERGED,float64,cuda:0
forward,0,297,8.56772375237106e-07,True,CONVERGED,float64,cuda:0
forward,1,300,9.518797995800242e-07,True,CONVERGED,float64,cuda:0
forward,2,299,9.271544906013104e-07,True,CONVERGED,float64,cuda:0
adjoint,0,301,9.520853718180503e-07,True,CONVERGED,float64,cuda:0
adjoint,1,287,8.396714905524941e-07,True,CONVERGED,float64,cuda:0
adjoint,2,287,9.561794785591446e-07,True,CONVERGED,float64,cuda:0
forward,0,303,9.344529966495474e-07,True,CONVERGED,float64,cuda:0
forward,1,305,9.421863255965578e-07,True,CONVERGED,float64,cuda:0
forward,2,302,9.812798126848476e-07,True,CONVERGED,float64,cuda:0
adjoint,0,303,8.633926655160446e-07,True,CONVERGED,float64,cuda:0
adjoint,1,304,9.961114570843158e-07,True,CONVERGED,float64,cuda:0
adjoint,2,300,9.355971468884063e-07,True,CONVERGED,float64,cuda:0
forward,0,304,9.362335778484855e-07,True,CONVERGED,float64,cuda:0
forward,1,304,9.90587128476281e-07,True,CONVERGED,float64,cuda:0
forward,2,302,9.66971487716209e-07,True,CONVERGED,float64,cuda:0
adjoint,0,303,9.185147401714808e-07,True,CONVERGED,float64,cuda:0
adjoint,1,305,9.815589496828514e-07,True,CONVERGED,float64,cuda:0
adjoint,2,300,9.452456000261727e-07,True,CONVERGED,float64,cuda:0
forward,0,304,8.985313402084317e-07,True,CONVERGED,float64,cuda:0
forward,1,301,9.994446801659206e-07,True,CONVERGED,float64,cuda:0
forward,2,303,9.822571016852234e-07,True,CONVERGED,float64,cuda:0
adjoint,0,303,9.365200522417026e-07,True,CONVERGED,float64,cuda:0
adjoint,1,305,9.246234303052961e-07,True,CONVERGED,float64,cuda:0
adjoint,2,302,9.136827530176118e-07,True,CONVERGED,float64,cuda:0
forward,0,302,9.397045128775099e-07,True,CONVERGED,float64,cuda:0
forward,1,301,9.763543947756374e-07,True,CONVERGED,float64,cuda:0
forward,2,302,9.748626678618388e-07,True,CONVERGED,float64,cuda:0
adjoint,0,304,8.12369460033112e-07,True,CONVERGED,float64,cuda:0
adjoint,1,301,9.537298891683046e-07,True,CONVERGED,float64,cuda:0
adjoint,2,303,9.297828148529664e-07,True,CONVERGED,float64,cuda:0
forward,0,300,9.430044133692454e-07,True,CONVERGED,float64,cuda:0
forward,1,302,9.64148747448e-07,True,CONVERGED,float64,cuda:0
forward,2,301,9.909717636491308e-07,True,CONVERGED,float64,cuda:0
adjoint,0,303,8.541423766465167e-07,True,CONVERGED,float64,cuda:0
adjoint,1,293,9.763083352475542e-07,True,CONVERGED,float64,cuda:0
adjoint,2,299,9.320617026728572e-07,True,CONVERGED,float64,cuda:0
forward,0,301,8.912192284643318e-07,True,CONVERGED,float64,cuda:0
forward,1,305,8.981004762204213e-07,True,CONVERGED,float64,cuda:0
forward,2,306,9.458967652118706e-07,True,CONVERGED,float64,cuda:0
adjoint,0,304,8.846216283858235e-07,True,CONVERGED,float64,cuda:0
adjoint,1,307,8.829587636730045e-07,True,CONVERGED,float64,cuda:0
adjoint,2,297,9.556913672926856e-07,True,CONVERGED,float64,cuda:0
forward,0,291,9.312147734038614e-07,True,CONVERGED,float64,cuda:0
forward,1,305,9.949452467124536e-07,True,CONVERGED,float64,cuda:0
forward,2,306,9.952516690753575e-07,True,CONVERGED,float64,cuda:0
adjoint,0,303,9.700963815091123e-07,True,CONVERGED,float64,cuda:0
adjoint,1,300,9.885544056726261e-07,True,CONVERGED,float64,cuda:0
adjoint,2,295,9.758977362881325e-07,True,CONVERGED,float64,cuda:0
forward,0,300,9.764467156754936e-07,True,CONVERGED,float64,cuda:0
forward,1,305,8.799791235107141e-07,True,CONVERGED,float64,cuda:0
forward,2,306,8.943183521832704e-07,True,CONVERGED,float64,cuda:0
adjoint,0,303,9.315814623232036e-07,True,CONVERGED,float64,cuda:0
adjoint,1,306,9.922074536667693e-07,True,CONVERGED,float64,cuda:0
adjoint,2,295,9.489471843033647e-07,True,CONVERGED,float64,cuda:0
forward,0,297,9.658774638875787e-07,True,CONVERGED,float64,cuda:0
forward,1,302,9.161482710165132e-07,True,CONVERGED,float64,cuda:0
forward,2,301,9.13299631215343e-07,True,CONVERGED,float64,cuda:0
adjoint,0,301,9.193935314494076e-07,True,CONVERGED,float64,cuda:0
adjoint,1,296,9.103198615488316e-07,True,CONVERGED,float64,cuda:0
adjoint,2,296,9.94923009532331e-07,True,CONVERGED,float64,cuda:0
forward,0,303,9.201051636877966e-07,True,CONVERGED,float64,cuda:0
forward,1,304,9.069927364660278e-07,True,CONVERGED,float64,cuda:0
forward,2,296,9.253816974973326e-07,True,CONVERGED,float64,cuda:0
adjoint,0,301,9.922441773463e-07,True,CONVERGED,float64,cuda:0
adjoint,1,305,8.790173436832757e-07,True,CONVERGED,float64,cuda:0
adjoint,2,300,9.418512395557007e-07,True,CONVERGED,float64,cuda:0
forward,0,303,9.154492562421416e-07,True,CONVERGED,float64,cuda:0
forward,1,304,8.8105580624739e-07,True,CONVERGED,float64,cuda:0
forward,2,294,9.719280707306173e-07,True,CONVERGED,float64,cuda:0
adjoint,0,301,9.220913224645521e-07,True,CONVERGED,float64,cuda:0
adjoint,1,304,9.140432680431797e-07,True,CONVERGED,float64,cuda:0
adjoint,2,301,9.159938041576135e-07,True,CONVERGED,float64,cuda:0
forward,0,302,9.56056332537224e-07,True,CONVERGED,float64,cuda:0
forward,1,303,9.981412821482541e-07,True,CONVERGED,float64,cuda:0
forward,2,293,9.099557307450485e-07,True,CONVERGED,float64,cuda:0
adjoint,0,300,9.891628781889618e-07,True,CONVERGED,float64,cuda:0
adjoint,1,303,8.950292130334373e-07,True,CONVERGED,float64,cuda:0
adjoint,2,300,9.928575961134111e-07,True,CONVERGED,float64,cuda:0
forward,0,301,9.955495015626545e-07,True,CONVERGED,float64,cuda:0
forward,1,303,9.084085605124613e-07,True,CONVERGED,float64,cuda:0
forward,2,290,9.615674944333546e-07,True,CONVERGED,float64,cuda:0
adjoint,0,300,8.952286506403574e-07,True,CONVERGED,float64,cuda:0
adjoint,1,301,9.946670160504205e-07,True,CONVERGED,float64,cuda:0
adjoint,2,300,9.767740849498017e-07,True,CONVERGED,float64,cuda:0
forward,0,300,9.466898705280562e-07,True,CONVERGED,float64,cuda:0
forward,1,302,9.77936866622934e-07,True,CONVERGED,float64,cuda:0
forward,2,287,9.225114182894707e-07,True,CONVERGED,float64,cuda:0
adjoint,0,299,9.457971825415703e-07,True,CONVERGED,float64,cuda:0
adjoint,1,299,9.937057532789859e-07,True,CONVERGED,float64,cuda:0
adjoint,2,300,9.216176499543927e-07,True,CONVERGED,float64,cuda:0
forward,0,298,9.68356857448797e-07,True,CONVERGED,float64,cuda:0
forward,1,302,9.36681909553419e-07,True,CONVERGED,float64,cuda:0
forward,2,290,9.594246184947003e-07,True,CONVERGED,float64,cuda:0
adjoint,0,298,9.216277061849576e-07,True,CONVERGED,float64,cuda:0
adjoint,1,297,9.183246867816157e-07,True,CONVERGED,float64,cuda:0
adjoint,2,298,9.848862840742243e-07,True,CONVERGED,float64,cuda:0
forward,0,295,9.767407922637852e-07,True,CONVERGED,float64,cuda:0
forward,1,301,9.849886692128259e-07,True,CONVERGED,float64,cuda:0
forward,2,296,9.545526271295388e-07,True,CONVERGED,float64,cuda:0
adjoint,0,297,9.697919052920917e-07,True,CONVERGED,float64,cuda:0
adjoint,1,296,9.587413756253442e-07,True,CONVERGED,float64,cuda:0
adjoint,2,299,9.504101320646602e-07,True,CONVERGED,float64,cuda:0
forward,0,292,9.632926097692545e-07,True,CONVERGED,float64,cuda:0
forward,1,282,9.027664943618862e-07,True,CONVERGED,float64,cuda:0
forward,2,299,9.288343282475539e-07,True,CONVERGED,float64,cuda:0
adjoint,0,297,9.103581274473704e-07,True,CONVERGED,float64,cuda:0
adjoint,1,297,9.586502851867547e-07,True,CONVERGED,float64,cuda:0
adjoint,2,289,9.046606523885075e-07,True,CONVERGED,float64,cuda:0
forward,0,292,9.458504566767911e-07,True,CONVERGED,float64,cuda:0
forward,1,283,9.002312074882683e-07,True,CONVERGED,float64,cuda:0
forward,2,300,9.658101256792837e-07,True,CONVERGED,float64,cuda:0
adjoint,0,297,9.200864168829839e-07,True,CONVERGED,float64,cuda:0
adjoint,1,299,8.933570854716761e-07,True,CONVERGED,float64,cuda:0
adjoint,2,289,9.978078419414949e-07,True,CONVERGED,float64,cuda:0
forward,0,295,9.523251921883493e-07,True,CONVERGED,float64,cuda:0
forward,1,300,9.899270717715565e-07,True,CONVERGED,float64,cuda:0
forward,2,297,8.695916733167781e-07,True,CONVERGED,float64,cuda:0
adjoint,0,296,9.976998800797354e-07,True,CONVERGED,float64,cuda:0
adjoint,1,300,9.2987588164741e-07,True,CONVERGED,float64,cuda:0
adjoint,2,297,9.89363779559147e-07,True,CONVERGED,float64,cuda:0
forward,0,296,9.72499912035637e-07,True,CONVERGED,float64,cuda:0
forward,1,300,9.742522550078264e-07,True,CONVERGED,float64,cuda:0
forward,2,297,9.199385824910849e-07,True,CONVERGED,float64,cuda:0
adjoint,0,297,9.052796264552848e-07,True,CONVERGED,float64,cuda:0
adjoint,1,299,9.503548668656042e-07,True,CONVERGED,float64,cuda:0
adjoint,2,297,9.695441720529033e-07,True,CONVERGED,float64,cuda:0
forward,0,292,9.343770122830885e-07,True,CONVERGED,float64,cuda:0
forward,1,300,8.841782187431407e-07,True,CONVERGED,float64,cuda:0
forward,2,299,9.269551270439153e-07,True,CONVERGED,float64,cuda:0
adjoint,0,297,8.799464726394502e-07,True,CONVERGED,float64,cuda:0
adjoint,1,290,9.135730112417323e-07,True,CONVERGED,float64,cuda:0
adjoint,2,293,9.547615761680015e-07,True,CONVERGED,float64,cuda:0
forward,0,293,8.611903768462143e-07,True,CONVERGED,float64,cuda:0
forward,1,300,9.187576926627704e-07,True,CONVERGED,float64,cuda:0
forward,2,291,9.97788722086851e-07,True,CONVERGED,float64,cuda:0
adjoint,0,297,8.872898401026645e-07,True,CONVERGED,float64,cuda:0
adjoint,1,288,9.705804909848287e-07,True,CONVERGED,float64,cuda:0
adjoint,2,296,9.887002655512496e-07,True,CONVERGED,float64,cuda:0
forward,0,298,9.958530234077757e-07,True,CONVERGED,float64,cuda:0
forward,1,300,9.485229356455264e-07,True,CONVERGED,float64,cuda:0
forward,2,291,9.821698102422513e-07,True,CONVERGED,float64,cuda:0
adjoint,0,298,9.72618622753045e-07,True,CONVERGED,float64,cuda:0
adjoint,1,290,9.203062777741226e-07,True,CONVERGED,float64,cuda:0
adjoint,2,297,9.530236029076249e-07,True,CONVERGED,float64,cuda:0
forward,0,301,9.011948050367203e-07,True,CONVERGED,float64,cuda:0
forward,1,297,9.450224949236541e-07,True,CONVERGED,float64,cuda:0
forward,2,293,8.756642474453212e-07,True,CONVERGED,float64,cuda:0
adjoint,0,299,9.892935073407125e-07,True,CONVERGED,float64,cuda:0
adjoint,1,289,9.705231256947432e-07,True,CONVERGED,float64,cuda:0
adjoint,2,299,9.235548032792026e-07,True,CONVERGED,float64,cuda:0
forward,0,299,9.609203371103006e-07,True,CONVERGED,float64,cuda:0
forward,1,297,9.735343420318014e-07,True,CONVERGED,float64,cuda:0
forward,2,290,9.74822828640027e-07,True,CONVERGED,float64,cuda:0
adjoint,0,299,8.566998498015533e-07,True,CONVERGED,float64,cuda:0
adjoint,1,288,9.64127975655523e-07,True,CONVERGED,float64,cuda:0
adjoint,2,298,9.611143804983377e-07,True,CONVERGED,float64,cuda:0
forward,0,294,9.59687909582293e-07,True,CONVERGED,float64,cuda:0
forward,1,301,9.169796291285919e-07,True,CONVERGED,float64,cuda:0
forward,2,288,8.970380832080357e-07,True,CONVERGED,float64,cuda:0
adjoint,0,298,8.641539500498306e-07,True,CONVERGED,float64,cuda:0
adjoint,1,287,9.69702147588921e-07,True,CONVERGED,float64,cuda:0
adjoint,2,296,9.887390256475713e-07,True,CONVERGED,float64,cuda:0
forward,0,294,9.514298495002977e-07,True,CONVERGED,float64,cuda:0
forward,1,300,9.78697586951567e-07,True,CONVERGED,float64,cuda:0
forward,2,288,8.554423699486196e-07,True,CONVERGED,float64,cuda:0
adjoint,0,298,8.259549887868157e-07,True,CONVERGED,float64,cuda:0
adjoint,1,289,9.83449886033761e-07,True,CONVERGED,float64,cuda:0
adjoint,2,297,8.526353902969823e-07,True,CONVERGED,float64,cuda:0
forward,0,300,9.215574269621389e-07,True,CONVERGED,float64,cuda:0
forward,1,296,9.869087794388141e-07,True,CONVERGED,float64,cuda:0
forward,2,293,9.332420789028443e-07,True,CONVERGED,float64,cuda:0
adjoint,0,299,9.325194125715488e-07,True,CONVERGED,float64,cuda:0
adjoint,1,291,9.349215699000039e-07,True,CONVERGED,float64,cuda:0
adjoint,2,299,9.363529225018676e-07,True,CONVERGED,float64,cuda:0
forward,0,300,9.159503956150958e-07,True,CONVERGED,float64,cuda:0
forward,1,297,9.581341623297868e-07,True,CONVERGED,float64,cuda:0
forward,2,293,9.262086083047753e-07,True,CONVERGED,float64,cuda:0
adjoint,0,299,9.044366119000965e-07,True,CONVERGED,float64,cuda:0
adjoint,1,291,9.021413360279081e-07,True,CONVERGED,float64,cuda:0
adjoint,2,299,9.265450240333466e-07,True,CONVERGED,float64,cuda:0
forward,0,294,9.019786033034998e-07,True,CONVERGED,float64,cuda:0
forward,1,298,9.598799737569794e-07,True,CONVERGED,float64,cuda:0
forward,2,284,9.242456154438575e-07,True,CONVERGED,float64,cuda:0
adjoint,0,297,9.505869078688487e-07,True,CONVERGED,float64,cuda:0
adjoint,1,292,9.850098288530263e-07,True,CONVERGED,float64,cuda:0
adjoint,2,297,8.765165418366471e-07,True,CONVERGED,float64,cuda:0
forward,0,293,8.826459427406724e-07,True,CONVERGED,float64,cuda:0
forward,1,299,9.171545406340468e-07,True,CONVERGED,float64,cuda:0
forward,2,287,8.861285604177126e-07,True,CONVERGED,float64,cuda:0
adjoint,0,297,8.674266853230008e-07,True,CONVERGED,float64,cuda:0
adjoint,1,293,9.643436584003639e-07,True,CONVERGED,float64,cuda:0
adjoint,2,296,9.61333254614133e-07,True,CONVERGED,float64,cuda:0
forward,0,296,9.958477564650633e-07,True,CONVERGED,float64,cuda:0
forward,1,293,9.621311116053246e-07,True,CONVERGED,float64,cuda:0
forward,2,286,9.694687793995833e-07,True,CONVERGED,float64,cuda:0
adjoint,0,298,8.676384324578835e-07,True,CONVERGED,float64,cuda:0
adjoint,1,296,9.178170737561597e-07,True,CONVERGED,float64,cuda:0
adjoint,2,298,8.939908367076674e-07,True,CONVERGED,float64,cuda:0
forward,0,293,9.172686280056753e-07,True,CONVERGED,float64,cuda:0
forward,1,293,9.389115522139827e-07,True,CONVERGED,float64,cuda:0
forward,2,285,9.415446387606262e-07,True,CONVERGED,float64,cuda:0
adjoint,0,297,9.105746976860768e-07,True,CONVERGED,float64,cuda:0
adjoint,1,296,9.574267553303446e-07,True,CONVERGED,float64,cuda:0
adjoint,2,297,9.683368629443841e-07,True,CONVERGED,float64,cuda:0
forward,0,295,9.066450595145668e-07,True,CONVERGED,float64,cuda:0
forward,1,299,9.804785503109169e-07,True,CONVERGED,float64,cuda:0
forward,2,286,9.401700775406216e-07,True,CONVERGED,float64,cuda:0
adjoint,0,296,9.0751071081636e-07,True,CONVERGED,float64,cuda:0
adjoint,1,296,9.141732535689375e-07,True,CONVERGED,float64,cuda:0
adjoint,2,296,9.157001865676017e-07,True,CONVERGED,float64,cuda:0
forward,0,294,9.358476372541791e-07,True,CONVERGED,float64,cuda:0
forward,1,299,9.635107583453974e-07,True,CONVERGED,float64,cuda:0
forward,2,286,9.451651740339081e-07,True,CONVERGED,float64,cuda:0
adjoint,0,295,9.481784937744345e-07,True,CONVERGED,float64,cuda:0
adjoint,1,296,9.64908567655666e-07,True,CONVERGED,float64,cuda:0
adjoint,2,296,9.334235811444776e-07,True,CONVERGED,float64,cuda:0
forward,0,297,8.945520949142396e-07,True,CONVERGED,float64,cuda:0
forward,1,293,9.08320005734385e-07,True,CONVERGED,float64,cuda:0
forward,2,285,9.219371043538796e-07,True,CONVERGED,float64,cuda:0
adjoint,0,297,9.10295617483707e-07,True,CONVERGED,float64,cuda:0
adjoint,1,297,9.220444604870899e-07,True,CONVERGED,float64,cuda:0
adjoint,2,298,8.821653500686361e-07,True,CONVERGED,float64,cuda:0
forward,0,297,9.388911569945629e-07,True,CONVERGED,float64,cuda:0
forward,1,293,9.800077782143059e-07,True,CONVERGED,float64,cuda:0
forward,2,285,9.424379615934462e-07,True,CONVERGED,float64,cuda:0
adjoint,0,297,9.016857028169438e-07,True,CONVERGED,float64,cuda:0
adjoint,1,297,9.488986494541761e-07,True,CONVERGED,float64,cuda:0
adjoint,2,298,8.982846145316928e-07,True,CONVERGED,float64,cuda:0
forward,0,296,9.218379200872106e-07,True,CONVERGED,float64,cuda:0
forward,1,296,8.992091646069621e-07,True,CONVERGED,float64,cuda:0
forward,2,286,9.927103674062102e-07,True,CONVERGED,float64,cuda:0
adjoint,0,296,8.792952633445992e-07,True,CONVERGED,float64,cuda:0
adjoint,1,296,9.86033760351469e-07,True,CONVERGED,float64,cuda:0
adjoint,2,297,9.32898757399199e-07,True,CONVERGED,float64,cuda:0
forward,0,297,9.283809421623562e-07,True,CONVERGED,float64,cuda:0
forward,1,296,9.255301424976722e-07,True,CONVERGED,float64,cuda:0
forward,2,286,9.5595506732758e-07,True,CONVERGED,float64,cuda:0
adjoint,0,296,9.632088631850354e-07,True,CONVERGED,float64,cuda:0
adjoint,1,297,9.351635414929973e-07,True,CONVERGED,float64,cuda:0
adjoint,2,297,9.451860896928317e-07,True,CONVERGED,float64,cuda:0
forward,0,299,9.670063909144213e-07,True,CONVERGED,float64,cuda:0
forward,1,298,9.82980730210538e-07,True,CONVERGED,float64,cuda:0
forward,2,286,8.879331610360639e-07,True,CONVERGED,float64,cuda:0
adjoint,0,298,9.075161188371231e-07,True,CONVERGED,float64,cuda:0
adjoint,1,298,8.993641467071099e-07,True,CONVERGED,float64,cuda:0
adjoint,2,298,8.911023829277175e-07,True,CONVERGED,float64,cuda:0
forward,0,299,9.714647513638441e-07,True,CONVERGED,float64,cuda:0
forward,1,299,9.343347571475681e-07,True,CONVERGED,float64,cuda:0
forward,2,286,9.564208431666224e-07,True,CONVERGED,float64,cuda:0
adjoint,0,297,9.667593376531086e-07,True,CONVERGED,float64,cuda:0
adjoint,1,297,9.785527034249794e-07,True,CONVERGED,float64,cuda:0
adjoint,2,298,8.779209087463393e-07,True,CONVERGED,float64,cuda:0
forward,0,297,9.47004648571423e-07,True,CONVERGED,float64,cuda:0
forward,1,297,8.852783134377668e-07,True,CONVERGED,float64,cuda:0
forward,2,286,9.6424170575932e-07,True,CONVERGED,float64,cuda:0
adjoint,0,296,9.984898462599943e-07,True,CONVERGED,float64,cuda:0
adjoint,1,298,9.286299773371056e-07,True,CONVERGED,float64,cuda:0
adjoint,2,297,9.359469609958346e-07,True,CONVERGED,float64,cuda:0
forward,0,298,9.149377997619728e-07,True,CONVERGED,float64,cuda:0
forward,1,297,9.270784851124326e-07,True,CONVERGED,float64,cuda:0
forward,2,287,9.333335384271269e-07,True,CONVERGED,float64,cuda:0
adjoint,0,297,8.770418718768913e-07,True,CONVERGED,float64,cuda:0
adjoint,1,298,9.76604610075458e-07,True,CONVERGED,float64,cuda:0
adjoint,2,297,9.598244307655636e-07,True,CONVERGED,float64,cuda:0
forward,0,300,9.876848868112993e-07,True,CONVERGED,float64,cuda:0
forward,1,301,9.226091873311956e-07,True,CONVERGED,float64,cuda:0
forward,2,287,9.698072425368736e-07,True,CONVERGED,float64,cuda:0
adjoint,0,297,9.950473718367826e-07,True,CONVERGED,float64,cuda:0
adjoint,1,297,9.369754000760647e-07,True,CONVERGED,float64,cuda:0
adjoint,2,297,9.56591806512516e-07,True,CONVERGED,float64,cuda:0
forward,0,300,9.65167709009338e-07,True,CONVERGED,float64,cuda:0
forward,1,300,9.745502187513392e-07,True,CONVERGED,float64,cuda:0
forward,2,288,9.292057847478699e-07,True,CONVERGED,float64,cuda:0
adjoint,0,298,9.231558479660666e-07,True,CONVERGED,float64,cuda:0
adjoint,1,296,9.868027643494266e-07,True,CONVERGED,float64,cuda:0
adjoint,2,296,9.765605975809812e-07,True,CONVERGED,float64,cuda:0
forward,0,299,9.060274115117649e-07,True,CONVERGED,float64,cuda:0
forward,1,299,9.434026413656632e-07,True,CONVERGED,float64,cuda:0
forward,2,288,9.958375821632438e-07,True,CONVERGED,float64,cuda:0
adjoint,0,295,9.669134084889927e-07,True,CONVERGED,float64,cuda:0
adjoint,1,299,9.05801997775671e-07,True,CONVERGED,float64,cuda:0
adjoint,2,296,9.503904517823613e-07,True,CONVERGED,float64,cuda:0
forward,0,299,9.279485814601558e-07,True,CONVERGED,float64,cuda:0
forward,1,299,9.764384075870141e-07,True,CONVERGED,float64,cuda:0
forward,2,287,9.906391237532855e-07,True,CONVERGED,float64,cuda:0
adjoint,0,292,9.985532093551085e-07,True,CONVERGED,float64,cuda:0
adjoint,1,296,9.896333443460975e-07,True,CONVERGED,float64,cuda:0
adjoint,2,292,9.414548811290127e-07,True,CONVERGED,float64,cuda:0
forward,0,301,9.880044517021838e-07,True,CONVERGED,float64,cuda:0
forward,1,301,9.767013721547942e-07,True,CONVERGED,float64,cuda:0
forward,2,288,9.090907026513523e-07,True,CONVERGED,float64,cuda:0
adjoint,0,299,9.82465689639961e-07,True,CONVERGED,float64,cuda:0
adjoint,1,297,9.897962593206764e-07,True,CONVERGED,float64,cuda:0
adjoint,2,294,9.967752861919077e-07,True,CONVERGED,float64,cuda:0
forward,0,302,9.553453665668918e-07,True,CONVERGED,float64,cuda:0
forward,1,299,9.474778555563323e-07,True,CONVERGED,float64,cuda:0
forward,2,288,9.943739806365184e-07,True,CONVERGED,float64,cuda:0
adjoint,0,297,9.799026604973107e-07,True,CONVERGED,float64,cuda:0
adjoint,1,297,9.758278442638807e-07,True,CONVERGED,float64,cuda:0
adjoint,2,292,9.788018222045636e-07,True,CONVERGED,float64,cuda:0
forward,0,301,9.90421178056983e-07,True,CONVERGED,float64,cuda:0
forward,1,300,9.893159675386715e-07,True,CONVERGED,float64,cuda:0
forward,2,288,9.77515704358533e-07,True,CONVERGED,float64,cuda:0
adjoint,0,303,9.884633451489097e-07,True,CONVERGED,float64,cuda:0
adjoint,1,297,9.786306561449952e-07,True,CONVERGED,float64,cuda:0
adjoint,2,291,9.033884309269356e-07,True,CONVERGED,float64,cuda:0
forward,0,302,9.826968549303369e-07,True,CONVERGED,float64,cuda:0
forward,1,297,9.987709553840251e-07,True,CONVERGED,float64,cuda:0
forward,2,288,9.185246047633561e-07,True,CONVERGED,float64,cuda:0
adjoint,0,305,8.96151288384803e-07,True,CONVERGED,float64,cuda:0
adjoint,1,298,9.270976109637255e-07,True,CONVERGED,float64,cuda:0
adjoint,2,288,9.645817761997532e-07,True,CONVERGED,float64,cuda:0
forward,0,304,9.189228373043505e-07,True,CONVERGED,float64,cuda:0
forward,1,300,9.923317064302231e-07,True,CONVERGED,float64,cuda:0
forward,2,291,8.98661049361555e-07,True,CONVERGED,float64,cuda:0
adjoint,0,305,9.77926498584783e-07,True,CONVERGED,float64,cuda:0
adjoint,1,295,9.701669867379172e-07,True,CONVERGED,float64,cuda:0
adjoint,2,292,9.80438077573508e-07,True,CONVERGED,float64,cuda:0
forward,0,304,8.948539572489299e-07,True,CONVERGED,float64,cuda:0
forward,1,298,9.65853856540265e-07,True,CONVERGED,float64,cuda:0
forward,2,292,9.304491067085372e-07,True,CONVERGED,float64,cuda:0
adjoint,0,306,9.211055164411911e-07,True,CONVERGED,float64,cuda:0
adjoint,1,296,9.694898149944301e-07,True,CONVERGED,float64,cuda:0
adjoint,2,293,9.404051922491048e-07,True,CONVERGED,float64,cuda:0
forward,0,303,9.506787309905025e-07,True,CONVERGED,float64,cuda:0
forward,1,299,9.399337312972285e-07,True,CONVERGED,float64,cuda:0
forward,2,291,9.979038896788417e-07,True,CONVERGED,float64,cuda:0
adjoint,0,305,9.86423974755994e-07,True,CONVERGED,float64,cuda:0
adjoint,1,297,9.726023661994495e-07,True,CONVERGED,float64,cuda:0
adjoint,2,294,9.98132960021223e-07,True,CONVERGED,float64,cuda:0
forward,0,304,8.76948754817316e-07,True,CONVERGED,float64,cuda:0
forward,1,292,8.965093777161581e-07,True,CONVERGED,float64,cuda:0
forward,2,293,9.530255460554714e-07,True,CONVERGED,float64,cuda:0
adjoint,0,307,9.458086915660109e-07,True,CONVERGED,float64,cuda:0
adjoint,1,296,9.558571393584913e-07,True,CONVERGED,float64,cuda:0
adjoint,2,294,9.641352860824994e-07,True,CONVERGED,float64,cuda:0
forward,0,305,9.685842024757128e-07,True,CONVERGED,float64,cuda:0
forward,1,297,9.754266235271477e-07,True,CONVERGED,float64,cuda:0
forward,2,298,9.606233496037452e-07,True,CONVERGED,float64,cuda:0
adjoint,0,310,9.645455753066288e-07,True,CONVERGED,float64,cuda:0
adjoint,1,304,9.431079918372578e-07,True,CONVERGED,float64,cuda:0
adjoint,2,303,9.611882867566815e-07,True,CONVERGED,float64,cuda:0
forward,0,297,9.846418836288147e-07,True,CONVERGED,float64,cuda:0
forward,1,298,9.649366983541066e-07,True,CONVERGED,float64,cuda:0
forward,2,303,9.293003276190507e-07,True,CONVERGED,float64,cuda:0
adjoint,0,311,9.71567700043755e-07,True,CONVERGED,float64,cuda:0
adjoint,1,307,9.186998830027594e-07,True,CONVERGED,float64,cuda:0
adjoint,2,304,9.979662076152673e-07,True,CONVERGED,float64,cuda:0
forward,0,298,9.81688159228626e-07,True,CONVERGED,float64,cuda:0
forward,1,296,9.680056733019296e-07,True,CONVERGED,float64,cuda:0
forward,2,297,9.721182073271987e-07,True,CONVERGED,float64,cuda:0
adjoint,0,303,9.629793523496035e-07,True,CONVERGED,float64,cuda:0
adjoint,1,301,9.891722797450935e-07,True,CONVERGED,float64,cuda:0
adjoint,2,299,9.566190637343656e-07,True,CONVERGED,float64,cuda:0
forward,0,306,8.887093271481603e-07,True,CONVERGED,float64,cuda:0
forward,1,305,9.493544379401484e-07,True,CONVERGED,float64,cuda:0
forward,2,306,9.862962820087806e-07,True,CONVERGED,float64,cuda:0
adjoint,0,305,9.185681884426084e-07,True,CONVERGED,float64,cuda:0
adjoint,1,300,9.511356419150349e-07,True,CONVERGED,float64,cuda:0
adjoint,2,300,8.80794619629206e-07,True,CONVERGED,float64,cuda:0
forward,0,307,9.469343275165173e-07,True,CONVERGED,float64,cuda:0
forward,1,303,8.888033166976834e-07,True,CONVERGED,float64,cuda:0
forward,2,312,9.976655050792875e-07,True,CONVERGED,float64,cuda:0
adjoint,0,305,8.663594635969867e-07,True,CONVERGED,float64,cuda:0
adjoint,1,305,9.284474656601023e-07,True,CONVERGED,float64,cuda:0
adjoint,2,304,9.028919135029761e-07,True,CONVERGED,float64,cuda:0
forward,0,305,9.325659017671169e-07,True,CONVERGED,float64,cuda:0
forward,1,308,9.054006762167417e-07,True,CONVERGED,float64,cuda:0
forward,2,306,9.026698028542722e-07,True,CONVERGED,float64,cuda:0
adjoint,0,305,9.249070880510655e-07,True,CONVERGED,float64,cuda:0
adjoint,1,301,9.772493845823662e-07,True,CONVERGED,float64,cuda:0
adjoint,2,299,9.961426414082193e-07,True,CONVERGED,float64,cuda:0
forward,0,298,9.305527542487461e-07,True,CONVERGED,float64,cuda:0
forward,1,307,9.418086392212045e-07,True,CONVERGED,float64,cuda:0
forward,2,305,9.881312779600991e-07,True,CONVERGED,float64,cuda:0
adjoint,0,309,9.552840655046973e-07,True,CONVERGED,float64,cuda:0
adjoint,1,301,9.766723235445155e-07,True,CONVERGED,float64,cuda:0
adjoint,2,297,9.407169993412178e-07,True,CONVERGED,float64,cuda:0
forward,0,300,9.417216987151074e-07,True,CONVERGED,float64,cuda:0
forward,1,308,9.171331282942222e-07,True,CONVERGED,float64,cuda:0
forward,2,307,9.562176249356227e-07,True,CONVERGED,float64,cuda:0
adjoint,0,305,9.489712493213757e-07,True,CONVERGED,float64,cuda:0
adjoint,1,304,9.317735126659133e-07,True,CONVERGED,float64,cuda:0
adjoint,2,302,9.932956560898713e-07,True,CONVERGED,float64,cuda:0
forward,0,296,9.79764615722919e-07,True,CONVERGED,float64,cuda:0
forward,1,307,9.18439562580307e-07,True,CONVERGED,float64,cuda:0
forward,2,307,9.194041091330174e-07,True,CONVERGED,float64,cuda:0
adjoint,0,309,9.231048185615458e-07,True,CONVERGED,float64,cuda:0
adjoint,1,307,9.342785759578425e-07,True,CONVERGED,float64,cuda:0
adjoint,2,297,8.937716889197246e-07,True,CONVERGED,float64,cuda:0
forward,0,307,9.63496798761895e-07,True,CONVERGED,float64,cuda:0
forward,1,310,8.80324920259968e-07,True,CONVERGED,float64,cuda:0
forward,2,305,9.205942077558258e-07,True,CONVERGED,float64,cuda:0
adjoint,0,310,9.339541701325044e-07,True,CONVERGED,float64,cuda:0
adjoint,1,305,9.054242529705413e-07,True,CONVERGED,float64,cuda:0
adjoint,2,312,9.670328016355577e-07,True,CONVERGED,float64,cuda:0
forward,0,304,9.76131249505761e-07,True,CONVERGED,float64,cuda:0
forward,1,310,8.821051169947944e-07,True,CONVERGED,float64,cuda:0
forward,2,307,9.408662002504433e-07,True,CONVERGED,float64,cuda:0
adjoint,0,297,9.368101881159066e-07,True,CONVERGED,float64,cuda:0
adjoint,1,305,9.689335797991774e-07,True,CONVERGED,float64,cuda:0
adjoint,2,311,9.869289277276524e-07,True,CONVERGED,float64,cuda:0
forward,0,299,9.207964667419563e-07,True,CONVERGED,float64,cuda:0
forward,1,310,9.786308683524595e-07,True,CONVERGED,float64,cuda:0
forward,2,312,9.362580598390483e-07,True,CONVERGED,float64,cuda:0
adjoint,0,313,9.731801691488078e-07,True,CONVERGED,float64,cuda:0
adjoint,1,309,9.509680220592633e-07,True,CONVERGED,float64,cuda:0
adjoint,2,304,9.810135405715217e-07,True,CONVERGED,float64,cuda:0
forward,0,298,9.116171938442392e-07,True,CONVERGED,float64,cuda:0
forward,1,310,9.586183419400704e-07,True,CONVERGED,float64,cuda:0
forward,2,311,9.85871798810136e-07,True,CONVERGED,float64,cuda:0
adjoint,0,314,9.333136801721963e-07,True,CONVERGED,float64,cuda:0
adjoint,1,309,9.15252208467413e-07,True,CONVERGED,float64,cuda:0
adjoint,2,304,9.449636930730342e-07,True,CONVERGED,float64,cuda:0
forward,0,306,9.646111267485111e-07,True,CONVERGED,float64,cuda:0
forward,1,313,9.69275497378414e-07,True,CONVERGED,float64,cuda:0
forward,2,307,8.739417123191463e-07,True,CONVERGED,float64,cuda:0
adjoint,0,299,9.060687412612133e-07,True,CONVERGED,float64,cuda:0
adjoint,1,308,9.508727598586339e-07,True,CONVERGED,float64,cuda:0
adjoint,2,312,9.926898060802222e-07,True,CONVERGED,float64,cuda:0
forward,0,305,9.940167633610415e-07,True,CONVERGED,float64,cuda:0
forward,1,313,9.903847707480473e-07,True,CONVERGED,float64,cuda:0
forward,2,307,9.002033790975882e-07,True,CONVERGED,float64,cuda:0
adjoint,0,302,9.445879685384611e-07,True,CONVERGED,float64,cuda:0
adjoint,1,307,9.779038701076097e-07,True,CONVERGED,float64,cuda:0
adjoint,2,309,9.313066252801185e-07,True,CONVERGED,float64,cuda:0
forward,0,306,9.517915213573444e-07,True,CONVERGED,float64,cuda:0
forward,1,308,9.946056597668872e-07,True,CONVERGED,float64,cuda:0
forward,2,306,9.799799583483642e-07,True,CONVERGED,float64,cuda:0
adjoint,0,312,9.220102833818296e-07,True,CONVERGED,float64,cuda:0
adjoint,1,309,9.493266800321637e-07,True,CONVERGED,float64,cuda:0
adjoint,2,311,9.444640848491606e-07,True,CONVERGED,float64,cuda:0
forward,0,306,9.670184019529237e-07,True,CONVERGED,float64,cuda:0
forward,1,311,9.794603230141402e-07,True,CONVERGED,float64,cuda:0
forward,2,316,9.087549777465216e-07,True,CONVERGED,float64,cuda:0
adjoint,0,314,8.975000670985049e-07,True,CONVERGED,float64,cuda:0
adjoint,1,313,8.968638114491603e-07,True,CONVERGED,float64,cuda:0
adjoint,2,306,9.567548884037951e-07,True,CONVERGED,float64,cuda:0
forward,0,308,8.68562077867899e-07,True,CONVERGED,float64,cuda:0
forward,1,311,9.829809549136365e-07,True,CONVERGED,float64,cuda:0
forward,2,316,9.074875681457237e-07,True,CONVERGED,float64,cuda:0
adjoint,0,315,9.398147914607534e-07,True,CONVERGED,float64,cuda:0
adjoint,1,313,8.979414998153563e-07,True,CONVERGED,float64,cuda:0
adjoint,2,306,9.194566482765938e-07,True,CONVERGED,float64,cuda:0
forward,0,303,9.6156593186302e-07,True,CONVERGED,float64,cuda:0
forward,1,310,9.340645521614929e-07,True,CONVERGED,float64,cuda:0
forward,2,310,9.75164444511006e-07,True,CONVERGED,float64,cuda:0
adjoint,0,314,9.900836604725513e-07,True,CONVERGED,float64,cuda:0
adjoint,1,309,9.432089319280838e-07,True,CONVERGED,float64,cuda:0
adjoint,2,306,9.874878332840467e-07,True,CONVERGED,float64,cuda:0
forward,0,303,9.155339586059134e-07,True,CONVERGED,float64,cuda:0
forward,1,307,9.469371927407941e-07,True,CONVERGED,float64,cuda:0
forward,2,305,9.83049652695661e-07,True,CONVERGED,float64,cuda:0
adjoint,0,309,9.706198121864622e-07,True,CONVERGED,float64,cuda:0
adjoint,1,311,9.159223647430621e-07,True,CONVERGED,float64,cuda:0
adjoint,2,310,9.7709954871045e-07,True,CONVERGED,float64,cuda:0
forward,0,304,8.997269731116355e-07,True,CONVERGED,float64,cuda:0
forward,1,310,9.655142387090118e-07,True,CONVERGED,float64,cuda:0
forward,2,307,9.20261975146833e-07,True,CONVERGED,float64,cuda:0
adjoint,0,310,9.756056277939843e-07,True,CONVERGED,float64,cuda:0
adjoint,1,301,9.720870583175885e-07,True,CONVERGED,float64,cuda:0
adjoint,2,307,9.70815510043302e-07,True,CONVERGED,float64,cuda:0
forward,0,303,9.669710130776153e-07,True,CONVERGED,float64,cuda:0
forward,1,302,9.01035625300959e-07,True,CONVERGED,float64,cuda:0
forward,2,306,9.693650222985297e-07,True,CONVERGED,float64,cuda:0
adjoint,0,309,9.735372675953314e-07,True,CONVERGED,float64,cuda:0
adjoint,1,311,9.365028074976797e-07,True,CONVERGED,float64,cuda:0
adjoint,2,310,9.412094877855473e-07,True,CONVERGED,float64,cuda:0
forward,0,303,9.127340955567235e-07,True,CONVERGED,float64,cuda:0
forward,1,310,8.675019237068416e-07,True,CONVERGED,float64,cuda:0
forward,2,309,9.645325935755375e-07,True,CONVERGED,float64,cuda:0
adjoint,0,314,9.622893644756948e-07,True,CONVERGED,float64,cuda:0
adjoint,1,309,9.706963482729424e-07,True,CONVERGED,float64,cuda:0
adjoint,2,307,9.93764999737033e-07,True,CONVERGED,float64,cuda:0
forward,0,304,9.072092358573255e-07,True,CONVERGED,float64,cuda:0
forward,1,311,8.291761393595606e-07,True,CONVERGED,float64,cuda:0
forward,2,310,9.85784929740733e-07,True,CONVERGED,float64,cuda:0
adjoint,0,315,9.070761262342418e-07,True,CONVERGED,float64,cuda:0
adjoint,1,309,9.873683454899454e-07,True,CONVERGED,float64,cuda:0
adjoint,2,308,9.626487042052737e-07,True,CONVERGED,float64,cuda:0
forward,0,307,9.162661555280275e-07,True,CONVERGED,float64,cuda:0
forward,1,309,8.840727779295599e-07,True,CONVERGED,float64,cuda:0
forward,2,308,9.976683190578934e-07,True,CONVERGED,float64,cuda:0
adjoint,0,314,9.273336842978249e-07,True,CONVERGED,float64,cuda:0
adjoint,1,309,9.575061610344418e-07,True,CONVERGED,float64,cuda:0
adjoint,2,310,9.854033890212659e-07,True,CONVERGED,float64,cuda:0
forward,0,311,9.362171870081806e-07,True,CONVERGED,float64,cuda:0
forward,1,309,9.960966740098003e-07,True,CONVERGED,float64,cuda:0
forward,2,305,9.970431194328474e-07,True,CONVERGED,float64,cuda:0
adjoint,0,309,8.768796522902618e-07,True,CONVERGED,float64,cuda:0
adjoint,1,313,9.685943574827778e-07,True,CONVERGED,float64,cuda:0
adjoint,2,313,9.690672544885222e-07,True,CONVERGED,float64,cuda:0
forward,0,313,9.810303190419798e-07,True,CONVERGED,float64,cuda:0
forward,1,306,9.366477671032507e-07,True,CONVERGED,float64,cuda:0
forward,2,307,9.35299293490846e-07,True,CONVERGED,float64,cuda:0
adjoint,0,307,9.823675545579266e-07,True,CONVERGED,float64,cuda:0
adjoint,1,315,9.53084507209318e-07,True,CONVERGED,float64,cuda:0
adjoint,2,314,9.465291688043829e-07,True,CONVERGED,float64,cuda:0
forward,0,314,9.221703879092174e-07,True,CONVERGED,float64,cuda:0
forward,1,318,9.222499376892453e-07,True,CONVERGED,float64,cuda:0
forward,2,315,9.426636324549352e-07,True,CONVERGED,float64,cuda:0
adjoint,0,316,9.954354149548054e-07,True,CONVERGED,float64,cuda:0
adjoint,1,313,9.626753857098552e-07,True,CONVERGED,float64,cuda:0
adjoint,2,310,9.533790530399282e-07,True,CONVERGED,float64,cuda:0
forward,0,314,9.493709114656141e-07,True,CONVERGED,float64,cuda:0
forward,1,318,8.840176171033003e-07,True,CONVERGED,float64,cuda:0
forward,2,314,9.872285217121282e-07,True,CONVERGED,float64,cuda:0
adjoint,0,318,9.959321956671846e-07,True,CONVERGED,float64,cuda:0
adjoint,1,313,9.295510092046303e-07,True,CONVERGED,float64,cuda:0
adjoint,2,310,9.687507225517809e-07,True,CONVERGED,float64,cuda:0
forward,0,314,9.300402412733519e-07,True,CONVERGED,float64,cuda:0
forward,1,319,9.345492796289113e-07,True,CONVERGED,float64,cuda:0
forward,2,317,9.713516055685777e-07,True,CONVERGED,float64,cuda:0
adjoint,0,318,8.768013767432469e-07,True,CONVERGED,float64,cuda:0
adjoint,1,312,9.914495802228393e-07,True,CONVERGED,float64,cuda:0
adjoint,2,319,9.009646244032996e-07,True,CONVERGED,float64,cuda:0
forward,0,310,9.556856733490939e-07,True,CONVERGED,float64,cuda:0
forward,1,323,9.123859425722818e-07,True,CONVERGED,float64,cuda:0
forward,2,317,9.618313640908033e-07,True,CONVERGED,float64,cuda:0
adjoint,0,318,9.259668604986797e-07,True,CONVERGED,float64,cuda:0
adjoint,1,316,9.470064504740236e-07,True,CONVERGED,float64,cuda:0
adjoint,2,320,9.137181979236721e-07,True,CONVERGED,float64,cuda:0
forward,0,311,9.85128734043109e-07,True,CONVERGED,float64,cuda:0
forward,1,312,9.62492969206975e-07,True,CONVERGED,float64,cuda:0
forward,2,315,8.995706184793227e-07,True,CONVERGED,float64,cuda:0
adjoint,0,312,9.479782863998134e-07,True,CONVERGED,float64,cuda:0
adjoint,1,318,9.698729027631383e-07,True,CONVERGED,float64,cuda:0
adjoint,2,308,9.88706241752789e-07,True,CONVERGED,float64,cuda:0
forward,0,307,9.813457761020572e-07,True,CONVERGED,float64,cuda:0
forward,1,320,9.378415970336592e-07,True,CONVERGED,float64,cuda:0
forward,2,321,9.724539845982945e-07,True,CONVERGED,float64,cuda:0
adjoint,0,315,9.191776610829845e-07,True,CONVERGED,float64,cuda:0
adjoint,1,322,9.480432953930385e-07,True,CONVERGED,float64,cuda:0
adjoint,2,322,9.606067258057641e-07,True,CONVERGED,float64,cuda:0
forward,0,316,9.516258436623668e-07,True,CONVERGED,float64,cuda:0
forward,1,320,9.447460978470722e-07,True,CONVERGED,float64,cuda:0
forward,2,322,9.532525126591988e-07,True,CONVERGED,float64,cuda:0
adjoint,0,311,8.474427819494034e-07,True,CONVERGED,float64,cuda:0
adjoint,1,322,9.918923707729667e-07,True,CONVERGED,float64,cuda:0
adjoint,2,324,9.238682443391838e-07,True,CONVERGED,float64,cuda:0
forward,0,316,9.883888713350878e-07,True,CONVERGED,float64,cuda:0
forward,1,320,9.279537112200972e-07,True,CONVERGED,float64,cuda:0
forward,2,322,9.16031687622527e-07,True,CONVERGED,float64,cuda:0
adjoint,0,315,9.791588187846115e-07,True,CONVERGED,float64,cuda:0
adjoint,1,323,9.260751893663617e-07,True,CONVERGED,float64,cuda:0
adjoint,2,323,9.66248848015233e-07,True,CONVERGED,float64,cuda:0
forward,0,310,9.398518675234071e-07,True,CONVERGED,float64,cuda:0
forward,1,318,9.866895654374035e-07,True,CONVERGED,float64,cuda:0
forward,2,319,9.69142479105895e-07,True,CONVERGED,float64,cuda:0
adjoint,0,312,9.545228658532334e-07,True,CONVERGED,float64,cuda:0
adjoint,1,322,9.775486796097333e-07,True,CONVERGED,float64,cuda:0
adjoint,2,322,8.998540755557821e-07,True,CONVERGED,float64,cuda:0
forward,0,311,9.489379623871417e-07,True,CONVERGED,float64,cuda:0
forward,1,318,9.499981740306317e-07,True,CONVERGED,float64,cuda:0
forward,2,319,9.242582094890732e-07,True,CONVERGED,float64,cuda:0
adjoint,0,308,9.215980427184458e-07,True,CONVERGED,float64,cuda:0
adjoint,1,322,9.516032624539809e-07,True,CONVERGED,float64,cuda:0
adjoint,2,321,9.633084179867179e-07,True,CONVERGED,float64,cuda:0
forward,0,318,9.643171986584772e-07,True,CONVERGED,float64,cuda:0
forward,1,320,9.200326831454845e-07,True,CONVERGED,float64,cuda:0
forward,2,321,9.508563503987098e-07,True,CONVERGED,float64,cuda:0
adjoint,0,310,9.675373303319937e-07,True,CONVERGED,float64,cuda:0
adjoint,1,322,9.81518282107464e-07,True,CONVERGED,float64,cuda:0
adjoint,2,323,9.395844638084962e-07,True,CONVERGED,float64,cuda:0
forward,0,319,9.405381069300945e-07,True,CONVERGED,float64,cuda:0
forward,1,321,9.512738352002511e-07,True,CONVERGED,float64,cuda:0
forward,2,322,9.571052190282571e-07,True,CONVERGED,float64,cuda:0
adjoint,0,310,9.623739830289699e-07,True,CONVERGED,float64,cuda:0
adjoint,1,321,9.901350732161841e-07,True,CONVERGED,float64,cuda:0
adjoint,2,324,9.806736236650483e-07,True,CONVERGED,float64,cuda:0
forward,0,318,9.961512439550268e-07,True,CONVERGED,float64,cuda:0
forward,1,320,9.929819283657534e-07,True,CONVERGED,float64,cuda:0
forward,2,322,9.261078558638545e-07,True,CONVERGED,float64,cuda:0
adjoint,0,323,9.66735175538068e-07,True,CONVERGED,float64,cuda:0
adjoint,1,321,9.978466227871856e-07,True,CONVERGED,float64,cuda:0
adjoint,2,325,9.160337673411517e-07,True,CONVERGED,float64,cuda:0
forward,0,316,9.663257800339032e-07,True,CONVERGED,float64,cuda:0
forward,1,319,9.813452557948208e-07,True,CONVERGED,float64,cuda:0
forward,2,322,8.55518545211289e-07,True,CONVERGED,float64,cuda:0
adjoint,0,321,9.472630282482483e-07,True,CONVERGED,float64,cuda:0
adjoint,1,323,9.677958678204664e-07,True,CONVERGED,float64,cuda:0
adjoint,2,324,9.449116570062291e-07,True,CONVERGED,float64,cuda:0
forward,0,311,8.994868861484381e-07,True,CONVERGED,float64,cuda:0
forward,1,319,9.739462924513823e-07,True,CONVERGED,float64,cuda:0
forward,2,322,9.026884023800518e-07,True,CONVERGED,float64,cuda:0
adjoint,0,319,9.01265775766805e-07,True,CONVERGED,float64,cuda:0
adjoint,1,324,9.365104956703794e-07,True,CONVERGED,float64,cuda:0
adjoint,2,324,9.893389624135277e-07,True,CONVERGED,float64,cuda:0
forward,0,314,9.823525236892982e-07,True,CONVERGED,float64,cuda:0
forward,1,320,8.677847832122668e-07,True,CONVERGED,float64,cuda:0
forward,2,323,8.803958522437973e-07,True,CONVERGED,float64,cuda:0
adjoint,0,320,9.965612100778654e-07,True,CONVERGED,float64,cuda:0
adjoint,1,323,9.635928478717955e-07,True,CONVERGED,float64,cuda:0
adjoint,2,326,8.946106585703767e-07,True,CONVERGED,float64,cuda:0
forward,0,315,9.449596917524983e-07,True,CONVERGED,float64,cuda:0
forward,1,320,9.967740608062e-07,True,CONVERGED,float64,cuda:0
forward,2,321,9.528888309753157e-07,True,CONVERGED,float64,cuda:0
adjoint,0,318,9.990445363453278e-07,True,CONVERGED,float64,cuda:0
adjoint,1,324,9.464124124728956e-07,True,CONVERGED,float64,cuda:0
adjoint,2,325,9.290446628156092e-07,True,CONVERGED,float64,cuda:0
forward,0,315,9.008536733669916e-07,True,CONVERGED,float64,cuda:0
forward,1,321,9.90428775855376e-07,True,CONVERGED,float64,cuda:0
forward,2,316,9.929979251540245e-07,True,CONVERGED,float64,cuda:0
adjoint,0,321,9.04635988577659e-07,True,CONVERGED,float64,cuda:0
adjoint,1,324,9.62845835001081e-07,True,CONVERGED,float64,cuda:0
adjoint,2,323,8.931334493568597e-07,True,CONVERGED,float64,cuda:0
forward,0,317,9.273315694511767e-07,True,CONVERGED,float64,cuda:0
forward,1,322,9.212341761914093e-07,True,CONVERGED,float64,cuda:0
forward,2,313,9.454989577591271e-07,True,CONVERGED,float64,cuda:0
adjoint,0,320,9.414312812784067e-07,True,CONVERGED,float64,cuda:0
adjoint,1,323,9.656412451083664e-07,True,CONVERGED,float64,cuda:0
adjoint,2,324,9.895094907787281e-07,True,CONVERGED,float64,cuda:0
forward,0,320,9.173628764168314e-07,True,CONVERGED,float64,cuda:0
forward,1,318,9.431778183735542e-07,True,CONVERGED,float64,cuda:0
forward,2,323,9.71525124332423e-07,True,CONVERGED,float64,cuda:0
adjoint,0,321,9.45884871707718e-07,True,CONVERGED,float64,cuda:0
adjoint,1,323,9.172672084011806e-07,True,CONVERGED,float64,cuda:0
adjoint,2,326,9.694535951138922e-07,True,CONVERGED,float64,cuda:0
forward,0,319,9.977862030524917e-07,True,CONVERGED,float64,cuda:0
forward,1,318,8.730266902105049e-07,True,CONVERGED,float64,cuda:0
forward,2,324,9.93820219611109e-07,True,CONVERGED,float64,cuda:0
adjoint,0,321,9.951686804407387e-07,True,CONVERGED,float64,cuda:0
adjoint,1,322,9.529666961323163e-07,True,CONVERGED,float64,cuda:0
adjoint,2,328,8.57573287254353e-07,True,CONVERGED,float64,cuda:0
forward,0,318,9.642467737653336e-07,True,CONVERGED,float64,cuda:0
forward,1,318,9.646407488416677e-07,True,CONVERGED,float64,cuda:0
forward,2,320,9.962429604153027e-07,True,CONVERGED,float64,cuda:0
adjoint,0,323,9.515670298203907e-07,True,CONVERGED,float64,cuda:0
adjoint,1,322,9.629162011168466e-07,True,CONVERGED,float64,cuda:0
adjoint,2,327,9.341206286182078e-07,True,CONVERGED,float64,cuda:0
forward,0,318,9.5037563670905e-07,True,CONVERGED,float64,cuda:0
forward,1,318,8.679940450438022e-07,True,CONVERGED,float64,cuda:0
forward,2,320,9.987078071202945e-07,True,CONVERGED,float64,cuda:0
adjoint,0,324,9.51457311440008e-07,True,CONVERGED,float64,cuda:0
adjoint,1,322,9.583720341415508e-07,True,CONVERGED,float64,cuda:0
adjoint,2,327,9.452664791367649e-07,True,CONVERGED,float64,cuda:0
forward,0,318,8.573591440919574e-07,True,CONVERGED,float64,cuda:0
forward,1,318,8.877092569548958e-07,True,CONVERGED,float64,cuda:0
forward,2,322,9.7853768135766e-07,True,CONVERGED,float64,cuda:0
adjoint,0,319,9.212016271205114e-07,True,CONVERGED,float64,cuda:0
adjoint,1,321,9.461201788653098e-07,True,CONVERGED,float64,cuda:0
adjoint,2,328,9.364517932371383e-07,True,CONVERGED,float64,cuda:0
forward,0,318,9.63450425972024e-07,True,CONVERGED,float64,cuda:0
forward,1,318,9.578790284463069e-07,True,CONVERGED,float64,cuda:0
forward,2,320,9.784235531410767e-07,True,CONVERGED,float64,cuda:0
adjoint,0,319,9.696291407110228e-07,True,CONVERGED,float64,cuda:0
adjoint,1,319,9.772766523319551e-07,True,CONVERGED,float64,cuda:0
adjoint,2,328,9.585036378202578e-07,True,CONVERGED,float64,cuda:0
forward,0,318,9.178866909917999e-07,True,CONVERGED,float64,cuda:0
forward,1,318,9.571785448340717e-07,True,CONVERGED,float64,cuda:0
forward,2,319,9.154819615740757e-07,True,CONVERGED,float64,cuda:0
adjoint,0,320,9.744550305439058e-07,True,CONVERGED,float64,cuda:0
adjoint,1,322,9.081910007301699e-07,True,CONVERGED,float64,cuda:0
adjoint,2,328,8.719631791069186e-07,True,CONVERGED,float64,cuda:0
forward,0,317,8.642919857705796e-07,True,CONVERGED,float64,cuda:0
forward,1,318,8.733125111276677e-07,True,CONVERGED,float64,cuda:0
forward,2,318,9.6183832898087e-07,True,CONVERGED,float64,cuda:0
adjoint,0,324,9.901268724810858e-07,True,CONVERGED,float64,cuda:0
adjoint,1,322,9.433108052044596e-07,True,CONVERGED,float64,cuda:0
adjoint,2,327,9.931050323247686e-07,True,CONVERGED,float64,cuda:0
forward,0,317,9.383920123555716e-07,True,CONVERGED,float64,cuda:0
forward,1,318,9.277656527593243e-07,True,CONVERGED,float64,cuda:0
forward,2,317,9.308831401828601e-07,True,CONVERGED,float64,cuda:0
adjoint,0,321,8.993031780500684e-07,True,CONVERGED,float64,cuda:0
adjoint,1,321,9.117974265370872e-07,True,CONVERGED,float64,cuda:0
adjoint,2,327,9.682192201854017e-07,True,CONVERGED,float64,cuda:0
forward,0,320,9.270387207132166e-07,True,CONVERGED,float64,cuda:0
forward,1,321,9.743526927357854e-07,True,CONVERGED,float64,cuda:0
forward,2,319,9.379874963467686e-07,True,CONVERGED,float64,cuda:0
adjoint,0,319,9.381341408638054e-07,True,CONVERGED,float64,cuda:0
adjoint,1,319,9.277555456623864e-07,True,CONVERGED,float64,cuda:0
adjoint,2,323,9.392753880268255e-07,True,CONVERGED,float64,cuda:0
forward,0,321,9.72323829734948e-07,True,CONVERGED,float64,cuda:0
forward,1,323,8.747636429898031e-07,True,CONVERGED,float64,cuda:0
forward,2,321,9.848899266159056e-07,True,CONVERGED,float64,cuda:0
adjoint,0,321,9.800403770712844e-07,True,CONVERGED,float64,cuda:0
adjoint,1,322,9.410061501510609e-07,True,CONVERGED,float64,cuda:0
adjoint,2,326,9.92918391474725e-07,True,CONVERGED,float64,cuda:0
forward,0,322,9.819973007305782e-07,True,CONVERGED,float64,cuda:0
forward,1,322,9.189357279465898e-07,True,CONVERGED,float64,cuda:0
forward,2,321,9.697767980423156e-07,True,CONVERGED,float64,cuda:0
adjoint,0,322,9.896229372269548e-07,True,CONVERGED,float64,cuda:0
adjoint,1,317,9.439760459266429e-07,True,CONVERGED,float64,cuda:0
adjoint,2,327,9.790786135216045e-07,True,CONVERGED,float64,cuda:0
forward,0,316,9.575834948104064e-07,True,CONVERGED,float64,cuda:0
forward,1,319,8.403787087041729e-07,True,CONVERGED,float64,cuda:0
forward,2,318,8.5737182344181e-07,True,CONVERGED,float64,cuda:0
adjoint,0,323,9.73495334839552e-07,True,CONVERGED,float64,cuda:0
adjoint,1,316,8.991969784838018e-07,True,CONVERGED,float64,cuda:0
adjoint,2,320,9.452382345357864e-07,True,CONVERGED,float64,cuda:0
forward,0,316,8.953219049018223e-07,True,CONVERGED,float64,cuda:0
forward,1,319,9.346309954016358e-07,True,CONVERGED,float64,cuda:0
forward,2,318,9.677764964740589e-07,True,CONVERGED,float64,cuda:0
adjoint,0,324,9.669087725924187e-07,True,CONVERGED,float64,cuda:0
adjoint,1,322,8.843159131853115e-07,True,CONVERGED,float64,cuda:0
adjoint,2,323,9.178768734986413e-07,True,CONVERGED,float64,cuda:0
forward,0,318,8.833494404922774e-07,True,CONVERGED,float64,cuda:0
forward,1,320,9.30815848212995e-07,True,CONVERGED,float64,cuda:0
forward,2,319,9.465237755641414e-07,True,CONVERGED,float64,cuda:0
adjoint,0,322,9.70029228676943e-07,True,CONVERGED,float64,cuda:0
adjoint,1,317,9.818494637128469e-07,True,CONVERGED,float64,cuda:0
adjoint,2,319,9.36723230043043e-07,True,CONVERGED,float64,cuda:0
forward,0,321,8.645375809231923e-07,True,CONVERGED,float64,cuda:0
forward,1,325,8.64298086584781e-07,True,CONVERGED,float64,cuda:0
forward,2,325,9.701840001554801e-07,True,CONVERGED,float64,cuda:0
adjoint,0,321,9.779531953954256e-07,True,CONVERGED,float64,cuda:0
adjoint,1,323,9.36716419009939e-07,True,CONVERGED,float64,cuda:0
adjoint,2,330,9.14479165276215e-07,True,CONVERGED,float64,cuda:0
forward,0,320,9.591096614242435e-07,True,CONVERGED,float64,cuda:0
forward,1,326,8.738450923104765e-07,True,CONVERGED,float64,cuda:0
forward,2,327,9.149422799801902e-07,True,CONVERGED,float64,cuda:0
adjoint,0,323,9.499213579630315e-07,True,CONVERGED,float64,cuda:0
adjoint,1,323,9.691402208919233e-07,True,CONVERGED,float64,cuda:0
adjoint,2,329,9.672394072199242e-07,True,CONVERGED,float64,cuda:0
forward,0,319,9.56552537249056e-07,True,CONVERGED,float64,cuda:0
forward,1,325,9.665033793425165e-07,True,CONVERGED,float64,cuda:0
forward,2,326,9.716790850933845e-07,True,CONVERGED,float64,cuda:0
adjoint,0,315,9.901805154885697e-07,True,CONVERGED,float64,cuda:0
adjoint,1,317,9.600600711301037e-07,True,CONVERGED,float64,cuda:0
adjoint,2,329,9.141493213299628e-07,True,CONVERGED,float64,cuda:0
forward,0,321,9.197307392295795e-07,True,CONVERGED,float64,cuda:0
forward,1,320,9.6751227832296e-07,True,CONVERGED,float64,cuda:0
forward,2,324,8.984929606599192e-07,True,CONVERGED,float64,cuda:0
adjoint,0,319,9.014925085035845e-07,True,CONVERGED,float64,cuda:0
adjoint,1,319,8.9355903546977e-07,True,CONVERGED,float64,cuda:0
adjoint,2,325,9.734326261900192e-07,True,CONVERGED,float64,cuda:0
forward,0,322,9.027472210798522e-07,True,CONVERGED,float64,cuda:0
forward,1,323,9.653236993357037e-07,True,CONVERGED,float64,cuda:0
forward,2,324,9.442598351785251e-07,True,CONVERGED,float64,cuda:0
adjoint,0,320,8.749411819482362e-07,True,CONVERGED,float64,cuda:0
adjoint,1,322,9.397036010045123e-07,True,CONVERGED,float64,cuda:0
adjoint,2,326,8.737318477745034e-07,True,CONVERGED,float64,cuda:0
forward,0,322,9.958257351140571e-07,True,CONVERGED,float64,cuda:0
forward,1,324,9.793828365728608e-07,True,CONVERGED,float64,cuda:0
forward,2,327,9.657722720874034e-07,True,CONVERGED,float64,cuda:0
adjoint,0,321,8.725427441348929e-07,True,CONVERGED,float64,cuda:0
adjoint,1,319,9.848572782337772e-07,True,CONVERGED,float64,cuda:0
adjoint,2,323,9.699799827152167e-07,True,CONVERGED,float64,cuda:0
forward,0,323,9.147726478538272e-07,True,CONVERGED,float64,cuda:0
forward,1,322,9.566914058427672e-07,True,CONVERGED,float64,cuda:0
forward,2,327,9.569126068654204e-07,True,CONVERGED,float64,cuda:0
adjoint,0,321,9.492342846204513e-07,True,CONVERGED,float64,cuda:0
adjoint,1,318,9.730510651268719e-07,True,CONVERGED,float64,cuda:0
adjoint,2,322,8.994174819506205e-07,True,CONVERGED,float64,cuda:0
forward,0,322,9.823418852454523e-07,True,CONVERGED,float64,cuda:0
forward,1,321,9.191586579779047e-07,True,CONVERGED,float64,cuda:0
forward,2,323,9.958384698844076e-07,True,CONVERGED,float64,cuda:0
adjoint,0,320,9.690203883425183e-07,True,CONVERGED,float64,cuda:0
adjoint,1,323,9.158857614396476e-07,True,CONVERGED,float64,cuda:0
adjoint,2,323,9.90326075578889e-07,True,CONVERGED,float64,cuda:0
forward,0,323,8.994519675313591e-07,True,CONVERGED,float64,cuda:0
forward,1,325,9.434548098758282e-07,True,CONVERGED,float64,cuda:0
forward,2,325,9.337673957729665e-07,True,CONVERGED,float64,cuda:0
adjoint,0,319,9.988059537804703e-07,True,CONVERGED,float64,cuda:0
adjoint,1,323,9.898174433382534e-07,True,CONVERGED,float64,cuda:0
adjoint,2,322,9.571999839015208e-07,True,CONVERGED,float64,cuda:0
forward,0,323,8.91697891541433e-07,True,CONVERGED,float64,cuda:0
forward,1,315,9.496814521444761e-07,True,CONVERGED,float64,cuda:0
forward,2,325,9.321987414642414e-07,True,CONVERGED,float64,cuda:0
adjoint,0,322,9.683451233031705e-07,True,CONVERGED,float64,cuda:0
adjoint,1,319,9.647792552537443e-07,True,CONVERGED,float64,cuda:0
adjoint,2,326,9.895093221901961e-07,True,CONVERGED,float64,cuda:0
forward,0,323,9.632859971223214e-07,True,CONVERGED,float64,cuda:0
forward,1,324,9.646105644922577e-07,True,CONVERGED,float64,cuda:0
forward,2,323,9.401018942170797e-07,True,CONVERGED,float64,cuda:0
adjoint,0,322,9.037567691748201e-07,True,CONVERGED,float64,cuda:0
adjoint,1,321,9.904346149915398e-07,True,CONVERGED,float64,cuda:0
adjoint,2,327,8.751663537296229e-07,True,CONVERGED,float64,cuda:0
forward,0,317,9.60548803172387e-07,True,CONVERGED,float64,cuda:0
forward,1,307,9.17946443682123e-07,True,CONVERGED,float64,cuda:0
forward,2,311,9.681557670063128e-07,True,CONVERGED,float64,cuda:0
adjoint,0,318,9.328095576777979e-07,True,CONVERGED,float64,cuda:0
adjoint,1,322,9.15331831153989e-07,True,CONVERGED,float64,cuda:0
adjoint,2,317,9.227993064856205e-07,True,CONVERGED,float64,cuda:0
forward,0,323,9.166707937696214e-07,True,CONVERGED,float64,cuda:0
forward,1,316,9.286776957915233e-07,True,CONVERGED,float64,cuda:0
forward,2,311,9.043661694799185e-07,True,CONVERGED,float64,cuda:0
adjoint,0,301,8.896808873892881e-07,True,CONVERGED,float64,cuda:0
adjoint,1,323,9.42081468664516e-07,True,CONVERGED,float64,cuda:0
adjoint,2,316,9.606646447769844e-07,True,CONVERGED,float64,cuda:0
forward,0,324,9.204114790371902e-07,True,CONVERGED,float64,cuda:0
forward,1,326,9.549701397280364e-07,True,CONVERGED,float64,cuda:0
forward,2,312,9.202775730900818e-07,True,CONVERGED,float64,cuda:0
adjoint,0,322,9.189382009347525e-07,True,CONVERGED,float64,cuda:0
adjoint,1,324,9.62061961210101e-07,True,CONVERGED,float64,cuda:0
adjoint,2,326,9.026219851649075e-07,True,CONVERGED,float64,cuda:0
forward,0,325,8.734961451254913e-07,True,CONVERGED,float64,cuda:0
forward,1,311,9.340006756756469e-07,True,CONVERGED,float64,cuda:0
forward,2,325,9.52139479986603e-07,True,CONVERGED,float64,cuda:0
adjoint,0,322,9.115251713368736e-07,True,CONVERGED,float64,cuda:0
adjoint,1,325,8.959921572288932e-07,True,CONVERGED,float64,cuda:0
adjoint,2,326,9.075259958366704e-07,True,CONVERGED,float64,cuda:0
forward,0,319,9.50983927733587e-07,True,CONVERGED,float64,cuda:0
forward,1,321,9.117705451743774e-07,True,CONVERGED,float64,cuda:0
forward,2,325,9.527557532828726e-07,True,CONVERGED,float64,cuda:0
adjoint,0,320,9.318982502706329e-07,True,CONVERGED,float64,cuda:0
adjoint,1,326,9.668551162738407e-07,True,CONVERGED,float64,cuda:0
adjoint,2,320,9.607264872503658e-07,True,CONVERGED,float64,cuda:0
forward,0,321,9.940081215469743e-07,True,CONVERGED,float64,cuda:0
forward,1,321,9.74713644502859e-07,True,CONVERGED,float64,cuda:0
forward,2,325,9.649535938871573e-07,True,CONVERGED,float64,cuda:0
adjoint,0,320,9.96822058436205e-07,True,CONVERGED,float64,cuda:0
adjoint,1,328,9.63091232097441e-07,True,CONVERGED,float64,cuda:0
adjoint,2,323,9.866682419881987e-07,True,CONVERGED,float64,cuda:0
forward,0,316,9.129653020946173e-07,True,CONVERGED,float64,cuda:0
forward,1,328,9.125488977532312e-07,True,CONVERGED,float64,cuda:0
forward,2,327,9.879207187477015e-07,True,CONVERGED,float64,cuda:0
adjoint,0,321,9.618006639319338e-07,True,CONVERGED,float64,cuda:0
adjoint,1,326,9.988227161897755e-07,True,CONVERGED,float64,cuda:0
adjoint,2,324,9.386800400902294e-07,True,CONVERGED,float64,cuda:0
forward,0,325,9.709286720066845e-07,True,CONVERGED,float64,cuda:0
forward,1,329,9.502699392892911e-07,True,CONVERGED,float64,cuda:0
forward,2,330,9.509179928062312e-07,True,CONVERGED,float64,cuda:0
adjoint,0,322,9.995783331360572e-07,True,CONVERGED,float64,cuda:0
adjoint,1,327,9.781535646631314e-07,True,CONVERGED,float64,cuda:0
adjoint,2,322,9.491699636422899e-07,True,CONVERGED,float64,cuda:0
forward,0,319,9.794972567872084e-07,True,CONVERGED,float64,cuda:0
forward,1,320,9.62687878546912e-07,True,CONVERGED,float64,cuda:0
forward,2,327,9.754600476287496e-07,True,CONVERGED,float64,cuda:0
adjoint,0,322,9.152963594366257e-07,True,CONVERGED,float64,cuda:0
adjoint,1,326,9.967887104041692e-07,True,CONVERGED,float64,cuda:0
adjoint,2,330,9.345394087605544e-07,True,CONVERGED,float64,cuda:0
forward,0,316,9.538552166223003e-07,True,CONVERGED,float64,cuda:0
forward,1,310,9.857425491387893e-07,True,CONVERGED,float64,cuda:0
forward,2,320,9.470214155896653e-07,True,CONVERGED,float64,cuda:0
adjoint,0,321,9.985261261722452e-07,True,CONVERGED,float64,cuda:0
adjoint,1,321,9.875507165118944e-07,True,CONVERGED,float64,cuda:0
adjoint,2,323,9.792800894930083e-07,True,CONVERGED,float64,cuda:0
forward,0,321,9.14593651093452e-07,True,CONVERGED,float64,cuda:0
forward,1,303,9.846448042431331e-07,True,CONVERGED,float64,cuda:0
forward,2,314,9.755647251192236e-07,True,CONVERGED,float64,cuda:0
adjoint,0,322,9.67521037177777e-07,True,CONVERGED,float64,cuda:0
adjoint,1,315,9.987045447888528e-07,True,CONVERGED,float64,cuda:0
adjoint,2,327,9.81642772319116e-07,True,CONVERGED,float64,cuda:0
forward,0,323,9.87315739938815e-07,True,CONVERGED,float64,cuda:0
forward,1,314,8.807700918534674e-07,True,CONVERGED,float64,cuda:0
forward,2,317,9.449977504967324e-07,True,CONVERGED,float64,cuda:0
adjoint,0,323,8.908040317725563e-07,True,CONVERGED,float64,cuda:0
adjoint,1,325,9.789381341894236e-07,True,CONVERGED,float64,cuda:0
adjoint,2,313,9.992579743910037e-07,True,CONVERGED,float64,cuda:0
forward,0,330,9.910659601807682e-07,True,CONVERGED,float64,cuda:0
forward,1,308,9.748535344989005e-07,True,CONVERGED,float64,cuda:0
forward,2,325,9.184290139165869e-07,True,CONVERGED,float64,cuda:0
adjoint,0,323,9.524486994947584e-07,True,CONVERGED,float64,cuda:0
adjoint,1,323,9.074102193896427e-07,True,CONVERGED,float64,cuda:0
adjoint,2,327,9.79055619133831e-07,True,CONVERGED,float64,cuda:0
forward,0,335,9.723044024992548e-07,True,CONVERGED,float64,cuda:0
forward,1,329,9.511387400826729e-07,True,CONVERGED,float64,cuda:0
forward,2,338,9.465365254059691e-07,True,CONVERGED,float64,cuda:0
adjoint,0,327,9.971197715914338e-07,True,CONVERGED,float64,cuda:0
adjoint,1,331,9.698329644623103e-07,True,CONVERGED,float64,cuda:0
adjoint,2,327,9.852517059679496e-07,True,CONVERGED,float64,cuda:0
forward,0,331,9.944869253887067e-07,True,CONVERGED,float64,cuda:0
forward,1,328,9.5514166532068e-07,True,CONVERGED,float64,cuda:0
forward,2,337,9.596081203053021e-07,True,CONVERGED,float64,cuda:0
adjoint,0,322,9.578344285843593e-07,True,CONVERGED,float64,cuda:0
adjoint,1,323,9.393130810581101e-07,True,CONVERGED,float64,cuda:0
adjoint,2,328,9.096322708609005e-07,True,CONVERGED,float64,cuda:0
forward,0,332,9.287655311035024e-07,True,CONVERGED,float64,cuda:0
forward,1,330,9.657691606722387e-07,True,CONVERGED,float64,cuda:0
forward,2,339,9.018185749234114e-07,True,CONVERGED,float64,cuda:0
adjoint,0,326,9.600769671537504e-07,True,CONVERGED,float64,cuda:0
adjoint,1,329,9.78276399948872e-07,True,CONVERGED,float64,cuda:0
adjoint,2,328,9.881149244240296e-07,True,CONVERGED,float64,cuda:0
forward,0,333,9.487684611883484e-07,True,CONVERGED,float64,cuda:0
forward,1,330,9.646600886758812e-07,True,CONVERGED,float64,cuda:0
forward,2,339,9.230372323750659e-07,True,CONVERGED,float64,cuda:0
adjoint,0,325,9.810797819368575e-07,True,CONVERGED,float64,cuda:0
adjoint,1,331,9.095461010995543e-07,True,CONVERGED,float64,cuda:0
adjoint,2,328,9.885895866445716e-07,True,CONVERGED,float64,cuda:0
forward,0,336,9.908168250033835e-07,True,CONVERGED,float64,cuda:0
forward,1,330,8.883688275696376e-07,True,CONVERGED,float64,cuda:0
forward,2,338,9.798578732616482e-07,True,CONVERGED,float64,cuda:0
adjoint,0,326,9.504453715944653e-07,True,CONVERGED,float64,cuda:0
adjoint,1,331,9.090640364593441e-07,True,CONVERGED,float64,cuda:0
adjoint,2,328,8.829883984418274e-07,True,CONVERGED,float64,cuda:0
forward,0,336,9.448128883019847e-07,True,CONVERGED,float64,cuda:0
forward,1,328,9.627971093173181e-07,True,CONVERGED,float64,cuda:0
forward,2,339,9.884740970277699e-07,True,CONVERGED,float64,cuda:0
adjoint,0,324,9.97087264171192e-07,True,CONVERGED,float64,cuda:0
adjoint,1,334,9.427319848788618e-07,True,CONVERGED,float64,cuda:0
adjoint,2,329,8.278414964573596e-07,True,CONVERGED,float64,cuda:0
forward,0,339,9.69115666320795e-07,True,CONVERGED,float64,cuda:0
forward,1,339,9.699244798840519e-07,True,CONVERGED,float64,cuda:0
forward,2,335,9.575532170220307e-07,True,CONVERGED,float64,cuda:0
adjoint,0,340,9.75207966634747e-07,True,CONVERGED,float64,cuda:0
adjoint,1,334,9.944477425439588e-07,True,CONVERGED,float64,cuda:0
adjoint,2,332,9.758319704695836e-07,True,CONVERGED,float64,cuda:0
forward,0,340,9.554047502402726e-07,True,CONVERGED,float64,cuda:0
forward,1,341,9.503904547331836e-07,True,CONVERGED,float64,cuda:0
forward,2,338,9.751657403681565e-07,True,CONVERGED,float64,cuda:0
adjoint,0,344,9.581639391773028e-07,True,CONVERGED,float64,cuda:0
adjoint,1,344,9.612689398680653e-07,True,CONVERGED,float64,cuda:0
adjoint,2,337,9.259746329504087e-07,True,CONVERGED,float64,cuda:0
forward,0,343,9.703366610825668e-07,True,CONVERGED,float64,cuda:0
forward,1,343,8.969691912749401e-07,True,CONVERGED,float64,cuda:0
forward,2,345,9.664586941497197e-07,True,CONVERGED,float64,cuda:0
adjoint,0,345,9.835687352870414e-07,True,CONVERGED,float64,cuda:0
adjoint,1,340,9.816434067502666e-07,True,CONVERGED,float64,cuda:0
adjoint,2,343,9.735899995165757e-07,True,CONVERGED,float64,cuda:0
forward,0,354,9.51727614039198e-07,True,CONVERGED,float64,cuda:0
forward,1,352,8.948070947885234e-07,True,CONVERGED,float64,cuda:0
forward,2,351,9.196016717255344e-07,True,CONVERGED,float64,cuda:0
adjoint,0,351,9.954525364369286e-07,True,CONVERGED,float64,cuda:0
adjoint,1,340,8.828524476376425e-07,True,CONVERGED,float64,cuda:0
adjoint,2,358,9.313005395173804e-07,True,CONVERGED,float64,cuda:0
forward,0,365,8.929243802442595e-07,True,CONVERGED,float64,cuda:0
forward,1,360,8.796599762391763e-07,True,CONVERGED,float64,cuda:0
forward,2,359,9.440973460360663e-07,True,CONVERGED,float64,cuda:0
adjoint,0,368,9.382691557271408e-07,True,CONVERGED,float64,cuda:0
adjoint,1,353,9.704561576286045e-07,True,CONVERGED,float64,cuda:0
adjoint,2,354,9.325955459523638e-07,True,CONVERGED,float64,cuda:0
forward,0,375,9.322601158213531e-07,True,CONVERGED,float64,cuda:0
forward,1,374,8.99298778111842e-07,True,CONVERGED,float64,cuda:0
forward,2,375,9.173592968074361e-07,True,CONVERGED,float64,cuda:0
adjoint,0,377,9.108772372759864e-07,True,CONVERGED,float64,cuda:0
adjoint,1,374,9.97578449312808e-07,True,CONVERGED,float64,cuda:0
adjoint,2,369,9.923583868261162e-07,True,CONVERGED,float64,cuda:0
forward,0,359,9.483240103184682e-07,True,CONVERGED,float64,cuda:0
forward,1,363,9.471946127803602e-07,True,CONVERGED,float64,cuda:0
forward,2,362,9.609345662329773e-07,True,CONVERGED,float64,cuda:0
adjoint,0,369,9.576460763253206e-07,True,CONVERGED,float64,cuda:0
adjoint,1,367,8.923213834191064e-07,True,CONVERGED,float64,cuda:0
adjoint,2,366,9.95620786047293e-07,True,CONVERGED,float64,cuda:0
forward,0,348,9.906083172912505e-07,True,CONVERGED,float64,cuda:0
forward,1,344,9.381592732395712e-07,True,CONVERGED,float64,cuda:0
forward,2,349,9.9762064078032e-07,True,CONVERGED,float64,cuda:0
adjoint,0,350,9.875689885425568e-07,True,CONVERGED,float64,cuda:0
adjoint,1,343,9.271418564612854e-07,True,CONVERGED,float64,cuda:0
adjoint,2,346,9.237663661359865e-07,True,CONVERGED,float64,cuda:0
forward,0,336,8.739882911912453e-07,True,CONVERGED,float64,cuda:0
forward,1,337,9.626701300395056e-07,True,CONVERGED,float64,cuda:0
forward,2,334,8.782507385353528e-07,True,CONVERGED,float64,cuda:0
adjoint,0,340,8.934876630998605e-07,True,CONVERGED,float64,cuda:0
adjoint,1,324,9.511255310221364e-07,True,CONVERGED,float64,cuda:0
adjoint,2,334,9.574184254431712e-07,True,CONVERGED,float64,cuda:0
forward,0,341,9.053644604012224e-07,True,CONVERGED,float64,cuda:0
forward,1,339,9.245013760192434e-07,True,CONVERGED,float64,cuda:0
forward,2,335,8.790388062736101e-07,True,CONVERGED,float64,cuda:0
adjoint,0,338,9.608864645119543e-07,True,CONVERGED,float64,cuda:0
adjoint,1,332,9.69701704339481e-07,True,CONVERGED,float64,cuda:0
adjoint,2,335,9.437596280926199e-07,True,CONVERGED,float64,cuda:0
forward,0,336,9.876632406950483e-07,True,CONVERGED,float64,cuda:0
forward,1,338,8.852710913106367e-07,True,CONVERGED,float64,cuda:0
forward,2,334,8.998174472253384e-07,True,CONVERGED,float64,cuda:0
adjoint,0,335,9.414070396795299e-07,True,CONVERGED,float64,cuda:0
adjoint,1,332,9.408025845256247e-07,True,CONVERGED,float64,cuda:0
adjoint,2,323,9.150711743928588e-07,True,CONVERGED,float64,cuda:0
forward,0,336,9.746751469241833e-07,True,CONVERGED,float64,cuda:0
forward,1,338,9.414053111702683e-07,True,CONVERGED,float64,cuda:0
forward,2,334,8.911578772769229e-07,True,CONVERGED,float64,cuda:0
adjoint,0,333,9.70567418096344e-07,True,CONVERGED,float64,cuda:0
adjoint,1,332,9.421777744698985e-07,True,CONVERGED,float64,cuda:0
adjoint,2,321,9.773174059398522e-07,True,CONVERGED,float64,cuda:0
forward,0,337,9.09612688615785e-07,True,CONVERGED,float64,cuda:0
forward,1,340,9.152343189613727e-07,True,CONVERGED,float64,cuda:0
forward,2,334,9.767516967185044e-07,True,CONVERGED,float64,cuda:0
adjoint,0,338,9.250793326032496e-07,True,CONVERGED,float64,cuda:0
adjoint,1,321,9.587854542030846e-07,True,CONVERGED,float64,cuda:0
adjoint,2,332,9.230055652758662e-07,True,CONVERGED,float64,cuda:0
forward,0,337,9.351229086973732e-07,True,CONVERGED,float64,cuda:0
forward,1,340,9.915711807080584e-07,True,CONVERGED,float64,cuda:0
forward,2,336,8.276063855829982e-07,True,CONVERGED,float64,cuda:0
adjoint,0,339,9.338178930037051e-07,True,CONVERGED,float64,cuda:0
adjoint,1,328,9.211912793121696e-07,True,CONVERGED,float64,cuda:0
adjoint,2,335,9.335440599692838e-07,True,CONVERGED,float64,cuda:0
forward,0,339,9.502858440449912e-07,True,CONVERGED,float64,cuda:0
forward,1,342,8.858037488906529e-07,True,CONVERGED,float64,cuda:0
forward,2,337,9.008204852995114e-07,True,CONVERGED,float64,cuda:0
adjoint,0,339,9.680256293046602e-07,True,CONVERGED,float64,cuda:0
adjoint,1,337,9.358042495568719e-07,True,CONVERGED,float64,cuda:0
adjoint,2,336,9.972573816412931e-07,True,CONVERGED,float64,cuda:0
forward,0,343,9.422036197306606e-07,True,CONVERGED,float64,cuda:0
forward,1,342,9.87021718271592e-07,True,CONVERGED,float64,cuda:0
forward,2,346,9.272338609857715e-07,True,CONVERGED,float64,cuda:0
adjoint,0,349,9.705909850932351e-07,True,CONVERGED,float64,cuda:0
adjoint,1,342,9.797969325655993e-07,True,CONVERGED,float64,cuda:0
adjoint,2,344,9.334218443863841e-07,True,CONVERGED,float64,cuda:0
forward,0,349,9.68949431815942e-07,True,CONVERGED,float64,cuda:0
forward,1,344,9.387329561815233e-07,True,CONVERGED,float64,cuda:0
forward,2,350,9.436235458911112e-07,True,CONVERGED,float64,cuda:0
adjoint,0,353,9.662992166580034e-07,True,CONVERGED,float64,cuda:0
adjoint,1,345,9.93447293843606e-07,True,CONVERGED,float64,cuda:0
adjoint,2,348,8.964147857290277e-07,True,CONVERGED,float64,cuda:0
forward,0,352,9.304235743925124e-07,True,CONVERGED,float64,cuda:0
forward,1,346,9.910945316963347e-07,True,CONVERGED,float64,cuda:0
forward,2,353,9.902744317062366e-07,True,CONVERGED,float64,cuda:0
adjoint,0,358,9.452369377531653e-07,True,CONVERGED,float64,cuda:0
adjoint,1,343,9.892135049315588e-07,True,CONVERGED,float64,cuda:0
adjoint,2,351,9.45198904976389e-07,True,CONVERGED,float64,cuda:0
forward,0,350,8.504731902165113e-07,True,CONVERGED,float64,cuda:0
forward,1,345,9.685867111807195e-07,True,CONVERGED,float64,cuda:0
forward,2,351,9.489429914926328e-07,True,CONVERGED,float64,cuda:0
adjoint,0,356,9.778799643852098e-07,True,CONVERGED,float64,cuda:0
adjoint,1,338,9.475571027246264e-07,True,CONVERGED,float64,cuda:0
adjoint,2,350,9.650199384195892e-07,True,CONVERGED,float64,cuda:0
forward,0,352,9.87903011504989e-07,True,CONVERGED,float64,cuda:0
forward,1,348,9.44760004209817e-07,True,CONVERGED,float64,cuda:0
forward,2,353,9.772135937366197e-07,True,CONVERGED,float64,cuda:0
adjoint,0,357,9.8735455252561e-07,True,CONVERGED,float64,cuda:0
adjoint,1,336,9.896723702987612e-07,True,CONVERGED,float64,cuda:0
adjoint,2,351,9.805220181018936e-07,True,CONVERGED,float64,cuda:0
forward,0,352,9.5401009707754e-07,True,CONVERGED,float64,cuda:0
forward,1,348,9.307584723417407e-07,True,CONVERGED,float64,cuda:0
forward,2,350,9.924626758484857e-07,True,CONVERGED,float64,cuda:0
adjoint,0,355,9.89632723717879e-07,True,CONVERGED,float64,cuda:0
adjoint,1,346,9.969070863685311e-07,True,CONVERGED,float64,cuda:0
adjoint,2,350,9.873685412410033e-07,True,CONVERGED,float64,cuda:0
forward,0,338,9.050530380877831e-07,True,CONVERGED,float64,cuda:0
forward,1,343,9.156763905532966e-07,True,CONVERGED,float64,cuda:0
forward,2,347,9.423898800933223e-07,True,CONVERGED,float64,cuda:0
adjoint,0,349,9.787536695897905e-07,True,CONVERGED,float64,cuda:0
adjoint,1,345,9.614917250185275e-07,True,CONVERGED,float64,cuda:0
adjoint,2,347,9.374021279237699e-07,True,CONVERGED,float64,cuda:0
forward,0,329,9.936721429768188e-07,True,CONVERGED,float64,cuda:0
forward,1,342,8.745286973799902e-07,True,CONVERGED,float64,cuda:0
forward,2,346,9.439937747457938e-07,True,CONVERGED,float64,cuda:0
adjoint,0,344,9.497502912177347e-07,True,CONVERGED,float64,cuda:0
adjoint,1,340,9.726556161752477e-07,True,CONVERGED,float64,cuda:0
adjoint,2,345,9.243866842818722e-07,True,CONVERGED,float64,cuda:0
forward,0,330,9.868183677276318e-07,True,CONVERGED,float64,cuda:0
forward,1,339,9.947924126010321e-07,True,CONVERGED,float64,cuda:0
forward,2,343,9.771490907426968e-07,True,CONVERGED,float64,cuda:0
adjoint,0,342,9.41539415555077e-07,True,CONVERGED,float64,cuda:0
adjoint,1,338,9.88405408208459e-07,True,CONVERGED,float64,cuda:0
adjoint,2,341,9.793182581529537e-07,True,CONVERGED,float64,cuda:0
forward,0,335,8.899335297114831e-07,True,CONVERGED,float64,cuda:0
forward,1,338,9.866373308449356e-07,True,CONVERGED,float64,cuda:0
forward,2,341,9.492388634005458e-07,True,CONVERGED,float64,cuda:0
adjoint,0,339,9.430160388707972e-07,True,CONVERGED,float64,cuda:0
adjoint,1,340,8.709165625392881e-07,True,CONVERGED,float64,cuda:0
adjoint,2,336,9.568902447598759e-07,True,CONVERGED,float64,cuda:0
forward,0,334,9.840543739329693e-07,True,CONVERGED,float64,cuda:0
forward,1,338,9.95672693376529e-07,True,CONVERGED,float64,cuda:0
forward,2,340,9.661554437367897e-07,True,CONVERGED,float64,cuda:0
adjoint,0,338,9.88359302601457e-07,True,CONVERGED,float64,cuda:0
adjoint,1,339,9.946154631936701e-07,True,CONVERGED,float64,cuda:0
adjoint,2,336,9.584508343462757e-07,True,CONVERGED,float64,cuda:0
forward,0,334,9.310649991236531e-07,True,CONVERGED,float64,cuda:0
forward,1,339,8.852124698211174e-07,True,CONVERGED,float64,cuda:0
forward,2,339,9.900948845774704e-07,True,CONVERGED,float64,cuda:0
adjoint,0,338,9.474754652935816e-07,True,CONVERGED,float64,cuda:0
adjoint,1,339,9.593969110487194e-07,True,CONVERGED,float64,cuda:0
adjoint,2,338,9.706489500246717e-07,True,CONVERGED,float64,cuda:0
forward,0,333,9.954337905279287e-07,True,CONVERGED,float64,cuda:0
forward,1,339,9.345990797569369e-07,True,CONVERGED,float64,cuda:0
forward,2,339,9.383711800453609e-07,True,CONVERGED,float64,cuda:0
adjoint,0,338,9.13103241371081e-07,True,CONVERGED,float64,cuda:0
adjoint,1,339,9.025038710268639e-07,True,CONVERGED,float64,cuda:0
adjoint,2,341,9.721188901333561e-07,True,CONVERGED,float64,cuda:0
forward,0,333,9.349409582308644e-07,True,CONVERGED,float64,cuda:0
forward,1,339,9.565223233113209e-07,True,CONVERGED,float64,cuda:0
forward,2,339,9.262963589212812e-07,True,CONVERGED,float64,cuda:0
adjoint,0,337,9.84517161780723e-07,True,CONVERGED,float64,cuda:0
adjoint,1,339,8.697042992626794e-07,True,CONVERGED,float64,cuda:0
adjoint,2,343,9.387739652887362e-07,True,CONVERGED,float64,cuda:0
forward,0,331,9.881985662024659e-07,True,CONVERGED,float64,cuda:0
forward,1,340,9.317926599834175e-07,True,CONVERGED,float64,cuda:0
forward,2,338,9.584727488218022e-07,True,CONVERGED,float64,cuda:0
adjoint,0,337,9.466803656750771e-07,True,CONVERGED,float64,cuda:0
adjoint,1,339,9.81709008082767e-07,True,CONVERGED,float64,cuda:0
adjoint,2,343,9.80333930343084e-07,True,CONVERGED,float64,cuda:0
forward,0,334,9.1352643243753e-07,True,CONVERGED,float64,cuda:0
forward,1,341,8.87799943515029e-07,True,CONVERGED,float64,cuda:0
forward,2,337,9.931829636072915e-07,True,CONVERGED,float64,cuda:0
adjoint,0,336,9.62777485448181e-07,True,CONVERGED,float64,cuda:0
adjoint,1,340,9.68695968004488e-07,True,CONVERGED,float64,cuda:0
adjoint,2,344,9.667462137247877e-07,True,CONVERGED,float64,cuda:0
forward,0,334,9.504910175465491e-07,True,CONVERGED,float64,cuda:0
forward,1,341,9.924833715558293e-07,True,CONVERGED,float64,cuda:0
forward,2,337,9.880469194743257e-07,True,CONVERGED,float64,cuda:0
adjoint,0,336,9.397502352266039e-07,True,CONVERGED,float64,cuda:0
adjoint,1,341,9.647443407857632e-07,True,CONVERGED,float64,cuda:0
adjoint,2,345,9.899342609511649e-07,True,CONVERGED,float64,cuda:0
forward,0,335,9.489506087933565e-07,True,CONVERGED,float64,cuda:0
forward,1,342,9.727774095454798e-07,True,CONVERGED,float64,cuda:0
forward,2,338,9.790489868356949e-07,True,CONVERGED,float64,cuda:0
adjoint,0,337,9.386532632867384e-07,True,CONVERGED,float64,cuda:0
adjoint,1,343,9.91902114927835e-07,True,CONVERGED,float64,cuda:0
adjoint,2,346,9.308207690686807e-07,True,CONVERGED,float64,cuda:0
forward,0,336,9.318125888605754e-07,True,CONVERGED,float64,cuda:0
forward,1,344,8.980213560696618e-07,True,CONVERGED,float64,cuda:0
forward,2,339,9.300337100449116e-07,True,CONVERGED,float64,cuda:0
adjoint,0,338,9.809348043908596e-07,True,CONVERGED,float64,cuda:0
adjoint,1,344,9.930931966085008e-07,True,CONVERGED,float64,cuda:0
adjoint,2,346,9.878107013514935e-07,True,CONVERGED,float64,cuda:0
forward,0,337,9.000979988031958e-07,True,CONVERGED,float64,cuda:0
forward,1,344,9.820330978745013e-07,True,CONVERGED,float64,cuda:0
forward,2,339,9.551432552994402e-07,True,CONVERGED,float64,cuda:0
adjoint,0,339,9.422200515647526e-07,True,CONVERGED,float64,cuda:0
adjoint,1,345,9.319530483850353e-07,True,CONVERGED,float64,cuda:0
adjoint,2,347,9.192897717253183e-07,True,CONVERGED,float64,cuda:0
forward,0,337,9.429013172599272e-07,True,CONVERGED,float64,cuda:0
forward,1,345,9.518299161051048e-07,True,CONVERGED,float64,cuda:0
forward,2,339,9.600550578043226e-07,True,CONVERGED,float64,cuda:0
adjoint,0,339,9.632387283676752e-07,True,CONVERGED,float64,cuda:0
adjoint,1,345,9.313453310908029e-07,True,CONVERGED,float64,cuda:0
adjoint,2,347,9.679296429744428e-07,True,CONVERGED,float64,cuda:0
forward,0,337,9.743975128355129e-07,True,CONVERGED,float64,cuda:0
forward,1,345,9.600970310779766e-07,True,CONVERGED,float64,cuda:0
forward,2,340,8.770316348165031e-07,True,CONVERGED,float64,cuda:0
adjoint,0,339,9.751905570181506e-07,True,CONVERGED,float64,cuda:0
adjoint,1,345,9.18200382064604e-07,True,CONVERGED,float64,cuda:0
adjoint,2,347,9.633887016064425e-07,True,CONVERGED,float64,cuda:0
forward,0,338,8.587588587872368e-07,True,CONVERGED,float64,cuda:0
forward,1,345,9.627449035136559e-07,True,CONVERGED,float64,cuda:0
forward,2,339,9.716686777156462e-07,True,CONVERGED,float64,cuda:0
adjoint,0,339,9.588819972832508e-07,True,CONVERGED,float64,cuda:0
adjoint,1,345,9.153887402168886e-07,True,CONVERGED,float64,cuda:0
adjoint,2,347,9.590728508029972e-07,True,CONVERGED,float64,cuda:0
forward,0,337,9.4771242696006e-07,True,CONVERGED,float64,cuda:0
forward,1,345,9.505551491975329e-07,True,CONVERGED,float64,cuda:0
forward,2,339,9.221560954670347e-07,True,CONVERGED,float64,cuda:0
adjoint,0,339,9.18216641159881e-07,True,CONVERGED,float64,cuda:0
adjoint,1,344,9.737460118762895e-07,True,CONVERGED,float64,cuda:0
adjoint,2,347,9.912440185180656e-07,True,CONVERGED,float64,cuda:0
forward,0,337,9.538712513667262e-07,True,CONVERGED,float64,cuda:0
forward,1,344,9.82220166577481e-07,True,CONVERGED,float64,cuda:0
forward,2,339,8.657869101939841e-07,True,CONVERGED,float64,cuda:0
adjoint,0,338,9.534193586562705e-07,True,CONVERGED,float64,cuda:0
adjoint,1,344,9.51067378309727e-07,True,CONVERGED,float64,cuda:0
adjoint,2,348,8.768281287768629e-07,True,CONVERGED,float64,cuda:0
forward,0,337,9.675346051006463e-07,True,CONVERGED,float64,cuda:0
forward,1,344,9.532416144900446e-07,True,CONVERGED,float64,cuda:0
forward,2,338,9.663730860471384e-07,True,CONVERGED,float64,cuda:0
adjoint,0,338,9.651391189837645e-07,True,CONVERGED,float64,cuda:0
adjoint,1,344,9.373960185217727e-07,True,CONVERGED,float64,cuda:0
adjoint,2,347,9.841767181321512e-07,True,CONVERGED,float64,cuda:0
forward,0,337,9.638960534846534e-07,True,CONVERGED,float64,cuda:0
forward,1,343,9.89057601730868e-07,True,CONVERGED,float64,cuda:0
forward,2,338,9.386071632629435e-07,True,CONVERGED,float64,cuda:0
adjoint,0,339,9.323134273891976e-07,True,CONVERGED,float64,cuda:0
adjoint,1,344,9.319117076823708e-07,True,CONVERGED,float64,cuda:0
adjoint,2,347,9.579970428202318e-07,True,CONVERGED,float64,cuda:0
forward,0,337,9.313234081880611e-07,True,CONVERGED,float64,cuda:0
forward,1,343,9.74994860145866e-07,True,CONVERGED,float64,cuda:0
forward,2,338,9.084915225651307e-07,True,CONVERGED,float64,cuda:0
adjoint,0,339,9.669208524027092e-07,True,CONVERGED,float64,cuda:0
adjoint,1,343,9.82524702839657e-07,True,CONVERGED,float64,cuda:0
adjoint,2,347,9.353435425810836e-07,True,CONVERGED,float64,cuda:0
forward,0,337,9.535997130259952e-07,True,CONVERGED,float64,cuda:0
forward,1,343,9.747357418983044e-07,True,CONVERGED,float64,cuda:0
forward,2,338,8.988613772993251e-07,True,CONVERGED,float64,cuda:0
adjoint,0,339,9.937254896500285e-07,True,CONVERGED,float64,cuda:0
adjoint,1,343,9.778693498401627e-07,True,CONVERGED,float64,cuda:0
adjoint,2,347,8.968743425723953e-07,True,CONVERGED,float64,cuda:0
forward,0,337,9.393911067970225e-07,True,CONVERGED,float64,cuda:0
forward,1,343,9.90946430916474e-07,True,CONVERGED,float64,cuda:0
forward,2,338,9.477731126088691e-07,True,CONVERGED,float64,cuda:0
adjoint,0,340,9.601113161478607e-07,True,CONVERGED,float64,cuda:0
adjoint,1,343,9.87174247227357e-07,True,CONVERGED,float64,cuda:0
adjoint,2,346,9.854059313991344e-07,True,CONVERGED,float64,cuda:0
forward,0,337,9.259167434151949e-07,True,CONVERGED,float64,cuda:0
forward,1,344,8.965681373037051e-07,True,CONVERGED,float64,cuda:0
forward,2,338,9.824106726205985e-07,True,CONVERGED,float64,cuda:0
adjoint,0,341,9.158135896464984e-07,True,CONVERGED,float64,cuda:0
adjoint,1,343,9.787051026196344e-07,True,CONVERGED,float64,cuda:0
adjoint,2,347,8.971959867686046e-07,True,CONVERGED,float64,cuda:0
forward,0,337,8.986194716829858e-07,True,CONVERGED,float64,cuda:0
forward,1,343,9.957191521224175e-07,True,CONVERGED,float64,cuda:0
forward,2,338,9.908286705565785e-07,True,CONVERGED,float64,cuda:0
adjoint,0,341,9.512659697754651e-07,True,CONVERGED,float64,cuda:0
adjoint,1,343,9.566726057008786e-07,True,CONVERGED,float64,cuda:0
adjoint,2,347,8.965247521462007e-07,True,CONVERGED,float64,cuda:0
forward,0,337,8.824496772395095e-07,True,CONVERGED,float64,cuda:0
forward,1,343,9.857472748547298e-07,True,CONVERGED,float64,cuda:0
forward,2,338,9.912964267727171e-07,True,CONVERGED,float64,cuda:0
adjoint,0,341,9.70824585586456e-07,True,CONVERGED,float64,cuda:0
adjoint,1,343,9.504640298498846e-07,True,CONVERGED,float64,cuda:0
adjoint,2,346,9.980352668868245e-07,True,CONVERGED,float64,cuda:0
forward,0,337,8.609619227557576e-07,True,CONVERGED,float64,cuda:0
forward,1,343,9.649462732275208e-07,True,CONVERGED,float64,cuda:0
forward,2,338,9.805667895400226e-07,True,CONVERGED,float64,cuda:0
adjoint,0,341,9.801098496727748e-07,True,CONVERGED,float64,cuda:0
adjoint,1,343,9.418979637930424e-07,True,CONVERGED,float64,cuda:0
adjoint,2,346,9.781624744511726e-07,True,CONVERGED,float64,cuda:0
forward,0,336,9.796162946189756e-07,True,CONVERGED,float64,cuda:0
forward,1,343,9.418222592923298e-07,True,CONVERGED,float64,cuda:0
forward,2,338,9.733455039863496e-07,True,CONVERGED,float64,cuda:0
adjoint,0,341,9.870633075247297e-07,True,CONVERGED,float64,cuda:0
adjoint,1,343,9.261045653235688e-07,True,CONVERGED,float64,cuda:0
adjoint,2,346,9.363282733994098e-07,True,CONVERGED,float64,cuda:0
forward,0,336,9.586180510217179e-07,True,CONVERGED,float64,cuda:0
forward,1,343,9.268206708486192e-07,True,CONVERGED,float64,cuda:0
forward,2,338,9.842947755520961e-07,True,CONVERGED,float64,cuda:0
adjoint,0,341,9.963927461657496e-07,True,CONVERGED,float64,cuda:0
adjoint,1,343,9.403526883790217e-07,True,CONVERGED,float64,cuda:0
adjoint,2,346,8.945993546733845e-07,True,CONVERGED,float64,cuda:0
forward,0,336,9.481479207773999e-07,True,CONVERGED,float64,cuda:0
forward,1,343,9.142552082510298e-07,True,CONVERGED,float64,cuda:0
forward,2,339,9.101303240560735e-07,True,CONVERGED,float64,cuda:0
adjoint,0,342,8.91254778455708e-07,True,CONVERGED,float64,cuda:0
adjoint,1,343,9.33778478501427e-07,True,CONVERGED,float64,cuda:0
adjoint,2,346,8.846887617771094e-07,True,CONVERGED,float64,cuda:0
forward,0,336,9.461311981738673e-07,True,CONVERGED,float64,cuda:0
forward,1,342,9.938276264827105e-07,True,CONVERGED,float64,cuda:0
forward,2,339,9.303258161084646e-07,True,CONVERGED,float64,cuda:0
adjoint,0,342,9.32351493595115e-07,True,CONVERGED,float64,cuda:0
adjoint,1,343,8.791438536805727e-07,True,CONVERGED,float64,cuda:0
adjoint,2,346,8.839767077414412e-07,True,CONVERGED,float64,cuda:0
forward,0,336,9.438249997717628e-07,True,CONVERGED,float64,cuda:0
forward,1,342,9.86737185527236e-07,True,CONVERGED,float64,cuda:0
forward,2,339,9.2849056144425e-07,True,CONVERGED,float64,cuda:0
adjoint,0,342,9.68222562179991e-07,True,CONVERGED,float64,cuda:0
adjoint,1,342,9.716650117902925e-07,True,CONVERGED,float64,cuda:0
adjoint,2,346,8.7683091282248e-07,True,CONVERGED,float64,cuda:0
forward,0,336,9.575936108900625e-07,True,CONVERGED,float64,cuda:0
forward,1,342,9.829447162999921e-07,True,CONVERGED,float64,cuda:0
forward,2,339,9.11550323123317e-07,True,CONVERGED,float64,cuda:0
adjoint,0,342,9.874042461377202e-07,True,CONVERGED,float64,cuda:0
adjoint,1,342,9.299986716446299e-07,True,CONVERGED,float64,cuda:0
adjoint,2,346,9.052923086184994e-07,True,CONVERGED,float64,cuda:0
forward,0,336,9.183774580398923e-07,True,CONVERGED,float64,cuda:0
forward,1,342,9.871902496573483e-07,True,CONVERGED,float64,cuda:0
forward,2,338,9.606872425135813e-07,True,CONVERGED,float64,cuda:0
adjoint,0,342,9.958365045332576e-07,True,CONVERGED,float64,cuda:0
adjoint,1,342,9.026205125067866e-07,True,CONVERGED,float64,cuda:0
adjoint,2,346,8.744683210739888e-07,True,CONVERGED,float64,cuda:0
forward,0,336,9.098286116023733e-07,True,CONVERGED,float64,cuda:0
forward,1,342,9.84070605853372e-07,True,CONVERGED,float64,cuda:0
forward,2,337,9.99829820906631e-07,True,CONVERGED,float64,cuda:0
adjoint,0,342,9.969030966398565e-07,True,CONVERGED,float64,cuda:0
adjoint,1,342,8.82068022321419e-07,True,CONVERGED,float64,cuda:0
adjoint,2,346,8.719108029709572e-07,True,CONVERGED,float64,cuda:0
forward,0,336,9.051141458975736e-07,True,CONVERGED,float64,cuda:0
forward,1,342,9.750817101431695e-07,True,CONVERGED,float64,cuda:0
forward,2,337,9.75641072833701e-07,True,CONVERGED,float64,cuda:0
adjoint,0,342,9.91818264258622e-07,True,CONVERGED,float64,cuda:0
adjoint,1,342,8.65227594444358e-07,True,CONVERGED,float64,cuda:0
adjoint,2,345,9.909108560016908e-07,True,CONVERGED,float64,cuda:0
forward,0,336,9.052069171186267e-07,True,CONVERGED,float64,cuda:0
forward,1,342,9.600772490915192e-07,True,CONVERGED,float64,cuda:0
forward,2,336,9.848539208645744e-07,True,CONVERGED,float64,cuda:0
adjoint,0,342,9.817798765283717e-07,True,CONVERGED,float64,cuda:0
adjoint,1,342,8.454090362848566e-07,True,CONVERGED,float64,cuda:0
adjoint,2,345,9.74267221673774e-07,True,CONVERGED,float64,cuda:0
forward,0,336,8.883819862500126e-07,True,CONVERGED,float64,cuda:0
forward,1,342,9.401869277408775e-07,True,CONVERGED,float64,cuda:0
forward,2,336,9.570194211805924e-07,True,CONVERGED,float64,cuda:0
adjoint,0,342,9.688279085083559e-07,True,CONVERGED,float64,cuda:0
adjoint,1,341,9.711722658287377e-07,True,CONVERGED,float64,cuda:0
adjoint,2,345,9.519555389495531e-07,True,CONVERGED,float64,cuda:0
forward,0,336,8.886082924469738e-07,True,CONVERGED,float64,cuda:0
forward,1,342,9.211698023016937e-07,True,CONVERGED,float64,cuda:0
forward,2,336,9.356370814040769e-07,True,CONVERGED,float64,cuda:0
adjoint,0,342,9.595108888381613e-07,True,CONVERGED,float64,cuda:0
adjoint,1,341,9.630112829953452e-07,True,CONVERGED,float64,cuda:0
adjoint,2,345,9.303385810866913e-07,True,CONVERGED,float64,cuda:0
forward,0,336,9.024530649792253e-07,True,CONVERGED,float64,cuda:0
forward,1,342,9.185110548183493e-07,True,CONVERGED,float64,cuda:0
forward,2,336,9.256028168901402e-07,True,CONVERGED,float64,cuda:0
adjoint,0,342,9.53329944268172e-07,True,CONVERGED,float64,cuda:0
adjoint,1,341,9.595366395191998e-07,True,CONVERGED,float64,cuda:0
adjoint,2,345,9.161790430383056e-07,True,CONVERGED,float64,cuda:0
forward,0,336,9.017186776201332e-07,True,CONVERGED,float64,cuda:0
forward,1,342,9.215444125566661e-07,True,CONVERGED,float64,cuda:0
forward,2,336,9.259962385667248e-07,True,CONVERGED,float64,cuda:0
adjoint,0,342,9.517297652166092e-07,True,CONVERGED,float64,cuda:0
adjoint,1,341,9.56847156445558e-07,True,CONVERGED,float64,cuda:0
adjoint,2,345,9.112931528206973e-07,True,CONVERGED,float64,cuda:0
forward,0,336,9.132785315955562e-07,True,CONVERGED,float64,cuda:0
forward,1,342,9.205453902309852e-07,True,CONVERGED,float64,cuda:0
forward,2,336,9.323180868898538e-07,True,CONVERGED,float64,cuda:0
adjoint,0,342,9.567956979230756e-07,True,CONVERGED,float64,cuda:0
adjoint,1,341,9.559355493563736e-07,True,CONVERGED,float64,cuda:0
adjoint,2,345,9.175376705886206e-07,True,CONVERGED,float64,cuda:0
forward,0,336,8.823348416606307e-07,True,CONVERGED,float64,cuda:0
forward,1,342,9.202912289031233e-07,True,CONVERGED,float64,cuda:0
forward,2,336,9.424657706396134e-07,True,CONVERGED,float64,cuda:0
adjoint,0,342,9.658711093681828e-07,True,CONVERGED,float64,cuda:0
adjoint,1,341,9.58131329885549e-07,True,CONVERGED,float64,cuda:0
adjoint,2,345,9.341089281360914e-07,True,CONVERGED,float64,cuda:0
forward,0,336,9.01465952692871e-07,True,CONVERGED,float64,cuda:0
forward,1,342,9.237197403362446e-07,True,CONVERGED,float64,cuda:0
forward,2,336,9.532610485461122e-07,True,CONVERGED,float64,cuda:0
adjoint,0,342,9.738838643588815e-07,True,CONVERGED,float64,cuda:0
adjoint,1,341,9.627698004289305e-07,True,CONVERGED,float64,cuda:0
adjoint,2,345,9.55493591257804e-07,True,CONVERGED,float64,cuda:0
forward,0,336,9.545558319636278e-07,True,CONVERGED,float64,cuda:0
forward,1,342,9.303185261739011e-07,True,CONVERGED,float64,cuda:0
forward,2,336,9.649284428511168e-07,True,CONVERGED,float64,cuda:0
adjoint,0,342,9.800008947855898e-07,True,CONVERGED,float64,cuda:0
adjoint,1,341,9.685554960769261e-07,True,CONVERGED,float64,cuda:0
adjoint,2,345,9.707703912292856e-07,True,CONVERGED,float64,cuda:0
forward,0,336,9.468646016066401e-07,True,CONVERGED,float64,cuda:0
forward,1,342,9.371232135359525e-07,True,CONVERGED,float64,cuda:0
forward,2,336,9.767900771591306e-07,True,CONVERGED,float64,cuda:0
adjoint,0,342,9.845475940167174e-07,True,CONVERGED,float64,cuda:0
adjoint,1,341,9.743635439952954e-07,True,CONVERGED,float64,cuda:0
adjoint,2,345,9.774450326689115e-07,True,CONVERGED,float64,cuda:0
forward,0,336,9.437783973924535e-07,True,CONVERGED,float64,cuda:0
forward,1,342,9.408366652654467e-07,True,CONVERGED,float64,cuda:0
forward,2,336,9.840896449522232e-07,True,CONVERGED,float64,cuda:0
adjoint,0,342,9.879547531144771e-07,True,CONVERGED,float64,cuda:0
adjoint,1,341,9.791547904085138e-07,True,CONVERGED,float64,cuda:0
adjoint,2,345,9.759963234591026e-07,True,CONVERGED,float64,cuda:0
forward,0,336,9.432425331952313e-07,True,CONVERGED,float64,cuda:0
forward,1,342,9.435187715786617e-07,True,CONVERGED,float64,cuda:0
forward,2,336,9.912143122017389e-07,True,CONVERGED,float64,cuda:0
adjoint,0,342,9.858548816885447e-07,True,CONVERGED,float64,cuda:0
adjoint,1,341,9.845065839823004e-07,True,CONVERGED,float64,cuda:0
adjoint,2,345,9.684433637121012e-07,True,CONVERGED,float64,cuda:0
forward,0,336,9.130230266838686e-07,True,CONVERGED,float64,cuda:0
forward,1,342,9.528879407727475e-07,True,CONVERGED,float64,cuda:0
forward,2,337,9.224222642535946e-07,True,CONVERGED,float64,cuda:0
adjoint,0,342,9.81332457696618e-07,True,CONVERGED,float64,cuda:0
adjoint,1,341,9.929886034416647e-07,True,CONVERGED,float64,cuda:0
adjoint,2,345,9.59553070973593e-07,True,CONVERGED,float64,cuda:0
forward,0,335,9.940222598428659e-07,True,CONVERGED,float64,cuda:0
forward,1,342,9.64040429119398e-07,True,CONVERGED,float64,cuda:0
forward,2,337,9.332197940517923e-07,True,CONVERGED,float64,cuda:0
adjoint,0,342,9.781231407265252e-07,True,CONVERGED,float64,cuda:0
adjoint,1,342,8.471692579337467e-07,True,CONVERGED,float64,cuda:0
adjoint,2,345,9.494698503462034e-07,True,CONVERGED,float64,cuda:0
forward,0,335,9.861032814665827e-07,True,CONVERGED,float64,cuda:0
forward,1,342,9.689678314555492e-07,True,CONVERGED,float64,cuda:0
forward,2,337,9.475842085437131e-07,True,CONVERGED,float64,cuda:0
adjoint,0,342,9.930411101362024e-07,True,CONVERGED,float64,cuda:0
adjoint,1,342,8.625279722875352e-07,True,CONVERGED,float64,cuda:0
adjoint,2,345,9.450092365472258e-07,True,CONVERGED,float64,cuda:0
forward,0,335,9.984680466615871e-07,True,CONVERGED,float64,cuda:0
forward,1,342,9.643719757904312e-07,True,CONVERGED,float64,cuda:0
forward,2,337,9.650105645417935e-07,True,CONVERGED,float64,cuda:0
adjoint,0,343,9.492533416580563e-07,True,CONVERGED,float64,cuda:0
adjoint,1,342,8.78465531059786e-07,True,CONVERGED,float64,cuda:0
adjoint,2,345,9.479067975781936e-07,True,CONVERGED,float64,cuda:0
forward,0,336,9.011658719661376e-07,True,CONVERGED,float64,cuda:0
forward,1,342,9.663773215918426e-07,True,CONVERGED,float64,cuda:0
forward,2,337,9.86510435528918e-07,True,CONVERGED,float64,cuda:0
adjoint,0,343,9.797790060011416e-07,True,CONVERGED,float64,cuda:0
adjoint,1,342,8.939386905170341e-07,True,CONVERGED,float64,cuda:0
adjoint,2,345,9.543847984697486e-07,True,CONVERGED,float64,cuda:0
forward,0,336,9.246675912268948e-07,True,CONVERGED,float64,cuda:0
forward,1,342,9.77647582981827e-07,True,CONVERGED,float64,cuda:0
forward,2,338,8.859368948362122e-07,True,CONVERGED,float64,cuda:0
adjoint,0,344,9.213458194427447e-07,True,CONVERGED,float64,cuda:0
adjoint,1,342,9.094368560061276e-07,True,CONVERGED,float64,cuda:0
adjoint,2,345,9.584925194685315e-07,True,CONVERGED,float64,cuda:0
forward,0,336,9.685979109869013e-07,True,CONVERGED,float64,cuda:0
forward,1,342,9.884217191589335e-07,True,CONVERGED,float64,cuda:0
forward,2,338,8.850917621056749e-07,True,CONVERGED,float64,cuda:0
adjoint,0,344,9.323989509294502e-07,True,CONVERGED,float64,cuda:0
adjoint,1,342,9.198772507370805e-07,True,CONVERGED,float64,cuda:0
adjoint,2,345,9.599041838748658e-07,True,CONVERGED,float64,cuda:0
forward,0,336,9.976222182796336e-07,True,CONVERGED,float64,cuda:0
forward,1,342,9.89851810285922e-07,True,CONVERGED,float64,cuda:0
forward,2,338,8.805146510953435e-07,True,CONVERGED,float64,cuda:0
adjoint,0,344,9.404891078185555e-07,True,CONVERGED,float64,cuda:0
adjoint,1,342,9.212430727783092e-07,True,CONVERGED,float64,cuda:0
adjoint,2,345,9.688963440292557e-07,True,CONVERGED,float64,cuda:0
forward,0,336,9.941916111979487e-07,True,CONVERGED,float64,cuda:0
forward,1,342,9.811008028604385e-07,True,CONVERGED,float64,cuda:0
forward,2,337,9.97141663024541e-07,True,CONVERGED,float64,cuda:0
adjoint,0,344,9.436457697362699e-07,True,CONVERGED,float64,cuda:0
adjoint,1,342,9.141982623229675e-07,True,CONVERGED,float64,cuda:0
adjoint,2,345,9.811073923539358e-07,True,CONVERGED,float64,cuda:0
forward,0,336,9.817417954831268e-07,True,CONVERGED,float64,cuda:0
forward,1,342,9.72450665077028e-07,True,CONVERGED,float64,cuda:0
forward,2,337,9.868231456067551e-07,True,CONVERGED,float64,cuda:0
adjoint,0,344,9.338656984667339e-07,True,CONVERGED,float64,cuda:0
adjoint,1,342,9.047076988507261e-07,True,CONVERGED,float64,cuda:0
adjoint,2,345,9.873007906972868e-07,True,CONVERGED,float64,cuda:0
forward,0,336,9.759553406818713e-07,True,CONVERGED,float64,cuda:0
forward,1,342,9.67906494706155e-07,True,CONVERGED,float64,cuda:0
forward,2,337,9.762523914635401e-07,True,CONVERGED,float64,cuda:0
adjoint,0,344,9.201724786142966e-07,True,CONVERGED,float64,cuda:0
adjoint,1,342,8.949402651498044e-07,True,CONVERGED,float64,cuda:0
adjoint,2,345,9.80261936689727e-07,True,CONVERGED,float64,cuda:0
forward,0,336,9.708312797906213e-07,True,CONVERGED,float64,cuda:0
forward,1,342,9.643737726805702e-07,True,CONVERGED,float64,cuda:0
forward,2,337,9.683931536495692e-07,True,CONVERGED,float64,cuda:0
adjoint,0,343,9.922458851085965e-07,True,CONVERGED,float64,cuda:0
adjoint,1,342,8.86822066116051e-07,True,CONVERGED,float64,cuda:0
adjoint,2,345,9.679256600674558e-07,True,CONVERGED,float64,cuda:0
forward,0,336,9.62009119785081e-07,True,CONVERGED,float64,cuda:0
forward,1,342,9.54176752463832e-07,True,CONVERGED,float64,cuda:0
forward,2,337,9.668218765516719e-07,True,CONVERGED,float64,cuda:0
adjoint,0,343,9.739098185391775e-07,True,CONVERGED,float64,cuda:0
adjoint,1,342,8.820288902497082e-07,True,CONVERGED,float64,cuda:0
adjoint,2,345,9.617307194684956e-07,True,CONVERGED,float64,cuda:0
forward,0,336,9.604107633177468e-07,True,CONVERGED,float64,cuda:0
forward,1,342,9.383305334889802e-07,True,CONVERGED,float64,cuda:0
forward,2,337,9.716370403944629e-07,True,CONVERGED,float64,cuda:0
adjoint,0,343,9.630901857623303e-07,True,CONVERGED,float64,cuda:0
adjoint,1,342,8.790955816367058e-07,True,CONVERGED,float64,cuda:0
adjoint,2,345,9.63762978119304e-07,True,CONVERGED,float64,cuda:0
forward,0,336,9.573649086824632e-07,True,CONVERGED,float64,cuda:0
forward,1,342,9.261170676681402e-07,True,CONVERGED,float64,cuda:0
forward,2,337,9.69672772927351e-07,True,CONVERGED,float64,cuda:0
adjoint,0,343,9.539437680450743e-07,True,CONVERGED,float64,cuda:0
adjoint,1,342,8.771785193267175e-07,True,CONVERGED,float64,cuda:0
adjoint,2,345,9.621393270472732e-07,True,CONVERGED,float64,cuda:0
forward,0,336,9.464194088882743e-07,True,CONVERGED,float64,cuda:0
forward,1,342,9.183145516086563e-07,True,CONVERGED,float64,cuda:0
forward,2,337,9.591150037027948e-07,True,CONVERGED,float64,cuda:0
adjoint,0,343,9.395492597532081e-07,True,CONVERGED,float64,cuda:0
adjoint,1,342,8.741778789210717e-07,True,CONVERGED,float64,cuda:0
adjoint,2,345,9.543709230002503e-07,True,CONVERGED,float64,cuda:0
forward,0,336,9.248471830660046e-07,True,CONVERGED,float64,cuda:0
forward,1,342,9.138836858347375e-07,True,CONVERGED,float64,cuda:0
forward,2,337,9.442632389381419e-07,True,CONVERGED,float64,cuda:0
adjoint,0,342,9.971485074131183e-07,True,CONVERGED,float64,cuda:0
adjoint,1,342,8.673324551477466e-07,True,CONVERGED,float64,cuda:0
adjoint,2,345,9.398097221238406e-07,True,CONVERGED,float64,cuda:0
forward,0,336,9.083868064002296e-07,True,CONVERGED,float64,cuda:0
forward,1,342,9.123143271020589e-07,True,CONVERGED,float64,cuda:0
forward,2,337,9.340431226203167e-07,True,CONVERGED,float64,cuda:0
adjoint,0,342,9.920389287311698e-07,True,CONVERGED,float64,cuda:0
adjoint,1,342,8.62313898159596e-07,True,CONVERGED,float64,cuda:0
adjoint,2,344,9.985302446851157e-07,True,CONVERGED,float64,cuda:0
forward,0,336,8.902126653389364e-07,True,CONVERGED,float64,cuda:0
forward,1,342,9.086412994477228e-07,True,CONVERGED,float64,cuda:0
forward,2,337,9.236180023953195e-07,True,CONVERGED,float64,cuda:0
adjoint,0,342,9.972556093412122e-07,True,CONVERGED,float64,cuda:0
adjoint,1,342,8.583085451796168e-07,True,CONVERGED,float64,cuda:0
adjoint,2,345,9.352013209553736e-07,True,CONVERGED,float64,cuda:0
forward,0,336,8.837480786436104e-07,True,CONVERGED,float64,cuda:0
forward,1,342,9.080815085303849e-07,True,CONVERGED,float64,cuda:0
forward,2,337,9.148783142094614e-07,True,CONVERGED,float64,cuda:0
adjoint,0,343,9.324424562911577e-07,True,CONVERGED,float64,cuda:0
adjoint,1,342,8.55129178794456e-07,True,CONVERGED,float64,cuda:0
adjoint,2,345,9.429253513381762e-07,True,CONVERGED,float64,cuda:0
forward,0,336,8.889245297191128e-07,True,CONVERGED,float64,cuda:0
forward,1,342,9.10438947182627e-07,True,CONVERGED,float64,cuda:0
forward,2,337,9.076408991098314e-07,True,CONVERGED,float64,cuda:0
adjoint,0,343,9.373039350472628e-07,True,CONVERGED,float64,cuda:0
adjoint,1,342,8.530343859585182e-07,True,CONVERGED,float64,cuda:0
adjoint,2,345,9.493664846562325e-07,True,CONVERGED,float64,cuda:0
forward,0,336,9.022467729810526e-07,True,CONVERGED,float64,cuda:0
forward,1,342,9.130222978567016e-07,True,CONVERGED,float64,cuda:0
forward,2,337,9.009606883306517e-07,True,CONVERGED,float64,cuda:0
adjoint,0,343,9.397480263575813e-07,True,CONVERGED,float64,cuda:0
adjoint,1,342,8.52012554988736e-07,True,CONVERGED,float64,cuda:0
adjoint,2,345,9.509036366558036e-07,True,CONVERGED,float64,cuda:0
forward,0,336,9.12507477275362e-07,True,CONVERGED,float64,cuda:0
forward,1,342,9.159258223599022e-07,True,CONVERGED,float64,cuda:0
forward,2,337,8.984294715875495e-07,True,CONVERGED,float64,cuda:0
adjoint,0,343,9.379045537212521e-07,True,CONVERGED,float64,cuda:0
adjoint,1,342,8.522102148911433e-07,True,CONVERGED,float64,cuda:0
adjoint,2,345,9.491726235279163e-07,True,CONVERGED,float64,cuda:0
forward,0,336,9.217083300374229e-07,True,CONVERGED,float64,cuda:0
forward,1,342,9.183214331262039e-07,True,CONVERGED,float64,cuda:0
forward,2,337,9.002048594559978e-07,True,CONVERGED,float64,cuda:0
adjoint,0,343,9.387878212490744e-07,True,CONVERGED,float64,cuda:0
adjoint,1,342,8.539337092613416e-07,True,CONVERGED,float64,cuda:0
adjoint,2,345,9.530155410112498e-07,True,CONVERGED,float64,cuda:0
forward,0,336,9.329495528459347e-07,True,CONVERGED,float64,cuda:0
forward,1,342,9.188505035397615e-07,True,CONVERGED,float64,cuda:0
forward,2,337,9.004395412355792e-07,True,CONVERGED,float64,cuda:0
adjoint,0,343,9.418772876180848e-07,True,CONVERGED,float64,cuda:0
adjoint,1,342,8.561845564270677e-07,True,CONVERGED,float64,cuda:0
adjoint,2,345,9.583562866992999e-07,True,CONVERGED,float64,cuda:0
forward,0,336,9.39326833153149e-07,True,CONVERGED,float64,cuda:0
forward,1,342,9.201905422527067e-07,True,CONVERGED,float64,cuda:0
forward,2,337,8.989176307457782e-07,True,CONVERGED,float64,cuda:0
adjoint,0,343,9.417995853270718e-07,True,CONVERGED,float64,cuda:0
adjoint,1,342,8.569749976918094e-07,True,CONVERGED,float64,cuda:0
adjoint,2,345,9.6215781271284e-07,True,CONVERGED,float64,cuda:0
forward,0,336,9.301187375861052e-07,True,CONVERGED,float64,cuda:0
forward,1,342,9.185947452848026e-07,True,CONVERGED,float64,cuda:0
forward,2,337,8.900609495419325e-07,True,CONVERGED,float64,cuda:0
adjoint,0,342,9.916531665690762e-07,True,CONVERGED,float64,cuda:0
adjoint,1,342,8.521623988682527e-07,True,CONVERGED,float64,cuda:0
adjoint,2,345,9.599882467746225e-07,True,CONVERGED,float64,cuda:0
forward,0,336,9.19209445619824e-07,True,CONVERGED,float64,cuda:0
forward,1,342,9.146658416818977e-07,True,CONVERGED,float64,cuda:0
forward,2,337,8.795280722890442e-07,True,CONVERGED,float64,cuda:0
adjoint,0,342,9.76203942090511e-07,True,CONVERGED,float64,cuda:0
adjoint,1,342,8.463923049344661e-07,True,CONVERGED,float64,cuda:0
adjoint,2,345,9.615589351666049e-07,True,CONVERGED,float64,cuda:0
forward,0,336,9.162728427256196e-07,True,CONVERGED,float64,cuda:0
forward,1,342,9.097787121913432e-07,True,CONVERGED,float64,cuda:0
forward,2,337,8.728325676480994e-07,True,CONVERGED,float64,cuda:0
adjoint,0,342,9.659557632556016e-07,True,CONVERGED,float64,cuda:0
adjoint,1,342,8.414938951950626e-07,True,CONVERGED,float64,cuda:0
adjoint,2,345,9.65205720870763e-07,True,CONVERGED,float64,cuda:0
forward,0,336,9.224440216816912e-07,True,CONVERGED,float64,cuda:0
forward,1,342,9.0435251592669e-07,True,CONVERGED,float64,cuda:0
forward,2,337,8.678876699335764e-07,True,CONVERGED,float64,cuda:0
adjoint,0,342,9.637994215757187e-07,True,CONVERGED,float64,cuda:0
adjoint,1,342,8.409459859931476e-07,True,CONVERGED,float64,cuda:0
adjoint,2,345,9.667300179190713e-07,True,CONVERGED,float64,cuda:0
forward,0,336,9.253605070638817e-07,True,CONVERGED,float64,cuda:0
forward,1,342,8.873567296011486e-07,True,CONVERGED,float64,cuda:0
forward,2,337,8.655380920591918e-07,True,CONVERGED,float64,cuda:0
adjoint,0,342,9.632368356634308e-07,True,CONVERGED,float64,cuda:0
adjoint,1,342,8.488642823921054e-07,True,CONVERGED,float64,cuda:0
adjoint,2,345,9.593282992009752e-07,True,CONVERGED,float64,cuda:0
forward,0,336,9.249279060461197e-07,True,CONVERGED,float64,cuda:0
forward,1,341,9.9301694168468e-07,True,CONVERGED,float64,cuda:0
forward,2,337,8.655049400401252e-07,True,CONVERGED,float64,cuda:0
adjoint,0,342,9.604760245043397e-07,True,CONVERGED,float64,cuda:0
adjoint,1,342,8.588877101952195e-07,True,CONVERGED,float64,cuda:0
adjoint,2,345,9.517554961960008e-07,True,CONVERGED,float64,cuda:0
forward,0,336,9.191831282233199e-07,True,CONVERGED,float64,cuda:0
forward,1,341,9.815620099635893e-07,True,CONVERGED,float64,cuda:0
forward,2,336,9.96789022872875e-07,True,CONVERGED,float64,cuda:0
adjoint,0,342,9.522382321670364e-07,True,CONVERGED,float64,cuda:0
adjoint,1,342,8.698512028188299e-07,True,CONVERGED,float64,cuda:0
adjoint,2,345,9.403615220245002e-07,True,CONVERGED,float64,cuda:0
forward,0,336,9.154284711092991e-07,True,CONVERGED,float64,cuda:0
forward,1,341,9.776202959251698e-07,True,CONVERGED,float64,cuda:0
forward,2,336,9.861667144088172e-07,True,CONVERGED,float64,cuda:0
adjoint,0,342,9.409219542097214e-07,True,CONVERGED,float64,cuda:0
adjoint,1,342,8.787279699155162e-07,True,CONVERGED,float64,cuda:0
adjoint,2,344,9.96716143906416e-07,True,CONVERGED,float64,cuda:0
forward,0,336,9.169557344524134e-07,True,CONVERGED,float64,cuda:0
forward,1,341,9.765132991742842e-07,True,CONVERGED,float64,cuda:0
forward,2,336,9.79354999205662e-07,True,CONVERGED,float64,cuda:0
adjoint,0,342,9.367248668627672e-07,True,CONVERGED,float64,cuda:0
adjoint,1,342,8.934590022266544e-07,True,CONVERGED,float64,cuda:0
adjoint,2,344,9.989241168687766e-07,True,CONVERGED,float64,cuda:0
forward,0,336,9.178880907975654e-07,True,CONVERGED,float64,cuda:0
forward,1,341,9.77266235421324e-07,True,CONVERGED,float64,cuda:0
forward,2,336,9.752502686940415e-07,True,CONVERGED,float64,cuda:0
adjoint,0,342,9.378597749341972e-07,True,CONVERGED,float64,cuda:0
adjoint,1,342,9.235976837825811e-07,True,CONVERGED,float64,cuda:0
adjoint,2,345,9.29483456614435e-07,True,CONVERGED,float64,cuda:0
forward,0,336,9.204093661834023e-07,True,CONVERGED,float64,cuda:0
forward,1,341,9.817507946043054e-07,True,CONVERGED,float64,cuda:0
forward,2,336,9.759845329906026e-07,True,CONVERGED,float64,cuda:0
adjoint,0,342,9.426626996713665e-07,True,CONVERGED,float64,cuda:0
adjoint,1,342,9.045935674704308e-07,True,CONVERGED,float64,cuda:0
adjoint,2,345,9.334685802162367e-07,True,CONVERGED,float64,cuda:0
forward,0,336,9.199076074534088e-07,True,CONVERGED,float64,cuda:0
forward,1,341,9.82229334976221e-07,True,CONVERGED,float64,cuda:0
forward,2,336,9.745705206534986e-07,True,CONVERGED,float64,cuda:0
adjoint,0,342,9.413359414369515e-07,True,CONVERGED,float64,cuda:0
adjoint,1,342,9.146821078812899e-07,True,CONVERGED,float64,cuda:0
adjoint,2,345,9.335630513886074e-07,True,CONVERGED,float64,cuda:0
forward,0,336,9.185643159885118e-07,True,CONVERGED,float64,cuda:0
forward,1,341,9.801471692013366e-07,True,CONVERGED,float64,cuda:0
forward,2,336,9.730903171979427e-07,True,CONVERGED,float64,cuda:0
adjoint,0,342,9.37673906198372e-07,True,CONVERGED,float64,cuda:0
adjoint,1,342,9.224709120810906e-07,True,CONVERGED,float64,cuda:0
adjoint,2,345,9.321993394324084e-07,True,CONVERGED,float64,cuda:0
forward,0,336,9.178927580236053e-07,True,CONVERGED,float64,cuda:0
forward,1,341,9.775295836903679e-07,True,CONVERGED,float64,cuda:0
forward,2,336,9.713158229513871e-07,True,CONVERGED,float64,cuda:0
adjoint,0,342,9.412099311613104e-07,True,CONVERGED,float64,cuda:0
adjoint,1,342,9.380141997167018e-07,True,CONVERGED,float64,cuda:0
adjoint,2,345,9.31214859040681e-07,True,CONVERGED,float64,cuda:0
forward,0,336,9.179484872317485e-07,True,CONVERGED,float64,cuda:0
forward,1,341,9.7483490892541e-07,True,CONVERGED,float64,cuda:0
forward,2,336,9.729492906344115e-07,True,CONVERGED,float64,cuda:0
adjoint,0,342,9.472061779823523e-07,True,CONVERGED,float64,cuda:0
adjoint,1,342,9.561847058679076e-07,True,CONVERGED,float64,cuda:0
adjoint,2,345,9.305712587862943e-07,True,CONVERGED,float64,cuda:0
forward,0,336,9.166484843427485e-07,True,CONVERGED,float64,cuda:0
forward,1,341,9.746214404266412e-07,True,CONVERGED,float64,cuda:0
forward,2,336,9.764713300885646e-07,True,CONVERGED,float64,cuda:0
adjoint,0,342,9.5098071862858e-07,True,CONVERGED,float64,cuda:0
adjoint,1,342,9.734924328295656e-07,True,CONVERGED,float64,cuda:0
adjoint,2,345,9.318601822188254e-07,True,CONVERGED,float64,cuda:0
forward,0,336,9.116807092720626e-07,True,CONVERGED,float64,cuda:0
forward,1,341,9.7002004431035e-07,True,CONVERGED,float64,cuda:0
forward,2,336,9.722393293924793e-07,True,CONVERGED,float64,cuda:0
adjoint,0,342,9.490903038557534e-07,True,CONVERGED,float64,cuda:0
adjoint,1,342,9.81364067167495e-07,True,CONVERGED,float64,cuda:0
adjoint,2,345,9.279328779722987e-07,True,CONVERGED,float64,cuda:0
forward,0,336,9.110363324641903e-07,True,CONVERGED,float64,cuda:0
forward,1,341,9.65114619735335e-07,True,CONVERGED,float64,cuda:0
forward,2,336,9.676936456052914e-07,True,CONVERGED,float64,cuda:0
adjoint,0,342,9.475301484496524e-07,True,CONVERGED,float64,cuda:0
adjoint,1,342,9.794706077451877e-07,True,CONVERGED,float64,cuda:0
adjoint,2,345,9.242665450060372e-07,True,CONVERGED,float64,cuda:0
forward,0,336,9.0591289819618e-07,True,CONVERGED,float64,cuda:0
forward,1,341,9.604640490686847e-07,True,CONVERGED,float64,cuda:0
forward,2,336,9.62870020855767e-07,True,CONVERGED,float64,cuda:0
adjoint,0,342,9.496018234009135e-07,True,CONVERGED,float64,cuda:0
adjoint,1,342,9.931023704200714e-07,True,CONVERGED,float64,cuda:0
adjoint,2,345,9.204397827837793e-07,True,CONVERGED,float64,cuda:0
forward,0,336,8.717968868785974e-07,True,CONVERGED,float64,cuda:0
forward,1,341,9.568278270648344e-07,True,CONVERGED,float64,cuda:0
forward,2,336,9.604527043909848e-07,True,CONVERGED,float64,cuda:0
adjoint,0,342,9.497289889348261e-07,True,CONVERGED,float64,cuda:0
adjoint,1,343,9.03009306063246e-07,True,CONVERGED,float64,cuda:0
adjoint,2,345,9.155672569650154e-07,True,CONVERGED,float64,cuda:0
forward,0,336,8.900136869903985e-07,True,CONVERGED,float64,cuda:0
forward,1,341,9.514546308185766e-07,True,CONVERGED,float64,cuda:0
forward,2,336,9.601871265452982e-07,True,CONVERGED,float64,cuda:0
adjoint,0,342,9.489556481480137e-07,True,CONVERGED,float64,cuda:0
adjoint,1,343,9.165876770150064e-07,True,CONVERGED,float64,cuda:0
adjoint,2,344,9.955945354700188e-07,True,CONVERGED,float64,cuda:0
forward,0,336,8.936044146838105e-07,True,CONVERGED,float64,cuda:0
forward,1,341,9.40867845917755e-07,True,CONVERGED,float64,cuda:0
forward,2,336,9.584346463689819e-07,True,CONVERGED,float64,cuda:0
adjoint,0,342,9.45728315364387e-07,True,CONVERGED,float64,cuda:0
adjoint,1,343,9.23616049750895e-07,True,CONVERGED,float64,cuda:0
adjoint,2,344,9.858440544047e-07,True,CONVERGED,float64,cuda:0
forward,0,336,8.817386460266855e-07,True,CONVERGED,float64,cuda:0
forward,1,341,9.309740131636521e-07,True,CONVERGED,float64,cuda:0
forward,2,336,9.576617452547775e-07,True,CONVERGED,float64,cuda:0
adjoint,0,342,9.430526287561356e-07,True,CONVERGED,float64,cuda:0
adjoint,1,343,9.374754928417945e-07,True,CONVERGED,float64,cuda:0
adjoint,2,344,9.781632111951857e-07,True,CONVERGED,float64,cuda:0
forward,0,336,9.015832086643062e-07,True,CONVERGED,float64,cuda:0
forward,1,341,9.266804192652705e-07,True,CONVERGED,float64,cuda:0
forward,2,336,9.558296705902207e-07,True,CONVERGED,float64,cuda:0
adjoint,0,342,9.472340394644355e-07,True,CONVERGED,float64,cuda:0
adjoint,1,343,9.652015762628975e-07,True,CONVERGED,float64,cuda:0
adjoint,2,344,9.778406316435452e-07,True,CONVERGED,float64,cuda:0
forward,0,336,9.015586205675319e-07,True,CONVERGED,float64,cuda:0
forward,1,341,9.250029607851736e-07,True,CONVERGED,float64,cuda:0
forward,2,336,9.54547208738253e-07,True,CONVERGED,float64,cuda:0
adjoint,0,342,9.484430727892086e-07,True,CONVERGED,float64,cuda:0
adjoint,1,343,9.769450441935543e-07,True,CONVERGED,float64,cuda:0
adjoint,2,344,9.744472078582434e-07,True,CONVERGED,float64,cuda:0
forward,0,336,9.012698630007841e-07,True,CONVERGED,float64,cuda:0
forward,1,341,9.264595367590274e-07,True,CONVERGED,float64,cuda:0
forward,2,336,9.53889114760099e-07,True,CONVERGED,float64,cuda:0
adjoint,0,342,9.457898805805732e-07,True,CONVERGED,float64,cuda:0
adjoint,1,343,9.794923489243652e-07,True,CONVERGED,float64,cuda:0
adjoint,2,344,9.700857464350948e-07,True,CONVERGED,float64,cuda:0
forward,0,336,9.013249057661515e-07,True,CONVERGED,float64,cuda:0
forward,1,341,9.302824804902676e-07,True,CONVERGED,float64,cuda:0
forward,2,336,9.533796319621714e-07,True,CONVERGED,float64,cuda:0
adjoint,0,342,9.447830103435928e-07,True,CONVERGED,float64,cuda:0
adjoint,1,343,9.80946047924841e-07,True,CONVERGED,float64,cuda:0
adjoint,2,344,9.685077463977375e-07,True,CONVERGED,float64,cuda:0
forward,0,336,9.020529429165162e-07,True,CONVERGED,float64,cuda:0
forward,1,341,9.35431636922592e-07,True,CONVERGED,float64,cuda:0
forward,2,336,9.54104007173145e-07,True,CONVERGED,float64,cuda:0
adjoint,0,342,9.467813296690791e-07,True,CONVERGED,float64,cuda:0
adjoint,1,343,9.845126213627258e-07,True,CONVERGED,float64,cuda:0
adjoint,2,344,9.703615466365888e-07,True,CONVERGED,float64,cuda:0
forward,0,336,9.036683383384629e-07,True,CONVERGED,float64,cuda:0
forward,1,341,9.398657299692465e-07,True,CONVERGED,float64,cuda:0
forward,2,336,9.572478053567425e-07,True,CONVERGED,float64,cuda:0
adjoint,0,342,9.511541558738489e-07,True,CONVERGED,float64,cuda:0
adjoint,1,343,9.892824741703529e-07,True,CONVERGED,float64,cuda:0
adjoint,2,344,9.74531021433957e-07,True,CONVERGED,float64,cuda:0
forward,0,336,9.000389024072443e-07,True,CONVERGED,float64,cuda:0
forward,1,341,9.39089393631141e-07,True,CONVERGED,float64,cuda:0
forward,2,336,9.573594752021408e-07,True,CONVERGED,float64,cuda:0
adjoint,0,342,9.495488834827781e-07,True,CONVERGED,float64,cuda:0
adjoint,1,343,9.903904498843459e-07,True,CONVERGED,float64,cuda:0
adjoint,2,344,9.734540804643142e-07,True,CONVERGED,float64,cuda:0
forward,0,336,8.981458482847173e-07,True,CONVERGED,float64,cuda:0
forward,1,341,9.394534653964195e-07,True,CONVERGED,float64,cuda:0
forward,2,336,9.56822578475643e-07,True,CONVERGED,float64,cuda:0
adjoint,0,342,9.484837548402295e-07,True,CONVERGED,float64,cuda:0
adjoint,1,343,9.903696258576066e-07,True,CONVERGED,float64,cuda:0
adjoint,2,344,9.739974430490532e-07,True,CONVERGED,float64,cuda:0
forward,0,336,9.000417258073269e-07,True,CONVERGED,float64,cuda:0
forward,1,341,9.397615606425342e-07,True,CONVERGED,float64,cuda:0
forward,2,336,9.552920704747218e-07,True,CONVERGED,float64,cuda:0
adjoint,0,342,9.458751703848911e-07,True,CONVERGED,float64,cuda:0
adjoint,1,343,9.907945365245514e-07,True,CONVERGED,float64,cuda:0
adjoint,2,344,9.743299066837133e-07,True,CONVERGED,float64,cuda:0
forward,0,336,8.998370193646309e-07,True,CONVERGED,float64,cuda:0
forward,1,341,9.39107579584503e-07,True,CONVERGED,float64,cuda:0
forward,2,336,9.531078836185211e-07,True,CONVERGED,float64,cuda:0
adjoint,0,342,9.441015720040204e-07,True,CONVERGED,float64,cuda:0
adjoint,1,343,9.88280451357312e-07,True,CONVERGED,float64,cuda:0
adjoint,2,344,9.753955903906816e-07,True,CONVERGED,float64,cuda:0
forward,0,336,8.966256002287916e-07,True,CONVERGED,float64,cuda:0
forward,1,341,9.366725234196867e-07,True,CONVERGED,float64,cuda:0
forward,2,336,9.501259882269107e-07,True,CONVERGED,float64,cuda:0
adjoint,0,342,9.410208041147761e-07,True,CONVERGED,float64,cuda:0
adjoint,1,343,9.861238133968784e-07,True,CONVERGED,float64,cuda:0
adjoint,2,344,9.741640576911745e-07,True,CONVERGED,float64,cuda:0
forward,0,336,8.958958679937296e-07,True,CONVERGED,float64,cuda:0
forward,1,341,9.360301749053674e-07,True,CONVERGED,float64,cuda:0
forward,2,336,9.497747046467404e-07,True,CONVERGED,float64,cuda:0
adjoint,0,342,9.39986511253419e-07,True,CONVERGED,float64,cuda:0
adjoint,1,343,9.873075599170909e-07,True,CONVERGED,float64,cuda:0
adjoint,2,344,9.746425055488933e-07,True,CONVERGED,float64,cuda:0
forward,0,336,8.940923026816449e-07,True,CONVERGED,float64,cuda:0
forward,1,341,9.354973921619634e-07,True,CONVERGED,float64,cuda:0
forward,2,336,9.507921369729456e-07,True,CONVERGED,float64,cuda:0
adjoint,0,342,9.373378705131054e-07,True,CONVERGED,float64,cuda:0
adjoint,1,343,9.879696247714308e-07,True,CONVERGED,float64,cuda:0
adjoint,2,344,9.728571217199907e-07,True,CONVERGED,float64,cuda:0
forward,0,336,8.902017789188816e-07,True,CONVERGED,float64,cuda:0
forward,1,341,9.338768360155997e-07,True,CONVERGED,float64,cuda:0
forward,2,336,9.504513370659081e-07,True,CONVERGED,float64,cuda:0
adjoint,0,342,9.327854145232972e-07,True,CONVERGED,float64,cuda:0
adjoint,1,343,9.863515083923406e-07,True,CONVERGED,float64,cuda:0
adjoint,2,344,9.68822019403641e-07,True,CONVERGED,float64,cuda:0
forward,0,336,8.869834465678283e-07,True,CONVERGED,float64,cuda:0
forward,1,341,9.31383293372786e-07,True,CONVERGED,float64,cuda:0
forward,2,336,9.485526763378477e-07,True,CONVERGED,float64,cuda:0
adjoint,0,342,9.324037658451746e-07,True,CONVERGED,float64,cuda:0
adjoint,1,343,9.85775510381051e-07,True,CONVERGED,float64,cuda:0
adjoint,2,344,9.679028988345759e-07,True,CONVERGED,float64,cuda:0
forward,0,336,8.841943523997364e-07,True,CONVERGED,float64,cuda:0
forward,1,341,9.284870029421442e-07,True,CONVERGED,float64,cuda:0
forward,2,336,9.475185959408401e-07,True,CONVERGED,float64,cuda:0
adjoint,0,342,9.310645955356574e-07,True,CONVERGED,float64,cuda:0
adjoint,1,343,9.852996956466203e-07,True,CONVERGED,float64,cuda:0
adjoint,2,344,9.663693165541593e-07,True,CONVERGED,float64,cuda:0
forward,0,336,8.81132678052436e-07,True,CONVERGED,float64,cuda:0
forward,1,341,9.25798513407455e-07,True,CONVERGED,float64,cuda:0
forward,2,336,9.464079104246961e-07,True,CONVERGED,float64,cuda:0
adjoint,0,342,9.316602201820641e-07,True,CONVERGED,float64,cuda:0
adjoint,1,343,9.860278242029191e-07,True,CONVERGED,float64,cuda:0
adjoint,2,344,9.67120978879259e-07,True,CONVERGED,float64,cuda:0
forward,0,336,8.797865058517193e-07,True,CONVERGED,float64,cuda:0
forward,1,341,9.230872890544903e-07,True,CONVERGED,float64,cuda:0
forward,2,336,9.457054239720427e-07,True,CONVERGED,float64,cuda:0
adjoint,0,342,9.317726835882832e-07,True,CONVERGED,float64,cuda:0
adjoint,1,343,9.836289099607238e-07,True,CONVERGED,float64,cuda:0
adjoint,2,344,9.658267825011313e-07,True,CONVERGED,float64,cuda:0
forward,0,336,8.753958682817999e-07,True,CONVERGED,float64,cuda:0
forward,1,341,9.220130307692414e-07,True,CONVERGED,float64,cuda:0
forward,2,336,9.461354040326978e-07,True,CONVERGED,float64,cuda:0
adjoint,0,342,9.301054923466972e-07,True,CONVERGED,float64,cuda:0
adjoint,1,343,9.838158435559554e-07,True,CONVERGED,float64,cuda:0
adjoint,2,344,9.622552653651228e-07,True,CONVERGED,float64,cuda:0
forward,0,336,8.729081270191881e-07,True,CONVERGED,float64,cuda:0
forward,1,341,9.243008987835194e-07,True,CONVERGED,float64,cuda:0
forward,2,336,9.47368377137845e-07,True,CONVERGED,float64,cuda:0
adjoint,0,342,9.324167538935e-07,True,CONVERGED,float64,cuda:0
adjoint,1,343,9.848595219913444e-07,True,CONVERGED,float64,cuda:0
adjoint,2,344,9.622125195301171e-07,True,CONVERGED,float64,cuda:0
forward,0,336,8.707337303206126e-07,True,CONVERGED,float64,cuda:0
forward,1,341,9.307336259224097e-07,True,CONVERGED,float64,cuda:0
forward,2,336,9.470111309058436e-07,True,CONVERGED,float64,cuda:0
adjoint,0,342,9.352917223496512e-07,True,CONVERGED,float64,cuda:0
adjoint,1,343,9.848578948412666e-07,True,CONVERGED,float64,cuda:0
adjoint,2,344,9.623914026373404e-07,True,CONVERGED,float64,cuda:0
forward,0,336,8.69530869400865e-07,True,CONVERGED,float64,cuda:0
forward,1,341,9.383565640329161e-07,True,CONVERGED,float64,cuda:0
forward,2,336,9.462144285837158e-07,True,CONVERGED,float64,cuda:0
adjoint,0,342,9.379141640248548e-07,True,CONVERGED,float64,cuda:0
adjoint,1,343,9.841600048845584e-07,True,CONVERGED,float64,cuda:0
adjoint,2,344,9.631367194661534e-07,True,CONVERGED,float64,cuda:0
forward,0,336,8.680999780189002e-07,True,CONVERGED,float64,cuda:0
forward,1,341,9.40704579674062e-07,True,CONVERGED,float64,cuda:0
forward,2,336,9.459577497075788e-07,True,CONVERGED,float64,cuda:0
adjoint,0,342,9.388003196650887e-07,True,CONVERGED,float64,cuda:0
adjoint,1,343,9.835499915037194e-07,True,CONVERGED,float64,cuda:0
adjoint,2,344,9.61772929883614e-07,True,CONVERGED,float64,cuda:0
forward,0,336,8.672525820229094e-07,True,CONVERGED,float64,cuda:0
forward,1,341,9.371212705841021e-07,True,CONVERGED,float64,cuda:0
forward,2,336,9.471888168038875e-07,True,CONVERGED,float64,cuda:0
adjoint,0,342,9.386693198028743e-07,True,CONVERGED,float64,cuda:0
adjoint,1,343,9.831062387617587e-07,True,CONVERGED,float64,cuda:0
adjoint,2,344,9.601371588441605e-07,True,CONVERGED,float64,cuda:0
forward,0,336,8.66365514599367e-07,True,CONVERGED,float64,cuda:0
forward,1,341,9.219271888087075e-07,True,CONVERGED,float64,cuda:0
forward,2,336,9.463461182963554e-07,True,CONVERGED,float64,cuda:0
adjoint,0,342,9.424887019272732e-07,True,CONVERGED,float64,cuda:0
adjoint,1,343,9.82540446056894e-07,True,CONVERGED,float64,cuda:0
adjoint,2,344,9.6119477789366e-07,True,CONVERGED,float64,cuda:0
forward,0,336,8.639272403982955e-07,True,CONVERGED,float64,cuda:0
forward,1,341,9.085948915492781e-07,True,CONVERGED,float64,cuda:0
forward,2,336,9.45520826515765e-07,True,CONVERGED,float64,cuda:0
adjoint,0,342,9.44227179735889e-07,True,CONVERGED,float64,cuda:0
adjoint,1,343,9.813907205046625e-07,True,CONVERGED,float64,cuda:0
adjoint,2,344,9.595786574688665e-07,True,CONVERGED,float64,cuda:0
forward,0,336,8.635658791499037e-07,True,CONVERGED,float64,cuda:0
forward,1,341,9.103504777124897e-07,True,CONVERGED,float64,cuda:0
forward,2,336,9.471974227727636e-07,True,CONVERGED,float64,cuda:0
adjoint,0,342,9.475995890081983e-07,True,CONVERGED,float64,cuda:0
adjoint,1,343,9.828232982224283e-07,True,CONVERGED,float64,cuda:0
adjoint,2,344,9.606204749138047e-07,True,CONVERGED,float64,cuda:0
forward,0,336,8.618827903537455e-07,True,CONVERGED,float64,cuda:0
forward,1,341,9.155455519525107e-07,True,CONVERGED,float64,cuda:0
forward,2,336,9.478014603876471e-07,True,CONVERGED,float64,cuda:0
adjoint,0,342,9.471443056030534e-07,True,CONVERGED,float64,cuda:0
adjoint,1,343,9.829184692718325e-07,True,CONVERGED,float64,cuda:0
adjoint,2,344,9.583201174365411e-07,True,CONVERGED,float64,cuda:0
forward,0,336,8.61242907174089e-07,True,CONVERGED,float64,cuda:0
forward,1,341,9.191118348272373e-07,True,CONVERGED,float64,cuda:0
forward,2,336,9.454917049094663e-07,True,CONVERGED,float64,cuda:0
adjoint,0,342,9.475457939088746e-07,True,CONVERGED,float64,cuda:0
adjoint,1,343,9.809406500643612e-07,True,CONVERGED,float64,cuda:0
adjoint,2,344,9.563857395962277e-07,True,CONVERGED,float64,cuda:0
forward,0,336,8.602404757039203e-07,True,CONVERGED,float64,cuda:0
forward,1,341,9.283439743779619e-07,True,CONVERGED,float64,cuda:0
forward,2,336,9.462919918097316e-07,True,CONVERGED,float64,cuda:0
adjoint,0,342,9.489479053473305e-07,True,CONVERGED,float64,cuda:0
adjoint,1,343,9.785626775488565e-07,True,CONVERGED,float64,cuda:0
adjoint,2,344,9.569297347106284e-07,True,CONVERGED,float64,cuda:0
forward,0,336,8.569765362385025e-07,True,CONVERGED,float64,cuda:0
forward,1,341,9.292362438850812e-07,True,CONVERGED,float64,cuda:0
forward,2,336,9.44876299539028e-07,True,CONVERGED,float64,cuda:0
adjoint,0,342,9.493681508759096e-07,True,CONVERGED,float64,cuda:0
adjoint,1,343,9.746202948538593e-07,True,CONVERGED,float64,cuda:0
adjoint,2,344,9.547132748736732e-07,True,CONVERGED,float64,cuda:0
forward,0,336,8.534342815131116e-07,True,CONVERGED,float64,cuda:0
forward,1,341,9.252947485721031e-07,True,CONVERGED,float64,cuda:0
forward,2,336,9.415677590950701e-07,True,CONVERGED,float64,cuda:0
adjoint,0,342,9.473392364261788e-07,True,CONVERGED,float64,cuda:0
adjoint,1,343,9.707859083252386e-07,True,CONVERGED,float64,cuda:0
adjoint,2,344,9.505315224827601e-07,True,CONVERGED,float64,cuda:0
forward,0,336,8.549836163773849e-07,True,CONVERGED,float64,cuda:0
forward,1,341,9.255260091659176e-07,True,CONVERGED,float64,cuda:0
forward,2,336,9.463662341225593e-07,True,CONVERGED,float64,cuda:0
adjoint,0,342,9.495990984937463e-07,True,CONVERGED,float64,cuda:0
adjoint,1,343,9.725614295386746e-07,True,CONVERGED,float64,cuda:0
adjoint,2,344,9.525773234710729e-07,True,CONVERGED,float64,cuda:0
forward,0,336,8.531559579328828e-07,True,CONVERGED,float64,cuda:0
forward,1,341,9.211512891673869e-07,True,CONVERGED,float64,cuda:0
forward,2,336,9.459276452948885e-07,True,CONVERGED,float64,cuda:0
adjoint,0,342,9.495061566006841e-07,True,CONVERGED,float64,cuda:0
adjoint,1,343,9.727361506181889e-07,True,CONVERGED,float64,cuda:0
adjoint,2,344,9.510439540475586e-07,True,CONVERGED,float64,cuda:0
forward,0,336,8.50712856277513e-07,True,CONVERGED,float64,cuda:0
forward,1,341,9.158897258207768e-07,True,CONVERGED,float64,cuda:0
forward,2,336,9.430450082507688e-07,True,CONVERGED,float64,cuda:0
adjoint,0,342,9.460141089503849e-07,True,CONVERGED,float64,cuda:0
adjoint,1,343,9.708966010349822e-07,True,CONVERGED,float64,cuda:0
adjoint,2,344,9.46953252007304e-07,True,CONVERGED,float64,cuda:0
forward,0,336,8.489544817885051e-07,True,CONVERGED,float64,cuda:0
forward,1,341,9.252241014954426e-07,True,CONVERGED,float64,cuda:0
forward,2,336,9.438109992659928e-07,True,CONVERGED,float64,cuda:0
adjoint,0,342,9.476511331031857e-07,True,CONVERGED,float64,cuda:0
adjoint,1,343,9.739884590648957e-07,True,CONVERGED,float64,cuda:0
adjoint,2,344,9.485943427869379e-07,True,CONVERGED,float64,cuda:0
forward,0,336,8.466212170402444e-07,True,CONVERGED,float64,cuda:0
forward,1,341,9.328319023904574e-07,True,CONVERGED,float64,cuda:0
forward,2,336,9.40990864665289e-07,True,CONVERGED,float64,cuda:0
adjoint,0,342,9.454991475241459e-07,True,CONVERGED,float64,cuda:0
adjoint,1,343,9.731391772908912e-07,True,CONVERGED,float64,cuda:0
adjoint,2,344,9.469901983174682e-07,True,CONVERGED,float64,cuda:0
forward,0,336,8.481211410934303e-07,True,CONVERGED,float64,cuda:0
forward,1,341,9.330151257501872e-07,True,CONVERGED,float64,cuda:0
forward,2,336,9.414075466927911e-07,True,CONVERGED,float64,cuda:0
adjoint,0,342,9.454453666632696e-07,True,CONVERGED,float64,cuda:0
adjoint,1,343,9.734245084642059e-07,True,CONVERGED,float64,cuda:0
adjoint,2,344,9.489629311438256e-07,True,CONVERGED,float64,cuda:0
forward,0,336,8.445178066759998e-07,True,CONVERGED,float64,cuda:0
forward,1,341,9.29273673825761e-07,True,CONVERGED,float64,cuda:0
forward,2,336,9.420907586142402e-07,True,CONVERGED,float64,cuda:0
adjoint,0,342,9.436071787668685e-07,True,CONVERGED,float64,cuda:0
adjoint,1,343,9.73733278246084e-07,True,CONVERGED,float64,cuda:0
adjoint,2,344,9.46832131981795e-07,True,CONVERGED,float64,cuda:0
forward,0,336,8.44734098324361e-07,True,CONVERGED,float64,cuda:0
forward,1,341,9.159102032527485e-07,True,CONVERGED,float64,cuda:0
forward,2,336,9.427109195379557e-07,True,CONVERGED,float64,cuda:0
adjoint,0,342,9.45275959991976e-07,True,CONVERGED,float64,cuda:0
adjoint,1,343,9.758604704649995e-07,True,CONVERGED,float64,cuda:0
adjoint,2,344,9.500043418332452e-07,True,CONVERGED,float64,cuda:0
forward,0,335,9.994639388773626e-07,True,CONVERGED,float64,cuda:0
forward,1,341,9.134513718263593e-07,True,CONVERGED,float64,cuda:0
forward,2,336,9.389976902699437e-07,True,CONVERGED,float64,cuda:0
adjoint,0,342,9.425940833287604e-07,True,CONVERGED,float64,cuda:0
adjoint,1,343,9.76600600085528e-07,True,CONVERGED,float64,cuda:0
adjoint,2,344,9.496776434249632e-07,True,CONVERGED,float64,cuda:0
forward,0,335,9.981482608424687e-07,True,CONVERGED,float64,cuda:0
forward,1,341,9.066206576220442e-07,True,CONVERGED,float64,cuda:0
forward,2,336,9.409666932333176e-07,True,CONVERGED,float64,cuda:0
adjoint,0,342,9.44578237786271e-07,True,CONVERGED,float64,cuda:0
adjoint,1,343,9.786284057979508e-07,True,CONVERGED,float64,cuda:0
adjoint,2,344,9.516638003869109e-07,True,CONVERGED,float64,cuda:0
forward,0,335,9.987537969055032e-07,True,CONVERGED,float64,cuda:0
forward,1,341,9.077927846595454e-07,True,CONVERGED,float64,cuda:0
forward,2,336,9.426452394478236e-07,True,CONVERGED,float64,cuda:0
adjoint,0,342,9.44368070915599e-07,True,CONVERGED,float64,cuda:0
adjoint,1,343,9.805055135163127e-07,True,CONVERGED,float64,cuda:0
adjoint,2,344,9.521262429258329e-07,True,CONVERGED,float64,cuda:0
forward,0,335,9.963955596597059e-07,True,CONVERGED,float64,cuda:0
forward,1,341,9.062512007886281e-07,True,CONVERGED,float64,cuda:0
forward,2,336,9.409025761294555e-07,True,CONVERGED,float64,cuda:0
adjoint,0,342,9.418574429232451e-07,True,CONVERGED,float64,cuda:0
adjoint,1,343,9.82545216787717e-07,True,CONVERGED,float64,cuda:0
adjoint,2,344,9.493350839842873e-07,True,CONVERGED,float64,cuda:0
forward,0,335,9.95742926829982e-07,True,CONVERGED,float64,cuda:0
forward,1,341,9.108086261521003e-07,True,CONVERGED,float64,cuda:0
forward,2,336,9.434024719373199e-07,True,CONVERGED,float64,cuda:0
adjoint,0,342,9.45473745643978e-07,True,CONVERGED,float64,cuda:0
adjoint,1,343,9.861411933214778e-07,True,CONVERGED,float64,cuda:0
adjoint,2,344,9.537184686425773e-07,True,CONVERGED,float64,cuda:0
forward,0,335,9.938271732289493e-07,True,CONVERGED,float64,cuda:0
forward,1,341,9.100796964385676e-07,True,CONVERGED,float64,cuda:0
forward,2,336,9.422922793330108e-07,True,CONVERGED,float64,cuda:0
adjoint,0,342,9.447247994099573e-07,True,CONVERGED,float64,cuda:0
adjoint,1,343,9.879558104725492e-07,True,CONVERGED,float64,cuda:0
adjoint,2,344,9.530718220083478e-07,True,CONVERGED,float64,cuda:0
forward,0,335,9.943316786547682e-07,True,CONVERGED,float64,cuda:0
forward,1,341,9.108764083818085e-07,True,CONVERGED,float64,cuda:0
forward,2,336,9.42410731984153e-07,True,CONVERGED,float64,cuda:0
adjoint,0,342,9.452010536237077e-07,True,CONVERGED,float64,cuda:0
adjoint,1,343,9.892068244822097e-07,True,CONVERGED,float64,cuda:0
adjoint,2,344,9.550951166586361e-07,True,CONVERGED,float64,cuda:0
forward,0,335,9.930958072472172e-07,True,CONVERGED,float64,cuda:0
forward,1,341,9.123091003033932e-07,True,CONVERGED,float64,cuda:0
forward,2,336,9.443880392329947e-07,True,CONVERGED,float64,cuda:0
adjoint,0,342,9.447685661606401e-07,True,CONVERGED,float64,cuda:0
adjoint,1,343,9.90178429628854e-07,True,CONVERGED,float64,cuda:0
adjoint,2,344,9.541472044305282e-07,True,CONVERGED,float64,cuda:0
forward,0,335,9.934091759796627e-07,True,CONVERGED,float64,cuda:0
forward,1,341,9.132414320611505e-07,True,CONVERGED,float64,cuda:0
forward,2,336,9.444095642989106e-07,True,CONVERGED,float64,cuda:0
adjoint,0,342,9.460645273651125e-07,True,CONVERGED,float64,cuda:0
adjoint,1,343,9.91754867367011e-07,True,CONVERGED,float64,cuda:0
adjoint,2,344,9.58843915681934e-07,True,CONVERGED,float64,cuda:0
forward,0,335,9.898856909312433e-07,True,CONVERGED,float64,cuda:0
forward,1,341,9.106327387780121e-07,True,CONVERGED,float64,cuda:0
forward,2,336,9.42423075660935e-07,True,CONVERGED,float64,cuda:0
adjoint,0,342,9.448801277331514e-07,True,CONVERGED,float64,cuda:0
adjoint,1,343,9.912692496465196e-07,True,CONVERGED,float64,cuda:0
adjoint,2,344,9.574634245098734e-07,True,CONVERGED,float64,cuda:0
forward,0,335,9.884082816488607e-07,True,CONVERGED,float64,cuda:0
forward,1,341,9.137064355315413e-07,True,CONVERGED,float64,cuda:0
forward,2,336,9.447430955744981e-07,True,CONVERGED,float64,cuda:0
adjoint,0,342,9.466298573367392e-07,True,CONVERGED,float64,cuda:0
adjoint,1,343,9.93431025065914e-07,True,CONVERGED,float64,cuda:0
adjoint,2,344,9.629454621454663e-07,True,CONVERGED,float64,cuda:0
forward,0,335,9.869353808715226e-07,True,CONVERGED,float64,cuda:0
forward,1,341,9.124857792407868e-07,True,CONVERGED,float64,cuda:0
forward,2,336,9.435083941993806e-07,True,CONVERGED,float64,cuda:0
adjoint,0,342,9.446151355608271e-07,True,CONVERGED,float64,cuda:0
adjoint,1,343,9.922017958211487e-07,True,CONVERGED,float64,cuda:0
adjoint,2,344,9.615780283076197e-07,True,CONVERGED,float64,cuda:0
forward,0,335,9.86322645101779e-07,True,CONVERGED,float64,cuda:0
forward,1,341,9.107660080398268e-07,True,CONVERGED,float64,cuda:0
forward,2,336,9.418625186758813e-07,True,CONVERGED,float64,cuda:0
adjoint,0,342,9.434208559220714e-07,True,CONVERGED,float64,cuda:0
adjoint,1,343,9.913027124993658e-07,True,CONVERGED,float64,cuda:0
adjoint,2,344,9.630919166630034e-07,True,CONVERGED,float64,cuda:0
forward,0,335,9.838283021213078e-07,True,CONVERGED,float64,cuda:0
forward,1,341,9.132430972508987e-07,True,CONVERGED,float64,cuda:0
forward,2,336,9.434290641431079e-07,True,CONVERGED,float64,cuda:0
adjoint,0,342,9.453969038375496e-07,True,CONVERGED,float64,cuda:0
adjoint,1,343,9.932477650152176e-07,True,CONVERGED,float64,cuda:0
adjoint,2,344,9.669174820335602e-07,True,CONVERGED,float64,cuda:0
forward,0,335,9.823770026426923e-07,True,CONVERGED,float64,cuda:0
forward,1,341,9.128892814619924e-07,True,CONVERGED,float64,cuda:0
forward,2,336,9.432047841697572e-07,True,CONVERGED,float64,cuda:0
adjoint,0,342,9.454253123577369e-07,True,CONVERGED,float64,cuda:0
adjoint,1,343,9.9302583315316e-07,True,CONVERGED,float64,cuda:0
adjoint,2,344,9.67988793135259e-07,True,CONVERGED,float64,cuda:0
forward,0,335,9.791773346355714e-07,True,CONVERGED,float64,cuda:0
forward,1,341,9.107636330430425e-07,True,CONVERGED,float64,cuda:0
forward,2,336,9.414934126536382e-07,True,CONVERGED,float64,cuda:0
adjoint,0,342,9.414154079561076e-07,True,CONVERGED,float64,cuda:0
adjoint,1,343,9.915584308263553e-07,True,CONVERGED,float64,cuda:0
adjoint,2,344,9.641952702761501e-07,True,CONVERGED,float64,cuda:0
forward,0,335,9.806268949645341e-07,True,CONVERGED,float64,cuda:0
forward,1,341,9.154619380539665e-07,True,CONVERGED,float64,cuda:0
forward,2,336,9.460472129443905e-07,True,CONVERGED,float64,cuda:0
adjoint,0,342,9.455711210413919e-07,True,CONVERGED,float64,cuda:0
adjoint,1,343,9.94461332191148e-07,True,CONVERGED,float64,cuda:0
adjoint,2,344,9.66871451649069e-07,True,CONVERGED,float64,cuda:0
forward,0,335,9.78033719280458e-07,True,CONVERGED,float64,cuda:0
forward,1,341,9.147544939410176e-07,True,CONVERGED,float64,cuda:0
forward,2,336,9.451881189984892e-07,True,CONVERGED,float64,cuda:0
adjoint,0,342,9.454654955093879e-07,True,CONVERGED,float64,cuda:0
adjoint,1,343,9.940290040022735e-07,True,CONVERGED,float64,cuda:0
adjoint,2,344,9.661571324689868e-07,True,CONVERGED,float64,cuda:0
forward,0,335,9.772549868323553e-07,True,CONVERGED,float64,cuda:0
forward,1,341,9.138015857828859e-07,True,CONVERGED,float64,cuda:0
forward,2,336,9.435989246421364e-07,True,CONVERGED,float64,cuda:0
adjoint,0,342,9.41397070521362e-07,True,CONVERGED,float64,cuda:0
adjoint,1,343,9.93104970762204e-07,True,CONVERGED,float64,cuda:0
adjoint,2,344,9.669502481705577e-07,True,CONVERGED,float64,cuda:0
forward,0,335,9.780588548292218e-07,True,CONVERGED,float64,cuda:0
forward,1,341,9.168103844204046e-07,True,CONVERGED,float64,cuda:0
forward,2,336,9.476326565133591e-07,True,CONVERGED,float64,cuda:0
adjoint,0,342,9.475444329711947e-07,True,CONVERGED,float64,cuda:0
adjoint,1,343,9.958651226918482e-07,True,CONVERGED,float64,cuda:0
adjoint,2,344,9.679899516414646e-07,True,CONVERGED,float64,cuda:0
forward,0,335,9.746480545219845e-07,True,CONVERGED,float64,cuda:0
forward,1,341,9.152959207980957e-07,True,CONVERGED,float64,cuda:0
forward,2,336,9.45854238089588e-07,True,CONVERGED,float64,cuda:0
adjoint,0,342,9.442856340153524e-07,True,CONVERGED,float64,cuda:0
adjoint,1,343,9.94431417323205e-07,True,CONVERGED,float64,cuda:0
adjoint,2,344,9.643944142540657e-07,True,CONVERGED,float64,cuda:0
forward,0,335,9.729934459940377e-07,True,CONVERGED,float64,cuda:0
forward,1,341,9.140487846368783e-07,True,CONVERGED,float64,cuda:0
forward,2,336,9.441888268984639e-07,True,CONVERGED,float64,cuda:0
adjoint,0,342,9.389634821151592e-07,True,CONVERGED,float64,cuda:0
adjoint,1,343,9.93223895786599e-07,True,CONVERGED,float64,cuda:0
adjoint,2,344,9.652679519110049e-07,True,CONVERGED,float64,cuda:0
forward,0,335,9.742162161434314e-07,True,CONVERGED,float64,cuda:0
forward,1,341,9.157773296059017e-07,True,CONVERGED,float64,cuda:0
forward,2,336,9.456038339628208e-07,True,CONVERGED,float64,cuda:0
adjoint,0,342,9.456446718606816e-07,True,CONVERGED,float64,cuda:0
adjoint,1,343,9.954869648176792e-07,True,CONVERGED,float64,cuda:0
adjoint,2,344,9.716003851879087e-07,True,CONVERGED,float64,cuda:0
forward,0,335,9.688560083748333e-07,True,CONVERGED,float64,cuda:0
forward,1,341,9.133913037124797e-07,True,CONVERGED,float64,cuda:0
forward,2,336,9.428903150898768e-07,True,CONVERGED,float64,cuda:0
adjoint,0,342,9.396074011543408e-07,True,CONVERGED,float64,cuda:0
adjoint,1,343,9.934528915837118e-07,True,CONVERGED,float64,cuda:0
adjoint,2,344,9.65540170992858e-07,True,CONVERGED,float64,cuda:0
forward,0,335,9.6991767574675e-07,True,CONVERGED,float64,cuda:0
forward,1,341,9.138958885053947e-07,True,CONVERGED,float64,cuda:0
forward,2,336,9.425704425249857e-07,True,CONVERGED,float64,cuda:0
adjoint,0,342,9.384002107290807e-07,True,CONVERGED,float64,cuda:0
adjoint,1,343,9.930346651553235e-07,True,CONVERGED,float64,cuda:0
adjoint,2,344,9.65364361141462e-07,True,CONVERGED,float64,cuda:0
forward,0,335,9.67725797461391e-07,True,CONVERGED,float64,cuda:0
forward,1,341,9.126332637835759e-07,True,CONVERGED,float64,cuda:0
forward,2,336,9.41050435111534e-07,True,CONVERGED,float64,cuda:0
adjoint,0,342,9.378134958772607e-07,True,CONVERGED,float64,cuda:0
adjoint,1,343,9.92889258475457e-07,True,CONVERGED,float64,cuda:0
adjoint,2,344,9.639273147932112e-07,True,CONVERGED,float64,cuda:0
forward,0,335,9.68599954345375e-07,True,CONVERGED,float64,cuda:0
forward,1,341,9.134313945141029e-07,True,CONVERGED,float64,cuda:0
forward,2,336,9.416301557779714e-07,True,CONVERGED,float64,cuda:0
adjoint,0,342,9.400167257147915e-07,True,CONVERGED,float64,cuda:0
adjoint,1,343,9.948189135802196e-07,True,CONVERGED,float64,cuda:0
adjoint,2,344,9.697972208725031e-07,True,CONVERGED,float64,cuda:0
forward,0,335,9.68238457669411e-07,True,CONVERGED,float64,cuda:0
forward,1,341,9.138918921239732e-07,True,CONVERGED,float64,cuda:0
forward,2,336,9.415642970537856e-07,True,CONVERGED,float64,cuda:0
adjoint,0,342,9.370502303403443e-07,True,CONVERGED,float64,cuda:0
adjoint,1,343,9.946127770230885e-07,True,CONVERGED,float64,cuda:0
adjoint,2,344,9.70814186748232e-07,True,CONVERGED,float64,cuda:0
forward,0,335,9.623430951712354e-07,True,CONVERGED,float64,cuda:0
forward,1,341,9.123614509191567e-07,True,CONVERGED,float64,cuda:0
forward,2,336,9.398677710163823e-07,True,CONVERGED,float64,cuda:0
adjoint,0,342,9.331854286605624e-07,True,CONVERGED,float64,cuda:0
adjoint,1,343,9.927219626139374e-07,True,CONVERGED,float64,cuda:0
adjoint,2,344,9.600531866614653e-07,True,CONVERGED,float64,cuda:0
forward,0,335,9.65695688886614e-07,True,CONVERGED,float64,cuda:0
forward,1,341,9.14650593603728e-07,True,CONVERGED,float64,cuda:0
forward,2,336,9.438877191087281e-07,True,CONVERGED,float64,cuda:0
adjoint,0,342,9.39597046059911e-07,True,CONVERGED,float64,cuda:0
adjoint,1,343,9.96710406950272e-07,True,CONVERGED,float64,cuda:0
adjoint,2,344,9.619293955954073e-07,True,CONVERGED,float64,cuda:0
forward,0,335,9.665903602301439e-07,True,CONVERGED,float64,cuda:0
forward,1,341,9.152075305709846e-07,True,CONVERGED,float64,cuda:0
forward,2,336,9.42057425615143e-07,True,CONVERGED,float64,cuda:0
adjoint,0,342,9.376587425341074e-07,True,CONVERGED,float64,cuda:0
adjoint,1,343,9.96884603103121e-07,True,CONVERGED,float64,cuda:0
adjoint,2,344,9.69617014636237e-07,True,CONVERGED,float64,cuda:0
forward,0,335,9.62630526078307e-07,True,CONVERGED,float64,cuda:0
forward,1,341,9.124601011271288e-07,True,CONVERGED,float64,cuda:0
forward,2,336,9.372987194054925e-07,True,CONVERGED,float64,cuda:0
adjoint,0,342,9.316719144371958e-07,True,CONVERGED,float64,cuda:0
adjoint,1,343,9.931681936183194e-07,True,CONVERGED,float64,cuda:0
adjoint,2,344,9.662169614571072e-07,True,CONVERGED,float64,cuda:0
forward,0,335,9.675002231951868e-07,True,CONVERGED,float64,cuda:0
forward,1,341,9.148760481136154e-07,True,CONVERGED,float64,cuda:0
forward,2,336,9.410986777093791e-07,True,CONVERGED,float64,cuda:0
adjoint,0,342,9.441529729903945e-07,True,CONVERGED,float64,cuda:0
adjoint,1,343,9.99966517601554e-07,True,CONVERGED,float64,cuda:0
adjoint,2,344,9.661937002778922e-07,True,CONVERGED,float64,cuda:0
forward,0,335,9.589232175557545e-07,True,CONVERGED,float64,cuda:0
forward,1,341,9.121150988749113e-07,True,CONVERGED,float64,cuda:0
forward,2,336,9.362474828313051e-07,True,CONVERGED,float64,cuda:0
adjoint,0,342,9.297929641316669e-07,True,CONVERGED,float64,cuda:0
adjoint,1,343,9.92958920238716e-07,True,CONVERGED,float64,cuda:0
adjoint,2,344,9.575433361258393e-07,True,CONVERGED,float64,cuda:0
forward,0,335,9.582047426399396e-07,True,CONVERGED,float64,cuda:0
forward,1,341,9.109465495391633e-07,True,CONVERGED,float64,cuda:0
forward,2,336,9.344168085397728e-07,True,CONVERGED,float64,cuda:0
adjoint,0,342,9.294294625628748e-07,True,CONVERGED,float64,cuda:0
adjoint,1,343,9.930346957673352e-07,True,CONVERGED,float64,cuda:0
adjoint,2,344,9.637275523836223e-07,True,CONVERGED,float64,cuda:0
forward,0,335,9.676561640903148e-07,True,CONVERGED,float64,cuda:0
forward,1,341,9.145603740704642e-07,True,CONVERGED,float64,cuda:0
forward,2,336,9.415574921808757e-07,True,CONVERGED,float64,cuda:0
adjoint,0,342,9.447806409666343e-07,True,CONVERGED,float64,cuda:0
adjoint,1,344,8.959948615677371e-07,True,CONVERGED,float64,cuda:0
adjoint,2,344,9.723554137404035e-07,True,CONVERGED,float64,cuda:0
forward,0,335,9.539714329664805e-07,True,CONVERGED,float64,cuda:0
forward,1,341,9.09801205575399e-07,True,CONVERGED,float64,cuda:0
forward,2,336,9.328021508041285e-07,True,CONVERGED,float64,cuda:0
adjoint,0,342,9.272488115961279e-07,True,CONVERGED,float64,cuda:0
adjoint,1,343,9.92624774724032e-07,True,CONVERGED,float64,cuda:0
adjoint,2,344,9.58506815551961e-07,True,CONVERGED,float64,cuda:0
forward,0,335,9.572639409897194e-07,True,CONVERGED,float64,cuda:0
forward,1,341,9.11310018394244e-07,True,CONVERGED,float64,cuda:0
forward,2,336,9.329688657866053e-07,True,CONVERGED,float64,cuda:0
adjoint,0,342,9.293215542798138e-07,True,CONVERGED,float64,cuda:0
adjoint,1,343,9.94615461059483e-07,True,CONVERGED,float64,cuda:0
adjoint,2,344,9.6063539740176e-07,True,CONVERGED,float64,cuda:0
forward,0,335,9.613706943757502e-07,True,CONVERGED,float64,cuda:0
forward,1,341,9.122920747720995e-07,True,CONVERGED,float64,cuda:0
forward,2,336,9.358846825524851e-07,True,CONVERGED,float64,cuda:0
adjoint,0,342,9.34318315094688e-07,True,CONVERGED,float64,cuda:0
adjoint,1,343,9.999845801302192e-07,True,CONVERGED,float64,cuda:0
adjoint,2,344,9.65855664521298e-07,True,CONVERGED,float64,cuda:0
forward,0,335,9.554686327102453e-07,True,CONVERGED,float64,cuda:0
forward,1,341,9.095623616251609e-07,True,CONVERGED,float64,cuda:0
forward,2,336,9.313924852656302e-07,True,CONVERGED,float64,cuda:0
adjoint,0,342,9.298869142430096e-07,True,CONVERGED,float64,cuda:0
adjoint,1,343,9.96469313757853e-07,True,CONVERGED,float64,cuda:0
adjoint,2,344,9.645502838668052e-07,True,CONVERGED,float64,cuda:0
forward,0,335,9.543560180295365e-07,True,CONVERGED,float64,cuda:0
forward,1,341,9.092393374200792e-07,True,CONVERGED,float64,cuda:0
forward,2,336,9.315100456473526e-07,True,CONVERGED,float64,cuda:0
adjoint,0,342,9.29994805416507e-07,True,CONVERGED,float64,cuda:0
adjoint,1,343,9.975962004382538e-07,True,CONVERGED,float64,cuda:0
adjoint,2,344,9.611394129556004e-07,True,CONVERGED,float64,cuda:0
forward,0,335,9.564152873138072e-07,True,CONVERGED,float64,cuda:0
forward,1,341,9.110059087871689e-07,True,CONVERGED,float64,cuda:0
forward,2,336,9.327164901950617e-07,True,CONVERGED,float64,cuda:0
adjoint,0,342,9.311642693578919e-07,True,CONVERGED,float64,cuda:0
adjoint,1,343,9.988528899301474e-07,True,CONVERGED,float64,cuda:0
adjoint,2,344,9.6009179876688e-07,True,CONVERGED,float64,cuda:0
forward,0,335,9.529260271955559e-07,True,CONVERGED,float64,cuda:0
forward,1,341,9.091519243079449e-07,True,CONVERGED,float64,cuda:0
forward,2,336,9.295388176863004e-07,True,CONVERGED,float64,cuda:0
adjoint,0,342,9.279365410440544e-07,True,CONVERGED,float64,cuda:0
adjoint,1,343,9.961021359202677e-07,True,CONVERGED,float64,cuda:0
adjoint,2,344,9.593735978057116e-07,True,CONVERGED,float64,cuda:0
forward,0,335,9.566794578362062e-07,True,CONVERGED,float64,cuda:0
forward,1,341,9.099674553973396e-07,True,CONVERGED,float64,cuda:0
forward,2,336,9.310836525138515e-07,True,CONVERGED,float64,cuda:0
adjoint,0,342,9.329576531230806e-07,True,CONVERGED,float64,cuda:0
adjoint,1,344,8.916913089328185e-07,True,CONVERGED,float64,cuda:0
adjoint,2,344,9.649587004434603e-07,True,CONVERGED,float64,cuda:0
forward,0,335,9.514784632449443e-07,True,CONVERGED,float64,cuda:0
forward,1,341,9.089305958928354e-07,True,CONVERGED,float64,cuda:0
forward,2,336,9.292360218360525e-07,True,CONVERGED,float64,cuda:0
adjoint,0,342,9.291157399809066e-07,True,CONVERGED,float64,cuda:0
adjoint,1,343,9.97790025724857e-07,True,CONVERGED,float64,cuda:0
adjoint,2,344,9.596085962269662e-07,True,CONVERGED,float64,cuda:0
forward,0,335,9.559607007791128e-07,True,CONVERGED,float64,cuda:0
forward,1,341,9.116775663011711e-07,True,CONVERGED,float64,cuda:0
forward,2,336,9.313684480102698e-07,True,CONVERGED,float64,cuda:0
adjoint,0,342,9.316656630156214e-07,True,CONVERGED,float64,cuda:0
adjoint,1,344,8.906544101467418e-07,True,CONVERGED,float64,cuda:0
adjoint,2,344,9.621970159139976e-07,True,CONVERGED,float64,cuda:0
forward,0,335,9.528892854579544e-07,True,CONVERGED,float64,cuda:0
forward,1,341,9.098900966496195e-07,True,CONVERGED,float64,cuda:0
forward,2,336,9.299524384462456e-07,True,CONVERGED,float64,cuda:0
adjoint,0,342,9.302501856206071e-07,True,CONVERGED,float64,cuda:0
adjoint,1,343,9.994308902644997e-07,True,CONVERGED,float64,cuda:0
adjoint,2,344,9.609823155666995e-07,True,CONVERGED,float64,cuda:0
forward,0,335,9.530205479895024e-07,True,CONVERGED,float64,cuda:0
forward,1,341,9.08507700557057e-07,True,CONVERGED,float64,cuda:0
forward,2,336,9.279753052830155e-07,True,CONVERGED,float64,cuda:0
adjoint,0,342,9.303472936227573e-07,True,CONVERGED,float64,cuda:0
adjoint,1,344,8.896415261010383e-07,True,CONVERGED,float64,cuda:0
adjoint,2,344,9.63173935376703e-07,True,CONVERGED,float64,cuda:0
forward,0,335,9.520659722613772e-07,True,CONVERGED,float64,cuda:0
forward,1,341,9.070220001818686e-07,True,CONVERGED,float64,cuda:0
forward,2,336,9.258537848925669e-07,True,CONVERGED,float64,cuda:0
adjoint,0,342,9.299883367919138e-07,True,CONVERGED,float64,cuda:0
adjoint,1,343,9.995081219048292e-07,True,CONVERGED,float64,cuda:0
adjoint,2,344,9.644693727440694e-07,True,CONVERGED,float64,cuda:0
forward,0,335,9.490260869999285e-07,True,CONVERGED,float64,cuda:0
forward,1,341,9.060150517166995e-07,True,CONVERGED,float64,cuda:0
forward,2,336,9.244048377990786e-07,True,CONVERGED,float64,cuda:0
adjoint,0,342,9.267520674322966e-07,True,CONVERGED,float64,cuda:0
adjoint,1,343,9.97397015062077e-07,True,CONVERGED,float64,cuda:0
adjoint,2,344,9.606537994465e-07,True,CONVERGED,float64,cuda:0
forward,0,335,9.593294270334123e-07,True,CONVERGED,float64,cuda:0
forward,1,341,9.105619659238351e-07,True,CONVERGED,float64,cuda:0
forward,2,336,9.301732288151598e-07,True,CONVERGED,float64,cuda:0
adjoint,0,342,9.341824586504726e-07,True,CONVERGED,float64,cuda:0
adjoint,1,344,8.942008287704859e-07,True,CONVERGED,float64,cuda:0
adjoint,2,344,9.690781253022543e-07,True,CONVERGED,float64,cuda:0
forward,0,335,9.484125462368293e-07,True,CONVERGED,float64,cuda:0
forward,1,341,9.046997386949888e-07,True,CONVERGED,float64,cuda:0
forward,2,336,9.220608718327169e-07,True,CONVERGED,float64,cuda:0
adjoint,0,342,9.253807007758093e-07,True,CONVERGED,float64,cuda:0
adjoint,1,343,9.95272829122211e-07,True,CONVERGED,float64,cuda:0
adjoint,2,344,9.64399746461912e-07,True,CONVERGED,float64,cuda:0
forward,0,335,9.561748899279425e-07,True,CONVERGED,float64,cuda:0
forward,1,341,9.072748980280857e-07,True,CONVERGED,float64,cuda:0
forward,2,336,9.288868619589949e-07,True,CONVERGED,float64,cuda:0
adjoint,0,342,9.335654553477542e-07,True,CONVERGED,float64,cuda:0
adjoint,1,344,8.943837134389043e-07,True,CONVERGED,float64,cuda:0
adjoint,2,344,9.662916488975836e-07,True,CONVERGED,float64,cuda:0
forward,0,335,9.441230342679185e-07,True,CONVERGED,float64,cuda:0
forward,1,341,9.030355539704122e-07,True,CONVERGED,float64,cuda:0
forward,2,336,9.204368809656097e-07,True,CONVERGED,float64,cuda:0
adjoint,0,342,9.238687171934291e-07,True,CONVERGED,float64,cuda:0
adjoint,1,343,9.947858885094446e-07,True,CONVERGED,float64,cuda:0
adjoint,2,344,9.62077785479082e-07,True,CONVERGED,float64,cuda:0
forward,0,335,9.532028490528258e-07,True,CONVERGED,float64,cuda:0
forward,1,341,9.063006675157338e-07,True,CONVERGED,float64,cuda:0
forward,2,336,9.243024348416354e-07,True,CONVERGED,float64,cuda:0
adjoint,0,342,9.304699848519848e-07,True,CONVERGED,float64,cuda:0
adjoint,1,344,8.902561815990423e-07,True,CONVERGED,float64,cuda:0
adjoint,2,344,9.68874397990243e-07,True,CONVERGED,float64,cuda:0
forward,0,335,9.502906599645732e-07,True,CONVERGED,float64,cuda:0
forward,1,341,9.054953003504655e-07,True,CONVERGED,float64,cuda:0
forward,2,336,9.231333198882409e-07,True,CONVERGED,float64,cuda:0
adjoint,0,342,9.283583087035205e-07,True,CONVERGED,float64,cuda:0
adjoint,1,344,8.898933574196736e-07,True,CONVERGED,float64,cuda:0
adjoint,2,344,9.670550407997698e-07,True,CONVERGED,float64,cuda:0
forward,0,335,9.442833432709615e-07,True,CONVERGED,float64,cuda:0
forward,1,341,9.032007263610188e-07,True,CONVERGED,float64,cuda:0
forward,2,336,9.20139617155817e-07,True,CONVERGED,float64,cuda:0
adjoint,0,342,9.237965841503648e-07,True,CONVERGED,float64,cuda:0
adjoint,1,343,9.966043398740542e-07,True,CONVERGED,float64,cuda:0
adjoint,2,344,9.634482939505475e-07,True,CONVERGED,float64,cuda:0
forward,0,335,9.524536894275925e-07,True,CONVERGED,float64,cuda:0
forward,1,341,9.055562688587104e-07,True,CONVERGED,float64,cuda:0
forward,2,336,9.250250834854853e-07,True,CONVERGED,float64,cuda:0
adjoint,0,342,9.310187669210315e-07,True,CONVERGED,float64,cuda:0
adjoint,1,344,8.923715923135215e-07,True,CONVERGED,float64,cuda:0
adjoint,2,344,9.673710723254522e-07,True,CONVERGED,float64,cuda:0
forward,0,335,9.447132588797939e-07,True,CONVERGED,float64,cuda:0
forward,1,341,9.035349511494772e-07,True,CONVERGED,float64,cuda:0
forward,2,336,9.203797181174754e-07,True,CONVERGED,float64,cuda:0
adjoint,0,342,9.251324595749417e-07,True,CONVERGED,float64,cuda:0
adjoint,1,343,9.96883392983155e-07,True,CONVERGED,float64,cuda:0
adjoint,2,344,9.663523901828832e-07,True,CONVERGED,float64,cuda:0
forward,0,335,9.556130835884439e-07,True,CONVERGED,float64,cuda:0
forward,1,341,9.075946824610616e-07,True,CONVERGED,float64,cuda:0
forward,2,336,9.269076750373194e-07,True,CONVERGED,float64,cuda:0
adjoint,0,342,9.322141827626359e-07,True,CONVERGED,float64,cuda:0
adjoint,1,344,8.940964333551964e-07,True,CONVERGED,float64,cuda:0
adjoint,2,344,9.698961044264812e-07,True,CONVERGED,float64,cuda:0
forward,0,335,9.430110680701608e-07,True,CONVERGED,float64,cuda:0
forward,1,341,9.025967619011398e-07,True,CONVERGED,float64,cuda:0
forward,2,336,9.196895053466457e-07,True,CONVERGED,float64,cuda:0
adjoint,0,341,9.987885470604935e-07,True,CONVERGED,float64,cuda:0
adjoint,1,343,9.961270986117733e-07,True,CONVERGED,float64,cuda:0
adjoint,2,344,9.65120168389219e-07,True,CONVERGED,float64,cuda:0
forward,0,335,9.528254244269731e-07,True,CONVERGED,float64,cuda:0
forward,1,341,9.052923951719192e-07,True,CONVERGED,float64,cuda:0
forward,2,336,9.245333926584971e-07,True,CONVERGED,float64,cuda:0
adjoint,0,342,9.308827792800805e-07,True,CONVERGED,float64,cuda:0
adjoint,1,344,9.131558488503179e-07,True,CONVERGED,float64,cuda:0
adjoint,2,344,9.67989695711573e-07,True,CONVERGED,float64,cuda:0
forward,0,335,9.442098126366128e-07,True,CONVERGED,float64,cuda:0
forward,1,340,9.99826916542957e-07,True,CONVERGED,float64,cuda:0
forward,2,336,9.178051745862058e-07,True,CONVERGED,float64,cuda:0
adjoint,0,341,9.994859113816366e-07,True,CONVERGED,float64,cuda:0
adjoint,1,343,9.980476640082718e-07,True,CONVERGED,float64,cuda:0
adjoint,2,344,9.653285457955645e-07,True,CONVERGED,float64,cuda:0
forward,0,335,9.456250861434784e-07,True,CONVERGED,float64,cuda:0
forward,1,341,9.014138838192105e-07,True,CONVERGED,float64,cuda:0
forward,2,336,9.198013621526803e-07,True,CONVERGED,float64,cuda:0
adjoint,0,342,9.252782065315627e-07,True,CONVERGED,float64,cuda:0
adjoint,1,344,8.885681341763859e-07,True,CONVERGED,float64,cuda:0
adjoint,2,344,9.641736837467525e-07,True,CONVERGED,float64,cuda:0
forward,0,335,9.440720232174354e-07,True,CONVERGED,float64,cuda:0
forward,1,340,9.990336654812527e-07,True,CONVERGED,float64,cuda:0
forward,2,336,9.178316180159864e-07,True,CONVERGED,float64,cuda:0
adjoint,0,341,9.989557245449905e-07,True,CONVERGED,float64,cuda:0
adjoint,1,344,8.867525863297398e-07,True,CONVERGED,float64,cuda:0
adjoint,2,344,9.63131721215602e-07,True,CONVERGED,float64,cuda:0
forward,0,335,9.40306748285083e-07,True,CONVERGED,float64,cuda:0
forward,1,340,9.969336727532388e-07,True,CONVERGED,float64,cuda:0
forward,2,336,9.156618441002529e-07,True,CONVERGED,float64,cuda:0
adjoint,0,341,9.9577245774342e-07,True,CONVERGED,float64,cuda:0
adjoint,1,343,9.971592500142938e-07,True,CONVERGED,float64,cuda:0
adjoint,2,344,9.615440140029545e-07,True,CONVERGED,float64,cuda:0
forward,0,335,9.579225696604117e-07,True,CONVERGED,float64,cuda:0
forward,1,341,9.047638063742354e-07,True,CONVERGED,float64,cuda:0
forward,2,336,9.249892367921343e-07,True,CONVERGED,float64,cuda:0
adjoint,0,342,9.333223960576753e-07,True,CONVERGED,float64,cuda:0
adjoint,1,344,8.958493369318931e-07,True,CONVERGED,float64,cuda:0
adjoint,2,344,9.649001018855703e-07,True,CONVERGED,float64,cuda:0
forward,0,335,9.363076402504636e-07,True,CONVERGED,float64,cuda:0
forward,1,340,9.929629069779624e-07,True,CONVERGED,float64,cuda:0
forward,2,336,9.107916670308762e-07,True,CONVERGED,float64,cuda:0
adjoint,0,341,9.918454085957112e-07,True,CONVERGED,float64,cuda:0
adjoint,1,343,9.883838043795134e-07,True,CONVERGED,float64,cuda:0
adjoint,2,344,9.60841189248423e-07,True,CONVERGED,float64,cuda:0
forward,0,335,9.588389950188824e-07,True,CONVERGED,float64,cuda:0
forward,1,341,9.052629883987837e-07,True,CONVERGED,float64,cuda:0
forward,2,336,9.304918194978894e-07,True,CONVERGED,float64,cuda:0
adjoint,0,342,9.414429132886115e-07,True,CONVERGED,float64,cuda:0
adjoint,1,344,8.988661083724067e-07,True,CONVERGED,float64,cuda:0
adjoint,2,344,9.670672875883716e-07,True,CONVERGED,float64,cuda:0
forward,0,335,9.412946070883541e-07,True,CONVERGED,float64,cuda:0
forward,1,340,9.985660372756711e-07,True,CONVERGED,float64,cuda:0
forward,2,336,9.15770016204137e-07,True,CONVERGED,float64,cuda:0
adjoint,0,341,9.958696596236746e-07,True,CONVERGED,float64,cuda:0
adjoint,1,343,9.97730864029673e-07,True,CONVERGED,float64,cuda:0
adjoint,2,344,9.609519798833177e-07,True,CONVERGED,float64,cuda:0
forward,0,335,9.420124312655076e-07,True,CONVERGED,float64,cuda:0
forward,1,340,9.936939782297768e-07,True,CONVERGED,float64,cuda:0
forward,2,336,9.091182925538953e-07,True,CONVERGED,float64,cuda:0
adjoint,0,341,9.94994880992976e-07,True,CONVERGED,float64,cuda:0
adjoint,1,343,9.901129806345934e-07,True,CONVERGED,float64,cuda:0
adjoint,2,344,9.570694064602672e-07,True,CONVERGED,float64,cuda:0
forward,0,335,9.711412316607844e-07,True,CONVERGED,float64,cuda:0
forward,1,341,9.07589650607446e-07,True,CONVERGED,float64,cuda:0
forward,2,336,9.360146016490035e-07,True,CONVERGED,float64,cuda:0
adjoint,0,342,9.433138490622846e-07,True,CONVERGED,float64,cuda:0
adjoint,1,344,9.047754766208384e-07,True,CONVERGED,float64,cuda:0
adjoint,2,344,9.675479377489736e-07,True,CONVERGED,float64,cuda:0
forward,0,335,9.336804895351614e-07,True,CONVERGED,float64,cuda:0
forward,1,340,9.960503743307457e-07,True,CONVERGED,float64,cuda:0
forward,2,336,9.135474047050567e-07,True,CONVERGED,float64,cuda:0
adjoint,0,341,9.894615798932353e-07,True,CONVERGED,float64,cuda:0
adjoint,1,343,9.92285976292795e-07,True,CONVERGED,float64,cuda:0
adjoint,2,344,9.599266653377419e-07,True,CONVERGED,float64,cuda:0
forward,0,335,9.32705162780269e-07,True,CONVERGED,float64,cuda:0
forward,1,340,9.838107515738008e-07,True,CONVERGED,float64,cuda:0
forward,2,336,8.981910071287004e-07,True,CONVERGED,float64,cuda:0
adjoint,0,341,9.806227414208835e-07,True,CONVERGED,float64,cuda:0
adjoint,1,343,9.7013107322991e-07,True,CONVERGED,float64,cuda:0
adjoint,2,344,9.560031390124263e-07,True,CONVERGED,float64,cuda:0
forward,0,335,9.95865647803516e-07,True,CONVERGED,float64,cuda:0
forward,1,341,9.071193619086223e-07,True,CONVERGED,float64,cuda:0
forward,2,336,9.476897125210614e-07,True,CONVERGED,float64,cuda:0
adjoint,0,342,9.591488595305373e-07,True,CONVERGED,float64,cuda:0
adjoint,1,344,9.183417037304564e-07,True,CONVERGED,float64,cuda:0
adjoint,2,344,9.727997384290261e-07,True,CONVERGED,float64,cuda:0
forward,0,335,9.356458148823659e-07,True,CONVERGED,float64,cuda:0
forward,1,340,9.97719655428798e-07,True,CONVERGED,float64,cuda:0
forward,2,336,9.245884059310859e-07,True,CONVERGED,float64,cuda:0
adjoint,0,341,9.929286894611928e-07,True,CONVERGED,float64,cuda:0
adjoint,1,343,9.969965006931253e-07,True,CONVERGED,float64,cuda:0
adjoint,2,344,9.55272812361041e-07,True,CONVERGED,float64,cuda:0
forward,0,335,9.115857390752793e-07,True,CONVERGED,float64,cuda:0
forward,1,340,9.726584043344244e-07,True,CONVERGED,float64,cuda:0
forward,2,336,9.024743469408405e-07,True,CONVERGED,float64,cuda:0
adjoint,0,341,9.859359780350437e-07,True,CONVERGED,float64,cuda:0
adjoint,1,343,9.498703006277336e-07,True,CONVERGED,float64,cuda:0
adjoint,2,344,9.483152181555339e-07,True,CONVERGED,float64,cuda:0
forward,0,336,8.640979781109836e-07,True,CONVERGED,float64,cuda:0
forward,1,341,9.056614674312064e-07,True,CONVERGED,float64,cuda:0
forward,2,336,9.53702461166679e-07,True,CONVERGED,float64,cuda:0
adjoint,0,342,9.637829235917465e-07,True,CONVERGED,float64,cuda:0
adjoint,1,344,9.20059657364815e-07,True,CONVERGED,float64,cuda:0
adjoint,2,344,9.839389722030337e-07,True,CONVERGED,float64,cuda:0
forward,0,335,9.511943620220499e-07,True,CONVERGED,float64,cuda:0
forward,1,340,9.915275272487212e-07,True,CONVERGED,float64,cuda:0
forward,2,336,9.279060354546501e-07,True,CONVERGED,float64,cuda:0
adjoint,0,342,9.293298021518995e-07,True,CONVERGED,float64,cuda:0
adjoint,1,344,8.948849502273379e-07,True,CONVERGED,float64,cuda:0
adjoint,2,344,9.494824478376354e-07,True,CONVERGED,float64,cuda:0
forward,0,335,8.983626134437892e-07,True,CONVERGED,float64,cuda:0
forward,1,340,9.68190759249637e-07,True,CONVERGED,float64,cuda:0
forward,2,336,9.05516357068688e-07,True,CONVERGED,float64,cuda:0
adjoint,0,341,9.494329779856173e-07,True,CONVERGED,float64,cuda:0
adjoint,1,343,9.423734186922954e-07,True,CONVERGED,float64,cuda:0
adjoint,2,344,9.455649380759912e-07,True,CONVERGED,float64,cuda:0
forward,0,335,9.82407608137749e-07,True,CONVERGED,float64,cuda:0
forward,1,340,9.928372706079172e-07,True,CONVERGED,float64,cuda:0
forward,2,336,9.410864173024197e-07,True,CONVERGED,float64,cuda:0
adjoint,0,342,9.497403804260593e-07,True,CONVERGED,float64,cuda:0
adjoint,1,344,9.083437863904638e-07,True,CONVERGED,float64,cuda:0
adjoint,2,344,9.580729280100694e-07,True,CONVERGED,float64,cuda:0
forward,0,335,9.843915113837602e-07,True,CONVERGED,float64,cuda:0
forward,1,340,9.936473793091805e-07,True,CONVERGED,float64,cuda:0
forward,2,336,9.418538033701233e-07,True,CONVERGED,float64,cuda:0
adjoint,0,342,9.49641664059503e-07,True,CONVERGED,float64,cuda:0
adjoint,1,344,9.090359504097212e-07,True,CONVERGED,float64,cuda:0
adjoint,2,344,9.596912274185846e-07,True,CONVERGED,float64,cuda:0
forward,0,335,9.208325749583101e-07,True,CONVERGED,float64,cuda:0
forward,1,340,9.706894156279565e-07,True,CONVERGED,float64,cuda:0
forward,2,336,9.062938613833497e-07,True,CONVERGED,float64,cuda:0
adjoint,0,341,9.71217861263671e-07,True,CONVERGED,float64,cuda:0
adjoint,1,343,9.529794690659558e-07,True,CONVERGED,float64,cuda:0
adjoint,2,344,9.502112620710054e-07,True,CONVERGED,float64,cuda:0
forward,0,335,9.603524211230701e-07,True,CONVERGED,float64,cuda:0
forward,1,340,9.911450070566447e-07,True,CONVERGED,float64,cuda:0
forward,2,336,9.345505117874144e-07,True,CONVERGED,float64,cuda:0
adjoint,0,342,9.319882360494736e-07,True,CONVERGED,float64,cuda:0
adjoint,1,344,9.010056287104556e-07,True,CONVERGED,float64,cuda:0
adjoint,2,344,9.515831996120163e-07,True,CONVERGED,float64,cuda:0
forward,0,335,9.948811800921596e-07,True,CONVERGED,float64,cuda:0
forward,1,340,9.964927071579552e-07,True,CONVERGED,float64,cuda:0
forward,2,336,9.486163940129783e-07,True,CONVERGED,float64,cuda:0
adjoint,0,342,9.57706034692881e-07,True,CONVERGED,float64,cuda:0
adjoint,1,344,9.177080309290763e-07,True,CONVERGED,float64,cuda:0
adjoint,2,344,9.677385714068283e-07,True,CONVERGED,float64,cuda:0
forward,0,335,9.365905997944576e-07,True,CONVERGED,float64,cuda:0
forward,1,340,9.2061384601416e-07,True,CONVERGED,float64,cuda:0
forward,2,336,9.016672043352823e-07,True,CONVERGED,float64,cuda:0
adjoint,0,338,9.905820863183899e-07,True,CONVERGED,float64,cuda:0
adjoint,1,324,8.562048483505252e-07,True,CONVERGED,float64,cuda:0
adjoint,2,322,9.906490753517922e-07,True,CONVERGED,float64,cuda:0
forward,0,336,9.442373519731566e-07,True,CONVERGED,float64,cuda:0
forward,1,340,9.369895590401288e-07,True,CONVERGED,float64,cuda:0
forward,2,337,9.45925454810345e-07,True,CONVERGED,float64,cuda:0
adjoint,0,340,9.414616218645581e-07,True,CONVERGED,float64,cuda:0
adjoint,1,322,8.969297806440763e-07,True,CONVERGED,float64,cuda:0
adjoint,2,329,9.500593281979061e-07,True,CONVERGED,float64,cuda:0
forward,0,336,9.482384367837946e-07,True,CONVERGED,float64,cuda:0
forward,1,340,9.427941798965805e-07,True,CONVERGED,float64,cuda:0
forward,2,337,9.443056888725586e-07,True,CONVERGED,float64,cuda:0
adjoint,0,340,9.197033386101862e-07,True,CONVERGED,float64,cuda:0
adjoint,1,323,8.741734320283688e-07,True,CONVERGED,float64,cuda:0
adjoint,2,328,9.872775735542608e-07,True,CONVERGED,float64,cuda:0
forward,0,335,9.728466996642254e-07,True,CONVERGED,float64,cuda:0
forward,1,339,9.84127841583062e-07,True,CONVERGED,float64,cuda:0
forward,2,335,9.840921829124722e-07,True,CONVERGED,float64,cuda:0
adjoint,0,338,9.300966300037203e-07,True,CONVERGED,float64,cuda:0
adjoint,1,325,8.640183991667036e-07,True,CONVERGED,float64,cuda:0
adjoint,2,322,9.908168465648742e-07,True,CONVERGED,float64,cuda:0
forward,0,335,9.607200001245982e-07,True,CONVERGED,float64,cuda:0
forward,1,339,9.745243120457155e-07,True,CONVERGED,float64,cuda:0
forward,2,336,8.781698049577607e-07,True,CONVERGED,float64,cuda:0
adjoint,0,338,9.335903513209594e-07,True,CONVERGED,float64,cuda:0
adjoint,1,324,8.465359363100495e-07,True,CONVERGED,float64,cuda:0
adjoint,2,322,9.063444202140759e-07,True,CONVERGED,float64,cuda:0
forward,0,336,9.59501786721905e-07,True,CONVERGED,float64,cuda:0
forward,1,340,9.461276270585093e-07,True,CONVERGED,float64,cuda:0
forward,2,337,9.80027551372279e-07,True,CONVERGED,float64,cuda:0
adjoint,0,340,9.140279512712357e-07,True,CONVERGED,float64,cuda:0
adjoint,1,323,9.073561669111279e-07,True,CONVERGED,float64,cuda:0
adjoint,2,326,9.842460625058858e-07,True,CONVERGED,float64,cuda:0
forward,0,337,9.037451707626254e-07,True,CONVERGED,float64,cuda:0
forward,1,341,9.359372050010013e-07,True,CONVERGED,float64,cuda:0
forward,2,338,9.225361230863444e-07,True,CONVERGED,float64,cuda:0
adjoint,0,341,9.080725488233694e-07,True,CONVERGED,float64,cuda:0
adjoint,1,324,9.803919250423794e-07,True,CONVERGED,float64,cuda:0
adjoint,2,329,9.371271760586313e-07,True,CONVERGED,float64,cuda:0
forward,0,335,9.197100752673413e-07,True,CONVERGED,float64,cuda:0
forward,1,339,9.941731397198433e-07,True,CONVERGED,float64,cuda:0
forward,2,337,9.323198215095247e-07,True,CONVERGED,float64,cuda:0
adjoint,0,335,9.813701576774202e-07,True,CONVERGED,float64,cuda:0
adjoint,1,327,9.721249362468966e-07,True,CONVERGED,float64,cuda:0
adjoint,2,321,9.856936075044186e-07,True,CONVERGED,float64,cuda:0
forward,0,335,9.251602284019004e-07,True,CONVERGED,float64,cuda:0
forward,1,339,9.675068976792416e-07,True,CONVERGED,float64,cuda:0
forward,2,337,9.354115540452376e-07,True,CONVERGED,float64,cuda:0
adjoint,0,334,9.79767462863036e-07,True,CONVERGED,float64,cuda:0
adjoint,1,326,9.506586744373486e-07,True,CONVERGED,float64,cuda:0
adjoint,2,321,9.889358687635556e-07,True,CONVERGED,float64,cuda:0
forward,0,336,9.60958688206957e-07,True,CONVERGED,float64,cuda:0
forward,1,339,9.957358168195753e-07,True,CONVERGED,float64,cuda:0
forward,2,337,9.86433301280005e-07,True,CONVERGED,float64,cuda:0
adjoint,0,340,8.910150549575107e-07,True,CONVERGED,float64,cuda:0
adjoint,1,323,9.768970821345517e-07,True,CONVERGED,float64,cuda:0
adjoint,2,322,9.936709544681312e-07,True,CONVERGED,float64,cuda:0
forward,0,337,9.897468806143499e-07,True,CONVERGED,float64,cuda:0
forward,1,343,9.249999993746811e-07,True,CONVERGED,float64,cuda:0
forward,2,340,9.973514932961023e-07,True,CONVERGED,float64,cuda:0
adjoint,0,342,9.408598288218207e-07,True,CONVERGED,float64,cuda:0
adjoint,1,333,9.633523785700153e-07,True,CONVERGED,float64,cuda:0
adjoint,2,333,9.569760809801632e-07,True,CONVERGED,float64,cuda:0
forward,0,336,9.9792106709345e-07,True,CONVERGED,float64,cuda:0
forward,1,340,9.96598535237652e-07,True,CONVERGED,float64,cuda:0
forward,2,338,9.360549180772115e-07,True,CONVERGED,float64,cuda:0
adjoint,0,340,9.812515834014568e-07,True,CONVERGED,float64,cuda:0
adjoint,1,324,9.971945688055897e-07,True,CONVERGED,float64,cuda:0
adjoint,2,327,9.765595997010527e-07,True,CONVERGED,float64,cuda:0
forward,0,336,8.89209899479418e-07,True,CONVERGED,float64,cuda:0
forward,1,339,9.906180490353927e-07,True,CONVERGED,float64,cuda:0
forward,2,338,9.331038478484296e-07,True,CONVERGED,float64,cuda:0
adjoint,0,335,9.62761477555732e-07,True,CONVERGED,float64,cuda:0
adjoint,1,324,9.142757332864466e-07,True,CONVERGED,float64,cuda:0
adjoint,2,323,9.260453472232047e-07,True,CONVERGED,float64,cuda:0
forward,0,335,9.882666338128769e-07,True,CONVERGED,float64,cuda:0
forward,1,339,9.939389207041455e-07,True,CONVERGED,float64,cuda:0
forward,2,338,9.036555943854816e-07,True,CONVERGED,float64,cuda:0
adjoint,0,337,9.484108170536396e-07,True,CONVERGED,float64,cuda:0
adjoint,1,324,9.730535319645799e-07,True,CONVERGED,float64,cuda:0
adjoint,2,322,9.517530561851123e-07,True,CONVERGED,float64,cuda:0
forward,0,337,9.249613774943775e-07,True,CONVERGED,float64,cuda:0
forward,1,340,9.948847563096208e-07,True,CONVERGED,float64,cuda:0
forward,2,338,9.213686819256526e-07,True,CONVERGED,float64,cuda:0
adjoint,0,340,9.82510174393081e-07,True,CONVERGED,float64,cuda:0
adjoint,1,324,9.735343881710938e-07,True,CONVERGED,float64,cuda:0
adjoint,2,326,9.775179209496423e-07,True,CONVERGED,float64,cuda:0
forward,0,337,9.583136557859963e-07,True,CONVERGED,float64,cuda:0
forward,1,341,9.166133730139134e-07,True,CONVERGED,float64,cuda:0
forward,2,339,9.552016685918625e-07,True,CONVERGED,float64,cuda:0
adjoint,0,341,9.244759369376354e-07,True,CONVERGED,float64,cuda:0
adjoint,1,326,9.6140601523961e-07,True,CONVERGED,float64,cuda:0
adjoint,2,329,9.068298036813654e-07,True,CONVERGED,float64,cuda:0
forward,0,336,8.985166711128727e-07,True,CONVERGED,float64,cuda:0
forward,1,339,9.460445561275774e-07,True,CONVERGED,float64,cuda:0
forward,2,338,9.8904580305684e-07,True,CONVERGED,float64,cuda:0
adjoint,0,339,9.8623046182439e-07,True,CONVERGED,float64,cuda:0
adjoint,1,328,9.39604949144169e-07,True,CONVERGED,float64,cuda:0
adjoint,2,323,9.826822497476542e-07,True,CONVERGED,float64,cuda:0
forward,0,335,9.780002190374372e-07,True,CONVERGED,float64,cuda:0
forward,1,339,9.416804253639294e-07,True,CONVERGED,float64,cuda:0
forward,2,338,8.938090144725922e-07,True,CONVERGED,float64,cuda:0
adjoint,0,338,9.720095426690403e-07,True,CONVERGED,float64,cuda:0
adjoint,1,324,8.823261764634657e-07,True,CONVERGED,float64,cuda:0
adjoint,2,326,9.30938543850942e-07,True,CONVERGED,float64,cuda:0
forward,0,335,9.99461371791198e-07,True,CONVERGED,float64,cuda:0
forward,1,340,9.55322396748014e-07,True,CONVERGED,float64,cuda:0
forward,2,338,8.770311042866786e-07,True,CONVERGED,float64,cuda:0
adjoint,0,337,9.70037248439337e-07,True,CONVERGED,float64,cuda:0
adjoint,1,329,9.415476314427436e-07,True,CONVERGED,float64,cuda:0
adjoint,2,327,9.110511559497605e-07,True,CONVERGED,float64,cuda:0
forward,0,336,9.378431815835105e-07,True,CONVERGED,float64,cuda:0
forward,1,341,9.118125098490188e-07,True,CONVERGED,float64,cuda:0
forward,2,339,8.98623727479105e-07,True,CONVERGED,float64,cuda:0
adjoint,0,339,9.55948901274631e-07,True,CONVERGED,float64,cuda:0
adjoint,1,327,9.809589229993185e-07,True,CONVERGED,float64,cuda:0
adjoint,2,327,8.801747708454021e-07,True,CONVERGED,float64,cuda:0
forward,0,337,8.633955173400168e-07,True,CONVERGED,float64,cuda:0
forward,1,340,9.889480482152925e-07,True,CONVERGED,float64,cuda:0
forward,2,338,9.695320408169844e-07,True,CONVERGED,float64,cuda:0
adjoint,0,340,9.680384676403742e-07,True,CONVERGED,float64,cuda:0
adjoint,1,325,9.987776696459298e-07,True,CONVERGED,float64,cuda:0
adjoint,2,327,8.817706831952825e-07,True,CONVERGED,float64,cuda:0
forward,0,335,9.96836195519978e-07,True,CONVERGED,float64,cuda:0
forward,1,339,9.739575733340129e-07,True,CONVERGED,float64,cuda:0
forward,2,339,8.482423967996148e-07,True,CONVERGED,float64,cuda:0
adjoint,0,340,9.846558765563582e-07,True,CONVERGED,float64,cuda:0
adjoint,1,322,9.631878983741674e-07,True,CONVERGED,float64,cuda:0
adjoint,2,328,9.958532210080814e-07,True,CONVERGED,float64,cuda:0
forward,0,335,9.63988164631921e-07,True,CONVERGED,float64,cuda:0
forward,1,339,9.591081589994008e-07,True,CONVERGED,float64,cuda:0
forward,2,339,8.278065043187825e-07,True,CONVERGED,float64,cuda:0
adjoint,0,340,9.986118985137912e-07,True,CONVERGED,float64,cuda:0
adjoint,1,324,9.81330932482273e-07,True,CONVERGED,float64,cuda:0
adjoint,2,329,9.154939384546484e-07,True,CONVERGED,float64,cuda:0
forward,0,336,9.023154610628532e-07,True,CONVERGED,float64,cuda:0
forward,1,339,9.389021882942903e-07,True,CONVERGED,float64,cuda:0
forward,2,339,8.560826055309995e-07,True,CONVERGED,float64,cuda:0
adjoint,0,341,8.830296222597868e-07,True,CONVERGED,float64,cuda:0
adjoint,1,323,9.594864217001624e-07,True,CONVERGED,float64,cuda:0
adjoint,2,330,9.616911081020262e-07,True,CONVERGED,float64,cuda:0
forward,0,336,9.84747110995411e-07,True,CONVERGED,float64,cuda:0
forward,1,339,9.379138398980464e-07,True,CONVERGED,float64,cuda:0
forward,2,339,9.098905903937406e-07,True,CONVERGED,float64,cuda:0
adjoint,0,341,9.416492059997977e-07,True,CONVERGED,float64,cuda:0
adjoint,1,324,9.711031477051873e-07,True,CONVERGED,float64,cuda:0
adjoint,2,331,9.698173413639266e-07,True,CONVERGED,float64,cuda:0
forward,0,336,9.646908198160717e-07,True,CONVERGED,float64,cuda:0
forward,1,338,9.849890732619773e-07,True,CONVERGED,float64,cuda:0
forward,2,339,8.794085332594428e-07,True,CONVERGED,float64,cuda:0
adjoint,0,341,8.968003348689649e-07,True,CONVERGED,float64,cuda:0
adjoint,1,323,9.603704533561456e-07,True,CONVERGED,float64,cuda:0
adjoint,2,330,9.828960521426825e-07,True,CONVERGED,float64,cuda:0
forward,0,336,9.239294584849425e-07,True,CONVERGED,float64,cuda:0
forward,1,338,9.868761865172911e-07,True,CONVERGED,float64,cuda:0
forward,2,338,9.693184635957222e-07,True,CONVERGED,float64,cuda:0
adjoint,0,340,9.881522909250564e-07,True,CONVERGED,float64,cuda:0
adjoint,1,323,9.539941678159252e-07,True,CONVERGED,float64,cuda:0
adjoint,2,330,9.297746912158926e-07,True,CONVERGED,float64,cuda:0
forward,0,336,9.48935735981288e-07,True,CONVERGED,float64,cuda:0
forward,1,338,9.899741884169537e-07,True,CONVERGED,float64,cuda:0
forward,2,338,8.955545596257448e-07,True,CONVERGED,float64,cuda:0
adjoint,0,340,9.274901322724975e-07,True,CONVERGED,float64,cuda:0
adjoint,1,323,8.949789496404096e-07,True,CONVERGED,float64,cuda:0
adjoint,2,327,9.525349594844205e-07,True,CONVERGED,float64,cuda:0
forward,0,336,9.338592873811753e-07,True,CONVERGED,float64,cuda:0
forward,1,339,9.934021948697065e-07,True,CONVERGED,float64,cuda:0
forward,2,339,9.541708098801911e-07,True,CONVERGED,float64,cuda:0
adjoint,0,340,8.843989857340192e-07,True,CONVERGED,float64,cuda:0
adjoint,1,325,9.342590771331931e-07,True,CONVERGED,float64,cuda:0
adjoint,2,329,9.511880173652526e-07,True,CONVERGED,float64,cuda:0
forward,0,335,9.649033055895725e-07,True,CONVERGED,float64,cuda:0
forward,1,339,9.748556431534871e-07,True,CONVERGED,float64,cuda:0
forward,2,337,8.713836939477152e-07,True,CONVERGED,float64,cuda:0
adjoint,0,339,9.679264459213988e-07,True,CONVERGED,float64,cuda:0
adjoint,1,323,9.261064687773317e-07,True,CONVERGED,float64,cuda:0
adjoint,2,325,9.118301966809834e-07,True,CONVERGED,float64,cuda:0
forward,0,335,9.267060408601882e-07,True,CONVERGED,float64,cuda:0
forward,1,338,9.264494444543375e-07,True,CONVERGED,float64,cuda:0
forward,2,336,9.202910033805536e-07,True,CONVERGED,float64,cuda:0
adjoint,0,338,9.476151163431961e-07,True,CONVERGED,float64,cuda:0
adjoint,1,328,9.50972277422267e-07,True,CONVERGED,float64,cuda:0
adjoint,2,326,9.817021666071448e-07,True,CONVERGED,float64,cuda:0
forward,0,335,9.37828328381535e-07,True,CONVERGED,float64,cuda:0
forward,1,338,9.389262345524987e-07,True,CONVERGED,float64,cuda:0
forward,2,336,9.39959484980545e-07,True,CONVERGED,float64,cuda:0
adjoint,0,338,9.164657589371332e-07,True,CONVERGED,float64,cuda:0
adjoint,1,323,9.17634328262688e-07,True,CONVERGED,float64,cuda:0
adjoint,2,326,9.78346474339425e-07,True,CONVERGED,float64,cuda:0
forward,0,335,9.574549869444336e-07,True,CONVERGED,float64,cuda:0
forward,1,339,9.946485988980644e-07,True,CONVERGED,float64,cuda:0
forward,2,336,9.92948231464266e-07,True,CONVERGED,float64,cuda:0
adjoint,0,339,9.548437801548822e-07,True,CONVERGED,float64,cuda:0
adjoint,1,323,9.188053077810927e-07,True,CONVERGED,float64,cuda:0
adjoint,2,322,9.787289871253592e-07,True,CONVERGED,float64,cuda:0
forward,0,336,9.297611746039772e-07,True,CONVERGED,float64,cuda:0
forward,1,339,9.930880207402962e-07,True,CONVERGED,float64,cuda:0
forward,2,338,9.494947249061189e-07,True,CONVERGED,float64,cuda:0
adjoint,0,340,8.701836478482136e-07,True,CONVERGED,float64,cuda:0
adjoint,1,323,9.386786426791259e-07,True,CONVERGED,float64,cuda:0
adjoint,2,326,9.58685414632846e-07,True,CONVERGED,float64,cuda:0
forward,0,337,8.712575429453428e-07,True,CONVERGED,float64,cuda:0
forward,1,341,9.323794504697436e-07,True,CONVERGED,float64,cuda:0
forward,2,338,9.963227237369346e-07,True,CONVERGED,float64,cuda:0
adjoint,0,340,8.91268710871003e-07,True,CONVERGED,float64,cuda:0
adjoint,1,325,9.572871832526584e-07,True,CONVERGED,float64,cuda:0
adjoint,2,327,9.978853733585863e-07,True,CONVERGED,float64,cuda:0
forward,0,336,9.824226735390584e-07,True,CONVERGED,float64,cuda:0
forward,1,340,9.539409543882367e-07,True,CONVERGED,float64,cuda:0
forward,2,338,9.671129528558412e-07,True,CONVERGED,float64,cuda:0
adjoint,0,341,8.681376078449461e-07,True,CONVERGED,float64,cuda:0
adjoint,1,323,9.837645858905992e-07,True,CONVERGED,float64,cuda:0
adjoint,2,324,9.907089391217593e-07,True,CONVERGED,float64,cuda:0
forward,0,336,9.303156376099047e-07,True,CONVERGED,float64,cuda:0
forward,1,339,9.846632746246767e-07,True,CONVERGED,float64,cuda:0
forward,2,338,9.936110895627191e-07,True,CONVERGED,float64,cuda:0
adjoint,0,340,9.403061676372409e-07,True,CONVERGED,float64,cuda:0
adjoint,1,328,9.672185518269512e-07,True,CONVERGED,float64,cuda:0
adjoint,2,328,8.877061402532622e-07,True,CONVERGED,float64,cuda:0
forward,0,336,9.690864893962862e-07,True,CONVERGED,float64,cuda:0
forward,1,339,9.84240438287304e-07,True,CONVERGED,float64,cuda:0
forward,2,339,9.64230091531794e-07,True,CONVERGED,float64,cuda:0
adjoint,0,341,8.71897627698064e-07,True,CONVERGED,float64,cuda:0
adjoint,1,325,9.987959310601934e-07,True,CONVERGED,float64,cuda:0
adjoint,2,328,9.745687010883966e-07,True,CONVERGED,float64,cuda:0
forward,0,337,9.05653352603173e-07,True,CONVERGED,float64,cuda:0
forward,1,341,9.064958403603617e-07,True,CONVERGED,float64,cuda:0
forward,2,339,9.105787004873761e-07,True,CONVERGED,float64,cuda:0
adjoint,0,341,8.991239439942347e-07,True,CONVERGED,float64,cuda:0
adjoint,1,324,9.828069026229235e-07,True,CONVERGED,float64,cuda:0
adjoint,2,330,9.131789460452255e-07,True,CONVERGED,float64,cuda:0
forward,0,338,9.461111783542311e-07,True,CONVERGED,float64,cuda:0
forward,1,342,9.76808854850537e-07,True,CONVERGED,float64,cuda:0
forward,2,340,8.525460187313317e-07,True,CONVERGED,float64,cuda:0
adjoint,0,341,9.88690882808624e-07,True,CONVERGED,float64,cuda:0
adjoint,1,330,9.858753854512987e-07,True,CONVERGED,float64,cuda:0
adjoint,2,332,9.310370150037183e-07,True,CONVERGED,float64,cuda:0
forward,0,336,9.161852488997031e-07,True,CONVERGED,float64,cuda:0
forward,1,339,9.948877344117937e-07,True,CONVERGED,float64,cuda:0
forward,2,338,8.778428430811576e-07,True,CONVERGED,float64,cuda:0
adjoint,0,340,9.400911091340413e-07,True,CONVERGED,float64,cuda:0
adjoint,1,323,9.085854153773819e-07,True,CONVERGED,float64,cuda:0
adjoint,2,326,9.074943145786089e-07,True,CONVERGED,float64,cuda:0
forward,0,335,9.94536857118397e-07,True,CONVERGED,float64,cuda:0
forward,1,339,9.64656471777345e-07,True,CONVERGED,float64,cuda:0
forward,2,337,8.649479919912697e-07,True,CONVERGED,float64,cuda:0
adjoint,0,340,9.003828323663256e-07,True,CONVERGED,float64,cuda:0
adjoint,1,323,8.753666755184565e-07,True,CONVERGED,float64,cuda:0
adjoint,2,322,9.502591098344433e-07,True,CONVERGED,float64,cuda:0
forward,0,335,9.55931341787342e-07,True,CONVERGED,float64,cuda:0
forward,1,339,9.419461824649739e-07,True,CONVERGED,float64,cuda:0
forward,2,336,9.589245952680419e-07,True,CONVERGED,float64,cuda:0
adjoint,0,338,9.955243245878487e-07,True,CONVERGED,float64,cuda:0
adjoint,1,323,9.883474486759608e-07,True,CONVERGED,float64,cuda:0
adjoint,2,322,9.334218664691928e-07,True,CONVERGED,float64,cuda:0
forward,0,335,9.523490657693614e-07,True,CONVERGED,float64,cuda:0
forward,1,339,9.185783821419302e-07,True,CONVERGED,float64,cuda:0
forward,2,336,9.567864897040852e-07,True,CONVERGED,float64,cuda:0
adjoint,0,338,9.435005939675533e-07,True,CONVERGED,float64,cuda:0
adjoint,1,324,9.285190598731102e-07,True,CONVERGED,float64,cuda:0
adjoint,2,321,9.727321694896364e-07,True,CONVERGED,float64,cuda:0
forward,0,335,9.718678938095611e-07,True,CONVERGED,float64,cuda:0
forward,1,339,9.746555048320798e-07,True,CONVERGED,float64,cuda:0
forward,2,337,8.742399607936506e-07,True,CONVERGED,float64,cuda:0
adjoint,0,338,9.758797707608164e-07,True,CONVERGED,float64,cuda:0
adjoint,1,323,9.98433455633697e-07,True,CONVERGED,float64,cuda:0
adjoint,2,325,9.584556939412225e-07,True,CONVERGED,float64,cuda:0
forward,0,336,9.174061367515754e-07,True,CONVERGED,float64,cuda:0
forward,1,339,9.502122625325838e-07,True,CONVERGED,float64,cuda:0
forward,2,338,8.866052678514816e-07,True,CONVERGED,float64,cuda:0
adjoint,0,339,9.328967572659176e-07,True,CONVERGED,float64,cuda:0
adjoint,1,323,9.96954947076132e-07,True,CONVERGED,float64,cuda:0
adjoint,2,325,9.857434767385353e-07,True,CONVERGED,float64,cuda:0
forward,0,336,9.765070132244028e-07,True,CONVERGED,float64,cuda:0
forward,1,340,9.82353110515848e-07,True,CONVERGED,float64,cuda:0
forward,2,338,9.726955831437802e-07,True,CONVERGED,float64,cuda:0
adjoint,0,340,8.810107905742172e-07,True,CONVERGED,float64,cuda:0
adjoint,1,324,9.405873936705741e-07,True,CONVERGED,float64,cuda:0
adjoint,2,328,8.910199758094129e-07,True,CONVERGED,float64,cuda:0
forward,0,336,9.069111247681546e-07,True,CONVERGED,float64,cuda:0
forward,1,339,9.620889385596016e-07,True,CONVERGED,float64,cuda:0
forward,2,337,9.092641796764811e-07,True,CONVERGED,float64,cuda:0
adjoint,0,339,9.822885181266494e-07,True,CONVERGED,float64,cuda:0
adjoint,1,324,8.553914549152361e-07,True,CONVERGED,float64,cuda:0
adjoint,2,322,9.90822156927075e-07,True,CONVERGED,float64,cuda:0
forward,0,335,8.733200521654119e-07,True,CONVERGED,float64,cuda:0
forward,1,339,9.868440557410173e-07,True,CONVERGED,float64,cuda:0
forward,2,336,9.915180678096214e-07,True,CONVERGED,float64,cuda:0
adjoint,0,339,9.761497364865354e-07,True,CONVERGED,float64,cuda:0
adjoint,1,329,9.344319514877054e-07,True,CONVERGED,float64,cuda:0
adjoint,2,321,9.378127662355811e-07,True,CONVERGED,float64,cuda:0
forward,0,335,8.800573341625673e-07,True,CONVERGED,float64,cuda:0
forward,1,340,9.15072882331268e-07,True,CONVERGED,float64,cuda:0
forward,2,336,9.944377229034993e-07,True,CONVERGED,float64,cuda:0
adjoint,0,339,9.681946171413475e-07,True,CONVERGED,float64,cuda:0
adjoint,1,325,9.66585074773595e-07,True,CONVERGED,float64,cuda:0
adjoint,2,321,9.296621558627956e-07,True,CONVERGED,float64,cuda:0
forward,0,335,9.664205256350924e-07,True,CONVERGED,float64,cuda:0
forward,1,340,9.198419729991093e-07,True,CONVERGED,float64,cuda:0
forward,2,336,9.386254652337747e-07,True,CONVERGED,float64,cuda:0
adjoint,0,340,9.356540086397986e-07,True,CONVERGED,float64,cuda:0
adjoint,1,323,9.447036083438693e-07,True,CONVERGED,float64,cuda:0
adjoint,2,322,9.646938305027523e-07,True,CONVERGED,float64,cuda:0
forward,0,336,9.622845588804626e-07,True,CONVERGED,float64,cuda:0
forward,1,340,9.713144105553234e-07,True,CONVERGED,float64,cuda:0
forward,2,338,9.049597509746433e-07,True,CONVERGED,float64,cuda:0
adjoint,0,339,9.779243188927728e-07,True,CONVERGED,float64,cuda:0
adjoint,1,323,9.511761730175351e-07,True,CONVERGED,float64,cuda:0
adjoint,2,328,9.527297675345311e-07,True,CONVERGED,float64,cuda:0
forward,0,336,9.632244197419012e-07,True,CONVERGED,float64,cuda:0
forward,1,340,9.91590622033896e-07,True,CONVERGED,float64,cuda:0
forward,2,338,9.54653593725626e-07,True,CONVERGED,float64,cuda:0
adjoint,0,340,9.040256335001532e-07,True,CONVERGED,float64,cuda:0
adjoint,1,324,9.368734110815929e-07,True,CONVERGED,float64,cuda:0
adjoint,2,329,9.633233182633555e-07,True,CONVERGED,float64,cuda:0
forward,0,336,8.888022384498591e-07,True,CONVERGED,float64,cuda:0
forward,1,340,9.358369647609128e-07,True,CONVERGED,float64,cuda:0
forward,2,336,9.662063122207158e-07,True,CONVERGED,float64,cuda:0
adjoint,0,336,9.824060697579537e-07,True,CONVERGED,float64,cuda:0
adjoint,1,332,9.718545683291052e-07,True,CONVERGED,float64,cuda:0
adjoint,2,329,9.372987211014348e-07,True,CONVERGED,float64,cuda:0
forward,0,335,9.627212270901912e-07,True,CONVERGED,float64,cuda:0
forward,1,339,9.557774410573615e-07,True,CONVERGED,float64,cuda:0
forward,2,337,9.164081293315928e-07,True,CONVERGED,float64,cuda:0
adjoint,0,338,9.79677470642356e-07,True,CONVERGED,float64,cuda:0
adjoint,1,324,9.988491329345514e-07,True,CONVERGED,float64,cuda:0
adjoint,2,321,9.916992619677156e-07,True,CONVERGED,float64,cuda:0
forward,0,336,9.541453053696028e-07,True,CONVERGED,float64,cuda:0
forward,1,340,9.238585986615893e-07,True,CONVERGED,float64,cuda:0
forward,2,338,8.707213922332096e-07,True,CONVERGED,float64,cuda:0
adjoint,0,340,9.41393256009386e-07,True,CONVERGED,float64,cuda:0
adjoint,1,324,9.038977650794528e-07,True,CONVERGED,float64,cuda:0
adjoint,2,324,9.938864229766879e-07,True,CONVERGED,float64,cuda:0
forward,0,337,8.930757222405922e-07,True,CONVERGED,float64,cuda:0
forward,1,341,9.514113636611761e-07,True,CONVERGED,float64,cuda:0
forward,2,338,9.224892315884412e-07,True,CONVERGED,float64,cuda:0
adjoint,0,340,9.507765549413878e-07,True,CONVERGED,float64,cuda:0
adjoint,1,325,9.826056229093466e-07,True,CONVERGED,float64,cuda:0
adjoint,2,328,9.532087257906299e-07,True,CONVERGED,float64,cuda:0
forward,0,336,9.254109401908195e-07,True,CONVERGED,float64,cuda:0
forward,1,341,9.291768246456729e-07,True,CONVERGED,float64,cuda:0
forward,2,338,9.085743790066107e-07,True,CONVERGED,float64,cuda:0
adjoint,0,340,9.306551620303781e-07,True,CONVERGED,float64,cuda:0
adjoint,1,325,9.528838984744032e-07,True,CONVERGED,float64,cuda:0
adjoint,2,328,9.074180486685848e-07,True,CONVERGED,float64,cuda:0
forward,0,336,9.011291476372237e-07,True,CONVERGED,float64,cuda:0
forward,1,340,9.298547416797393e-07,True,CONVERGED,float64,cuda:0
forward,2,337,9.708783370080853e-07,True,CONVERGED,float64,cuda:0
adjoint,0,340,9.228051445120118e-07,True,CONVERGED,float64,cuda:0
adjoint,1,324,9.92858382508739e-07,True,CONVERGED,float64,cuda:0
adjoint,2,326,9.429721902611592e-07,True,CONVERGED,float64,cuda:0
forward,0,335,9.88488590432473e-07,True,CONVERGED,float64,cuda:0
forward,1,340,9.167583951402267e-07,True,CONVERGED,float64,cuda:0
forward,2,336,9.526563184181497e-07,True,CONVERGED,float64,cuda:0
adjoint,0,339,9.758976045736616e-07,True,CONVERGED,float64,cuda:0
adjoint,1,324,9.443308130881378e-07,True,CONVERGED,float64,cuda:0
adjoint,2,325,9.579038803230298e-07,True,CONVERGED,float64,cuda:0
forward,0,335,9.153866321030082e-07,True,CONVERGED,float64,cuda:0
forward,1,339,9.878687557502784e-07,True,CONVERGED,float64,cuda:0
forward,2,336,9.156000476967517e-07,True,CONVERGED,float64,cuda:0
adjoint,0,339,9.623643635677561e-07,True,CONVERGED,float64,cuda:0
adjoint,1,324,9.098811006087067e-07,True,CONVERGED,float64,cuda:0
adjoint,2,322,9.965942174142798e-07,True,CONVERGED,float64,cuda:0
forward,0,335,9.222874561324777e-07,True,CONVERGED,float64,cuda:0
forward,1,339,9.788252754404658e-07,True,CONVERGED,float64,cuda:0
forward,2,336,9.485510019808527e-07,True,CONVERGED,float64,cuda:0
adjoint,0,338,9.843375114603877e-07,True,CONVERGED,float64,cuda:0
adjoint,1,324,9.042636272270749e-07,True,CONVERGED,float64,cuda:0
adjoint,2,322,9.986574201798103e-07,True,CONVERGED,float64,cuda:0
forward,0,335,9.277650569199294e-07,True,CONVERGED,float64,cuda:0
forward,1,339,9.806124827079643e-07,True,CONVERGED,float64,cuda:0
forward,2,336,9.936681233955352e-07,True,CONVERGED,float64,cuda:0
adjoint,0,338,9.536048676925017e-07,True,CONVERGED,float64,cuda:0
adjoint,1,324,9.168551972408176e-07,True,CONVERGED,float64,cuda:0
adjoint,2,324,9.59004582782207e-07,True,CONVERGED,float64,cuda:0
forward,0,336,8.664732943788017e-07,True,CONVERGED,float64,cuda:0
forward,1,339,9.776410142652586e-07,True,CONVERGED,float64,cuda:0
forward,2,337,9.009487794619266e-07,True,CONVERGED,float64,cuda:0
adjoint,0,338,9.601134176177778e-07,True,CONVERGED,float64,cuda:0
adjoint,1,324,9.045853510255348e-07,True,CONVERGED,float64,cuda:0
adjoint,2,324,9.79555870727363e-07,True,CONVERGED,float64,cuda:0
forward,0,336,9.188609385701869e-07,True,CONVERGED,float64,cuda:0
forward,1,339,9.852364324172937e-07,True,CONVERGED,float64,cuda:0
forward,2,337,9.85632578449925e-07,True,CONVERGED,float64,cuda:0
adjoint,0,338,9.667012965873602e-07,True,CONVERGED,float64,cuda:0
adjoint,1,324,8.781939577199967e-07,True,CONVERGED,float64,cuda:0
adjoint,2,325,9.458234797474279e-07,True,CONVERGED,float64,cuda:0
forward,0,336,9.278760726910337e-07,True,CONVERGED,float64,cuda:0
forward,1,339,9.91128162616558e-07,True,CONVERGED,float64,cuda:0
forward,2,338,9.397744366344343e-07,True,CONVERGED,float64,cuda:0
adjoint,0,338,9.865374054356717e-07,True,CONVERGED,float64,cuda:0
adjoint,1,324,8.857276190150786e-07,True,CONVERGED,float64,cuda:0
adjoint,2,325,9.557407979769992e-07,True,CONVERGED,float64,cuda:0
forward,0,336,9.274766838257854e-07,True,CONVERGED,float64,cuda:0
forward,1,339,9.953108137730063e-07,True,CONVERGED,float64,cuda:0
forward,2,338,9.040181730957183e-07,True,CONVERGED,float64,cuda:0
adjoint,0,338,9.957498119959837e-07,True,CONVERGED,float64,cuda:0
adjoint,1,324,8.892270167090964e-07,True,CONVERGED,float64,cuda:0
adjoint,2,324,9.834758995573658e-07,True,CONVERGED,float64,cuda:0
forward,0,336,9.170763492475882e-07,True,CONVERGED,float64,cuda:0
forward,1,339,9.756349323140393e-07,True,CONVERGED,float64,cuda:0
forward,2,337,9.673196352588827e-07,True,CONVERGED,float64,cuda:0
adjoint,0,338,9.971846497823502e-07,True,CONVERGED,float64,cuda:0
adjoint,1,324,8.937373892991869e-07,True,CONVERGED,float64,cuda:0
adjoint,2,323,9.848908077747962e-07,True,CONVERGED,float64,cuda:0
forward,0,336,8.924574941816208e-07,True,CONVERGED,float64,cuda:0
forward,1,339,9.839652675375588e-07,True,CONVERGED,float64,cuda:0
forward,2,337,9.965510274088472e-07,True,CONVERGED,float64,cuda:0
adjoint,0,338,9.876227946559584e-07,True,CONVERGED,float64,cuda:0
adjoint,1,324,8.968470786013893e-07,True,CONVERGED,float64,cuda:0
adjoint,2,322,9.531895547994993e-07,True,CONVERGED,float64,cuda:0
forward,0,336,9.159841630064582e-07,True,CONVERGED,float64,cuda:0
forward,1,340,9.315803416746809e-07,True,CONVERGED,float64,cuda:0
forward,2,337,9.90637524444874e-07,True,CONVERGED,float64,cuda:0
adjoint,0,338,9.805145941921405e-07,True,CONVERGED,float64,cuda:0
adjoint,1,324,8.841406612041466e-07,True,CONVERGED,float64,cuda:0
adjoint,2,322,9.283133722650127e-07,True,CONVERGED,float64,cuda:0
forward,0,336,9.610503261199e-07,True,CONVERGED,float64,cuda:0
forward,1,340,9.736778456812105e-07,True,CONVERGED,float64,cuda:0
forward,2,337,9.980615160362735e-07,True,CONVERGED,float64,cuda:0
adjoint,0,339,9.605658341090791e-07,True,CONVERGED,float64,cuda:0
adjoint,1,324,9.143940837569715e-07,True,CONVERGED,float64,cuda:0
adjoint,2,322,9.88159899318484e-07,True,CONVERGED,float64,cuda:0
forward,0,336,9.447865146275733e-07,True,CONVERGED,float64,cuda:0
forward,1,341,9.569792040082294e-07,True,CONVERGED,float64,cuda:0
forward,2,337,9.955091275295061e-07,True,CONVERGED,float64,cuda:0
adjoint,0,337,9.79609857713647e-07,True,CONVERGED,float64,cuda:0
adjoint,1,324,9.682282078060432e-07,True,CONVERGED,float64,cuda:0
adjoint,2,323,9.593668741359555e-07,True,CONVERGED,float64,cuda:0
forward,0,336,9.488515004113053e-07,True,CONVERGED,float64,cuda:0
forward,1,340,9.924231485202368e-07,True,CONVERGED,float64,cuda:0
forward,2,337,9.748965485353758e-07,True,CONVERGED,float64,cuda:0
adjoint,0,337,9.464263396428627e-07,True,CONVERGED,float64,cuda:0
adjoint,1,324,9.115301178044874e-07,True,CONVERGED,float64,cuda:0
adjoint,2,322,9.837305383906982e-07,True,CONVERGED,float64,cuda:0
forward,0,336,9.421261932803989e-07,True,CONVERGED,float64,cuda:0
forward,1,341,9.030249111339006e-07,True,CONVERGED,float64,cuda:0
forward,2,337,9.533581334297132e-07,True,CONVERGED,float64,cuda:0
adjoint,0,337,9.461216340191841e-07,True,CONVERGED,float64,cuda:0
adjoint,1,328,9.98447291458445e-07,True,CONVERGED,float64,cuda:0
adjoint,2,323,9.780057756718607e-07,True,CONVERGED,float64,cuda:0
forward,0,336,9.603477789987285e-07,True,CONVERGED,float64,cuda:0
forward,1,339,9.913392882762811e-07,True,CONVERGED,float64,cuda:0
forward,2,337,9.877643587803016e-07,True,CONVERGED,float64,cuda:0
adjoint,0,338,9.98879427986004e-07,True,CONVERGED,float64,cuda:0
adjoint,1,324,9.001837301547231e-07,True,CONVERGED,float64,cuda:0
adjoint,2,323,9.56951056317544e-07,True,CONVERGED,float64,cuda:0
forward,0,336,8.996185885009665e-07,True,CONVERGED,float64,cuda:0
forward,1,339,9.436634286820621e-07,True,CONVERGED,float64,cuda:0
forward,2,338,9.269920258326633e-07,True,CONVERGED,float64,cuda:0
adjoint,0,337,9.322637890560893e-07,True,CONVERGED,float64,cuda:0
adjoint,1,324,8.886970067931031e-07,True,CONVERGED,float64,cuda:0
adjoint,2,323,9.666531340420984e-07,True,CONVERGED,float64,cuda:0
forward,0,335,9.97738043159e-07,True,CONVERGED,float64,cuda:0
forward,1,339,9.60740575163263e-07,True,CONVERGED,float64,cuda:0
forward,2,338,9.235315442082389e-07,True,CONVERGED,float64,cuda:0
adjoint,0,336,9.77154734477057e-07,True,CONVERGED,float64,cuda:0
adjoint,1,323,9.964869527880005e-07,True,CONVERGED,float64,cuda:0
adjoint,2,324,9.91437163272436e-07,True,CONVERGED,float64,cuda:0
forward,0,336,9.212997623909876e-07,True,CONVERGED,float64,cuda:0
forward,1,339,9.396682802952674e-07,True,CONVERGED,float64,cuda:0
forward,2,338,9.178934013783323e-07,True,CONVERGED,float64,cuda:0
adjoint,0,337,9.520463754719309e-07,True,CONVERGED,float64,cuda:0
adjoint,1,324,8.923494923435908e-07,True,CONVERGED,float64,cuda:0
adjoint,2,326,9.519629516163123e-07,True,CONVERGED,float64,cuda:0
forward,0,336,9.777484440450873e-07,True,CONVERGED,float64,cuda:0
forward,1,339,9.63322960026495e-07,True,CONVERGED,float64,cuda:0
forward,2,338,8.900541755014841e-07,True,CONVERGED,float64,cuda:0
adjoint,0,338,9.219887013136404e-07,True,CONVERGED,float64,cuda:0
adjoint,1,324,9.372963750097965e-07,True,CONVERGED,float64,cuda:0
adjoint,2,326,9.647655950955928e-07,True,CONVERGED,float64,cuda:0
forward,0,337,8.487815652157683e-07,True,CONVERGED,float64,cuda:0
forward,1,339,9.722797272697218e-07,True,CONVERGED,float64,cuda:0
forward,2,338,9.21858095706277e-07,True,CONVERGED,float64,cuda:0
adjoint,0,338,9.728669428636144e-07,True,CONVERGED,float64,cuda:0
adjoint,1,325,9.301015650154083e-07,True,CONVERGED,float64,cuda:0
adjoint,2,325,9.798897378555845e-07,True,CONVERGED,float64,cuda:0
forward,0,335,9.67704165450285e-07,True,CONVERGED,float64,cuda:0
forward,1,339,9.568903538091853e-07,True,CONVERGED,float64,cuda:0
forward,2,337,9.319417677557585e-07,True,CONVERGED,float64,cuda:0
adjoint,0,336,9.617782205483795e-07,True,CONVERGED,float64,cuda:0
adjoint,1,324,8.58241736317077e-07,True,CONVERGED,float64,cuda:0
adjoint,2,324,9.561050793135832e-07,True,CONVERGED,float64,cuda:0
forward,0,335,9.504199923163459e-07,True,CONVERGED,float64,cuda:0
forward,1,339,9.56363477316856e-07,True,CONVERGED,float64,cuda:0
forward,2,337,9.440150379959436e-07,True,CONVERGED,float64,cuda:0
adjoint,0,336,9.68788024521996e-07,True,CONVERGED,float64,cuda:0
adjoint,1,324,9.404473708191989e-07,True,CONVERGED,float64,cuda:0
adjoint,2,322,9.632618199759885e-07,True,CONVERGED,float64,cuda:0
forward,0,335,9.874506056423882e-07,True,CONVERGED,float64,cuda:0
forward,1,339,9.365861461585485e-07,True,CONVERGED,float64,cuda:0
forward,2,337,9.607811138377892e-07,True,CONVERGED,float64,cuda:0
adjoint,0,338,9.285312413422455e-07,True,CONVERGED,float64,cuda:0
adjoint,1,323,9.849528129290736e-07,True,CONVERGED,float64,cuda:0
adjoint,2,325,9.199138259439727e-07,True,CONVERGED,float64,cuda:0
forward,0,336,9.453598762954488e-07,True,CONVERGED,float64,cuda:0
forward,1,339,9.862098722360253e-07,True,CONVERGED,float64,cuda:0
forward,2,337,9.787872689440509e-07,True,CONVERGED,float64,cuda:0
adjoint,0,338,9.873552009898806e-07,True,CONVERGED,float64,cuda:0
adjoint,1,324,9.380370572356796e-07,True,CONVERGED,float64,cuda:0
adjoint,2,325,9.920753984018361e-07,True,CONVERGED,float64,cuda:0
forward,0,337,8.300463256437416e-07,True,CONVERGED,float64,cuda:0
forward,1,340,9.60130057070225e-07,True,CONVERGED,float64,cuda:0
forward,2,338,9.33809539616844e-07,True,CONVERGED,float64,cuda:0
adjoint,0,339,9.919985215807724e-07,True,CONVERGED,float64,cuda:0
adjoint,1,327,9.676367526958799e-07,True,CONVERGED,float64,cuda:0
adjoint,2,326,9.45149767438784e-07,True,CONVERGED,float64,cuda:0
forward,0,335,9.869557495086235e-07,True,CONVERGED,float64,cuda:0
forward,1,339,9.808204949722579e-07,True,CONVERGED,float64,cuda:0
forward,2,337,9.65438518050389e-07,True,CONVERGED,float64,cuda:0
adjoint,0,335,9.83078934914409e-07,True,CONVERGED,float64,cuda:0
adjoint,1,324,8.99343424664252e-07,True,CONVERGED,float64,cuda:0
adjoint,2,325,9.881938031776639e-07,True,CONVERGED,float64,cuda:0
forward,0,335,9.668872323154296e-07,True,CONVERGED,float64,cuda:0
forward,1,339,9.897758124846972e-07,True,CONVERGED,float64,cuda:0
forward,2,338,9.508923910421812e-07,True,CONVERGED,float64,cuda:0
adjoint,0,335,9.903398006793154e-07,True,CONVERGED,float64,cuda:0
adjoint,1,324,9.069998298146303e-07,True,CONVERGED,float64,cuda:0
adjoint,2,326,9.547358716371294e-07,True,CONVERGED,float64,cuda:0
forward,0,336,8.810896045997698e-07,True,CONVERGED,float64,cuda:0
forward,1,339,9.123741771995237e-07,True,CONVERGED,float64,cuda:0
forward,2,338,9.032604924719848e-07,True,CONVERGED,float64,cuda:0
adjoint,0,337,9.610204673577535e-07,True,CONVERGED,float64,cuda:0
adjoint,1,323,9.961835419957226e-07,True,CONVERGED,float64,cuda:0
adjoint,2,327,9.661862811029722e-07,True,CONVERGED,float64,cuda:0
forward,0,336,9.429688551624803e-07,True,CONVERGED,float64,cuda:0
forward,1,339,9.523380684608555e-07,True,CONVERGED,float64,cuda:0
forward,2,338,9.162541702356357e-07,True,CONVERGED,float64,cuda:0
adjoint,0,337,9.679988618933257e-07,True,CONVERGED,float64,cuda:0
adjoint,1,324,8.984045067666136e-07,True,CONVERGED,float64,cuda:0
adjoint,2,325,9.833645080789606e-07,True,CONVERGED,float64,cuda:0
forward,0,337,8.388939724025382e-07,True,CONVERGED,float64,cuda:0
forward,1,341,9.21696756497839e-07,True,CONVERGED,float64,cuda:0
forward,2,339,9.144884238614051e-07,True,CONVERGED,float64,cuda:0
adjoint,0,340,9.030343133977652e-07,True,CONVERGED,float64,cuda:0
adjoint,1,330,9.122387821030715e-07,True,CONVERGED,float64,cuda:0
adjoint,2,328,9.895612820087257e-07,True,CONVERGED,float64,cuda:0
forward,0,336,9.310578832911953e-07,True,CONVERGED,float64,cuda:0
forward,1,339,9.879128904325446e-07,True,CONVERGED,float64,cuda:0
forward,2,338,9.049491374741423e-07,True,CONVERGED,float64,cuda:0
adjoint,0,338,9.689298542899843e-07,True,CONVERGED,float64,cuda:0
adjoint,1,324,8.703326987018381e-07,True,CONVERGED,float64,cuda:0
adjoint,2,325,9.849370050254755e-07,True,CONVERGED,float64,cuda:0
forward,0,335,9.260030292233317e-07,True,CONVERGED,float64,cuda:0
forward,1,339,9.69060071314836e-07,True,CONVERGED,float64,cuda:0
forward,2,336,9.791220194081757e-07,True,CONVERGED,float64,cuda:0
adjoint,0,338,9.979234430133501e-07,True,CONVERGED,float64,cuda:0
adjoint,1,323,9.438595326778232e-07,True,CONVERGED,float64,cuda:0
adjoint,2,322,9.460689885217067e-07,True,CONVERGED,float64,cuda:0
forward,0,335,9.202923241209738e-07,True,CONVERGED,float64,cuda:0
forward,1,339,9.9308863652725e-07,True,CONVERGED,float64,cuda:0
forward,2,337,9.141947660201462e-07,True,CONVERGED,float64,cuda:0
adjoint,0,338,9.389545265083144e-07,True,CONVERGED,float64,cuda:0
adjoint,1,323,9.815038636314541e-07,True,CONVERGED,float64,cuda:0
adjoint,2,322,9.384279435683762e-07,True,CONVERGED,float64,cuda:0
forward,0,335,9.889077344836478e-07,True,CONVERGED,float64,cuda:0
forward,1,339,9.796605785916689e-07,True,CONVERGED,float64,cuda:0
forward,2,337,9.292251498717644e-07,True,CONVERGED,float64,cuda:0
adjoint,0,337,9.757229816684725e-07,True,CONVERGED,float64,cuda:0
adjoint,1,323,9.343878640716377e-07,True,CONVERGED,float64,cuda:0
adjoint,2,326,9.337330932666746e-07,True,CONVERGED,float64,cuda:0
forward,0,336,9.462481734781318e-07,True,CONVERGED,float64,cuda:0
forward,1,340,9.434772751048066e-07,True,CONVERGED,float64,cuda:0
forward,2,339,9.170592368406807e-07,True,CONVERGED,float64,cuda:0
adjoint,0,338,9.629907828380808e-07,True,CONVERGED,float64,cuda:0
adjoint,1,328,9.77773891355366e-07,True,CONVERGED,float64,cuda:0
adjoint,2,328,9.509640393976326e-07,True,CONVERGED,float64,cuda:0
forward,0,336,8.888158885216957e-07,True,CONVERGED,float64,cuda:0
forward,1,340,9.304437511780927e-07,True,CONVERGED,float64,cuda:0
forward,2,338,9.505536683562406e-07,True,CONVERGED,float64,cuda:0
adjoint,0,337,9.974244638799708e-07,True,CONVERGED,float64,cuda:0
adjoint,1,328,9.290473090095892e-07,True,CONVERGED,float64,cuda:0
adjoint,2,328,9.185049516464227e-07,True,CONVERGED,float64,cuda:0
forward,0,335,9.603437842581648e-07,True,CONVERGED,float64,cuda:0
forward,1,339,9.894306091025386e-07,True,CONVERGED,float64,cuda:0
forward,2,336,9.912508770016658e-07,True,CONVERGED,float64,cuda:0
adjoint,0,336,9.851160043463437e-07,True,CONVERGED,float64,cuda:0
adjoint,1,324,9.340426908396371e-07,True,CONVERGED,float64,cuda:0
adjoint,2,325,9.662087603848727e-07,True,CONVERGED,float64,cuda:0
forward,0,335,9.390398496543258e-07,True,CONVERGED,float64,cuda:0
forward,1,340,9.97578552950378e-07,True,CONVERGED,float64,cuda:0
forward,2,337,9.81502530224722e-07,True,CONVERGED,float64,cuda:0
adjoint,0,338,9.405279378753307e-07,True,CONVERGED,float64,cuda:0
adjoint,1,325,9.220737143874633e-07,True,CONVERGED,float64,cuda:0
adjoint,2,325,9.610210268721755e-07,True,CONVERGED,float64,cuda:0
forward,0,335,9.090292987341959e-07,True,CONVERGED,float64,cuda:0
forward,1,341,9.269401114446059e-07,True,CONVERGED,float64,cuda:0
forward,2,339,8.816853153428209e-07,True,CONVERGED,float64,cuda:0
adjoint,0,338,9.930248823710744e-07,True,CONVERGED,float64,cuda:0
adjoint,1,326,9.839991383998255e-07,True,CONVERGED,float64,cuda:0
adjoint,2,325,9.975821890756134e-07,True,CONVERGED,float64,cuda:0
forward,0,336,9.286484785241724e-07,True,CONVERGED,float64,cuda:0
forward,1,341,9.297089636103357e-07,True,CONVERGED,float64,cuda:0
forward,2,338,9.945591463650358e-07,True,CONVERGED,float64,cuda:0
adjoint,0,340,9.181332570284272e-07,True,CONVERGED,float64,cuda:0
adjoint,1,329,9.058963817386099e-07,True,CONVERGED,float64,cuda:0
adjoint,2,330,9.343383815488093e-07,True,CONVERGED,float64,cuda:0
forward,0,337,8.467709665183421e-07,True,CONVERGED,float64,cuda:0
forward,1,341,9.7655923085286e-07,True,CONVERGED,float64,cuda:0
forward,2,338,9.763770044350078e-07,True,CONVERGED,float64,cuda:0
adjoint,0,340,9.242630128764256e-07,True,CONVERGED,float64,cuda:0
adjoint,1,330,9.625189150049446e-07,True,CONVERGED,float64,cuda:0
adjoint,2,331,9.312860054473452e-07,True,CONVERGED,float64,cuda:0
forward,0,335,9.982419963374225e-07,True,CONVERGED,float64,cuda:0
forward,1,340,9.452710846989845e-07,True,CONVERGED,float64,cuda:0
forward,2,336,9.589131656701005e-07,True,CONVERGED,float64,cuda:0
adjoint,0,338,9.965663486619406e-07,True,CONVERGED,float64,cuda:0
adjoint,1,325,9.458105063555164e-07,True,CONVERGED,float64,cuda:0
adjoint,2,325,9.292933585042147e-07,True,CONVERGED,float64,cuda:0
forward,0,335,9.616712998096724e-07,True,CONVERGED,float64,cuda:0
forward,1,339,9.695847538351724e-07,True,CONVERGED,float64,cuda:0
forward,2,337,9.066623125305566e-07,True,CONVERGED,float64,cuda:0
adjoint,0,337,9.793329993695366e-07,True,CONVERGED,float64,cuda:0
adjoint,1,323,9.907283686310686e-07,True,CONVERGED,float64,cuda:0
adjoint,2,326,9.823212756710183e-07,True,CONVERGED,float64,cuda:0
forward,0,334,9.091624055598559e-07,True,CONVERGED,float64,cuda:0
forward,1,339,9.6540234866679e-07,True,CONVERGED,float64,cuda:0
forward,2,337,9.05977593848755e-07,True,CONVERGED,float64,cuda:0
adjoint,0,331,9.579961178212247e-07,True,CONVERGED,float64,cuda:0
adjoint,1,323,9.737012918733e-07,True,CONVERGED,float64,cuda:0
adjoint,2,323,9.925873374936162e-07,True,CONVERGED,float64,cuda:0
forward,0,335,9.84069502270275e-07,True,CONVERGED,float64,cuda:0
forward,1,338,9.819920046547521e-07,True,CONVERGED,float64,cuda:0
forward,2,337,9.161283490058522e-07,True,CONVERGED,float64,cuda:0
adjoint,0,338,8.727620337164293e-07,True,CONVERGED,float64,cuda:0
adjoint,1,324,9.222170942313142e-07,True,CONVERGED,float64,cuda:0
adjoint,2,328,9.89395848352385e-07,True,CONVERGED,float64,cuda:0
forward,0,336,9.337263334717189e-07,True,CONVERGED,float64,cuda:0
forward,1,339,9.996814188556967e-07,True,CONVERGED,float64,cuda:0
forward,2,338,9.014720175195044e-07,True,CONVERGED,float64,cuda:0
adjoint,0,340,9.045785591837593e-07,True,CONVERGED,float64,cuda:0
adjoint,1,327,9.710166469111257e-07,True,CONVERGED,float64,cuda:0
adjoint,2,325,9.388420787508482e-07,True,CONVERGED,float64,cuda:0
forward,0,336,9.801269930169037e-07,True,CONVERGED,float64,cuda:0
forward,1,340,9.022125174629456e-07,True,CONVERGED,float64,cuda:0
forward,2,339,9.249854928795799e-07,True,CONVERGED,float64,cuda:0
adjoint,0,341,9.477019585731266e-07,True,CONVERGED,float64,cuda:0
adjoint,1,327,9.972546451296925e-07,True,CONVERGED,float64,cuda:0
adjoint,2,332,8.950338213027479e-07,True,CONVERGED,float64,cuda:0
forward,0,337,8.382428622239139e-07,True,CONVERGED,float64,cuda:0
forward,1,337,9.624443412052843e-07,True,CONVERGED,float64,cuda:0
forward,2,339,9.864547773584844e-07,True,CONVERGED,float64,cuda:0
adjoint,0,341,9.64281329065532e-07,True,CONVERGED,float64,cuda:0
adjoint,1,329,8.962731977579458e-07,True,CONVERGED,float64,cuda:0
adjoint,2,332,9.258833403148731e-07,True,CONVERGED,float64,cuda:0
forward,0,337,9.334364294545886e-07,True,CONVERGED,float64,cuda:0
forward,1,336,9.994479524613176e-07,True,CONVERGED,float64,cuda:0
forward,2,340,9.51430829441668e-07,True,CONVERGED,float64,cuda:0
adjoint,0,343,9.658745638775739e-07,True,CONVERGED,float64,cuda:0
adjoint,1,334,9.98087115250416e-07,True,CONVERGED,float64,cuda:0
adjoint,2,333,8.878972534211034e-07,True,CONVERGED,float64,cuda:0
forward,0,336,9.793956675382775e-07,True,CONVERGED,float64,cuda:0
forward,1,339,9.878290570409114e-07,True,CONVERGED,float64,cuda:0
forward,2,339,9.694408301085717e-07,True,CONVERGED,float64,cuda:0
adjoint,0,341,9.482438864292211e-07,True,CONVERGED,float64,cuda:0
adjoint,1,324,9.721370733275933e-07,True,CONVERGED,float64,cuda:0
adjoint,2,332,8.938031400996656e-07,True,CONVERGED,float64,cuda:0
forward,0,336,9.455511568983814e-07,True,CONVERGED,float64,cuda:0
forward,1,339,9.761521661948328e-07,True,CONVERGED,float64,cuda:0
forward,2,339,9.608271255902644e-07,True,CONVERGED,float64,cuda:0
adjoint,0,340,9.953502249330943e-07,True,CONVERGED,float64,cuda:0
adjoint,1,328,9.434661031131844e-07,True,CONVERGED,float64,cuda:0
adjoint,2,331,9.969866263357513e-07,True,CONVERGED,float64,cuda:0
forward,0,337,8.36136796769379e-07,True,CONVERGED,float64,cuda:0
forward,1,340,9.637336724414424e-07,True,CONVERGED,float64,cuda:0
forward,2,338,9.693122625552532e-07,True,CONVERGED,float64,cuda:0
adjoint,0,340,9.580215650800776e-07,True,CONVERGED,float64,cuda:0
adjoint,1,329,9.996364594751897e-07,True,CONVERGED,float64,cuda:0
adjoint,2,326,9.650961970892344e-07,True,CONVERGED,float64,cuda:0
forward,0,336,9.178845843549458e-07,True,CONVERGED,float64,cuda:0
forward,1,339,9.784597272129082e-07,True,CONVERGED,float64,cuda:0
forward,2,337,9.700698483472333e-07,True,CONVERGED,float64,cuda:0
adjoint,0,339,9.43581138579e-07,True,CONVERGED,float64,cuda:0
adjoint,1,328,9.266811255668049e-07,True,CONVERGED,float64,cuda:0
adjoint,2,330,9.04399202463201e-07,True,CONVERGED,float64,cuda:0
forward,0,335,9.648537039123425e-07,True,CONVERGED,float64,cuda:0
forward,1,339,9.99833771276103e-07,True,CONVERGED,float64,cuda:0
forward,2,338,9.575319215753713e-07,True,CONVERGED,float64,cuda:0
adjoint,0,338,9.91367905606207e-07,True,CONVERGED,float64,cuda:0
adjoint,1,324,9.122510856447391e-07,True,CONVERGED,float64,cuda:0
adjoint,2,330,9.692717696220688e-07,True,CONVERGED,float64,cuda:0
forward,0,337,8.989997023272502e-07,True,CONVERGED,float64,cuda:0
forward,1,339,9.448858154732347e-07,True,CONVERGED,float64,cuda:0
forward,2,338,9.954829381810982e-07,True,CONVERGED,float64,cuda:0
adjoint,0,338,9.135312412035212e-07,True,CONVERGED,float64,cuda:0
adjoint,1,324,9.425653729399188e-07,True,CONVERGED,float64,cuda:0
adjoint,2,329,9.625361590281097e-07,True,CONVERGED,float64,cuda:0
forward,0,335,9.733473044294484e-07,True,CONVERGED,float64,cuda:0
forward,1,340,9.290402185885971e-07,True,CONVERGED,float64,cuda:0
forward,2,338,9.602485359071074e-07,True,CONVERGED,float64,cuda:0
adjoint,0,339,9.528687341336131e-07,True,CONVERGED,float64,cuda:0
adjoint,1,322,9.662451671309922e-07,True,CONVERGED,float64,cuda:0
adjoint,2,329,9.88401590618826e-07,True,CONVERGED,float64,cuda:0
forward,0,336,9.063580655917353e-07,True,CONVERGED,float64,cuda:0
forward,1,339,9.589651299783886e-07,True,CONVERGED,float64,cuda:0
forward,2,338,8.8100567533393e-07,True,CONVERGED,float64,cuda:0
adjoint,0,339,9.372999169957595e-07,True,CONVERGED,float64,cuda:0
adjoint,1,325,9.472665873187197e-07,True,CONVERGED,float64,cuda:0
adjoint,2,328,9.344894460190955e-07,True,CONVERGED,float64,cuda:0
forward,0,338,8.917535170346624e-07,True,CONVERGED,float64,cuda:0
forward,1,341,9.609885675211649e-07,True,CONVERGED,float64,cuda:0
forward,2,340,9.242829107137837e-07,True,CONVERGED,float64,cuda:0
adjoint,0,340,9.75224376200105e-07,True,CONVERGED,float64,cuda:0
adjoint,1,338,9.816677404630815e-07,True,CONVERGED,float64,cuda:0
adjoint,2,331,9.850655197641716e-07,True,CONVERGED,float64,cuda:0
forward,0,337,9.622210263645356e-07,True,CONVERGED,float64,cuda:0
forward,1,341,9.241924432002736e-07,True,CONVERGED,float64,cuda:0
forward,2,339,9.415212795837499e-07,True,CONVERGED,float64,cuda:0
adjoint,0,340,9.205650887824894e-07,True,CONVERGED,float64,cuda:0
adjoint,1,336,9.827755460390475e-07,True,CONVERGED,float64,cuda:0
adjoint,2,329,9.483333849761672e-07,True,CONVERGED,float64,cuda:0
forward,0,336,9.085997287622736e-07,True,CONVERGED,float64,cuda:0
forward,1,339,9.693641576332807e-07,True,CONVERGED,float64,cuda:0
forward,2,337,9.799670738845394e-07,True,CONVERGED,float64,cuda:0
adjoint,0,339,9.294242617715244e-07,True,CONVERGED,float64,cuda:0
adjoint,1,324,9.591718886029332e-07,True,CONVERGED,float64,cuda:0
adjoint,2,327,9.584093771944314e-07,True,CONVERGED,float64,cuda:0
forward,0,335,9.83852182197249e-07,True,CONVERGED,float64,cuda:0
forward,1,338,9.878952550003612e-07,True,CONVERGED,float64,cuda:0
forward,2,337,9.967313718877747e-07,True,CONVERGED,float64,cuda:0
adjoint,0,338,9.816777916050668e-07,True,CONVERGED,float64,cuda:0
adjoint,1,323,9.765801675618567e-07,True,CONVERGED,float64,cuda:0
adjoint,2,329,9.586521975701562e-07,True,CONVERGED,float64,cuda:0
forward,0,335,9.856875178577912e-07,True,CONVERGED,float64,cuda:0
forward,1,338,9.694398568937243e-07,True,CONVERGED,float64,cuda:0
forward,2,337,9.83803028316298e-07,True,CONVERGED,float64,cuda:0
adjoint,0,338,9.681856948080852e-07,True,CONVERGED,float64,cuda:0
adjoint,1,323,9.640029160888453e-07,True,CONVERGED,float64,cuda:0
adjoint,2,330,9.478019934714491e-07,True,CONVERGED,float64,cuda:0
forward,0,335,9.884558501864803e-07,True,CONVERGED,float64,cuda:0
forward,1,337,9.817364654062729e-07,True,CONVERGED,float64,cuda:0
forward,2,337,9.291820576073429e-07,True,CONVERGED,float64,cuda:0
adjoint,0,338,8.998225250626657e-07,True,CONVERGED,float64,cuda:0
adjoint,1,325,9.067532347207209e-07,True,CONVERGED,float64,cuda:0
adjoint,2,330,9.063334719841828e-07,True,CONVERGED,float64,cuda:0
forward,0,335,9.623661709385089e-07,True,CONVERGED,float64,cuda:0
forward,1,337,9.801224852055627e-07,True,CONVERGED,float64,cuda:0
forward,2,336,9.77161692456213e-07,True,CONVERGED,float64,cuda:0
adjoint,0,338,9.706140481834616e-07,True,CONVERGED,float64,cuda:0
adjoint,1,327,9.308235354870068e-07,True,CONVERGED,float64,cuda:0
adjoint,2,329,8.908787291718787e-07,True,CONVERGED,float64,cuda:0
forward,0,335,9.813784586125738e-07,True,CONVERGED,float64,cuda:0
forward,1,337,9.616164333225788e-07,True,CONVERGED,float64,cuda:0
forward,2,337,9.276474479922952e-07,True,CONVERGED,float64,cuda:0
adjoint,0,338,9.258849130282468e-07,True,CONVERGED,float64,cuda:0
adjoint,1,325,9.332315806639984e-07,True,CONVERGED,float64,cuda:0
adjoint,2,329,9.579750465737379e-07,True,CONVERGED,float64,cuda:0
forward,0,335,9.62581492924505e-07,True,CONVERGED,float64,cuda:0
forward,1,337,9.779860451939008e-07,True,CONVERGED,float64,cuda:0
forward,2,337,9.72748656844679e-07,True,CONVERGED,float64,cuda:0
adjoint,0,338,9.56107980280546e-07,True,CONVERGED,float64,cuda:0
adjoint,1,323,9.809066140659636e-07,True,CONVERGED,float64,cuda:0
adjoint,2,329,9.747695771662847e-07,True,CONVERGED,float64,cuda:0
forward,0,336,9.190419321260298e-07,True,CONVERGED,float64,cuda:0
forward,1,338,9.409445834057419e-07,True,CONVERGED,float64,cuda:0
forward,2,337,9.889695430411928e-07,True,CONVERGED,float64,cuda:0
adjoint,0,338,9.757365854015608e-07,True,CONVERGED,float64,cuda:0
adjoint,1,323,9.448218339831488e-07,True,CONVERGED,float64,cuda:0
adjoint,2,328,9.331512993120236e-07,True,CONVERGED,float64,cuda:0
forward,0,336,8.976294032385131e-07,True,CONVERGED,float64,cuda:0
forward,1,338,9.369402375954462e-07,True,CONVERGED,float64,cuda:0
forward,2,337,9.79745522681129e-07,True,CONVERGED,float64,cuda:0
adjoint,0,338,9.547243414803747e-07,True,CONVERGED,float64,cuda:0
adjoint,1,323,9.386953958649126e-07,True,CONVERGED,float64,cuda:0
adjoint,2,328,9.503468017730574e-07,True,CONVERGED,float64,cuda:0
forward,0,336,9.047923488497368e-07,True,CONVERGED,float64,cuda:0
forward,1,338,9.696334638052665e-07,True,CONVERGED,float64,cuda:0
forward,2,337,9.795272278038344e-07,True,CONVERGED,float64,cuda:0
adjoint,0,338,9.627491333796327e-07,True,CONVERGED,float64,cuda:0
adjoint,1,324,9.953112972741812e-07,True,CONVERGED,float64,cuda:0
adjoint,2,326,9.338146466628816e-07,True,CONVERGED,float64,cuda:0
forward,0,336,8.66621153141169e-07,True,CONVERGED,float64,cuda:0
forward,1,338,9.540766675980905e-07,True,CONVERGED,float64,cuda:0
forward,2,337,9.51594369328188e-07,True,CONVERGED,float64,cuda:0
adjoint,0,338,9.614792436180389e-07,True,CONVERGED,float64,cuda:0
adjoint,1,325,9.847506862412294e-07,True,CONVERGED,float64,cuda:0
adjoint,2,325,9.077924448696139e-07,True,CONVERGED,float64,cuda:0
forward,0,335,9.73210931183904e-07,True,CONVERGED,float64,cuda:0
forward,1,338,9.379132437697652e-07,True,CONVERGED,float64,cuda:0
forward,2,337,9.358963466005849e-07,True,CONVERGED,float64,cuda:0
adjoint,0,337,9.591457128631152e-07,True,CONVERGED,float64,cuda:0
adjoint,1,326,9.955969302768033e-07,True,CONVERGED,float64,cuda:0
adjoint,2,325,9.231252752910763e-07,True,CONVERGED,float64,cuda:0
forward,0,335,9.886604782346749e-07,True,CONVERGED,float64,cuda:0
forward,1,338,9.727536083692512e-07,True,CONVERGED,float64,cuda:0
forward,2,337,9.84602193085447e-07,True,CONVERGED,float64,cuda:0
adjoint,0,335,9.840238317378531e-07,True,CONVERGED,float64,cuda:0
adjoint,1,326,9.895200324464927e-07,True,CONVERGED,float64,cuda:0
adjoint,2,325,9.545950760125544e-07,True,CONVERGED,float64,cuda:0
forward,0,336,8.776966337206598e-07,True,CONVERGED,float64,cuda:0
forward,1,339,9.127161555542189e-07,True,CONVERGED,float64,cuda:0
forward,2,338,8.808512713648272e-07,True,CONVERGED,float64,cuda:0
adjoint,0,335,9.890737302884873e-07,True,CONVERGED,float64,cuda:0
adjoint,1,325,9.838337387363103e-07,True,CONVERGED,float64,cuda:0
adjoint,2,325,9.286986131709187e-07,True,CONVERGED,float64,cuda:0
forward,0,336,8.776356246776884e-07,True,CONVERGED,float64,cuda:0
forward,1,339,9.097560385988263e-07,True,CONVERGED,float64,cuda:0
forward,2,338,8.910998148673293e-07,True,CONVERGED,float64,cuda:0
adjoint,0,337,9.467930016574109e-07,True,CONVERGED,float64,cuda:0
adjoint,1,327,9.953014925316935e-07,True,CONVERGED,float64,cuda:0
adjoint,2,325,9.549479024268613e-07,True,CONVERGED,float64,cuda:0
forward,0,336,8.758296502895979e-07,True,CONVERGED,float64,cuda:0
forward,1,339,9.170200782139184e-07,True,CONVERGED,float64,cuda:0
forward,2,338,8.724184291611611e-07,True,CONVERGED,float64,cuda:0
adjoint,0,337,9.982355490982602e-07,True,CONVERGED,float64,cuda:0
adjoint,1,328,9.672284308394472e-07,True,CONVERGED,float64,cuda:0
adjoint,2,326,9.685749629390183e-07,True,CONVERGED,float64,cuda:0
forward,0,336,9.136621391170545e-07,True,CONVERGED,float64,cuda:0
forward,1,339,9.917562194533236e-07,True,CONVERGED,float64,cuda:0
forward,2,337,9.756964563174738e-07,True,CONVERGED,float64,cuda:0
adjoint,0,337,9.877000334794275e-07,True,CONVERGED,float64,cuda:0
adjoint,1,330,9.994922191431007e-07,True,CONVERGED,float64,cuda:0
adjoint,2,328,9.087135335276756e-07,True,CONVERGED,float64,cuda:0
forward,0,336,9.147127153334805e-07,True,CONVERGED,float64,cuda:0
forward,1,339,9.545547251466105e-07,True,CONVERGED,float64,cuda:0
forward,2,338,8.63866342532484e-07,True,CONVERGED,float64,cuda:0
adjoint,0,338,9.82348923540154e-07,True,CONVERGED,float64,cuda:0
adjoint,1,328,9.549428067229388e-07,True,CONVERGED,float64,cuda:0
adjoint,2,326,9.59730641494162e-07,True,CONVERGED,float64,cuda:0
forward,0,336,9.206098115696245e-07,True,CONVERGED,float64,cuda:0
forward,1,339,9.292640097924482e-07,True,CONVERGED,float64,cuda:0
forward,2,338,9.246024005326443e-07,True,CONVERGED,float64,cuda:0
adjoint,0,338,9.89842132217001e-07,True,CONVERGED,float64,cuda:0
adjoint,1,327,9.982481179669628e-07,True,CONVERGED,float64,cuda:0
adjoint,2,325,9.506908839439065e-07,True,CONVERGED,float64,cuda:0
forward,0,336,8.85791129496404e-07,True,CONVERGED,float64,cuda:0
forward,1,339,9.123153640434589e-07,True,CONVERGED,float64,cuda:0
forward,2,338,9.053016677407295e-07,True,CONVERGED,float64,cuda:0
adjoint,0,337,9.799350459520893e-07,True,CONVERGED,float64,cuda:0
adjoint,1,328,9.400796098882924e-07,True,CONVERGED,float64,cuda:0
adjoint,2,325,9.560195418834673e-07,True,CONVERGED,float64,cuda:0
forward,0,335,9.676496814168052e-07,True,CONVERGED,float64,cuda:0
forward,1,338,9.806340067712922e-07,True,CONVERGED,float64,cuda:0
forward,2,337,9.618257660918871e-07,True,CONVERGED,float64,cuda:0
adjoint,0,336,9.072216409986054e-07,True,CONVERGED,float64,cuda:0
adjoint,1,327,9.566922690121461e-07,True,CONVERGED,float64,cuda:0
adjoint,2,328,9.68556854763323e-07,True,CONVERGED,float64,cuda:0
forward,0,335,9.653226362251168e-07,True,CONVERGED,float64,cuda:0
forward,1,338,9.649524472128357e-07,True,CONVERGED,float64,cuda:0
forward,2,337,9.136945318177722e-07,True,CONVERGED,float64,cuda:0
adjoint,0,335,9.208180807557823e-07,True,CONVERGED,float64,cuda:0
adjoint,1,326,9.826982145397298e-07,True,CONVERGED,float64,cuda:0
adjoint,2,329,9.34674590313555e-07,True,CONVERGED,float64,cuda:0
forward,0,335,9.499942055341655e-07,True,CONVERGED,float64,cuda:0
forward,1,338,9.37079632644163e-07,True,CONVERGED,float64,cuda:0
forward,2,337,9.314007495605509e-07,True,CONVERGED,float64,cuda:0
adjoint,0,336,9.803386253378562e-07,True,CONVERGED,float64,cuda:0
adjoint,1,327,9.592721299112144e-07,True,CONVERGED,float64,cuda:0
adjoint,2,328,9.451895973100989e-07,True,CONVERGED,float64,cuda:0
forward,0,335,9.83141858436664e-07,True,CONVERGED,float64,cuda:0
forward,1,337,9.98902211644381e-07,True,CONVERGED,float64,cuda:0
forward,2,337,9.722522278569496e-07,True,CONVERGED,float64,cuda:0
adjoint,0,338,9.37531717332593e-07,True,CONVERGED,float64,cuda:0
adjoint,1,327,9.420641443129532e-07,True,CONVERGED,float64,cuda:0
adjoint,2,324,9.953248781139963e-07,True,CONVERGED,float64,cuda:0
forward,0,335,9.85273896032214e-07,True,CONVERGED,float64,cuda:0
forward,1,338,9.52067066854602e-07,True,CONVERGED,float64,cuda:0
forward,2,337,9.650877644962082e-07,True,CONVERGED,float64,cuda:0
adjoint,0,338,9.917304818559697e-07,True,CONVERGED,float64,cuda:0
adjoint,1,328,9.200159020082951e-07,True,CONVERGED,float64,cuda:0
adjoint,2,325,9.283098723149802e-07,True,CONVERGED,float64,cuda:0
forward,0,335,9.71115611958392e-07,True,CONVERGED,float64,cuda:0
forward,1,337,9.844912101078279e-07,True,CONVERGED,float64,cuda:0
forward,2,337,9.425415681063104e-07,True,CONVERGED,float64,cuda:0
adjoint,0,338,9.877450713285232e-07,True,CONVERGED,float64,cuda:0
adjoint,1,328,9.594195428626514e-07,True,CONVERGED,float64,cuda:0
adjoint,2,326,9.283201729783428e-07,True,CONVERGED,float64,cuda:0
forward,0,335,9.516522345271421e-07,True,CONVERGED,float64,cuda:0
forward,1,337,9.782897101421113e-07,True,CONVERGED,float64,cuda:0
forward,2,337,9.293704002921083e-07,True,CONVERGED,float64,cuda:0
adjoint,0,338,9.358226722235238e-07,True,CONVERGED,float64,cuda:0
adjoint,1,327,9.636596964354735e-07,True,CONVERGED,float64,cuda:0
adjoint,2,325,9.55639045504623e-07,True,CONVERGED,float64,cuda:0
forward,0,335,9.220475801271208e-07,True,CONVERGED,float64,cuda:0
forward,1,337,9.899876062880335e-07,True,CONVERGED,float64,cuda:0
forward,2,337,9.002461071550811e-07,True,CONVERGED,float64,cuda:0
adjoint,0,338,9.547055337037397e-07,True,CONVERGED,float64,cuda:0
adjoint,1,327,9.83475452211912e-07,True,CONVERGED,float64,cuda:0
adjoint,2,328,9.501114065125601e-07,True,CONVERGED,float64,cuda:0
forward,0,335,9.002875402551401e-07,True,CONVERGED,float64,cuda:0
forward,1,337,9.490070363688512e-07,True,CONVERGED,float64,cuda:0
forward,2,337,8.615876138715907e-07,True,CONVERGED,float64,cuda:0
adjoint,0,338,9.689034104310365e-07,True,CONVERGED,float64,cuda:0
adjoint,1,328,9.810274476272242e-07,True,CONVERGED,float64,cuda:0
adjoint,2,330,9.367457593819743e-07,True,CONVERGED,float64,cuda:0
forward,0,335,9.523322892023467e-07,True,CONVERGED,float64,cuda:0
forward,1,337,9.870690631051525e-07,True,CONVERGED,float64,cuda:0
forward,2,337,9.294007554262897e-07,True,CONVERGED,float64,cuda:0
adjoint,0,338,9.602639686034257e-07,True,CONVERGED,float64,cuda:0
adjoint,1,328,9.299222068248322e-07,True,CONVERGED,float64,cuda:0
adjoint,2,329,9.526628442743202e-07,True,CONVERGED,float64,cuda:0
forward,0,335,9.310161797512704e-07,True,CONVERGED,float64,cuda:0
forward,1,337,9.935249340009007e-07,True,CONVERGED,float64,cuda:0
forward,2,337,9.331727155914116e-07,True,CONVERGED,float64,cuda:0
adjoint,0,338,9.796941391291765e-07,True,CONVERGED,float64,cuda:0
adjoint,1,329,9.250800911200631e-07,True,CONVERGED,float64,cuda:0
adjoint,2,330,9.981499211449898e-07,True,CONVERGED,float64,cuda:0
forward,0,335,9.112483711387223e-07,True,CONVERGED,float64,cuda:0
forward,1,338,9.266962981695465e-07,True,CONVERGED,float64,cuda:0
forward,2,337,9.283691089542889e-07,True,CONVERGED,float64,cuda:0
adjoint,0,339,9.138582281184317e-07,True,CONVERGED,float64,cuda:0
adjoint,1,330,9.424450147749278e-07,True,CONVERGED,float64,cuda:0
adjoint,2,331,9.188747068604049e-07,True,CONVERGED,float64,cuda:0
forward,0,335,9.522408509005735e-07,True,CONVERGED,float64,cuda:0
forward,1,338,9.673776158056097e-07,True,CONVERGED,float64,cuda:0
forward,2,337,9.54744372745326e-07,True,CONVERGED,float64,cuda:0
adjoint,0,337,9.501564930176121e-07,True,CONVERGED,float64,cuda:0
adjoint,1,327,9.739400740362822e-07,True,CONVERGED,float64,cuda:0
adjoint,2,331,8.747133704934551e-07,True,CONVERGED,float64,cuda:0
forward,0,335,9.418957971674524e-07,True,CONVERGED,float64,cuda:0
forward,1,338,9.77497965778253e-07,True,CONVERGED,float64,cuda:0
forward,2,337,9.121913267080748e-07,True,CONVERGED,float64,cuda:0
adjoint,0,337,9.221043837077494e-07,True,CONVERGED,float64,cuda:0
adjoint,1,328,9.778861691570737e-07,True,CONVERGED,float64,cuda:0
adjoint,2,330,9.97634227434648e-07,True,CONVERGED,float64,cuda:0
forward,0,335,9.453544833545006e-07,True,CONVERGED,float64,cuda:0
forward,1,338,9.888107055547396e-07,True,CONVERGED,float64,cuda:0
forward,2,337,8.900788706831242e-07,True,CONVERGED,float64,cuda:0
adjoint,0,337,9.1946959543641e-07,True,CONVERGED,float64,cuda:0
adjoint,1,329,9.409850272058077e-07,True,CONVERGED,float64,cuda:0
adjoint,2,330,9.61269893341027e-07,True,CONVERGED,float64,cuda:0
forward,0,335,9.373786390452262e-07,True,CONVERGED,float64,cuda:0
forward,1,338,9.367625614720009e-07,True,CONVERGED,float64,cuda:0
forward,2,337,9.103596924592118e-07,True,CONVERGED,float64,cuda:0
adjoint,0,335,9.849709601441402e-07,True,CONVERGED,float64,cuda:0
adjoint,1,324,9.46974260779643e-07,True,CONVERGED,float64,cuda:0
adjoint,2,330,9.476094285510768e-07,True,CONVERGED,float64,cuda:0
forward,0,335,9.524032991010685e-07,True,CONVERGED,float64,cuda:0
forward,1,338,9.568481192700295e-07,True,CONVERGED,float64,cuda:0
forward,2,337,8.944507918673835e-07,True,CONVERGED,float64,cuda:0
adjoint,0,336,9.312643643372716e-07,True,CONVERGED,float64,cuda:0
adjoint,1,326,9.658122877364053e-07,True,CONVERGED,float64,cuda:0
adjoint,2,330,9.632973869990739e-07,True,CONVERGED,float64,cuda:0
forward,0,335,9.9265827078509e-07,True,CONVERGED,float64,cuda:0
forward,1,338,9.492831988794705e-07,True,CONVERGED,float64,cuda:0
forward,2,337,8.870223754255522e-07,True,CONVERGED,float64,cuda:0
adjoint,0,336,9.869624436889568e-07,True,CONVERGED,float64,cuda:0
adjoint,1,331,9.442604251234718e-07,True,CONVERGED,float64,cuda:0
adjoint,2,331,8.829387663459372e-07,True,CONVERGED,float64,cuda:0
forward,0,335,9.679435914043648e-07,True,CONVERGED,float64,cuda:0
forward,1,337,9.78920570894035e-07,True,CONVERGED,float64,cuda:0
forward,2,337,8.83961619019987e-07,True,CONVERGED,float64,cuda:0
adjoint,0,333,9.891988843290418e-07,True,CONVERGED,float64,cuda:0
adjoint,1,326,9.633683311434043e-07,True,CONVERGED,float64,cuda:0
adjoint,2,330,9.907124017251331e-07,True,CONVERGED,float64,cuda:0
forward,0,335,9.449935196381112e-07,True,CONVERGED,float64,cuda:0
forward,1,337,9.555943760106008e-07,True,CONVERGED,float64,cuda:0
forward,2,336,9.571879924283238e-07,True,CONVERGED,float64,cuda:0
adjoint,0,331,9.705673465145088e-07,True,CONVERGED,float64,cuda:0
adjoint,1,326,9.943064927679974e-07,True,CONVERGED,float64,cuda:0
adjoint,2,329,9.93697048194657e-07,True,CONVERGED,float64,cuda:0
forward,0,335,9.075917252999629e-07,True,CONVERGED,float64,cuda:0
forward,1,337,9.682434760368214e-07,True,CONVERGED,float64,cuda:0
forward,2,336,8.960265686722109e-07,True,CONVERGED,float64,cuda:0
adjoint,0,333,9.80741156917222e-07,True,CONVERGED,float64,cuda:0
adjoint,1,331,9.710058097755121e-07,True,CONVERGED,float64,cuda:0
adjoint,2,329,9.785601935035255e-07,True,CONVERGED,float64,cuda:0
forward,0,335,9.041031781267741e-07,True,CONVERGED,float64,cuda:0
forward,1,337,9.496467934035271e-07,True,CONVERGED,float64,cuda:0
forward,2,336,8.665019847605378e-07,True,CONVERGED,float64,cuda:0
adjoint,0,331,9.593997556371337e-07,True,CONVERGED,float64,cuda:0
adjoint,1,331,9.613693119693356e-07,True,CONVERGED,float64,cuda:0
adjoint,2,329,9.495030434878989e-07,True,CONVERGED,float64,cuda:0
forward,0,335,9.100829600278947e-07,True,CONVERGED,float64,cuda:0
forward,1,337,9.207630069551842e-07,True,CONVERGED,float64,cuda:0
forward,2,336,9.361391430565477e-07,True,CONVERGED,float64,cuda:0
adjoint,0,334,9.713831440974011e-07,True,CONVERGED,float64,cuda:0
adjoint,1,331,9.190030428324342e-07,True,CONVERGED,float64,cuda:0
adjoint,2,331,8.988770400248543e-07,True,CONVERGED,float64,cuda:0
forward,0,335,8.706279382785956e-07,True,CONVERGED,float64,cuda:0
forward,1,337,8.960673064008199e-07,True,CONVERGED,float64,cuda:0
forward,2,336,9.206224577231533e-07,True,CONVERGED,float64,cuda:0
adjoint,0,336,9.618792274088092e-07,True,CONVERGED,float64,cuda:0
adjoint,1,329,9.56575323056041e-07,True,CONVERGED,float64,cuda:0
adjoint,2,331,8.73224312367187e-07,True,CONVERGED,float64,cuda:0
forward,0,335,8.35610363675312e-07,True,CONVERGED,float64,cuda:0
forward,1,337,8.725289441087902e-07,True,CONVERGED,float64,cuda:0
forward,2,336,8.844515774925401e-07,True,CONVERGED,float64,cuda:0
adjoint,0,334,9.727072113310184e-07,True,CONVERGED,float64,cuda:0
adjoint,1,329,9.80059611209032e-07,True,CONVERGED,float64,cuda:0
adjoint,2,329,9.89026685935714e-07,True,CONVERGED,float64,cuda:0
forward,0,335,8.420482869008411e-07,True,CONVERGED,float64,cuda:0
forward,1,337,8.894382098475159e-07,True,CONVERGED,float64,cuda:0
forward,2,336,8.848565722625176e-07,True,CONVERGED,float64,cuda:0
adjoint,0,331,9.566684986515726e-07,True,CONVERGED,float64,cuda:0
adjoint,1,329,9.533407939103477e-07,True,CONVERGED,float64,cuda:0
adjoint,2,327,9.81332951220699e-07,True,CONVERGED,float64,cuda:0
forward,0,335,8.301593008027456e-07,True,CONVERGED,float64,cuda:0
forward,1,337,9.173363198679315e-07,True,CONVERGED,float64,cuda:0
forward,2,336,9.041837760502494e-07,True,CONVERGED,float64,cuda:0
adjoint,0,331,9.242881646932043e-07,True,CONVERGED,float64,cuda:0
adjoint,1,329,9.510289878837217e-07,True,CONVERGED,float64,cuda:0
adjoint,2,324,9.356326219528905e-07,True,CONVERGED,float64,cuda:0
forward,0,335,8.450714278402447e-07,True,CONVERGED,float64,cuda:0
forward,1,337,9.107801031367411e-07,True,CONVERGED,float64,cuda:0
forward,2,336,9.159225056458564e-07,True,CONVERGED,float64,cuda:0
adjoint,0,331,9.424964711339314e-07,True,CONVERGED,float64,cuda:0
adjoint,1,329,9.688403910362653e-07,True,CONVERGED,float64,cuda:0
adjoint,2,324,9.045676962178751e-07,True,CONVERGED,float64,cuda:0
forward,0,335,8.618402842515312e-07,True,CONVERGED,float64,cuda:0
forward,1,337,9.074444587266863e-07,True,CONVERGED,float64,cuda:0
forward,2,336,9.614537989740065e-07,True,CONVERGED,float64,cuda:0
adjoint,0,331,9.575717113531673e-07,True,CONVERGED,float64,cuda:0
adjoint,1,328,9.976332717404634e-07,True,CONVERGED,float64,cuda:0
adjoint,2,326,9.898468338909838e-07,True,CONVERGED,float64,cuda:0
forward,0,335,9.155421669074552e-07,True,CONVERGED,float64,cuda:0
forward,1,337,9.553858512553555e-07,True,CONVERGED,float64,cuda:0
forward,2,337,8.997356630838023e-07,True,CONVERGED,float64,cuda:0
adjoint,0,333,9.828934391106904e-07,True,CONVERGED,float64,cuda:0
adjoint,1,331,9.7089428939336e-07,True,CONVERGED,float64,cuda:0
adjoint,2,331,9.148236533924588e-07,True,CONVERGED,float64,cuda:0
forward,0,335,9.14504414057082e-07,True,CONVERGED,float64,cuda:0
forward,1,337,9.560682129686497e-07,True,CONVERGED,float64,cuda:0
forward,2,337,9.23156417632103e-07,True,CONVERGED,float64,cuda:0
adjoint,0,333,9.77493205901085e-07,True,CONVERGED,float64,cuda:0
adjoint,1,331,9.447381673686621e-07,True,CONVERGED,float64,cuda:0
adjoint,2,331,9.3977601778357e-07,True,CONVERGED,float64,cuda:0
forward,0,335,8.899931196664726e-07,True,CONVERGED,float64,cuda:0
forward,1,337,9.095828991049884e-07,True,CONVERGED,float64,cuda:0
forward,2,337,8.773919025746337e-07,True,CONVERGED,float64,cuda:0
adjoint,0,332,9.834239383461097e-07,True,CONVERGED,float64,cuda:0
adjoint,1,330,9.63172320046134e-07,True,CONVERGED,float64,cuda:0
adjoint,2,331,8.989085738201203e-07,True,CONVERGED,float64,cuda:0
forward,0,335,8.747018642959543e-07,True,CONVERGED,float64,cuda:0
forward,1,337,9.462225344625769e-07,True,CONVERGED,float64,cuda:0
forward,2,337,8.419818375836235e-07,True,CONVERGED,float64,cuda:0
adjoint,0,333,9.654987787554436e-07,True,CONVERGED,float64,cuda:0
adjoint,1,331,9.769978140322133e-07,True,CONVERGED,float64,cuda:0
adjoint,2,331,8.752847087651372e-07,True,CONVERGED,float64,cuda:0
forward,0,335,8.643758076682975e-07,True,CONVERGED,float64,cuda:0
forward,1,337,9.125970037650248e-07,True,CONVERGED,float64,cuda:0
forward,2,337,8.517801644273997e-07,True,CONVERGED,float64,cuda:0
adjoint,0,333,9.990096961083907e-07,True,CONVERGED,float64,cuda:0
adjoint,1,331,9.83613920624926e-07,True,CONVERGED,float64,cuda:0
adjoint,2,331,9.013351495166191e-07,True,CONVERGED,float64,cuda:0
forward,0,335,8.577986844983203e-07,True,CONVERGED,float64,cuda:0
forward,1,337,8.985662369187323e-07,True,CONVERGED,float64,cuda:0
forward,2,337,8.415964115163706e-07,True,CONVERGED,float64,cuda:0
adjoint,0,332,9.913804339140227e-07,True,CONVERGED,float64,cuda:0
adjoint,1,329,9.926740275251343e-07,True,CONVERGED,float64,cuda:0
adjoint,2,331,8.809882236199288e-07,True,CONVERGED,float64,cuda:0
forward,0,334,9.75615256795408e-07,True,CONVERGED,float64,cuda:0
forward,1,337,8.668793449632855e-07,True,CONVERGED,float64,cuda:0
forward,2,336,9.46282541635645e-07,True,CONVERGED,float64,cuda:0
adjoint,0,333,9.80796617910167e-07,True,CONVERGED,float64,cuda:0
adjoint,1,330,9.907824109903465e-07,True,CONVERGED,float64,cuda:0
adjoint,2,330,9.58593052662809e-07,True,CONVERGED,float64,cuda:0
forward,0,334,9.585893572867436e-07,True,CONVERGED,float64,cuda:0
forward,1,337,8.579387622837044e-07,True,CONVERGED,float64,cuda:0
forward,2,336,9.298527345941272e-07,True,CONVERGED,float64,cuda:0
adjoint,0,331,9.98955713994887e-07,True,CONVERGED,float64,cuda:0
adjoint,1,330,9.778479903740656e-07,True,CONVERGED,float64,cuda:0
adjoint,2,328,9.800910223991156e-07,True,CONVERGED,float64,cuda:0
forward,0,334,9.49225811883956e-07,True,CONVERGED,float64,cuda:0
forward,1,337,8.722207441276208e-07,True,CONVERGED,float64,cuda:0
forward,2,336,9.087981269200014e-07,True,CONVERGED,float64,cuda:0
adjoint,0,331,9.33917472214556e-07,True,CONVERGED,float64,cuda:0
adjoint,1,329,9.407513413500409e-07,True,CONVERGED,float64,cuda:0
adjoint,2,327,9.843152960097888e-07,True,CONVERGED,float64,cuda:0
forward,0,334,9.202163382489622e-07,True,CONVERGED,float64,cuda:0
forward,1,337,8.683991921541657e-07,True,CONVERGED,float64,cuda:0
forward,2,336,9.206158271686772e-07,True,CONVERGED,float64,cuda:0
adjoint,0,331,9.240230043349295e-07,True,CONVERGED,float64,cuda:0
adjoint,1,329,9.58430285917516e-07,True,CONVERGED,float64,cuda:0
adjoint,2,324,8.982388867753238e-07,True,CONVERGED,float64,cuda:0
forward,0,334,9.251533051564493e-07,True,CONVERGED,float64,cuda:0
forward,1,337,8.381600299167723e-07,True,CONVERGED,float64,cuda:0
forward,2,336,9.333775879541513e-07,True,CONVERGED,float64,cuda:0
adjoint,0,331,9.6654607172442e-07,True,CONVERGED,float64,cuda:0
adjoint,1,330,9.474588294828669e-07,True,CONVERGED,float64,cuda:0
adjoint,2,323,9.3129292631738e-07,True,CONVERGED,float64,cuda:0
forward,0,334,9.151627521641492e-07,True,CONVERGED,float64,cuda:0
forward,1,337,8.675303127350663e-07,True,CONVERGED,float64,cuda:0
forward,2,336,8.930834581058648e-07,True,CONVERGED,float64,cuda:0
adjoint,0,330,9.78011612232935e-07,True,CONVERGED,float64,cuda:0
adjoint,1,330,9.4658368963104e-07,True,CONVERGED,float64,cuda:0
adjoint,2,323,9.097944355787697e-07,True,CONVERGED,float64,cuda:0
forward,0,333,9.899456346282882e-07,True,CONVERGED,float64,cuda:0
forward,1,336,9.601034844000391e-07,True,CONVERGED,float64,cuda:0
forward,2,336,9.099548881916315e-07,True,CONVERGED,float64,cuda:0
adjoint,0,334,9.416072299449145e-07,True,CONVERGED,float64,cuda:0
adjoint,1,331,9.715370716472785e-07,True,CONVERGED,float64,cuda:0
adjoint,2,325,9.670782258059607e-07,True,CONVERGED,float64,cuda:0
forward,0,333,9.300269461044732e-07,True,CONVERGED,float64,cuda:0
forward,1,335,9.472479892337847e-07,True,CONVERGED,float64,cuda:0
forward,2,336,8.199673101687643e-07,True,CONVERGED,float64,cuda:0
adjoint,0,331,9.666402376704142e-07,True,CONVERGED,float64,cuda:0
adjoint,1,329,9.247396461942622e-07,True,CONVERGED,float64,cuda:0
adjoint,2,323,9.432549062206824e-07,True,CONVERGED,float64,cuda:0
forward,0,328,9.930320395141263e-07,True,CONVERGED,float64,cuda:0
forward,1,334,9.198664205195974e-07,True,CONVERGED,float64,cuda:0
forward,2,334,9.37620223489018e-07,True,CONVERGED,float64,cuda:0
adjoint,0,328,9.354408825183301e-07,True,CONVERGED,float64,cuda:0
adjoint,1,325,9.072753986146576e-07,True,CONVERGED,float64,cuda:0
adjoint,2,324,9.227320927639913e-07,True,CONVERGED,float64,cuda:0
forward,0,322,9.550656139146089e-07,True,CONVERGED,float64,cuda:0
forward,1,324,9.523940292718917e-07,True,CONVERGED,float64,cuda:0
forward,2,323,9.531005820266742e-07,True,CONVERGED,float64,cuda:0
adjoint,0,324,9.902504563037675e-07,True,CONVERGED,float64,cuda:0
adjoint,1,325,9.104298592129241e-07,True,CONVERGED,float64,cuda:0
adjoint,2,320,8.768257661838829e-07,True,CONVERGED,float64,cuda:0
forward,0,316,9.97321551160884e-07,True,CONVERGED,float64,cuda:0
forward,1,319,9.33682278189696e-07,True,CONVERGED,float64,cuda:0
forward,2,320,9.611543367537627e-07,True,CONVERGED,float64,cuda:0
adjoint,0,319,9.733654849007156e-07,True,CONVERGED,float64,cuda:0
adjoint,1,319,9.886285105298045e-07,True,CONVERGED,float64,cuda:0
adjoint,2,322,9.137479677964991e-07,True,CONVERGED,float64,cuda:0
forward,0,312,9.350968295858121e-07,True,CONVERGED,float64,cuda:0
forward,1,317,9.866764336504639e-07,True,CONVERGED,float64,cuda:0
forward,2,317,9.6932859077688e-07,True,CONVERGED,float64,cuda:0
adjoint,0,315,9.73655894397185e-07,True,CONVERGED,float64,cuda:0
adjoint,1,315,9.8814571078785e-07,True,CONVERGED,float64,cuda:0
adjoint,2,320,9.910854698160443e-07,True,CONVERGED,float64,cuda:0
forward,0,295,9.91821390869226e-07,True,CONVERGED,float64,cuda:0
forward,1,318,8.447355905304569e-07,True,CONVERGED,float64,cuda:0
forward,2,318,9.10848248441687e-07,True,CONVERGED,float64,cuda:0
adjoint,0,305,9.497281740446128e-07,True,CONVERGED,float64,cuda:0
adjoint,1,316,8.859018789580439e-07,True,CONVERGED,float64,cuda:0
adjoint,2,322,9.259385800059365e-07,True,CONVERGED,float64,cuda:0
forward,0,300,9.291594368571643e-07,True,CONVERGED,float64,cuda:0
forward,1,299,8.981516370868797e-07,True,CONVERGED,float64,cuda:0
forward,2,298,9.342406727494655e-07,True,CONVERGED,float64,cuda:0
adjoint,0,303,9.463814032907867e-07,True,CONVERGED,float64,cuda:0
adjoint,1,307,9.99063158801445e-07,True,CONVERGED,float64,cuda:0
adjoint,2,301,9.233072963804158e-07,True,CONVERGED,float64,cuda:0
forward,0,301,9.795204904442263e-07,True,CONVERGED,float64,cuda:0
forward,1,313,9.93587604434876e-07,True,CONVERGED,float64,cuda:0
forward,2,310,9.75730805477507e-07,True,CONVERGED,float64,cuda:0
adjoint,0,305,9.919722195970497e-07,True,CONVERGED,float64,cuda:0
adjoint,1,312,9.873012111235562e-07,True,CONVERGED,float64,cuda:0
adjoint,2,309,9.56017328146954e-07,True,CONVERGED,float64,cuda:0
forward,0,299,9.99579530363139e-07,True,CONVERGED,float64,cuda:0
forward,1,301,9.438280151171124e-07,True,CONVERGED,float64,cuda:0
forward,2,305,9.519322578497564e-07,True,CONVERGED,float64,cuda:0
adjoint,0,288,9.835587515628235e-07,True,CONVERGED,float64,cuda:0
adjoint,1,299,9.597421870690695e-07,True,CONVERGED,float64,cuda:0
adjoint,2,308,9.90928967166538e-07,True,CONVERGED,float64,cuda:0
forward,0,312,9.112457050081396e-07,True,CONVERGED,float64,cuda:0
forward,1,312,9.706103693994634e-07,True,CONVERGED,float64,cuda:0
forward,2,313,9.893000195131122e-07,True,CONVERGED,float64,cuda:0
adjoint,0,303,9.067689894227256e-07,True,CONVERGED,float64,cuda:0
adjoint,1,310,9.96809099140412e-07,True,CONVERGED,float64,cuda:0
adjoint,2,310,9.523435609922533e-07,True,CONVERGED,float64,cuda:0
forward,0,313,9.526153353033078e-07,True,CONVERGED,float64,cuda:0
forward,1,318,9.970474367062009e-07,True,CONVERGED,float64,cuda:0
forward,2,319,9.49785752510437e-07,True,CONVERGED,float64,cuda:0
adjoint,0,298,9.629759439670626e-07,True,CONVERGED,float64,cuda:0
adjoint,1,315,9.859131777092893e-07,True,CONVERGED,float64,cuda:0
adjoint,2,315,9.232464273253263e-07,True,CONVERGED,float64,cuda:0
forward,0,296,9.702929099917376e-07,True,CONVERGED,float64,cuda:0
forward,1,318,9.78952715545769e-07,True,CONVERGED,float64,cuda:0
forward,2,319,9.040649472371046e-07,True,CONVERGED,float64,cuda:0
adjoint,0,298,9.30955663730507e-07,True,CONVERGED,float64,cuda:0
adjoint,1,319,8.928586863946877e-07,True,CONVERGED,float64,cuda:0
adjoint,2,320,9.152091105798179e-07,True,CONVERGED,float64,cuda:0
forward,0,308,9.82528260279644e-07,True,CONVERGED,float64,cuda:0
forward,1,318,8.900123603209245e-07,True,CONVERGED,float64,cuda:0
forward,2,317,9.807208298217529e-07,True,CONVERGED,float64,cuda:0
adjoint,0,299,9.9713501672111e-07,True,CONVERGED,float64,cuda:0
adjoint,1,314,9.929269262427945e-07,True,CONVERGED,float64,cuda:0
adjoint,2,319,9.449873606081966e-07,True,CONVERGED,float64,cuda:0
forward,0,300,9.81647457917938e-07,True,CONVERGED,float64,cuda:0
forward,1,317,9.808721684636744e-07,True,CONVERGED,float64,cuda:0
forward,2,317,9.76010434581706e-07,True,CONVERGED,float64,cuda:0
adjoint,0,289,9.64859837857374e-07,True,CONVERGED,float64,cuda:0
adjoint,1,310,9.96562750782268e-07,True,CONVERGED,float64,cuda:0
adjoint,2,316,9.941646945019619e-07,True,CONVERGED,float64,cuda:0
forward,0,302,9.755572662248244e-07,True,CONVERGED,float64,cuda:0
forward,1,316,9.96040037860535e-07,True,CONVERGED,float64,cuda:0
forward,2,319,9.677028281267379e-07,True,CONVERGED,float64,cuda:0
adjoint,0,294,9.85398290168691e-07,True,CONVERGED,float64,cuda:0
adjoint,1,306,9.715508187183098e-07,True,CONVERGED,float64,cuda:0
adjoint,2,311,9.154105007373716e-07,True,CONVERGED,float64,cuda:0
forward,0,301,9.905575630456508e-07,True,CONVERGED,float64,cuda:0
forward,1,317,9.524139792380175e-07,True,CONVERGED,float64,cuda:0
forward,2,318,9.62559161544448e-07,True,CONVERGED,float64,cuda:0
adjoint,0,291,9.627341592120852e-07,True,CONVERGED,float64,cuda:0
adjoint,1,311,9.712712757887183e-07,True,CONVERGED,float64,cuda:0
adjoint,2,315,9.518591514503694e-07,True,CONVERGED,float64,cuda:0
forward,0,311,9.513565870444835e-07,True,CONVERGED,float64,cuda:0
forward,1,317,9.78128999271717e-07,True,CONVERGED,float64,cuda:0
forward,2,318,9.059688623572489e-07,True,CONVERGED,float64,cuda:0
adjoint,0,306,9.930836021291525e-07,True,CONVERGED,float64,cuda:0
adjoint,1,313,9.599588307808433e-07,True,CONVERGED,float64,cuda:0
adjoint,2,318,9.951584574613225e-07,True,CONVERGED,float64,cuda:0
forward,0,296,9.274892075938997e-07,True,CONVERGED,float64,cuda:0
forward,1,316,9.78491002092158e-07,True,CONVERGED,float64,cuda:0
forward,2,315,9.367959430625049e-07,True,CONVERGED,float64,cuda:0
adjoint,0,304,9.881032736616738e-07,True,CONVERGED,float64,cuda:0
adjoint,1,313,9.161498630548653e-07,True,CONVERGED,float64,cuda:0
adjoint,2,320,8.90806403653021e-07,True,CONVERGED,float64,cuda:0
forward,0,310,9.900324201508908e-07,True,CONVERGED,float64,cuda:0
forward,1,317,9.472064535406078e-07,True,CONVERGED,float64,cuda:0
forward,2,315,9.622710901155309e-07,True,CONVERGED,float64,cuda:0
adjoint,0,311,9.726615985779088e-07,True,CONVERGED,float64,cuda:0
adjoint,1,319,9.56515960158508e-07,True,CONVERGED,float64,cuda:0
adjoint,2,320,9.737285234441118e-07,True,CONVERGED,float64,cuda:0
forward,0,314,9.017538199730885e-07,True,CONVERGED,float64,cuda:0
forward,1,319,9.82302256368878e-07,True,CONVERGED,float64,cuda:0
forward,2,320,9.530606203191792e-07,True,CONVERGED,float64,cuda:0
adjoint,0,307,9.42372572701893e-07,True,CONVERGED,float64,cuda:0
adjoint,1,315,9.208055826738493e-07,True,CONVERGED,float64,cuda:0
adjoint,2,313,9.453074370255338e-07,True,CONVERGED,float64,cuda:0
forward,0,315,9.79240680296558e-07,True,CONVERGED,float64,cuda:0
forward,1,320,9.298500297454523e-07,True,CONVERGED,float64,cuda:0
forward,2,320,9.285924049563892e-07,True,CONVERGED,float64,cuda:0
adjoint,0,294,9.95324107316741e-07,True,CONVERGED,float64,cuda:0
adjoint,1,318,9.876424200204277e-07,True,CONVERGED,float64,cuda:0
adjoint,2,315,9.73242045740928e-07,True,CONVERGED,float64,cuda:0
forward,0,303,9.75111187553837e-07,True,CONVERGED,float64,cuda:0
forward,1,320,9.637259911633026e-07,True,CONVERGED,float64,cuda:0
forward,2,321,9.318585168651866e-07,True,CONVERGED,float64,cuda:0
adjoint,0,312,9.883558840780805e-07,True,CONVERGED,float64,cuda:0
adjoint,1,324,8.735376848123104e-07,True,CONVERGED,float64,cuda:0
adjoint,2,314,9.11438863588929e-07,True,CONVERGED,float64,cuda:0
forward,0,309,9.891681313959817e-07,True,CONVERGED,float64,cuda:0
forward,1,323,9.469821245375223e-07,True,CONVERGED,float64,cuda:0
forward,2,322,9.938337226733025e-07,True,CONVERGED,float64,cuda:0
adjoint,0,316,9.431597420737299e-07,True,CONVERGED,float64,cuda:0
adjoint,1,328,9.533212105035324e-07,True,CONVERGED,float64,cuda:0
adjoint,2,326,8.757641756833893e-07,True,CONVERGED,float64,cuda:0
forward,0,312,9.64595576120022e-07,True,CONVERGED,float64,cuda:0
forward,1,318,8.557419794656642e-07,True,CONVERGED,float64,cuda:0
forward,2,317,9.889696706576136e-07,True,CONVERGED,float64,cuda:0
adjoint,0,311,9.370930056242558e-07,True,CONVERGED,float64,cuda:0
adjoint,1,321,9.221930224833308e-07,True,CONVERGED,float64,cuda:0
adjoint,2,320,9.479145936438109e-07,True,CONVERGED,float64,cuda:0
forward,0,298,9.184447922150168e-07,True,CONVERGED,float64,cuda:0
forward,1,303,9.291039048818423e-07,True,CONVERGED,float64,cuda:0
forward,2,317,9.067462946465214e-07,True,CONVERGED,float64,cuda:0
adjoint,0,306,9.576745066750236e-07,True,CONVERGED,float64,cuda:0
adjoint,1,319,9.532097298507811e-07,True,CONVERGED,float64,cuda:0
adjoint,2,319,9.67802954078605e-07,True,CONVERGED,float64,cuda:0
forward,0,312,9.170608413329705e-07,True,CONVERGED,float64,cuda:0
forward,1,317,9.797977951103945e-07,True,CONVERGED,float64,cuda:0
forward,2,317,9.664832753721964e-07,True,CONVERGED,float64,cuda:0
adjoint,0,307,9.710249101258734e-07,True,CONVERGED,float64,cuda:0
adjoint,1,312,9.270132794299925e-07,True,CONVERGED,float64,cuda:0
adjoint,2,316,9.90923946213651e-07,True,CONVERGED,float64,cuda:0
forward,0,309,9.886478197433308e-07,True,CONVERGED,float64,cuda:0
forward,1,317,9.838772019217762e-07,True,CONVERGED,float64,cuda:0
forward,2,318,9.541831900667165e-07,True,CONVERGED,float64,cuda:0
adjoint,0,301,9.490168708237577e-07,True,CONVERGED,float64,cuda:0
adjoint,1,312,9.741175986667219e-07,True,CONVERGED,float64,cuda:0
adjoint,2,310,9.624492923571906e-07,True,CONVERGED,float64,cuda:0
forward,0,310,9.178891933885982e-07,True,CONVERGED,float64,cuda:0
forward,1,316,9.449487250605877e-07,True,CONVERGED,float64,cuda:0
forward,2,317,9.824869493222457e-07,True,CONVERGED,float64,cuda:0
adjoint,0,311,9.085642734301472e-07,True,CONVERGED,float64,cuda:0
adjoint,1,313,9.995135719110472e-07,True,CONVERGED,float64,cuda:0
adjoint,2,320,9.05336379552408e-07,True,CONVERGED,float64,cuda:0
forward,0,305,9.920149083237346e-07,True,CONVERGED,float64,cuda:0
forward,1,316,9.476883872366043e-07,True,CONVERGED,float64,cuda:0
forward,2,319,9.560521973372135e-07,True,CONVERGED,float64,cuda:0
adjoint,0,298,9.66450936879472e-07,True,CONVERGED,float64,cuda:0
adjoint,1,318,9.377263456090993e-07,True,CONVERGED,float64,cuda:0
adjoint,2,320,8.559486360146967e-07,True,CONVERGED,float64,cuda:0
forward,0,314,9.849715779849731e-07,True,CONVERGED,float64,cuda:0
forward,1,317,9.532007692218851e-07,True,CONVERGED,float64,cuda:0
forward,2,320,9.865830403960124e-07,True,CONVERGED,float64,cuda:0
adjoint,0,302,9.066134117197147e-07,True,CONVERGED,float64,cuda:0
adjoint,1,320,9.086074325820856e-07,True,CONVERGED,float64,cuda:0
adjoint,2,319,9.79734471895887e-07,True,CONVERGED,float64,cuda:0
forward,0,315,9.500273264446762e-07,True,CONVERGED,float64,cuda:0
forward,1,318,9.582368018262383e-07,True,CONVERGED,float64,cuda:0
forward,2,321,9.844179462865999e-07,True,CONVERGED,float64,cuda:0
adjoint,0,301,9.89837369769963e-07,True,CONVERGED,float64,cuda:0
adjoint,1,321,9.215456809285955e-07,True,CONVERGED,float64,cuda:0
adjoint,2,320,8.846930153238626e-07,True,CONVERGED,float64,cuda:0
forward,0,315,9.754316534392371e-07,True,CONVERGED,float64,cuda:0
forward,1,318,9.405693514254623e-07,True,CONVERGED,float64,cuda:0
forward,2,322,9.192659959245004e-07,True,CONVERGED,float64,cuda:0
adjoint,0,280,9.339474976447339e-07,True,CONVERGED,float64,cuda:0
adjoint,1,321,9.591112360901202e-07,True,CONVERGED,float64,cuda:0
adjoint,2,320,9.251770871295775e-07,True,CONVERGED,float64,cuda:0
forward,0,314,9.645433996463173e-07,True,CONVERGED,float64,cuda:0
forward,1,318,9.215268704367409e-07,True,CONVERGED,float64,cuda:0
forward,2,321,9.785159851996617e-07,True,CONVERGED,float64,cuda:0
adjoint,0,300,9.624252576807624e-07,True,CONVERGED,float64,cuda:0
adjoint,1,321,9.574102574530944e-07,True,CONVERGED,float64,cuda:0
adjoint,2,319,9.967606118519763e-07,True,CONVERGED,float64,cuda:0
forward,0,314,8.893824610315031e-07,True,CONVERGED,float64,cuda:0
forward,1,318,9.511210696837716e-07,True,CONVERGED,float64,cuda:0
forward,2,321,9.759411738832741e-07,True,CONVERGED,float64,cuda:0
adjoint,0,292,9.654963801838408e-07,True,CONVERGED,float64,cuda:0
adjoint,1,321,9.793915016603101e-07,True,CONVERGED,float64,cuda:0
adjoint,2,320,9.626190014516779e-07,True,CONVERGED,float64,cuda:0
forward,0,312,9.578257644874186e-07,True,CONVERGED,float64,cuda:0
forward,1,318,9.734711327418763e-07,True,CONVERGED,float64,cuda:0
forward,2,321,8.696726942139459e-07,True,CONVERGED,float64,cuda:0
adjoint,0,293,9.771344912464491e-07,True,CONVERGED,float64,cuda:0
adjoint,1,321,9.529409040411829e-07,True,CONVERGED,float64,cuda:0
adjoint,2,320,9.819930400844179e-07,True,CONVERGED,float64,cuda:0
forward,0,310,9.921161182221037e-07,True,CONVERGED,float64,cuda:0
forward,1,318,9.4982890566567e-07,True,CONVERGED,float64,cuda:0
forward,2,321,8.444890371256011e-07,True,CONVERGED,float64,cuda:0
adjoint,0,304,9.338932852346826e-07,True,CONVERGED,float64,cuda:0
adjoint,1,322,9.030449271598782e-07,True,CONVERGED,float64,cuda:0
adjoint,2,320,9.691839777373225e-07,True,CONVERGED,float64,cuda:0
forward,0,310,9.966589884299414e-07,True,CONVERGED,float64,cuda:0
forward,1,318,9.453735272158081e-07,True,CONVERGED,float64,cuda:0
forward,2,320,9.838118133060597e-07,True,CONVERGED,float64,cuda:0
adjoint,0,304,9.514781636240081e-07,True,CONVERGED,float64,cuda:0
adjoint,1,322,9.11221808137767e-07,True,CONVERGED,float64,cuda:0
adjoint,2,319,9.644812120274905e-07,True,CONVERGED,float64,cuda:0
forward,0,311,8.698077261884351e-07,True,CONVERGED,float64,cuda:0
forward,1,318,9.16225309791661e-07,True,CONVERGED,float64,cuda:0
forward,2,320,9.817511223276698e-07,True,CONVERGED,float64,cuda:0
adjoint,0,303,9.961135913686427e-07,True,CONVERGED,float64,cuda:0
adjoint,1,322,9.091954730639951e-07,True,CONVERGED,float64,cuda:0
adjoint,2,319,9.717597562574822e-07,True,CONVERGED,float64,cuda:0
forward,0,311,8.842210796047546e-07,True,CONVERGED,float64,cuda:0
forward,1,318,9.353971780045456e-07,True,CONVERGED,float64,cuda:0
forward,2,321,9.058597064831532e-07,True,CONVERGED,float64,cuda:0
adjoint,0,298,9.965752007853384e-07,True,CONVERGED,float64,cuda:0
adjoint,1,321,9.90805205234408e-07,True,CONVERGED,float64,cuda:0
adjoint,2,321,8.816818231124621e-07,True,CONVERGED,float64,cuda:0
forward,0,311,9.319237007012538e-07,True,CONVERGED,float64,cuda:0
forward,1,318,9.224160129287622e-07,True,CONVERGED,float64,cuda:0
forward,2,320,9.580562489072736e-07,True,CONVERGED,float64,cuda:0
adjoint,0,297,9.863881939280017e-07,True,CONVERGED,float64,cuda:0
adjoint,1,322,9.09579808269268e-07,True,CONVERGED,float64,cuda:0
adjoint,2,319,9.260899926589994e-07,True,CONVERGED,float64,cuda:0
forward,0,311,9.471731001569216e-07,True,CONVERGED,float64,cuda:0
forward,1,318,9.558489427262665e-07,True,CONVERGED,float64,cuda:0
forward,2,321,8.6311260813975e-07,True,CONVERGED,float64,cuda:0
adjoint,0,296,9.644065626573947e-07,True,CONVERGED,float64,cuda:0
adjoint,1,322,9.432359775084907e-07,True,CONVERGED,float64,cuda:0
adjoint,2,318,9.765937097670002e-07,True,CONVERGED,float64,cuda:0
forward,0,311,9.688472965715937e-07,True,CONVERGED,float64,cuda:0
forward,1,318,9.70136109371152e-07,True,CONVERGED,float64,cuda:0
forward,2,321,8.924715008490596e-07,True,CONVERGED,float64,cuda:0
adjoint,0,297,9.386914505821015e-07,True,CONVERGED,float64,cuda:0
adjoint,1,322,9.442550001118746e-07,True,CONVERGED,float64,cuda:0
adjoint,2,318,9.87568764150935e-07,True,CONVERGED,float64,cuda:0
forward,0,312,9.323763407987456e-07,True,CONVERGED,float64,cuda:0
forward,1,319,9.74360843990852e-07,True,CONVERGED,float64,cuda:0
forward,2,321,8.858277542311832e-07,True,CONVERGED,float64,cuda:0
adjoint,0,300,9.76234057755824e-07,True,CONVERGED,float64,cuda:0
adjoint,1,322,9.673432047913463e-07,True,CONVERGED,float64,cuda:0
adjoint,2,318,9.697923449654253e-07,True,CONVERGED,float64,cuda:0
forward,0,312,9.242457698698627e-07,True,CONVERGED,float64,cuda:0
forward,1,319,9.524622571493067e-07,True,CONVERGED,float64,cuda:0
forward,2,321,9.476653162126815e-07,True,CONVERGED,float64,cuda:0
adjoint,0,298,9.824429548527223e-07,True,CONVERGED,float64,cuda:0
adjoint,1,323,8.730818816348075e-07,True,CONVERGED,float64,cuda:0
adjoint,2,318,9.852310591417277e-07,True,CONVERGED,float64,cuda:0
forward,0,312,9.143386635624622e-07,True,CONVERGED,float64,cuda:0
forward,1,318,9.795107932707085e-07,True,CONVERGED,float64,cuda:0
forward,2,321,9.509219209949756e-07,True,CONVERGED,float64,cuda:0
adjoint,0,299,9.414086547654515e-07,True,CONVERGED,float64,cuda:0
adjoint,1,322,9.978750974350084e-07,True,CONVERGED,float64,cuda:0
adjoint,2,318,9.968126996788926e-07,True,CONVERGED,float64,cuda:0
forward,0,312,9.087030509062391e-07,True,CONVERGED,float64,cuda:0
forward,1,318,9.40560297314906e-07,True,CONVERGED,float64,cuda:0
forward,2,321,9.021506288736499e-07,True,CONVERGED,float64,cuda:0
adjoint,0,300,9.882192379765753e-07,True,CONVERGED,float64,cuda:0
adjoint,1,322,9.37186209975969e-07,True,CONVERGED,float64,cuda:0
adjoint,2,319,9.179432866438922e-07,True,CONVERGED,float64,cuda:0
forward,0,311,9.939049919769357e-07,True,CONVERGED,float64,cuda:0
forward,1,318,9.342981808416244e-07,True,CONVERGED,float64,cuda:0
forward,2,321,8.829771626086955e-07,True,CONVERGED,float64,cuda:0
adjoint,0,298,9.969640774861816e-07,True,CONVERGED,float64,cuda:0
adjoint,1,321,9.709444046824072e-07,True,CONVERGED,float64,cuda:0
adjoint,2,319,9.7386679764581e-07,True,CONVERGED,float64,cuda:0
forward,0,311,9.770434765715565e-07,True,CONVERGED,float64,cuda:0
forward,1,318,9.56121125216986e-07,True,CONVERGED,float64,cuda:0
forward,2,320,9.815035758491863e-07,True,CONVERGED,float64,cuda:0
adjoint,0,294,9.64607366390475e-07,True,CONVERGED,float64,cuda:0
adjoint,1,321,9.274077906397229e-07,True,CONVERGED,float64,cuda:0
adjoint,2,320,9.37126941043298e-07,True,CONVERGED,float64,cuda:0
forward,0,311,9.389774336845013e-07,True,CONVERGED,float64,cuda:0
forward,1,318,9.59141517581156e-07,True,CONVERGED,float64,cuda:0
forward,2,320,9.731257297522607e-07,True,CONVERGED,float64,cuda:0
adjoint,0,290,9.659322684116683e-07,True,CONVERGED,float64,cuda:0
adjoint,1,321,9.37343080542738e-07,True,CONVERGED,float64,cuda:0
adjoint,2,320,9.738939984200345e-07,True,CONVERGED,float64,cuda:0
forward,0,311,8.799717009697789e-07,True,CONVERGED,float64,cuda:0
forward,1,318,9.805431838392972e-07,True,CONVERGED,float64,cuda:0
forward,2,320,9.62813521840217e-07,True,CONVERGED,float64,cuda:0
adjoint,0,294,9.816470243949788e-07,True,CONVERGED,float64,cuda:0
adjoint,1,321,9.389507299651329e-07,True,CONVERGED,float64,cuda:0
adjoint,2,320,9.305536110040708e-07,True,CONVERGED,float64,cuda:0
forward,0,310,9.8728952313613e-07,True,CONVERGED,float64,cuda:0
forward,1,318,9.791034295698623e-07,True,CONVERGED,float64,cuda:0
forward,2,320,9.76273596399798e-07,True,CONVERGED,float64,cuda:0
adjoint,0,296,9.310662868768042e-07,True,CONVERGED,float64,cuda:0
adjoint,1,321,9.224801269036078e-07,True,CONVERGED,float64,cuda:0
adjoint,2,319,9.98280225387549e-07,True,CONVERGED,float64,cuda:0
forward,0,311,9.000934456749963e-07,True,CONVERGED,float64,cuda:0
forward,1,318,9.819843100804348e-07,True,CONVERGED,float64,cuda:0
forward,2,320,9.920209976788156e-07,True,CONVERGED,float64,cuda:0
adjoint,0,294,9.194866020341507e-07,True,CONVERGED,float64,cuda:0
adjoint,1,321,9.475031149177279e-07,True,CONVERGED,float64,cuda:0
adjoint,2,318,9.873623643744518e-07,True,CONVERGED,float64,cuda:0
forward,0,311,9.781306897801271e-07,True,CONVERGED,float64,cuda:0
forward,1,318,9.596065244079618e-07,True,CONVERGED,float64,cuda:0
forward,2,320,9.994330544780304e-07,True,CONVERGED,float64,cuda:0
adjoint,0,297,9.540302173116532e-07,True,CONVERGED,float64,cuda:0
adjoint,1,321,9.8677445002144e-07,True,CONVERGED,float64,cuda:0
adjoint,2,318,9.22891870706345e-07,True,CONVERGED,float64,cuda:0
forward,0,312,9.274588325623714e-07,True,CONVERGED,float64,cuda:0
forward,1,318,9.46954832263762e-07,True,CONVERGED,float64,cuda:0
forward,2,320,9.787729320680455e-07,True,CONVERGED,float64,cuda:0
adjoint,0,302,9.659730676557451e-07,True,CONVERGED,float64,cuda:0
adjoint,1,322,9.333327585267427e-07,True,CONVERGED,float64,cuda:0
adjoint,2,317,9.84252454373006e-07,True,CONVERGED,float64,cuda:0
forward,0,312,9.025932415248605e-07,True,CONVERGED,float64,cuda:0
forward,1,318,9.381194819011261e-07,True,CONVERGED,float64,cuda:0
forward,2,320,9.682486750585363e-07,True,CONVERGED,float64,cuda:0
adjoint,0,302,9.61576546430185e-07,True,CONVERGED,float64,cuda:0
adjoint,1,321,9.998773794640927e-07,True,CONVERGED,float64,cuda:0
adjoint,2,317,9.561814889191095e-07,True,CONVERGED,float64,cuda:0
forward,0,311,9.509624876592475e-07,True,CONVERGED,float64,cuda:0
forward,1,318,9.516390702873716e-07,True,CONVERGED,float64,cuda:0
forward,2,320,9.652889673644476e-07,True,CONVERGED,float64,cuda:0
adjoint,0,297,9.87051090758257e-07,True,CONVERGED,float64,cuda:0
adjoint,1,321,9.736116661055213e-07,True,CONVERGED,float64,cuda:0
adjoint,2,317,9.776359583142433e-07,True,CONVERGED,float64,cuda:0
forward,0,311,9.055949239988076e-07,True,CONVERGED,float64,cuda:0
forward,1,318,9.754952994178844e-07,True,CONVERGED,float64,cuda:0
forward,2,320,9.783947169663506e-07,True,CONVERGED,float64,cuda:0
adjoint,0,293,9.3479399409898e-07,True,CONVERGED,float64,cuda:0
adjoint,1,321,9.54427958142694e-07,True,CONVERGED,float64,cuda:0
adjoint,2,318,9.310678802643875e-07,True,CONVERGED,float64,cuda:0
forward,0,311,9.024439995685968e-07,True,CONVERGED,float64,cuda:0
forward,1,318,9.740065821990128e-07,True,CONVERGED,float64,cuda:0
forward,2,320,9.81011390284581e-07,True,CONVERGED,float64,cuda:0
adjoint,0,290,9.306337000482681e-07,True,CONVERGED,float64,cuda:0
adjoint,1,321,9.477893787204594e-07,True,CONVERGED,float64,cuda:0
adjoint,2,318,9.822738086933216e-07,True,CONVERGED,float64,cuda:0
forward,0,311,9.314513795869819e-07,True,CONVERGED,float64,cuda:0
forward,1,318,9.345156028973219e-07,True,CONVERGED,float64,cuda:0
forward,2,320,9.728367898270904e-07,True,CONVERGED,float64,cuda:0
adjoint,0,290,9.792893072546727e-07,True,CONVERGED,float64,cuda:0
adjoint,1,321,9.517208342591752e-07,True,CONVERGED,float64,cuda:0
adjoint,2,318,9.8865549946709e-07,True,CONVERGED,float64,cuda:0
forward,0,311,9.363338884666701e-07,True,CONVERGED,float64,cuda:0
forward,1,317,9.980389951988024e-07,True,CONVERGED,float64,cuda:0
forward,2,320,9.63226286939922e-07,True,CONVERGED,float64,cuda:0
adjoint,0,295,9.303428097740536e-07,True,CONVERGED,float64,cuda:0
adjoint,1,321,9.655910912725166e-07,True,CONVERGED,float64,cuda:0
adjoint,2,318,9.552583712977408e-07,True,CONVERGED,float64,cuda:0
forward,0,311,9.457142818578753e-07,True,CONVERGED,float64,cuda:0
forward,1,318,8.956432132748299e-07,True,CONVERGED,float64,cuda:0
forward,2,320,9.74168998787406e-07,True,CONVERGED,float64,cuda:0
adjoint,0,300,9.860873542663684e-07,True,CONVERGED,float64,cuda:0
adjoint,1,321,9.802743213083897e-07,True,CONVERGED,float64,cuda:0
adjoint,2,317,9.617938760205207e-07,True,CONVERGED,float64,cuda:0
forward,0,311,9.428219742725853e-07,True,CONVERGED,float64,cuda:0
forward,1,318,9.166171450219897e-07,True,CONVERGED,float64,cuda:0
forward,2,320,9.773551383554233e-07,True,CONVERGED,float64,cuda:0
adjoint,0,302,9.89649095366893e-07,True,CONVERGED,float64,cuda:0
adjoint,1,321,9.851095176240774e-07,True,CONVERGED,float64,cuda:0
adjoint,2,316,9.6891742605212e-07,True,CONVERGED,float64,cuda:0
forward,0,310,9.818265390023826e-07,True,CONVERGED,float64,cuda:0
forward,1,318,9.27227239455712e-07,True,CONVERGED,float64,cuda:0
forward,2,320,9.973847074872124e-07,True,CONVERGED,float64,cuda:0
adjoint,0,303,9.647946138718647e-07,True,CONVERGED,float64,cuda:0
adjoint,1,321,9.823093926367008e-07,True,CONVERGED,float64,cuda:0
adjoint,2,316,9.364006783673551e-07,True,CONVERGED,float64,cuda:0
forward,0,310,9.73909439354544e-07,True,CONVERGED,float64,cuda:0
forward,1,318,9.474697974665964e-07,True,CONVERGED,float64,cuda:0
forward,2,321,8.63796093537971e-07,True,CONVERGED,float64,cuda:0
adjoint,0,304,9.040000325871363e-07,True,CONVERGED,float64,cuda:0
adjoint,1,321,9.846241234781118e-07,True,CONVERGED,float64,cuda:0
adjoint,2,316,9.059120990010297e-07,True,CONVERGED,float64,cuda:0
forward,0,310,9.889903500458905e-07,True,CONVERGED,float64,cuda:0
forward,1,318,9.474169815744998e-07,True,CONVERGED,float64,cuda:0
forward,2,320,9.724814399639291e-07,True,CONVERGED,float64,cuda:0
adjoint,0,304,9.673032321148176e-07,True,CONVERGED,float64,cuda:0
adjoint,1,321,9.907351649619772e-07,True,CONVERGED,float64,cuda:0
adjoint,2,315,9.964617578051196e-07,True,CONVERGED,float64,cuda:0
forward,0,310,9.988726231647788e-07,True,CONVERGED,float64,cuda:0
forward,1,318,9.308370722819866e-07,True,CONVERGED,float64,cuda:0
forward,2,320,9.827986663589124e-07,True,CONVERGED,float64,cuda:0
adjoint,0,305,9.879430584231004e-07,True,CONVERGED,float64,cuda:0
adjoint,1,321,9.9639092200853e-07,True,CONVERGED,float64,cuda:0
adjoint,2,315,9.493098485212468e-07,True,CONVERGED,float64,cuda:0
forward,0,310,9.432240483541946e-07,True,CONVERGED,float64,cuda:0
forward,1,318,9.233139793287778e-07,True,CONVERGED,float64,cuda:0
forward,2,320,9.85526915877209e-07,True,CONVERGED,float64,cuda:0
adjoint,0,306,9.591478918283875e-07,True,CONVERGED,float64,cuda:0
adjoint,1,322,9.115775966944362e-07,True,CONVERGED,float64,cuda:0
adjoint,2,315,9.20432092971832e-07,True,CONVERGED,float64,cuda:0
forward,0,309,9.428084161458537e-07,True,CONVERGED,float64,cuda:0
forward,1,318,9.181769238848558e-07,True,CONVERGED,float64,cuda:0
forward,2,320,9.9094812693706e-07,True,CONVERGED,float64,cuda:0
adjoint,0,306,9.614381409570203e-07,True,CONVERGED,float64,cuda:0
adjoint,1,322,9.162979152183793e-07,True,CONVERGED,float64,cuda:0
adjoint,2,315,9.164514476516291e-07,True,CONVERGED,float64,cuda:0
forward,0,308,9.73755998811109e-07,True,CONVERGED,float64,cuda:0
forward,1,318,9.140757312130241e-07,True,CONVERGED,float64,cuda:0
forward,2,320,9.967092735693889e-07,True,CONVERGED,float64,cuda:0
adjoint,0,306,9.508296255412532e-07,True,CONVERGED,float64,cuda:0
adjoint,1,322,9.173044734637233e-07,True,CONVERGED,float64,cuda:0
adjoint,2,315,9.288673549622077e-07,True,CONVERGED,float64,cuda:0
forward,0,308,9.81351811271258e-07,True,CONVERGED,float64,cuda:0
forward,1,318,9.168789624335817e-07,True,CONVERGED,float64,cuda:0
forward,2,321,8.5078834255129e-07,True,CONVERGED,float64,cuda:0
adjoint,0,306,9.487359155656247e-07,True,CONVERGED,float64,cuda:0
adjoint,1,322,9.172718753041816e-07,True,CONVERGED,float64,cuda:0
adjoint,2,315,9.424154609504477e-07,True,CONVERGED,float64,cuda:0
forward,0,309,9.433040521416515e-07,True,CONVERGED,float64,cuda:0
forward,1,318,9.286631672678837e-07,True,CONVERGED,float64,cuda:0
forward,2,321,8.602127087267653e-07,True,CONVERGED,float64,cuda:0
adjoint,0,306,9.630779762933954e-07,True,CONVERGED,float64,cuda:0
adjoint,1,322,9.186561693511893e-07,True,CONVERGED,float64,cuda:0
adjoint,2,315,9.384708797325596e-07,True,CONVERGED,float64,cuda:0
forward,0,308,9.858270574969684e-07,True,CONVERGED,float64,cuda:0
forward,1,318,9.385856318816334e-07,True,CONVERGED,float64,cuda:0
forward,2,321,8.797913037980606e-07,True,CONVERGED,float64,cuda:0
adjoint,0,306,9.800651338060065e-07,True,CONVERGED,float64,cuda:0
adjoint,1,322,9.219295808910357e-07,True,CONVERGED,float64,cuda:0
adjoint,2,315,9.016612122514063e-07,True,CONVERGED,float64,cuda:0
forward,0,302,9.521727016815268e-07,True,CONVERGED,float64,cuda:0
forward,1,318,9.450202220077045e-07,True,CONVERGED,float64,cuda:0
forward,2,321,9.102529784710853e-07,True,CONVERGED,float64,cuda:0
adjoint,0,306,9.95579361702165e-07,True,CONVERGED,float64,cuda:0
adjoint,1,322,9.244248194296653e-07,True,CONVERGED,float64,cuda:0
adjoint,2,315,8.609511342701114e-07,True,CONVERGED,float64,cuda:0
forward,0,297,9.32706495797662e-07,True,CONVERGED,float64,cuda:0
forward,1,318,9.511399512820324e-07,True,CONVERGED,float64,cuda:0
forward,2,321,9.480734399139024e-07,True,CONVERGED,float64,cuda:0
adjoint,0,307,9.573518436957754e-07,True,CONVERGED,float64,cuda:0
adjoint,1,322,9.231192534875053e-07,True,CONVERGED,float64,cuda:0
adjoint,2,315,8.708453996527104e-07,True,CONVERGED,float64,cuda:0
forward,0,295,9.584687804281888e-07,True,CONVERGED,float64,cuda:0
forward,1,318,9.498358099591329e-07,True,CONVERGED,float64,cuda:0
forward,2,321,9.632329685816985e-07,True,CONVERGED,float64,cuda:0
adjoint,0,307,9.606552772781904e-07,True,CONVERGED,float64,cuda:0
adjoint,1,322,9.19087178627333e-07,True,CONVERGED,float64,cuda:0
adjoint,2,315,9.229949282226194e-07,True,CONVERGED,float64,cuda:0
forward,0,295,9.245585782151157e-07,True,CONVERGED,float64,cuda:0
forward,1,318,9.505338941126376e-07,True,CONVERGED,float64,cuda:0
forward,2,321,9.722790879283388e-07,True,CONVERGED,float64,cuda:0
adjoint,0,307,9.694558688194781e-07,True,CONVERGED,float64,cuda:0
adjoint,1,322,9.175331738801064e-07,True,CONVERGED,float64,cuda:0
adjoint,2,315,9.69831488989071e-07,True,CONVERGED,float64,cuda:0
forward,0,295,9.262608646740337e-07,True,CONVERGED,float64,cuda:0
forward,1,318,9.574532047418558e-07,True,CONVERGED,float64,cuda:0
forward,2,321,9.736872025222524e-07,True,CONVERGED,float64,cuda:0
adjoint,0,307,9.77350209433108e-07,True,CONVERGED,float64,cuda:0
adjoint,1,322,9.177977543279496e-07,True,CONVERGED,float64,cuda:0
adjoint,2,315,9.90042471849748e-07,True,CONVERGED,float64,cuda:0
forward,0,295,9.565824276799843e-07,True,CONVERGED,float64,cuda:0
forward,1,318,9.60946589941195e-07,True,CONVERGED,float64,cuda:0
forward,2,321,9.717999801893899e-07,True,CONVERGED,float64,cuda:0
adjoint,0,307,9.811375954185579e-07,True,CONVERGED,float64,cuda:0
adjoint,1,322,9.182570313468695e-07,True,CONVERGED,float64,cuda:0
adjoint,2,315,9.914815819365725e-07,True,CONVERGED,float64,cuda:0
forward,0,295,9.634587734551619e-07,True,CONVERGED,float64,cuda:0
forward,1,318,9.568136109258103e-07,True,CONVERGED,float64,cuda:0
forward,2,321,9.690563209911356e-07,True,CONVERGED,float64,cuda:0
adjoint,0,307,9.779735271182314e-07,True,CONVERGED,float64,cuda:0
adjoint,1,322,9.180256135388628e-07,True,CONVERGED,float64,cuda:0
adjoint,2,315,9.919241254225194e-07,True,CONVERGED,float64,cuda:0
forward,0,295,9.096210005801873e-07,True,CONVERGED,float64,cuda:0
forward,1,318,9.475863839871653e-07,True,CONVERGED,float64,cuda:0
forward,2,321,9.660177124662254e-07,True,CONVERGED,float64,cuda:0
adjoint,0,307,9.656210529595005e-07,True,CONVERGED,float64,cuda:0
adjoint,1,322,9.162500380688349e-07,True,CONVERGED,float64,cuda:0
adjoint,2,316,9.303375398505687e-07,True,CONVERGED,float64,cuda:0
forward,0,294,9.954214850429138e-07,True,CONVERGED,float64,cuda:0
forward,1,318,9.376369210725694e-07,True,CONVERGED,float64,cuda:0
forward,2,321,9.631890920593005e-07,True,CONVERGED,float64,cuda:0
adjoint,0,307,9.449419589394759e-07,True,CONVERGED,float64,cuda:0
adjoint,1,322,9.123510167212507e-07,True,CONVERGED,float64,cuda:0
adjoint,2,316,9.502947074620074e-07,True,CONVERGED,float64,cuda:0
forward,0,296,9.273401115065565e-07,True,CONVERGED,float64,cuda:0
forward,1,318,9.337076211156924e-07,True,CONVERGED,float64,cuda:0
forward,2,321,9.618142965680974e-07,True,CONVERGED,float64,cuda:0
adjoint,0,306,9.853070271375267e-07,True,CONVERGED,float64,cuda:0
adjoint,1,322,9.077611974202952e-07,True,CONVERGED,float64,cuda:0
adjoint,2,316,9.801620102906297e-07,True,CONVERGED,float64,cuda:0
forward,0,297,9.664180048723525e-07,True,CONVERGED,float64,cuda:0
forward,1,318,9.234886783877742e-07,True,CONVERGED,float64,cuda:0
forward,2,321,9.572935686404436e-07,True,CONVERGED,float64,cuda:0
adjoint,0,306,9.640690589270234e-07,True,CONVERGED,float64,cuda:0
adjoint,1,322,9.034282125773502e-07,True,CONVERGED,float64,cuda:0
adjoint,2,317,9.148376393996193e-07,True,CONVERGED,float64,cuda:0
forward,0,297,9.35211927830086e-07,True,CONVERGED,float64,cuda:0
forward,1,318,9.190368219006983e-07,True,CONVERGED,float64,cuda:0
forward,2,321,9.490148679160195e-07,True,CONVERGED,float64,cuda:0
adjoint,0,306,9.690472409284252e-07,True,CONVERGED,float64,cuda:0
adjoint,1,321,9.993969493437895e-07,True,CONVERGED,float64,cuda:0
adjoint,2,317,9.27297338389858e-07,True,CONVERGED,float64,cuda:0
forward,0,296,9.448216900169532e-07,True,CONVERGED,float64,cuda:0
forward,1,318,9.246098180554634e-07,True,CONVERGED,float64,cuda:0
forward,2,321,9.346506475780213e-07,True,CONVERGED,float64,cuda:0
adjoint,0,306,9.803834690692045e-07,True,CONVERGED,float64,cuda:0
adjoint,1,321,9.983797761105973e-07,True,CONVERGED,float64,cuda:0
adjoint,2,317,9.308764424701455e-07,True,CONVERGED,float64,cuda:0
forward,0,295,9.454747597175199e-07,True,CONVERGED,float64,cuda:0
forward,1,318,9.299579330249244e-07,True,CONVERGED,float64,cuda:0
forward,2,321,9.31229362433072e-07,True,CONVERGED,float64,cuda:0
adjoint,0,307,9.335705444878711e-07,True,CONVERGED,float64,cuda:0
adjoint,1,321,9.988577022766807e-07,True,CONVERGED,float64,cuda:0
adjoint,2,317,9.286010387045848e-07,True,CONVERGED,float64,cuda:0
forward,0,295,9.270006378395206e-07,True,CONVERGED,float64,cuda:0
forward,1,318,9.341605817175391e-07,True,CONVERGED,float64,cuda:0
forward,2,321,9.256163949554542e-07,True,CONVERGED,float64,cuda:0
adjoint,0,307,9.402900205794088e-07,True,CONVERGED,float64,cuda:0
adjoint,1,321,9.97515637343542e-07,True,CONVERGED,float64,cuda:0
adjoint,2,317,9.372580184683118e-07,True,CONVERGED,float64,cuda:0
forward,0,295,9.389466043989135e-07,True,CONVERGED,float64,cuda:0
forward,1,318,9.327016580679242e-07,True,CONVERGED,float64,cuda:0
forward,2,321,9.28239037035773e-07,True,CONVERGED,float64,cuda:0
adjoint,0,307,9.363367237515702e-07,True,CONVERGED,float64,cuda:0
adjoint,1,321,9.94572936740978e-07,True,CONVERGED,float64,cuda:0
adjoint,2,317,9.521888540808285e-07,True,CONVERGED,float64,cuda:0
forward,0,295,9.837874094532359e-07,True,CONVERGED,float64,cuda:0
forward,1,318,9.283796760201679e-07,True,CONVERGED,float64,cuda:0
forward,2,321,9.316790822664547e-07,True,CONVERGED,float64,cuda:0
adjoint,0,306,9.873942800894942e-07,True,CONVERGED,float64,cuda:0
adjoint,1,321,9.904328712968285e-07,True,CONVERGED,float64,cuda:0
adjoint,2,317,9.686112650625701e-07,True,CONVERGED,float64,cuda:0
forward,0,296,9.543698643241096e-07,True,CONVERGED,float64,cuda:0
forward,1,318,9.233695778371673e-07,True,CONVERGED,float64,cuda:0
forward,2,321,9.311752284467579e-07,True,CONVERGED,float64,cuda:0
adjoint,0,306,9.69997078258735e-07,True,CONVERGED,float64,cuda:0
adjoint,1,321,9.863637733037996e-07,True,CONVERGED,float64,cuda:0
adjoint,2,317,9.797802847563845e-07,True,CONVERGED,float64,cuda:0
forward,0,296,9.95802738761559e-07,True,CONVERGED,float64,cuda:0
forward,1,318,9.184072699126006e-07,True,CONVERGED,float64,cuda:0
forward,2,321,9.317334565047347e-07,True,CONVERGED,float64,cuda:0
adjoint,0,306,9.591369080929596e-07,True,CONVERGED,float64,cuda:0
adjoint,1,321,9.844667177567972e-07,True,CONVERGED,float64,cuda:0
adjoint,2,317,9.786006114872214e-07,True,CONVERGED,float64,cuda:0
forward,0,296,9.731825010208438e-07,True,CONVERGED,float64,cuda:0
forward,1,318,9.162839723047579e-07,True,CONVERGED,float64,cuda:0
forward,2,321,9.32617530709126e-07,True,CONVERGED,float64,cuda:0
adjoint,0,306,9.57840903889314e-07,True,CONVERGED,float64,cuda:0
adjoint,1,321,9.85679721427689e-07,True,CONVERGED,float64,cuda:0
adjoint,2,317,9.666916723259546e-07,True,CONVERGED,float64,cuda:0
forward,0,296,8.97561752431412e-07,True,CONVERGED,float64,cuda:0
forward,1,318,9.203180092051585e-07,True,CONVERGED,float64,cuda:0
forward,2,321,9.2935398070329e-07,True,CONVERGED,float64,cuda:0
adjoint,0,306,9.66544939359978e-07,True,CONVERGED,float64,cuda:0
adjoint,1,321,9.888144220013914e-07,True,CONVERGED,float64,cuda:0
adjoint,2,317,9.479692642978374e-07,True,CONVERGED,float64,cuda:0
forward,0,295,9.713878029283012e-07,True,CONVERGED,float64,cuda:0
forward,1,318,9.225973114543657e-07,True,CONVERGED,float64,cuda:0
forward,2,321,9.317532085796494e-07,True,CONVERGED,float64,cuda:0
adjoint,0,306,9.730678765303385e-07,True,CONVERGED,float64,cuda:0
adjoint,1,321,9.905821715476279e-07,True,CONVERGED,float64,cuda:0
adjoint,2,317,9.437206511225222e-07,True,CONVERGED,float64,cuda:0
forward,0,295,9.492182118145077e-07,True,CONVERGED,float64,cuda:0
forward,1,318,9.228305764675764e-07,True,CONVERGED,float64,cuda:0
forward,2,321,9.360453106286844e-07,True,CONVERGED,float64,cuda:0
adjoint,0,306,9.81859790099061e-07,True,CONVERGED,float64,cuda:0
adjoint,1,321,9.897801049350577e-07,True,CONVERGED,float64,cuda:0
adjoint,2,317,9.521508633873916e-07,True,CONVERGED,float64,cuda:0
forward,0,295,9.369360513405411e-07,True,CONVERGED,float64,cuda:0
forward,1,318,9.229341444708677e-07,True,CONVERGED,float64,cuda:0
forward,2,321,9.363748191001632e-07,True,CONVERGED,float64,cuda:0
adjoint,0,306,9.835899721272022e-07,True,CONVERGED,float64,cuda:0
adjoint,1,321,9.865686772854262e-07,True,CONVERGED,float64,cuda:0
adjoint,2,317,9.712817608777934e-07,True,CONVERGED,float64,cuda:0
forward,0,295,9.298723610487302e-07,True,CONVERGED,float64,cuda:0
forward,1,318,9.264697359696947e-07,True,CONVERGED,float64,cuda:0
forward,2,321,9.366208279106371e-07,True,CONVERGED,float64,cuda:0
adjoint,0,306,9.820504967711154e-07,True,CONVERGED,float64,cuda:0
adjoint,1,321,9.82820054449089e-07,True,CONVERGED,float64,cuda:0
adjoint,2,317,9.864009091831059e-07,True,CONVERGED,float64,cuda:0
forward,0,295,9.288942354219739e-07,True,CONVERGED,float64,cuda:0
forward,1,318,9.266422729008067e-07,True,CONVERGED,float64,cuda:0
forward,2,321,9.381236538751493e-07,True,CONVERGED,float64,cuda:0
adjoint,0,306,9.777049489042997e-07,True,CONVERGED,float64,cuda:0
adjoint,1,321,9.801137033240576e-07,True,CONVERGED,float64,cuda:0
adjoint,2,317,9.913156170008302e-07,True,CONVERGED,float64,cuda:0
forward,0,295,9.320294683836283e-07,True,CONVERGED,float64,cuda:0
forward,1,318,9.248440898480555e-07,True,CONVERGED,float64,cuda:0
forward,2,321,9.392978845118804e-07,True,CONVERGED,float64,cuda:0
adjoint,0,306,9.743621355552868e-07,True,CONVERGED,float64,cuda:0
adjoint,1,321,9.786403385736432e-07,True,CONVERGED,float64,cuda:0
adjoint,2,317,9.86345035859373e-07,True,CONVERGED,float64,cuda:0
forward,0,295,9.323108222013774e-07,True,CONVERGED,float64,cuda:0
forward,1,318,9.210811533090277e-07,True,CONVERGED,float64,cuda:0
forward,2,321,9.385690046060634e-07,True,CONVERGED,float64,cuda:0
adjoint,0,306,9.742252569581032e-07,True,CONVERGED,float64,cuda:0
adjoint,1,321,9.797006162016445e-07,True,CONVERGED,float64,cuda:0
adjoint,2,317,9.64800254358019e-07,True,CONVERGED,float64,cuda:0
forward,0,295,9.488715079799386e-07,True,CONVERGED,float64,cuda:0
forward,1,318,9.180813820049371e-07,True,CONVERGED,float64,cuda:0
forward,2,321,9.397813497877472e-07,True,CONVERGED,float64,cuda:0
adjoint,0,306,9.73557236296734e-07,True,CONVERGED,float64,cuda:0
adjoint,1,321,9.824978125293446e-07,True,CONVERGED,float64,cuda:0
adjoint,2,317,9.371729177845083e-07,True,CONVERGED,float64,cuda:0
forward,0,295,9.827346274925417e-07,True,CONVERGED,float64,cuda:0
forward,1,318,9.416259961926255e-07,True,CONVERGED,float64,cuda:0
forward,2,321,9.391801628613481e-07,True,CONVERGED,float64,cuda:0
adjoint,0,306,9.74952841096823e-07,True,CONVERGED,float64,cuda:0
adjoint,1,321,9.856431788847753e-07,True,CONVERGED,float64,cuda:0
adjoint,2,317,9.139441495446016e-07,True,CONVERGED,float64,cuda:0
forward,0,295,9.919343531360354e-07,True,CONVERGED,float64,cuda:0
forward,1,318,9.569814003487198e-07,True,CONVERGED,float64,cuda:0
forward,2,321,9.397577430279761e-07,True,CONVERGED,float64,cuda:0
adjoint,0,306,9.727203301075142e-07,True,CONVERGED,float64,cuda:0
adjoint,1,321,9.854927056667967e-07,True,CONVERGED,float64,cuda:0
adjoint,2,317,9.061272691926546e-07,True,CONVERGED,float64,cuda:0
forward,0,295,9.855797197777625e-07,True,CONVERGED,float64,cuda:0
forward,1,318,9.60524466568506e-07,True,CONVERGED,float64,cuda:0
forward,2,321,9.415000040509316e-07,True,CONVERGED,float64,cuda:0
adjoint,0,306,9.726803889620094e-07,True,CONVERGED,float64,cuda:0
adjoint,1,321,9.824322159435597e-07,True,CONVERGED,float64,cuda:0
adjoint,2,317,9.096491695542203e-07,True,CONVERGED,float64,cuda:0
forward,0,295,9.887173973583981e-07,True,CONVERGED,float64,cuda:0
forward,1,318,9.647918204598644e-07,True,CONVERGED,float64,cuda:0
forward,2,321,9.422130974466309e-07,True,CONVERGED,float64,cuda:0
adjoint,0,306,9.745190651529864e-07,True,CONVERGED,float64,cuda:0
adjoint,1,321,9.792332800429614e-07,True,CONVERGED,float64,cuda:0
adjoint,2,317,9.158950054467188e-07,True,CONVERGED,float64,cuda:0
forward,0,295,9.893493112184219e-07,True,CONVERGED,float64,cuda:0
forward,1,318,9.672030409902699e-07,True,CONVERGED,float64,cuda:0
forward,2,321,9.428342268805146e-07,True,CONVERGED,float64,cuda:0
adjoint,0,306,9.726278249044829e-07,True,CONVERGED,float64,cuda:0
adjoint,1,321,9.775285515990603e-07,True,CONVERGED,float64,cuda:0
adjoint,2,317,9.1352199715929e-07,True,CONVERGED,float64,cuda:0
forward,0,296,9.101775669897498e-07,True,CONVERGED,float64,cuda:0
forward,1,318,9.653787133126315e-07,True,CONVERGED,float64,cuda:0
forward,2,321,9.436980978789318e-07,True,CONVERGED,float64,cuda:0
adjoint,0,306,9.745033207080905e-07,True,CONVERGED,float64,cuda:0
adjoint,1,321,9.783741890583761e-07,True,CONVERGED,float64,cuda:0
adjoint,2,317,9.027466851622971e-07,True,CONVERGED,float64,cuda:0
forward,0,296,9.493755433235147e-07,True,CONVERGED,float64,cuda:0
forward,1,318,9.501094314863116e-07,True,CONVERGED,float64,cuda:0
forward,2,321,9.433741340148663e-07,True,CONVERGED,float64,cuda:0
adjoint,0,306,9.770011764772537e-07,True,CONVERGED,float64,cuda:0
adjoint,1,321,9.81273276660162e-07,True,CONVERGED,float64,cuda:0
adjoint,2,316,9.824354597011683e-07,True,CONVERGED,float64,cuda:0
forward,0,296,9.839264119670128e-07,True,CONVERGED,float64,cuda:0
forward,1,318,9.529793679421393e-07,True,CONVERGED,float64,cuda:0
forward,2,321,9.401659186815815e-07,True,CONVERGED,float64,cuda:0
adjoint,0,306,9.76070071189424e-07,True,CONVERGED,float64,cuda:0
adjoint,1,321,9.848803292374852e-07,True,CONVERGED,float64,cuda:0
adjoint,2,316,9.570193988144613e-07,True,CONVERGED,float64,cuda:0
forward,0,296,9.994416001170712e-07,True,CONVERGED,float64,cuda:0
forward,1,318,9.537860010811811e-07,True,CONVERGED,float64,cuda:0
forward,2,321,9.367437124899213e-07,True,CONVERGED,float64,cuda:0
adjoint,0,306,9.729574326967837e-07,True,CONVERGED,float64,cuda:0
adjoint,1,321,9.853932413330752e-07,True,CONVERGED,float64,cuda:0
adjoint,2,316,9.371494613171759e-07,True,CONVERGED,float64,cuda:0
forward,0,296,9.999504352446378e-07,True,CONVERGED,float64,cuda:0
forward,1,318,9.526316852480527e-07,True,CONVERGED,float64,cuda:0
forward,2,321,9.333163417881418e-07,True,CONVERGED,float64,cuda:0
adjoint,0,306,9.706388818823288e-07,True,CONVERGED,float64,cuda:0
adjoint,1,321,9.807173778911896e-07,True,CONVERGED,float64,cuda:0
adjoint,2,316,9.185966758029701e-07,True,CONVERGED,float64,cuda:0
forward,0,297,8.919490146414576e-07,True,CONVERGED,float64,cuda:0
forward,1,318,9.549754072411412e-07,True,CONVERGED,float64,cuda:0
forward,2,321,9.309182544097567e-07,True,CONVERGED,float64,cuda:0
adjoint,0,306,9.682320404188953e-07,True,CONVERGED,float64,cuda:0
adjoint,1,321,9.752378214600135e-07,True,CONVERGED,float64,cuda:0
adjoint,2,315,9.815008817336357e-07,True,CONVERGED,float64,cuda:0
forward,0,296,9.951286033824344e-07,True,CONVERGED,float64,cuda:0
forward,1,318,9.54085894798196e-07,True,CONVERGED,float64,cuda:0
forward,2,321,9.283890520256233e-07,True,CONVERGED,float64,cuda:0
adjoint,0,306,9.637718110729633e-07,True,CONVERGED,float64,cuda:0
adjoint,1,321,9.74730779186054e-07,True,CONVERGED,float64,cuda:0
adjoint,2,315,9.646969448922111e-07,True,CONVERGED,float64,cuda:0
forward,0,297,9.166176888603411e-07,True,CONVERGED,float64,cuda:0
forward,1,318,9.562040811097464e-07,True,CONVERGED,float64,cuda:0
forward,2,321,9.335104260195304e-07,True,CONVERGED,float64,cuda:0
adjoint,0,306,9.688042825793286e-07,True,CONVERGED,float64,cuda:0
adjoint,1,321,9.80327753759859e-07,True,CONVERGED,float64,cuda:0
adjoint,2,315,9.527751762164371e-07,True,CONVERGED,float64,cuda:0
forward,0,297,9.775180828428674e-07,True,CONVERGED,float64,cuda:0
forward,1,318,9.610144364909467e-07,True,CONVERGED,float64,cuda:0
forward,2,321,9.441774491315227e-07,True,CONVERGED,float64,cuda:0
adjoint,0,306,9.79330399043678e-07,True,CONVERGED,float64,cuda:0
adjoint,1,321,9.84052941598473e-07,True,CONVERGED,float64,cuda:0
adjoint,2,315,9.442026855312982e-07,True,CONVERGED,float64,cuda:0
forward,0,297,9.55557356602603e-07,True,CONVERGED,float64,cuda:0
forward,1,318,9.620795914218392e-07,True,CONVERGED,float64,cuda:0
forward,2,321,9.406328174891945e-07,True,CONVERGED,float64,cuda:0
adjoint,0,306,9.791322748881105e-07,True,CONVERGED,float64,cuda:0
adjoint,1,321,9.825492648281112e-07,True,CONVERGED,float64,cuda:0
adjoint,2,315,9.452103565016823e-07,True,CONVERGED,float64,cuda:0
forward,0,297,9.305618779437691e-07,True,CONVERGED,float64,cuda:0
forward,1,318,9.548264403783918e-07,True,CONVERGED,float64,cuda:0
forward,2,321,9.403556000247304e-07,True,CONVERGED,float64,cuda:0
adjoint,0,306,9.78867591602007e-07,True,CONVERGED,float64,cuda:0
adjoint,1,321,9.765706760047055e-07,True,CONVERGED,float64,cuda:0
adjoint,2,315,9.45987739542641e-07,True,CONVERGED,float64,cuda:0
forward,0,297,9.566977607656932e-07,True,CONVERGED,float64,cuda:0
forward,1,318,9.558657938883268e-07,True,CONVERGED,float64,cuda:0
forward,2,321,9.455414014292476e-07,True,CONVERGED,float64,cuda:0
adjoint,0,306,9.85645243505138e-07,True,CONVERGED,float64,cuda:0
adjoint,1,321,9.735596450997616e-07,True,CONVERGED,float64,cuda:0
adjoint,2,315,9.454538940941678e-07,True,CONVERGED,float64,cuda:0
forward,0,298,9.101049233513924e-07,True,CONVERGED,float64,cuda:0
forward,1,318,9.523446781583063e-07,True,CONVERGED,float64,cuda:0
forward,2,321,9.516414641252795e-07,True,CONVERGED,float64,cuda:0
adjoint,0,306,9.955098429491186e-07,True,CONVERGED,float64,cuda:0
adjoint,1,321,9.78045289688453e-07,True,CONVERGED,float64,cuda:0
adjoint,2,315,9.504218813805588e-07,True,CONVERGED,float64,cuda:0
forward,0,298,9.409909552172962e-07,True,CONVERGED,float64,cuda:0
forward,1,318,9.553471901936593e-07,True,CONVERGED,float64,cuda:0
forward,2,321,9.428686321319291e-07,True,CONVERGED,float64,cuda:0
adjoint,0,306,9.995377558628608e-07,True,CONVERGED,float64,cuda:0
adjoint,1,321,9.8102039363568e-07,True,CONVERGED,float64,cuda:0
adjoint,2,315,9.65268736766464e-07,True,CONVERGED,float64,cuda:0
forward,0,298,9.536509865748589e-07,True,CONVERGED,float64,cuda:0
forward,1,318,9.48485221309262e-07,True,CONVERGED,float64,cuda:0
forward,2,321,9.392075130604779e-07,True,CONVERGED,float64,cuda:0
adjoint,0,307,9.798969052130032e-07,True,CONVERGED,float64,cuda:0
adjoint,1,321,9.742698364013267e-07,True,CONVERGED,float64,cuda:0
adjoint,2,315,9.683681565052533e-07,True,CONVERGED,float64,cuda:0
forward,0,298,9.546417649129368e-07,True,CONVERGED,float64,cuda:0
forward,1,318,9.487429761465428e-07,True,CONVERGED,float64,cuda:0
forward,2,321,9.302646251330803e-07,True,CONVERGED,float64,cuda:0
adjoint,0,307,9.810478741928078e-07,True,CONVERGED,float64,cuda:0
adjoint,1,321,9.679002811493731e-07,True,CONVERGED,float64,cuda:0
adjoint,2,315,9.774347505868058e-07,True,CONVERGED,float64,cuda:0
forward,0,298,9.80201445897293e-07,True,CONVERGED,float64,cuda:0
forward,1,318,9.461027192700259e-07,True,CONVERGED,float64,cuda:0
forward,2,321,9.289721866497644e-07,True,CONVERGED,float64,cuda:0
adjoint,0,307,9.862463480351533e-07,True,CONVERGED,float64,cuda:0
adjoint,1,321,9.686505165227794e-07,True,CONVERGED,float64,cuda:0
adjoint,2,316,8.841265611352869e-07,True,CONVERGED,float64,cuda:0
forward,0,299,9.253290245279922e-07,True,CONVERGED,float64,cuda:0
forward,1,318,9.425773445303574e-07,True,CONVERGED,float64,cuda:0
forward,2,321,9.279772694117443e-07,True,CONVERGED,float64,cuda:0
adjoint,0,307,9.927713502741133e-07,True,CONVERGED,float64,cuda:0
adjoint,1,321,9.749078794835847e-07,True,CONVERGED,float64,cuda:0
adjoint,2,316,9.165716076647246e-07,True,CONVERGED,float64,cuda:0
forward,0,299,9.509487400121563e-07,True,CONVERGED,float64,cuda:0
forward,1,318,9.425841492785046e-07,True,CONVERGED,float64,cuda:0
forward,2,321,9.277754411942042e-07,True,CONVERGED,float64,cuda:0
adjoint,0,307,9.990356785490435e-07,True,CONVERGED,float64,cuda:0
adjoint,1,321,9.774254316267307e-07,True,CONVERGED,float64,cuda:0
adjoint,2,316,9.489573568190346e-07,True,CONVERGED,float64,cuda:0
forward,0,299,9.279819704321749e-07,True,CONVERGED,float64,cuda:0
forward,1,318,9.452092502861917e-07,True,CONVERGED,float64,cuda:0
forward,2,321,9.248514149562718e-07,True,CONVERGED,float64,cuda:0
adjoint,0,308,9.707384894927841e-07,True,CONVERGED,float64,cuda:0
adjoint,1,321,9.751547867613817e-07,True,CONVERGED,float64,cuda:0
adjoint,2,316,9.716869094498556e-07,True,CONVERGED,float64,cuda:0
forward,0,299,9.095127305593485e-07,True,CONVERGED,float64,cuda:0
forward,1,318,9.483888504039015e-07,True,CONVERGED,float64,cuda:0
forward,2,321,9.216559376258141e-07,True,CONVERGED,float64,cuda:0
adjoint,0,308,9.7498169766122e-07,True,CONVERGED,float64,cuda:0
adjoint,1,321,9.75100948884092e-07,True,CONVERGED,float64,cuda:0
adjoint,2,316,9.92253839959018e-07,True,CONVERGED,float64,cuda:0
forward,0,299,9.14527264664882e-07,True,CONVERGED,float64,cuda:0
forward,1,318,9.477786402354322e-07,True,CONVERGED,float64,cuda:0
forward,2,321,9.186655576045406e-07,True,CONVERGED,float64,cuda:0
adjoint,0,308,9.83190821628057e-07,True,CONVERGED,float64,cuda:0
adjoint,1,321,9.803911470892971e-07,True,CONVERGED,float64,cuda:0
adjoint,2,317,9.428956402674606e-07,True,CONVERGED,float64,cuda:0
forward,0,299,9.179134879289863e-07,True,CONVERGED,float64,cuda:0
forward,1,318,9.508884792929451e-07,True,CONVERGED,float64,cuda:0
forward,2,321,9.169691465987897e-07,True,CONVERGED,float64,cuda:0
adjoint,0,308,9.90636619693592e-07,True,CONVERGED,float64,cuda:0
adjoint,1,321,9.865828001363656e-07,True,CONVERGED,float64,cuda:0
adjoint,2,317,9.591510292156882e-07,True,CONVERGED,float64,cuda:0
forward,0,298,9.969635466647236e-07,True,CONVERGED,float64,cuda:0
forward,1,318,9.522124574599523e-07,True,CONVERGED,float64,cuda:0
forward,2,321,9.149131908476135e-07,True,CONVERGED,float64,cuda:0
adjoint,0,308,9.938703784474812e-07,True,CONVERGED,float64,cuda:0
adjoint,1,321,9.872990683640864e-07,True,CONVERGED,float64,cuda:0
adjoint,2,317,9.73492073552615e-07,True,CONVERGED,float64,cuda:0
forward,0,298,9.742220799160658e-07,True,CONVERGED,float64,cuda:0
forward,1,318,9.581972053374288e-07,True,CONVERGED,float64,cuda:0
forward,2,321,9.14029353095351e-07,True,CONVERGED,float64,cuda:0
adjoint,0,308,9.943905109503064e-07,True,CONVERGED,float64,cuda:0
adjoint,1,321,9.899404315833917e-07,True,CONVERGED,float64,cuda:0
adjoint,2,317,9.8253077432751e-07,True,CONVERGED,float64,cuda:0
forward,0,298,9.783232619411066e-07,True,CONVERGED,float64,cuda:0
forward,1,318,9.590234260922077e-07,True,CONVERGED,float64,cuda:0
forward,2,321,9.168708625118839e-07,True,CONVERGED,float64,cuda:0
adjoint,0,308,9.97811287579117e-07,True,CONVERGED,float64,cuda:0
adjoint,1,321,9.905769921982562e-07,True,CONVERGED,float64,cuda:0
adjoint,2,317,9.747495994838138e-07,True,CONVERGED,float64,cuda:0
forward,0,298,9.792190549114275e-07,True,CONVERGED,float64,cuda:0
forward,1,318,9.575458171012173e-07,True,CONVERGED,float64,cuda:0
forward,2,321,9.201408878338649e-07,True,CONVERGED,float64,cuda:0
adjoint,0,309,9.71659099290131e-07,True,CONVERGED,float64,cuda:0
adjoint,1,321,9.881075471291624e-07,True,CONVERGED,float64,cuda:0
adjoint,2,317,9.642821127773604e-07,True,CONVERGED,float64,cuda:0
forward,0,298,9.573070310746921e-07,True,CONVERGED,float64,cuda:0
forward,1,318,9.583108638705198e-07,True,CONVERGED,float64,cuda:0
forward,2,321,9.195974637906505e-07,True,CONVERGED,float64,cuda:0
adjoint,0,308,9.993641092795802e-07,True,CONVERGED,float64,cuda:0
adjoint,1,321,9.868368290003535e-07,True,CONVERGED,float64,cuda:0
adjoint,2,317,9.728124089539083e-07,True,CONVERGED,float64,cuda:0
forward,0,298,9.425439205130513e-07,True,CONVERGED,float64,cuda:0
forward,1,318,9.636940286295294e-07,True,CONVERGED,float64,cuda:0
forward,2,321,9.186806418361655e-07,True,CONVERGED,float64,cuda:0
adjoint,0,308,9.9488574222107e-07,True,CONVERGED,float64,cuda:0
adjoint,1,321,9.880047743960426e-07,True,CONVERGED,float64,cuda:0
adjoint,2,317,9.92235231569854e-07,True,CONVERGED,float64,cuda:0
forward,0,298,9.671073924157563e-07,True,CONVERGED,float64,cuda:0
forward,1,318,9.59851057090886e-07,True,CONVERGED,float64,cuda:0
forward,2,321,9.194382352735252e-07,True,CONVERGED,float64,cuda:0
adjoint,0,309,9.70433375831751e-07,True,CONVERGED,float64,cuda:0
adjoint,1,321,9.825208730730957e-07,True,CONVERGED,float64,cuda:0
adjoint,2,317,9.950134657564612e-07,True,CONVERGED,float64,cuda:0
forward,0,298,9.681269212065264e-07,True,CONVERGED,float64,cuda:0
forward,1,318,9.588354327286218e-07,True,CONVERGED,float64,cuda:0
forward,2,321,9.177675723784894e-07,True,CONVERGED,float64,cuda:0
adjoint,0,308,9.985691516887287e-07,True,CONVERGED,float64,cuda:0
adjoint,1,321,9.854638481873204e-07,True,CONVERGED,float64,cuda:0
adjoint,2,318,9.180241517938321e-07,True,CONVERGED,float64,cuda:0
forward,0,298,9.582387188590935e-07,True,CONVERGED,float64,cuda:0
forward,1,318,9.662147893856248e-07,True,CONVERGED,float64,cuda:0
forward,2,321,9.167366990605976e-07,True,CONVERGED,float64,cuda:0
adjoint,0,308,9.941562351049543e-07,True,CONVERGED,float64,cuda:0
adjoint,1,321,9.874929087102233e-07,True,CONVERGED,float64,cuda:0
adjoint,2,318,9.304173592929567e-07,True,CONVERGED,float64,cuda:0
forward,0,298,9.407774301231322e-07,True,CONVERGED,float64,cuda:0
forward,1,318,9.583984755351091e-07,True,CONVERGED,float64,cuda:0
forward,2,321,9.164178211953038e-07,True,CONVERGED,float64,cuda:0
adjoint,0,308,9.927878247548873e-07,True,CONVERGED,float64,cuda:0
adjoint,1,321,9.837649778224092e-07,True,CONVERGED,float64,cuda:0
adjoint,2,318,9.280623947119836e-07,True,CONVERGED,float64,cuda:0
forward,0,298,9.20175311256324e-07,True,CONVERGED,float64,cuda:0
forward,1,318,9.58443162439914e-07,True,CONVERGED,float64,cuda:0
forward,2,321,9.155055829916103e-07,True,CONVERGED,float64,cuda:0
adjoint,0,308,9.849900945747895e-07,True,CONVERGED,float64,cuda:0
adjoint,1,321,9.836338384890325e-07,True,CONVERGED,float64,cuda:0
adjoint,2,318,9.260173064407199e-07,True,CONVERGED,float64,cuda:0
forward,0,298,9.199168574468841e-07,True,CONVERGED,float64,cuda:0
forward,1,318,9.5897660590671e-07,True,CONVERGED,float64,cuda:0
forward,2,321,9.154174022496226e-07,True,CONVERGED,float64,cuda:0
adjoint,0,308,9.83978403194713e-07,True,CONVERGED,float64,cuda:0
adjoint,1,321,9.847599260208673e-07,True,CONVERGED,float64,cuda:0
adjoint,2,318,9.17572550274672e-07,True,CONVERGED,float64,cuda:0
forward,0,298,9.327006007296796e-07,True,CONVERGED,float64,cuda:0
forward,1,318,9.638857470332673e-07,True,CONVERGED,float64,cuda:0
forward,2,321,9.147444136795581e-07,True,CONVERGED,float64,cuda:0
adjoint,0,308,9.825413172805955e-07,True,CONVERGED,float64,cuda:0
adjoint,1,321,9.880090721717836e-07,True,CONVERGED,float64,cuda:0
adjoint,2,318,9.153029771223708e-07,True,CONVERGED,float64,cuda:0
forward,0,297,9.946401094343438e-07,True,CONVERGED,float64,cuda:0
forward,1,318,9.696681563545092e-07,True,CONVERGED,float64,cuda:0
forward,2,321,9.146186123138822e-07,True,CONVERGED,float64,cuda:0
adjoint,0,308,9.891270543696342e-07,True,CONVERGED,float64,cuda:0
adjoint,1,321,9.895626759222768e-07,True,CONVERGED,float64,cuda:0
adjoint,2,318,9.239125821864896e-07,True,CONVERGED,float64,cuda:0
forward,0,297,9.61777185523998e-07,True,CONVERGED,float64,cuda:0
forward,1,318,9.639108289586025e-07,True,CONVERGED,float64,cuda:0
forward,2,321,9.140155940269404e-07,True,CONVERGED,float64,cuda:0
adjoint,0,308,9.750134452350353e-07,True,CONVERGED,float64,cuda:0
adjoint,1,321,9.871593983592724e-07,True,CONVERGED,float64,cuda:0
adjoint,2,318,9.331832910307906e-07,True,CONVERGED,float64,cuda:0
forward,0,297,9.59775808455921e-07,True,CONVERGED,float64,cuda:0
forward,1,318,9.595596810612706e-07,True,CONVERGED,float64,cuda:0
forward,2,321,9.124462741295086e-07,True,CONVERGED,float64,cuda:0
adjoint,0,308,9.786307688845415e-07,True,CONVERGED,float64,cuda:0
adjoint,1,321,9.867543175029627e-07,True,CONVERGED,float64,cuda:0
adjoint,2,318,9.455200704322829e-07,True,CONVERGED,float64,cuda:0
forward,0,297,9.532720762734355e-07,True,CONVERGED,float64,cuda:0
forward,1,318,9.703998068602738e-07,True,CONVERGED,float64,cuda:0
forward,2,321,9.111842535563142e-07,True,CONVERGED,float64,cuda:0
adjoint,0,308,9.872308408805868e-07,True,CONVERGED,float64,cuda:0
adjoint,1,321,9.894140124645984e-07,True,CONVERGED,float64,cuda:0
adjoint,2,318,9.697885608233074e-07,True,CONVERGED,float64,cuda:0
forward,0,297,9.543550909576612e-07,True,CONVERGED,float64,cuda:0
forward,1,318,9.468318642128217e-07,True,CONVERGED,float64,cuda:0
forward,2,321,9.105832357125879e-07,True,CONVERGED,float64,cuda:0
adjoint,0,308,9.891863241473167e-07,True,CONVERGED,float64,cuda:0
adjoint,1,321,9.926859600151167e-07,True,CONVERGED,float64,cuda:0
adjoint,2,318,9.964062455973547e-07,True,CONVERGED,float64,cuda:0
forward,0,297,9.590081279461307e-07,True,CONVERGED,float64,cuda:0
forward,1,318,9.439250480810888e-07,True,CONVERGED,float64,cuda:0
forward,2,321,9.092715031285409e-07,True,CONVERGED,float64,cuda:0
adjoint,0,308,9.808883342628187e-07,True,CONVERGED,float64,cuda:0
adjoint,1,321,9.932488373343818e-07,True,CONVERGED,float64,cuda:0
adjoint,2,319,9.134714258460357e-07,True,CONVERGED,float64,cuda:0
forward,0,297,9.61629589280563e-07,True,CONVERGED,float64,cuda:0
forward,1,318,9.493678386628916e-07,True,CONVERGED,float64,cuda:0
forward,2,321,9.090030015592354e-07,True,CONVERGED,float64,cuda:0
adjoint,0,308,9.812272209881161e-07,True,CONVERGED,float64,cuda:0
adjoint,1,321,9.927440593397562e-07,True,CONVERGED,float64,cuda:0
adjoint,2,319,9.218052935086987e-07,True,CONVERGED,float64,cuda:0
forward,0,297,9.468969056329806e-07,True,CONVERGED,float64,cuda:0
forward,1,318,9.475261129085316e-07,True,CONVERGED,float64,cuda:0
forward,2,321,9.112878951148301e-07,True,CONVERGED,float64,cuda:0
adjoint,0,308,9.747331382824445e-07,True,CONVERGED,float64,cuda:0
adjoint,1,321,9.935719991987102e-07,True,CONVERGED,float64,cuda:0
adjoint,2,319,9.257761221676571e-07,True,CONVERGED,float64,cuda:0
forward,0,297,9.381205321240103e-07,True,CONVERGED,float64,cuda:0
forward,1,318,9.447899034170128e-07,True,CONVERGED,float64,cuda:0
forward,2,321,9.14037615098625e-07,True,CONVERGED,float64,cuda:0
adjoint,0,308,9.698312024177108e-07,True,CONVERGED,float64,cuda:0
adjoint,1,321,9.948893749208267e-07,True,CONVERGED,float64,cuda:0
adjoint,2,319,9.25924264141778e-07,True,CONVERGED,float64,cuda:0
forward,0,297,9.516285867761486e-07,True,CONVERGED,float64,cuda:0
forward,1,318,9.470956257618877e-07,True,CONVERGED,float64,cuda:0
forward,2,321,9.137516857227064e-07,True,CONVERGED,float64,cuda:0
adjoint,0,308,9.738238553737096e-07,True,CONVERGED,float64,cuda:0
adjoint,1,321,9.954277177939806e-07,True,CONVERGED,float64,cuda:0
adjoint,2,319,9.307167194546036e-07,True,CONVERGED,float64,cuda:0
forward,0,297,9.69522266499257e-07,True,CONVERGED,float64,cuda:0
forward,1,318,9.496848143968581e-07,True,CONVERGED,float64,cuda:0
forward,2,321,9.133494035548641e-07,True,CONVERGED,float64,cuda:0
adjoint,0,308,9.798067217389887e-07,True,CONVERGED,float64,cuda:0
adjoint,1,321,9.971636230031385e-07,True,CONVERGED,float64,cuda:0
adjoint,2,319,9.391199131504894e-07,True,CONVERGED,float64,cuda:0
forward,0,297,9.525794936499011e-07,True,CONVERGED,float64,cuda:0
forward,1,318,9.347554078428886e-07,True,CONVERGED,float64,cuda:0
forward,2,321,9.144436683296759e-07,True,CONVERGED,float64,cuda:0
adjoint,0,308,9.67825821474584e-07,True,CONVERGED,float64,cuda:0
adjoint,1,322,8.931609965091245e-07,True,CONVERGED,float64,cuda:0
adjoint,2,319,9.348654542410049e-07,True,CONVERGED,float64,cuda:0
forward,0,297,9.541295066618023e-07,True,CONVERGED,float64,cuda:0
forward,1,318,9.341639175869077e-07,True,CONVERGED,float64,cuda:0
forward,2,321,9.148095248798835e-07,True,CONVERGED,float64,cuda:0
adjoint,0,307,9.952694626271652e-07,True,CONVERGED,float64,cuda:0
adjoint,1,322,8.943466482259137e-07,True,CONVERGED,float64,cuda:0
adjoint,2,319,9.354428313092605e-07,True,CONVERGED,float64,cuda:0
forward,0,297,9.594230829178703e-07,True,CONVERGED,float64,cuda:0
forward,1,318,9.42960475592523e-07,True,CONVERGED,float64,cuda:0
forward,2,321,9.145057606692422e-07,True,CONVERGED,float64,cuda:0
adjoint,0,307,9.997938830174865e-07,True,CONVERGED,float64,cuda:0
adjoint,1,322,8.96174597960422e-07,True,CONVERGED,float64,cuda:0
adjoint,2,319,9.37601880332158e-07,True,CONVERGED,float64,cuda:0
forward,0,297,9.376491543758378e-07,True,CONVERGED,float64,cuda:0
forward,1,318,9.408825677104502e-07,True,CONVERGED,float64,cuda:0
forward,2,321,9.15866553978341e-07,True,CONVERGED,float64,cuda:0
adjoint,0,307,9.839873656728625e-07,True,CONVERGED,float64,cuda:0
adjoint,1,322,8.957338095633951e-07,True,CONVERGED,float64,cuda:0
adjoint,2,319,9.247708754000838e-07,True,CONVERGED,float64,cuda:0
forward,0,297,9.283976565937019e-07,True,CONVERGED,float64,cuda:0
forward,1,318,9.487566856340041e-07,True,CONVERGED,float64,cuda:0
forward,2,321,9.167862117130662e-07,True,CONVERGED,float64,cuda:0
adjoint,0,306,9.97146328150757e-07,True,CONVERGED,float64,cuda:0
adjoint,1,321,9.996999810819144e-07,True,CONVERGED,float64,cuda:0
adjoint,2,319,9.161251822113247e-07,True,CONVERGED,float64,cuda:0
forward,0,297,9.379377652519606e-07,True,CONVERGED,float64,cuda:0
forward,1,318,9.707826404016948e-07,True,CONVERGED,float64,cuda:0
forward,2,321,9.160651906242759e-07,True,CONVERGED,float64,cuda:0
adjoint,0,307,9.84919423513014e-07,True,CONVERGED,float64,cuda:0
adjoint,1,321,9.9868167466348e-07,True,CONVERGED,float64,cuda:0
adjoint,2,319,9.196791936551932e-07,True,CONVERGED,float64,cuda:0
forward,0,297,9.38253935667889e-07,True,CONVERGED,float64,cuda:0
forward,1,318,9.58731563364013e-07,True,CONVERGED,float64,cuda:0
forward,2,321,9.141278298410675e-07,True,CONVERGED,float64,cuda:0
adjoint,0,306,9.964102656679433e-07,True,CONVERGED,float64,cuda:0
adjoint,1,321,9.982823999746531e-07,True,CONVERGED,float64,cuda:0
adjoint,2,319,9.167030799763136e-07,True,CONVERGED,float64,cuda:0
forward,0,297,9.467992962769025e-07,True,CONVERGED,float64,cuda:0
forward,1,318,9.52053339840401e-07,True,CONVERGED,float64,cuda:0
forward,2,321,9.11359637769065e-07,True,CONVERGED,float64,cuda:0
adjoint,0,306,9.919386004014416e-07,True,CONVERGED,float64,cuda:0
adjoint,1,321,9.987800123523524e-07,True,CONVERGED,float64,cuda:0
adjoint,2,319,9.214435005749375e-07,True,CONVERGED,float64,cuda:0
forward,0,297,9.564067947639159e-07,True,CONVERGED,float64,cuda:0
forward,1,318,9.568120136729556e-07,True,CONVERGED,float64,cuda:0
forward,2,321,9.086353076083874e-07,True,CONVERGED,float64,cuda:0
adjoint,0,306,9.928295525141972e-07,True,CONVERGED,float64,cuda:0
adjoint,1,321,9.981007533675474e-07,True,CONVERGED,float64,cuda:0
adjoint,2,319,9.288904709818412e-07,True,CONVERGED,float64,cuda:0
forward,0,297,9.56500225007631e-07,True,CONVERGED,float64,cuda:0
forward,1,318,9.677699523966938e-07,True,CONVERGED,float64,cuda:0
forward,2,321,9.070578961658863e-07,True,CONVERGED,float64,cuda:0
adjoint,0,306,9.894748587133043e-07,True,CONVERGED,float64,cuda:0
adjoint,1,321,9.973488621948358e-07,True,CONVERGED,float64,cuda:0
adjoint,2,319,9.315436382587579e-07,True,CONVERGED,float64,cuda:0
forward,0,297,9.40434407484544e-07,True,CONVERGED,float64,cuda:0
forward,1,318,9.68173583627055e-07,True,CONVERGED,float64,cuda:0
forward,2,321,9.062225659862966e-07,True,CONVERGED,float64,cuda:0
adjoint,0,306,9.764946590795725e-07,True,CONVERGED,float64,cuda:0
adjoint,1,321,9.96040262377774e-07,True,CONVERGED,float64,cuda:0
adjoint,2,319,9.263668473896156e-07,True,CONVERGED,float64,cuda:0
forward,0,297,9.364266823514382e-07,True,CONVERGED,float64,cuda:0
forward,1,318,9.590308286468228e-07,True,CONVERGED,float64,cuda:0
forward,2,321,9.058058710518179e-07,True,CONVERGED,float64,cuda:0
adjoint,0,306,9.745032643380535e-07,True,CONVERGED,float64,cuda:0
adjoint,1,321,9.948400213155295e-07,True,CONVERGED,float64,cuda:0
adjoint,2,319,9.25957382078907e-07,True,CONVERGED,float64,cuda:0
forward,0,297,9.331234866102734e-07,True,CONVERGED,float64,cuda:0
forward,1,318,9.570335032041078e-07,True,CONVERGED,float64,cuda:0
forward,2,321,9.041445699336879e-07,True,CONVERGED,float64,cuda:0
adjoint,0,306,9.689113020601487e-07,True,CONVERGED,float64,cuda:0
adjoint,1,321,9.946865532377617e-07,True,CONVERGED,float64,cuda:0
adjoint,2,319,9.261293479156329e-07,True,CONVERGED,float64,cuda:0
forward,0,297,9.27874847711187e-07,True,CONVERGED,float64,cuda:0
forward,1,318,9.606224509191185e-07,True,CONVERGED,float64,cuda:0
forward,2,321,9.014114924255542e-07,True,CONVERGED,float64,cuda:0
adjoint,0,306,9.535322371057976e-07,True,CONVERGED,float64,cuda:0
adjoint,1,321,9.943639168979571e-07,True,CONVERGED,float64,cuda:0
adjoint,2,319,9.227187778622347e-07,True,CONVERGED,float64,cuda:0
forward,0,297,9.35532065761907e-07,True,CONVERGED,float64,cuda:0
forward,1,318,9.550160044841558e-07,True,CONVERGED,float64,cuda:0
forward,2,321,8.975117744022799e-07,True,CONVERGED,float64,cuda:0
adjoint,0,306,9.567021916504697e-07,True,CONVERGED,float64,cuda:0
adjoint,1,321,9.940928257789398e-07,True,CONVERGED,float64,cuda:0
adjoint,2,319,9.286549287929267e-07,True,CONVERGED,float64,cuda:0
forward,0,297,9.415735270789417e-07,True,CONVERGED,float64,cuda:0
forward,1,318,9.533255277435842e-07,True,CONVERGED,float64,cuda:0
forward,2,321,8.937899037561841e-07,True,CONVERGED,float64,cuda:0
adjoint,0,306,9.560984462569012e-07,True,CONVERGED,float64,cuda:0
adjoint,1,321,9.94224793380147e-07,True,CONVERGED,float64,cuda:0
adjoint,2,319,9.348380681108193e-07,True,CONVERGED,float64,cuda:0
forward,0,297,9.332087109553998e-07,True,CONVERGED,float64,cuda:0
forward,1,318,9.565568984948007e-07,True,CONVERGED,float64,cuda:0
forward,2,321,8.913614745674083e-07,True,CONVERGED,float64,cuda:0
adjoint,0,306,9.377193848898583e-07,True,CONVERGED,float64,cuda:0
adjoint,1,321,9.942789453143508e-07,True,CONVERGED,float64,cuda:0
adjoint,2,319,9.332847945536773e-07,True,CONVERGED,float64,cuda:0
forward,0,297,9.310922476585167e-07,True,CONVERGED,float64,cuda:0
forward,1,318,9.541010738128834e-07,True,CONVERGED,float64,cuda:0
forward,2,321,8.891897551865754e-07,True,CONVERGED,float64,cuda:0
adjoint,0,306,9.328424281912153e-07,True,CONVERGED,float64,cuda:0
adjoint,1,321,9.93056740351219e-07,True,CONVERGED,float64,cuda:0
adjoint,2,319,9.342356398126681e-07,True,CONVERGED,float64,cuda:0
forward,0,297,9.340721124952992e-07,True,CONVERGED,float64,cuda:0
forward,1,318,9.507631130296059e-07,True,CONVERGED,float64,cuda:0
forward,2,321,8.877042409138534e-07,True,CONVERGED,float64,cuda:0
adjoint,0,306,9.406154445149691e-07,True,CONVERGED,float64,cuda:0
adjoint,1,321,9.921535947087383e-07,True,CONVERGED,float64,cuda:0
adjoint,2,319,9.425431484125836e-07,True,CONVERGED,float64,cuda:0
forward,0,297,9.276774068557351e-07,True,CONVERGED,float64,cuda:0
forward,1,318,9.513140792048274e-07,True,CONVERGED,float64,cuda:0
forward,2,321,8.852309001837793e-07,True,CONVERGED,float64,cuda:0
adjoint,0,306,9.205528756113787e-07,True,CONVERGED,float64,cuda:0
adjoint,1,321,9.907523353360115e-07,True,CONVERGED,float64,cuda:0
adjoint,2,319,9.396585060474849e-07,True,CONVERGED,float64,cuda:0
forward,0,297,9.28615078855203e-07,True,CONVERGED,float64,cuda:0
forward,1,318,9.504840630425974e-07,True,CONVERGED,float64,cuda:0
forward,2,321,8.82628677901158e-07,True,CONVERGED,float64,cuda:0
adjoint,0,306,9.161742606478626e-07,True,CONVERGED,float64,cuda:0
adjoint,1,321,9.90406268973673e-07,True,CONVERGED,float64,cuda:0
adjoint,2,319,9.462972966535023e-07,True,CONVERGED,float64,cuda:0
forward,0,297,9.329435762052792e-07,True,CONVERGED,float64,cuda:0
forward,1,318,9.494577292964647e-07,True,CONVERGED,float64,cuda:0
forward,2,321,8.796716834024863e-07,True,CONVERGED,float64,cuda:0
adjoint,0,306,9.177932747290114e-07,True,CONVERGED,float64,cuda:0
adjoint,1,321,9.90775303616409e-07,True,CONVERGED,float64,cuda:0
adjoint,2,319,9.565531644318864e-07,True,CONVERGED,float64,cuda:0
forward,0,297,9.326751471862446e-07,True,CONVERGED,float64,cuda:0
forward,1,318,9.490927796158606e-07,True,CONVERGED,float64,cuda:0
forward,2,321,8.767264661823682e-07,True,CONVERGED,float64,cuda:0
adjoint,0,306,9.066175644592122e-07,True,CONVERGED,float64,cuda:0
adjoint,1,321,9.907889908045631e-07,True,CONVERGED,float64,cuda:0
adjoint,2,319,9.568683507962983e-07,True,CONVERGED,float64,cuda:0
forward,0,297,9.342891126526867e-07,True,CONVERGED,float64,cuda:0
forward,1,318,9.48831532428884e-07,True,CONVERGED,float64,cuda:0
forward,2,321,8.748563267825291e-07,True,CONVERGED,float64,cuda:0
adjoint,0,306,9.030743521808034e-07,True,CONVERGED,float64,cuda:0
adjoint,1,321,9.912172849678058e-07,True,CONVERGED,float64,cuda:0
adjoint,2,319,9.599784987035424e-07,True,CONVERGED,float64,cuda:0
forward,0,297,9.327728004520002e-07,True,CONVERGED,float64,cuda:0
forward,1,318,9.493432025479845e-07,True,CONVERGED,float64,cuda:0
forward,2,321,8.748563828103191e-07,True,CONVERGED,float64,cuda:0
adjoint,0,306,8.951228529166641e-07,True,CONVERGED,float64,cuda:0
adjoint,1,321,9.912918683443942e-07,True,CONVERGED,float64,cuda:0
adjoint,2,319,9.533740834844086e-07,True,CONVERGED,float64,cuda:0
forward,0,297,9.297846156328128e-07,True,CONVERGED,float64,cuda:0
forward,1,318,9.505275317420104e-07,True,CONVERGED,float64,cuda:0
forward,2,321,8.759300672146053e-07,True,CONVERGED,float64,cuda:0
adjoint,0,305,9.906293259673032e-07,True,CONVERGED,float64,cuda:0
adjoint,1,321,9.90950966472524e-07,True,CONVERGED,float64,cuda:0
adjoint,2,319,9.40977047436052e-07,True,CONVERGED,float64,cuda:0
forward,0,297,9.299224735893108e-07,True,CONVERGED,float64,cuda:0
forward,1,318,9.517570673263418e-07,True,CONVERGED,float64,cuda:0
forward,2,321,8.759127889296586e-07,True,CONVERGED,float64,cuda:0
adjoint,0,305,9.85000996462845e-07,True,CONVERGED,float64,cuda:0
adjoint,1,321,9.910479716212669e-07,True,CONVERGED,float64,cuda:0
adjoint,2,319,9.38500602716281e-07,True,CONVERGED,float64,cuda:0
forward,0,297,9.306579623847005e-07,True,CONVERGED,float64,cuda:0
forward,1,318,9.520565502253342e-07,True,CONVERGED,float64,cuda:0
forward,2,321,8.753018661108255e-07,True,CONVERGED,float64,cuda:0
adjoint,0,305,9.75927588067739e-07,True,CONVERGED,float64,cuda:0
adjoint,1,321,9.916395686543485e-07,True,CONVERGED,float64,cuda:0
adjoint,2,319,9.384822733581587e-07,True,CONVERGED,float64,cuda:0
forward,0,297,9.322554066987837e-07,True,CONVERGED,float64,cuda:0
forward,1,318,9.520500666674587e-07,True,CONVERGED,float64,cuda:0
forward,2,321,8.745676987222582e-07,True,CONVERGED,float64,cuda:0
adjoint,0,305,9.63720839449273e-07,True,CONVERGED,float64,cuda:0
adjoint,1,321,9.925280228100782e-07,True,CONVERGED,float64,cuda:0
adjoint,2,319,9.424666637172034e-07,True,CONVERGED,float64,cuda:0
forward,0,297,9.318517058445154e-07,True,CONVERGED,float64,cuda:0
forward,1,318,9.525227750582768e-07,True,CONVERGED,float64,cuda:0
forward,2,321,8.75151931289408e-07,True,CONVERGED,float64,cuda:0
adjoint,0,305,9.509983365040246e-07,True,CONVERGED,float64,cuda:0
adjoint,1,321,9.92793020456584e-07,True,CONVERGED,float64,cuda:0
adjoint,2,319,9.405903100530189e-07,True,CONVERGED,float64,cuda:0
forward,0,297,9.333962533488858e-07,True,CONVERGED,float64,cuda:0
forward,1,318,9.519509654792844e-07,True,CONVERGED,float64,cuda:0
forward,2,321,8.737679331243535e-07,True,CONVERGED,float64,cuda:0
adjoint,0,305,9.579339990835627e-07,True,CONVERGED,float64,cuda:0
adjoint,1,321,9.934589170718212e-07,True,CONVERGED,float64,cuda:0
adjoint,2,319,9.45970264839332e-07,True,CONVERGED,float64,cuda:0
forward,0,297,9.302301087593773e-07,True,CONVERGED,float64,cuda:0
forward,1,318,9.519006694997637e-07,True,CONVERGED,float64,cuda:0
forward,2,321,8.770085795386436e-07,True,CONVERGED,float64,cuda:0
adjoint,0,305,9.427721580650705e-07,True,CONVERGED,float64,cuda:0
adjoint,1,321,9.929503562037158e-07,True,CONVERGED,float64,cuda:0
adjoint,2,319,9.349707578933402e-07,True,CONVERGED,float64,cuda:0
forward,0,297,9.298187931009459e-07,True,CONVERGED,float64,cuda:0
forward,1,318,9.523818814632627e-07,True,CONVERGED,float64,cuda:0
forward,2,321,8.775910367305439e-07,True,CONVERGED,float64,cuda:0
adjoint,0,305,9.425939684984354e-07,True,CONVERGED,float64,cuda:0
adjoint,1,321,9.924764333272647e-07,True,CONVERGED,float64,cuda:0
adjoint,2,319,9.329784679956713e-07,True,CONVERGED,float64,cuda:0
forward,0,297,9.323723993865156e-07,True,CONVERGED,float64,cuda:0
forward,1,318,9.54622165924063e-07,True,CONVERGED,float64,cuda:0
forward,2,321,8.766864779395207e-07,True,CONVERGED,float64,cuda:0
adjoint,0,305,9.451233662250291e-07,True,CONVERGED,float64,cuda:0
adjoint,1,321,9.918046872655511e-07,True,CONVERGED,float64,cuda:0
adjoint,2,319,9.402462234164438e-07,True,CONVERGED,float64,cuda:0
forward,0,297,9.296273179416619e-07,True,CONVERGED,float64,cuda:0
forward,1,318,9.519055584146669e-07,True,CONVERGED,float64,cuda:0
forward,2,321,8.782174413171017e-07,True,CONVERGED,float64,cuda:0
adjoint,0,304,9.847594798512393e-07,True,CONVERGED,float64,cuda:0
adjoint,1,321,9.937810563660646e-07,True,CONVERGED,float64,cuda:0
adjoint,2,319,9.367475794172624e-07,True,CONVERGED,float64,cuda:0
forward,0,297,9.298664672739748e-07,True,CONVERGED,float64,cuda:0
forward,1,318,9.526099713028662e-07,True,CONVERGED,float64,cuda:0
forward,2,321,8.76507908792307e-07,True,CONVERGED,float64,cuda:0
adjoint,0,304,9.826707708622425e-07,True,CONVERGED,float64,cuda:0
adjoint,1,321,9.948717304211002e-07,True,CONVERGED,float64,cuda:0
adjoint,2,319,9.418878982716269e-07,True,CONVERGED,float64,cuda:0
forward,0,297,9.29313856576291e-07,True,CONVERGED,float64,cuda:0
forward,1,318,9.531165428424046e-07,True,CONVERGED,float64,cuda:0
forward,2,321,8.750855362668868e-07,True,CONVERGED,float64,cuda:0
adjoint,0,304,9.789131292197734e-07,True,CONVERGED,float64,cuda:0
adjoint,1,321,9.949117003059164e-07,True,CONVERGED,float64,cuda:0
adjoint,2,319,9.381675834032821e-07,True,CONVERGED,float64,cuda:0
forward,0,297,9.269103069533595e-07,True,CONVERGED,float64,cuda:0
forward,1,318,9.531735956640453e-07,True,CONVERGED,float64,cuda:0
forward,2,321,8.743655948026945e-07,True,CONVERGED,float64,cuda:0
adjoint,0,304,9.672970275941385e-07,True,CONVERGED,float64,cuda:0
adjoint,1,321,9.958819792450367e-07,True,CONVERGED,float64,cuda:0
adjoint,2,319,9.305777529105579e-07,True,CONVERGED,float64,cuda:0
forward,0,297,9.25374912876445e-07,True,CONVERGED,float64,cuda:0
forward,1,318,9.535944216522909e-07,True,CONVERGED,float64,cuda:0
forward,2,321,8.724338013878747e-07,True,CONVERGED,float64,cuda:0
adjoint,0,304,9.683349964191037e-07,True,CONVERGED,float64,cuda:0
adjoint,1,321,9.952184913908488e-07,True,CONVERGED,float64,cuda:0
adjoint,2,319,9.2516317400629e-07,True,CONVERGED,float64,cuda:0
forward,0,297,9.257670183072242e-07,True,CONVERGED,float64,cuda:0
forward,1,318,9.548592448843286e-07,True,CONVERGED,float64,cuda:0
forward,2,321,8.701631336134377e-07,True,CONVERGED,float64,cuda:0
adjoint,0,304,9.706355308458255e-07,True,CONVERGED,float64,cuda:0
adjoint,1,321,9.93920089901665e-07,True,CONVERGED,float64,cuda:0
adjoint,2,319,9.245769904946788e-07,True,CONVERGED,float64,cuda:0
forward,0,297,9.231607896198316e-07,True,CONVERGED,float64,cuda:0
forward,1,318,9.536076128559697e-07,True,CONVERGED,float64,cuda:0
forward,2,321,8.702691857985175e-07,True,CONVERGED,float64,cuda:0
adjoint,0,304,9.569694149217969e-07,True,CONVERGED,float64,cuda:0
adjoint,1,321,9.967508957507482e-07,True,CONVERGED,float64,cuda:0
adjoint,2,318,9.929214037497125e-07,True,CONVERGED,float64,cuda:0
forward,0,297,9.234507758322872e-07,True,CONVERGED,float64,cuda:0
forward,1,318,9.542555090645515e-07,True,CONVERGED,float64,cuda:0
forward,2,321,8.678933696269372e-07,True,CONVERGED,float64,cuda:0
adjoint,0,304,9.600247006242471e-07,True,CONVERGED,float64,cuda:0
adjoint,1,321,9.960298677242918e-07,True,CONVERGED,float64,cuda:0
adjoint,2,318,9.974749917296452e-07,True,CONVERGED,float64,cuda:0
forward,0,297,9.231402178436477e-07,True,CONVERGED,float64,cuda:0
forward,1,318,9.541972786590579e-07,True,CONVERGED,float64,cuda:0
forward,2,321,8.665653539677588e-07,True,CONVERGED,float64,cuda:0
adjoint,0,304,9.588365077178733e-07,True,CONVERGED,float64,cuda:0
adjoint,1,321,9.96025904253426e-07,True,CONVERGED,float64,cuda:0
adjoint,2,318,9.976762437255065e-07,True,CONVERGED,float64,cuda:0
forward,0,297,9.21997520499599e-07,True,CONVERGED,float64,cuda:0
forward,1,318,9.544724923634454e-07,True,CONVERGED,float64,cuda:0
forward,2,321,8.662413185136432e-07,True,CONVERGED,float64,cuda:0
adjoint,0,304,9.566106487243904e-07,True,CONVERGED,float64,cuda:0
adjoint,1,321,9.981662801193898e-07,True,CONVERGED,float64,cuda:0
adjoint,2,318,9.99266625277713e-07,True,CONVERGED,float64,cuda:0
forward,0,297,9.203534913681993e-07,True,CONVERGED,float64,cuda:0
forward,1,318,9.543865101249699e-07,True,CONVERGED,float64,cuda:0
forward,2,321,8.660770078712151e-07,True,CONVERGED,float64,cuda:0
adjoint,0,304,9.53632673616632e-07,True,CONVERGED,float64,cuda:0
adjoint,1,321,9.989154466493806e-07,True,CONVERGED,float64,cuda:0
adjoint,2,318,9.953163976919375e-07,True,CONVERGED,float64,cuda:0
forward,0,297,9.20047649635225e-07,True,CONVERGED,float64,cuda:0
forward,1,318,9.552439028028701e-07,True,CONVERGED,float64,cuda:0
forward,2,321,8.643959599262218e-07,True,CONVERGED,float64,cuda:0
adjoint,0,304,9.612671004216592e-07,True,CONVERGED,float64,cuda:0
adjoint,1,321,9.924422631590733e-07,True,CONVERGED,float64,cuda:0
adjoint,2,318,9.962042948514595e-07,True,CONVERGED,float64,cuda:0
forward,0,297,9.19344615310552e-07,True,CONVERGED,float64,cuda:0
forward,1,318,9.555182176949415e-07,True,CONVERGED,float64,cuda:0
forward,2,321,8.63640147244203e-07,True,CONVERGED,float64,cuda:0
adjoint,0,304,9.620557742578573e-07,True,CONVERGED,float64,cuda:0
adjoint,1,321,9.899264094776478e-07,True,CONVERGED,float64,cuda:0
adjoint,2,318,9.958519996227745e-07,True,CONVERGED,float64,cuda:0
forward,0,297,9.168577825287914e-07,True,CONVERGED,float64,cuda:0
forward,1,318,9.5468584747686e-07,True,CONVERGED,float64,cuda:0
forward,2,321,8.645768501470095e-07,True,CONVERGED,float64,cuda:0
adjoint,0,304,9.544826192799748e-07,True,CONVERGED,float64,cuda:0
adjoint,1,321,9.951269846270274e-07,True,CONVERGED,float64,cuda:0
adjoint,2,318,9.941967819129912e-07,True,CONVERGED,float64,cuda:0
forward,0,297,9.166445302844705e-07,True,CONVERGED,float64,cuda:0
forward,1,318,9.547101508028923e-07,True,CONVERGED,float64,cuda:0
forward,2,321,8.642620314200771e-07,True,CONVERGED,float64,cuda:0
adjoint,0,304,9.51254115963085e-07,True,CONVERGED,float64,cuda:0
adjoint,1,321,9.94913624586124e-07,True,CONVERGED,float64,cuda:0
adjoint,2,318,9.95998108014516e-07,True,CONVERGED,float64,cuda:0
forward,0,297,9.187434722451633e-07,True,CONVERGED,float64,cuda:0
forward,1,318,9.564449424203139e-07,True,CONVERGED,float64,cuda:0
forward,2,321,8.638625408284637e-07,True,CONVERGED,float64,cuda:0
adjoint,0,304,9.525317264751585e-07,True,CONVERGED,float64,cuda:0
adjoint,1,321,9.898074985722217e-07,True,CONVERGED,float64,cuda:0
adjoint,2,319,9.278116440827657e-07,True,CONVERGED,float64,cuda:0
forward,0,297,9.142377340621571e-07,True,CONVERGED,float64,cuda:0
forward,1,318,9.552346229918006e-07,True,CONVERGED,float64,cuda:0
forward,2,321,8.64937303355228e-07,True,CONVERGED,float64,cuda:0
adjoint,0,304,9.289610697646157e-07,True,CONVERGED,float64,cuda:0
adjoint,1,321,9.97159528275855e-07,True,CONVERGED,float64,cuda:0
adjoint,2,318,9.941901866204145e-07,True,CONVERGED,float64,cuda:0
forward,0,297,9.13464881348113e-07,True,CONVERGED,float64,cuda:0
forward,1,318,9.570274168657435e-07,True,CONVERGED,float64,cuda:0
forward,2,321,8.651718337788456e-07,True,CONVERGED,float64,cuda:0
adjoint,0,304,9.325002399361653e-07,True,CONVERGED,float64,cuda:0
adjoint,1,321,9.906765892845141e-07,True,CONVERGED,float64,cuda:0
adjoint,2,318,9.950652237129082e-07,True,CONVERGED,float64,cuda:0
forward,0,297,9.127814543173473e-07,True,CONVERGED,float64,cuda:0
forward,1,318,9.57468929477875e-07,True,CONVERGED,float64,cuda:0
forward,2,321,8.652452082193977e-07,True,CONVERGED,float64,cuda:0
adjoint,0,304,9.205950624830127e-07,True,CONVERGED,float64,cuda:0
adjoint,1,321,9.897138138817933e-07,True,CONVERGED,float64,cuda:0
adjoint,2,318,9.958494898505036e-07,True,CONVERGED,float64,cuda:0
forward,0,297,9.1003579044458e-07,True,CONVERGED,float64,cuda:0
forward,1,318,9.568322271427522e-07,True,CONVERGED,float64,cuda:0
forward,2,321,8.658388827776065e-07,True,CONVERGED,float64,cuda:0
adjoint,0,304,9.310220848671073e-07,True,CONVERGED,float64,cuda:0
adjoint,1,321,9.942742247792932e-07,True,CONVERGED,float64,cuda:0
adjoint,2,318,9.935598084761026e-07,True,CONVERGED,float64,cuda:0
forward,0,297,9.09262127611163e-07,True,CONVERGED,float64,cuda:0
forward,1,318,9.57405533471818e-07,True,CONVERGED,float64,cuda:0
forward,2,321,8.657894544417963e-07,True,CONVERGED,float64,cuda:0
adjoint,0,304,9.33929658600498e-07,True,CONVERGED,float64,cuda:0
adjoint,1,321,9.923821638959408e-07,True,CONVERGED,float64,cuda:0
adjoint,2,318,9.955704678295135e-07,True,CONVERGED,float64,cuda:0
forward,0,297,9.099457844696087e-07,True,CONVERGED,float64,cuda:0
forward,1,318,9.591949827002104e-07,True,CONVERGED,float64,cuda:0
forward,2,321,8.660319549951654e-07,True,CONVERGED,float64,cuda:0
adjoint,0,304,9.344887228160709e-07,True,CONVERGED,float64,cuda:0
adjoint,1,321,9.879702954732956e-07,True,CONVERGED,float64,cuda:0
adjoint,2,319,9.272620709698363e-07,True,CONVERGED,float64,cuda:0
forward,0,297,9.063768247503032e-07,True,CONVERGED,float64,cuda:0
forward,1,318,9.579499162429178e-07,True,CONVERGED,float64,cuda:0
forward,2,321,8.66370067747264e-07,True,CONVERGED,float64,cuda:0
adjoint,0,304,9.3337865722593e-07,True,CONVERGED,float64,cuda:0
adjoint,1,321,9.946331266094265e-07,True,CONVERGED,float64,cuda:0
adjoint,2,318,9.978998928005535e-07,True,CONVERGED,float64,cuda:0
forward,0,297,9.039011005563952e-07,True,CONVERGED,float64,cuda:0
forward,1,318,9.584119180656036e-07,True,CONVERGED,float64,cuda:0
forward,2,321,8.664636915140579e-07,True,CONVERGED,float64,cuda:0
adjoint,0,304,9.261564404936804e-07,True,CONVERGED,float64,cuda:0
adjoint,1,321,9.926667609991649e-07,True,CONVERGED,float64,cuda:0
adjoint,2,318,9.953340234771136e-07,True,CONVERGED,float64,cuda:0
forward,0,297,9.077693700205126e-07,True,CONVERGED,float64,cuda:0
forward,1,318,9.628080741755245e-07,True,CONVERGED,float64,cuda:0
forward,2,321,8.661990233586647e-07,True,CONVERGED,float64,cuda:0
adjoint,0,304,9.298436480544234e-07,True,CONVERGED,float64,cuda:0
adjoint,1,321,9.82106362960247e-07,True,CONVERGED,float64,cuda:0
adjoint,2,319,9.325820712860129e-07,True,CONVERGED,float64,cuda:0
forward,0,297,9.004831311658465e-07,True,CONVERGED,float64,cuda:0
forward,1,318,9.591399513099673e-07,True,CONVERGED,float64,cuda:0
forward,2,321,8.661769096145144e-07,True,CONVERGED,float64,cuda:0
adjoint,0,304,9.178037378587708e-07,True,CONVERGED,float64,cuda:0
adjoint,1,321,9.921614483345546e-07,True,CONVERGED,float64,cuda:0
adjoint,2,318,9.993254339852047e-07,True,CONVERGED,float64,cuda:0
forward,0,297,9.000729614611121e-07,True,CONVERGED,float64,cuda:0
forward,1,318,9.590410068416004e-07,True,CONVERGED,float64,cuda:0
forward,2,321,8.658127356008324e-07,True,CONVERGED,float64,cuda:0
adjoint,0,303,9.982635325666037e-07,True,CONVERGED,float64,cuda:0
adjoint,1,321,9.925364290367385e-07,True,CONVERGED,float64,cuda:0
adjoint,2,319,9.302649561415438e-07,True,CONVERGED,float64,cuda:0
forward,0,297,9.041381148353781e-07,True,CONVERGED,float64,cuda:0
forward,1,318,9.632671646844397e-07,True,CONVERGED,float64,cuda:0
forward,2,321,8.657457572214892e-07,True,CONVERGED,float64,cuda:0
adjoint,0,304,9.151971369426866e-07,True,CONVERGED,float64,cuda:0
adjoint,1,321,9.822990209062574e-07,True,CONVERGED,float64,cuda:0
adjoint,2,319,9.409483617656151e-07,True,CONVERGED,float64,cuda:0
forward,0,297,8.963641285165303e-07,True,CONVERGED,float64,cuda:0
forward,1,318,9.598746816012279e-07,True,CONVERGED,float64,cuda:0
forward,2,321,8.658177277872994e-07,True,CONVERGED,float64,cuda:0
adjoint,0,303,9.94888205266603e-07,True,CONVERGED,float64,cuda:0
adjoint,1,321,9.912771674906242e-07,True,CONVERGED,float64,cuda:0
adjoint,2,319,9.30848110130609e-07,True,CONVERGED,float64,cuda:0
forward,0,297,8.945451730483955e-07,True,CONVERGED,float64,cuda:0
forward,1,318,9.608293911809063e-07,True,CONVERGED,float64,cuda:0
forward,2,321,8.657913518832038e-07,True,CONVERGED,float64,cuda:0
adjoint,0,303,9.963142486800498e-07,True,CONVERGED,float64,cuda:0
adjoint,1,321,9.899186013289025e-07,True,CONVERGED,float64,cuda:0
adjoint,2,319,9.302180363936012e-07,True,CONVERGED,float64,cuda:0
forward,0,297,8.959685229258979e-07,True,CONVERGED,float64,cuda:0
forward,1,318,9.66245475368972e-07,True,CONVERGED,float64,cuda:0
forward,2,321,8.664178176591979e-07,True,CONVERGED,float64,cuda:0
adjoint,0,303,9.983090100231705e-07,True,CONVERGED,float64,cuda:0
adjoint,1,321,9.819876460569595e-07,True,CONVERGED,float64,cuda:0
adjoint,2,319,9.331676388870104e-07,True,CONVERGED,float64,cuda:0
forward,0,297,8.89979223142282e-07,True,CONVERGED,float64,cuda:0
forward,1,318,9.605544702676452e-07,True,CONVERGED,float64,cuda:0
forward,2,321,8.665934657715639e-07,True,CONVERGED,float64,cuda:0
adjoint,0,304,9.248155524207034e-07,True,CONVERGED,float64,cuda:0
adjoint,1,321,9.938961309250522e-07,True,CONVERGED,float64,cuda:0
adjoint,2,318,9.992714044197382e-07,True,CONVERGED,float64,cuda:0
forward,0,297,8.924521485567471e-07,True,CONVERGED,float64,cuda:0
forward,1,318,9.633006658388395e-07,True,CONVERGED,float64,cuda:0
forward,2,321,8.650555158796018e-07,True,CONVERGED,float64,cuda:0
adjoint,0,303,9.966147238658011e-07,True,CONVERGED,float64,cuda:0
adjoint,1,321,9.851421779616904e-07,True,CONVERGED,float64,cuda:0
adjoint,2,319,9.374481667660872e-07,True,CONVERGED,float64,cuda:0
forward,0,297,8.918813398522093e-07,True,CONVERGED,float64,cuda:0
forward,1,318,9.638423147975336e-07,True,CONVERGED,float64,cuda:0
forward,2,321,8.649458502817212e-07,True,CONVERGED,float64,cuda:0
adjoint,0,303,9.96554854379285e-07,True,CONVERGED,float64,cuda:0
adjoint,1,321,9.847231310561312e-07,True,CONVERGED,float64,cuda:0
adjoint,2,319,9.443871893689512e-07,True,CONVERGED,float64,cuda:0
forward,0,297,8.879384211775648e-07,True,CONVERGED,float64,cuda:0
forward,1,318,9.589732074764443e-07,True,CONVERGED,float64,cuda:0
forward,2,321,8.653357866569888e-07,True,CONVERGED,float64,cuda:0
adjoint,0,303,9.975812724356636e-07,True,CONVERGED,float64,cuda:0
adjoint,1,321,9.977898759292492e-07,True,CONVERGED,float64,cuda:0
adjoint,2,319,9.403373909351636e-07,True,CONVERGED,float64,cuda:0
forward,0,297,8.895943476388489e-07,True,CONVERGED,float64,cuda:0
forward,1,318,9.658046735020678e-07,True,CONVERGED,float64,cuda:0
forward,2,321,8.639095215642671e-07,True,CONVERGED,float64,cuda:0
adjoint,0,303,9.976417546797988e-07,True,CONVERGED,float64,cuda:0
adjoint,1,321,9.805231122601278e-07,True,CONVERGED,float64,cuda:0
adjoint,2,319,9.436901125746013e-07,True,CONVERGED,float64,cuda:0
forward,0,297,8.867649943123714e-07,True,CONVERGED,float64,cuda:0
forward,1,318,9.669881966014918e-07,True,CONVERGED,float64,cuda:0
forward,2,321,8.643095995142504e-07,True,CONVERGED,float64,cuda:0
adjoint,0,304,9.219622324031197e-07,True,CONVERGED,float64,cuda:0
adjoint,1,321,9.798112172255533e-07,True,CONVERGED,float64,cuda:0
adjoint,2,319,9.386717283731176e-07,True,CONVERGED,float64,cuda:0
forward,0,297,8.828416923055786e-07,True,CONVERGED,float64,cuda:0
forward,1,318,9.612432966422675e-07,True,CONVERGED,float64,cuda:0
forward,2,321,8.662798454499723e-07,True,CONVERGED,float64,cuda:0
adjoint,0,304,9.321428879206527e-07,True,CONVERGED,float64,cuda:0
adjoint,1,321,9.92566646521492e-07,True,CONVERGED,float64,cuda:0
adjoint,2,319,9.316127217291346e-07,True,CONVERGED,float64,cuda:0
forward,0,297,8.84977420827301e-07,True,CONVERGED,float64,cuda:0
forward,1,318,9.669631428719469e-07,True,CONVERGED,float64,cuda:0
forward,2,321,8.647490662015889e-07,True,CONVERGED,float64,cuda:0
adjoint,0,304,9.253567539297549e-07,True,CONVERGED,float64,cuda:0
adjoint,1,321,9.80991561510809e-07,True,CONVERGED,float64,cuda:0
adjoint,2,319,9.395711664155927e-07,True,CONVERGED,float64,cuda:0
forward,0,297,8.823647091639416e-07,True,CONVERGED,float64,cuda:0
forward,1,318,9.64774166406538e-07,True,CONVERGED,float64,cuda:0
forward,2,321,8.644670176685331e-07,True,CONVERGED,float64,cuda:0
adjoint,0,304,9.269702636892991e-07,True,CONVERGED,float64,cuda:0
adjoint,1,321,9.831120399833552e-07,True,CONVERGED,float64,cuda:0
adjoint,2,319,9.388037982529216e-07,True,CONVERGED,float64,cuda:0
forward,0,297,8.808437647718123e-07,True,CONVERGED,float64,cuda:0
forward,1,318,9.621963421840793e-07,True,CONVERGED,float64,cuda:0
forward,2,321,8.647418030218967e-07,True,CONVERGED,float64,cuda:0
adjoint,0,303,9.989475237890523e-07,True,CONVERGED,float64,cuda:0
adjoint,1,321,9.890070620585712e-07,True,CONVERGED,float64,cuda:0
adjoint,2,319,9.43794490291837e-07,True,CONVERGED,float64,cuda:0
forward,0,297,8.808593196381851e-07,True,CONVERGED,float64,cuda:0
forward,1,318,9.638109237571453e-07,True,CONVERGED,float64,cuda:0
forward,2,321,8.647011309157047e-07,True,CONVERGED,float64,cuda:0
adjoint,0,303,9.993636013313325e-07,True,CONVERGED,float64,cuda:0
adjoint,1,321,9.858155059995285e-07,True,CONVERGED,float64,cuda:0
adjoint,2,319,9.425988565020323e-07,True,CONVERGED,float64,cuda:0
forward,0,297,8.788598181273062e-07,True,CONVERGED,float64,cuda:0
forward,1,318,9.653258469721052e-07,True,CONVERGED,float64,cuda:0
forward,2,321,8.646151131589577e-07,True,CONVERGED,float64,cuda:0
adjoint,0,304,9.316049384261406e-07,True,CONVERGED,float64,cuda:0
adjoint,1,321,9.821053498326051e-07,True,CONVERGED,float64,cuda:0
adjoint,2,319,9.368173757180633e-07,True,CONVERGED,float64,cuda:0
forward,0,297,8.780977769360348e-07,True,CONVERGED,float64,cuda:0
forward,1,318,9.66592496709863e-07,True,CONVERGED,float64,cuda:0
forward,2,321,8.654800488022601e-07,True,CONVERGED,float64,cuda:0
adjoint,0,304,9.34772162377712e-07,True,CONVERGED,float64,cuda:0
adjoint,1,321,9.816228233297291e-07,True,CONVERGED,float64,cuda:0
adjoint,2,319,9.358092594484525e-07,True,CONVERGED,float64,cuda:0
forward,0,297,8.751356104072755e-07,True,CONVERGED,float64,cuda:0
forward,1,318,9.639264073702442e-07,True,CONVERGED,float64,cuda:0
forward,2,321,8.661890737441803e-07,True,CONVERGED,float64,cuda:0
adjoint,0,304,9.425568542423749e-07,True,CONVERGED,float64,cuda:0
adjoint,1,321,9.8624042919557e-07,True,CONVERGED,float64,cuda:0
adjoint,2,319,9.312689064839785e-07,True,CONVERGED,float64,cuda:0
forward,0,297,8.778856677151077e-07,True,CONVERGED,float64,cuda:0
forward,1,318,9.67198434871802e-07,True,CONVERGED,float64,cuda:0
forward,2,321,8.651965569337438e-07,True,CONVERGED,float64,cuda:0
adjoint,0,304,9.363470113965818e-07,True,CONVERGED,float64,cuda:0
adjoint,1,321,9.808468103653276e-07,True,CONVERGED,float64,cuda:0
adjoint,2,319,9.388019979221684e-07,True,CONVERGED,float64,cuda:0
forward,0,297,8.742940332520558e-07,True,CONVERGED,float64,cuda:0
forward,1,318,9.641590932616993e-07,True,CONVERGED,float64,cuda:0
forward,2,321,8.662172143718768e-07,True,CONVERGED,float64,cuda:0
adjoint,0,304,9.460429792225564e-07,True,CONVERGED,float64,cuda:0
adjoint,1,321,9.857329981752333e-07,True,CONVERGED,float64,cuda:0
adjoint,2,319,9.35050104009521e-07,True,CONVERGED,float64,cuda:0
forward,0,297,8.731990182131211e-07,True,CONVERGED,float64,cuda:0
forward,1,318,9.647211409825951e-07,True,CONVERGED,float64,cuda:0
forward,2,321,8.654188087928888e-07,True,CONVERGED,float64,cuda:0
adjoint,0,304,9.458641711383817e-07,True,CONVERGED,float64,cuda:0
adjoint,1,321,9.82668810844541e-07,True,CONVERGED,float64,cuda:0
adjoint,2,319,9.346693105478838e-07,True,CONVERGED,float64,cuda:0
forward,0,297,8.775616729511246e-07,True,CONVERGED,float64,cuda:0
forward,1,318,9.67473378440064e-07,True,CONVERGED,float64,cuda:0
forward,2,321,8.648425421973873e-07,True,CONVERGED,float64,cuda:0
adjoint,0,304,9.393855408731378e-07,True,CONVERGED,float64,cuda:0
adjoint,1,321,9.803953000256175e-07,True,CONVERGED,float64,cuda:0
adjoint,2,319,9.392517185047902e-07,True,CONVERGED,float64,cuda:0
forward,0,296,9.989637073721997e-07,True,CONVERGED,float64,cuda:0
forward,1,318,9.639034104929396e-07,True,CONVERGED,float64,cuda:0
forward,2,321,8.664688771301864e-07,True,CONVERGED,float64,cuda:0
adjoint,0,304,9.56782469462885e-07,True,CONVERGED,float64,cuda:0
adjoint,1,321,9.839643508720182e-07,True,CONVERGED,float64,cuda:0
adjoint,2,318,9.992311314373234e-07,True,CONVERGED,float64,cuda:0
forward,0,297,8.725506480475655e-07,True,CONVERGED,float64,cuda:0
forward,1,318,9.673475879494492e-07,True,CONVERGED,float64,cuda:0
forward,2,321,8.658829204334767e-07,True,CONVERGED,float64,cuda:0
adjoint,0,304,9.518159334558529e-07,True,CONVERGED,float64,cuda:0
adjoint,1,321,9.801370161811301e-07,True,CONVERGED,float64,cuda:0
adjoint,2,319,9.340902550824358e-07,True,CONVERGED,float64,cuda:0
forward,0,297,8.707106854048269e-07,True,CONVERGED,float64,cuda:0
forward,1,318,9.662118479420544e-07,True,CONVERGED,float64,cuda:0
forward,2,321,8.667733102525194e-07,True,CONVERGED,float64,cuda:0
adjoint,0,304,9.610779665267714e-07,True,CONVERGED,float64,cuda:0
adjoint,1,321,9.823808311950155e-07,True,CONVERGED,float64,cuda:0
adjoint,2,319,9.347991972793794e-07,True,CONVERGED,float64,cuda:0
forward,0,296,9.975304062445208e-07,True,CONVERGED,float64,cuda:0
forward,1,318,9.640934106370717e-07,True,CONVERGED,float64,cuda:0
forward,2,321,8.683627317598584e-07,True,CONVERGED,float64,cuda:0
adjoint,0,304,9.71109051115061e-07,True,CONVERGED,float64,cuda:0
adjoint,1,321,9.87346618865492e-07,True,CONVERGED,float64,cuda:0
adjoint,2,318,9.986195016464293e-07,True,CONVERGED,float64,cuda:0
forward,0,297,8.70017187197453e-07,True,CONVERGED,float64,cuda:0
forward,1,318,9.67530213386411e-07,True,CONVERGED,float64,cuda:0
forward,2,321,8.668555616909902e-07,True,CONVERGED,float64,cuda:0
adjoint,0,304,9.636850509112505e-07,True,CONVERGED,float64,cuda:0
adjoint,1,321,9.806602500356431e-07,True,CONVERGED,float64,cuda:0
adjoint,2,319,9.329802095736393e-07,True,CONVERGED,float64,cuda:0
forward,0,296,9.962374325556436e-07,True,CONVERGED,float64,cuda:0
forward,1,318,9.66104614862178e-07,True,CONVERGED,float64,cuda:0
forward,2,321,8.669462618826867e-07,True,CONVERGED,float64,cuda:0
adjoint,0,304,9.712221213012987e-07,True,CONVERGED,float64,cuda:0
adjoint,1,321,9.807637366182292e-07,True,CONVERGED,float64,cuda:0
adjoint,2,318,9.978385642742512e-07,True,CONVERGED,float64,cuda:0
forward,0,296,9.957104508596885e-07,True,CONVERGED,float64,cuda:0
forward,1,318,9.65054439654876e-07,True,CONVERGED,float64,cuda:0
forward,2,321,8.66512408864517e-07,True,CONVERGED,float64,cuda:0
adjoint,0,304,9.731051193084586e-07,True,CONVERGED,float64,cuda:0
adjoint,1,321,9.811534725197684e-07,True,CONVERGED,float64,cuda:0
adjoint,2,319,9.307461950553097e-07,True,CONVERGED,float64,cuda:0
forward,0,297,8.690077983077987e-07,True,CONVERGED,float64,cuda:0
forward,1,318,9.6691801833534e-07,True,CONVERGED,float64,cuda:0
forward,2,321,8.664464809373078e-07,True,CONVERGED,float64,cuda:0
adjoint,0,304,9.696946569868545e-07,True,CONVERGED,float64,cuda:0
adjoint,1,321,9.806204398312331e-07,True,CONVERGED,float64,cuda:0
adjoint,2,319,9.381181862286823e-07,True,CONVERGED,float64,cuda:0
forward,0,296,9.938541533612798e-07,True,CONVERGED,float64,cuda:0
forward,1,318,9.653596186710374e-07,True,CONVERGED,float64,cuda:0
forward,2,321,8.679669828533454e-07,True,CONVERGED,float64,cuda:0
adjoint,0,304,9.832333415355257e-07,True,CONVERGED,float64,cuda:0
adjoint,1,321,9.830986962033198e-07,True,CONVERGED,float64,cuda:0
adjoint,2,319,9.313623237934738e-07,True,CONVERGED,float64,cuda:0
forward,0,296,9.928807549644477e-07,True,CONVERGED,float64,cuda:0
forward,1,318,9.660810982407841e-07,True,CONVERGED,float64,cuda:0
forward,2,321,8.685918438841453e-07,True,CONVERGED,float64,cuda:0
adjoint,0,304,9.890108645194296e-07,True,CONVERGED,float64,cuda:0
adjoint,1,321,9.828934354497672e-07,True,CONVERGED,float64,cuda:0
adjoint,2,318,9.969867793041934e-07,True,CONVERGED,float64,cuda:0
forward,0,296,9.922536603759137e-07,True,CONVERGED,float64,cuda:0
forward,1,318,9.672179679104745e-07,True,CONVERGED,float64,cuda:0
forward,2,321,8.679814942825208e-07,True,CONVERGED,float64,cuda:0
adjoint,0,304,9.875019979512474e-07,True,CONVERGED,float64,cuda:0
adjoint,1,321,9.804028929388372e-07,True,CONVERGED,float64,cuda:0
adjoint,2,318,9.92812368659307e-07,True,CONVERGED,float64,cuda:0
forward,0,296,9.92641055603796e-07,True,CONVERGED,float64,cuda:0
forward,1,318,9.6734510326938e-07,True,CONVERGED,float64,cuda:0
forward,2,321,8.682069199816469e-07,True,CONVERGED,float64,cuda:0
adjoint,0,304,9.891485780656694e-07,True,CONVERGED,float64,cuda:0
adjoint,1,321,9.809429403447955e-07,True,CONVERGED,float64,cuda:0
adjoint,2,318,9.923053436641952e-07,True,CONVERGED,float64,cuda:0
forward,0,296,9.871214774985006e-07,True,CONVERGED,float64,cuda:0
forward,1,318,9.657761516195156e-07,True,CONVERGED,float64,cuda:0
forward,2,321,8.702823762640079e-07,True,CONVERGED,float64,cuda:0
adjoint,0,305,9.276716752661796e-07,True,CONVERGED,float64,cuda:0
adjoint,1,321,9.84141250858236e-07,True,CONVERGED,float64,cuda:0
adjoint,2,318,9.818548409486453e-07,True,CONVERGED,float64,cuda:0
forward,0,296,9.909731114243435e-07,True,CONVERGED,float64,cuda:0
forward,1,318,9.680542836737677e-07,True,CONVERGED,float64,cuda:0
forward,2,321,8.697157869019902e-07,True,CONVERGED,float64,cuda:0
adjoint,0,304,9.978715933162647e-07,True,CONVERGED,float64,cuda:0
adjoint,1,321,9.818840232220434e-07,True,CONVERGED,float64,cuda:0
adjoint,2,318,9.870626685452533e-07,True,CONVERGED,float64,cuda:0
forward,0,296,9.86410588408465e-07,True,CONVERGED,float64,cuda:0
forward,1,318,9.672149823092811e-07,True,CONVERGED,float64,cuda:0
forward,2,321,8.705906872873078e-07,True,CONVERGED,float64,cuda:0
adjoint,0,305,9.324672849714547e-07,True,CONVERGED,float64,cuda:0
adjoint,1,321,9.832784281414874e-07,True,CONVERGED,float64,cuda:0
adjoint,2,318,9.840535870435224e-07,True,CONVERGED,float64,cuda:0
forward,0,296,9.852803340036578e-07,True,CONVERGED,float64,cuda:0
forward,1,318,9.66645316974693e-07,True,CONVERGED,float64,cuda:0
forward,2,321,8.706919013670947e-07,True,CONVERGED,float64,cuda:0
adjoint,0,305,9.350191950096996e-07,True,CONVERGED,float64,cuda:0
adjoint,1,321,9.836949300279712e-07,True,CONVERGED,float64,cuda:0
adjoint,2,318,9.821018506744858e-07,True,CONVERGED,float64,cuda:0
forward,0,296,9.912043602793295e-07,True,CONVERGED,float64,cuda:0
forward,1,318,9.679204427618942e-07,True,CONVERGED,float64,cuda:0
forward,2,321,8.695779705322265e-07,True,CONVERGED,float64,cuda:0
adjoint,0,305,9.249969250508041e-07,True,CONVERGED,float64,cuda:0
adjoint,1,321,9.837209787964088e-07,True,CONVERGED,float64,cuda:0
adjoint,2,318,9.887638721277895e-07,True,CONVERGED,float64,cuda:0
forward,0,296,9.831453170606847e-07,True,CONVERGED,float64,cuda:0
forward,1,318,9.663198653120018e-07,True,CONVERGED,float64,cuda:0
forward,2,321,8.719531635091755e-07,True,CONVERGED,float64,cuda:0
adjoint,0,305,9.419318552803792e-07,True,CONVERGED,float64,cuda:0
adjoint,1,321,9.85620234911616e-07,True,CONVERGED,float64,cuda:0
adjoint,2,318,9.766552395212775e-07,True,CONVERGED,float64,cuda:0
forward,0,296,9.825693194407753e-07,True,CONVERGED,float64,cuda:0
forward,1,318,9.675210140631212e-07,True,CONVERGED,float64,cuda:0
forward,2,321,8.710002868893547e-07,True,CONVERGED,float64,cuda:0
adjoint,0,305,9.411960643700325e-07,True,CONVERGED,float64,cuda:0
adjoint,1,321,9.818567751442007e-07,True,CONVERGED,float64,cuda:0
adjoint,2,318,9.75817742515783e-07,True,CONVERGED,float64,cuda:0
forward,0,296,9.830112594731564e-07,True,CONVERGED,float64,cuda:0
forward,1,318,9.674699115059117e-07,True,CONVERGED,float64,cuda:0
forward,2,321,8.70794824454596e-07,True,CONVERGED,float64,cuda:0
adjoint,0,305,9.404279618058261e-07,True,CONVERGED,float64,cuda:0
adjoint,1,321,9.82852971132953e-07,True,CONVERGED,float64,cuda:0
adjoint,2,318,9.759476149286477e-07,True,CONVERGED,float64,cuda:0
forward,0,296,9.802264863888282e-07,True,CONVERGED,float64,cuda:0
forward,1,318,9.676976502023354e-07,True,CONVERGED,float64,cuda:0
forward,2,321,8.724484755002462e-07,True,CONVERGED,float64,cuda:0
adjoint,0,305,9.497763945610847e-07,True,CONVERGED,float64,cuda:0
adjoint,1,321,9.833621284509589e-07,True,CONVERGED,float64,cuda:0
adjoint,2,318,9.728426485091046e-07,True,CONVERGED,float64,cuda:0
forward,0,296,9.802165442398827e-07,True,CONVERGED,float64,cuda:0
forward,1,318,9.679565105471175e-07,True,CONVERGED,float64,cuda:0
forward,2,321,8.7313881911248e-07,True,CONVERGED,float64,cuda:0
adjoint,0,305,9.529763516589842e-07,True,CONVERGED,float64,cuda:0
adjoint,1,321,9.840115409656743e-07,True,CONVERGED,float64,cuda:0
adjoint,2,318,9.719276294966312e-07,True,CONVERGED,float64,cuda:0
forward,0,296,9.787224415174575e-07,True,CONVERGED,float64,cuda:0
forward,1,318,9.6760454414432e-07,True,CONVERGED,float64,cuda:0
forward,2,321,8.724992148770854e-07,True,CONVERGED,float64,cuda:0
adjoint,0,305,9.542019370037543e-07,True,CONVERGED,float64,cuda:0
adjoint,1,321,9.828071892337568e-07,True,CONVERGED,float64,cuda:0
adjoint,2,318,9.707636524368055e-07,True,CONVERGED,float64,cuda:0
forward,0,296,9.804841221002489e-07,True,CONVERGED,float64,cuda:0
forward,1,318,9.679936734641206e-07,True,CONVERGED,float64,cuda:0
forward,2,321,8.735169234476756e-07,True,CONVERGED,float64,cuda:0
adjoint,0,305,9.555652494058792e-07,True,CONVERGED,float64,cuda:0
adjoint,1,321,9.845448422441108e-07,True,CONVERGED,float64,cuda:0
adjoint,2,318,9.733472977106469e-07,True,CONVERGED,float64,cuda:0
forward,0,296,9.81918213812736e-07,True,CONVERGED,float64,cuda:0
forward,1,318,9.665951965091383e-07,True,CONVERGED,float64,cuda:0
forward,2,321,8.767881092609102e-07,True,CONVERGED,float64,cuda:0
adjoint,0,305,9.705476818396633e-07,True,CONVERGED,float64,cuda:0
adjoint,1,321,9.91166734329579e-07,True,CONVERGED,float64,cuda:0
adjoint,2,318,9.55856661786669e-07,True,CONVERGED,float64,cuda:0
forward,0,296,9.80512754113326e-07,True,CONVERGED,float64,cuda:0
forward,1,318,9.71272399274115e-07,True,CONVERGED,float64,cuda:0
forward,2,321,8.738298831510611e-07,True,CONVERGED,float64,cuda:0
adjoint,0,305,9.591172167182903e-07,True,CONVERGED,float64,cuda:0
adjoint,1,321,9.890727689032364e-07,True,CONVERGED,float64,cuda:0
adjoint,2,318,9.631943859015205e-07,True,CONVERGED,float64,cuda:0
forward,0,296,9.76952443620794e-07,True,CONVERGED,float64,cuda:0
forward,1,318,9.674512684147085e-07,True,CONVERGED,float64,cuda:0
forward,2,321,8.751622399270166e-07,True,CONVERGED,float64,cuda:0
adjoint,0,305,9.752491545015064e-07,True,CONVERGED,float64,cuda:0
adjoint,1,321,9.837655248086046e-07,True,CONVERGED,float64,cuda:0
adjoint,2,318,9.530651398744107e-07,True,CONVERGED,float64,cuda:0
forward,0,296,9.800691650862748e-07,True,CONVERGED,float64,cuda:0
forward,1,318,9.68191794007909e-07,True,CONVERGED,float64,cuda:0
forward,2,321,8.770752650603626e-07,True,CONVERGED,float64,cuda:0
adjoint,0,305,9.829281917364499e-07,True,CONVERGED,float64,cuda:0
adjoint,1,321,9.866792543692493e-07,True,CONVERGED,float64,cuda:0
adjoint,2,318,9.502493680073016e-07,True,CONVERGED,float64,cuda:0
forward,0,296,9.769181500977174e-07,True,CONVERGED,float64,cuda:0
forward,1,318,9.684686706027135e-07,True,CONVERGED,float64,cuda:0
forward,2,321,8.751930471279435e-07,True,CONVERGED,float64,cuda:0
adjoint,0,305,9.75429533074552e-07,True,CONVERGED,float64,cuda:0
adjoint,1,321,9.86198158652903e-07,True,CONVERGED,float64,cuda:0
adjoint,2,318,9.587524305725679e-07,True,CONVERGED,float64,cuda:0
forward,0,296,9.763741560454407e-07,True,CONVERGED,float64,cuda:0
forward,1,318,9.68012557033231e-07,True,CONVERGED,float64,cuda:0
forward,2,321,8.761699677818741e-07,True,CONVERGED,float64,cuda:0
adjoint,0,305,9.847493464329233e-07,True,CONVERGED,float64,cuda:0
adjoint,1,321,9.84818821447049e-07,True,CONVERGED,float64,cuda:0
adjoint,2,318,9.523713344202668e-07,True,CONVERGED,float64,cuda:0
forward,0,296,9.808920968582304e-07,True,CONVERGED,float64,cuda:0
forward,1,318,9.686105940977949e-07,True,CONVERGED,float64,cuda:0
forward,2,321,8.786549589511182e-07,True,CONVERGED,float64,cuda:0
adjoint,0,305,9.96534136125244e-07,True,CONVERGED,float64,cuda:0
adjoint,1,321,9.870880259246918e-07,True,CONVERGED,float64,cuda:0
adjoint,2,318,9.419555488268521e-07,True,CONVERGED,float64,cuda:0
forward,0,296,9.758940957918025e-07,True,CONVERGED,float64,cuda:0
forward,1,318,9.681462088394901e-07,True,CONVERGED,float64,cuda:0
forward,2,321,8.783549945861344e-07,True,CONVERGED,float64,cuda:0
adjoint,0,305,9.981160952380955e-07,True,CONVERGED,float64,cuda:0
adjoint,1,321,9.85177453574884e-07,True,CONVERGED,float64,cuda:0
adjoint,2,317,9.986255741011646e-07,True,CONVERGED,float64,cuda:0
forward,0,296,9.739846686362316e-07,True,CONVERGED,float64,cuda:0
forward,1,318,9.697522525751316e-07,True,CONVERGED,float64,cuda:0
forward,2,321,8.783717128359731e-07,True,CONVERGED,float64,cuda:0
adjoint,0,305,9.976550040772543e-07,True,CONVERGED,float64,cuda:0
adjoint,1,321,9.870186800237218e-07,True,CONVERGED,float64,cuda:0
adjoint,2,317,9.970454336321349e-07,True,CONVERGED,float64,cuda:0
forward,0,296,9.778279260352034e-07,True,CONVERGED,float64,cuda:0
forward,1,318,9.680214584519279e-07,True,CONVERGED,float64,cuda:0
forward,2,321,8.799825393480905e-07,True,CONVERGED,float64,cuda:0
adjoint,0,306,9.019981092321004e-07,True,CONVERGED,float64,cuda:0
adjoint,1,321,9.859826764507933e-07,True,CONVERGED,float64,cuda:0
adjoint,2,317,9.922755023761534e-07,True,CONVERGED,float64,cuda:0
forward,0,296,9.76797638592729e-07,True,CONVERGED,float64,cuda:0
forward,1,318,9.681377926139654e-07,True,CONVERGED,float64,cuda:0
forward,2,321,8.800893994172e-07,True,CONVERGED,float64,cuda:0
adjoint,0,306,9.052485634866256e-07,True,CONVERGED,float64,cuda:0
adjoint,1,321,9.865195172589777e-07,True,CONVERGED,float64,cuda:0
adjoint,2,317,9.957220751515842e-07,True,CONVERGED,float64,cuda:0
forward,0,296,9.76696783463976e-07,True,CONVERGED,float64,cuda:0
forward,1,318,9.6786929797635e-07,True,CONVERGED,float64,cuda:0
forward,2,321,8.804575888030107e-07,True,CONVERGED,float64,cuda:0
adjoint,0,306,9.089885390776064e-07,True,CONVERGED,float64,cuda:0
adjoint,1,321,9.865389464776453e-07,True,CONVERGED,float64,cuda:0
adjoint,2,317,9.95365225730831e-07,True,CONVERGED,float64,cuda:0
forward,0,296,9.78388085090029e-07,True,CONVERGED,float64,cuda:0
forward,1,318,9.674812114657677e-07,True,CONVERGED,float64,cuda:0
forward,2,321,8.811667214008846e-07,True,CONVERGED,float64,cuda:0
adjoint,0,306,9.146561827238906e-07,True,CONVERGED,float64,cuda:0
adjoint,1,321,9.857997292798723e-07,True,CONVERGED,float64,cuda:0
adjoint,2,317,9.86090196547008e-07,True,CONVERGED,float64,cuda:0
forward,0,296,9.738269458194456e-07,True,CONVERGED,float64,cuda:0
forward,1,318,9.713944013312871e-07,True,CONVERGED,float64,cuda:0
forward,2,321,8.823142973715444e-07,True,CONVERGED,float64,cuda:0
adjoint,0,306,9.183717491541427e-07,True,CONVERGED,float64,cuda:0
adjoint,1,321,9.890186807620808e-07,True,CONVERGED,float64,cuda:0
adjoint,2,317,9.85661465929573e-07,True,CONVERGED,float64,cuda:0
forward,0,296,9.908609520609893e-07,True,CONVERGED,float64,cuda:0
forward,1,318,9.675568536376489e-07,True,CONVERGED,float64,cuda:0
forward,2,321,8.858605901163042e-07,True,CONVERGED,float64,cuda:0
adjoint,0,306,9.307612905008448e-07,True,CONVERGED,float64,cuda:0
adjoint,1,321,9.873573759596133e-07,True,CONVERGED,float64,cuda:0
adjoint,2,317,9.674122544919879e-07,True,CONVERGED,float64,cuda:0
forward,0,296,9.749843437144194e-07,True,CONVERGED,float64,cuda:0
forward,1,318,9.71347101978416e-07,True,CONVERGED,float64,cuda:0
forward,2,321,8.838009097759547e-07,True,CONVERGED,float64,cuda:0
adjoint,0,306,9.280164196295399e-07,True,CONVERGED,float64,cuda:0
adjoint,1,321,9.889867860559735e-07,True,CONVERGED,float64,cuda:0
adjoint,2,317,9.778922549660602e-07,True,CONVERGED,float64,cuda:0
forward,0,296,9.816855334355083e-07,True,CONVERGED,float64,cuda:0
forward,1,318,9.68854457328955e-07,True,CONVERGED,float64,cuda:0
forward,2,321,8.846835104200295e-07,True,CONVERGED,float64,cuda:0
adjoint,0,306,9.343783836883344e-07,True,CONVERGED,float64,cuda:0
adjoint,1,321,9.88288543390823e-07,True,CONVERGED,float64,cuda:0
adjoint,2,317,9.78063776992654e-07,True,CONVERGED,float64,cuda:0
forward,0,296,9.961937302478321e-07,True,CONVERGED,float64,cuda:0
forward,1,318,9.684848932790983e-07,True,CONVERGED,float64,cuda:0
forward,2,321,8.869318609031111e-07,True,CONVERGED,float64,cuda:0
adjoint,0,306,9.417591050542117e-07,True,CONVERGED,float64,cuda:0
adjoint,1,321,9.945283039904621e-07,True,CONVERGED,float64,cuda:0
adjoint,2,317,9.716545612466928e-07,True,CONVERGED,float64,cuda:0
forward,0,296,9.794388010705605e-07,True,CONVERGED,float64,cuda:0
forward,1,318,9.700582979092347e-07,True,CONVERGED,float64,cuda:0
forward,2,321,8.85402483162314e-07,True,CONVERGED,float64,cuda:0
adjoint,0,306,9.410692125721081e-07,True,CONVERGED,float64,cuda:0
adjoint,1,321,9.893131273159988e-07,True,CONVERGED,float64,cuda:0
adjoint,2,317,9.781128979308042e-07,True,CONVERGED,float64,cuda:0
forward,0,296,9.843547233312204e-07,True,CONVERGED,float64,cuda:0
forward,1,318,9.697984700617205e-07,True,CONVERGED,float64,cuda:0
forward,2,321,8.868867789619408e-07,True,CONVERGED,float64,cuda:0
adjoint,0,306,9.487016440311494e-07,True,CONVERGED,float64,cuda:0
adjoint,1,321,9.889940142162783e-07,True,CONVERGED,float64,cuda:0
adjoint,2,317,9.685009219360817e-07,True,CONVERGED,float64,cuda:0
forward,0,296,9.967558682216828e-07,True,CONVERGED,float64,cuda:0
forward,1,318,9.68345644979792e-07,True,CONVERGED,float64,cuda:0
forward,2,321,8.889644294002774e-07,True,CONVERGED,float64,cuda:0
adjoint,0,306,9.568573914026242e-07,True,CONVERGED,float64,cuda:0
adjoint,1,321,9.903485733704602e-07,True,CONVERGED,float64,cuda:0
adjoint,2,317,9.619189323540211e-07,True,CONVERGED,float64,cuda:0
forward,0,296,9.894525476490264e-07,True,CONVERGED,float64,cuda:0
forward,1,318,9.710595478695903e-07,True,CONVERGED,float64,cuda:0
forward,2,321,8.888235664436976e-07,True,CONVERGED,float64,cuda:0
adjoint,0,306,9.607822853608824e-07,True,CONVERGED,float64,cuda:0
adjoint,1,321,9.897096555008089e-07,True,CONVERGED,float64,cuda:0
adjoint,2,317,9.630814351910202e-07,True,CONVERGED,float64,cuda:0
forward,0,296,9.912031998985215e-07,True,CONVERGED,float64,cuda:0
forward,1,318,9.706578164386703e-07,True,CONVERGED,float64,cuda:0
forward,2,321,8.890570503716318e-07,True,CONVERGED,float64,cuda:0
adjoint,0,306,9.643605714152956e-07,True,CONVERGED,float64,cuda:0
adjoint,1,321,9.905676292743998e-07,True,CONVERGED,float64,cuda:0
adjoint,2,317,9.661287822183155e-07,True,CONVERGED,float64,cuda:0
forward,0,297,8.865548684560897e-07,True,CONVERGED,float64,cuda:0
forward,1,318,9.672951585424863e-07,True,CONVERGED,float64,cuda:0
forward,2,321,8.908016811647394e-07,True,CONVERGED,float64,cuda:0
adjoint,0,306,9.73326602865766e-07,True,CONVERGED,float64,cuda:0
adjoint,1,321,9.958076478147262e-07,True,CONVERGED,float64,cuda:0
adjoint,2,317,9.606334430366291e-07,True,CONVERGED,float64,cuda:0
forward,0,296,9.939051542824266e-07,True,CONVERGED,float64,cuda:0
forward,1,318,9.705151448949758e-07,True,CONVERGED,float64,cuda:0
forward,2,321,8.895761613431876e-07,True,CONVERGED,float64,cuda:0
adjoint,0,306,9.725793400661326e-07,True,CONVERGED,float64,cuda:0
adjoint,1,321,9.910079918511097e-07,True,CONVERGED,float64,cuda:0
adjoint,2,317,9.683685471821759e-07,True,CONVERGED,float64,cuda:0
forward,0,296,9.94819041840902e-07,True,CONVERGED,float64,cuda:0
forward,1,318,9.712560190061263e-07,True,CONVERGED,float64,cuda:0
forward,2,321,8.907705134281562e-07,True,CONVERGED,float64,cuda:0
adjoint,0,306,9.777971960465156e-07,True,CONVERGED,float64,cuda:0
adjoint,1,321,9.912547118273766e-07,True,CONVERGED,float64,cuda:0
adjoint,2,317,9.647315013033478e-07,True,CONVERGED,float64,cuda:0
forward,0,297,9.013627485766911e-07,True,CONVERGED,float64,cuda:0
forward,1,318,9.678721700786435e-07,True,CONVERGED,float64,cuda:0
forward,2,321,8.939030401825079e-07,True,CONVERGED,float64,cuda:0
adjoint,0,306,9.896884847665269e-07,True,CONVERGED,float64,cuda:0
adjoint,1,321,9.950935130508136e-07,True,CONVERGED,float64,cuda:0
adjoint,2,317,9.498225984406057e-07,True,CONVERGED,float64,cuda:0
forward,0,296,9.93717007232102e-07,True,CONVERGED,float64,cuda:0
forward,1,318,9.732619043870724e-07,True,CONVERGED,float64,cuda:0
forward,2,321,8.930724852660906e-07,True,CONVERGED,float64,cuda:0
adjoint,0,306,9.870287965401738e-07,True,CONVERGED,float64,cuda:0
adjoint,1,321,9.918765138066985e-07,True,CONVERGED,float64,cuda:0
adjoint,2,317,9.578971909792848e-07,True,CONVERGED,float64,cuda:0
forward,0,297,8.794780597951923e-07,True,CONVERGED,float64,cuda:0
forward,1,318,9.711955430240104e-07,True,CONVERGED,float64,cuda:0
forward,2,321,8.936406582553443e-07,True,CONVERGED,float64,cuda:0
adjoint,0,306,9.949310287699357e-07,True,CONVERGED,float64,cuda:0
adjoint,1,321,9.920499407950644e-07,True,CONVERGED,float64,cuda:0
adjoint,2,317,9.555619923343887e-07,True,CONVERGED,float64,cuda:0
forward,0,297,9.150507755530752e-07,True,CONVERGED,float64,cuda:0
forward,1,318,9.672877583775411e-07,True,CONVERGED,float64,cuda:0
forward,2,321,8.963104292418023e-07,True,CONVERGED,float64,cuda:0
adjoint,0,307,9.653281090980416e-07,True,CONVERGED,float64,cuda:0
adjoint,1,322,8.990234063914533e-07,True,CONVERGED,float64,cuda:0
adjoint,2,317,9.488338131471676e-07,True,CONVERGED,float64,cuda:0
forward,0,297,8.909108119699256e-07,True,CONVERGED,float64,cuda:0
forward,1,318,9.70314274966125e-07,True,CONVERGED,float64,cuda:0
forward,2,321,8.956468394493029e-07,True,CONVERGED,float64,cuda:0
adjoint,0,307,9.631039499737613e-07,True,CONVERGED,float64,cuda:0
adjoint,1,321,9.94221744992819e-07,True,CONVERGED,float64,cuda:0
adjoint,2,317,9.530776599145289e-07,True,CONVERGED,float64,cuda:0
forward,0,297,8.824470113958063e-07,True,CONVERGED,float64,cuda:0
forward,1,318,9.720835172673357e-07,True,CONVERGED,float64,cuda:0
forward,2,321,8.963592508702099e-07,True,CONVERGED,float64,cuda:0
adjoint,0,307,9.64596165859438e-07,True,CONVERGED,float64,cuda:0
adjoint,1,321,9.93199319527253e-07,True,CONVERGED,float64,cuda:0
adjoint,2,317,9.53583081871678e-07,True,CONVERGED,float64,cuda:0
forward,0,297,9.357887765478674e-07,True,CONVERGED,float64,cuda:0
forward,1,318,9.674726791959479e-07,True,CONVERGED,float64,cuda:0
forward,2,321,8.997194263451189e-07,True,CONVERGED,float64,cuda:0
adjoint,0,307,9.832576716500311e-07,True,CONVERGED,float64,cuda:0
adjoint,1,322,8.98410194879054e-07,True,CONVERGED,float64,cuda:0
adjoint,2,317,9.3978317349709e-07,True,CONVERGED,float64,cuda:0
forward,0,297,9.064084030905361e-07,True,CONVERGED,float64,cuda:0
forward,1,318,9.708845291196061e-07,True,CONVERGED,float64,cuda:0
forward,2,321,8.988593195872542e-07,True,CONVERGED,float64,cuda:0
adjoint,0,307,9.799706631594806e-07,True,CONVERGED,float64,cuda:0
adjoint,1,321,9.943076668872319e-07,True,CONVERGED,float64,cuda:0
adjoint,2,317,9.468420097736232e-07,True,CONVERGED,float64,cuda:0
forward,0,297,9.075128957989122e-07,True,CONVERGED,float64,cuda:0
forward,1,318,9.708395121077797e-07,True,CONVERGED,float64,cuda:0
forward,2,321,8.991358069305418e-07,True,CONVERGED,float64,cuda:0
adjoint,0,307,9.83955947350036e-07,True,CONVERGED,float64,cuda:0
adjoint,1,321,9.93475769354497e-07,True,CONVERGED,float64,cuda:0
adjoint,2,317,9.454659736465256e-07,True,CONVERGED,float64,cuda:0
forward,0,297,9.423578621345429e-07,True,CONVERGED,float64,cuda:0
forward,1,318,9.670993179251745e-07,True,CONVERGED,float64,cuda:0
forward,2,321,8.988892412989254e-07,True,CONVERGED,float64,cuda:0
adjoint,0,307,9.952454729416529e-07,True,CONVERGED,float64,cuda:0
adjoint,1,321,9.97563146841611e-07,True,CONVERGED,float64,cuda:0
adjoint,2,317,9.426392271699782e-07,True,CONVERGED,float64,cuda:0
forward,0,297,9.362269657727733e-07,True,CONVERGED,float64,cuda:0
forward,1,318,9.68039549388564e-07,True,CONVERGED,float64,cuda:0
forward,2,321,8.98758612793902e-07,True,CONVERGED,float64,cuda:0
adjoint,0,307,9.979519129249304e-07,True,CONVERGED,float64,cuda:0
adjoint,1,321,9.957583726405183e-07,True,CONVERGED,float64,cuda:0
adjoint,2,317,9.461146529251333e-07,True,CONVERGED,float64,cuda:0
forward,0,297,9.21335358159325e-07,True,CONVERGED,float64,cuda:0
forward,1,318,9.697450602278317e-07,True,CONVERGED,float64,cuda:0
forward,2,321,8.992997066397257e-07,True,CONVERGED,float64,cuda:0
adjoint,0,307,9.98253699845876e-07,True,CONVERGED,float64,cuda:0
adjoint,1,321,9.944710568864916e-07,True,CONVERGED,float64,cuda:0
adjoint,2,317,9.50292949168602e-07,True,CONVERGED,float64,cuda:0
forward,0,297,9.736364591637587e-07,True,CONVERGED,float64,cuda:0
forward,1,318,9.66756774522093e-07,True,CONVERGED,float64,cuda:0
forward,2,321,9.014710635470511e-07,True,CONVERGED,float64,cuda:0
adjoint,0,308,9.524473718304276e-07,True,CONVERGED,float64,cuda:0
adjoint,1,321,9.985353976931076e-07,True,CONVERGED,float64,cuda:0
adjoint,2,317,9.36029558310726e-07,True,CONVERGED,float64,cuda:0
forward,0,297,9.807324189156173e-07,True,CONVERGED,float64,cuda:0
forward,1,318,9.670636565159779e-07,True,CONVERGED,float64,cuda:0
forward,2,321,9.024831175146609e-07,True,CONVERGED,float64,cuda:0
adjoint,0,308,9.57980122233044e-07,True,CONVERGED,float64,cuda:0
adjoint,1,321,9.979676601329005e-07,True,CONVERGED,float64,cuda:0
adjoint,2,317,9.342942142531772e-07,True,CONVERGED,float64,cuda:0
forward,0,297,9.44188822028979e-07,True,CONVERGED,float64,cuda:0
forward,1,318,9.703954042351335e-07,True,CONVERGED,float64,cuda:0
forward,2,321,9.031789179072454e-07,True,CONVERGED,float64,cuda:0
adjoint,0,308,9.53505691371563e-07,True,CONVERGED,float64,cuda:0
adjoint,1,321,9.95064061043639e-07,True,CONVERGED,float64,cuda:0
adjoint,2,317,9.409676941772537e-07,True,CONVERGED,float64,cuda:0
forward,0,298,9.216625583082348e-07,True,CONVERGED,float64,cuda:0
forward,1,318,9.657178397933359e-07,True,CONVERGED,float64,cuda:0
forward,2,321,9.037672425560572e-07,True,CONVERGED,float64,cuda:0
adjoint,0,308,9.724345549021542e-07,True,CONVERGED,float64,cuda:0
adjoint,1,322,8.982797302334624e-07,True,CONVERGED,float64,cuda:0
adjoint,2,317,9.296736313940312e-07,True,CONVERGED,float64,cuda:0
forward,0,298,9.643695989801955e-07,True,CONVERGED,float64,cuda:0
forward,1,318,9.632769239594262e-07,True,CONVERGED,float64,cuda:0
forward,2,321,9.045769947344581e-07,True,CONVERGED,float64,cuda:0
adjoint,0,308,9.827179169963233e-07,True,CONVERGED,float64,cuda:0
adjoint,1,322,8.996091624472873e-07,True,CONVERGED,float64,cuda:0
adjoint,2,317,9.206352661654041e-07,True,CONVERGED,float64,cuda:0
forward,0,297,9.562308038752634e-07,True,CONVERGED,float64,cuda:0
forward,1,318,9.699007852156978e-07,True,CONVERGED,float64,cuda:0
forward,2,321,9.041591060629208e-07,True,CONVERGED,float64,cuda:0
adjoint,0,308,9.674184980187273e-07,True,CONVERGED,float64,cuda:0
adjoint,1,321,9.959419239497412e-07,True,CONVERGED,float64,cuda:0
adjoint,2,317,9.436554385476908e-07,True,CONVERGED,float64,cuda:0
forward,0,298,9.75072396960105e-07,True,CONVERGED,float64,cuda:0
forward,1,318,9.630640903459044e-07,True,CONVERGED,float64,cuda:0
forward,2,321,9.040740104425063e-07,True,CONVERGED,float64,cuda:0
adjoint,0,308,9.90962616034315e-07,True,CONVERGED,float64,cuda:0
adjoint,1,322,8.968641940747256e-07,True,CONVERGED,float64,cuda:0
adjoint,2,317,9.19234969968638e-07,True,CONVERGED,float64,cuda:0
forward,0,298,9.787803369157926e-07,True,CONVERGED,float64,cuda:0
forward,1,318,9.629681573402874e-07,True,CONVERGED,float64,cuda:0
forward,2,321,9.034141111435881e-07,True,CONVERGED,float64,cuda:0
adjoint,0,308,9.95111959055315e-07,True,CONVERGED,float64,cuda:0
adjoint,1,321,9.99587389849225e-07,True,CONVERGED,float64,cuda:0
adjoint,2,317,9.215540552468823e-07,True,CONVERGED,float64,cuda:0
forward,0,297,9.956649261133314e-07,True,CONVERGED,float64,cuda:0
forward,1,318,9.679352155923895e-07,True,CONVERGED,float64,cuda:0
forward,2,321,9.0419005915227e-07,True,CONVERGED,float64,cuda:0
adjoint,0,308,9.882713375894492e-07,True,CONVERGED,float64,cuda:0
adjoint,1,321,9.95930757322173e-07,True,CONVERGED,float64,cuda:0
adjoint,2,317,9.415342478397584e-07,True,CONVERGED,float64,cuda:0
forward,0,299,9.331034309270613e-07,True,CONVERGED,float64,cuda:0
forward,1,318,9.595669014472222e-07,True,CONVERGED,float64,cuda:0
forward,2,321,9.035458566770146e-07,True,CONVERGED,float64,cuda:0
adjoint,0,309,9.959944254769425e-07,True,CONVERGED,float64,cuda:0
adjoint,1,322,9.004706071419048e-07,True,CONVERGED,float64,cuda:0
adjoint,2,317,9.131535341934725e-07,True,CONVERGED,float64,cuda:0
forward,0,299,9.316029229667498e-07,True,CONVERGED,float64,cuda:0
forward,1,318,9.60361410609053e-07,True,CONVERGED,float64,cuda:0
forward,2,321,9.037916828053233e-07,True,CONVERGED,float64,cuda:0
adjoint,0,311,9.97994134585735e-07,True,CONVERGED,float64,cuda:0
adjoint,1,322,8.991397209828478e-07,True,CONVERGED,float64,cuda:0
adjoint,2,317,9.137647397047211e-07,True,CONVERGED,float64,cuda:0
forward,0,298,9.831967936302434e-07,True,CONVERGED,float64,cuda:0
forward,1,318,9.644934501598516e-07,True,CONVERGED,float64,cuda:0
forward,2,321,9.049810432695784e-07,True,CONVERGED,float64,cuda:0
adjoint,0,309,9.974673752196806e-07,True,CONVERGED,float64,cuda:0
adjoint,1,321,9.973898648886592e-07,True,CONVERGED,float64,cuda:0
adjoint,2,317,9.244567000746322e-07,True,CONVERGED,float64,cuda:0
forward,0,299,9.510961305179229e-07,True,CONVERGED,float64,cuda:0
forward,1,318,9.58886181995938e-07,True,CONVERGED,float64,cuda:0
forward,2,321,9.036548491353651e-07,True,CONVERGED,float64,cuda:0
adjoint,0,312,9.285607363000277e-07,True,CONVERGED,float64,cuda:0
adjoint,1,322,8.988138452228981e-07,True,CONVERGED,float64,cuda:0
adjoint,2,317,9.102236710650233e-07,True,CONVERGED,float64,cuda:0
forward,0,299,9.773986497251147e-07,True,CONVERGED,float64,cuda:0
forward,1,318,9.567615891499435e-07,True,CONVERGED,float64,cuda:0
forward,2,321,9.03444781907902e-07,True,CONVERGED,float64,cuda:0
adjoint,0,312,9.332588962918273e-07,True,CONVERGED,float64,cuda:0
adjoint,1,322,9.000408442120848e-07,True,CONVERGED,float64,cuda:0
adjoint,2,317,9.051066796019769e-07,True,CONVERGED,float64,cuda:0
forward,0,299,9.436887752032407e-07,True,CONVERGED,float64,cuda:0
forward,1,318,9.587957363221728e-07,True,CONVERGED,float64,cuda:0
forward,2,321,9.027587167227613e-07,True,CONVERGED,float64,cuda:0
adjoint,0,312,9.378573348767414e-07,True,CONVERGED,float64,cuda:0
adjoint,1,321,9.999130487997504e-07,True,CONVERGED,float64,cuda:0
adjoint,2,317,9.162064623199106e-07,True,CONVERGED,float64,cuda:0
forward,0,299,9.529512472128251e-07,True,CONVERGED,float64,cuda:0
forward,1,318,9.577273631495977e-07,True,CONVERGED,float64,cuda:0
forward,2,321,9.025589600315902e-07,True,CONVERGED,float64,cuda:0
adjoint,0,312,9.453774426876824e-07,True,CONVERGED,float64,cuda:0
adjoint,1,322,8.976323158678565e-07,True,CONVERGED,float64,cuda:0
adjoint,2,317,9.16139963311725e-07,True,CONVERGED,float64,cuda:0
forward,0,302,9.599546260614009e-07,True,CONVERGED,float64,cuda:0
forward,1,318,9.515469079871213e-07,True,CONVERGED,float64,cuda:0
forward,2,321,9.02090864871203e-07,True,CONVERGED,float64,cuda:0
adjoint,0,312,9.504553906806563e-07,True,CONVERGED,float64,cuda:0
adjoint,1,322,9.023259461052132e-07,True,CONVERGED,float64,cuda:0
adjoint,2,317,8.964104159855658e-07,True,CONVERGED,float64,cuda:0
forward,0,300,9.99198849625119e-07,True,CONVERGED,float64,cuda:0
forward,1,318,9.553984012464076e-07,True,CONVERGED,float64,cuda:0
forward,2,321,9.046818902164804e-07,True,CONVERGED,float64,cuda:0
adjoint,0,312,9.584601010556484e-07,True,CONVERGED,float64,cuda:0
adjoint,1,322,8.998622856571441e-07,True,CONVERGED,float64,cuda:0
adjoint,2,317,8.993125687085672e-07,True,CONVERGED,float64,cuda:0
forward,0,302,9.627624855514564e-07,True,CONVERGED,float64,cuda:0
forward,1,318,9.54272622265429e-07,True,CONVERGED,float64,cuda:0
forward,2,321,9.058163803723225e-07,True,CONVERGED,float64,cuda:0
adjoint,0,312,9.635623316567656e-07,True,CONVERGED,float64,cuda:0
adjoint,1,322,8.995501712145522e-07,True,CONVERGED,float64,cuda:0
adjoint,2,317,8.918204972512789e-07,True,CONVERGED,float64,cuda:0
forward,0,302,9.793658660356865e-07,True,CONVERGED,float64,cuda:0
forward,1,318,9.522613077413922e-07,True,CONVERGED,float64,cuda:0
forward,2,321,9.052225245486817e-07,True,CONVERGED,float64,cuda:0
adjoint,0,312,9.680786927297836e-07,True,CONVERGED,float64,cuda:0
adjoint,1,322,9.00558517747708e-07,True,CONVERGED,float64,cuda:0
adjoint,2,317,8.883211071013182e-07,True,CONVERGED,float64,cuda:0
forward,0,302,9.87154983975491e-07,True,CONVERGED,float64,cuda:0
forward,1,318,9.50505009775199e-07,True,CONVERGED,float64,cuda:0
forward,2,321,9.038188673696083e-07,True,CONVERGED,float64,cuda:0
adjoint,0,312,9.71901337810337e-07,True,CONVERGED,float64,cuda:0
adjoint,1,322,9.016716947949814e-07,True,CONVERGED,float64,cuda:0
adjoint,2,317,8.892562966636018e-07,True,CONVERGED,float64,cuda:0
forward,0,302,9.934700249325848e-07,True,CONVERGED,float64,cuda:0
forward,1,318,9.488484740839678e-07,True,CONVERGED,float64,cuda:0
forward,2,321,9.033473987893662e-07,True,CONVERGED,float64,cuda:0
adjoint,0,312,9.762382070989087e-07,True,CONVERGED,float64,cuda:0
adjoint,1,322,9.03280748604674e-07,True,CONVERGED,float64,cuda:0
adjoint,2,317,8.870866882895488e-07,True,CONVERGED,float64,cuda:0
forward,0,303,9.666572620641684e-07,True,CONVERGED,float64,cuda:0
forward,1,318,9.440462117076781e-07,True,CONVERGED,float64,cuda:0
forward,2,321,9.0314203168385e-07,True,CONVERGED,float64,cuda:0
adjoint,0,312,9.775869629448658e-07,True,CONVERGED,float64,cuda:0
adjoint,1,322,9.04796174590794e-07,True,CONVERGED,float64,cuda:0
adjoint,2,316,9.975673766170913e-07,True,CONVERGED,float64,cuda:0
forward,0,302,9.84530091886223e-07,True,CONVERGED,float64,cuda:0
forward,1,318,9.519796098041815e-07,True,CONVERGED,float64,cuda:0
forward,2,321,9.079053545319322e-07,True,CONVERGED,float64,cuda:0
adjoint,0,312,9.815947245623991e-07,True,CONVERGED,float64,cuda:0
adjoint,1,322,9.007124901278701e-07,True,CONVERGED,float64,cuda:0
adjoint,2,317,8.830493039321868e-07,True,CONVERGED,float64,cuda:0
forward,0,303,9.859068422762532e-07,True,CONVERGED,float64,cuda:0
forward,1,318,9.429375714138372e-07,True,CONVERGED,float64,cuda:0
forward,2,321,9.074605709021838e-07,True,CONVERGED,float64,cuda:0
adjoint,0,312,9.869868269054523e-07,True,CONVERGED,float64,cuda:0
adjoint,1,322,9.046662260091867e-07,True,CONVERGED,float64,cuda:0
adjoint,2,316,9.806357566939335e-07,True,CONVERGED,float64,cuda:0
forward,0,303,9.790644231128888e-07,True,CONVERGED,float64,cuda:0
forward,1,318,9.452730460154715e-07,True,CONVERGED,float64,cuda:0
forward,2,321,9.084277134858576e-07,True,CONVERGED,float64,cuda:0
adjoint,0,312,9.912029748354186e-07,True,CONVERGED,float64,cuda:0
adjoint,1,322,9.03212715560079e-07,True,CONVERGED,float64,cuda:0
adjoint,2,316,9.833336303461896e-07,True,CONVERGED,float64,cuda:0
forward,0,303,9.66101097858013e-07,True,CONVERGED,float64,cuda:0
forward,1,318,9.465780078088449e-07,True,CONVERGED,float64,cuda:0
forward,2,321,9.068251683073503e-07,True,CONVERGED,float64,cuda:0
adjoint,0,312,9.916365583093985e-07,True,CONVERGED,float64,cuda:0
adjoint,1,322,9.039712473267332e-07,True,CONVERGED,float64,cuda:0
adjoint,2,316,9.950853787001044e-07,True,CONVERGED,float64,cuda:0
forward,0,303,9.952685189772068e-07,True,CONVERGED,float64,cuda:0
forward,1,318,9.352604288632912e-07,True,CONVERGED,float64,cuda:0
forward,2,321,9.020874008326181e-07,True,CONVERGED,float64,cuda:0
adjoint,0,312,9.966328843010226e-07,True,CONVERGED,float64,cuda:0
adjoint,1,322,9.103984736714775e-07,True,CONVERGED,float64,cuda:0
adjoint,2,316,9.798074963509387e-07,True,CONVERGED,float64,cuda:0
forward,0,303,9.939682008121602e-07,True,CONVERGED,float64,cuda:0
forward,1,318,9.380460795631215e-07,True,CONVERGED,float64,cuda:0
forward,2,321,9.038805237354586e-07,True,CONVERGED,float64,cuda:0
adjoint,0,312,9.970463058187152e-07,True,CONVERGED,float64,cuda:0
adjoint,1,322,9.064094169890301e-07,True,CONVERGED,float64,cuda:0
adjoint,2,316,9.799708824904945e-07,True,CONVERGED,float64,cuda:0
forward,0,303,9.792329479866651e-07,True,CONVERGED,float64,cuda:0
forward,1,318,9.442215032835487e-07,True,CONVERGED,float64,cuda:0
forward,2,321,9.075307199684078e-07,True,CONVERGED,float64,cuda:0
adjoint,0,312,9.928590830485383e-07,True,CONVERGED,float64,cuda:0
adjoint,1,322,9.018813779942232e-07,True,CONVERGED,float64,cuda:0
adjoint,2,316,9.878059785722105e-07,True,CONVERGED,float64,cuda:0
forward,0,304,9.007303321360101e-07,True,CONVERGED,float64,cuda:0
forward,1,318,9.359837702310818e-07,True,CONVERGED,float64,cuda:0
forward,2,321,9.06489136146463e-07,True,CONVERGED,float64,cuda:0
adjoint,0,313,9.410487543437086e-07,True,CONVERGED,float64,cuda:0
adjoint,1,322,9.05900156982118e-07,True,CONVERGED,float64,cuda:0
adjoint,2,316,9.661436071378663e-07,True,CONVERGED,float64,cuda:0
forward,0,303,9.995548218474826e-07,True,CONVERGED,float64,cuda:0
forward,1,318,9.342623769603628e-07,True,CONVERGED,float64,cuda:0
forward,2,321,9.053666657088177e-07,True,CONVERGED,float64,cuda:0
adjoint,0,313,9.432397928138849e-07,True,CONVERGED,float64,cuda:0
adjoint,1,322,9.077001220410273e-07,True,CONVERGED,float64,cuda:0
adjoint,2,316,9.651610583297136e-07,True,CONVERGED,float64,cuda:0
forward,0,303,9.944358400751676e-07,True,CONVERGED,float64,cuda:0
forward,1,318,9.364153314691319e-07,True,CONVERGED,float64,cuda:0
forward,2,321,9.055768638496446e-07,True,CONVERGED,float64,cuda:0
adjoint,0,313,9.422572765180645e-07,True,CONVERGED,float64,cuda:0
adjoint,1,322,9.069413915272584e-07,True,CONVERGED,float64,cuda:0
adjoint,2,316,9.706764806504689e-07,True,CONVERGED,float64,cuda:0
forward,0,303,9.952962197260315e-07,True,CONVERGED,float64,cuda:0
forward,1,318,9.311719382641886e-07,True,CONVERGED,float64,cuda:0
forward,2,321,9.036059112385004e-07,True,CONVERGED,float64,cuda:0
adjoint,0,313,9.463294882584315e-07,True,CONVERGED,float64,cuda:0
adjoint,1,322,9.097939267806981e-07,True,CONVERGED,float64,cuda:0
adjoint,2,316,9.643324217198838e-07,True,CONVERGED,float64,cuda:0
forward,0,303,9.955009034808943e-07,True,CONVERGED,float64,cuda:0
forward,1,318,9.284238264321349e-07,True,CONVERGED,float64,cuda:0
forward,2,321,9.046518502938342e-07,True,CONVERGED,float64,cuda:0
adjoint,0,313,9.492917486538788e-07,True,CONVERGED,float64,cuda:0
adjoint,1,322,9.107648132652415e-07,True,CONVERGED,float64,cuda:0
adjoint,2,316,9.543399138265593e-07,True,CONVERGED,float64,cuda:0
forward,0,303,9.945111379502831e-07,True,CONVERGED,float64,cuda:0
forward,1,318,9.347167975716164e-07,True,CONVERGED,float64,cuda:0
forward,2,321,9.084211199629756e-07,True,CONVERGED,float64,cuda:0
adjoint,0,313,9.451757068027575e-07,True,CONVERGED,float64,cuda:0
adjoint,1,322,9.064050746451969e-07,True,CONVERGED,float64,cuda:0
adjoint,2,316,9.608598856095641e-07,True,CONVERGED,float64,cuda:0
forward,0,303,9.9548324989953e-07,True,CONVERGED,float64,cuda:0
forward,1,318,9.301309749121168e-07,True,CONVERGED,float64,cuda:0
forward,2,321,9.067687970173322e-07,True,CONVERGED,float64,cuda:0
adjoint,0,313,9.484650440864877e-07,True,CONVERGED,float64,cuda:0
adjoint,1,322,9.073139943184592e-07,True,CONVERGED,float64,cuda:0
adjoint,2,316,9.535586989147936e-07,True,CONVERGED,float64,cuda:0
forward,0,303,9.937261366014633e-07,True,CONVERGED,float64,cuda:0
forward,1,318,9.273193467677728e-07,True,CONVERGED,float64,cuda:0
forward,2,321,9.069715708922111e-07,True,CONVERGED,float64,cuda:0
adjoint,0,313,9.514241299194019e-07,True,CONVERGED,float64,cuda:0
adjoint,1,322,9.087947427986689e-07,True,CONVERGED,float64,cuda:0
adjoint,2,316,9.470682851310783e-07,True,CONVERGED,float64,cuda:0
forward,0,303,9.913658306093713e-07,True,CONVERGED,float64,cuda:0
forward,1,318,9.301647430999137e-07,True,CONVERGED,float64,cuda:0
forward,2,321,9.07400914632454e-07,True,CONVERGED,float64,cuda:0
adjoint,0,313,9.492527917131684e-07,True,CONVERGED,float64,cuda:0
adjoint,1,322,9.074410189147489e-07,True,CONVERGED,float64,cuda:0
adjoint,2,316,9.537666190249392e-07,True,CONVERGED,float64,cuda:0
forward,0,303,9.88381997578209e-07,True,CONVERGED,float64,cuda:0
forward,1,318,9.264383081906002e-07,True,CONVERGED,float64,cuda:0
forward,2,321,9.058672089618289e-07,True,CONVERGED,float64,cuda:0
adjoint,0,313,9.534073048487445e-07,True,CONVERGED,float64,cuda:0
adjoint,1,322,9.092246745944562e-07,True,CONVERGED,float64,cuda:0
adjoint,2,316,9.490812075445487e-07,True,CONVERGED,float64,cuda:0
forward,0,303,9.864506350361647e-07,True,CONVERGED,float64,cuda:0
forward,1,318,9.236314698053475e-07,True,CONVERGED,float64,cuda:0
forward,2,321,9.06420299371647e-07,True,CONVERGED,float64,cuda:0
adjoint,0,313,9.575790139144114e-07,True,CONVERGED,float64,cuda:0
adjoint,1,322,9.104689056548196e-07,True,CONVERGED,float64,cuda:0
adjoint,2,316,9.420720193876403e-07,True,CONVERGED,float64,cuda:0
forward,0,303,9.886802245729265e-07,True,CONVERGED,float64,cuda:0
forward,1,318,9.284463282169901e-07,True,CONVERGED,float64,cuda:0
forward,2,321,9.100315553201491e-07,True,CONVERGED,float64,cuda:0
adjoint,0,313,9.540546756159578e-07,True,CONVERGED,float64,cuda:0
adjoint,1,322,9.067742305873339e-07,True,CONVERGED,float64,cuda:0
adjoint,2,316,9.445855957357188e-07,True,CONVERGED,float64,cuda:0
forward,0,303,9.89074840812163e-07,True,CONVERGED,float64,cuda:0
forward,1,318,9.275831765050987e-07,True,CONVERGED,float64,cuda:0
forward,2,321,9.124832324337127e-07,True,CONVERGED,float64,cuda:0
adjoint,0,313,9.571202018830367e-07,True,CONVERGED,float64,cuda:0
adjoint,1,322,9.067210498440435e-07,True,CONVERGED,float64,cuda:0
adjoint,2,316,9.379171386179457e-07,True,CONVERGED,float64,cuda:0
forward,0,303,9.800122846518001e-07,True,CONVERGED,float64,cuda:0
forward,1,318,9.238273336523072e-07,True,CONVERGED,float64,cuda:0
forward,2,321,9.115321148749025e-07,True,CONVERGED,float64,cuda:0
adjoint,0,313,9.624249825378954e-07,True,CONVERGED,float64,cuda:0
adjoint,1,322,9.100315513673615e-07,True,CONVERGED,float64,cuda:0
adjoint,2,316,9.33209217448789e-07,True,CONVERGED,float64,cuda:0
forward,0,303,9.757664724647312e-07,True,CONVERGED,float64,cuda:0
forward,1,318,9.186177767436681e-07,True,CONVERGED,float64,cuda:0
forward,2,321,9.095330709027865e-07,True,CONVERGED,float64,cuda:0
adjoint,0,313,9.706431168522856e-07,True,CONVERGED,float64,cuda:0
adjoint,1,322,9.11537100404367e-07,True,CONVERGED,float64,cuda:0
adjoint,2,316,9.310823572311822e-07,True,CONVERGED,float64,cuda:0
forward,0,303,9.77883648228971e-07,True,CONVERGED,float64,cuda:0
forward,1,318,9.288973489966084e-07,True,CONVERGED,float64,cuda:0
forward,2,321,9.142096257037081e-07,True,CONVERGED,float64,cuda:0
adjoint,0,313,9.552444563742665e-07,True,CONVERGED,float64,cuda:0
adjoint,1,322,9.047184495180441e-07,True,CONVERGED,float64,cuda:0
adjoint,2,316,9.433587159079595e-07,True,CONVERGED,float64,cuda:0
forward,0,303,9.790148724820177e-07,True,CONVERGED,float64,cuda:0
forward,1,318,9.2213821523092e-07,True,CONVERGED,float64,cuda:0
forward,2,321,9.123204926081492e-07,True,CONVERGED,float64,cuda:0
adjoint,0,313,9.620655862437724e-07,True,CONVERGED,float64,cuda:0
adjoint,1,322,9.062880063351102e-07,True,CONVERGED,float64,cuda:0
adjoint,2,316,9.330813528197692e-07,True,CONVERGED,float64,cuda:0
forward,0,303,9.755481548619318e-07,True,CONVERGED,float64,cuda:0
forward,1,318,9.175534408834255e-07,True,CONVERGED,float64,cuda:0
forward,2,321,9.112648982531374e-07,True,CONVERGED,float64,cuda:0
adjoint,0,313,9.672113644737891e-07,True,CONVERGED,float64,cuda:0
adjoint,1,322,9.087319296415591e-07,True,CONVERGED,float64,cuda:0
adjoint,2,316,9.301453654156943e-07,True,CONVERGED,float64,cuda:0
forward,0,303,9.679398954104657e-07,True,CONVERGED,float64,cuda:0
forward,1,318,9.284598251372583e-07,True,CONVERGED,float64,cuda:0
forward,2,321,9.14942293023133e-07,True,CONVERGED,float64,cuda:0
adjoint,0,313,9.577265088284782e-07,True,CONVERGED,float64,cuda:0
adjoint,1,322,9.061503279084551e-07,True,CONVERGED,float64,cuda:0
adjoint,2,316,9.445637752853611e-07,True,CONVERGED,float64,cuda:0
forward,0,303,9.681026923652128e-07,True,CONVERGED,float64,cuda:0
forward,1,318,9.145442505380657e-07,True,CONVERGED,float64,cuda:0
forward,2,321,9.099773569401889e-07,True,CONVERGED,float64,cuda:0
adjoint,0,313,9.71077591115671e-07,True,CONVERGED,float64,cuda:0
adjoint,1,322,9.103215945096177e-07,True,CONVERGED,float64,cuda:0
adjoint,2,316,9.285754703690719e-07,True,CONVERGED,float64,cuda:0
forward,0,303,9.738235481150633e-07,True,CONVERGED,float64,cuda:0
forward,1,318,9.233030403383788e-07,True,CONVERGED,float64,cuda:0
forward,2,321,9.148049929596072e-07,True,CONVERGED,float64,cuda:0
adjoint,0,313,9.635597169260962e-07,True,CONVERGED,float64,cuda:0
adjoint,1,322,9.035944737009999e-07,True,CONVERGED,float64,cuda:0
adjoint,2,316,9.323125243218891e-07,True,CONVERGED,float64,cuda:0
forward,0,303,9.693763983472891e-07,True,CONVERGED,float64,cuda:0
forward,1,318,9.256071542584865e-07,True,CONVERGED,float64,cuda:0
forward,2,321,9.165460028017721e-07,True,CONVERGED,float64,cuda:0
adjoint,0,313,9.606059982839721e-07,True,CONVERGED,float64,cuda:0
adjoint,1,322,9.025183422681572e-07,True,CONVERGED,float64,cuda:0
adjoint,2,316,9.348670414436434e-07,True,CONVERGED,float64,cuda:0
forward,0,303,9.631313342756274e-07,True,CONVERGED,float64,cuda:0
forward,1,318,9.130218230152991e-07,True,CONVERGED,float64,cuda:0
forward,2,321,9.109582615077914e-07,True,CONVERGED,float64,cuda:0
adjoint,0,313,9.717287383769364e-07,True,CONVERGED,float64,cuda:0
adjoint,1,322,9.084573002828296e-07,True,CONVERGED,float64,cuda:0
adjoint,2,316,9.274182125776769e-07,True,CONVERGED,float64,cuda:0
forward,0,303,9.627948721592076e-07,True,CONVERGED,float64,cuda:0
forward,1,318,9.187253705147969e-07,True,CONVERGED,float64,cuda:0
forward,2,321,9.111888054091213e-07,True,CONVERGED,float64,cuda:0
adjoint,0,313,9.636010796021008e-07,True,CONVERGED,float64,cuda:0
adjoint,1,322,9.041357073767365e-07,True,CONVERGED,float64,cuda:0
adjoint,2,316,9.332799036234094e-07,True,CONVERGED,float64,cuda:0
forward,0,303,9.551854131507832e-07,True,CONVERGED,float64,cuda:0
forward,1,318,9.206262124456555e-07,True,CONVERGED,float64,cuda:0
forward,2,321,9.114058716078805e-07,True,CONVERGED,float64,cuda:0
adjoint,0,313,9.625833345025072e-07,True,CONVERGED,float64,cuda:0
adjoint,1,322,9.051449560556717e-07,True,CONVERGED,float64,cuda:0
adjoint,2,316,9.382957349625175e-07,True,CONVERGED,float64,cuda:0
forward,0,303,9.49334085718978e-07,True,CONVERGED,float64,cuda:0
forward,1,318,9.098249972805479e-07,True,CONVERGED,float64,cuda:0
forward,2,321,9.096406576677051e-07,True,CONVERGED,float64,cuda:0
adjoint,0,313,9.739088903173163e-07,True,CONVERGED,float64,cuda:0
adjoint,1,322,9.107028715606463e-07,True,CONVERGED,float64,cuda:0
adjoint,2,316,9.272990013151675e-07,True,CONVERGED,float64,cuda:0
forward,0,303,9.546227481952405e-07,True,CONVERGED,float64,cuda:0
forward,1,318,9.25390012842864e-07,True,CONVERGED,float64,cuda:0
forward,2,321,9.193042521151828e-07,True,CONVERGED,float64,cuda:0
adjoint,0,313,9.601998865561431e-07,True,CONVERGED,float64,cuda:0
adjoint,1,322,9.021826071370302e-07,True,CONVERGED,float64,cuda:0
adjoint,2,316,9.316466902396541e-07,True,CONVERGED,float64,cuda:0
forward,0,303,9.644452571635692e-07,True,CONVERGED,float64,cuda:0
forward,1,318,9.170356341544697e-07,True,CONVERGED,float64,cuda:0
forward,2,321,9.15510021623909e-07,True,CONVERGED,float64,cuda:0
adjoint,0,313,9.658828099965376e-07,True,CONVERGED,float64,cuda:0
adjoint,1,322,9.002244599083268e-07,True,CONVERGED,float64,cuda:0
adjoint,2,316,9.282850034756746e-07,True,CONVERGED,float64,cuda:0
forward,0,303,9.58577174095588e-07,True,CONVERGED,float64,cuda:0
forward,1,318,9.143228489877941e-07,True,CONVERGED,float64,cuda:0
forward,2,321,9.122721487707088e-07,True,CONVERGED,float64,cuda:0
adjoint,0,313,9.651923570290803e-07,True,CONVERGED,float64,cuda:0
adjoint,1,322,9.011791701929941e-07,True,CONVERGED,float64,cuda:0
adjoint,2,316,9.270327611436424e-07,True,CONVERGED,float64,cuda:0
forward,0,303,9.470956256715497e-07,True,CONVERGED,float64,cuda:0
forward,1,318,9.16959997646218e-07,True,CONVERGED,float64,cuda:0
forward,2,321,9.068464451460049e-07,True,CONVERGED,float64,cuda:0
adjoint,0,313,9.58158845982562e-07,True,CONVERGED,float64,cuda:0
adjoint,1,322,9.020238687671243e-07,True,CONVERGED,float64,cuda:0
adjoint,2,316,9.440626111559534e-07,True,CONVERGED,float64,cuda:0
forward,0,303,9.414275084550469e-07,True,CONVERGED,float64,cuda:0
forward,1,318,9.073583440968028e-07,True,CONVERGED,float64,cuda:0
forward,2,321,9.013493665116798e-07,True,CONVERGED,float64,cuda:0
adjoint,0,313,9.676742339135251e-07,True,CONVERGED,float64,cuda:0
adjoint,1,322,9.071953646028687e-07,True,CONVERGED,float64,cuda:0
adjoint,2,316,9.355703044215785e-07,True,CONVERGED,float64,cuda:0
forward,0,303,9.449433567723768e-07,True,CONVERGED,float64,cuda:0
forward,1,318,9.110179838694852e-07,True,CONVERGED,float64,cuda:0
forward,2,321,9.061314426138504e-07,True,CONVERGED,float64,cuda:0
adjoint,0,313,9.65910340980112e-07,True,CONVERGED,float64,cuda:0
adjoint,1,322,9.041933032430015e-07,True,CONVERGED,float64,cuda:0
adjoint,2,316,9.314760615631846e-07,True,CONVERGED,float64,cuda:0
forward,0,303,9.471382031154918e-07,True,CONVERGED,float64,cuda:0
forward,1,318,9.150527816719206e-07,True,CONVERGED,float64,cuda:0
forward,2,321,9.127475309231397e-07,True,CONVERGED,float64,cuda:0
adjoint,0,313,9.656017916178004e-07,True,CONVERGED,float64,cuda:0
adjoint,1,322,9.016033765914713e-07,True,CONVERGED,float64,cuda:0
adjoint,2,316,9.267507180896896e-07,True,CONVERGED,float64,cuda:0
forward,0,303,9.499733782040537e-07,True,CONVERGED,float64,cuda:0
forward,1,318,9.088146274601552e-07,True,CONVERGED,float64,cuda:0
forward,2,321,9.131881497367182e-07,True,CONVERGED,float64,cuda:0
adjoint,0,313,9.713545253374408e-07,True,CONVERGED,float64,cuda:0
adjoint,1,322,9.033311230534746e-07,True,CONVERGED,float64,cuda:0
adjoint,2,316,9.286537175115316e-07,True,CONVERGED,float64,cuda:0
forward,0,303,9.450081358930964e-07,True,CONVERGED,float64,cuda:0
forward,1,318,9.160496831773257e-07,True,CONVERGED,float64,cuda:0
forward,2,321,9.149529507034577e-07,True,CONVERGED,float64,cuda:0
adjoint,0,313,9.631965186401333e-07,True,CONVERGED,float64,cuda:0
adjoint,1,322,8.992818082495171e-07,True,CONVERGED,float64,cuda:0
adjoint,2,316,9.275893399590663e-07,True,CONVERGED,float64,cuda:0
forward,0,303,9.423882979436549e-07,True,CONVERGED,float64,cuda:0
forward,1,318,9.081175917681922e-07,True,CONVERGED,float64,cuda:0
forward,2,321,9.091462037954212e-07,True,CONVERGED,float64,cuda:0
adjoint,0,313,9.66567290515261e-07,True,CONVERGED,float64,cuda:0
adjoint,1,322,9.012240014290081e-07,True,CONVERGED,float64,cuda:0
adjoint,2,316,9.268575731914929e-07,True,CONVERGED,float64,cuda:0
forward,0,303,9.363025103461087e-07,True,CONVERGED,float64,cuda:0
forward,1,318,9.074183170841162e-07,True,CONVERGED,float64,cuda:0
forward,2,321,9.060061007353671e-07,True,CONVERGED,float64,cuda:0
adjoint,0,313,9.66441106743811e-07,True,CONVERGED,float64,cuda:0
adjoint,1,322,9.027848931870755e-07,True,CONVERGED,float64,cuda:0
adjoint,2,316,9.311519081027172e-07,True,CONVERGED,float64,cuda:0
forward,0,303,9.351539939972143e-07,True,CONVERGED,float64,cuda:0
forward,1,318,9.067041683989441e-07,True,CONVERGED,float64,cuda:0
forward,2,321,9.051640662181738e-07,True,CONVERGED,float64,cuda:0
adjoint,0,313,9.668292872342555e-07,True,CONVERGED,float64,cuda:0
adjoint,1,322,9.030862544577563e-07,True,CONVERGED,float64,cuda:0
adjoint,2,316,9.317440925201747e-07,True,CONVERGED,float64,cuda:0
forward,0,303,9.385268015846359e-07,True,CONVERGED,float64,cuda:0
forward,1,318,9.068085005274651e-07,True,CONVERGED,float64,cuda:0
forward,2,321,9.087184969674791e-07,True,CONVERGED,float64,cuda:0
adjoint,0,313,9.683354424973226e-07,True,CONVERGED,float64,cuda:0
adjoint,1,322,9.015849619963897e-07,True,CONVERGED,float64,cuda:0
adjoint,2,316,9.251921565011067e-07,True,CONVERGED,float64,cuda:0
forward,0,303,9.339484296178021e-07,True,CONVERGED,float64,cuda:0
forward,1,318,9.126648041912386e-07,True,CONVERGED,float64,cuda:0
forward,2,321,9.12882951687534e-07,True,CONVERGED,float64,cuda:0
adjoint,0,313,9.652487048041826e-07,True,CONVERGED,float64,cuda:0
adjoint,1,322,8.997247127145169e-07,True,CONVERGED,float64,cuda:0
adjoint,2,316,9.277701943776779e-07,True,CONVERGED,float64,cuda:0
forward,0,303,9.344593500742128e-07,True,CONVERGED,float64,cuda:0
forward,1,318,9.04168029015919e-07,True,CONVERGED,float64,cuda:0
forward,2,321,9.095233971390828e-07,True,CONVERGED,float64,cuda:0
adjoint,0,313,9.671236884446385e-07,True,CONVERGED,float64,cuda:0
adjoint,1,322,9.020429789353972e-07,True,CONVERGED,float64,cuda:0
adjoint,2,316,9.280671243171591e-07,True,CONVERGED,float64,cuda:0
forward,0,303,9.327470639609304e-07,True,CONVERGED,float64,cuda:0
forward,1,318,9.084421805678481e-07,True,CONVERGED,float64,cuda:0
forward,2,321,9.102307399960242e-07,True,CONVERGED,float64,cuda:0
adjoint,0,313,9.639498497759363e-07,True,CONVERGED,float64,cuda:0
adjoint,1,322,8.98109610422464e-07,True,CONVERGED,float64,cuda:0
adjoint,2,316,9.262707083349753e-07,True,CONVERGED,float64,cuda:0
forward,0,302,9.93988978901229e-07,True,CONVERGED,float64,cuda:0
forward,1,318,9.086370517422786e-07,True,CONVERGED,float64,cuda:0
forward,2,321,9.082015363536345e-07,True,CONVERGED,float64,cuda:0
adjoint,0,313,9.604485943422636e-07,True,CONVERGED,float64,cuda:0
adjoint,1,322,8.984118903774712e-07,True,CONVERGED,float64,cuda:0
adjoint,2,316,9.31969077671489e-07,True,CONVERGED,float64,cuda:0
forward,0,302,9.853443650330798e-07,True,CONVERGED,float64,cuda:0
forward,1,318,8.981481701095041e-07,True,CONVERGED,float64,cuda:0
forward,2,320,9.948321630934024e-07,True,CONVERGED,float64,cuda:0
adjoint,0,313,9.614675760567363e-07,True,CONVERGED,float64,cuda:0
adjoint,1,322,9.040653054714013e-07,True,CONVERGED,float64,cuda:0
adjoint,2,316,9.266341480624781e-07,True,CONVERGED,float64,cuda:0
forward,0,302,9.901995477436606e-07,True,CONVERGED,float64,cuda:0
forward,1,318,9.071828102763537e-07,True,CONVERGED,float64,cuda:0
forward,2,321,9.07119991948005e-07,True,CONVERGED,float64,cuda:0
adjoint,0,313,9.605773971426027e-07,True,CONVERGED,float64,cuda:0
adjoint,1,322,8.979886027125305e-07,True,CONVERGED,float64,cuda:0
adjoint,2,316,9.292845532001198e-07,True,CONVERGED,float64,cuda:0
forward,0,302,9.919282445194482e-07,True,CONVERGED,float64,cuda:0
forward,1,318,9.064690823056716e-07,True,CONVERGED,float64,cuda:0
forward,2,321,9.077662979294172e-07,True,CONVERGED,float64,cuda:0
adjoint,0,313,9.618939988124222e-07,True,CONVERGED,float64,cuda:0
adjoint,1,322,8.971117887496578e-07,True,CONVERGED,float64,cuda:0
adjoint,2,316,9.260444929866918e-07,True,CONVERGED,float64,cuda:0
forward,0,302,9.884312492748631e-07,True,CONVERGED,float64,cuda:0
forward,1,318,9.026514035152773e-07,True,CONVERGED,float64,cuda:0
forward,2,321,9.056460427768454e-07,True,CONVERGED,float64,cuda:0
adjoint,0,313,9.610225929449684e-07,True,CONVERGED,float64,cuda:0
adjoint,1,322,8.989871934498734e-07,True,CONVERGED,float64,cuda:0
adjoint,2,316,9.260916217992026e-07,True,CONVERGED,float64,cuda:0
forward,0,302,9.853010635660745e-07,True,CONVERGED,float64,cuda:0
forward,1,318,9.031106788430091e-07,True,CONVERGED,float64,cuda:0
forward,2,321,9.032238515919256e-07,True,CONVERGED,float64,cuda:0
adjoint,0,313,9.59605256346271e-07,True,CONVERGED,float64,cuda:0
adjoint,1,322,8.980274725233003e-07,True,CONVERGED,float64,cuda:0
adjoint,2,316,9.285849987959978e-07,True,CONVERGED,float64,cuda:0
forward,0,302,9.749552388112886e-07,True,CONVERGED,float64,cuda:0
forward,1,318,9.060118282915299e-07,True,CONVERGED,float64,cuda:0
forward,2,321,9.021021799679935e-07,True,CONVERGED,float64,cuda:0
adjoint,0,313,9.570398121679665e-07,True,CONVERGED,float64,cuda:0
adjoint,1,322,9.00124760756397e-07,True,CONVERGED,float64,cuda:0
adjoint,2,316,9.330536676275434e-07,True,CONVERGED,float64,cuda:0
forward,0,302,9.64176232707719e-07,True,CONVERGED,float64,cuda:0
forward,1,317,9.997228994307138e-07,True,CONVERGED,float64,cuda:0
forward,2,320,9.872122742795432e-07,True,CONVERGED,float64,cuda:0
adjoint,0,313,9.491867198951803e-07,True,CONVERGED,float64,cuda:0
adjoint,1,322,9.064915603434684e-07,True,CONVERGED,float64,cuda:0
adjoint,2,316,9.28588059986869e-07,True,CONVERGED,float64,cuda:0
forward,0,302,9.791399495180678e-07,True,CONVERGED,float64,cuda:0
forward,1,318,9.10104124468801e-07,True,CONVERGED,float64,cuda:0
forward,2,321,9.120388209017793e-07,True,CONVERGED,float64,cuda:0
adjoint,0,313,9.602014479724887e-07,True,CONVERGED,float64,cuda:0
adjoint,1,322,8.974390866261176e-07,True,CONVERGED,float64,cuda:0
adjoint,2,316,9.282567017353702e-07,True,CONVERGED,float64,cuda:0
forward,0,302,9.850202950943202e-07,True,CONVERGED,float64,cuda:0
forward,1,318,9.090258212936488e-07,True,CONVERGED,float64,cuda:0
forward,2,321,9.117397600777013e-07,True,CONVERGED,float64,cuda:0
adjoint,0,313,9.605261657011073e-07,True,CONVERGED,float64,cuda:0
adjoint,1,322,8.946261636152823e-07,True,CONVERGED,float64,cuda:0
adjoint,2,316,9.324777418040981e-07,True,CONVERGED,float64,cuda:0
forward,0,302,9.761128953220563e-07,True,CONVERGED,float64,cuda:0
forward,1,318,9.037786376087335e-07,True,CONVERGED,float64,cuda:0
forward,2,320,9.979883384908328e-07,True,CONVERGED,float64,cuda:0
adjoint,0,313,9.566970691092083e-07,True,CONVERGED,float64,cuda:0
adjoint,1,322,8.97563094710838e-07,True,CONVERGED,float64,cuda:0
adjoint,2,316,9.351128048630384e-07,True,CONVERGED,float64,cuda:0
forward,0,302,9.6854453529647e-07,True,CONVERGED,float64,cuda:0
forward,1,318,9.003033979095673e-07,True,CONVERGED,float64,cuda:0
forward,2,320,9.923597459417537e-07,True,CONVERGED,float64,cuda:0
adjoint,0,313,9.538151391986807e-07,True,CONVERGED,float64,cuda:0
adjoint,1,322,8.981249745826387e-07,True,CONVERGED,float64,cuda:0
adjoint,2,316,9.350096179736287e-07,True,CONVERGED,float64,cuda:0
forward,0,302,9.574272249851097e-07,True,CONVERGED,float64,cuda:0
forward,1,318,8.995627445586761e-07,True,CONVERGED,float64,cuda:0
forward,2,320,9.907686548999038e-07,True,CONVERGED,float64,cuda:0
adjoint,0,313,9.486285336504035e-07,True,CONVERGED,float64,cuda:0
adjoint,1,322,9.021539339880692e-07,True,CONVERGED,float64,cuda:0
adjoint,2,316,9.259462307628272e-07,True,CONVERGED,float64,cuda:0
forward,0,301,9.895955289751743e-07,True,CONVERGED,float64,cuda:0
forward,1,317,9.979033383737891e-07,True,CONVERGED,float64,cuda:0
forward,2,320,9.745868980031862e-07,True,CONVERGED,float64,cuda:0
adjoint,0,313,9.469407066459839e-07,True,CONVERGED,float64,cuda:0
adjoint,1,322,9.090918776272532e-07,True,CONVERGED,float64,cuda:0
adjoint,2,316,9.382892500659698e-07,True,CONVERGED,float64,cuda:0
forward,0,302,9.67765548681055e-07,True,CONVERGED,float64,cuda:0
forward,1,318,9.07062377113036e-07,True,CONVERGED,float64,cuda:0
forward,2,321,9.082344270922996e-07,True,CONVERGED,float64,cuda:0
adjoint,0,313,9.55916490124046e-07,True,CONVERGED,float64,cuda:0
adjoint,1,322,8.967571177869162e-07,True,CONVERGED,float64,cuda:0
adjoint,2,316,9.340084443974534e-07,True,CONVERGED,float64,cuda:0
forward,0,302,9.740152598501683e-07,True,CONVERGED,float64,cuda:0
forward,1,318,9.130167165739541e-07,True,CONVERGED,float64,cuda:0
forward,2,321,9.151725658405479e-07,True,CONVERGED,float64,cuda:0
adjoint,0,313,9.574252560607251e-07,True,CONVERGED,float64,cuda:0
adjoint,1,322,8.942742047083337e-07,True,CONVERGED,float64,cuda:0
adjoint,2,316,9.451855588236982e-07,True,CONVERGED,float64,cuda:0
forward,0,302,9.701448919887364e-07,True,CONVERGED,float64,cuda:0
forward,1,318,9.114498068766868e-07,True,CONVERGED,float64,cuda:0
forward,2,321,9.096554757184165e-07,True,CONVERGED,float64,cuda:0
adjoint,0,313,9.527083908398246e-07,True,CONVERGED,float64,cuda:0
adjoint,1,322,8.942916458768004e-07,True,CONVERGED,float64,cuda:0
adjoint,2,316,9.620102969880412e-07,True,CONVERGED,float64,cuda:0
forward,0,302,9.610370416885433e-07,True,CONVERGED,float64,cuda:0
forward,1,318,9.045186689650309e-07,True,CONVERGED,float64,cuda:0
forward,2,320,9.947366884670888e-07,True,CONVERGED,float64,cuda:0
adjoint,0,313,9.491473372580845e-07,True,CONVERGED,float64,cuda:0
adjoint,1,322,8.965141628388296e-07,True,CONVERGED,float64,cuda:0
adjoint,2,316,9.375918489730728e-07,True,CONVERGED,float64,cuda:0
forward,0,301,9.928227367856529e-07,True,CONVERGED,float64,cuda:0
forward,1,318,8.967517859681125e-07,True,CONVERGED,float64,cuda:0
forward,2,320,9.825965815402202e-07,True,CONVERGED,float64,cuda:0
adjoint,0,313,9.462266303860209e-07,True,CONVERGED,float64,cuda:0
adjoint,1,322,9.027377662029233e-07,True,CONVERGED,float64,cuda:0
adjoint,2,316,9.239092216647191e-07,True,CONVERGED,float64,cuda:0
forward,0,301,9.788896619789492e-07,True,CONVERGED,float64,cuda:0
forward,1,317,9.983112412036566e-07,True,CONVERGED,float64,cuda:0
forward,2,320,9.705474234609488e-07,True,CONVERGED,float64,cuda:0
adjoint,0,313,9.485801494019076e-07,True,CONVERGED,float64,cuda:0
adjoint,1,322,9.11558718380758e-07,True,CONVERGED,float64,cuda:0
adjoint,2,316,9.294681269007789e-07,True,CONVERGED,float64,cuda:0
forward,0,301,9.951890185641578e-07,True,CONVERGED,float64,cuda:0
forward,1,318,8.989900206944383e-07,True,CONVERGED,float64,cuda:0
forward,2,320,9.880877165710093e-07,True,CONVERGED,float64,cuda:0
adjoint,0,313,9.484454587805943e-07,True,CONVERGED,float64,cuda:0
adjoint,1,322,9.008303176734712e-07,True,CONVERGED,float64,cuda:0
adjoint,2,316,9.362175772068597e-07,True,CONVERGED,float64,cuda:0
forward,0,302,9.60793749644811e-07,True,CONVERGED,float64,cuda:0
forward,1,318,9.080022876282987e-07,True,CONVERGED,float64,cuda:0
forward,2,320,9.994166610026602e-07,True,CONVERGED,float64,cuda:0
adjoint,0,313,9.507288492969725e-07,True,CONVERGED,float64,cuda:0
adjoint,1,322,8.959000670257078e-07,True,CONVERGED,float64,cuda:0
adjoint,2,316,9.550648891162516e-07,True,CONVERGED,float64,cuda:0
forward,0,302,9.601913738563116e-07,True,CONVERGED,float64,cuda:0
forward,1,318,9.096324371292955e-07,True,CONVERGED,float64,cuda:0
forward,2,321,9.091630687624959e-07,True,CONVERGED,float64,cuda:0
adjoint,0,313,9.498784443047558e-07,True,CONVERGED,float64,cuda:0
adjoint,1,322,8.954490045041947e-07,True,CONVERGED,float64,cuda:0
adjoint,2,316,9.71208953984189e-07,True,CONVERGED,float64,cuda:0
forward,0,301,9.928017917383149e-07,True,CONVERGED,float64,cuda:0
forward,1,318,9.039003144750205e-07,True,CONVERGED,float64,cuda:0
forward,2,320,9.930691164039054e-07,True,CONVERGED,float64,cuda:0
adjoint,0,313,9.458341079146054e-07,True,CONVERGED,float64,cuda:0
adjoint,1,322,8.983666702051917e-07,True,CONVERGED,float64,cuda:0
adjoint,2,316,9.534801626745437e-07,True,CONVERGED,float64,cuda:0
forward,0,301,9.75548703208652e-07,True,CONVERGED,float64,cuda:0
forward,1,317,9.98624075815629e-07,True,CONVERGED,float64,cuda:0
forward,2,320,9.77324632440551e-07,True,CONVERGED,float64,cuda:0
adjoint,0,313,9.397002104884284e-07,True,CONVERGED,float64,cuda:0
adjoint,1,322,9.069620744999988e-07,True,CONVERGED,float64,cuda:0
adjoint,2,316,9.365170697612166e-07,True,CONVERGED,float64,cuda:0
forward,0,301,9.68194544484009e-07,True,CONVERGED,float64,cuda:0
forward,1,317,9.970840999455844e-07,True,CONVERGED,float64,cuda:0
forward,2,320,9.714434070404904e-07,True,CONVERGED,float64,cuda:0
adjoint,0,313,9.386092183152661e-07,True,CONVERGED,float64,cuda:0
adjoint,1,322,9.096387144069771e-07,True,CONVERGED,float64,cuda:0
adjoint,2,316,9.338069268583084e-07,True,CONVERGED,float64,cuda:0
forward,0,301,9.756947661869759e-07,True,CONVERGED,float64,cuda:0
forward,1,318,8.987291911870863e-07,True,CONVERGED,float64,cuda:0
forward,2,320,9.855880784853345e-07,True,CONVERGED,float64,cuda:0
adjoint,0,313,9.409053932402742e-07,True,CONVERGED,float64,cuda:0
adjoint,1,322,9.022292797051065e-07,True,CONVERGED,float64,cuda:0
adjoint,2,316,9.412029766376718e-07,True,CONVERGED,float64,cuda:0
forward,0,301,9.651437700696041e-07,True,CONVERGED,float64,cuda:0
forward,1,318,9.028813391477379e-07,True,CONVERGED,float64,cuda:0
forward,2,320,9.852198265138716e-07,True,CONVERGED,float64,cuda:0
adjoint,0,313,9.286878456163231e-07,True,CONVERGED,float64,cuda:0
adjoint,1,322,8.997939234185e-07,True,CONVERGED,float64,cuda:0
adjoint,2,316,9.638174250751475e-07,True,CONVERGED,float64,cuda:0
forward,0,300,9.787875117536653e-07,True,CONVERGED,float64,cuda:0
forward,1,317,9.97032111785889e-07,True,CONVERGED,float64,cuda:0
forward,2,320,9.842582834689278e-07,True,CONVERGED,float64,cuda:0
adjoint,0,312,9.83696236458463e-07,True,CONVERGED,float64,cuda:0
adjoint,1,322,9.00136008545163e-07,True,CONVERGED,float64,cuda:0
adjoint,2,316,9.833697411492752e-07,True,CONVERGED,float64,cuda:0
forward,0,297,8.846435663781145e-07,True,CONVERGED,float64,cuda:0
forward,1,317,9.858918243376847e-07,True,CONVERGED,float64,cuda:0
forward,2,320,9.82070299500062e-07,True,CONVERGED,float64,cuda:0
adjoint,0,308,9.9118973037426e-07,True,CONVERGED,float64,cuda:0
adjoint,1,322,8.972768173974635e-07,True,CONVERGED,float64,cuda:0
adjoint,2,316,9.6120021328184e-07,True,CONVERGED,float64,cuda:0
forward,0,293,9.344959508849805e-07,True,CONVERGED,float64,cuda:0
forward,1,317,9.842010049978724e-07,True,CONVERGED,float64,cuda:0
forward,2,320,9.83729870415038e-07,True,CONVERGED,float64,cuda:0
adjoint,0,307,9.894808756423203e-07,True,CONVERGED,float64,cuda:0
adjoint,1,322,8.839390798475261e-07,True,CONVERGED,float64,cuda:0
adjoint,2,316,9.660230932388177e-07,True,CONVERGED,float64,cuda:0
forward,0,293,9.784896221072785e-07,True,CONVERGED,float64,cuda:0
forward,1,317,9.905741532235915e-07,True,CONVERGED,float64,cuda:0
forward,2,320,9.86343453462722e-07,True,CONVERGED,float64,cuda:0
adjoint,0,306,9.771899237364542e-07,True,CONVERGED,float64,cuda:0
adjoint,1,321,9.774816936497183e-07,True,CONVERGED,float64,cuda:0
adjoint,2,316,9.755481158130497e-07,True,CONVERGED,float64,cuda:0
forward,0,294,9.540597987202465e-07,True,CONVERGED,float64,cuda:0
forward,1,317,9.951453188632315e-07,True,CONVERGED,float64,cuda:0
forward,2,320,9.721636041306945e-07,True,CONVERGED,float64,cuda:0
adjoint,0,306,9.877348752606196e-07,True,CONVERGED,float64,cuda:0
adjoint,1,321,9.788647811201208e-07,True,CONVERGED,float64,cuda:0
adjoint,2,316,9.378997026123233e-07,True,CONVERGED,float64,cuda:0
forward,0,296,9.88225244571287e-07,True,CONVERGED,float64,cuda:0
forward,1,317,9.837713877270205e-07,True,CONVERGED,float64,cuda:0
forward,2,320,9.64519483053829e-07,True,CONVERGED,float64,cuda:0
adjoint,0,305,9.564165715629977e-07,True,CONVERGED,float64,cuda:0
adjoint,1,321,9.687683041150145e-07,True,CONVERGED,float64,cuda:0
adjoint,2,316,9.516426125437988e-07,True,CONVERGED,float64,cuda:0
forward,0,295,9.770403236216588e-07,True,CONVERGED,float64,cuda:0
forward,1,318,9.229478412067444e-07,True,CONVERGED,float64,cuda:0
forward,2,320,9.891232388156106e-07,True,CONVERGED,float64,cuda:0
adjoint,0,308,9.437974067299029e-07,True,CONVERGED,float64,cuda:0
adjoint,1,322,9.010275064540195e-07,True,CONVERGED,float64,cuda:0
adjoint,2,316,9.300496966200241e-07,True,CONVERGED,float64,cuda:0
forward,0,295,9.473375921350686e-07,True,CONVERGED,float64,cuda:0
forward,1,318,9.302419860180821e-07,True,CONVERGED,float64,cuda:0
forward,2,321,9.134147976267629e-07,True,CONVERGED,float64,cuda:0
adjoint,0,306,9.58708243727343e-07,True,CONVERGED,float64,cuda:0
adjoint,1,321,9.974892076246975e-07,True,CONVERGED,float64,cuda:0
adjoint,2,319,9.923290130007095e-07,True,CONVERGED,float64,cuda:0
forward,0,295,9.851473960803249e-07,True,CONVERGED,float64,cuda:0
forward,1,318,9.530651195660249e-07,True,CONVERGED,float64,cuda:0
forward,2,321,9.524031191615373e-07,True,CONVERGED,float64,cuda:0
adjoint,0,307,9.476855941174318e-07,True,CONVERGED,float64,cuda:0
adjoint,1,322,8.945428741960439e-07,True,CONVERGED,float64,cuda:0
adjoint,2,319,9.789053876467652e-07,True,CONVERGED,float64,cuda:0
forward,0,294,9.911770026360058e-07,True,CONVERGED,float64,cuda:0
forward,1,318,9.563814723774343e-07,True,CONVERGED,float64,cuda:0
forward,2,321,9.54712699185413e-07,True,CONVERGED,float64,cuda:0
adjoint,0,306,9.466725223153731e-07,True,CONVERGED,float64,cuda:0
adjoint,1,321,9.776586748218735e-07,True,CONVERGED,float64,cuda:0
adjoint,2,322,9.909306424326522e-07,True,CONVERGED,float64,cuda:0
forward,0,294,9.432887271114687e-07,True,CONVERGED,float64,cuda:0
forward,1,318,9.59228687615862e-07,True,CONVERGED,float64,cuda:0
forward,2,321,9.671738230556954e-07,True,CONVERGED,float64,cuda:0
adjoint,0,306,9.344922290645859e-07,True,CONVERGED,float64,cuda:0
adjoint,1,321,9.683541440251971e-07,True,CONVERGED,float64,cuda:0
adjoint,2,323,8.926116544949608e-07,True,CONVERGED,float64,cuda:0
forward,0,293,9.740259429339531e-07,True,CONVERGED,float64,cuda:0
forward,1,318,9.395785162496369e-07,True,CONVERGED,float64,cuda:0
forward,2,321,9.644132376121032e-07,True,CONVERGED,float64,cuda:0
adjoint,0,305,9.273972912279988e-07,True,CONVERGED,float64,cuda:0
adjoint,1,321,9.53245528410367e-07,True,CONVERGED,float64,cuda:0
adjoint,2,319,9.286131586293468e-07,True,CONVERGED,float64,cuda:0
forward,0,295,9.56233822874973e-07,True,CONVERGED,float64,cuda:0
forward,1,318,9.466563989776771e-07,True,CONVERGED,float64,cuda:0
forward,2,321,9.159348792624312e-07,True,CONVERGED,float64,cuda:0
adjoint,0,306,9.794612754080642e-07,True,CONVERGED,float64,cuda:0
adjoint,1,321,9.632117591510829e-07,True,CONVERGED,float64,cuda:0
adjoint,2,318,9.309078364782435e-07,True,CONVERGED,float64,cuda:0
forward,0,294,9.54469468962021e-07,True,CONVERGED,float64,cuda:0
forward,1,318,9.220298876928567e-07,True,CONVERGED,float64,cuda:0
forward,2,321,9.14751458955143e-07,True,CONVERGED,float64,cuda:0
adjoint,0,306,9.775982084341703e-07,True,CONVERGED,float64,cuda:0
adjoint,1,321,9.486117115018074e-07,True,CONVERGED,float64,cuda:0
adjoint,2,317,8.939620863023676e-07,True,CONVERGED,float64,cuda:0
forward,0,302,9.919299221139783e-07,True,CONVERGED,float64,cuda:0
forward,1,318,9.523299907410711e-07,True,CONVERGED,float64,cuda:0
forward,2,321,9.457151063348016e-07,True,CONVERGED,float64,cuda:0
adjoint,0,305,9.103715158806988e-07,True,CONVERGED,float64,cuda:0
adjoint,1,321,9.544362640573265e-07,True,CONVERGED,float64,cuda:0
adjoint,2,316,9.528249729957515e-07,True,CONVERGED,float64,cuda:0
forward,0,310,9.860009897511914e-07,True,CONVERGED,float64,cuda:0
forward,1,320,9.351121675368403e-07,True,CONVERGED,float64,cuda:0
forward,2,325,9.745808414466405e-07,True,CONVERGED,float64,cuda:0
adjoint,0,312,9.640946370300057e-07,True,CONVERGED,float64,cuda:0
adjoint,1,322,9.553872148522943e-07,True,CONVERGED,float64,cuda:0
adjoint,2,324,9.333972913765473e-07,True,CONVERGED,float64,cuda:0
forward,0,298,9.827387022480323e-07,True,CONVERGED,float64,cuda:0
forward,1,318,9.38083989102067e-07,True,CONVERGED,float64,cuda:0
forward,2,321,9.293722506883626e-07,True,CONVERGED,float64,cuda:0
adjoint,0,306,9.716068183641485e-07,True,CONVERGED,float64,cuda:0
adjoint,1,321,9.483519533999841e-07,True,CONVERGED,float64,cuda:0
adjoint,2,317,9.829983935386858e-07,True,CONVERGED,float64,cuda:0
forward,0,304,9.614740148421337e-07,True,CONVERGED,float64,cuda:0
forward,1,318,9.863125123812636e-07,True,CONVERGED,float64,cuda:0
forward,2,322,9.812562290797185e-07,True,CONVERGED,float64,cuda:0
adjoint,0,307,9.326658630435486e-07,True,CONVERGED,float64,cuda:0
adjoint,1,323,8.901994370391341e-07,True,CONVERGED,float64,cuda:0
adjoint,2,323,8.992814530820404e-07,True,CONVERGED,float64,cuda:0
forward,0,309,9.56478528247192e-07,True,CONVERGED,float64,cuda:0
forward,1,317,9.952923587388328e-07,True,CONVERGED,float64,cuda:0
forward,2,322,9.484158212606397e-07,True,CONVERGED,float64,cuda:0
adjoint,0,308,9.378911354555952e-07,True,CONVERGED,float64,cuda:0
adjoint,1,320,9.655415901564796e-07,True,CONVERGED,float64,cuda:0
adjoint,2,323,9.183310430450295e-07,True,CONVERGED,float64,cuda:0
forward,0,318,9.80696828930068e-07,True,CONVERGED,float64,cuda:0
forward,1,321,9.714548164399768e-07,True,CONVERGED,float64,cuda:0
forward,2,321,9.585248344512901e-07,True,CONVERGED,float64,cuda:0
adjoint,0,320,9.227647979578521e-07,True,CONVERGED,float64,cuda:0
adjoint,1,324,9.664618240782377e-07,True,CONVERGED,float64,cuda:0
adjoint,2,321,9.594858247999997e-07,True,CONVERGED,float64,cuda:0
forward,0,300,9.727849952777297e-07,True,CONVERGED,float64,cuda:0
forward,1,316,9.006437029188351e-07,True,CONVERGED,float64,cuda:0
forward,2,322,8.948073821788666e-07,True,CONVERGED,float64,cuda:0
adjoint,0,302,9.438173730161812e-07,True,CONVERGED,float64,cuda:0
adjoint,1,320,9.106744374001973e-07,True,CONVERGED,float64,cuda:0
adjoint,2,320,9.991922069918186e-07,True,CONVERGED,float64,cuda:0
forward,0,301,9.434634733136003e-07,True,CONVERGED,float64,cuda:0
forward,1,318,9.617227809369903e-07,True,CONVERGED,float64,cuda:0
forward,2,322,9.885176443877122e-07,True,CONVERGED,float64,cuda:0
adjoint,0,316,9.26915808597613e-07,True,CONVERGED,float64,cuda:0
adjoint,1,324,9.901016186319914e-07,True,CONVERGED,float64,cuda:0
adjoint,2,326,9.060416294985965e-07,True,CONVERGED,float64,cuda:0
forward,0,312,9.44817700459296e-07,True,CONVERGED,float64,cuda:0
forward,1,318,9.643395596159717e-07,True,CONVERGED,float64,cuda:0
forward,2,321,8.557184010400751e-07,True,CONVERGED,float64,cuda:0
adjoint,0,295,9.98343297945361e-07,True,CONVERGED,float64,cuda:0
adjoint,1,322,9.144362899142999e-07,True,CONVERGED,float64,cuda:0
adjoint,2,323,9.195820597584442e-07,True,CONVERGED,float64,cuda:0
forward,0,309,9.717104269668613e-07,True,CONVERGED,float64,cuda:0
forward,1,319,8.976079219563736e-07,True,CONVERGED,float64,cuda:0
forward,2,322,9.222257854619368e-07,True,CONVERGED,float64,cuda:0
adjoint,0,307,9.787170777996813e-07,True,CONVERGED,float64,cuda:0
adjoint,1,321,8.994647215403596e-07,True,CONVERGED,float64,cuda:0
adjoint,2,321,9.08482637434981e-07,True,CONVERGED,float64,cuda:0
forward,0,317,9.815058544859194e-07,True,CONVERGED,float64,cuda:0
forward,1,322,9.159561099790544e-07,True,CONVERGED,float64,cuda:0
forward,2,332,9.468880328669433e-07,True,CONVERGED,float64,cuda:0
adjoint,0,325,9.510389857936797e-07,True,CONVERGED,float64,cuda:0
adjoint,1,324,9.989928586554178e-07,True,CONVERGED,float64,cuda:0
adjoint,2,323,9.517692407881864e-07,True,CONVERGED,float64,cuda:0
forward,0,321,9.665709780300976e-07,True,CONVERGED,float64,cuda:0
forward,1,320,9.458818049518964e-07,True,CONVERGED,float64,cuda:0
forward,2,323,9.98522394015007e-07,True,CONVERGED,float64,cuda:0
adjoint,0,315,9.987276390996935e-07,True,CONVERGED,float64,cuda:0
adjoint,1,325,9.553269501575972e-07,True,CONVERGED,float64,cuda:0
adjoint,2,322,9.857659806190547e-07,True,CONVERGED,float64,cuda:0
forward,0,309,9.630648488329255e-07,True,CONVERGED,float64,cuda:0
forward,1,317,9.150755694126801e-07,True,CONVERGED,float64,cuda:0
forward,2,322,9.0307797249822e-07,True,CONVERGED,float64,cuda:0
adjoint,0,308,9.772290669928303e-07,True,CONVERGED,float64,cuda:0
adjoint,1,323,9.921104793008568e-07,True,CONVERGED,float64,cuda:0
adjoint,2,325,8.862528632900811e-07,True,CONVERGED,float64,cuda:0
forward,0,335,9.30362665523873e-07,True,CONVERGED,float64,cuda:0
forward,1,334,9.954550453565368e-07,True,CONVERGED,float64,cuda:0
forward,2,337,8.679456422466504e-07,True,CONVERGED,float64,cuda:0
adjoint,0,332,9.868963974530601e-07,True,CONVERGED,float64,cuda:0
adjoint,1,339,9.378127767489141e-07,True,CONVERGED,float64,cuda:0
adjoint,2,340,9.273719505695956e-07,True,CONVERGED,float64,cuda:0
forward,0,318,9.57848490404724e-07,True,CONVERGED,float64,cuda:0
forward,1,319,9.882434534938504e-07,True,CONVERGED,float64,cuda:0
forward,2,322,9.70750629012355e-07,True,CONVERGED,float64,cuda:0
adjoint,0,325,9.83278266429314e-07,True,CONVERGED,float64,cuda:0
adjoint,1,327,8.765481094501861e-07,True,CONVERGED,float64,cuda:0
adjoint,2,328,9.943600253088215e-07,True,CONVERGED,float64,cuda:0
forward,0,316,9.955112088721736e-07,True,CONVERGED,float64,cuda:0
forward,1,318,9.729835381856915e-07,True,CONVERGED,float64,cuda:0
forward,2,321,9.9595880028984e-07,True,CONVERGED,float64,cuda:0
adjoint,0,299,9.93910406629199e-07,True,CONVERGED,float64,cuda:0
adjoint,1,320,9.913957853929252e-07,True,CONVERGED,float64,cuda:0
adjoint,2,315,9.504492591794832e-07,True,CONVERGED,float64,cuda:0
forward,0,320,9.72841749485318e-07,True,CONVERGED,float64,cuda:0
forward,1,321,9.87500245807435e-07,True,CONVERGED,float64,cuda:0
forward,2,323,9.429916957445836e-07,True,CONVERGED,float64,cuda:0
adjoint,0,322,9.340874793420464e-07,True,CONVERGED,float64,cuda:0
adjoint,1,325,9.617670790504842e-07,True,CONVERGED,float64,cuda:0
adjoint,2,330,9.944118925516434e-07,True,CONVERGED,float64,cuda:0
forward,0,320,9.354336921872145e-07,True,CONVERGED,float64,cuda:0
forward,1,322,9.574494097591284e-07,True,CONVERGED,float64,cuda:0
forward,2,326,9.67422680601197e-07,True,CONVERGED,float64,cuda:0
adjoint,0,300,9.645054237620903e-07,True,CONVERGED,float64,cuda:0
adjoint,1,323,9.974072439514711e-07,True,CONVERGED,float64,cuda:0
adjoint,2,314,9.949006068033153e-07,True,CONVERGED,float64,cuda:0
forward,0,316,9.450559059721482e-07,True,CONVERGED,float64,cuda:0
forward,1,318,9.53265341317513e-07,True,CONVERGED,float64,cuda:0
forward,2,320,9.35477823510683e-07,True,CONVERGED,float64,cuda:0
adjoint,0,313,9.269989859324032e-07,True,CONVERGED,float64,cuda:0
adjoint,1,318,9.4744942153921e-07,True,CONVERGED,float64,cuda:0
adjoint,2,321,9.558318301021487e-07,True,CONVERGED,float64,cuda:0
forward,0,318,9.702375867397224e-07,True,CONVERGED,float64,cuda:0
forward,1,318,9.392338128852393e-07,True,CONVERGED,float64,cuda:0
forward,2,320,9.35814319296945e-07,True,CONVERGED,float64,cuda:0
adjoint,0,318,9.335877275129077e-07,True,CONVERGED,float64,cuda:0
adjoint,1,314,9.688354862207162e-07,True,CONVERGED,float64,cuda:0
adjoint,2,322,9.086150068797971e-07,True,CONVERGED,float64,cuda:0
forward,0,318,9.820573076328417e-07,True,CONVERGED,float64,cuda:0
forward,1,309,9.005212078195669e-07,True,CONVERGED,float64,cuda:0
forward,2,320,9.86047962305242e-07,True,CONVERGED,float64,cuda:0
adjoint,0,321,9.225627399370039e-07,True,CONVERGED,float64,cuda:0
adjoint,1,316,9.984012834708927e-07,True,CONVERGED,float64,cuda:0
adjoint,2,322,9.57494162325289e-07,True,CONVERGED,float64,cuda:0
forward,0,321,9.469905360103764e-07,True,CONVERGED,float64,cuda:0
forward,1,318,9.102941174206636e-07,True,CONVERGED,float64,cuda:0
forward,2,323,9.626770585225227e-07,True,CONVERGED,float64,cuda:0
adjoint,0,321,8.93184905707277e-07,True,CONVERGED,float64,cuda:0
adjoint,1,318,9.312917546550472e-07,True,CONVERGED,float64,cuda:0
adjoint,2,322,9.947212169000564e-07,True,CONVERGED,float64,cuda:0
forward,0,320,9.28648681788344e-07,True,CONVERGED,float64,cuda:0
forward,1,318,9.969213751888901e-07,True,CONVERGED,float64,cuda:0
forward,2,323,9.345818495976206e-07,True,CONVERGED,float64,cuda:0
adjoint,0,321,9.336465329496798e-07,True,CONVERGED,float64,cuda:0
adjoint,1,316,9.84195107808128e-07,True,CONVERGED,float64,cuda:0
adjoint,2,321,9.941922971169994e-07,True,CONVERGED,float64,cuda:0
forward,0,317,9.581407884382435e-07,True,CONVERGED,float64,cuda:0
forward,1,318,9.20026208906036e-07,True,CONVERGED,float64,cuda:0
forward,2,321,8.993534654128742e-07,True,CONVERGED,float64,cuda:0
adjoint,0,320,9.332886180984687e-07,True,CONVERGED,float64,cuda:0
adjoint,1,318,9.403627479030071e-07,True,CONVERGED,float64,cuda:0
adjoint,2,320,9.75917264837415e-07,True,CONVERGED,float64,cuda:0
forward,0,315,9.408553017025611e-07,True,CONVERGED,float64,cuda:0
forward,1,308,9.999565303965559e-07,True,CONVERGED,float64,cuda:0
forward,2,320,9.383705994439379e-07,True,CONVERGED,float64,cuda:0
adjoint,0,319,9.413371147056576e-07,True,CONVERGED,float64,cuda:0
adjoint,1,314,9.890312981724157e-07,True,CONVERGED,float64,cuda:0
adjoint,2,321,9.421468980548276e-07,True,CONVERGED,float64,cuda:0
forward,0,314,9.836302080671287e-07,True,CONVERGED,float64,cuda:0
forward,1,312,9.62759668085127e-07,True,CONVERGED,float64,cuda:0
forward,2,320,9.749831751703676e-07,True,CONVERGED,float64,cuda:0
adjoint,0,314,9.490510579503571e-07,True,CONVERGED,float64,cuda:0
adjoint,1,312,9.93863416981405e-07,True,CONVERGED,float64,cuda:0
adjoint,2,321,9.875316669047563e-07,True,CONVERGED,float64,cuda:0
forward,0,313,9.522848234221511e-07,True,CONVERGED,float64,cuda:0
forward,1,314,9.588529005200603e-07,True,CONVERGED,float64,cuda:0
forward,2,318,9.318198070399558e-07,True,CONVERGED,float64,cuda:0
adjoint,0,313,9.221477424415866e-07,True,CONVERGED,float64,cuda:0
adjoint,1,312,9.296926617464731e-07,True,CONVERGED,float64,cuda:0
adjoint,2,319,9.424794389293329e-07,True,CONVERGED,float64,cuda:0
forward,0,312,9.64981973363329e-07,True,CONVERGED,float64,cuda:0
forward,1,316,9.297469691222007e-07,True,CONVERGED,float64,cuda:0
forward,2,317,9.345821971595214e-07,True,CONVERGED,float64,cuda:0
adjoint,0,312,8.924686947554434e-07,True,CONVERGED,float64,cuda:0
adjoint,1,310,9.671307473903791e-07,True,CONVERGED,float64,cuda:0
adjoint,2,319,9.599065915304391e-07,True,CONVERGED,float64,cuda:0
forward,0,310,9.752543598999034e-07,True,CONVERGED,float64,cuda:0
forward,1,315,9.55502085110039e-07,True,CONVERGED,float64,cuda:0
forward,2,314,9.851995442853865e-07,True,CONVERGED,float64,cuda:0
adjoint,0,311,9.089630455224522e-07,True,CONVERGED,float64,cuda:0
adjoint,1,311,9.04749250933815e-07,True,CONVERGED,float64,cuda:0
adjoint,2,317,9.745806704117058e-07,True,CONVERGED,float64,cuda:0
forward,0,310,8.960908260474943e-07,True,CONVERGED,float64,cuda:0
forward,1,315,9.70506057533593e-07,True,CONVERGED,float64,cuda:0
forward,2,314,9.947887940040624e-07,True,CONVERGED,float64,cuda:0
adjoint,0,310,9.852200333549253e-07,True,CONVERGED,float64,cuda:0
adjoint,1,311,9.614008143378186e-07,True,CONVERGED,float64,cuda:0
adjoint,2,315,9.488869301085677e-07,True,CONVERGED,float64,cuda:0
forward,0,310,9.020271151509566e-07,True,CONVERGED,float64,cuda:0
forward,1,315,9.914371853434819e-07,True,CONVERGED,float64,cuda:0
forward,2,314,9.93860644570312e-07,True,CONVERGED,float64,cuda:0
adjoint,0,311,9.120321544401023e-07,True,CONVERGED,float64,cuda:0
adjoint,1,312,9.80588606069889e-07,True,CONVERGED,float64,cuda:0
adjoint,2,314,9.998878356082414e-07,True,CONVERGED,float64,cuda:0
forward,0,310,9.342931225988483e-07,True,CONVERGED,float64,cuda:0
forward,1,315,9.796270256625437e-07,True,CONVERGED,float64,cuda:0
forward,2,316,9.777895971709194e-07,True,CONVERGED,float64,cuda:0
adjoint,0,311,9.512991070018932e-07,True,CONVERGED,float64,cuda:0
adjoint,1,317,9.95466225683724e-07,True,CONVERGED,float64,cuda:0
adjoint,2,315,9.348038847434379e-07,True,CONVERGED,float64,cuda:0
forward,0,296,9.702337758470845e-07,True,CONVERGED,float64,cuda:0
forward,1,314,9.410959002827641e-07,True,CONVERGED,float64,cuda:0
forward,2,316,9.608748323143466e-07,True,CONVERGED,float64,cuda:0
adjoint,0,309,9.518469839147723e-07,True,CONVERGED,float64,cuda:0
adjoint,1,318,9.639597356264194e-07,True,CONVERGED,float64,cuda:0
adjoint,2,313,9.871959063008759e-07,True,CONVERGED,float64,cuda:0
forward,0,296,9.245068085005029e-07,True,CONVERGED,float64,cuda:0
forward,1,313,9.55213674997757e-07,True,CONVERGED,float64,cuda:0
forward,2,315,9.883936186892422e-07,True,CONVERGED,float64,cuda:0
adjoint,0,310,9.920330078323998e-07,True,CONVERGED,float64,cuda:0
adjoint,1,319,9.416610730680914e-07,True,CONVERGED,float64,cuda:0
adjoint,2,313,9.274191507169666e-07,True,CONVERGED,float64,cuda:0
forward,0,296,9.233903289105664e-07,True,CONVERGED,float64,cuda:0
forward,1,314,9.26819392709125e-07,True,CONVERGED,float64,cuda:0
forward,2,314,9.651777754255399e-07,True,CONVERGED,float64,cuda:0
adjoint,0,310,9.759120643125132e-07,True,CONVERGED,float64,cuda:0
adjoint,1,319,9.592093686689976e-07,True,CONVERGED,float64,cuda:0
adjoint,2,313,9.937322674509296e-07,True,CONVERGED,float64,cuda:0
forward,0,298,9.327000438817417e-07,True,CONVERGED,float64,cuda:0
forward,1,314,9.690945244872148e-07,True,CONVERGED,float64,cuda:0
forward,2,314,9.801519089732245e-07,True,CONVERGED,float64,cuda:0
adjoint,0,310,9.780162992879801e-07,True,CONVERGED,float64,cuda:0
adjoint,1,319,9.383578306668369e-07,True,CONVERGED,float64,cuda:0
adjoint,2,314,9.902241611386889e-07,True,CONVERGED,float64,cuda:0
forward,0,299,9.6460237528969e-07,True,CONVERGED,float64,cuda:0
forward,1,314,9.654801451219359e-07,True,CONVERGED,float64,cuda:0
forward,2,313,9.756852004653308e-07,True,CONVERGED,float64,cuda:0
adjoint,0,310,9.673582164356325e-07,True,CONVERGED,float64,cuda:0
adjoint,1,319,9.418986663235094e-07,True,CONVERGED,float64,cuda:0
adjoint,2,314,9.859476568844246e-07,True,CONVERGED,float64,cuda:0
forward,0,302,9.986953642830343e-07,True,CONVERGED,float64,cuda:0
forward,1,315,9.657045505759787e-07,True,CONVERGED,float64,cuda:0
forward,2,314,9.539464777838113e-07,True,CONVERGED,float64,cuda:0
adjoint,0,310,9.562365700481874e-07,True,CONVERGED,float64,cuda:0
adjoint,1,318,9.465622845123825e-07,True,CONVERGED,float64,cuda:0
adjoint,2,314,9.919205599826104e-07,True,CONVERGED,float64,cuda:0
forward,0,309,9.3666198310232e-07,True,CONVERGED,float64,cuda:0
forward,1,316,9.335913572557473e-07,True,CONVERGED,float64,cuda:0
forward,2,314,9.962510961419885e-07,True,CONVERGED,float64,cuda:0
adjoint,0,311,9.239136339942337e-07,True,CONVERGED,float64,cuda:0
adjoint,1,317,9.829102290483674e-07,True,CONVERGED,float64,cuda:0
adjoint,2,315,9.448300739717562e-07,True,CONVERGED,float64,cuda:0
forward,0,310,9.612491386288982e-07,True,CONVERGED,float64,cuda:0
forward,1,316,9.44233406729346e-07,True,CONVERGED,float64,cuda:0
forward,2,315,9.609488243389695e-07,True,CONVERGED,float64,cuda:0
adjoint,0,311,9.091580829443614e-07,True,CONVERGED,float64,cuda:0
adjoint,1,313,9.267688106612686e-07,True,CONVERGED,float64,cuda:0
adjoint,2,315,9.653766737590596e-07,True,CONVERGED,float64,cuda:0
forward,0,312,8.975445830403571e-07,True,CONVERGED,float64,cuda:0
forward,1,316,9.657561951624378e-07,True,CONVERGED,float64,cuda:0
forward,2,316,9.774812634681668e-07,True,CONVERGED,float64,cuda:0
adjoint,0,311,8.934349129977508e-07,True,CONVERGED,float64,cuda:0
adjoint,1,312,9.270780453462766e-07,True,CONVERGED,float64,cuda:0
adjoint,2,315,9.758599928548364e-07,True,CONVERGED,float64,cuda:0
forward,0,312,9.332776277073863e-07,True,CONVERGED,float64,cuda:0
forward,1,317,8.923392096213138e-07,True,CONVERGED,float64,cuda:0
forward,2,318,8.974349381884133e-07,True,CONVERGED,float64,cuda:0
adjoint,0,310,9.85295294053775e-07,True,CONVERGED,float64,cuda:0
adjoint,1,312,9.432482306557189e-07,True,CONVERGED,float64,cuda:0
adjoint,2,314,9.90442490260494e-07,True,CONVERGED,float64,cuda:0
forward,0,313,9.345870936616824e-07,True,CONVERGED,float64,cuda:0
forward,1,317,9.248908372829393e-07,True,CONVERGED,float64,cuda:0
forward,2,318,9.130902108693705e-07,True,CONVERGED,float64,cuda:0
adjoint,0,310,9.744353990651528e-07,True,CONVERGED,float64,cuda:0
adjoint,1,313,9.651070170674094e-07,True,CONVERGED,float64,cuda:0
adjoint,2,315,9.86645460380718e-07,True,CONVERGED,float64,cuda:0
forward,0,313,9.773535122593277e-07,True,CONVERGED,float64,cuda:0
forward,1,317,9.419720083075105e-07,True,CONVERGED,float64,cuda:0
forward,2,318,9.147810897895126e-07,True,CONVERGED,float64,cuda:0
adjoint,0,309,9.964212175489016e-07,True,CONVERGED,float64,cuda:0
adjoint,1,314,9.590147316494123e-07,True,CONVERGED,float64,cuda:0
adjoint,2,319,9.437538112048472e-07,True,CONVERGED,float64,cuda:0
forward,0,313,9.901958995703686e-07,True,CONVERGED,float64,cuda:0
forward,1,317,9.101376077956064e-07,True,CONVERGED,float64,cuda:0
forward,2,318,9.206886616932617e-07,True,CONVERGED,float64,cuda:0
adjoint,0,311,9.104009904809099e-07,True,CONVERGED,float64,cuda:0
adjoint,1,319,8.957112446570392e-07,True,CONVERGED,float64,cuda:0
adjoint,2,320,9.59300781502145e-07,True,CONVERGED,float64,cuda:0
forward,0,313,9.300551629571172e-07,True,CONVERGED,float64,cuda:0
forward,1,317,9.0939899743173e-07,True,CONVERGED,float64,cuda:0
forward,2,317,9.962608337725648e-07,True,CONVERGED,float64,cuda:0
adjoint,0,311,8.958848816326488e-07,True,CONVERGED,float64,cuda:0
adjoint,1,318,9.966413693770183e-07,True,CONVERGED,float64,cuda:0
adjoint,2,320,9.366781380410181e-07,True,CONVERGED,float64,cuda:0
forward,0,312,9.361176022672332e-07,True,CONVERGED,float64,cuda:0
forward,1,316,9.854303350633815e-07,True,CONVERGED,float64,cuda:0
forward,2,317,9.406679334959761e-07,True,CONVERGED,float64,cuda:0
adjoint,0,311,9.05615103638365e-07,True,CONVERGED,float64,cuda:0
adjoint,1,318,9.823778465098488e-07,True,CONVERGED,float64,cuda:0
adjoint,2,319,9.846598168608254e-07,True,CONVERGED,float64,cuda:0
forward,0,312,8.933194947391188e-07,True,CONVERGED,float64,cuda:0
forward,1,316,9.54842203338669e-07,True,CONVERGED,float64,cuda:0
forward,2,316,9.724848284724003e-07,True,CONVERGED,float64,cuda:0
adjoint,0,311,9.245800308925775e-07,True,CONVERGED,float64,cuda:0
adjoint,1,318,9.854837483247518e-07,True,CONVERGED,float64,cuda:0
adjoint,2,317,9.884755762931984e-07,True,CONVERGED,float64,cuda:0
forward,0,312,9.092469993227164e-07,True,CONVERGED,float64,cuda:0
forward,1,316,9.64395418074655e-07,True,CONVERGED,float64,cuda:0
forward,2,316,9.588661126633976e-07,True,CONVERGED,float64,cuda:0
adjoint,0,311,9.153396193324051e-07,True,CONVERGED,float64,cuda:0
adjoint,1,319,9.142142955298633e-07,True,CONVERGED,float64,cuda:0
adjoint,2,319,9.841756751768628e-07,True,CONVERGED,float64,cuda:0
forward,0,312,9.317957632879729e-07,True,CONVERGED,float64,cuda:0
forward,1,316,9.743321844722204e-07,True,CONVERGED,float64,cuda:0
forward,2,317,9.74782705794463e-07,True,CONVERGED,float64,cuda:0
adjoint,0,311,9.058949186667091e-07,True,CONVERGED,float64,cuda:0
adjoint,1,318,9.920203311096801e-07,True,CONVERGED,float64,cuda:0
adjoint,2,320,9.333508633851824e-07,True,CONVERGED,float64,cuda:0
forward,0,313,9.014371764750185e-07,True,CONVERGED,float64,cuda:0
forward,1,316,9.962774365434644e-07,True,CONVERGED,float64,cuda:0
forward,2,318,9.532314085372471e-07,True,CONVERGED,float64,cuda:0
adjoint,0,311,9.321739172651088e-07,True,CONVERGED,float64,cuda:0
adjoint,1,318,9.9766152880141e-07,True,CONVERGED,float64,cuda:0
adjoint,2,320,9.851957239457366e-07,True,CONVERGED,float64,cuda:0
forward,0,313,9.727327979082843e-07,True,CONVERGED,float64,cuda:0
forward,1,317,8.783796438063768e-07,True,CONVERGED,float64,cuda:0
forward,2,318,9.88030304932264e-07,True,CONVERGED,float64,cuda:0
adjoint,0,311,9.543787020464476e-07,True,CONVERGED,float64,cuda:0
adjoint,1,319,9.401747711544991e-07,True,CONVERGED,float64,cuda:0
adjoint,2,320,9.978739542218265e-07,True,CONVERGED,float64,cuda:0
forward,0,313,9.597882962825658e-07,True,CONVERGED,float64,cuda:0
forward,1,317,8.679142958774105e-07,True,CONVERGED,float64,cuda:0
forward,2,318,9.787604096290561e-07,True,CONVERGED,float64,cuda:0
adjoint,0,311,9.528729154954318e-07,True,CONVERGED,float64,cuda:0
adjoint,1,319,9.621620197320167e-07,True,CONVERGED,float64,cuda:0
adjoint,2,321,9.614467295549917e-07,True,CONVERGED,float64,cuda:0
forward,0,313,9.101919695647238e-07,True,CONVERGED,float64,cuda:0
forward,1,316,9.526847103238667e-07,True,CONVERGED,float64,cuda:0
forward,2,318,9.504004227152223e-07,True,CONVERGED,float64,cuda:0
adjoint,0,311,9.177154886211237e-07,True,CONVERGED,float64,cuda:0
adjoint,1,319,9.753422799575184e-07,True,CONVERGED,float64,cuda:0
adjoint,2,320,9.977811551809285e-07,True,CONVERGED,float64,cuda:0
forward,0,312,9.449965230837842e-07,True,CONVERGED,float64,cuda:0
forward,1,316,9.482723186912378e-07,True,CONVERGED,float64,cuda:0
forward,2,318,9.335433164013167e-07,True,CONVERGED,float64,cuda:0
adjoint,0,311,9.287179860030667e-07,True,CONVERGED,float64,cuda:0
adjoint,1,318,9.874799766903035e-07,True,CONVERGED,float64,cuda:0
adjoint,2,320,9.643982675689825e-07,True,CONVERGED,float64,cuda:0
forward,0,312,9.368331963113794e-07,True,CONVERGED,float64,cuda:0
forward,1,316,9.535145932681246e-07,True,CONVERGED,float64,cuda:0
forward,2,317,9.882327221228505e-07,True,CONVERGED,float64,cuda:0
adjoint,0,311,9.319151687759396e-07,True,CONVERGED,float64,cuda:0
adjoint,1,318,9.677749033828758e-07,True,CONVERGED,float64,cuda:0
adjoint,2,320,9.60312170501885e-07,True,CONVERGED,float64,cuda:0
forward,0,312,9.510572817775099e-07,True,CONVERGED,float64,cuda:0
forward,1,316,9.576844290872763e-07,True,CONVERGED,float64,cuda:0
forward,2,317,9.843786683054345e-07,True,CONVERGED,float64,cuda:0
adjoint,0,311,9.0130274935733e-07,True,CONVERGED,float64,cuda:0
adjoint,1,319,9.64496092198735e-07,True,CONVERGED,float64,cuda:0
adjoint,2,320,9.718705119695751e-07,True,CONVERGED,float64,cuda:0
forward,0,312,9.839136702168288e-07,True,CONVERGED,float64,cuda:0
forward,1,316,9.535931292821101e-07,True,CONVERGED,float64,cuda:0
forward,2,318,9.410534365686938e-07,True,CONVERGED,float64,cuda:0
adjoint,0,311,9.752156081197237e-07,True,CONVERGED,float64,cuda:0
adjoint,1,319,9.461811700487142e-07,True,CONVERGED,float64,cuda:0
adjoint,2,320,9.702576651199347e-07,True,CONVERGED,float64,cuda:0
forward,0,312,9.841815546034913e-07,True,CONVERGED,float64,cuda:0
forward,1,316,9.532531276576611e-07,True,CONVERGED,float64,cuda:0
forward,2,318,9.487337117258211e-07,True,CONVERGED,float64,cuda:0
adjoint,0,311,9.370585880727793e-07,True,CONVERGED,float64,cuda:0
adjoint,1,319,9.240507008193975e-07,True,CONVERGED,float64,cuda:0
adjoint,2,320,9.557619879173929e-07,True,CONVERGED,float64,cuda:0
forward,0,312,9.589488912677459e-07,True,CONVERGED,float64,cuda:0
forward,1,316,9.572141896050374e-07,True,CONVERGED,float64,cuda:0
forward,2,318,9.415049138337796e-07,True,CONVERGED,float64,cuda:0
adjoint,0,311,9.485135320691417e-07,True,CONVERGED,float64,cuda:0
adjoint,1,319,9.176556047990627e-07,True,CONVERGED,float64,cuda:0
adjoint,2,320,9.465424529167323e-07,True,CONVERGED,float64,cuda:0
forward,0,312,9.500418125125936e-07,True,CONVERGED,float64,cuda:0
forward,1,316,9.48961370293501e-07,True,CONVERGED,float64,cuda:0
forward,2,317,9.510296458156639e-07,True,CONVERGED,float64,cuda:0
adjoint,0,311,9.01369330787184e-07,True,CONVERGED,float64,cuda:0
adjoint,1,319,9.204067468278768e-07,True,CONVERGED,float64,cuda:0
adjoint,2,320,9.244237855234165e-07,True,CONVERGED,float64,cuda:0
forward,0,312,9.632340750744483e-07,True,CONVERGED,float64,cuda:0
forward,1,316,9.655517628220508e-07,True,CONVERGED,float64,cuda:0
forward,2,316,9.841732116253512e-07,True,CONVERGED,float64,cuda:0
adjoint,0,311,9.365838490070793e-07,True,CONVERGED,float64,cuda:0
adjoint,1,319,9.522183933016505e-07,True,CONVERGED,float64,cuda:0
adjoint,2,320,9.550060591985801e-07,True,CONVERGED,float64,cuda:0
forward,0,312,9.311838480038065e-07,True,CONVERGED,float64,cuda:0
forward,1,316,9.718171203132146e-07,True,CONVERGED,float64,cuda:0
forward,2,316,9.64518698751551e-07,True,CONVERGED,float64,cuda:0
adjoint,0,311,9.449808384386012e-07,True,CONVERGED,float64,cuda:0
adjoint,1,319,9.403578786248943e-07,True,CONVERGED,float64,cuda:0
adjoint,2,320,9.128008356032261e-07,True,CONVERGED,float64,cuda:0
forward,0,312,9.151090484557188e-07,True,CONVERGED,float64,cuda:0
forward,1,316,9.735452702445585e-07,True,CONVERGED,float64,cuda:0
forward,2,316,9.640978398549592e-07,True,CONVERGED,float64,cuda:0
adjoint,0,311,9.389400597069325e-07,True,CONVERGED,float64,cuda:0
adjoint,1,319,9.30257180492967e-07,True,CONVERGED,float64,cuda:0
adjoint,2,320,9.039121736763922e-07,True,CONVERGED,float64,cuda:0
forward,0,312,9.497680088870834e-07,True,CONVERGED,float64,cuda:0
forward,1,316,9.852671842755086e-07,True,CONVERGED,float64,cuda:0
forward,2,316,9.81263145308511e-07,True,CONVERGED,float64,cuda:0
adjoint,0,311,9.199659152676041e-07,True,CONVERGED,float64,cuda:0
adjoint,1,318,9.879144033946707e-07,True,CONVERGED,float64,cuda:0
adjoint,2,320,9.195759405169617e-07,True,CONVERGED,float64,cuda:0
forward,0,312,9.795448861304533e-07,True,CONVERGED,float64,cuda:0
forward,1,316,9.817708384351996e-07,True,CONVERGED,float64,cuda:0
forward,2,316,9.937554664072157e-07,True,CONVERGED,float64,cuda:0
adjoint,0,311,9.650379019806022e-07,True,CONVERGED,float64,cuda:0
adjoint,1,318,9.823875845290987e-07,True,CONVERGED,float64,cuda:0
adjoint,2,320,9.231554376800266e-07,True,CONVERGED,float64,cuda:0
forward,0,312,9.663694402589243e-07,True,CONVERGED,float64,cuda:0
forward,1,316,9.54906207066504e-07,True,CONVERGED,float64,cuda:0
forward,2,316,9.96493766811522e-07,True,CONVERGED,float64,cuda:0
adjoint,0,311,9.617967658124025e-07,True,CONVERGED,float64,cuda:0
adjoint,1,318,9.650304206421233e-07,True,CONVERGED,float64,cuda:0
adjoint,2,319,9.838350372159309e-07,True,CONVERGED,float64,cuda:0
forward,0,312,9.687560486748328e-07,True,CONVERGED,float64,cuda:0
forward,1,316,9.453987973574415e-07,True,CONVERGED,float64,cuda:0
forward,2,316,9.97385342185141e-07,True,CONVERGED,float64,cuda:0
adjoint,0,311,9.710827265332809e-07,True,CONVERGED,float64,cuda:0
adjoint,1,318,9.70339842999747e-07,True,CONVERGED,float64,cuda:0
adjoint,2,319,9.834716994270326e-07,True,CONVERGED,float64,cuda:0
forward,0,312,9.288656690584599e-07,True,CONVERGED,float64,cuda:0
forward,1,316,9.551954073912722e-07,True,CONVERGED,float64,cuda:0
forward,2,317,9.464604922335698e-07,True,CONVERGED,float64,cuda:0
adjoint,0,312,8.838349666911231e-07,True,CONVERGED,float64,cuda:0
adjoint,1,319,8.98045898832815e-07,True,CONVERGED,float64,cuda:0
adjoint,2,320,9.258194842229222e-07,True,CONVERGED,float64,cuda:0
forward,0,312,9.056636342674602e-07,True,CONVERGED,float64,cuda:0
forward,1,316,9.58596814867301e-07,True,CONVERGED,float64,cuda:0
forward,2,317,9.512604019818675e-07,True,CONVERGED,float64,cuda:0
adjoint,0,311,9.753788422145953e-07,True,CONVERGED,float64,cuda:0
adjoint,1,319,9.259356519041648e-07,True,CONVERGED,float64,cuda:0
adjoint,2,320,9.352095740601187e-07,True,CONVERGED,float64,cuda:0
forward,0,312,9.135943776870234e-07,True,CONVERGED,float64,cuda:0
forward,1,316,9.67229741972712e-07,True,CONVERGED,float64,cuda:0
forward,2,317,9.440316117587227e-07,True,CONVERGED,float64,cuda:0
adjoint,0,311,9.488391868948047e-07,True,CONVERGED,float64,cuda:0
adjoint,1,319,9.456269896269524e-07,True,CONVERGED,float64,cuda:0
adjoint,2,320,9.502534535878995e-07,True,CONVERGED,float64,cuda:0
forward,0,312,9.384673650035594e-07,True,CONVERGED,float64,cuda:0
forward,1,316,9.755309267696444e-07,True,CONVERGED,float64,cuda:0
forward,2,317,9.460669336204153e-07,True,CONVERGED,float64,cuda:0
adjoint,0,311,9.60198216959357e-07,True,CONVERGED,float64,cuda:0
adjoint,1,319,9.65107665931409e-07,True,CONVERGED,float64,cuda:0
adjoint,2,320,9.795868435142444e-07,True,CONVERGED,float64,cuda:0
forward,0,312,9.197323310593543e-07,True,CONVERGED,float64,cuda:0
forward,1,316,9.651308484068273e-07,True,CONVERGED,float64,cuda:0
forward,2,317,9.354560513888766e-07,True,CONVERGED,float64,cuda:0
adjoint,0,311,9.175705870642587e-07,True,CONVERGED,float64,cuda:0
adjoint,1,319,9.550147237381588e-07,True,CONVERGED,float64,cuda:0
adjoint,2,320,9.58699069665212e-07,True,CONVERGED,float64,cuda:0
forward,0,312,9.225514214900409e-07,True,CONVERGED,float64,cuda:0
forward,1,316,9.545081851744073e-07,True,CONVERGED,float64,cuda:0
forward,2,317,9.386153800521535e-07,True,CONVERGED,float64,cuda:0
adjoint,0,311,9.447062440330502e-07,True,CONVERGED,float64,cuda:0
adjoint,1,319,9.334009006895524e-07,True,CONVERGED,float64,cuda:0
adjoint,2,320,9.577405826094953e-07,True,CONVERGED,float64,cuda:0
forward,0,312,9.239947204972375e-07,True,CONVERGED,float64,cuda:0
forward,1,316,9.490815882500201e-07,True,CONVERGED,float64,cuda:0
forward,2,316,9.99040485879397e-07,True,CONVERGED,float64,cuda:0
adjoint,0,311,9.666417480724658e-07,True,CONVERGED,float64,cuda:0
adjoint,1,319,9.199219414332399e-07,True,CONVERGED,float64,cuda:0
adjoint,2,320,9.645005750229856e-07,True,CONVERGED,float64,cuda:0
forward,0,312,9.370550513529148e-07,True,CONVERGED,float64,cuda:0
forward,1,316,9.492813946611292e-07,True,CONVERGED,float64,cuda:0
forward,2,316,9.968611938548588e-07,True,CONVERGED,float64,cuda:0
adjoint,0,311,9.749166977081078e-07,True,CONVERGED,float64,cuda:0
adjoint,1,319,9.195596925285115e-07,True,CONVERGED,float64,cuda:0
adjoint,2,320,9.682701089554293e-07,True,CONVERGED,float64,cuda:0
forward,0,312,9.534824727970776e-07,True,CONVERGED,float64,cuda:0
forward,1,316,9.538844971269491e-07,True,CONVERGED,float64,cuda:0
forward,2,317,9.350362813947994e-07,True,CONVERGED,float64,cuda:0
adjoint,0,311,9.641069870299505e-07,True,CONVERGED,float64,cuda:0
adjoint,1,319,9.26100713047596e-07,True,CONVERGED,float64,cuda:0
adjoint,2,320,9.871946924947988e-07,True,CONVERGED,float64,cuda:0
forward,0,312,9.58320748001913e-07,True,CONVERGED,float64,cuda:0
forward,1,316,9.473392844837001e-07,True,CONVERGED,float64,cuda:0
forward,2,317,9.335690500385545e-07,True,CONVERGED,float64,cuda:0
adjoint,0,311,9.117305869049188e-07,True,CONVERGED,float64,cuda:0
adjoint,1,319,9.366052466677796e-07,True,CONVERGED,float64,cuda:0
adjoint,2,320,9.885211298253563e-07,True,CONVERGED,float64,cuda:0
forward,0,312,9.514871518652461e-07,True,CONVERGED,float64,cuda:0
forward,1,316,9.493589728378448e-07,True,CONVERGED,float64,cuda:0
forward,2,317,9.299218101826966e-07,True,CONVERGED,float64,cuda:0
adjoint,0,311,9.266682616472461e-07,True,CONVERGED,float64,cuda:0
adjoint,1,319,9.574654840588638e-07,True,CONVERGED,float64,cuda:0
adjoint,2,320,9.807956398976435e-07,True,CONVERGED,float64,cuda:0
forward,0,312,9.447858681311208e-07,True,CONVERGED,float64,cuda:0
forward,1,316,9.544411049725507e-07,True,CONVERGED,float64,cuda:0
forward,2,317,9.323643467779429e-07,True,CONVERGED,float64,cuda:0
adjoint,0,311,9.286833732369366e-07,True,CONVERGED,float64,cuda:0
adjoint,1,319,9.86122460906203e-07,True,CONVERGED,float64,cuda:0
adjoint,2,320,9.952728491992246e-07,True,CONVERGED,float64,cuda:0
forward,0,312,9.614754566666974e-07,True,CONVERGED,float64,cuda:0
forward,1,316,9.57587944643901e-07,True,CONVERGED,float64,cuda:0
forward,2,317,9.402578282479073e-07,True,CONVERGED,float64,cuda:0
adjoint,0,311,9.326078038505008e-07,True,CONVERGED,float64,cuda:0
adjoint,1,319,9.900088853215273e-07,True,CONVERGED,float64,cuda:0
adjoint,2,321,9.196312891793565e-07,True,CONVERGED,float64,cuda:0
forward,0,312,9.611898568683355e-07,True,CONVERGED,float64,cuda:0
forward,1,316,9.557399715589378e-07,True,CONVERGED,float64,cuda:0
forward,2,317,9.430521581015472e-07,True,CONVERGED,float64,cuda:0
adjoint,0,311,9.329192311608185e-07,True,CONVERGED,float64,cuda:0
adjoint,1,319,9.750439063505154e-07,True,CONVERGED,float64,cuda:0
adjoint,2,321,9.15158093017814e-07,True,CONVERGED,float64,cuda:0
forward,0,312,9.602893398286508e-07,True,CONVERGED,float64,cuda:0
forward,1,316,9.512876384859984e-07,True,CONVERGED,float64,cuda:0
forward,2,317,9.408642861892958e-07,True,CONVERGED,float64,cuda:0
adjoint,0,311,9.306235771919171e-07,True,CONVERGED,float64,cuda:0
adjoint,1,319,9.578507997792128e-07,True,CONVERGED,float64,cuda:0
adjoint,2,320,9.903876671833218e-07,True,CONVERGED,float64,cuda:0
forward,0,312,9.599767925122904e-07,True,CONVERGED,float64,cuda:0
forward,1,316,9.474160197217213e-07,True,CONVERGED,float64,cuda:0
forward,2,317,9.32866212744549e-07,True,CONVERGED,float64,cuda:0
adjoint,0,311,9.2002984030129e-07,True,CONVERGED,float64,cuda:0
adjoint,1,319,9.428390083097517e-07,True,CONVERGED,float64,cuda:0
adjoint,2,320,9.867884849092072e-07,True,CONVERGED,float64,cuda:0
forward,0,312,9.59322227213831e-07,True,CONVERGED,float64,cuda:0
forward,1,316,9.502966826947792e-07,True,CONVERGED,float64,cuda:0
forward,2,316,9.97630399613318e-07,True,CONVERGED,float64,cuda:0
adjoint,0,311,9.227995975067909e-07,True,CONVERGED,float64,cuda:0
adjoint,1,319,9.351310178918892e-07,True,CONVERGED,float64,cuda:0
adjoint,2,320,9.844270978607055e-07,True,CONVERGED,float64,cuda:0
forward,0,312,9.582335978386452e-07,True,CONVERGED,float64,cuda:0
forward,1,316,9.615792203666086e-07,True,CONVERGED,float64,cuda:0
forward,2,316,9.918391160718568e-07,True,CONVERGED,float64,cuda:0
adjoint,0,311,9.527048600922869e-07,True,CONVERGED,float64,cuda:0
adjoint,1,319,9.317867459780862e-07,True,CONVERGED,float64,cuda:0
adjoint,2,320,9.72001597418993e-07,True,CONVERGED,float64,cuda:0
forward,0,312,9.549311248944738e-07,True,CONVERGED,float64,cuda:0
forward,1,316,9.560365053061681e-07,True,CONVERGED,float64,cuda:0
forward,2,316,9.965183880417658e-07,True,CONVERGED,float64,cuda:0
adjoint,0,311,9.20043969036547e-07,True,CONVERGED,float64,cuda:0
adjoint,1,319,9.157194753098083e-07,True,CONVERGED,float64,cuda:0
adjoint,2,320,9.550923488438364e-07,True,CONVERGED,float64,cuda:0
forward,0,312,9.488918669532967e-07,True,CONVERGED,float64,cuda:0
forward,1,316,9.54508108892529e-07,True,CONVERGED,float64,cuda:0
forward,2,317,9.224258165608664e-07,True,CONVERGED,float64,cuda:0
adjoint,0,311,9.235743713079933e-07,True,CONVERGED,float64,cuda:0
adjoint,1,319,9.208222426547704e-07,True,CONVERGED,float64,cuda:0
adjoint,2,320,9.482873196266669e-07,True,CONVERGED,float64,cuda:0
forward,0,312,9.436955354202692e-07,True,CONVERGED,float64,cuda:0
forward,1,316,9.523512294901016e-07,True,CONVERGED,float64,cuda:0
forward,2,317,9.209948203947494e-07,True,CONVERGED,float64,cuda:0
adjoint,0,311,9.298076967158824e-07,True,CONVERGED,float64,cuda:0
adjoint,1,319,9.28350766545596e-07,True,CONVERGED,float64,cuda:0
adjoint,2,320,9.549851679345101e-07,True,CONVERGED,float64,cuda:0
forward,0,312,9.414514294780414e-07,True,CONVERGED,float64,cuda:0
forward,1,316,9.53213702435544e-07,True,CONVERGED,float64,cuda:0
forward,2,316,9.971345816296973e-07,True,CONVERGED,float64,cuda:0
adjoint,0,311,9.33304881331785e-07,True,CONVERGED,float64,cuda:0
adjoint,1,319,9.372333864272043e-07,True,CONVERGED,float64,cuda:0
adjoint,2,320,9.573915044606784e-07,True,CONVERGED,float64,cuda:0
forward,0,312,9.391663944486239e-07,True,CONVERGED,float64,cuda:0
forward,1,316,9.54460914768153e-07,True,CONVERGED,float64,cuda:0
forward,2,316,9.943846455155952e-07,True,CONVERGED,float64,cuda:0
adjoint,0,311,9.395355683197745e-07,True,CONVERGED,float64,cuda:0
adjoint,1,319,9.420103232501475e-07,True,CONVERGED,float64,cuda:0
adjoint,2,320,9.580135723296115e-07,True,CONVERGED,float64,cuda:0
forward,0,312,9.36395586736561e-07,True,CONVERGED,float64,cuda:0
forward,1,316,9.521786826610692e-07,True,CONVERGED,float64,cuda:0
forward,2,316,9.926642614645782e-07,True,CONVERGED,float64,cuda:0
adjoint,0,311,9.440925058067772e-07,True,CONVERGED,float64,cuda:0
adjoint,1,319,9.387779337129422e-07,True,CONVERGED,float64,cuda:0
adjoint,2,320,9.516614325766986e-07,True,CONVERGED,float64,cuda:0
forward,0,312,9.531312588751933e-07,True,CONVERGED,float64,cuda:0
forward,1,316,9.524944446799189e-07,True,CONVERGED,float64,cuda:0
forward,2,316,9.9089939105718e-07,True,CONVERGED,float64,cuda:0
adjoint,0,311,9.470086957155391e-07,True,CONVERGED,float64,cuda:0
adjoint,1,319,9.341777581142495e-07,True,CONVERGED,float64,cuda:0
adjoint,2,320,9.439078175299769e-07,True,CONVERGED,float64,cuda:0
forward,0,312,9.515427780024853e-07,True,CONVERGED,float64,cuda:0
forward,1,316,9.52812122491528e-07,True,CONVERGED,float64,cuda:0
forward,2,316,9.861972047270188e-07,True,CONVERGED,float64,cuda:0
adjoint,0,311,9.44882110563051e-07,True,CONVERGED,float64,cuda:0
adjoint,1,319,9.312966450179765e-07,True,CONVERGED,float64,cuda:0
adjoint,2,320,9.541621781865947e-07,True,CONVERGED,float64,cuda:0
forward,0,312,9.540088198544326e-07,True,CONVERGED,float64,cuda:0
forward,1,316,9.542355151376906e-07,True,CONVERGED,float64,cuda:0
forward,2,316,9.899721957289147e-07,True,CONVERGED,float64,cuda:0
adjoint,0,311,9.433331489146616e-07,True,CONVERGED,float64,cuda:0
adjoint,1,319,9.326641410992704e-07,True,CONVERGED,float64,cuda:0
adjoint,2,320,9.713292843474578e-07,True,CONVERGED,float64,cuda:0
forward,0,312,9.708102890457396e-07,True,CONVERGED,float64,cuda:0
forward,1,316,9.533624343505385e-07,True,CONVERGED,float64,cuda:0
forward,2,316,9.982366621174143e-07,True,CONVERGED,float64,cuda:0
adjoint,0,311,9.496592195070507e-07,True,CONVERGED,float64,cuda:0
adjoint,1,319,9.329799433820653e-07,True,CONVERGED,float64,cuda:0
adjoint,2,320,9.726096350912019e-07,True,CONVERGED,float64,cuda:0
forward,0,312,9.495226202375054e-07,True,CONVERGED,float64,cuda:0
forward,1,316,9.520248282655353e-07,True,CONVERGED,float64,cuda:0
forward,2,316,9.99133319139186e-07,True,CONVERGED,float64,cuda:0
adjoint,0,311,9.551458742041347e-07,True,CONVERGED,float64,cuda:0
adjoint,1,319,9.34632727298366e-07,True,CONVERGED,float64,cuda:0
adjoint,2,320,9.677787598089317e-07,True,CONVERGED,float64,cuda:0
forward,0,312,9.446366663169405e-07,True,CONVERGED,float64,cuda:0
forward,1,316,9.498380882466441e-07,True,CONVERGED,float64,cuda:0
forward,2,316,9.915653348593012e-07,True,CONVERGED,float64,cuda:0
adjoint,0,311,9.528304941780656e-07,True,CONVERGED,float64,cuda:0
adjoint,1,319,9.354749459111567e-07,True,CONVERGED,float64,cuda:0
adjoint,2,320,9.689631829473822e-07,True,CONVERGED,float64,cuda:0
forward,0,312,9.609224398410137e-07,True,CONVERGED,float64,cuda:0
forward,1,316,9.484664972749198e-07,True,CONVERGED,float64,cuda:0
forward,2,316,9.845172567320622e-07,True,CONVERGED,float64,cuda:0
adjoint,0,311,9.512653337757008e-07,True,CONVERGED,float64,cuda:0
adjoint,1,319,9.388399862629797e-07,True,CONVERGED,float64,cuda:0
adjoint,2,320,9.741129634449706e-07,True,CONVERGED,float64,cuda:0
forward,0,312,9.580656011004677e-07,True,CONVERGED,float64,cuda:0
forward,1,316,9.455846070306403e-07,True,CONVERGED,float64,cuda:0
forward,2,316,9.842389533389413e-07,True,CONVERGED,float64,cuda:0
adjoint,0,311,9.56265270920294e-07,True,CONVERGED,float64,cuda:0
adjoint,1,319,9.475972915959826e-07,True,CONVERGED,float64,cuda:0
adjoint,2,320,9.790016883383203e-07,True,CONVERGED,float64,cuda:0
forward,0,312,9.506621461321122e-07,True,CONVERGED,float64,cuda:0
forward,1,316,9.409504318836251e-07,True,CONVERGED,float64,cuda:0
forward,2,316,9.90131991100021e-07,True,CONVERGED,float64,cuda:0
adjoint,0,311,9.630666012956696e-07,True,CONVERGED,float64,cuda:0
adjoint,1,319,9.56060578806403e-07,True,CONVERGED,float64,cuda:0
adjoint,2,320,9.788931387499652e-07,True,CONVERGED,float64,cuda:0
forward,0,312,9.645752254379155e-07,True,CONVERGED,float64,cuda:0
forward,1,316,9.421598590446772e-07,True,CONVERGED,float64,cuda:0
forward,2,316,9.910102661606282e-07,True,CONVERGED,float64,cuda:0
adjoint,0,311,9.65155566438206e-07,True,CONVERGED,float64,cuda:0
adjoint,1,319,9.533576371159361e-07,True,CONVERGED,float64,cuda:0
adjoint,2,320,9.778818415511674e-07,True,CONVERGED,float64,cuda:0
forward,0,312,9.682948771753585e-07,True,CONVERGED,float64,cuda:0
forward,1,316,9.441201761435833e-07,True,CONVERGED,float64,cuda:0
forward,2,316,9.8911958380227e-07,True,CONVERGED,float64,cuda:0
adjoint,0,311,9.632201487381475e-07,True,CONVERGED,float64,cuda:0
adjoint,1,319,9.477420489195469e-07,True,CONVERGED,float64,cuda:0
adjoint,2,320,9.829683284668603e-07,True,CONVERGED,float64,cuda:0
forward,0,312,9.76525769566615e-07,True,CONVERGED,float64,cuda:0
forward,1,316,9.434706003406188e-07,True,CONVERGED,float64,cuda:0
forward,2,316,9.936540967957667e-07,True,CONVERGED,float64,cuda:0
adjoint,0,311,9.650466971127341e-07,True,CONVERGED,float64,cuda:0
adjoint,1,319,9.478036512593299e-07,True,CONVERGED,float64,cuda:0
adjoint,2,320,9.90313246962634e-07,True,CONVERGED,float64,cuda:0
forward,0,312,9.825529293251028e-07,True,CONVERGED,float64,cuda:0
forward,1,316,9.415103351798404e-07,True,CONVERGED,float64,cuda:0
forward,2,316,9.988487380196915e-07,True,CONVERGED,float64,cuda:0
adjoint,0,311,9.691291939540775e-07,True,CONVERGED,float64,cuda:0
adjoint,1,319,9.497528398844105e-07,True,CONVERGED,float64,cuda:0
adjoint,2,320,9.961466485297834e-07,True,CONVERGED,float64,cuda:0
forward,0,312,9.811534758526089e-07,True,CONVERGED,float64,cuda:0
forward,1,316,9.400517622689123e-07,True,CONVERGED,float64,cuda:0
forward,2,316,9.981729408414126e-07,True,CONVERGED,float64,cuda:0
adjoint,0,311,9.720054873007794e-07,True,CONVERGED,float64,cuda:0
adjoint,1,319,9.518286799935768e-07,True,CONVERGED,float64,cuda:0
adjoint,2,320,9.954362128461163e-07,True,CONVERGED,float64,cuda:0
forward,0,312,9.756937108640012e-07,True,CONVERGED,float64,cuda:0
forward,1,316,9.394255455707628e-07,True,CONVERGED,float64,cuda:0
forward,2,316,9.916045903625488e-07,True,CONVERGED,float64,cuda:0
adjoint,0,311,9.727308577121222e-07,True,CONVERGED,float64,cuda:0
adjoint,1,319,9.535212994769775e-07,True,CONVERGED,float64,cuda:0
adjoint,2,320,9.939389927009307e-07,True,CONVERGED,float64,cuda:0
forward,0,312,9.73673904591703e-07,True,CONVERGED,float64,cuda:0
forward,1,316,9.383905796175196e-07,True,CONVERGED,float64,cuda:0
forward,2,316,9.909980572537242e-07,True,CONVERGED,float64,cuda:0
adjoint,0,311,9.764657943418283e-07,True,CONVERGED,float64,cuda:0
adjoint,1,319,9.577555654515558e-07,True,CONVERGED,float64,cuda:0
adjoint,2,320,9.926162065166322e-07,True,CONVERGED,float64,cuda:0
forward,0,312,9.762324912856675e-07,True,CONVERGED,float64,cuda:0
forward,1,316,9.368381393383355e-07,True,CONVERGED,float64,cuda:0
forward,2,316,9.944095339808592e-07,True,CONVERGED,float64,cuda:0
adjoint,0,311,9.830116303654564e-07,True,CONVERGED,float64,cuda:0
adjoint,1,319,9.648499231533087e-07,True,CONVERGED,float64,cuda:0
adjoint,2,320,9.971246403365592e-07,True,CONVERGED,float64,cuda:0
forward,0,312,9.80669812139366e-07,True,CONVERGED,float64,cuda:0
forward,1,316,9.360059776695787e-07,True,CONVERGED,float64,cuda:0
forward,2,316,9.988029811863436e-07,True,CONVERGED,float64,cuda:0
adjoint,0,311,9.89044593328154e-07,True,CONVERGED,float64,cuda:0
adjoint,1,319,9.703922290898365e-07,True,CONVERGED,float64,cuda:0
adjoint,2,321,8.997997515416346e-07,True,CONVERGED,float64,cuda:0
forward,0,312,9.83745567050913e-07,True,CONVERGED,float64,cuda:0
forward,1,316,9.371323672278048e-07,True,CONVERGED,float64,cuda:0
forward,2,317,9.250312658296329e-07,True,CONVERGED,float64,cuda:0
adjoint,0,311,9.899044190702718e-07,True,CONVERGED,float64,cuda:0
adjoint,1,319,9.704522655620748e-07,True,CONVERGED,float64,cuda:0
adjoint,2,321,9.00861964751169e-07,True,CONVERGED,float64,cuda:0
forward,0,312,9.831258332130086e-07,True,CONVERGED,float64,cuda:0
forward,1,316,9.380335689153536e-07,True,CONVERGED,float64,cuda:0
forward,2,316,9.99471041362065e-07,True,CONVERGED,float64,cuda:0
adjoint,0,311,9.86859968959751e-07,True,CONVERGED,float64,cuda:0
adjoint,1,319,9.662031782081321e-07,True,CONVERGED,float64,cuda:0
adjoint,2,321,9.03075434252432e-07,True,CONVERGED,float64,cuda:0
forward,0,312,9.816543607834016e-07,True,CONVERGED,float64,cuda:0
forward,1,316,9.375933709769911e-07,True,CONVERGED,float64,cuda:0
forward,2,316,9.982344283430443e-07,True,CONVERGED,float64,cuda:0
adjoint,0,311,9.841897713580384e-07,True,CONVERGED,float64,cuda:0
adjoint,1,319,9.615623357202686e-07,True,CONVERGED,float64,cuda:0
adjoint,2,320,9.98784751725316e-07,True,CONVERGED,float64,cuda:0
forward,0,312,9.828926709833358e-07,True,CONVERGED,float64,cuda:0
forward,1,316,9.372263213382783e-07,True,CONVERGED,float64,cuda:0
forward,2,316,9.991741851184207e-07,True,CONVERGED,float64,cuda:0
adjoint,0,311,9.844295387195747e-07,True,CONVERGED,float64,cuda:0
adjoint,1,319,9.600776734824146e-07,True,CONVERGED,float64,cuda:0
adjoint,2,320,9.985021037429296e-07,True,CONVERGED,float64,cuda:0
forward,0,312,9.85595968172108e-07,True,CONVERGED,float64,cuda:0
forward,1,316,9.369912203760791e-07,True,CONVERGED,float64,cuda:0
forward,2,317,9.250858450862037e-07,True,CONVERGED,float64,cuda:0
adjoint,0,311,9.849178758594733e-07,True,CONVERGED,float64,cuda:0
adjoint,1,319,9.604436777043666e-07,True,CONVERGED,float64,cuda:0
adjoint,2,321,9.027651513940761e-07,True,CONVERGED,float64,cuda:0
forward,0,312,9.880323026390853e-07,True,CONVERGED,float64,cuda:0
forward,1,316,9.369100536203365e-07,True,CONVERGED,float64,cuda:0
forward,2,317,9.262884865932483e-07,True,CONVERGED,float64,cuda:0
adjoint,0,311,9.871923259253397e-07,True,CONVERGED,float64,cuda:0
adjoint,1,319,9.633110714492542e-07,True,CONVERGED,float64,cuda:0
adjoint,2,321,9.058490807197094e-07,True,CONVERGED,float64,cuda:0
forward,0,312,9.881470953734947e-07,True,CONVERGED,float64,cuda:0
forward,1,316,9.367501044732361e-07,True,CONVERGED,float64,cuda:0
forward,2,317,9.248287412680478e-07,True,CONVERGED,float64,cuda:0
adjoint,0,311,9.918797091899092e-07,True,CONVERGED,float64,cuda:0
adjoint,1,319,9.664643434762425e-07,True,CONVERGED,float64,cuda:0
adjoint,2,321,9.055830318847783e-07,True,CONVERGED,float64,cuda:0
forward,0,312,9.883879792044177e-07,True,CONVERGED,float64,cuda:0
forward,1,316,9.357864288961749e-07,True,CONVERGED,float64,cuda:0
forward,2,316,9.988773157800814e-07,True,CONVERGED,float64,cuda:0
adjoint,0,311,9.966214465774838e-07,True,CONVERGED,float64,cuda:0
adjoint,1,319,9.697031431436713e-07,True,CONVERGED,float64,cuda:0
adjoint,2,321,9.039659348690786e-07,True,CONVERGED,float64,cuda:0
forward,0,312,9.893381150331635e-07,True,CONVERGED,float64,cuda:0
forward,1,316,9.350923354823815e-07,True,CONVERGED,float64,cuda:0
forward,2,316,9.977982879569296e-07,True,CONVERGED,float64,cuda:0
adjoint,0,311,9.988433930784647e-07,True,CONVERGED,float64,cuda:0
adjoint,1,319,9.71468355401099e-07,True,CONVERGED,float64,cuda:0
adjoint,2,321,9.057348891948935e-07,True,CONVERGED,float64,cuda:0
forward,0,312,9.916007572867798e-07,True,CONVERGED,float64,cuda:0
forward,1,316,9.355807637493696e-07,True,CONVERGED,float64,cuda:0
forward,2,316,9.985626556154798e-07,True,CONVERGED,float64,cuda:0
adjoint,0,311,9.996250806527167e-07,True,CONVERGED,float64,cuda:0
adjoint,1,319,9.717316353921437e-07,True,CONVERGED,float64,cuda:0
adjoint,2,321,9.078797639556173e-07,True,CONVERGED,float64,cuda:0
forward,0,312,9.931107106987795e-07,True,CONVERGED,float64,cuda:0
forward,1,316,9.359967857892635e-07,True,CONVERGED,float64,cuda:0
forward,2,316,9.991991627335837e-07,True,CONVERGED,float64,cuda:0
adjoint,0,311,9.99467409616903e-07,True,CONVERGED,float64,cuda:0
adjoint,1,319,9.706023681173939e-07,True,CONVERGED,float64,cuda:0
adjoint,2,321,9.097717097049043e-07,True,CONVERGED,float64,cuda:0
forward,0,312,9.928345759728428e-07,True,CONVERGED,float64,cuda:0
forward,1,316,9.359294890539595e-07,True,CONVERGED,float64,cuda:0
forward,2,316,9.980634717568159e-07,True,CONVERGED,float64,cuda:0
adjoint,0,311,9.985660894109465e-07,True,CONVERGED,float64,cuda:0
adjoint,1,319,9.68346479555832e-07,True,CONVERGED,float64,cuda:0
adjoint,2,321,9.094921449956289e-07,True,CONVERGED,float64,cuda:0
forward,0,312,9.944181164741877e-07,True,CONVERGED,float64,cuda:0
forward,1,316,9.362221696743454e-07,True,CONVERGED,float64,cuda:0
forward,2,316,9.995074816277696e-07,True,CONVERGED,float64,cuda:0
adjoint,0,311,9.994243680531202e-07,True,CONVERGED,float64,cuda:0
adjoint,1,319,9.675339468451578e-07,True,CONVERGED,float64,cuda:0
adjoint,2,321,9.084919912734013e-07,True,CONVERGED,float64,cuda:0
forward,0,312,9.964426207606054e-07,True,CONVERGED,float64,cuda:0
forward,1,316,9.366870854339829e-07,True,CONVERGED,float64,cuda:0
forward,2,317,9.25358741142099e-07,True,CONVERGED,float64,cuda:0
adjoint,0,311,9.998032076527308e-07,True,CONVERGED,float64,cuda:0
adjoint,1,319,9.677359690625163e-07,True,CONVERGED,float64,cuda:0
adjoint,2,321,9.107171873740232e-07,True,CONVERGED,float64,cuda:0
forward,0,312,9.988958727931692e-07,True,CONVERGED,float64,cuda:0
forward,1,316,9.369299272212558e-07,True,CONVERGED,float64,cuda:0
forward,2,317,9.266932749317837e-07,True,CONVERGED,float64,cuda:0
adjoint,0,312,8.488922905091595e-07,True,CONVERGED,float64,cuda:0
adjoint,1,319,9.692116774493862e-07,True,CONVERGED,float64,cuda:0
adjoint,2,321,9.129362484900567e-07,True,CONVERGED,float64,cuda:0
forward,0,312,9.99629731331481e-07,True,CONVERGED,float64,cuda:0
forward,1,316,9.364059988154162e-07,True,CONVERGED,float64,cuda:0
forward,2,317,9.257745687036377e-07,True,CONVERGED,float64,cuda:0
adjoint,0,312,8.521604120866273e-07,True,CONVERGED,float64,cuda:0
adjoint,1,319,9.706817242574733e-07,True,CONVERGED,float64,cuda:0
adjoint,2,321,9.143312799332678e-07,True,CONVERGED,float64,cuda:0
forward,0,312,9.985640222173834e-07,True,CONVERGED,float64,cuda:0
forward,1,316,9.350046603146429e-07,True,CONVERGED,float64,cuda:0
forward,2,316,9.97746698750372e-07,True,CONVERGED,float64,cuda:0
adjoint,0,312,8.546026991395799e-07,True,CONVERGED,float64,cuda:0
adjoint,1,319,9.715525867768178e-07,True,CONVERGED,float64,cuda:0
adjoint,2,321,9.146595830306844e-07,True,CONVERGED,float64,cuda:0
forward,0,312,9.992470644089934e-07,True,CONVERGED,float64,cuda:0
forward,1,316,9.343475613696303e-07,True,CONVERGED,float64,cuda:0
forward,2,316,9.971728797989864e-07,True,CONVERGED,float64,cuda:0
adjoint,0,312,8.564739480645806e-07,True,CONVERGED,float64,cuda:0
adjoint,1,319,9.731342279899365e-07,True,CONVERGED,float64,cuda:0
adjoint,2,321,9.164366677619833e-07,True,CONVERGED,float64,cuda:0
forward,0,313,9.066795257056465e-07,True,CONVERGED,float64,cuda:0
forward,1,316,9.342491646442457e-07,True,CONVERGED,float64,cuda:0
forward,2,316,9.969857452172635e-07,True,CONVERGED,float64,cuda:0
adjoint,0,312,8.582059869524081e-07,True,CONVERGED,float64,cuda:0
adjoint,1,319,9.742662023136325e-07,True,CONVERGED,float64,cuda:0
adjoint,2,321,9.184455311829596e-07,True,CONVERGED,float64,cuda:0
forward,0,313,9.085778492248777e-07,True,CONVERGED,float64,cuda:0
forward,1,316,9.344860142108561e-07,True,CONVERGED,float64,cuda:0
forward,2,316,9.99467884808225e-07,True,CONVERGED,float64,cuda:0
adjoint,0,312,8.611736036549039e-07,True,CONVERGED,float64,cuda:0
adjoint,1,319,9.755760652775288e-07,True,CONVERGED,float64,cuda:0
adjoint,2,321,9.186152790787664e-07,True,CONVERGED,float64,cuda:0
forward,0,313,9.099673893691281e-07,True,CONVERGED,float64,cuda:0
forward,1,316,9.353173775684955e-07,True,CONVERGED,float64,cuda:0
forward,2,317,9.261461288622898e-07,True,CONVERGED,float64,cuda:0
adjoint,0,312,8.617426441677153e-07,True,CONVERGED,float64,cuda:0
adjoint,1,319,9.753155898307603e-07,True,CONVERGED,float64,cuda:0
adjoint,2,321,9.196505566313495e-07,True,CONVERGED,float64,cuda:0
forward,0,313,9.103960821443494e-07,True,CONVERGED,float64,cuda:0
forward,1,316,9.360387678786223e-07,True,CONVERGED,float64,cuda:0
forward,2,316,9.99416277373772e-07,True,CONVERGED,float64,cuda:0
adjoint,0,312,8.61105235551182e-07,True,CONVERGED,float64,cuda:0
adjoint,1,319,9.73766511902278e-07,True,CONVERGED,float64,cuda:0
adjoint,2,321,9.201739396340329e-07,True,CONVERGED,float64,cuda:0
forward,0,313,9.104829662725566e-07,True,CONVERGED,float64,cuda:0
forward,1,316,9.363584932536732e-07,True,CONVERGED,float64,cuda:0
forward,2,316,9.98688917605031e-07,True,CONVERGED,float64,cuda:0
adjoint,0,312,8.61243743510304e-07,True,CONVERGED,float64,cuda:0
adjoint,1,319,9.72442818452054e-07,True,CONVERGED,float64,cuda:0
adjoint,2,321,9.190186605165708e-07,True,CONVERGED,float64,cuda:0
forward,0,313,9.110726519635498e-07,True,CONVERGED,float64,cuda:0
forward,1,316,9.364758945177707e-07,True,CONVERGED,float64,cuda:0
forward,2,316,9.988399900316238e-07,True,CONVERGED,float64,cuda:0
adjoint,0,312,8.630799974520797e-07,True,CONVERGED,float64,cuda:0
adjoint,1,319,9.727339896687435e-07,True,CONVERGED,float64,cuda:0
adjoint,2,321,9.19950146235477e-07,True,CONVERGED,float64,cuda:0
forward,0,313,9.119378468166477e-07,True,CONVERGED,float64,cuda:0
forward,1,316,9.367771903390328e-07,True,CONVERGED,float64,cuda:0
forward,2,316,9.99008339405251e-07,True,CONVERGED,float64,cuda:0
adjoint,0,312,8.64825921791944e-07,True,CONVERGED,float64,cuda:0
adjoint,1,319,9.730980276183868e-07,True,CONVERGED,float64,cuda:0
adjoint,2,321,9.20627189829646e-07,True,CONVERGED,float64,cuda:0
forward,0,313,9.136139589550194e-07,True,CONVERGED,float64,cuda:0
forward,1,316,9.374613314824537e-07,True,CONVERGED,float64,cuda:0
forward,2,316,9.997265122192595e-07,True,CONVERGED,float64,cuda:0
adjoint,0,312,8.662988009710146e-07,True,CONVERGED,float64,cuda:0
adjoint,1,319,9.748665848065754e-07,True,CONVERGED,float64,cuda:0
adjoint,2,321,9.233086515619425e-07,True,CONVERGED,float64,cuda:0
forward,0,313,9.13687986971294e-07,True,CONVERGED,float64,cuda:0
forward,1,316,9.368813612960569e-07,True,CONVERGED,float64,cuda:0
forward,2,316,9.996598621053629e-07,True,CONVERGED,float64,cuda:0
adjoint,0,312,8.693647561588025e-07,True,CONVERGED,float64,cuda:0
adjoint,1,319,9.765699468113016e-07,True,CONVERGED,float64,cuda:0
adjoint,2,321,9.239630253388064e-07,True,CONVERGED,float64,cuda:0
forward,0,313,9.135476979184645e-07,True,CONVERGED,float64,cuda:0
forward,1,316,9.360655201978486e-07,True,CONVERGED,float64,cuda:0
forward,2,317,9.270674787305839e-07,True,CONVERGED,float64,cuda:0
adjoint,0,312,8.729287132426311e-07,True,CONVERGED,float64,cuda:0
adjoint,1,319,9.783957994126185e-07,True,CONVERGED,float64,cuda:0
adjoint,2,321,9.244647323151285e-07,True,CONVERGED,float64,cuda:0
forward,0,313,9.140981758019953e-07,True,CONVERGED,float64,cuda:0
forward,1,316,9.364040855368978e-07,True,CONVERGED,float64,cuda:0
forward,2,316,9.994289625139082e-07,True,CONVERGED,float64,cuda:0
adjoint,0,312,8.736365436211251e-07,True,CONVERGED,float64,cuda:0
adjoint,1,319,9.783907502728881e-07,True,CONVERGED,float64,cuda:0
adjoint,2,321,9.248317451829748e-07,True,CONVERGED,float64,cuda:0
forward,0,313,9.145744585861445e-07,True,CONVERGED,float64,cuda:0
forward,1,316,9.366199755452476e-07,True,CONVERGED,float64,cuda:0
forward,2,316,9.98731273878808e-07,True,CONVERGED,float64,cuda:0
adjoint,0,312,8.747415278592019e-07,True,CONVERGED,float64,cuda:0
adjoint,1,319,9.784675611517472e-07,True,CONVERGED,float64,cuda:0
adjoint,2,321,9.259906760073443e-07,True,CONVERGED,float64,cuda:0
forward,0,313,9.159253390842986e-07,True,CONVERGED,float64,cuda:0
forward,1,316,9.371184361428159e-07,True,CONVERGED,float64,cuda:0
forward,2,316,9.99952995955493e-07,True,CONVERGED,float64,cuda:0
adjoint,0,312,8.76262950931145e-07,True,CONVERGED,float64,cuda:0
adjoint,1,319,9.793400495463708e-07,True,CONVERGED,float64,cuda:0
adjoint,2,321,9.265487953036309e-07,True,CONVERGED,float64,cuda:0
forward,0,313,9.17146552948962e-07,True,CONVERGED,float64,cuda:0
forward,1,316,9.377653928228186e-07,True,CONVERGED,float64,cuda:0
forward,2,316,9.99911014502516e-07,True,CONVERGED,float64,cuda:0
adjoint,0,312,8.765949406035524e-07,True,CONVERGED,float64,cuda:0
adjoint,1,319,9.78687543590758e-07,True,CONVERGED,float64,cuda:0
adjoint,2,321,9.265526081176435e-07,True,CONVERGED,float64,cuda:0
forward,0,313,9.177962949201269e-07,True,CONVERGED,float64,cuda:0
forward,1,316,9.37781129032112e-07,True,CONVERGED,float64,cuda:0
forward,2,317,9.286685174733055e-07,True,CONVERGED,float64,cuda:0
adjoint,0,312,8.777231480935205e-07,True,CONVERGED,float64,cuda:0
adjoint,1,319,9.786311445164895e-07,True,CONVERGED,float64,cuda:0
adjoint,2,321,9.257233876110605e-07,True,CONVERGED,float64,cuda:0
forward,0,313,9.188931058244725e-07,True,CONVERGED,float64,cuda:0
forward,1,316,9.377041179698183e-07,True,CONVERGED,float64,cuda:0
forward,2,317,9.288942098283733e-07,True,CONVERGED,float64,cuda:0
adjoint,0,312,8.784968909444421e-07,True,CONVERGED,float64,cuda:0
adjoint,1,319,9.790569533523764e-07,True,CONVERGED,float64,cuda:0
adjoint,2,321,9.262189004076978e-07,True,CONVERGED,float64,cuda:0
forward,0,313,9.192872970580332e-07,True,CONVERGED,float64,cuda:0
forward,1,316,9.372715558743567e-07,True,CONVERGED,float64,cuda:0
forward,2,317,9.295091580664974e-07,True,CONVERGED,float64,cuda:0
adjoint,0,312,8.807105863789321e-07,True,CONVERGED,float64,cuda:0
adjoint,1,319,9.802695780337868e-07,True,CONVERGED,float64,cuda:0
adjoint,2,321,9.270040308947853e-07,True,CONVERGED,float64,cuda:0
forward,0,313,9.205744403963055e-07,True,CONVERGED,float64,cuda:0
forward,1,316,9.371080811047942e-07,True,CONVERGED,float64,cuda:0
forward,2,317,9.30671556962073e-07,True,CONVERGED,float64,cuda:0
adjoint,0,312,8.8325699673319e-07,True,CONVERGED,float64,cuda:0
adjoint,1,319,9.81707864712631e-07,True,CONVERGED,float64,cuda:0
adjoint,2,321,9.282160734853237e-07,True,CONVERGED,float64,cuda:0
forward,0,313,9.217466043476807e-07,True,CONVERGED,float64,cuda:0
forward,1,316,9.368449457601496e-07,True,CONVERGED,float64,cuda:0
forward,2,317,9.314273214183274e-07,True,CONVERGED,float64,cuda:0
adjoint,0,312,8.853109273555695e-07,True,CONVERGED,float64,cuda:0
adjoint,1,319,9.835549524858819e-07,True,CONVERGED,float64,cuda:0
adjoint,2,321,9.299884654296644e-07,True,CONVERGED,float64,cuda:0
forward,0,313,9.229032703973579e-07,True,CONVERGED,float64,cuda:0
forward,1,316,9.364634187965794e-07,True,CONVERGED,float64,cuda:0
forward,2,317,9.325351696043327e-07,True,CONVERGED,float64,cuda:0
adjoint,0,312,8.877095914160906e-07,True,CONVERGED,float64,cuda:0
adjoint,1,319,9.854383213666426e-07,True,CONVERGED,float64,cuda:0
adjoint,2,321,9.315042881522423e-07,True,CONVERGED,float64,cuda:0
forward,0,313,9.224021341811095e-07,True,CONVERGED,float64,cuda:0
forward,1,316,9.355898216495702e-07,True,CONVERGED,float64,cuda:0
forward,2,317,9.327775577436611e-07,True,CONVERGED,float64,cuda:0
adjoint,0,312,8.899129324205884e-07,True,CONVERGED,float64,cuda:0
adjoint,1,319,9.86305472206727e-07,True,CONVERGED,float64,cuda:0
adjoint,2,321,9.322249100619529e-07,True,CONVERGED,float64,cuda:0
forward,0,313,9.231977897034585e-07,True,CONVERGED,float64,cuda:0
forward,1,316,9.35460924405615e-07,True,CONVERGED,float64,cuda:0
forward,2,317,9.334703345913925e-07,True,CONVERGED,float64,cuda:0
adjoint,0,312,8.911120203841969e-07,True,CONVERGED,float64,cuda:0
adjoint,1,319,9.871484094094178e-07,True,CONVERGED,float64,cuda:0
adjoint,2,321,9.32233702663924e-07,True,CONVERGED,float64,cuda:0
forward,0,313,9.243485929901232e-07,True,CONVERGED,float64,cuda:0
forward,1,316,9.356488795025653e-07,True,CONVERGED,float64,cuda:0
forward,2,317,9.338304865098614e-07,True,CONVERGED,float64,cuda:0
adjoint,0,312,8.919258435317522e-07,True,CONVERGED,float64,cuda:0
adjoint,1,319,9.869241459519342e-07,True,CONVERGED,float64,cuda:0
adjoint,2,321,9.322790775404883e-07,True,CONVERGED,float64,cuda:0
forward,0,313,9.248732406899657e-07,True,CONVERGED,float64,cuda:0
forward,1,316,9.356073520414849e-07,True,CONVERGED,float64,cuda:0
forward,2,317,9.340093168239064e-07,True,CONVERGED,float64,cuda:0
adjoint,0,312,8.929091287938631e-07,True,CONVERGED,float64,cuda:0
adjoint,1,319,9.870046289005253e-07,True,CONVERGED,float64,cuda:0
adjoint,2,321,9.325409879500735e-07,True,CONVERGED,float64,cuda:0
forward,0,313,9.2642913014531e-07,True,CONVERGED,float64,cuda:0
forward,1,316,9.358849445532235e-07,True,CONVERGED,float64,cuda:0
forward,2,317,9.347270866730771e-07,True,CONVERGED,float64,cuda:0
adjoint,0,312,8.935660000016163e-07,True,CONVERGED,float64,cuda:0
adjoint,1,319,9.87261700663511e-07,True,CONVERGED,float64,cuda:0
adjoint,2,321,9.329101628590119e-07,True,CONVERGED,float64,cuda:0
forward,0,313,9.268400031996059e-07,True,CONVERGED,float64,cuda:0
forward,1,316,9.360434828939897e-07,True,CONVERGED,float64,cuda:0
forward,2,317,9.348204551151815e-07,True,CONVERGED,float64,cuda:0
adjoint,0,312,8.946975414037092e-07,True,CONVERGED,float64,cuda:0
adjoint,1,319,9.871713902547755e-07,True,CONVERGED,float64,cuda:0
adjoint,2,321,9.331633304059333e-07,True,CONVERGED,float64,cuda:0
forward,0,313,9.26854399486511e-07,True,CONVERGED,float64,cuda:0
forward,1,316,9.355455391460386e-07,True,CONVERGED,float64,cuda:0
forward,2,317,9.353918864403169e-07,True,CONVERGED,float64,cuda:0
adjoint,0,312,8.966970766767846e-07,True,CONVERGED,float64,cuda:0
adjoint,1,319,9.878562160742595e-07,True,CONVERGED,float64,cuda:0
adjoint,2,321,9.334954932962328e-07,True,CONVERGED,float64,cuda:0
forward,0,313,9.261951590916431e-07,True,CONVERGED,float64,cuda:0
forward,1,316,9.353246277229542e-07,True,CONVERGED,float64,cuda:0
forward,2,317,9.354294889693691e-07,True,CONVERGED,float64,cuda:0
adjoint,0,312,8.98594319027578e-07,True,CONVERGED,float64,cuda:0
adjoint,1,319,9.881016518555048e-07,True,CONVERGED,float64,cuda:0
adjoint,2,321,9.338392343222981e-07,True,CONVERGED,float64,cuda:0
forward,0,313,9.273921423037821e-07,True,CONVERGED,float64,cuda:0
forward,1,316,9.351001125962908e-07,True,CONVERGED,float64,cuda:0
forward,2,317,9.359259984338992e-07,True,CONVERGED,float64,cuda:0
adjoint,0,312,8.998579078124439e-07,True,CONVERGED,float64,cuda:0
adjoint,1,319,9.895429205458616e-07,True,CONVERGED,float64,cuda:0
adjoint,2,321,9.353989468283627e-07,True,CONVERGED,float64,cuda:0
forward,0,313,9.278706027150252e-07,True,CONVERGED,float64,cuda:0
forward,1,316,9.352590015343415e-07,True,CONVERGED,float64,cuda:0
forward,2,317,9.368304707009038e-07,True,CONVERGED,float64,cuda:0
adjoint,0,312,9.0199271741811e-07,True,CONVERGED,float64,cuda:0
adjoint,1,319,9.905189573165793e-07,True,CONVERGED,float64,cuda:0
adjoint,2,321,9.364723233921026e-07,True,CONVERGED,float64,cuda:0
forward,0,313,9.287281937079428e-07,True,CONVERGED,float64,cuda:0
forward,1,316,9.352976668921724e-07,True,CONVERGED,float64,cuda:0
forward,2,317,9.378894190134409e-07,True,CONVERGED,float64,cuda:0
adjoint,0,312,9.042364361415624e-07,True,CONVERGED,float64,cuda:0
adjoint,1,319,9.914850542447855e-07,True,CONVERGED,float64,cuda:0
adjoint,2,321,9.372369292273281e-07,True,CONVERGED,float64,cuda:0
forward,0,313,9.284777298549629e-07,True,CONVERGED,float64,cuda:0
forward,1,316,9.35114106596616e-07,True,CONVERGED,float64,cuda:0
forward,2,317,9.385394198648035e-07,True,CONVERGED,float64,cuda:0
adjoint,0,312,9.057199753784212e-07,True,CONVERGED,float64,cuda:0
adjoint,1,319,9.91405479384557e-07,True,CONVERGED,float64,cuda:0
adjoint,2,321,9.363097155663704e-07,True,CONVERGED,float64,cuda:0
forward,0,313,9.286257583502581e-07,True,CONVERGED,float64,cuda:0
forward,1,316,9.354106205150948e-07,True,CONVERGED,float64,cuda:0
forward,2,317,9.377922292139009e-07,True,CONVERGED,float64,cuda:0
adjoint,0,312,9.052399027660753e-07,True,CONVERGED,float64,cuda:0
adjoint,1,319,9.906736264238163e-07,True,CONVERGED,float64,cuda:0
adjoint,2,321,9.366486910024778e-07,True,CONVERGED,float64,cuda:0
forward,0,313,9.302059829978674e-07,True,CONVERGED,float64,cuda:0
forward,1,316,9.359659747614125e-07,True,CONVERGED,float64,cuda:0
forward,2,317,9.38056032706545e-07,True,CONVERGED,float64,cuda:0
adjoint,0,312,9.057102644593141e-07,True,CONVERGED,float64,cuda:0
adjoint,1,319,9.90804202870749e-07,True,CONVERGED,float64,cuda:0
adjoint,2,321,9.375110746493834e-07,True,CONVERGED,float64,cuda:0
forward,0,313,9.300168302662011e-07,True,CONVERGED,float64,cuda:0
forward,1,316,9.35967274729052e-07,True,CONVERGED,float64,cuda:0
forward,2,317,9.384490091021701e-07,True,CONVERGED,float64,cuda:0
adjoint,0,312,9.07398211395137e-07,True,CONVERGED,float64,cuda:0
adjoint,1,319,9.904372837442213e-07,True,CONVERGED,float64,cuda:0
adjoint,2,321,9.372693571429896e-07,True,CONVERGED,float64,cuda:0
forward,0,313,9.302161359873733e-07,True,CONVERGED,float64,cuda:0
forward,1,316,9.357145636249215e-07,True,CONVERGED,float64,cuda:0
forward,2,317,9.39228411998714e-07,True,CONVERGED,float64,cuda:0
adjoint,0,312,9.091607410724605e-07,True,CONVERGED,float64,cuda:0
adjoint,1,319,9.909131703593087e-07,True,CONVERGED,float64,cuda:0
adjoint,2,321,9.374481317291995e-07,True,CONVERGED,float64,cuda:0
forward,0,313,9.306007488683087e-07,True,CONVERGED,float64,cuda:0
forward,1,316,9.35926846337643e-07,True,CONVERGED,float64,cuda:0
forward,2,317,9.39437204521584e-07,True,CONVERGED,float64,cuda:0
adjoint,0,312,9.099864926159886e-07,True,CONVERGED,float64,cuda:0
adjoint,1,319,9.911300874514558e-07,True,CONVERGED,float64,cuda:0
adjoint,2,321,9.378678021407448e-07,True,CONVERGED,float64,cuda:0
forward,0,313,9.314272435443747e-07,True,CONVERGED,float64,cuda:0
forward,1,316,9.364760839176351e-07,True,CONVERGED,float64,cuda:0
forward,2,317,9.399072800868348e-07,True,CONVERGED,float64,cuda:0
adjoint,0,312,9.105051785745208e-07,True,CONVERGED,float64,cuda:0
adjoint,1,319,9.911579664041585e-07,True,CONVERGED,float64,cuda:0
adjoint,2,321,9.381460018800506e-07,True,CONVERGED,float64,cuda:0
forward,0,313,9.317352428354092e-07,True,CONVERGED,float64,cuda:0
forward,1,316,9.364357285005328e-07,True,CONVERGED,float64,cuda:0
forward,2,317,9.4027929705279e-07,True,CONVERGED,float64,cuda:0
adjoint,0,312,9.117957684320238e-07,True,CONVERGED,float64,cuda:0
adjoint,1,319,9.916575438115298e-07,True,CONVERGED,float64,cuda:0
adjoint,2,321,9.388545059489401e-07,True,CONVERGED,float64,cuda:0
forward,0,313,9.321728170742876e-07,True,CONVERGED,float64,cuda:0
forward,1,316,9.359933066816574e-07,True,CONVERGED,float64,cuda:0
forward,2,317,9.418169380040242e-07,True,CONVERGED,float64,cuda:0
adjoint,0,312,9.15234754957681e-07,True,CONVERGED,float64,cuda:0
adjoint,1,319,9.930308821026035e-07,True,CONVERGED,float64,cuda:0
adjoint,2,321,9.399043989069387e-07,True,CONVERGED,float64,cuda:0
forward,0,313,9.33338417356678e-07,True,CONVERGED,float64,cuda:0
forward,1,316,9.36550512049824e-07,True,CONVERGED,float64,cuda:0
forward,2,317,9.426850300735037e-07,True,CONVERGED,float64,cuda:0
adjoint,0,312,9.167312080500122e-07,True,CONVERGED,float64,cuda:0
adjoint,1,319,9.936424758388294e-07,True,CONVERGED,float64,cuda:0
adjoint,2,321,9.403507783843542e-07,True,CONVERGED,float64,cuda:0
forward,0,313,9.335439851671069e-07,True,CONVERGED,float64,cuda:0
forward,1,316,9.366161341254212e-07,True,CONVERGED,float64,cuda:0
forward,2,317,9.419439700277997e-07,True,CONVERGED,float64,cuda:0
adjoint,0,312,9.158700169307211e-07,True,CONVERGED,float64,cuda:0
adjoint,1,319,9.933119688193497e-07,True,CONVERGED,float64,cuda:0
adjoint,2,321,9.407267064853316e-07,True,CONVERGED,float64,cuda:0
forward,0,313,9.331196329195598e-07,True,CONVERGED,float64,cuda:0
forward,1,316,9.368056069741919e-07,True,CONVERGED,float64,cuda:0
forward,2,317,9.413942850596953e-07,True,CONVERGED,float64,cuda:0
adjoint,0,312,9.155772080763331e-07,True,CONVERGED,float64,cuda:0
adjoint,1,319,9.924993989436783e-07,True,CONVERGED,float64,cuda:0
adjoint,2,321,9.403231901598357e-07,True,CONVERGED,float64,cuda:0
forward,0,313,9.324740840288752e-07,True,CONVERGED,float64,cuda:0
forward,1,316,9.361895526639327e-07,True,CONVERGED,float64,cuda:0
forward,2,317,9.419606769287245e-07,True,CONVERGED,float64,cuda:0
adjoint,0,312,9.176976138824161e-07,True,CONVERGED,float64,cuda:0
adjoint,1,319,9.926610996427117e-07,True,CONVERGED,float64,cuda:0
adjoint,2,321,9.403339247683903e-07,True,CONVERGED,float64,cuda:0
forward,0,313,9.340487095162197e-07,True,CONVERGED,float64,cuda:0
forward,1,316,9.369557865572149e-07,True,CONVERGED,float64,cuda:0
forward,2,317,9.431839385238245e-07,True,CONVERGED,float64,cuda:0
adjoint,0,312,9.197068018147931e-07,True,CONVERGED,float64,cuda:0
adjoint,1,319,9.936521336874594e-07,True,CONVERGED,float64,cuda:0
adjoint,2,321,9.410381173640608e-07,True,CONVERGED,float64,cuda:0
forward,0,313,9.360334377697288e-07,True,CONVERGED,float64,cuda:0
forward,1,316,9.376078523665441e-07,True,CONVERGED,float64,cuda:0
forward,2,317,9.432172360062066e-07,True,CONVERGED,float64,cuda:0
adjoint,0,312,9.193709064010349e-07,True,CONVERGED,float64,cuda:0
adjoint,1,319,9.944937666626417e-07,True,CONVERGED,float64,cuda:0
adjoint,2,321,9.421819061467171e-07,True,CONVERGED,float64,cuda:0
forward,0,313,9.358674252458226e-07,True,CONVERGED,float64,cuda:0
forward,1,316,9.37473492580472e-07,True,CONVERGED,float64,cuda:0
forward,2,317,9.435489680768308e-07,True,CONVERGED,float64,cuda:0
adjoint,0,312,9.203055254531574e-07,True,CONVERGED,float64,cuda:0
adjoint,1,319,9.94430757666714e-07,True,CONVERGED,float64,cuda:0
adjoint,2,321,9.41730648400384e-07,True,CONVERGED,float64,cuda:0
forward,0,313,9.344395690681861e-07,True,CONVERGED,float64,cuda:0
forward,1,316,9.370203353287514e-07,True,CONVERGED,float64,cuda:0
forward,2,317,9.439613669659494e-07,True,CONVERGED,float64,cuda:0
adjoint,0,312,9.221963590587714e-07,True,CONVERGED,float64,cuda:0
adjoint,1,319,9.945171051388548e-07,True,CONVERGED,float64,cuda:0
adjoint,2,321,9.41632487870881e-07,True,CONVERGED,float64,cuda:0
forward,0,313,9.343368854283734e-07,True,CONVERGED,float64,cuda:0
forward,1,316,9.366186728861839e-07,True,CONVERGED,float64,cuda:0
forward,2,317,9.448635432233257e-07,True,CONVERGED,float64,cuda:0
adjoint,0,312,9.240584073261752e-07,True,CONVERGED,float64,cuda:0
adjoint,1,319,9.95402716903636e-07,True,CONVERGED,float64,cuda:0
adjoint,2,321,9.419907130019858e-07,True,CONVERGED,float64,cuda:0
forward,0,313,9.361215107532017e-07,True,CONVERGED,float64,cuda:0
forward,1,316,9.373944765820862e-07,True,CONVERGED,float64,cuda:0
forward,2,317,9.447375203931306e-07,True,CONVERGED,float64,cuda:0
adjoint,0,312,9.235647257894569e-07,True,CONVERGED,float64,cuda:0
adjoint,1,319,9.964588665049102e-07,True,CONVERGED,float64,cuda:0
adjoint,2,321,9.433367250510182e-07,True,CONVERGED,float64,cuda:0
forward,0,313,9.366466894231871e-07,True,CONVERGED,float64,cuda:0
forward,1,316,9.374350364220687e-07,True,CONVERGED,float64,cuda:0
forward,2,317,9.447241530852825e-07,True,CONVERGED,float64,cuda:0
adjoint,0,312,9.241061862357847e-07,True,CONVERGED,float64,cuda:0
adjoint,1,319,9.967891797821974e-07,True,CONVERGED,float64,cuda:0
adjoint,2,321,9.438573951205645e-07,True,CONVERGED,float64,cuda:0
forward,0,313,9.35661549474253e-07,True,CONVERGED,float64,cuda:0
forward,1,316,9.370828031054865e-07,True,CONVERGED,float64,cuda:0
forward,2,317,9.459496616180403e-07,True,CONVERGED,float64,cuda:0
adjoint,0,312,9.26935614776925e-07,True,CONVERGED,float64,cuda:0
adjoint,1,319,9.969162197628531e-07,True,CONVERGED,float64,cuda:0
adjoint,2,321,9.433149677614669e-07,True,CONVERGED,float64,cuda:0
forward,0,313,9.35681108057198e-07,True,CONVERGED,float64,cuda:0
forward,1,316,9.369018803322564e-07,True,CONVERGED,float64,cuda:0
forward,2,317,9.462166865649459e-07,True,CONVERGED,float64,cuda:0
adjoint,0,312,9.278157068468127e-07,True,CONVERGED,float64,cuda:0
adjoint,1,319,9.971168062535957e-07,True,CONVERGED,float64,cuda:0
adjoint,2,321,9.432404613837941e-07,True,CONVERGED,float64,cuda:0
forward,0,313,9.370353329695686e-07,True,CONVERGED,float64,cuda:0
forward,1,316,9.37806502310197e-07,True,CONVERGED,float64,cuda:0
forward,2,317,9.460326426386558e-07,True,CONVERGED,float64,cuda:0
adjoint,0,312,9.273972148267038e-07,True,CONVERGED,float64,cuda:0
adjoint,1,319,9.975980403407424e-07,True,CONVERGED,float64,cuda:0
adjoint,2,321,9.439546486051001e-07,True,CONVERGED,float64,cuda:0
forward,0,313,9.376457375346541e-07,True,CONVERGED,float64,cuda:0
forward,1,316,9.380167560254424e-07,True,CONVERGED,float64,cuda:0
forward,2,317,9.462284164836919e-07,True,CONVERGED,float64,cuda:0
adjoint,0,312,9.280326757553049e-07,True,CONVERGED,float64,cuda:0
adjoint,1,319,9.98059212836309e-07,True,CONVERGED,float64,cuda:0
adjoint,2,321,9.443965765447962e-07,True,CONVERGED,float64,cuda:0
forward,0,313,9.365229056326965e-07,True,CONVERGED,float64,cuda:0
forward,1,316,9.373868659280849e-07,True,CONVERGED,float64,cuda:0
forward,2,317,9.472612119081054e-07,True,CONVERGED,float64,cuda:0
adjoint,0,312,9.30461534498381e-07,True,CONVERGED,float64,cuda:0
adjoint,1,319,9.982998870513113e-07,True,CONVERGED,float64,cuda:0
adjoint,2,321,9.443378680167226e-07,True,CONVERGED,float64,cuda:0
forward,0,313,9.368007734431029e-07,True,CONVERGED,float64,cuda:0
forward,1,316,9.375014351715301e-07,True,CONVERGED,float64,cuda:0
forward,2,317,9.481214232732343e-07,True,CONVERGED,float64,cuda:0
adjoint,0,312,9.321738599319367e-07,True,CONVERGED,float64,cuda:0
adjoint,1,319,9.988222791676735e-07,True,CONVERGED,float64,cuda:0
adjoint,2,321,9.445619678610271e-07,True,CONVERGED,float64,cuda:0
forward,0,313,9.382041712568748e-07,True,CONVERGED,float64,cuda:0
forward,1,316,9.379268284831247e-07,True,CONVERGED,float64,cuda:0
forward,2,317,9.485261248479164e-07,True,CONVERGED,float64,cuda:0
adjoint,0,312,9.326623072543745e-07,True,CONVERGED,float64,cuda:0
adjoint,1,320,8.527290683580585e-07,True,CONVERGED,float64,cuda:0
adjoint,2,321,9.45904381776175e-07,True,CONVERGED,float64,cuda:0
forward,0,313,9.390148344385634e-07,True,CONVERGED,float64,cuda:0
forward,1,316,9.381494212420778e-07,True,CONVERGED,float64,cuda:0
forward,2,317,9.48979125722156e-07,True,CONVERGED,float64,cuda:0
adjoint,0,312,9.335635533284836e-07,True,CONVERGED,float64,cuda:0
adjoint,1,320,8.532465555452805e-07,True,CONVERGED,float64,cuda:0
adjoint,2,321,9.46660931526675e-07,True,CONVERGED,float64,cuda:0
forward,0,313,9.382073369925514e-07,True,CONVERGED,float64,cuda:0
forward,1,316,9.377240251532199e-07,True,CONVERGED,float64,cuda:0
forward,2,317,9.496944883697196e-07,True,CONVERGED,float64,cuda:0
adjoint,0,312,9.351481453995279e-07,True,CONVERGED,float64,cuda:0
adjoint,1,320,8.526562129740989e-07,True,CONVERGED,float64,cuda:0
adjoint,2,321,9.462111401879821e-07,True,CONVERGED,float64,cuda:0
forward,0,313,9.373609045998079e-07,True,CONVERGED,float64,cuda:0
forward,1,316,9.374547046616331e-07,True,CONVERGED,float64,cuda:0
forward,2,317,9.497619960908656e-07,True,CONVERGED,float64,cuda:0
adjoint,0,312,9.358490769031871e-07,True,CONVERGED,float64,cuda:0
adjoint,1,320,8.520872468261055e-07,True,CONVERGED,float64,cuda:0
adjoint,2,321,9.459679832294571e-07,True,CONVERGED,float64,cuda:0
forward,0,313,9.390533402597534e-07,True,CONVERGED,float64,cuda:0
forward,1,316,9.381416925241816e-07,True,CONVERGED,float64,cuda:0
forward,2,317,9.500840112954424e-07,True,CONVERGED,float64,cuda:0
adjoint,0,312,9.361841712083238e-07,True,CONVERGED,float64,cuda:0
adjoint,1,320,8.527670563595764e-07,True,CONVERGED,float64,cuda:0
adjoint,2,321,9.465827489670629e-07,True,CONVERGED,float64,cuda:0
forward,0,313,9.402944044937829e-07,True,CONVERGED,float64,cuda:0
forward,1,316,9.383071978751536e-07,True,CONVERGED,float64,cuda:0
forward,2,317,9.505208158935678e-07,True,CONVERGED,float64,cuda:0
adjoint,0,312,9.369380615118267e-07,True,CONVERGED,float64,cuda:0
adjoint,1,320,8.533817915403407e-07,True,CONVERGED,float64,cuda:0
adjoint,2,321,9.471126680177198e-07,True,CONVERGED,float64,cuda:0
forward,0,313,9.39933588292573e-07,True,CONVERGED,float64,cuda:0
forward,1,316,9.382726161167863e-07,True,CONVERGED,float64,cuda:0
forward,2,317,9.516016703932031e-07,True,CONVERGED,float64,cuda:0
adjoint,0,312,9.390333741535947e-07,True,CONVERGED,float64,cuda:0
adjoint,1,320,8.533712989443452e-07,True,CONVERGED,float64,cuda:0
adjoint,2,321,9.473615398175403e-07,True,CONVERGED,float64,cuda:0
forward,0,313,9.401278194850175e-07,True,CONVERGED,float64,cuda:0
forward,1,316,9.381852721674917e-07,True,CONVERGED,float64,cuda:0
forward,2,317,9.524884178049479e-07,True,CONVERGED,float64,cuda:0
adjoint,0,312,9.40496676279872e-07,True,CONVERGED,float64,cuda:0
adjoint,1,320,8.533359577876432e-07,True,CONVERGED,float64,cuda:0
adjoint,2,321,9.474332885204052e-07,True,CONVERGED,float64,cuda:0
forward,0,313,9.406742344849461e-07,True,CONVERGED,float64,cuda:0
forward,1,316,9.383197748640463e-07,True,CONVERGED,float64,cuda:0
forward,2,317,9.523153645904218e-07,True,CONVERGED,float64,cuda:0
adjoint,0,312,9.404630472130039e-07,True,CONVERGED,float64,cuda:0
adjoint,1,320,8.538522895064296e-07,True,CONVERGED,float64,cuda:0
adjoint,2,321,9.484879909986304e-07,True,CONVERGED,float64,cuda:0
forward,0,313,9.407427059523926e-07,True,CONVERGED,float64,cuda:0
forward,1,316,9.383411375999077e-07,True,CONVERGED,float64,cuda:0
forward,2,317,9.523204374787125e-07,True,CONVERGED,float64,cuda:0
adjoint,0,312,9.4077712823631e-07,True,CONVERGED,float64,cuda:0
adjoint,1,320,8.539353800856401e-07,True,CONVERGED,float64,cuda:0
adjoint,2,321,9.486077824239485e-07,True,CONVERGED,float64,cuda:0
forward,0,313,9.409987395047473e-07,True,CONVERGED,float64,cuda:0
forward,1,316,9.382189004206289e-07,True,CONVERGED,float64,cuda:0
forward,2,317,9.53785541073628e-07,True,CONVERGED,float64,cuda:0
adjoint,0,312,9.431329121044849e-07,True,CONVERGED,float64,cuda:0
adjoint,1,320,8.540197893852816e-07,True,CONVERGED,float64,cuda:0
adjoint,2,321,9.490002309832575e-07,True,CONVERGED,float64,cuda:0
forward,0,313,9.414335259903403e-07,True,CONVERGED,float64,cuda:0
forward,1,316,9.381894777910235e-07,True,CONVERGED,float64,cuda:0
forward,2,317,9.553163964491277e-07,True,CONVERGED,float64,cuda:0
adjoint,0,312,9.454334211571266e-07,True,CONVERGED,float64,cuda:0
adjoint,1,320,8.547094058985612e-07,True,CONVERGED,float64,cuda:0
adjoint,2,321,9.497534220534634e-07,True,CONVERGED,float64,cuda:0
forward,0,313,9.423083567105666e-07,True,CONVERGED,float64,cuda:0
forward,1,316,9.384962624442436e-07,True,CONVERGED,float64,cuda:0
forward,2,317,9.551437635253199e-07,True,CONVERGED,float64,cuda:0
adjoint,0,312,9.453733708434421e-07,True,CONVERGED,float64,cuda:0
adjoint,1,320,8.552119967512954e-07,True,CONVERGED,float64,cuda:0
adjoint,2,321,9.50348846800419e-07,True,CONVERGED,float64,cuda:0
forward,0,313,9.427707451448716e-07,True,CONVERGED,float64,cuda:0
forward,1,316,9.389808224763908e-07,True,CONVERGED,float64,cuda:0
forward,2,317,9.551075813678868e-07,True,CONVERGED,float64,cuda:0
adjoint,0,312,9.455125172658438e-07,True,CONVERGED,float64,cuda:0
adjoint,1,320,8.552580458596651e-07,True,CONVERGED,float64,cuda:0
adjoint,2,321,9.504779984810899e-07,True,CONVERGED,float64,cuda:0
forward,0,313,9.417099920420269e-07,True,CONVERGED,float64,cuda:0
forward,1,316,9.385447980529637e-07,True,CONVERGED,float64,cuda:0
forward,2,317,9.556126859822704e-07,True,CONVERGED,float64,cuda:0
adjoint,0,312,9.466223205124485e-07,True,CONVERGED,float64,cuda:0
adjoint,1,320,8.545966665520481e-07,True,CONVERGED,float64,cuda:0
adjoint,2,321,9.499102203154106e-07,True,CONVERGED,float64,cuda:0
forward,0,313,9.416948916429806e-07,True,CONVERGED,float64,cuda:0
forward,1,316,9.384693163054335e-07,True,CONVERGED,float64,cuda:0
forward,2,317,9.56699188540819e-07,True,CONVERGED,float64,cuda:0
adjoint,0,312,9.482150646898012e-07,True,CONVERGED,float64,cuda:0
adjoint,1,320,8.550369153201377e-07,True,CONVERGED,float64,cuda:0
adjoint,2,321,9.505006106649018e-07,True,CONVERGED,float64,cuda:0
forward,0,313,9.43255833864864e-07,True,CONVERGED,float64,cuda:0
forward,1,316,9.391119771832868e-07,True,CONVERGED,float64,cuda:0
forward,2,317,9.57082346774989e-07,True,CONVERGED,float64,cuda:0
adjoint,0,312,9.489216071870165e-07,True,CONVERGED,float64,cuda:0
adjoint,1,320,8.556665287552936e-07,True,CONVERGED,float64,cuda:0
adjoint,2,321,9.512951572548252e-07,True,CONVERGED,float64,cuda:0
forward,0,313,9.449722021955345e-07,True,CONVERGED,float64,cuda:0
forward,1,316,9.391492997411809e-07,True,CONVERGED,float64,cuda:0
forward,2,317,9.583187176713962e-07,True,CONVERGED,float64,cuda:0
adjoint,0,312,9.503025021124704e-07,True,CONVERGED,float64,cuda:0
adjoint,1,320,8.570655283410668e-07,True,CONVERGED,float64,cuda:0
adjoint,2,321,9.526407094905137e-07,True,CONVERGED,float64,cuda:0
forward,0,313,9.434352921038838e-07,True,CONVERGED,float64,cuda:0
forward,1,316,9.388005657034205e-07,True,CONVERGED,float64,cuda:0
forward,2,317,9.586785252563443e-07,True,CONVERGED,float64,cuda:0
adjoint,0,312,9.513645239143898e-07,True,CONVERGED,float64,cuda:0
adjoint,1,320,8.562517192526368e-07,True,CONVERGED,float64,cuda:0
adjoint,2,321,9.521599291382147e-07,True,CONVERGED,float64,cuda:0
forward,0,313,9.429294529358809e-07,True,CONVERGED,float64,cuda:0
forward,1,316,9.388291374651981e-07,True,CONVERGED,float64,cuda:0
forward,2,317,9.594633214952315e-07,True,CONVERGED,float64,cuda:0
adjoint,0,312,9.526129495602476e-07,True,CONVERGED,float64,cuda:0
adjoint,1,320,8.561652422320007e-07,True,CONVERGED,float64,cuda:0
adjoint,2,321,9.524309470335443e-07,True,CONVERGED,float64,cuda:0
forward,0,313,9.441714892146293e-07,True,CONVERGED,float64,cuda:0
forward,1,316,9.391148187603301e-07,True,CONVERGED,float64,cuda:0
forward,2,317,9.59774115287425e-07,True,CONVERGED,float64,cuda:0
adjoint,0,312,9.530779914051937e-07,True,CONVERGED,float64,cuda:0
adjoint,1,320,8.567661568558576e-07,True,CONVERGED,float64,cuda:0
adjoint,2,321,9.529807498207282e-07,True,CONVERGED,float64,cuda:0
forward,0,313,9.44967657583856e-07,True,CONVERGED,float64,cuda:0
forward,1,316,9.391883038673261e-07,True,CONVERGED,float64,cuda:0
forward,2,317,9.606196591441381e-07,True,CONVERGED,float64,cuda:0
adjoint,0,312,9.542613099207859e-07,True,CONVERGED,float64,cuda:0
adjoint,1,320,8.573987689885444e-07,True,CONVERGED,float64,cuda:0
adjoint,2,321,9.537861673907215e-07,True,CONVERGED,float64,cuda:0
forward,0,313,9.445232535198888e-07,True,CONVERGED,float64,cuda:0
forward,1,316,9.391374960221965e-07,True,CONVERGED,float64,cuda:0
forward,2,317,9.613384269919006e-07,True,CONVERGED,float64,cuda:0
adjoint,0,312,9.554991698037492e-07,True,CONVERGED,float64,cuda:0
adjoint,1,320,8.574670921097264e-07,True,CONVERGED,float64,cuda:0
adjoint,2,321,9.54226946282063e-07,True,CONVERGED,float64,cuda:0
forward,0,313,9.443692717911185e-07,True,CONVERGED,float64,cuda:0
forward,1,316,9.388845528843439e-07,True,CONVERGED,float64,cuda:0
forward,2,317,9.621668318481397e-07,True,CONVERGED,float64,cuda:0
adjoint,0,312,9.566015461336586e-07,True,CONVERGED,float64,cuda:0
adjoint,1,320,8.575745574760115e-07,True,CONVERGED,float64,cuda:0
adjoint,2,321,9.54113970479522e-07,True,CONVERGED,float64,cuda:0
forward,0,313,9.454913033070998e-07,True,CONVERGED,float64,cuda:0
forward,1,316,9.392612715125157e-07,True,CONVERGED,float64,cuda:0
forward,2,317,9.625290844977252e-07,True,CONVERGED,float64,cuda:0
adjoint,0,312,9.571795253634687e-07,True,CONVERGED,float64,cuda:0
adjoint,1,320,8.580496245411995e-07,True,CONVERGED,float64,cuda:0
adjoint,2,321,9.544778926604623e-07,True,CONVERGED,float64,cuda:0
forward,0,313,9.465011003343518e-07,True,CONVERGED,float64,cuda:0
forward,1,316,9.3944662003592e-07,True,CONVERGED,float64,cuda:0
forward,2,317,9.627008714619326e-07,True,CONVERGED,float64,cuda:0
adjoint,0,312,9.575032256360257e-07,True,CONVERGED,float64,cuda:0
adjoint,1,320,8.587210102169951e-07,True,CONVERGED,float64,cuda:0
adjoint,2,321,9.553336863861316e-07,True,CONVERGED,float64,cuda:0
forward,0,313,9.449733469747862e-07,True,CONVERGED,float64,cuda:0
forward,1,316,9.390633974309634e-07,True,CONVERGED,float64,cuda:0
forward,2,317,9.631082948309808e-07,True,CONVERGED,float64,cuda:0
adjoint,0,312,9.583658964819132e-07,True,CONVERGED,float64,cuda:0
adjoint,1,320,8.580338932187207e-07,True,CONVERGED,float64,cuda:0
adjoint,2,321,9.548805060541722e-07,True,CONVERGED,float64,cuda:0
forward,0,313,9.454174251952129e-07,True,CONVERGED,float64,cuda:0
forward,1,316,9.393267417634085e-07,True,CONVERGED,float64,cuda:0
forward,2,317,9.641233274841444e-07,True,CONVERGED,float64,cuda:0
adjoint,0,312,9.598024233148963e-07,True,CONVERGED,float64,cuda:0
adjoint,1,320,8.583683422840943e-07,True,CONVERGED,float64,cuda:0
adjoint,2,321,9.553700241132025e-07,True,CONVERGED,float64,cuda:0
forward,0,313,9.468221937858414e-07,True,CONVERGED,float64,cuda:0
forward,1,316,9.397179822537907e-07,True,CONVERGED,float64,cuda:0
forward,2,317,9.650769921195812e-07,True,CONVERGED,float64,cuda:0
adjoint,0,312,9.609530640215987e-07,True,CONVERGED,float64,cuda:0
adjoint,1,320,8.593536631403313e-07,True,CONVERGED,float64,cuda:0
adjoint,2,321,9.56605324103645e-07,True,CONVERGED,float64,cuda:0
forward,0,313,9.476693148560887e-07,True,CONVERGED,float64,cuda:0
forward,1,316,9.395861221639834e-07,True,CONVERGED,float64,cuda:0
forward,2,317,9.666149665274579e-07,True,CONVERGED,float64,cuda:0
adjoint,0,312,9.628288546148409e-07,True,CONVERGED,float64,cuda:0
adjoint,1,320,8.60471480392489e-07,True,CONVERGED,float64,cuda:0
adjoint,2,321,9.57576017007712e-07,True,CONVERGED,float64,cuda:0
forward,0,313,9.4746356288855e-07,True,CONVERGED,float64,cuda:0
forward,1,316,9.39577031928408e-07,True,CONVERGED,float64,cuda:0
forward,2,317,9.676358287697901e-07,True,CONVERGED,float64,cuda:0
adjoint,0,312,9.640149692806339e-07,True,CONVERGED,float64,cuda:0
adjoint,1,320,8.608522348887495e-07,True,CONVERGED,float64,cuda:0
adjoint,2,321,9.581934756103378e-07,True,CONVERGED,float64,cuda:0
forward,0,313,9.468399070054595e-07,True,CONVERGED,float64,cuda:0
forward,1,316,9.395382492645071e-07,True,CONVERGED,float64,cuda:0
forward,2,317,9.678553394570198e-07,True,CONVERGED,float64,cuda:0
adjoint,0,312,9.64579795587533e-07,True,CONVERGED,float64,cuda:0
adjoint,1,320,8.60472858797641e-07,True,CONVERGED,float64,cuda:0
adjoint,2,321,9.580333046773785e-07,True,CONVERGED,float64,cuda:0
forward,0,313,9.470430648433017e-07,True,CONVERGED,float64,cuda:0
forward,1,316,9.396284052542595e-07,True,CONVERGED,float64,cuda:0
forward,2,317,9.67944072108954e-07,True,CONVERGED,float64,cuda:0
adjoint,0,312,9.649948722357235e-07,True,CONVERGED,float64,cuda:0
adjoint,1,320,8.606035322539521e-07,True,CONVERGED,float64,cuda:0
adjoint,2,321,9.58267159387467e-07,True,CONVERGED,float64,cuda:0
forward,0,313,9.469432582653829e-07,True,CONVERGED,float64,cuda:0
forward,1,316,9.396208563791976e-07,True,CONVERGED,float64,cuda:0
forward,2,317,9.679576314332025e-07,True,CONVERGED,float64,cuda:0
adjoint,0,312,9.651958221916598e-07,True,CONVERGED,float64,cuda:0
adjoint,1,320,8.6053367569685e-07,True,CONVERGED,float64,cuda:0
adjoint,2,321,9.583603467761756e-07,True,CONVERGED,float64,cuda:0
forward,0,313,9.476412358120293e-07,True,CONVERGED,float64,cuda:0
forward,1,316,9.396212940819677e-07,True,CONVERGED,float64,cuda:0
forward,2,317,9.6969589999503e-07,True,CONVERGED,float64,cuda:0
adjoint,0,312,9.669767511378386e-07,True,CONVERGED,float64,cuda:0
adjoint,1,320,8.613418328269575e-07,True,CONVERGED,float64,cuda:0
adjoint,2,321,9.588934777014028e-07,True,CONVERGED,float64,cuda:0
forward,0,313,9.486897180670518e-07,True,CONVERGED,float64,cuda:0
forward,1,316,9.400548588849416e-07,True,CONVERGED,float64,cuda:0
forward,2,317,9.707979369864652e-07,True,CONVERGED,float64,cuda:0
adjoint,0,312,9.682534387149157e-07,True,CONVERGED,float64,cuda:0
adjoint,1,320,8.619297062948908e-07,True,CONVERGED,float64,cuda:0
adjoint,2,321,9.594056797071288e-07,True,CONVERGED,float64,cuda:0
forward,0,313,9.494279531284994e-07,True,CONVERGED,float64,cuda:0
forward,1,316,9.402324301036789e-07,True,CONVERGED,float64,cuda:0
forward,2,317,9.710859389832718e-07,True,CONVERGED,float64,cuda:0
adjoint,0,312,9.688814587408534e-07,True,CONVERGED,float64,cuda:0
adjoint,1,320,8.625748248657223e-07,True,CONVERGED,float64,cuda:0
adjoint,2,321,9.603448498618678e-07,True,CONVERGED,float64,cuda:0
forward,0,313,9.489821431584297e-07,True,CONVERGED,float64,cuda:0
forward,1,316,9.403314669233088e-07,True,CONVERGED,float64,cuda:0
forward,2,317,9.71941219357494e-07,True,CONVERGED,float64,cuda:0
adjoint,0,312,9.698355121043169e-07,True,CONVERGED,float64,cuda:0
adjoint,1,320,8.624877620111486e-07,True,CONVERGED,float64,cuda:0
adjoint,2,321,9.604433382886794e-07,True,CONVERGED,float64,cuda:0
forward,0,313,9.475683826570373e-07,True,CONVERGED,float64,cuda:0
forward,1,316,9.40190214113471e-07,True,CONVERGED,float64,cuda:0
forward,2,317,9.725673201046999e-07,True,CONVERGED,float64,cuda:0
adjoint,0,312,9.70769561458929e-07,True,CONVERGED,float64,cuda:0
adjoint,1,320,8.622391572225155e-07,True,CONVERGED,float64,cuda:0
adjoint,2,321,9.606565308893086e-07,True,CONVERGED,float64,cuda:0
forward,0,313,9.483223747463793e-07,True,CONVERGED,float64,cuda:0
forward,1,316,9.401817239739706e-07,True,CONVERGED,float64,cuda:0
forward,2,317,9.73353403973949e-07,True,CONVERGED,float64,cuda:0
adjoint,0,312,9.715565922060855e-07,True,CONVERGED,float64,cuda:0
adjoint,1,320,8.626018702667691e-07,True,CONVERGED,float64,cuda:0
adjoint,2,321,9.610793224955994e-07,True,CONVERGED,float64,cuda:0
forward,0,313,9.492734678089643e-07,True,CONVERGED,float64,cuda:0
forward,1,316,9.407968075856811e-07,True,CONVERGED,float64,cuda:0
forward,2,317,9.73998210431779e-07,True,CONVERGED,float64,cuda:0
adjoint,0,312,9.725348318244157e-07,True,CONVERGED,float64,cuda:0
adjoint,1,320,8.632324813624508e-07,True,CONVERGED,float64,cuda:0
adjoint,2,321,9.619911489774747e-07,True,CONVERGED,float64,cuda:0
forward,0,313,9.499512101747343e-07,True,CONVERGED,float64,cuda:0
forward,1,316,9.409254003691333e-07,True,CONVERGED,float64,cuda:0
forward,2,317,9.765785145635252e-07,True,CONVERGED,float64,cuda:0
adjoint,0,312,9.747668682150776e-07,True,CONVERGED,float64,cuda:0
adjoint,1,320,8.645042011430624e-07,True,CONVERGED,float64,cuda:0
adjoint,2,321,9.628956013149499e-07,True,CONVERGED,float64,cuda:0
forward,0,313,9.50551776428749e-07,True,CONVERGED,float64,cuda:0
forward,1,316,9.416903476988481e-07,True,CONVERGED,float64,cuda:0
forward,2,317,9.777809775433603e-07,True,CONVERGED,float64,cuda:0
adjoint,0,312,9.761404278803712e-07,True,CONVERGED,float64,cuda:0
adjoint,1,320,8.647611849565701e-07,True,CONVERGED,float64,cuda:0
adjoint,2,321,9.631024098824276e-07,True,CONVERGED,float64,cuda:0
forward,0,313,9.506484612303368e-07,True,CONVERGED,float64,cuda:0
forward,1,316,9.418170198430586e-07,True,CONVERGED,float64,cuda:0
forward,2,317,9.779868049916975e-07,True,CONVERGED,float64,cuda:0
adjoint,0,312,9.764935684744044e-07,True,CONVERGED,float64,cuda:0
adjoint,1,320,8.650350117009218e-07,True,CONVERGED,float64,cuda:0
adjoint,2,321,9.636289372549828e-07,True,CONVERGED,float64,cuda:0
forward,0,313,9.51116061583068e-07,True,CONVERGED,float64,cuda:0
forward,1,316,9.418974389598415e-07,True,CONVERGED,float64,cuda:0
forward,2,317,9.775240077707154e-07,True,CONVERGED,float64,cuda:0
adjoint,0,312,9.76212925067799e-07,True,CONVERGED,float64,cuda:0
adjoint,1,320,8.646124714562403e-07,True,CONVERGED,float64,cuda:0
adjoint,2,321,9.633295727801566e-07,True,CONVERGED,float64,cuda:0
forward,0,313,9.490283569149888e-07,True,CONVERGED,float64,cuda:0
forward,1,316,9.416574108211194e-07,True,CONVERGED,float64,cuda:0
forward,2,317,9.778307838923606e-07,True,CONVERGED,float64,cuda:0
adjoint,0,312,9.766207148492141e-07,True,CONVERGED,float64,cuda:0
adjoint,1,320,8.636830798972484e-07,True,CONVERGED,float64,cuda:0
adjoint,2,321,9.628796331172034e-07,True,CONVERGED,float64,cuda:0
forward,0,313,9.49141235428721e-07,True,CONVERGED,float64,cuda:0
forward,1,316,9.41567324098859e-07,True,CONVERGED,float64,cuda:0
forward,2,317,9.795442906615313e-07,True,CONVERGED,float64,cuda:0
adjoint,0,312,9.78141146812663e-07,True,CONVERGED,float64,cuda:0
adjoint,1,320,8.645615472394775e-07,True,CONVERGED,float64,cuda:0
adjoint,2,321,9.637739294131371e-07,True,CONVERGED,float64,cuda:0
forward,0,313,9.522863102180752e-07,True,CONVERGED,float64,cuda:0
forward,1,316,9.42861735214069e-07,True,CONVERGED,float64,cuda:0
forward,2,317,9.81317128890865e-07,True,CONVERGED,float64,cuda:0
adjoint,0,312,9.800885347980747e-07,True,CONVERGED,float64,cuda:0
adjoint,1,320,8.665015063583783e-07,True,CONVERGED,float64,cuda:0
adjoint,2,321,9.658558455627013e-07,True,CONVERGED,float64,cuda:0
forward,0,313,9.533236173378659e-07,True,CONVERGED,float64,cuda:0
forward,1,316,9.433066922393248e-07,True,CONVERGED,float64,cuda:0
forward,2,317,9.833803836582965e-07,True,CONVERGED,float64,cuda:0
adjoint,0,312,9.817382876547932e-07,True,CONVERGED,float64,cuda:0
adjoint,1,320,8.675188656791222e-07,True,CONVERGED,float64,cuda:0
adjoint,2,321,9.665890156253645e-07,True,CONVERGED,float64,cuda:0
forward,0,313,9.514279396312505e-07,True,CONVERGED,float64,cuda:0
forward,1,316,9.439012842834116e-07,True,CONVERGED,float64,cuda:0
forward,2,317,9.837469484558806e-07,True,CONVERGED,float64,cuda:0
adjoint,0,312,9.820538555233076e-07,True,CONVERGED,float64,cuda:0
adjoint,1,320,8.66507716966452e-07,True,CONVERGED,float64,cuda:0
adjoint,2,321,9.660123495806419e-07,True,CONVERGED,float64,cuda:0
forward,0,313,9.506027514874818e-07,True,CONVERGED,float64,cuda:0
forward,1,316,9.436255912231255e-07,True,CONVERGED,float64,cuda:0
forward,2,317,9.840128756765924e-07,True,CONVERGED,float64,cuda:0
adjoint,0,312,9.82276976801796e-07,True,CONVERGED,float64,cuda:0
adjoint,1,320,8.662063658177678e-07,True,CONVERGED,float64,cuda:0
adjoint,2,321,9.659920611813055e-07,True,CONVERGED,float64,cuda:0
forward,0,313,9.51774597365001e-07,True,CONVERGED,float64,cuda:0
forward,1,316,9.432482551281503e-07,True,CONVERGED,float64,cuda:0
forward,2,317,9.840532160978039e-07,True,CONVERGED,float64,cuda:0
adjoint,0,312,9.827002650319106e-07,True,CONVERGED,float64,cuda:0
adjoint,1,320,8.671434259229396e-07,True,CONVERGED,float64,cuda:0
adjoint,2,321,9.67128302404701e-07,True,CONVERGED,float64,cuda:0
forward,0,313,9.518140915453322e-07,True,CONVERGED,float64,cuda:0
forward,1,316,9.439670191307179e-07,True,CONVERGED,float64,cuda:0
forward,2,317,9.85449228733634e-07,True,CONVERGED,float64,cuda:0
adjoint,0,312,9.836889256411023e-07,True,CONVERGED,float64,cuda:0
adjoint,1,320,8.674286361186813e-07,True,CONVERGED,float64,cuda:0
adjoint,2,321,9.674661410546588e-07,True,CONVERGED,float64,cuda:0
forward,0,313,9.524477491031306e-07,True,CONVERGED,float64,cuda:0
forward,1,316,9.451790137853496e-07,True,CONVERGED,float64,cuda:0
forward,2,317,9.87585979629656e-07,True,CONVERGED,float64,cuda:0
adjoint,0,312,9.85044209334986e-07,True,CONVERGED,float64,cuda:0
adjoint,1,320,8.67783165232871e-07,True,CONVERGED,float64,cuda:0
adjoint,2,321,9.675653284099666e-07,True,CONVERGED,float64,cuda:0
forward,0,313,9.536033480006692e-07,True,CONVERGED,float64,cuda:0
forward,1,316,9.461230804584978e-07,True,CONVERGED,float64,cuda:0
forward,2,317,9.89832893429083e-07,True,CONVERGED,float64,cuda:0
adjoint,0,312,9.864832493859882e-07,True,CONVERGED,float64,cuda:0
adjoint,1,320,8.687779472955962e-07,True,CONVERGED,float64,cuda:0
adjoint,2,321,9.683143786992922e-07,True,CONVERGED,float64,cuda:0
forward,0,313,9.54802056020344e-07,True,CONVERGED,float64,cuda:0
forward,1,316,9.462030281499669e-07,True,CONVERGED,float64,cuda:0
forward,2,317,9.89794984962184e-07,True,CONVERGED,float64,cuda:0
adjoint,0,312,9.868626526228725e-07,True,CONVERGED,float64,cuda:0
adjoint,1,320,8.691654648221794e-07,True,CONVERGED,float64,cuda:0
adjoint,2,321,9.688648724083857e-07,True,CONVERGED,float64,cuda:0
forward,0,313,9.5367686026226e-07,True,CONVERGED,float64,cuda:0
forward,1,316,9.462604545179217e-07,True,CONVERGED,float64,cuda:0
forward,2,317,9.893299590664319e-07,True,CONVERGED,float64,cuda:0
adjoint,0,312,9.86618515118902e-07,True,CONVERGED,float64,cuda:0
adjoint,1,320,8.68468651579592e-07,True,CONVERGED,float64,cuda:0
adjoint,2,321,9.690448695780824e-07,True,CONVERGED,float64,cuda:0
forward,0,313,9.520246720724487e-07,True,CONVERGED,float64,cuda:0
forward,1,316,9.458122525860166e-07,True,CONVERGED,float64,cuda:0
forward,2,317,9.902151961075428e-07,True,CONVERGED,float64,cuda:0
adjoint,0,312,9.865656525756204e-07,True,CONVERGED,float64,cuda:0
adjoint,1,320,8.681086383167066e-07,True,CONVERGED,float64,cuda:0
adjoint,2,321,9.689409816945156e-07,True,CONVERGED,float64,cuda:0
forward,0,313,9.531734102025132e-07,True,CONVERGED,float64,cuda:0
forward,1,316,9.469456309261042e-07,True,CONVERGED,float64,cuda:0
forward,2,317,9.917841851373132e-07,True,CONVERGED,float64,cuda:0
adjoint,0,312,9.874481481217684e-07,True,CONVERGED,float64,cuda:0
adjoint,1,320,8.685945731508178e-07,True,CONVERGED,float64,cuda:0
adjoint,2,321,9.691889961574463e-07,True,CONVERGED,float64,cuda:0
forward,0,313,9.556154398211326e-07,True,CONVERGED,float64,cuda:0
forward,1,316,9.48164639128327e-07,True,CONVERGED,float64,cuda:0
forward,2,317,9.935025561661631e-07,True,CONVERGED,float64,cuda:0
adjoint,0,312,9.889892229593282e-07,True,CONVERGED,float64,cuda:0
adjoint,1,320,8.701620050385856e-07,True,CONVERGED,float64,cuda:0
adjoint,2,321,9.708478406656997e-07,True,CONVERGED,float64,cuda:0
forward,0,313,9.563899034998811e-07,True,CONVERGED,float64,cuda:0
forward,1,316,9.492469381975838e-07,True,CONVERGED,float64,cuda:0
forward,2,317,9.95269420095139e-07,True,CONVERGED,float64,cuda:0
adjoint,0,312,9.897528854737044e-07,True,CONVERGED,float64,cuda:0
adjoint,1,320,8.708364798976417e-07,True,CONVERGED,float64,cuda:0
adjoint,2,321,9.710543745321353e-07,True,CONVERGED,float64,cuda:0
forward,0,313,9.5537013515679e-07,True,CONVERGED,float64,cuda:0
forward,1,316,9.496378505279572e-07,True,CONVERGED,float64,cuda:0
forward,2,317,9.961937741668945e-07,True,CONVERGED,float64,cuda:0
adjoint,0,312,9.89518251721077e-07,True,CONVERGED,float64,cuda:0
adjoint,1,320,8.703925954332268e-07,True,CONVERGED,float64,cuda:0
adjoint,2,321,9.708591167229293e-07,True,CONVERGED,float64,cuda:0
forward,0,313,9.55172124449442e-07,True,CONVERGED,float64,cuda:0
forward,1,316,9.494979235315973e-07,True,CONVERGED,float64,cuda:0
forward,2,317,9.967222470078546e-07,True,CONVERGED,float64,cuda:0
adjoint,0,312,9.895123803271707e-07,True,CONVERGED,float64,cuda:0
adjoint,1,320,8.705270143330541e-07,True,CONVERGED,float64,cuda:0
adjoint,2,321,9.709045898999184e-07,True,CONVERGED,float64,cuda:0
forward,0,313,9.55582800070271e-07,True,CONVERGED,float64,cuda:0
forward,1,316,9.497331709717611e-07,True,CONVERGED,float64,cuda:0
forward,2,317,9.97009923253888e-07,True,CONVERGED,float64,cuda:0
adjoint,0,312,9.899049852522123e-07,True,CONVERGED,float64,cuda:0
adjoint,1,320,8.710211822113121e-07,True,CONVERGED,float64,cuda:0
adjoint,2,321,9.717611759379232e-07,True,CONVERGED,float64,cuda:0
forward,0,313,9.561008664779851e-07,True,CONVERGED,float64,cuda:0
forward,1,316,9.508569868634684e-07,True,CONVERGED,float64,cuda:0
forward,2,317,9.986756536728884e-07,True,CONVERGED,float64,cuda:0
adjoint,0,312,9.902064482522462e-07,True,CONVERGED,float64,cuda:0
adjoint,1,320,8.714805932750434e-07,True,CONVERGED,float64,cuda:0
adjoint,2,321,9.71962282872834e-07,True,CONVERGED,float64,cuda:0
forward,0,313,9.569019978846235e-07,True,CONVERGED,float64,cuda:0
forward,1,316,9.517330674959146e-07,True,CONVERGED,float64,cuda:0
forward,2,318,9.59142171357155e-07,True,CONVERGED,float64,cuda:0
adjoint,0,312,9.907682809134795e-07,True,CONVERGED,float64,cuda:0
adjoint,1,320,8.723324855543279e-07,True,CONVERGED,float64,cuda:0
adjoint,2,321,9.727245058442903e-07,True,CONVERGED,float64,cuda:0
forward,0,313,9.576671491157516e-07,True,CONVERGED,float64,cuda:0
forward,1,316,9.52863392280502e-07,True,CONVERGED,float64,cuda:0
forward,2,318,9.606937098499253e-07,True,CONVERGED,float64,cuda:0
adjoint,0,312,9.909354448271717e-07,True,CONVERGED,float64,cuda:0
adjoint,1,320,8.72737726496397e-07,True,CONVERGED,float64,cuda:0
adjoint,2,321,9.730760982268248e-07,True,CONVERGED,float64,cuda:0
forward,0,313,9.579562190155355e-07,True,CONVERGED,float64,cuda:0
forward,1,316,9.529541474367841e-07,True,CONVERGED,float64,cuda:0
forward,2,318,9.615512497839818e-07,True,CONVERGED,float64,cuda:0
adjoint,0,312,9.91072633095726e-07,True,CONVERGED,float64,cuda:0
adjoint,1,320,8.731362349326719e-07,True,CONVERGED,float64,cuda:0
adjoint,2,321,9.736777465197098e-07,True,CONVERGED,float64,cuda:0
forward,0,313,9.576258654634084e-07,True,CONVERGED,float64,cuda:0
forward,1,316,9.536559449564476e-07,True,CONVERGED,float64,cuda:0
forward,2,318,9.631912025417724e-07,True,CONVERGED,float64,cuda:0
adjoint,0,312,9.90715213277415e-07,True,CONVERGED,float64,cuda:0
adjoint,1,320,8.730736561372626e-07,True,CONVERGED,float64,cuda:0
adjoint,2,321,9.73662156224181e-07,True,CONVERGED,float64,cuda:0
forward,0,313,9.577029802978525e-07,True,CONVERGED,float64,cuda:0
forward,1,316,9.540867099010938e-07,True,CONVERGED,float64,cuda:0
forward,2,318,9.642280613108599e-07,True,CONVERGED,float64,cuda:0
adjoint,0,312,9.905779549699607e-07,True,CONVERGED,float64,cuda:0
adjoint,1,320,8.732231011817464e-07,True,CONVERGED,float64,cuda:0
adjoint,2,321,9.738665803061078e-07,True,CONVERGED,float64,cuda:0
forward,0,313,9.583173343441414e-07,True,CONVERGED,float64,cuda:0
forward,1,316,9.549253961858102e-07,True,CONVERGED,float64,cuda:0
forward,2,318,9.655265757847587e-07,True,CONVERGED,float64,cuda:0
adjoint,0,312,9.906777615141742e-07,True,CONVERGED,float64,cuda:0
adjoint,1,320,8.736474283590265e-07,True,CONVERGED,float64,cuda:0
adjoint,2,321,9.742162308983347e-07,True,CONVERGED,float64,cuda:0
forward,0,313,9.59059535011824e-07,True,CONVERGED,float64,cuda:0
forward,1,316,9.557830196238844e-07,True,CONVERGED,float64,cuda:0
forward,2,318,9.674803256721464e-07,True,CONVERGED,float64,cuda:0
adjoint,0,312,9.909575487450503e-07,True,CONVERGED,float64,cuda:0
adjoint,1,320,8.745411348285162e-07,True,CONVERGED,float64,cuda:0
adjoint,2,321,9.749160067300878e-07,True,CONVERGED,float64,cuda:0
forward,0,313,9.602072758990564e-07,True,CONVERGED,float64,cuda:0
forward,1,316,9.5743580095458e-07,True,CONVERGED,float64,cuda:0
forward,2,318,9.695846115386282e-07,True,CONVERGED,float64,cuda:0
adjoint,0,312,9.909901836137465e-07,True,CONVERGED,float64,cuda:0
adjoint,1,320,8.75053031814686e-07,True,CONVERGED,float64,cuda:0
adjoint,2,321,9.746345289069229e-07,True,CONVERGED,float64,cuda:0
forward,0,313,9.600428468689742e-07,True,CONVERGED,float64,cuda:0
forward,1,316,9.574360272899907e-07,True,CONVERGED,float64,cuda:0
forward,2,318,9.705065648610858e-07,True,CONVERGED,float64,cuda:0
adjoint,0,312,9.910458797940407e-07,True,CONVERGED,float64,cuda:0
adjoint,1,320,8.75547865339864e-07,True,CONVERGED,float64,cuda:0
adjoint,2,321,9.753181623284976e-07,True,CONVERGED,float64,cuda:0
forward,0,313,9.603611975750044e-07,True,CONVERGED,float64,cuda:0
forward,1,316,9.58069767179289e-07,True,CONVERGED,float64,cuda:0
forward,2,318,9.714142081829953e-07,True,CONVERGED,float64,cuda:0
adjoint,0,312,9.911725605240922e-07,True,CONVERGED,float64,cuda:0
adjoint,1,320,8.756784719706585e-07,True,CONVERGED,float64,cuda:0
adjoint,2,321,9.758337144606287e-07,True,CONVERGED,float64,cuda:0
forward,0,313,9.593718137152312e-07,True,CONVERGED,float64,cuda:0
forward,1,316,9.587829859726044e-07,True,CONVERGED,float64,cuda:0
forward,2,318,9.725697895168508e-07,True,CONVERGED,float64,cuda:0
adjoint,0,312,9.90417218632524e-07,True,CONVERGED,float64,cuda:0
adjoint,1,320,8.752272450752567e-07,True,CONVERGED,float64,cuda:0
adjoint,2,321,9.755078138633998e-07,True,CONVERGED,float64,cuda:0
forward,0,313,9.613383929075674e-07,True,CONVERGED,float64,cuda:0
forward,1,316,9.596491825646622e-07,True,CONVERGED,float64,cuda:0
forward,2,318,9.746361931733398e-07,True,CONVERGED,float64,cuda:0
adjoint,0,312,9.909940883358702e-07,True,CONVERGED,float64,cuda:0
adjoint,1,320,8.7657829351398e-07,True,CONVERGED,float64,cuda:0
adjoint,2,321,9.7606640644438e-07,True,CONVERGED,float64,cuda:0
forward,0,313,9.61936915651621e-07,True,CONVERGED,float64,cuda:0
forward,1,316,9.603508264367167e-07,True,CONVERGED,float64,cuda:0
forward,2,318,9.759498952924924e-07,True,CONVERGED,float64,cuda:0
adjoint,0,312,9.911167342823225e-07,True,CONVERGED,float64,cuda:0
adjoint,1,320,8.772943329713722e-07,True,CONVERGED,float64,cuda:0
adjoint,2,321,9.767765251818044e-07,True,CONVERGED,float64,cuda:0
forward,0,313,9.62669650470697e-07,True,CONVERGED,float64,cuda:0
forward,1,316,9.610417166059825e-07,True,CONVERGED,float64,cuda:0
forward,2,318,9.768834468600502e-07,True,CONVERGED,float64,cuda:0
adjoint,0,312,9.911755134419428e-07,True,CONVERGED,float64,cuda:0
adjoint,1,320,8.775619689232645e-07,True,CONVERGED,float64,cuda:0
adjoint,2,321,9.766342008968428e-07,True,CONVERGED,float64,cuda:0
forward,0,313,9.628163555341447e-07,True,CONVERGED,float64,cuda:0
forward,1,316,9.615248651999463e-07,True,CONVERGED,float64,cuda:0
forward,2,318,9.783411304500226e-07,True,CONVERGED,float64,cuda:0
adjoint,0,312,9.911768277959353e-07,True,CONVERGED,float64,cuda:0
adjoint,1,320,8.778862276392603e-07,True,CONVERGED,float64,cuda:0
adjoint,2,321,9.76651888666459e-07,True,CONVERGED,float64,cuda:0
forward,0,313,9.617631773207216e-07,True,CONVERGED,float64,cuda:0
forward,1,316,9.616896865364479e-07,True,CONVERGED,float64,cuda:0
forward,2,318,9.78930424401842e-07,True,CONVERGED,float64,cuda:0
adjoint,0,312,9.90802053567491e-07,True,CONVERGED,float64,cuda:0
adjoint,1,320,8.778309079141593e-07,True,CONVERGED,float64,cuda:0
adjoint,2,321,9.771460378397935e-07,True,CONVERGED,float64,cuda:0
forward,0,313,9.632543577141477e-07,True,CONVERGED,float64,cuda:0
forward,1,316,9.631456869131808e-07,True,CONVERGED,float64,cuda:0
forward,2,318,9.80546799887153e-07,True,CONVERGED,float64,cuda:0
adjoint,0,312,9.914766009008687e-07,True,CONVERGED,float64,cuda:0
adjoint,1,320,8.786471962225846e-07,True,CONVERGED,float64,cuda:0
adjoint,2,321,9.77157828120132e-07,True,CONVERGED,float64,cuda:0
forward,0,313,9.640335256423105e-07,True,CONVERGED,float64,cuda:0
forward,1,316,9.64191136180501e-07,True,CONVERGED,float64,cuda:0
forward,2,318,9.81895723205567e-07,True,CONVERGED,float64,cuda:0
adjoint,0,312,9.918064928796223e-07,True,CONVERGED,float64,cuda:0
adjoint,1,320,8.79434208371167e-07,True,CONVERGED,float64,cuda:0
adjoint,2,321,9.774504404987584e-07,True,CONVERGED,float64,cuda:0
forward,0,313,9.642160320526e-07,True,CONVERGED,float64,cuda:0
forward,1,316,9.647889068290505e-07,True,CONVERGED,float64,cuda:0
forward,2,318,9.837320656185892e-07,True,CONVERGED,float64,cuda:0
adjoint,0,312,9.921850003351923e-07,True,CONVERGED,float64,cuda:0
adjoint,1,320,8.79880289866655e-07,True,CONVERGED,float64,cuda:0
adjoint,2,321,9.776750314386057e-07,True,CONVERGED,float64,cuda:0
forward,0,313,9.645768735584358e-07,True,CONVERGED,float64,cuda:0
forward,1,316,9.655070238069228e-07,True,CONVERGED,float64,cuda:0
forward,2,318,9.847877177120423e-07,True,CONVERGED,float64,cuda:0
adjoint,0,312,9.92521730581801e-07,True,CONVERGED,float64,cuda:0
adjoint,1,320,8.802371526403104e-07,True,CONVERGED,float64,cuda:0
adjoint,2,321,9.778690728585156e-07,True,CONVERGED,float64,cuda:0
forward,0,313,9.656466217230575e-07,True,CONVERGED,float64,cuda:0
forward,1,316,9.6582106737314e-07,True,CONVERGED,float64,cuda:0
forward,2,318,9.855263626227181e-07,True,CONVERGED,float64,cuda:0
adjoint,0,312,9.931762640610539e-07,True,CONVERGED,float64,cuda:0
adjoint,1,320,8.811927255650275e-07,True,CONVERGED,float64,cuda:0
adjoint,2,321,9.78945094122074e-07,True,CONVERGED,float64,cuda:0
forward,0,313,9.647912246886943e-07,True,CONVERGED,float64,cuda:0
forward,1,316,9.658959746827436e-07,True,CONVERGED,float64,cuda:0
forward,2,318,9.861049210462719e-07,True,CONVERGED,float64,cuda:0
adjoint,0,312,9.929462322422259e-07,True,CONVERGED,float64,cuda:0
adjoint,1,320,8.810385275131688e-07,True,CONVERGED,float64,cuda:0
adjoint,2,321,9.7892580779097e-07,True,CONVERGED,float64,cuda:0
forward,0,313,9.651576393598031e-07,True,CONVERGED,float64,cuda:0
forward,1,316,9.66669631578168e-07,True,CONVERGED,float64,cuda:0
forward,2,318,9.877794825089436e-07,True,CONVERGED,float64,cuda:0
adjoint,0,312,9.93362782180376e-07,True,CONVERGED,float64,cuda:0
adjoint,1,320,8.815945044240175e-07,True,CONVERGED,float64,cuda:0
adjoint,2,321,9.78708662604262e-07,True,CONVERGED,float64,cuda:0
forward,0,313,9.667769544557116e-07,True,CONVERGED,float64,cuda:0
forward,1,316,9.681454680581303e-07,True,CONVERGED,float64,cuda:0
forward,2,318,9.892536650112433e-07,True,CONVERGED,float64,cuda:0
adjoint,0,312,9.943870297513578e-07,True,CONVERGED,float64,cuda:0
adjoint,1,320,8.826612480248003e-07,True,CONVERGED,float64,cuda:0
adjoint,2,321,9.790425116735782e-07,True,CONVERGED,float64,cuda:0
forward,0,313,9.686005684647861e-07,True,CONVERGED,float64,cuda:0
forward,1,316,9.694462371520412e-07,True,CONVERGED,float64,cuda:0
forward,2,318,9.906195099852057e-07,True,CONVERGED,float64,cuda:0
adjoint,0,312,9.954562214702356e-07,True,CONVERGED,float64,cuda:0
adjoint,1,320,8.838659492833152e-07,True,CONVERGED,float64,cuda:0
adjoint,2,321,9.794792152250323e-07,True,CONVERGED,float64,cuda:0
forward,0,313,9.664962721574041e-07,True,CONVERGED,float64,cuda:0
forward,1,316,9.690787059145138e-07,True,CONVERGED,float64,cuda:0
forward,2,318,9.910977546976956e-07,True,CONVERGED,float64,cuda:0
adjoint,0,312,9.951818770518969e-07,True,CONVERGED,float64,cuda:0
adjoint,1,320,8.834427870659378e-07,True,CONVERGED,float64,cuda:0
adjoint,2,321,9.797570568500636e-07,True,CONVERGED,float64,cuda:0
forward,0,313,9.666178282355803e-07,True,CONVERGED,float64,cuda:0
forward,1,316,9.696379040427568e-07,True,CONVERGED,float64,cuda:0
forward,2,318,9.921514107541311e-07,True,CONVERGED,float64,cuda:0
adjoint,0,312,9.955579776203817e-07,True,CONVERGED,float64,cuda:0
adjoint,1,320,8.838581428130229e-07,True,CONVERGED,float64,cuda:0
adjoint,2,321,9.79731067261156e-07,True,CONVERGED,float64,cuda:0
forward,0,313,9.692491934318661e-07,True,CONVERGED,float64,cuda:0
forward,1,316,9.709013451747615e-07,True,CONVERGED,float64,cuda:0
forward,2,318,9.932907155685884e-07,True,CONVERGED,float64,cuda:0
adjoint,0,312,9.97056707949925e-07,True,CONVERGED,float64,cuda:0
adjoint,1,320,8.852109157647521e-07,True,CONVERGED,float64,cuda:0
adjoint,2,321,9.803183827635758e-07,True,CONVERGED,float64,cuda:0
forward,0,313,9.694556099030176e-07,True,CONVERGED,float64,cuda:0
forward,1,316,9.71676535311161e-07,True,CONVERGED,float64,cuda:0
forward,2,318,9.947416550481447e-07,True,CONVERGED,float64,cuda:0
adjoint,0,312,9.977379328893547e-07,True,CONVERGED,float64,cuda:0
adjoint,1,320,8.857944219297077e-07,True,CONVERGED,float64,cuda:0
adjoint,2,321,9.802183230326394e-07,True,CONVERGED,float64,cuda:0
forward,0,313,9.69055885856916e-07,True,CONVERGED,float64,cuda:0
forward,1,316,9.720407271853941e-07,True,CONVERGED,float64,cuda:0
forward,2,318,9.957813239966916e-07,True,CONVERGED,float64,cuda:0
adjoint,0,312,9.982974881806304e-07,True,CONVERGED,float64,cuda:0
adjoint,1,320,8.857687331636503e-07,True,CONVERGED,float64,cuda:0
adjoint,2,321,9.798996001368803e-07,True,CONVERGED,float64,cuda:0
forward,0,313,9.700358525604036e-07,True,CONVERGED,float64,cuda:0
forward,1,316,9.723811360691765e-07,True,CONVERGED,float64,cuda:0
forward,2,318,9.965993495762886e-07,True,CONVERGED,float64,cuda:0
adjoint,0,312,9.992960752905818e-07,True,CONVERGED,float64,cuda:0
adjoint,1,320,8.865975263541714e-07,True,CONVERGED,float64,cuda:0
adjoint,2,321,9.80881259050891e-07,True,CONVERGED,float64,cuda:0
forward,0,313,9.709394649471415e-07,True,CONVERGED,float64,cuda:0
forward,1,316,9.72824467210478e-07,True,CONVERGED,float64,cuda:0
forward,2,318,9.972720010490868e-07,True,CONVERGED,float64,cuda:0
adjoint,0,313,8.342615893952446e-07,True,CONVERGED,float64,cuda:0
adjoint,1,320,8.873341084864164e-07,True,CONVERGED,float64,cuda:0
adjoint,2,321,9.816613399263247e-07,True,CONVERGED,float64,cuda:0
forward,0,313,9.70564338547025e-07,True,CONVERGED,float64,cuda:0
forward,1,316,9.726102460932957e-07,True,CONVERGED,float64,cuda:0
forward,2,318,9.982840052899264e-07,True,CONVERGED,float64,cuda:0
adjoint,0,313,8.350779281245543e-07,True,CONVERGED,float64,cuda:0
adjoint,1,320,8.874442666237753e-07,True,CONVERGED,float64,cuda:0
adjoint,2,321,9.817724431157324e-07,True,CONVERGED,float64,cuda:0
forward,0,313,9.718686436532833e-07,True,CONVERGED,float64,cuda:0
forward,1,316,9.730594753205043e-07,True,CONVERGED,float64,cuda:0
forward,2,319,9.121778172623233e-07,True,CONVERGED,float64,cuda:0
adjoint,0,313,8.364362441802569e-07,True,CONVERGED,float64,cuda:0
adjoint,1,320,8.882859214560254e-07,True,CONVERGED,float64,cuda:0
adjoint,2,321,9.809043153499052e-07,True,CONVERGED,float64,cuda:0
forward,0,313,9.735166006955034e-07,True,CONVERGED,float64,cuda:0
forward,1,316,9.73723974547754e-07,True,CONVERGED,float64,cuda:0
forward,2,319,9.13017196691616e-07,True,CONVERGED,float64,cuda:0
adjoint,0,313,8.372968579510587e-07,True,CONVERGED,float64,cuda:0
adjoint,1,320,8.895275742617916e-07,True,CONVERGED,float64,cuda:0
adjoint,2,321,9.821703317986557e-07,True,CONVERGED,float64,cuda:0
forward,0,313,9.735116439985052e-07,True,CONVERGED,float64,cuda:0
forward,1,316,9.74423961795469e-07,True,CONVERGED,float64,cuda:0
forward,2,319,9.138683713581467e-07,True,CONVERGED,float64,cuda:0
adjoint,0,313,8.374436199238892e-07,True,CONVERGED,float64,cuda:0
adjoint,1,320,8.896537808105778e-07,True,CONVERGED,float64,cuda:0
adjoint,2,321,9.822994690778603e-07,True,CONVERGED,float64,cuda:0
forward,0,313,9.733754087451281e-07,True,CONVERGED,float64,cuda:0
forward,1,316,9.743257165361016e-07,True,CONVERGED,float64,cuda:0
forward,2,319,9.153643634760512e-07,True,CONVERGED,float64,cuda:0
adjoint,0,313,8.383727207941827e-07,True,CONVERGED,float64,cuda:0
adjoint,1,320,8.897920340082252e-07,True,CONVERGED,float64,cuda:0
adjoint,2,321,9.823317139058116e-07,True,CONVERGED,float64,cuda:0
forward,0,313,9.73523526867985e-07,True,CONVERGED,float64,cuda:0
forward,1,316,9.749353679838972e-07,True,CONVERGED,float64,cuda:0
forward,2,319,9.166192969286084e-07,True,CONVERGED,float64,cuda:0
adjoint,0,313,8.390533869808476e-07,True,CONVERGED,float64,cuda:0
adjoint,1,320,8.903744402819414e-07,True,CONVERGED,float64,cuda:0
adjoint,2,321,9.824654275894949e-07,True,CONVERGED,float64,cuda:0
forward,0,313,9.750414451613861e-07,True,CONVERGED,float64,cuda:0
forward,1,316,9.754564695524622e-07,True,CONVERGED,float64,cuda:0
forward,2,319,9.180189134801811e-07,True,CONVERGED,float64,cuda:0
adjoint,0,313,8.40268606047071e-07,True,CONVERGED,float64,cuda:0
adjoint,1,320,8.913616805582762e-07,True,CONVERGED,float64,cuda:0
adjoint,2,321,9.826360278738253e-07,True,CONVERGED,float64,cuda:0
forward,0,313,9.7626469420122e-07,True,CONVERGED,float64,cuda:0
forward,1,316,9.763506919859741e-07,True,CONVERGED,float64,cuda:0
forward,2,319,9.194619725117965e-07,True,CONVERGED,float64,cuda:0
adjoint,0,313,8.413952384867112e-07,True,CONVERGED,float64,cuda:0
adjoint,1,320,8.923045423149109e-07,True,CONVERGED,float64,cuda:0
adjoint,2,321,9.833067219236315e-07,True,CONVERGED,float64,cuda:0
forward,0,313,9.767959988366102e-07,True,CONVERGED,float64,cuda:0
forward,1,316,9.771120974685016e-07,True,CONVERGED,float64,cuda:0
forward,2,319,9.211161358243022e-07,True,CONVERGED,float64,cuda:0
adjoint,0,313,8.424895864890797e-07,True,CONVERGED,float64,cuda:0
adjoint,1,320,8.928472444773654e-07,True,CONVERGED,float64,cuda:0
adjoint,2,321,9.832456679059861e-07,True,CONVERGED,float64,cuda:0
forward,0,313,9.77453346758323e-07,True,CONVERGED,float64,cuda:0
forward,1,316,9.77524561197752e-07,True,CONVERGED,float64,cuda:0
forward,2,319,9.227332656911121e-07,True,CONVERGED,float64,cuda:0
adjoint,0,313,8.43670226296628e-07,True,CONVERGED,float64,cuda:0
adjoint,1,320,8.937733306233211e-07,True,CONVERGED,float64,cuda:0
adjoint,2,321,9.835280171436704e-07,True,CONVERGED,float64,cuda:0
forward,0,313,9.76931767665477e-07,True,CONVERGED,float64,cuda:0
forward,1,316,9.778902208669353e-07,True,CONVERGED,float64,cuda:0
forward,2,319,9.234073351875041e-07,True,CONVERGED,float64,cuda:0
adjoint,0,313,8.43749962926844e-07,True,CONVERGED,float64,cuda:0
adjoint,1,320,8.937748217457722e-07,True,CONVERGED,float64,cuda:0
adjoint,2,321,9.84042467802257e-07,True,CONVERGED,float64,cuda:0
forward,0,313,9.77719157370717e-07,True,CONVERGED,float64,cuda:0
forward,1,316,9.78518868158303e-07,True,CONVERGED,float64,cuda:0
forward,2,319,9.239104628806499e-07,True,CONVERGED,float64,cuda:0
adjoint,0,313,8.440442852345246e-07,True,CONVERGED,float64,cuda:0
adjoint,1,320,8.942290386380835e-07,True,CONVERGED,float64,cuda:0
adjoint,2,321,9.843554456385069e-07,True,CONVERGED,float64,cuda:0
forward,0,313,9.783368870798484e-07,True,CONVERGED,float64,cuda:0
forward,1,316,9.789603612718565e-07,True,CONVERGED,float64,cuda:0
forward,2,319,9.254176977435963e-07,True,CONVERGED,float64,cuda:0
adjoint,0,313,8.44910643233738e-07,True,CONVERGED,float64,cuda:0
adjoint,1,320,8.947471074853148e-07,True,CONVERGED,float64,cuda:0
adjoint,2,321,9.841088471905526e-07,True,CONVERGED,float64,cuda:0
forward,0,313,9.790762973595644e-07,True,CONVERGED,float64,cuda:0
forward,1,316,9.792859739218568e-07,True,CONVERGED,float64,cuda:0
forward,2,319,9.267851515617115e-07,True,CONVERGED,float64,cuda:0
adjoint,0,313,8.459072103534642e-07,True,CONVERGED,float64,cuda:0
adjoint,1,320,8.954839715703184e-07,True,CONVERGED,float64,cuda:0
adjoint,2,321,9.846240087239012e-07,True,CONVERGED,float64,cuda:0
forward,0,313,9.811476017048049e-07,True,CONVERGED,float64,cuda:0
forward,1,316,9.802621252419705e-07,True,CONVERGED,float64,cuda:0
forward,2,319,9.277509832667318e-07,True,CONVERGED,float64,cuda:0
adjoint,0,313,8.467981703106795e-07,True,CONVERGED,float64,cuda:0
adjoint,1,320,8.965511871721587e-07,True,CONVERGED,float64,cuda:0
adjoint,2,321,9.844418314359512e-07,True,CONVERGED,float64,cuda:0
forward,0,313,9.808979004141777e-07,True,CONVERGED,float64,cuda:0
forward,1,316,9.800905368810897e-07,True,CONVERGED,float64,cuda:0
forward,2,319,9.297384567290746e-07,True,CONVERGED,float64,cuda:0
adjoint,0,313,8.481698782251473e-07,True,CONVERGED,float64,cuda:0
adjoint,1,320,8.968773852951414e-07,True,CONVERGED,float64,cuda:0
adjoint,2,321,9.848000949142198e-07,True,CONVERGED,float64,cuda:0
forward,0,313,9.81152399298731e-07,True,CONVERGED,float64,cuda:0
forward,1,316,9.805338456042539e-07,True,CONVERGED,float64,cuda:0
forward,2,319,9.309166178833487e-07,True,CONVERGED,float64,cuda:0
adjoint,0,313,8.489665177544649e-07,True,CONVERGED,float64,cuda:0
adjoint,1,320,8.973996757425358e-07,True,CONVERGED,float64,cuda:0
adjoint,2,321,9.855903777278887e-07,True,CONVERGED,float64,cuda:0
forward,0,313,9.82903980685354e-07,True,CONVERGED,float64,cuda:0
forward,1,316,9.80814021513411e-07,True,CONVERGED,float64,cuda:0
forward,2,319,9.31583229484165e-07,True,CONVERGED,float64,cuda:0
adjoint,0,313,8.50071074211982e-07,True,CONVERGED,float64,cuda:0
adjoint,1,320,8.984059188535545e-07,True,CONVERGED,float64,cuda:0
adjoint,2,321,9.86386453901703e-07,True,CONVERGED,float64,cuda:0
forward,0,313,9.826052004519481e-07,True,CONVERGED,float64,cuda:0
forward,1,316,9.809634748946113e-07,True,CONVERGED,float64,cuda:0
forward,2,319,9.328820204343023e-07,True,CONVERGED,float64,cuda:0
adjoint,0,313,8.506616874899354e-07,True,CONVERGED,float64,cuda:0
adjoint,1,320,8.986007523998354e-07,True,CONVERGED,float64,cuda:0
adjoint,2,321,9.861808567971162e-07,True,CONVERGED,float64,cuda:0
forward,0,313,9.834440767607614e-07,True,CONVERGED,float64,cuda:0
forward,1,316,9.813336073303669e-07,True,CONVERGED,float64,cuda:0
forward,2,319,9.345021621550895e-07,True,CONVERGED,float64,cuda:0
adjoint,0,313,8.516927471105053e-07,True,CONVERGED,float64,cuda:0
adjoint,1,320,8.990651611063063e-07,True,CONVERGED,float64,cuda:0
adjoint,2,321,9.857471577158337e-07,True,CONVERGED,float64,cuda:0
forward,0,313,9.858897545034299e-07,True,CONVERGED,float64,cuda:0
forward,1,316,9.819811970586576e-07,True,CONVERGED,float64,cuda:0
forward,2,319,9.356327029360687e-07,True,CONVERGED,float64,cuda:0
adjoint,0,313,8.530524033327845e-07,True,CONVERGED,float64,cuda:0
adjoint,1,320,9.004088544356084e-07,True,CONVERGED,float64,cuda:0
adjoint,2,321,9.866281310160702e-07,True,CONVERGED,float64,cuda:0
forward,0,313,9.86867618174151e-07,True,CONVERGED,float64,cuda:0
forward,1,316,9.8242994215879e-07,True,CONVERGED,float64,cuda:0
forward,2,319,9.361091752012647e-07,True,CONVERGED,float64,cuda:0
adjoint,0,313,8.536402521706713e-07,True,CONVERGED,float64,cuda:0
adjoint,1,320,9.010304461191691e-07,True,CONVERGED,float64,cuda:0
adjoint,2,321,9.870288746810416e-07,True,CONVERGED,float64,cuda:0
forward,0,313,9.848523065498208e-07,True,CONVERGED,float64,cuda:0
forward,1,316,9.824102132251486e-07,True,CONVERGED,float64,cuda:0
forward,2,319,9.373119278580275e-07,True,CONVERGED,float64,cuda:0
adjoint,0,313,8.537063640112313e-07,True,CONVERGED,float64,cuda:0
adjoint,1,320,9.003365102857499e-07,True,CONVERGED,float64,cuda:0
adjoint,2,321,9.86930258256576e-07,True,CONVERGED,float64,cuda:0
forward,0,313,9.85754869322857e-07,True,CONVERGED,float64,cuda:0
forward,1,316,9.826023248673125e-07,True,CONVERGED,float64,cuda:0
forward,2,319,9.383710432384716e-07,True,CONVERGED,float64,cuda:0
adjoint,0,313,8.546713078229586e-07,True,CONVERGED,float64,cuda:0
adjoint,1,320,9.007538776980611e-07,True,CONVERGED,float64,cuda:0
adjoint,2,321,9.872703428118036e-07,True,CONVERGED,float64,cuda:0
forward,0,313,9.887858694748078e-07,True,CONVERGED,float64,cuda:0
forward,1,316,9.834332550659803e-07,True,CONVERGED,float64,cuda:0
forward,2,319,9.392897593519346e-07,True,CONVERGED,float64,cuda:0
adjoint,0,313,8.559870791704691e-07,True,CONVERGED,float64,cuda:0
adjoint,1,320,9.022792442937088e-07,True,CONVERGED,float64,cuda:0
adjoint,2,321,9.883040968199787e-07,True,CONVERGED,float64,cuda:0
forward,0,313,9.889363119866255e-07,True,CONVERGED,float64,cuda:0
forward,1,316,9.835642108665303e-07,True,CONVERGED,float64,cuda:0
forward,2,319,9.409536012225665e-07,True,CONVERGED,float64,cuda:0
adjoint,0,313,8.571516671553735e-07,True,CONVERGED,float64,cuda:0
adjoint,1,320,9.026808663624614e-07,True,CONVERGED,float64,cuda:0
adjoint,2,321,9.879690792406781e-07,True,CONVERGED,float64,cuda:0
forward,0,313,9.892113368693567e-07,True,CONVERGED,float64,cuda:0
forward,1,316,9.841096068232912e-07,True,CONVERGED,float64,cuda:0
forward,2,319,9.426486132353412e-07,True,CONVERGED,float64,cuda:0
adjoint,0,313,8.581228351568417e-07,True,CONVERGED,float64,cuda:0
adjoint,1,320,9.029134882769955e-07,True,CONVERGED,float64,cuda:0
adjoint,2,321,9.87793921310236e-07,True,CONVERGED,float64,cuda:0
forward,0,313,9.903883751236437e-07,True,CONVERGED,float64,cuda:0
forward,1,316,9.84039185828377e-07,True,CONVERGED,float64,cuda:0
forward,2,319,9.428761739448323e-07,True,CONVERGED,float64,cuda:0
adjoint,0,313,8.588713545709211e-07,True,CONVERGED,float64,cuda:0
adjoint,1,320,9.03740685000354e-07,True,CONVERGED,float64,cuda:0
adjoint,2,321,9.889925751555013e-07,True,CONVERGED,float64,cuda:0
forward,0,313,9.90960966702773e-07,True,CONVERGED,float64,cuda:0
forward,1,316,9.845078831443276e-07,True,CONVERGED,float64,cuda:0
forward,2,319,9.434956306187862e-07,True,CONVERGED,float64,cuda:0
adjoint,0,313,8.592438918404576e-07,True,CONVERGED,float64,cuda:0
adjoint,1,320,9.040348880294278e-07,True,CONVERGED,float64,cuda:0
adjoint,2,321,9.884898490634195e-07,True,CONVERGED,float64,cuda:0
forward,0,313,9.903813415673347e-07,True,CONVERGED,float64,cuda:0
forward,1,316,9.84593980221315e-07,True,CONVERGED,float64,cuda:0
forward,2,319,9.447198216149954e-07,True,CONVERGED,float64,cuda:0
adjoint,0,313,8.597881987961001e-07,True,CONVERGED,float64,cuda:0
adjoint,1,320,9.041661155801646e-07,True,CONVERGED,float64,cuda:0
adjoint,2,321,9.88771200116906e-07,True,CONVERGED,float64,cuda:0
forward,0,313,9.9163153369348e-07,True,CONVERGED,float64,cuda:0
forward,1,316,9.853285124212494e-07,True,CONVERGED,float64,cuda:0
forward,2,319,9.453390259210805e-07,True,CONVERGED,float64,cuda:0
adjoint,0,313,8.602015048706734e-07,True,CONVERGED,float64,cuda:0
adjoint,1,320,9.050287498945193e-07,True,CONVERGED,float64,cuda:0
adjoint,2,321,9.896943683354184e-07,True,CONVERGED,float64,cuda:0
forward,0,313,9.930545275221257e-07,True,CONVERGED,float64,cuda:0
forward,1,316,9.853630273479649e-07,True,CONVERGED,float64,cuda:0
forward,2,319,9.464168160886352e-07,True,CONVERGED,float64,cuda:0
adjoint,0,313,8.611844148220364e-07,True,CONVERGED,float64,cuda:0
adjoint,1,320,9.055173312183347e-07,True,CONVERGED,float64,cuda:0
adjoint,2,321,9.888033080652682e-07,True,CONVERGED,float64,cuda:0
forward,0,313,9.929891779741663e-07,True,CONVERGED,float64,cuda:0
forward,1,316,9.85214435080965e-07,True,CONVERGED,float64,cuda:0
forward,2,319,9.476983533142109e-07,True,CONVERGED,float64,cuda:0
adjoint,0,313,8.621098756470395e-07,True,CONVERGED,float64,cuda:0
adjoint,1,320,9.057777943825481e-07,True,CONVERGED,float64,cuda:0
adjoint,2,321,9.890638335359336e-07,True,CONVERGED,float64,cuda:0
forward,0,313,9.94079477889489e-07,True,CONVERGED,float64,cuda:0
forward,1,316,9.853076478513427e-07,True,CONVERGED,float64,cuda:0
forward,2,319,9.480446690534997e-07,True,CONVERGED,float64,cuda:0
adjoint,0,313,8.627616481137135e-07,True,CONVERGED,float64,cuda:0
adjoint,1,320,9.060598999940491e-07,True,CONVERGED,float64,cuda:0
adjoint,2,321,9.892544081148426e-07,True,CONVERGED,float64,cuda:0
forward,0,313,9.945540605596082e-07,True,CONVERGED,float64,cuda:0
forward,1,316,9.85224751103713e-07,True,CONVERGED,float64,cuda:0
forward,2,319,9.491530294821178e-07,True,CONVERGED,float64,cuda:0
adjoint,0,313,8.638536472016146e-07,True,CONVERGED,float64,cuda:0
adjoint,1,320,9.068892103885165e-07,True,CONVERGED,float64,cuda:0
adjoint,2,321,9.909872057476093e-07,True,CONVERGED,float64,cuda:0
forward,0,313,9.951181429781703e-07,True,CONVERGED,float64,cuda:0
forward,1,316,9.853371409688525e-07,True,CONVERGED,float64,cuda:0
forward,2,319,9.502591083178737e-07,True,CONVERGED,float64,cuda:0
adjoint,0,313,8.645027265022708e-07,True,CONVERGED,float64,cuda:0
adjoint,1,320,9.072208382232144e-07,True,CONVERGED,float64,cuda:0
adjoint,2,321,9.904895243864355e-07,True,CONVERGED,float64,cuda:0
forward,0,313,9.95791643218828e-07,True,CONVERGED,float64,cuda:0
forward,1,316,9.854666425415006e-07,True,CONVERGED,float64,cuda:0
forward,2,319,9.511389610134956e-07,True,CONVERGED,float64,cuda:0
adjoint,0,313,8.652383100039241e-07,True,CONVERGED,float64,cuda:0
adjoint,1,320,9.076496476647574e-07,True,CONVERGED,float64,cuda:0
adjoint,2,321,9.902871229411224e-07,True,CONVERGED,float64,cuda:0
forward,0,313,9.977669866429182e-07,True,CONVERGED,float64,cuda:0
forward,1,316,9.85943429768949e-07,True,CONVERGED,float64,cuda:0
forward,2,319,9.516481275371756e-07,True,CONVERGED,float64,cuda:0
adjoint,0,313,8.657573126300245e-07,True,CONVERGED,float64,cuda:0
adjoint,1,320,9.086243100519238e-07,True,CONVERGED,float64,cuda:0
adjoint,2,321,9.904084315533324e-07,True,CONVERGED,float64,cuda:0
forward,0,313,9.96660377457397e-07,True,CONVERGED,float64,cuda:0
forward,1,316,9.858542550521808e-07,True,CONVERGED,float64,cuda:0
forward,2,319,9.524738549028991e-07,True,CONVERGED,float64,cuda:0
adjoint,0,313,8.661579609371824e-07,True,CONVERGED,float64,cuda:0
adjoint,1,320,9.085841708673077e-07,True,CONVERGED,float64,cuda:0
adjoint,2,321,9.909666171906653e-07,True,CONVERGED,float64,cuda:0
forward,0,313,9.96102312230417e-07,True,CONVERGED,float64,cuda:0
forward,1,316,9.860451665971162e-07,True,CONVERGED,float64,cuda:0
forward,2,319,9.528672986382606e-07,True,CONVERGED,float64,cuda:0
adjoint,0,313,8.661251702419866e-07,True,CONVERGED,float64,cuda:0
adjoint,1,320,9.085411657700703e-07,True,CONVERGED,float64,cuda:0
adjoint,2,321,9.908268337164392e-07,True,CONVERGED,float64,cuda:0
forward,0,313,9.98486654217755e-07,True,CONVERGED,float64,cuda:0
forward,1,316,9.864700590006634e-07,True,CONVERGED,float64,cuda:0
forward,2,319,9.534015279567117e-07,True,CONVERGED,float64,cuda:0
adjoint,0,313,8.670295662207774e-07,True,CONVERGED,float64,cuda:0
adjoint,1,320,9.095945272679778e-07,True,CONVERGED,float64,cuda:0
adjoint,2,321,9.914341404159223e-07,True,CONVERGED,float64,cuda:0
forward,0,313,9.981911022304535e-07,True,CONVERGED,float64,cuda:0
forward,1,316,9.866202750576844e-07,True,CONVERGED,float64,cuda:0
forward,2,319,9.542148369438826e-07,True,CONVERGED,float64,cuda:0
adjoint,0,313,8.673767184847558e-07,True,CONVERGED,float64,cuda:0
adjoint,1,320,9.094344888273549e-07,True,CONVERGED,float64,cuda:0
adjoint,2,321,9.913265103064292e-07,True,CONVERGED,float64,cuda:0
forward,0,313,9.97845522395092e-07,True,CONVERGED,float64,cuda:0
forward,1,316,9.866684081080697e-07,True,CONVERGED,float64,cuda:0
forward,2,319,9.558888478816778e-07,True,CONVERGED,float64,cuda:0
adjoint,0,313,8.684599950216797e-07,True,CONVERGED,float64,cuda:0
adjoint,1,320,9.095195682411157e-07,True,CONVERGED,float64,cuda:0
adjoint,2,321,9.907608459533373e-07,True,CONVERGED,float64,cuda:0
forward,0,314,9.267013648941584e-07,True,CONVERGED,float64,cuda:0
forward,1,316,9.869920322164185e-07,True,CONVERGED,float64,cuda:0
forward,2,319,9.562129835982998e-07,True,CONVERGED,float64,cuda:0
adjoint,0,313,8.692717767354752e-07,True,CONVERGED,float64,cuda:0
adjoint,1,320,9.109881452885504e-07,True,CONVERGED,float64,cuda:0
adjoint,2,321,9.914560475671922e-07,True,CONVERGED,float64,cuda:0
forward,0,314,9.267702528226409e-07,True,CONVERGED,float64,cuda:0
forward,1,316,9.86774975292146e-07,True,CONVERGED,float64,cuda:0
forward,2,319,9.567941955164916e-07,True,CONVERGED,float64,cuda:0
adjoint,0,313,8.7004258498088e-07,True,CONVERGED,float64,cuda:0
adjoint,1,320,9.113606848045991e-07,True,CONVERGED,float64,cuda:0
adjoint,2,321,9.917393880676378e-07,True,CONVERGED,float64,cuda:0
forward,0,313,9.98767814610814e-07,True,CONVERGED,float64,cuda:0
forward,1,316,9.869691672889372e-07,True,CONVERGED,float64,cuda:0
forward,2,319,9.575089666799672e-07,True,CONVERGED,float64,cuda:0
adjoint,0,313,8.695714047887921e-07,True,CONVERGED,float64,cuda:0
adjoint,1,320,9.102108399665822e-07,True,CONVERGED,float64,cuda:0
adjoint,2,321,9.914311396934698e-07,True,CONVERGED,float64,cuda:0
forward,0,314,9.249146319705372e-07,True,CONVERGED,float64,cuda:0
forward,1,316,9.86614782995882e-07,True,CONVERGED,float64,cuda:0
forward,2,319,9.575118772269808e-07,True,CONVERGED,float64,cuda:0
adjoint,0,313,8.701286199901375e-07,True,CONVERGED,float64,cuda:0
adjoint,1,320,9.112427765336858e-07,True,CONVERGED,float64,cuda:0
adjoint,2,321,9.926622814254715e-07,True,CONVERGED,float64,cuda:0
forward,0,314,9.261632480865897e-07,True,CONVERGED,float64,cuda:0
forward,1,316,9.868306915397172e-07,True,CONVERGED,float64,cuda:0
forward,2,319,9.57487352339419e-07,True,CONVERGED,float64,cuda:0
adjoint,0,313,8.704614776755434e-07,True,CONVERGED,float64,cuda:0
adjoint,1,320,9.12089540349494e-07,True,CONVERGED,float64,cuda:0
adjoint,2,321,9.937197243175297e-07,True,CONVERGED,float64,cuda:0
forward,0,314,9.261276929214062e-07,True,CONVERGED,float64,cuda:0
forward,1,316,9.870901077723825e-07,True,CONVERGED,float64,cuda:0
forward,2,319,9.589959956670628e-07,True,CONVERGED,float64,cuda:0
adjoint,0,313,8.709510413265685e-07,True,CONVERGED,float64,cuda:0
adjoint,1,320,9.120560957873405e-07,True,CONVERGED,float64,cuda:0
adjoint,2,321,9.921025391328357e-07,True,CONVERGED,float64,cuda:0
forward,0,314,9.267350133838858e-07,True,CONVERGED,float64,cuda:0
forward,1,316,9.876860173268184e-07,True,CONVERGED,float64,cuda:0
forward,2,319,9.60828105258802e-07,True,CONVERGED,float64,cuda:0
adjoint,0,313,8.719779937495117e-07,True,CONVERGED,float64,cuda:0
adjoint,1,320,9.126541504269278e-07,True,CONVERGED,float64,cuda:0
adjoint,2,321,9.909523573481485e-07,True,CONVERGED,float64,cuda:0
forward,0,314,9.289171656644603e-07,True,CONVERGED,float64,cuda:0
forward,1,316,9.873211550985563e-07,True,CONVERGED,float64,cuda:0
forward,2,319,9.603547503985103e-07,True,CONVERGED,float64,cuda:0
adjoint,0,313,8.723380941266166e-07,True,CONVERGED,float64,cuda:0
adjoint,1,320,9.13524336646022e-07,True,CONVERGED,float64,cuda:0
adjoint,2,321,9.922082624193136e-07,True,CONVERGED,float64,cuda:0
forward,0,314,9.26505788617176e-07,True,CONVERGED,float64,cuda:0
forward,1,316,9.86758139373256e-07,True,CONVERGED,float64,cuda:0
forward,2,319,9.601072362227459e-07,True,CONVERGED,float64,cuda:0
adjoint,0,313,8.72353386505298e-07,True,CONVERGED,float64,cuda:0
adjoint,1,320,9.129399787116836e-07,True,CONVERGED,float64,cuda:0
adjoint,2,321,9.93891901188906e-07,True,CONVERGED,float64,cuda:0
forward,0,314,9.256699452544394e-07,True,CONVERGED,float64,cuda:0
forward,1,316,9.869487705087118e-07,True,CONVERGED,float64,cuda:0
forward,2,319,9.610814024982846e-07,True,CONVERGED,float64,cuda:0
adjoint,0,313,8.727955888023544e-07,True,CONVERGED,float64,cuda:0
adjoint,1,320,9.125214561345991e-07,True,CONVERGED,float64,cuda:0
adjoint,2,321,9.93309843950579e-07,True,CONVERGED,float64,cuda:0
forward,0,314,9.272475863086747e-07,True,CONVERGED,float64,cuda:0
forward,1,316,9.87433196350163e-07,True,CONVERGED,float64,cuda:0
forward,2,319,9.624314554826347e-07,True,CONVERGED,float64,cuda:0
adjoint,0,313,8.739756373716056e-07,True,CONVERGED,float64,cuda:0
adjoint,1,320,9.134845455706022e-07,True,CONVERGED,float64,cuda:0
adjoint,2,321,9.931379715550565e-07,True,CONVERGED,float64,cuda:0
forward,0,314,9.288770907997074e-07,True,CONVERGED,float64,cuda:0
forward,1,316,9.875841095329296e-07,True,CONVERGED,float64,cuda:0
forward,2,319,9.631742953762736e-07,True,CONVERGED,float64,cuda:0
adjoint,0,313,8.747727244316425e-07,True,CONVERGED,float64,cuda:0
adjoint,1,320,9.145430288828716e-07,True,CONVERGED,float64,cuda:0
adjoint,2,321,9.935354413476497e-07,True,CONVERGED,float64,cuda:0
forward,0,314,9.297691052412291e-07,True,CONVERGED,float64,cuda:0
forward,1,316,9.875756493603076e-07,True,CONVERGED,float64,cuda:0
forward,2,319,9.63727626580033e-07,True,CONVERGED,float64,cuda:0
adjoint,0,313,8.751758768387235e-07,True,CONVERGED,float64,cuda:0
adjoint,1,320,9.151151143392457e-07,True,CONVERGED,float64,cuda:0
adjoint,2,321,9.933020527002596e-07,True,CONVERGED,float64,cuda:0
forward,0,314,9.280818738351679e-07,True,CONVERGED,float64,cuda:0
forward,1,316,9.87467363731711e-07,True,CONVERGED,float64,cuda:0
forward,2,319,9.63926849630585e-07,True,CONVERGED,float64,cuda:0
adjoint,0,313,8.745195219218219e-07,True,CONVERGED,float64,cuda:0
adjoint,1,320,9.143391104862659e-07,True,CONVERGED,float64,cuda:0
adjoint,2,321,9.927203806102126e-07,True,CONVERGED,float64,cuda:0
forward,0,314,9.272967763819796e-07,True,CONVERGED,float64,cuda:0
forward,1,316,9.873003649924587e-07,True,CONVERGED,float64,cuda:0
forward,2,319,9.637152850274966e-07,True,CONVERGED,float64,cuda:0
adjoint,0,313,8.743429471170388e-07,True,CONVERGED,float64,cuda:0
adjoint,1,320,9.143825092199092e-07,True,CONVERGED,float64,cuda:0
adjoint,2,321,9.937901193547482e-07,True,CONVERGED,float64,cuda:0
forward,0,314,9.285835672727839e-07,True,CONVERGED,float64,cuda:0
forward,1,316,9.868331671326466e-07,True,CONVERGED,float64,cuda:0
forward,2,319,9.635662715918405e-07,True,CONVERGED,float64,cuda:0
adjoint,0,313,8.749652354254765e-07,True,CONVERGED,float64,cuda:0
adjoint,1,320,9.150228979969706e-07,True,CONVERGED,float64,cuda:0
adjoint,2,321,9.946323960429467e-07,True,CONVERGED,float64,cuda:0
forward,0,314,9.296116639053905e-07,True,CONVERGED,float64,cuda:0
forward,1,316,9.870676310415519e-07,True,CONVERGED,float64,cuda:0
forward,2,319,9.645829470633269e-07,True,CONVERGED,float64,cuda:0
adjoint,0,313,8.757694265630503e-07,True,CONVERGED,float64,cuda:0
adjoint,1,320,9.156064060077811e-07,True,CONVERGED,float64,cuda:0
adjoint,2,321,9.94511542124459e-07,True,CONVERGED,float64,cuda:0
forward,0,314,9.282660894008487e-07,True,CONVERGED,float64,cuda:0
forward,1,316,9.876542227891023e-07,True,CONVERGED,float64,cuda:0
forward,2,319,9.664773234578802e-07,True,CONVERGED,float64,cuda:0
adjoint,0,313,8.769322440930993e-07,True,CONVERGED,float64,cuda:0
adjoint,1,320,9.152562881219829e-07,True,CONVERGED,float64,cuda:0
adjoint,2,321,9.932983556875963e-07,True,CONVERGED,float64,cuda:0
forward,0,314,9.310402504916038e-07,True,CONVERGED,float64,cuda:0
forward,1,316,9.874700664831403e-07,True,CONVERGED,float64,cuda:0
forward,2,319,9.665521654608653e-07,True,CONVERGED,float64,cuda:0
adjoint,0,313,8.77359369063039e-07,True,CONVERGED,float64,cuda:0
adjoint,1,320,9.164869779450392e-07,True,CONVERGED,float64,cuda:0
adjoint,2,321,9.944170195122478e-07,True,CONVERGED,float64,cuda:0
forward,0,314,9.308194341056392e-07,True,CONVERGED,float64,cuda:0
forward,1,316,9.868221697428505e-07,True,CONVERGED,float64,cuda:0
forward,2,319,9.666551276382458e-07,True,CONVERGED,float64,cuda:0
adjoint,0,313,8.778725734308204e-07,True,CONVERGED,float64,cuda:0
adjoint,1,320,9.16625410074039e-07,True,CONVERGED,float64,cuda:0
adjoint,2,321,9.943717144303455e-07,True,CONVERGED,float64,cuda:0
forward,0,314,9.290936242922259e-07,True,CONVERGED,float64,cuda:0
forward,1,316,9.869319909943953e-07,True,CONVERGED,float64,cuda:0
forward,2,319,9.668174118968458e-07,True,CONVERGED,float64,cuda:0
adjoint,0,313,8.774822374626174e-07,True,CONVERGED,float64,cuda:0
adjoint,1,320,9.159973149182355e-07,True,CONVERGED,float64,cuda:0
adjoint,2,321,9.946335493159503e-07,True,CONVERGED,float64,cuda:0
forward,0,314,9.27996902999149e-07,True,CONVERGED,float64,cuda:0
forward,1,316,9.868468267454818e-07,True,CONVERGED,float64,cuda:0
forward,2,319,9.667510021076843e-07,True,CONVERGED,float64,cuda:0
adjoint,0,313,8.773670210226733e-07,True,CONVERGED,float64,cuda:0
adjoint,1,320,9.158854742458399e-07,True,CONVERGED,float64,cuda:0
adjoint,2,321,9.952741808287512e-07,True,CONVERGED,float64,cuda:0
forward,0,314,9.306665826209917e-07,True,CONVERGED,float64,cuda:0
forward,1,316,9.867538080136164e-07,True,CONVERGED,float64,cuda:0
forward,2,319,9.66951826628428e-07,True,CONVERGED,float64,cuda:0
adjoint,0,313,8.777659922542699e-07,True,CONVERGED,float64,cuda:0
adjoint,1,320,9.172773434807743e-07,True,CONVERGED,float64,cuda:0
adjoint,2,321,9.962050735248178e-07,True,CONVERGED,float64,cuda:0
forward,0,314,9.304379899841244e-07,True,CONVERGED,float64,cuda:0
forward,1,316,9.873829900601508e-07,True,CONVERGED,float64,cuda:0
forward,2,319,9.690873859891107e-07,True,CONVERGED,float64,cuda:0
adjoint,0,313,8.793733352815697e-07,True,CONVERGED,float64,cuda:0
adjoint,1,320,9.176582330288854e-07,True,CONVERGED,float64,cuda:0
adjoint,2,321,9.947563434375039e-07,True,CONVERGED,float64,cuda:0
forward,0,314,9.312012317809431e-07,True,CONVERGED,float64,cuda:0
forward,1,316,9.874060188986514e-07,True,CONVERGED,float64,cuda:0
forward,2,319,9.695581054731593e-07,True,CONVERGED,float64,cuda:0
adjoint,0,313,8.795400168202272e-07,True,CONVERGED,float64,cuda:0
adjoint,1,320,9.179037770738811e-07,True,CONVERGED,float64,cuda:0
adjoint,2,321,9.941760016269086e-07,True,CONVERGED,float64,cuda:0
forward,0,314,9.31807020359323e-07,True,CONVERGED,float64,cuda:0
forward,1,316,9.86945560181591e-07,True,CONVERGED,float64,cuda:0
forward,2,319,9.690621659957182e-07,True,CONVERGED,float64,cuda:0
adjoint,0,313,8.793681028025827e-07,True,CONVERGED,float64,cuda:0
adjoint,1,320,9.182047641437593e-07,True,CONVERGED,float64,cuda:0
adjoint,2,321,9.951554221925648e-07,True,CONVERGED,float64,cuda:0
forward,0,314,9.2975009147236e-07,True,CONVERGED,float64,cuda:0
forward,1,316,9.866777059305272e-07,True,CONVERGED,float64,cuda:0
forward,2,319,9.681335126834373e-07,True,CONVERGED,float64,cuda:0
adjoint,0,313,8.784743048609963e-07,True,CONVERGED,float64,cuda:0
adjoint,1,320,9.175114207175875e-07,True,CONVERGED,float64,cuda:0
adjoint,2,321,9.968682749829108e-07,True,CONVERGED,float64,cuda:0
forward,0,314,9.286843462239966e-07,True,CONVERGED,float64,cuda:0
forward,1,316,9.86781110264532e-07,True,CONVERGED,float64,cuda:0
forward,2,319,9.687231449455368e-07,True,CONVERGED,float64,cuda:0
adjoint,0,313,8.788555706404767e-07,True,CONVERGED,float64,cuda:0
adjoint,1,320,9.17272434095548e-07,True,CONVERGED,float64,cuda:0
adjoint,2,321,9.965133559261507e-07,True,CONVERGED,float64,cuda:0
forward,0,314,9.302584711706576e-07,True,CONVERGED,float64,cuda:0
forward,1,316,9.870112435712588e-07,True,CONVERGED,float64,cuda:0
forward,2,319,9.697357687094315e-07,True,CONVERGED,float64,cuda:0
adjoint,0,313,8.7973320868981e-07,True,CONVERGED,float64,cuda:0
adjoint,1,320,9.177980303713405e-07,True,CONVERGED,float64,cuda:0
adjoint,2,321,9.95765607022492e-07,True,CONVERGED,float64,cuda:0
forward,0,314,9.324562317232283e-07,True,CONVERGED,float64,cuda:0
forward,1,316,9.875867508894889e-07,True,CONVERGED,float64,cuda:0
forward,2,319,9.713105774598932e-07,True,CONVERGED,float64,cuda:0
adjoint,0,313,8.810850433346366e-07,True,CONVERGED,float64,cuda:0
adjoint,1,320,9.190542360140892e-07,True,CONVERGED,float64,cuda:0
adjoint,2,321,9.954646777454554e-07,True,CONVERGED,float64,cuda:0
forward,0,314,9.334019381664884e-07,True,CONVERGED,float64,cuda:0
forward,1,316,9.872599543109888e-07,True,CONVERGED,float64,cuda:0
forward,2,319,9.715537301589949e-07,True,CONVERGED,float64,cuda:0
adjoint,0,313,8.814876641982197e-07,True,CONVERGED,float64,cuda:0
adjoint,1,320,9.193850161266068e-07,True,CONVERGED,float64,cuda:0
adjoint,2,321,9.952858342852859e-07,True,CONVERGED,float64,cuda:0
forward,0,314,9.308457826362156e-07,True,CONVERGED,float64,cuda:0
forward,1,316,9.87369247391147e-07,True,CONVERGED,float64,cuda:0
forward,2,319,9.711644197802636e-07,True,CONVERGED,float64,cuda:0
adjoint,0,313,8.809535487264712e-07,True,CONVERGED,float64,cuda:0
adjoint,1,320,9.185629055647009e-07,True,CONVERGED,float64,cuda:0
adjoint,2,321,9.962801603452783e-07,True,CONVERGED,float64,cuda:0
forward,0,314,9.309024006318241e-07,True,CONVERGED,float64,cuda:0
forward,1,316,9.869310712242405e-07,True,CONVERGED,float64,cuda:0
forward,2,319,9.706836189804148e-07,True,CONVERGED,float64,cuda:0
adjoint,0,313,8.803395150962538e-07,True,CONVERGED,float64,cuda:0
adjoint,1,320,9.1840262610256e-07,True,CONVERGED,float64,cuda:0
adjoint,2,321,9.966580671432436e-07,True,CONVERGED,float64,cuda:0
forward,0,314,9.308226293374924e-07,True,CONVERGED,float64,cuda:0
forward,1,316,9.870856022046676e-07,True,CONVERGED,float64,cuda:0
forward,2,319,9.712386300754123e-07,True,CONVERGED,float64,cuda:0
adjoint,0,313,8.808661069440387e-07,True,CONVERGED,float64,cuda:0
adjoint,1,320,9.189840864913408e-07,True,CONVERGED,float64,cuda:0
adjoint,2,321,9.972739845904282e-07,True,CONVERGED,float64,cuda:0
forward,0,314,9.321782885550953e-07,True,CONVERGED,float64,cuda:0
forward,1,316,9.875175672728384e-07,True,CONVERGED,float64,cuda:0
forward,2,319,9.728531897749572e-07,True,CONVERGED,float64,cuda:0
adjoint,0,313,8.824962498010327e-07,True,CONVERGED,float64,cuda:0
adjoint,1,320,9.198936092022966e-07,True,CONVERGED,float64,cuda:0
adjoint,2,321,9.967910016099508e-07,True,CONVERGED,float64,cuda:0
forward,0,314,9.327200493928784e-07,True,CONVERGED,float64,cuda:0
forward,1,316,9.875647227527379e-07,True,CONVERGED,float64,cuda:0
forward,2,319,9.730170033231935e-07,True,CONVERGED,float64,cuda:0
adjoint,0,313,8.821260815509482e-07,True,CONVERGED,float64,cuda:0
adjoint,1,320,9.199900289744582e-07,True,CONVERGED,float64,cuda:0
adjoint,2,321,9.963803381254913e-07,True,CONVERGED,float64,cuda:0
forward,0,314,9.321317991158982e-07,True,CONVERGED,float64,cuda:0
forward,1,316,9.876353710003265e-07,True,CONVERGED,float64,cuda:0
forward,2,319,9.733405784015913e-07,True,CONVERGED,float64,cuda:0
adjoint,0,313,8.828428044174184e-07,True,CONVERGED,float64,cuda:0
adjoint,1,320,9.201318796511118e-07,True,CONVERGED,float64,cuda:0
adjoint,2,321,9.966013637244633e-07,True,CONVERGED,float64,cuda:0
forward,0,314,9.324791455491122e-07,True,CONVERGED,float64,cuda:0
forward,1,316,9.873667468715638e-07,True,CONVERGED,float64,cuda:0
forward,2,319,9.732286224830897e-07,True,CONVERGED,float64,cuda:0
adjoint,0,313,8.825885196855888e-07,True,CONVERGED,float64,cuda:0
adjoint,1,320,9.201312974840671e-07,True,CONVERGED,float64,cuda:0
adjoint,2,321,9.967014417651886e-07,True,CONVERGED,float64,cuda:0
forward,0,314,9.315007904498235e-07,True,CONVERGED,float64,cuda:0
forward,1,316,9.872750538920783e-07,True,CONVERGED,float64,cuda:0
forward,2,319,9.728545799088313e-07,True,CONVERGED,float64,cuda:0
adjoint,0,313,8.82155783669709e-07,True,CONVERGED,float64,cuda:0
adjoint,1,320,9.197424877782186e-07,True,CONVERGED,float64,cuda:0
adjoint,2,321,9.974394449993156e-07,True,CONVERGED,float64,cuda:0
forward,0,314,9.315395356575133e-07,True,CONVERGED,float64,cuda:0
forward,1,316,9.871090014967348e-07,True,CONVERGED,float64,cuda:0
forward,2,319,9.726974899057746e-07,True,CONVERGED,float64,cuda:0
adjoint,0,313,8.820576453651501e-07,True,CONVERGED,float64,cuda:0
adjoint,1,320,9.198667450410114e-07,True,CONVERGED,float64,cuda:0
adjoint,2,321,9.980702831550277e-07,True,CONVERGED,float64,cuda:0
forward,0,314,9.327596816452279e-07,True,CONVERGED,float64,cuda:0
forward,1,316,9.879145575279225e-07,True,CONVERGED,float64,cuda:0
forward,2,319,9.744715301419668e-07,True,CONVERGED,float64,cuda:0
adjoint,0,313,8.836122006263157e-07,True,CONVERGED,float64,cuda:0
adjoint,1,320,9.205341058497154e-07,True,CONVERGED,float64,cuda:0
adjoint,2,321,9.972485261410992e-07,True,CONVERGED,float64,cuda:0
forward,0,314,9.336909435098515e-07,True,CONVERGED,float64,cuda:0
forward,1,316,9.88134208725546e-07,True,CONVERGED,float64,cuda:0
forward,2,319,9.754354225202368e-07,True,CONVERGED,float64,cuda:0
adjoint,0,313,8.845922814796887e-07,True,CONVERGED,float64,cuda:0
adjoint,1,320,9.21204975897206e-07,True,CONVERGED,float64,cuda:0
adjoint,2,321,9.970986651235907e-07,True,CONVERGED,float64,cuda:0
forward,0,314,9.346842777275486e-07,True,CONVERGED,float64,cuda:0
forward,1,316,9.878102415121554e-07,True,CONVERGED,float64,cuda:0
forward,2,319,9.753329353166505e-07,True,CONVERGED,float64,cuda:0
adjoint,0,313,8.846312613590218e-07,True,CONVERGED,float64,cuda:0
adjoint,1,320,9.216491885770032e-07,True,CONVERGED,float64,cuda:0
adjoint,2,321,9.97597848233128e-07,True,CONVERGED,float64,cuda:0
forward,0,314,9.323481843746966e-07,True,CONVERGED,float64,cuda:0
forward,1,316,9.87922232048132e-07,True,CONVERGED,float64,cuda:0
forward,2,319,9.749572085915627e-07,True,CONVERGED,float64,cuda:0
adjoint,0,313,8.839500793256959e-07,True,CONVERGED,float64,cuda:0
adjoint,1,320,9.208589233060541e-07,True,CONVERGED,float64,cuda:0
adjoint,2,321,9.980881419089348e-07,True,CONVERGED,float64,cuda:0
forward,0,314,9.313878336330012e-07,True,CONVERGED,float64,cuda:0
forward,1,316,9.877402809688434e-07,True,CONVERGED,float64,cuda:0
forward,2,319,9.745426369544814e-07,True,CONVERGED,float64,cuda:0
adjoint,0,313,8.831339243363179e-07,True,CONVERGED,float64,cuda:0
adjoint,1,320,9.205015721308101e-07,True,CONVERGED,float64,cuda:0
adjoint,2,321,9.985257951168526e-07,True,CONVERGED,float64,cuda:0
forward,0,314,9.337096455357471e-07,True,CONVERGED,float64,cuda:0
forward,1,316,9.872512385842897e-07,True,CONVERGED,float64,cuda:0
forward,2,319,9.748725878389122e-07,True,CONVERGED,float64,cuda:0
adjoint,0,313,8.839850599735691e-07,True,CONVERGED,float64,cuda:0
adjoint,1,320,9.215861714345327e-07,True,CONVERGED,float64,cuda:0
adjoint,2,321,9.98571899958962e-07,True,CONVERGED,float64,cuda:0
forward,0,314,9.339796967531839e-07,True,CONVERGED,float64,cuda:0
forward,1,316,9.877720598446103e-07,True,CONVERGED,float64,cuda:0
forward,2,319,9.76078532206756e-07,True,CONVERGED,float64,cuda:0
adjoint,0,313,8.849405667958939e-07,True,CONVERGED,float64,cuda:0
adjoint,1,320,9.219602856465435e-07,True,CONVERGED,float64,cuda:0
adjoint,2,321,9.98092995497473e-07,True,CONVERGED,float64,cuda:0
forward,0,314,9.33948478060228e-07,True,CONVERGED,float64,cuda:0
forward,1,316,9.88282158063145e-07,True,CONVERGED,float64,cuda:0
forward,2,319,9.769813812431828e-07,True,CONVERGED,float64,cuda:0
adjoint,0,313,8.854658252489503e-07,True,CONVERGED,float64,cuda:0
adjoint,1,320,9.217552497926654e-07,True,CONVERGED,float64,cuda:0
adjoint,2,321,9.965040658182437e-07,True,CONVERGED,float64,cuda:0
forward,0,314,9.346629448233932e-07,True,CONVERGED,float64,cuda:0
forward,1,316,9.88225799794128e-07,True,CONVERGED,float64,cuda:0
forward,2,319,9.768131142708625e-07,True,CONVERGED,float64,cuda:0
adjoint,0,313,8.857287283073021e-07,True,CONVERGED,float64,cuda:0
adjoint,1,320,9.222853398010226e-07,True,CONVERGED,float64,cuda:0
adjoint,2,321,9.985080310862657e-07,True,CONVERGED,float64,cuda:0
forward,0,314,9.341929763548797e-07,True,CONVERGED,float64,cuda:0
forward,1,316,9.882818736495658e-07,True,CONVERGED,float64,cuda:0
forward,2,319,9.767544379329425e-07,True,CONVERGED,float64,cuda:0
adjoint,0,313,8.858342043772048e-07,True,CONVERGED,float64,cuda:0
adjoint,1,320,9.221601052933634e-07,True,CONVERGED,float64,cuda:0
adjoint,2,321,9.990840353418876e-07,True,CONVERGED,float64,cuda:0
forward,0,314,9.323813138065917e-07,True,CONVERGED,float64,cuda:0
forward,1,316,9.886445420548165e-07,True,CONVERGED,float64,cuda:0
forward,2,319,9.769034041838629e-07,True,CONVERGED,float64,cuda:0
adjoint,0,313,8.857333164868181e-07,True,CONVERGED,float64,cuda:0
adjoint,1,320,9.216918266609378e-07,True,CONVERGED,float64,cuda:0
adjoint,2,321,9.988785499379046e-07,True,CONVERGED,float64,cuda:0
forward,0,314,9.335483011047705e-07,True,CONVERGED,float64,cuda:0
forward,1,316,9.879897577513967e-07,True,CONVERGED,float64,cuda:0
forward,2,319,9.764057607768e-07,True,CONVERGED,float64,cuda:0
adjoint,0,313,8.856858676234765e-07,True,CONVERGED,float64,cuda:0
adjoint,1,320,9.223647901380245e-07,True,CONVERGED,float64,cuda:0
adjoint,2,322,9.068478267046134e-07,True,CONVERGED,float64,cuda:0
forward,0,314,9.349936661147354e-07,True,CONVERGED,float64,cuda:0
forward,1,316,9.878920327132276e-07,True,CONVERGED,float64,cuda:0
forward,2,319,9.770078461163779e-07,True,CONVERGED,float64,cuda:0
adjoint,0,313,8.85958322465836e-07,True,CONVERGED,float64,cuda:0
adjoint,1,320,9.228684837725014e-07,True,CONVERGED,float64,cuda:0
adjoint,2,321,9.991023144946537e-07,True,CONVERGED,float64,cuda:0
forward,0,314,9.338940754401348e-07,True,CONVERGED,float64,cuda:0
forward,1,316,9.889236246683502e-07,True,CONVERGED,float64,cuda:0
forward,2,319,9.783206998766444e-07,True,CONVERGED,float64,cuda:0
adjoint,0,313,8.86015552147813e-07,True,CONVERGED,float64,cuda:0
adjoint,1,320,9.225328399961138e-07,True,CONVERGED,float64,cuda:0
adjoint,2,321,9.98262711458135e-07,True,CONVERGED,float64,cuda:0
forward,0,314,9.353238281589968e-07,True,CONVERGED,float64,cuda:0
forward,1,316,9.885924870596069e-07,True,CONVERGED,float64,cuda:0
forward,2,319,9.783298886007518e-07,True,CONVERGED,float64,cuda:0
adjoint,0,313,8.865918154911162e-07,True,CONVERGED,float64,cuda:0
adjoint,1,320,9.231885333005418e-07,True,CONVERGED,float64,cuda:0
adjoint,2,321,9.985509623147653e-07,True,CONVERGED,float64,cuda:0
forward,0,314,9.352932825907893e-07,True,CONVERGED,float64,cuda:0
forward,1,316,9.88039382761429e-07,True,CONVERGED,float64,cuda:0
forward,2,319,9.776476725946473e-07,True,CONVERGED,float64,cuda:0
adjoint,0,313,8.863067049563854e-07,True,CONVERGED,float64,cuda:0
adjoint,1,320,9.235071564940803e-07,True,CONVERGED,float64,cuda:0
adjoint,2,322,9.06902867888758e-07,True,CONVERGED,float64,cuda:0
forward,0,314,9.331309527127415e-07,True,CONVERGED,float64,cuda:0
forward,1,316,9.884970094220625e-07,True,CONVERGED,float64,cuda:0
forward,2,319,9.77751587269196e-07,True,CONVERGED,float64,cuda:0
adjoint,0,313,8.858802971356097e-07,True,CONVERGED,float64,cuda:0
adjoint,1,320,9.224071719229242e-07,True,CONVERGED,float64,cuda:0
adjoint,2,321,9.997531322185717e-07,True,CONVERGED,float64,cuda:0
forward,0,314,9.329586313718174e-07,True,CONVERGED,float64,cuda:0
forward,1,316,9.889293225849072e-07,True,CONVERGED,float64,cuda:0
forward,2,319,9.783594330878891e-07,True,CONVERGED,float64,cuda:0
adjoint,0,313,8.862160301982647e-07,True,CONVERGED,float64,cuda:0
adjoint,1,320,9.225371995225707e-07,True,CONVERGED,float64,cuda:0
adjoint,2,321,9.9979083185462e-07,True,CONVERGED,float64,cuda:0
forward,0,314,9.363444478633489e-07,True,CONVERGED,float64,cuda:0
forward,1,316,9.88536836261068e-07,True,CONVERGED,float64,cuda:0
forward,2,319,9.789519762650522e-07,True,CONVERGED,float64,cuda:0
adjoint,0,313,8.873753533167829e-07,True,CONVERGED,float64,cuda:0
adjoint,1,320,9.240827889918981e-07,True,CONVERGED,float64,cuda:0
adjoint,2,322,9.063255678518849e-07,True,CONVERGED,float64,cuda:0
forward,0,314,9.360941762227275e-07,True,CONVERGED,float64,cuda:0
forward,1,316,9.890899795320489e-07,True,CONVERGED,float64,cuda:0
forward,2,319,9.796654845996043e-07,True,CONVERGED,float64,cuda:0
adjoint,0,313,8.878570505547178e-07,True,CONVERGED,float64,cuda:0
adjoint,1,320,9.239382237715743e-07,True,CONVERGED,float64,cuda:0
adjoint,2,321,9.994951628775248e-07,True,CONVERGED,float64,cuda:0
forward,0,314,9.34080045305952e-07,True,CONVERGED,float64,cuda:0
forward,1,316,9.898800596868444e-07,True,CONVERGED,float64,cuda:0
forward,2,319,9.800222284102071e-07,True,CONVERGED,float64,cuda:0
adjoint,0,313,8.875589864744531e-07,True,CONVERGED,float64,cuda:0
adjoint,1,320,9.234289155472554e-07,True,CONVERGED,float64,cuda:0
adjoint,2,321,9.99806526676431e-07,True,CONVERGED,float64,cuda:0
forward,0,314,9.354893447244764e-07,True,CONVERGED,float64,cuda:0
forward,1,316,9.88497445975814e-07,True,CONVERGED,float64,cuda:0
forward,2,319,9.791064771642695e-07,True,CONVERGED,float64,cuda:0
adjoint,0,313,8.872363647840619e-07,True,CONVERGED,float64,cuda:0
adjoint,1,320,9.241852617166993e-07,True,CONVERGED,float64,cuda:0
adjoint,2,322,9.070496633904148e-07,True,CONVERGED,float64,cuda:0
forward,0,314,9.348086542013904e-07,True,CONVERGED,float64,cuda:0
forward,1,316,9.882423503307234e-07,True,CONVERGED,float64,cuda:0
forward,2,319,9.78538914228234e-07,True,CONVERGED,float64,cuda:0
adjoint,0,313,8.864149558308131e-07,True,CONVERGED,float64,cuda:0
adjoint,1,320,9.239758819757404e-07,True,CONVERGED,float64,cuda:0
adjoint,2,322,9.076054833207291e-07,True,CONVERGED,float64,cuda:0
forward,0,314,9.334360731731742e-07,True,CONVERGED,float64,cuda:0
forward,1,316,9.892533244246878e-07,True,CONVERGED,float64,cuda:0
forward,2,319,9.79684446319636e-07,True,CONVERGED,float64,cuda:0
adjoint,0,313,8.871471672440471e-07,True,CONVERGED,float64,cuda:0
adjoint,1,320,9.236475199264306e-07,True,CONVERGED,float64,cuda:0
adjoint,2,322,9.060702198605385e-07,True,CONVERGED,float64,cuda:0
forward,0,314,9.358149984696172e-07,True,CONVERGED,float64,cuda:0
forward,1,316,9.891183393037565e-07,True,CONVERGED,float64,cuda:0
forward,2,319,9.80408070570497e-07,True,CONVERGED,float64,cuda:0
adjoint,0,313,8.879891046402423e-07,True,CONVERGED,float64,cuda:0
adjoint,1,320,9.246762661507368e-07,True,CONVERGED,float64,cuda:0
adjoint,2,322,9.065034410920514e-07,True,CONVERGED,float64,cuda:0
forward,0,314,9.378434525957844e-07,True,CONVERGED,float64,cuda:0
forward,1,316,9.891783967383334e-07,True,CONVERGED,float64,cuda:0
forward,2,319,9.813176463443844e-07,True,CONVERGED,float64,cuda:0
adjoint,0,313,8.891822845518048e-07,True,CONVERGED,float64,cuda:0
adjoint,1,320,9.25752778631864e-07,True,CONVERGED,float64,cuda:0
adjoint,2,322,9.062274532628635e-07,True,CONVERGED,float64,cuda:0
forward,0,314,9.356785321076425e-07,True,CONVERGED,float64,cuda:0
forward,1,316,9.89445650775253e-07,True,CONVERGED,float64,cuda:0
forward,2,319,9.81218187744027e-07,True,CONVERGED,float64,cuda:0
adjoint,0,313,8.88314247397568e-07,True,CONVERGED,float64,cuda:0
adjoint,1,320,9.244592320696232e-07,True,CONVERGED,float64,cuda:0
adjoint,2,322,9.054320884190074e-07,True,CONVERGED,float64,cuda:0
forward,0,314,9.345198855480192e-07,True,CONVERGED,float64,cuda:0
forward,1,316,9.893105402278958e-07,True,CONVERGED,float64,cuda:0
forward,2,319,9.80526942023136e-07,True,CONVERGED,float64,cuda:0
adjoint,0,313,8.8812230633386e-07,True,CONVERGED,float64,cuda:0
adjoint,1,320,9.243330723820728e-07,True,CONVERGED,float64,cuda:0
adjoint,2,322,9.06904102848833e-07,True,CONVERGED,float64,cuda:0
forward,0,314,9.353490348256634e-07,True,CONVERGED,float64,cuda:0
forward,1,316,9.88704739227494e-07,True,CONVERGED,float64,cuda:0
forward,2,319,9.80377228336769e-07,True,CONVERGED,float64,cuda:0
adjoint,0,313,8.881627344100235e-07,True,CONVERGED,float64,cuda:0
adjoint,1,320,9.250855599811025e-07,True,CONVERGED,float64,cuda:0
adjoint,2,322,9.07789908199583e-07,True,CONVERGED,float64,cuda:0
forward,0,314,9.345963710026919e-07,True,CONVERGED,float64,cuda:0
forward,1,316,9.893023365680446e-07,True,CONVERGED,float64,cuda:0
forward,2,319,9.80681955533136e-07,True,CONVERGED,float64,cuda:0
adjoint,0,313,8.880638683976844e-07,True,CONVERGED,float64,cuda:0
adjoint,1,320,9.247100524102167e-07,True,CONVERGED,float64,cuda:0
adjoint,2,322,9.076923268316021e-07,True,CONVERGED,float64,cuda:0
forward,0,314,9.354923717854867e-07,True,CONVERGED,float64,cuda:0
forward,1,316,9.899948287828417e-07,True,CONVERGED,float64,cuda:0
forward,2,319,9.821326764424625e-07,True,CONVERGED,float64,cuda:0
adjoint,0,313,8.891683397963411e-07,True,CONVERGED,float64,cuda:0
adjoint,1,320,9.251075015714357e-07,True,CONVERGED,float64,cuda:0
adjoint,2,322,9.056975955764272e-07,True,CONVERGED,float64,cuda:0
forward,0,314,9.372696835622119e-07,True,CONVERGED,float64,cuda:0
forward,1,316,9.895940061898494e-07,True,CONVERGED,float64,cuda:0
forward,2,319,9.82300216006867e-07,True,CONVERGED,float64,cuda:0
adjoint,0,313,8.893528087009936e-07,True,CONVERGED,float64,cuda:0
adjoint,1,320,9.26180645380539e-07,True,CONVERGED,float64,cuda:0
adjoint,2,322,9.068852552965224e-07,True,CONVERGED,float64,cuda:0
forward,0,314,9.376750704003935e-07,True,CONVERGED,float64,cuda:0
forward,1,316,9.894407179749739e-07,True,CONVERGED,float64,cuda:0
forward,2,319,9.823014197423175e-07,True,CONVERGED,float64,cuda:0
adjoint,0,313,8.89337872549837e-07,True,CONVERGED,float64,cuda:0
adjoint,1,320,9.263112406715526e-07,True,CONVERGED,float64,cuda:0
adjoint,2,322,9.070574044596562e-07,True,CONVERGED,float64,cuda:0
forward,0,314,9.347438381351055e-07,True,CONVERGED,float64,cuda:0
forward,1,316,9.899690332189015e-07,True,CONVERGED,float64,cuda:0
forward,2,319,9.819826625368995e-07,True,CONVERGED,float64,cuda:0
adjoint,0,313,8.89005300841889e-07,True,CONVERGED,float64,cuda:0
adjoint,1,320,9.250579628409094e-07,True,CONVERGED,float64,cuda:0
adjoint,2,322,9.066588366390864e-07,True,CONVERGED,float64,cuda:0
forward,0,314,9.353208789819724e-07,True,CONVERGED,float64,cuda:0
forward,1,316,9.891952587467681e-07,True,CONVERGED,float64,cuda:0
forward,2,319,9.815560938273214e-07,True,CONVERGED,float64,cuda:0
adjoint,0,313,8.885476244245215e-07,True,CONVERGED,float64,cuda:0
adjoint,1,320,9.255021626993635e-07,True,CONVERGED,float64,cuda:0
adjoint,2,322,9.078313453518737e-07,True,CONVERGED,float64,cuda:0
forward,0,314,9.360347518443555e-07,True,CONVERGED,float64,cuda:0
forward,1,316,9.895630642983092e-07,True,CONVERGED,float64,cuda:0
forward,2,319,9.822205087402278e-07,True,CONVERGED,float64,cuda:0
adjoint,0,313,8.897490148322824e-07,True,CONVERGED,float64,cuda:0
adjoint,1,320,9.263345558249682e-07,True,CONVERGED,float64,cuda:0
adjoint,2,322,9.080074695384624e-07,True,CONVERGED,float64,cuda:0
forward,0,314,9.362089926220912e-07,True,CONVERGED,float64,cuda:0
forward,1,316,9.900882457107192e-07,True,CONVERGED,float64,cuda:0
forward,2,319,9.83382854224165e-07,True,CONVERGED,float64,cuda:0
adjoint,0,313,8.90041855002959e-07,True,CONVERGED,float64,cuda:0
adjoint,1,320,9.26107179099574e-07,True,CONVERGED,float64,cuda:0
adjoint,2,322,9.063176579133892e-07,True,CONVERGED,float64,cuda:0
forward,0,314,9.36450608765895e-07,True,CONVERGED,float64,cuda:0
forward,1,316,9.906912913550819e-07,True,CONVERGED,float64,cuda:0
forward,2,319,9.83893509393478e-07,True,CONVERGED,float64,cuda:0
adjoint,0,313,8.907590513402787e-07,True,CONVERGED,float64,cuda:0
adjoint,1,320,9.263933831358795e-07,True,CONVERGED,float64,cuda:0
adjoint,2,322,9.064348730304146e-07,True,CONVERGED,float64,cuda:0
forward,0,314,9.371132550734013e-07,True,CONVERGED,float64,cuda:0
forward,1,316,9.90025367776837e-07,True,CONVERGED,float64,cuda:0
forward,2,319,9.835899499424926e-07,True,CONVERGED,float64,cuda:0
adjoint,0,313,8.908492614745761e-07,True,CONVERGED,float64,cuda:0
adjoint,1,320,9.270394962766662e-07,True,CONVERGED,float64,cuda:0
adjoint,2,322,9.075280458788537e-07,True,CONVERGED,float64,cuda:0
forward,0,314,9.367232436852198e-07,True,CONVERGED,float64,cuda:0
forward,1,316,9.901239300930093e-07,True,CONVERGED,float64,cuda:0
forward,2,319,9.836564605842205e-07,True,CONVERGED,float64,cuda:0
adjoint,0,313,8.907583505593904e-07,True,CONVERGED,float64,cuda:0
adjoint,1,320,9.27221225804482e-07,True,CONVERGED,float64,cuda:0
adjoint,2,322,9.076781369710196e-07,True,CONVERGED,float64,cuda:0
forward,0,314,9.347618608079527e-07,True,CONVERGED,float64,cuda:0
forward,1,316,9.907250967981887e-07,True,CONVERGED,float64,cuda:0
forward,2,319,9.838397475783404e-07,True,CONVERGED,float64,cuda:0
adjoint,0,313,8.90224037890007e-07,True,CONVERGED,float64,cuda:0
adjoint,1,320,9.264281685401992e-07,True,CONVERGED,float64,cuda:0
adjoint,2,322,9.069323069527416e-07,True,CONVERGED,float64,cuda:0
forward,0,314,9.364184202306573e-07,True,CONVERGED,float64,cuda:0
forward,1,316,9.899986263346076e-07,True,CONVERGED,float64,cuda:0
forward,2,319,9.8373865633733e-07,True,CONVERGED,float64,cuda:0
adjoint,0,313,8.90297357751932e-07,True,CONVERGED,float64,cuda:0
adjoint,1,320,9.271515270633529e-07,True,CONVERGED,float64,cuda:0
adjoint,2,322,9.076258619687383e-07,True,CONVERGED,float64,cuda:0
