role,scenario_index,iterations,relative_residual,converged,reason,dtype,device
forward,0,225,9.880164372320056e-07,True,CONVERGED,float64,cuda:0
forward,1,294,9.83771419594861e-07,True,CONVERGED,float64,cuda:0
forward,2,294,9.837714263042086e-07,True,CONVERGED,float64,cuda:0
adjoint,0,223,9.281028003397344e-07,True,CONVERGED,float64,cuda:0
adjoint,1,290,9.80867917343275e-07,True,CONVERGED,float64,cuda:0
adjoint,2,290,9.808679096927099e-07,True,CONVERGED,float64,cuda:0
forward,0,251,9.494020513982582e-07,True,CONVERGED,float64,cuda:0
forward,1,294,9.164406571802553e-07,True,CONVERGED,float64,cuda:0
forward,2,294,9.164931807102816e-07,True,CONVERGED,float64,cuda:0
adjoint,0,251,9.428099436935267e-07,True,CONVERGED,float64,cuda:0
adjoint,1,291,9.112385372228154e-07,True,CONVERGED,float64,cuda:0
adjoint,2,291,9.109985071277973e-07,True,CONVERGED,float64,cuda:0
forward,0,254,9.515998617415677e-07,True,CONVERGED,float64,cuda:0
forward,1,296,9.795060664881304e-07,True,CONVERGED,float64,cuda:0
forward,2,296,9.802715129484797e-07,True,CONVERGED,float64,cuda:0
adjoint,0,252,9.071468717986819e-07,True,CONVERGED,float64,cuda:0
adjoint,1,291,9.686171184913297e-07,True,CONVERGED,float64,cuda:0
adjoint,2,291,9.682762723597338e-07,True,CONVERGED,float64,cuda:0
forward,0,256,9.327192393451035e-07,True,CONVERGED,float64,cuda:0
forward,1,303,9.537794209456115e-07,True,CONVERGED,float64,cuda:0
forward,2,303,9.543404642903656e-07,True,CONVERGED,float64,cuda:0
adjoint,0,253,9.936331896933116e-07,True,CONVERGED,float64,cuda:0
adjoint,1,292,9.791496363949343e-07,True,CONVERGED,float64,cuda:0
adjoint,2,292,9.786088232784428e-07,True,CONVERGED,float64,cuda:0
forward,0,257,9.477023513262555e-07,True,CONVERGED,float64,cuda:0
forward,1,305,9.305040952234128e-07,True,CONVERGED,float64,cuda:0
forward,2,305,9.306391232618562e-07,True,CONVERGED,float64,cuda:0
adjoint,0,255,8.678939625232657e-07,True,CONVERGED,float64,cuda:0
adjoint,1,294,9.427633105540709e-07,True,CONVERGED,float64,cuda:0
adjoint,2,294,9.426733552044094e-07,True,CONVERGED,float64,cuda:0
forward,0,269,9.95083981561418e-07,True,CONVERGED,float64,cuda:0
forward,1,305,9.405628193396126e-07,True,CONVERGED,float64,cuda:0
forward,2,305,9.406397564421015e-07,True,CONVERGED,float64,cuda:0
adjoint,0,255,9.844674617194608e-07,True,CONVERGED,float64,cuda:0
adjoint,1,295,9.986756312884739e-07,True,CONVERGED,float64,cuda:0
adjoint,2,295,9.980153881885493e-07,True,CONVERGED,float64,cuda:0
forward,0,274,9.553852279360037e-07,True,CONVERGED,float64,cuda:0
forward,1,305,8.986789377238691e-07,True,CONVERGED,float64,cuda:0
forward,2,305,8.990466720642215e-07,True,CONVERGED,float64,cuda:0
adjoint,0,256,9.111921221039164e-07,True,CONVERGED,float64,cuda:0
adjoint,1,296,9.433547755066351e-07,True,CONVERGED,float64,cuda:0
adjoint,2,296,9.410213988195669e-07,True,CONVERGED,float64,cuda:0
forward,0,269,9.90033362642093e-07,True,CONVERGED,float64,cuda:0
forward,1,304,9.2338875830595e-07,True,CONVERGED,float64,cuda:0
forward,2,304,9.245117360492673e-07,True,CONVERGED,float64,cuda:0
adjoint,0,256,9.162487900477043e-07,True,CONVERGED,float64,cuda:0
adjoint,1,291,9.434444422546126e-07,True,CONVERGED,float64,cuda:0
adjoint,2,291,9.354451924637603e-07,True,CONVERGED,float64,cuda:0
forward,0,255,9.280208131987695e-07,True,CONVERGED,float64,cuda:0
forward,1,303,8.892466269253707e-07,True,CONVERGED,float64,cuda:0
forward,2,303,8.911299809852368e-07,True,CONVERGED,float64,cuda:0
adjoint,0,255,9.060142953907012e-07,True,CONVERGED,float64,cuda:0
adjoint,1,297,9.97792255962693e-07,True,CONVERGED,float64,cuda:0
adjoint,2,298,8.79679081994667e-07,True,CONVERGED,float64,cuda:0
forward,0,253,9.301106515246182e-07,True,CONVERGED,float64,cuda:0
forward,1,298,9.56062128487489e-07,True,CONVERGED,float64,cuda:0
forward,2,298,9.661690017572272e-07,True,CONVERGED,float64,cuda:0
adjoint,0,253,8.436338171215111e-07,True,CONVERGED,float64,cuda:0
adjoint,1,292,9.781561517952937e-07,True,CONVERGED,float64,cuda:0
adjoint,2,292,9.834160067192564e-07,True,CONVERGED,float64,cuda:0
forward,0,269,9.932291986061464e-07,True,CONVERGED,float64,cuda:0
forward,1,298,9.73574699641582e-07,True,CONVERGED,float64,cuda:0
forward,2,298,9.731318221404392e-07,True,CONVERGED,float64,cuda:0
adjoint,0,253,9.125208553361445e-07,True,CONVERGED,float64,cuda:0
adjoint,1,288,9.509601296189065e-07,True,CONVERGED,float64,cuda:0
adjoint,2,288,9.549910358372838e-07,True,CONVERGED,float64,cuda:0
forward,0,268,8.562776034066198e-07,True,CONVERGED,float64,cuda:0
forward,1,297,9.77579746187569e-07,True,CONVERGED,float64,cuda:0
forward,2,297,9.741698573602717e-07,True,CONVERGED,float64,cuda:0
adjoint,0,255,9.600399241192806e-07,True,CONVERGED,float64,cuda:0
adjoint,1,293,8.734797098849546e-07,True,CONVERGED,float64,cuda:0
adjoint,2,293,8.777239830959268e-07,True,CONVERGED,float64,cuda:0
forward,0,265,9.472251463176458e-07,True,CONVERGED,float64,cuda:0
forward,1,294,9.652593115082695e-07,True,CONVERGED,float64,cuda:0
forward,2,294,9.951509527493537e-07,True,CONVERGED,float64,cuda:0
adjoint,0,269,8.133571988177958e-07,True,CONVERGED,float64,cuda:0
adjoint,1,300,9.597976888635575e-07,True,CONVERGED,float64,cuda:0
adjoint,2,300,9.634169614052495e-07,True,CONVERGED,float64,cuda:0
forward,0,267,9.613645912080218e-07,True,CONVERGED,float64,cuda:0
forward,1,282,8.9376276384326e-07,True,CONVERGED,float64,cuda:0
forward,2,292,9.473815656790066e-07,True,CONVERGED,float64,cuda:0
adjoint,0,282,8.911001285870142e-07,True,CONVERGED,float64,cuda:0
adjoint,1,297,9.636842971761387e-07,True,CONVERGED,float64,cuda:0
adjoint,2,297,9.767167153912234e-07,True,CONVERGED,float64,cuda:0
forward,0,273,8.875039958811101e-07,True,CONVERGED,float64,cuda:0
forward,1,286,9.400535362721943e-07,True,CONVERGED,float64,cuda:0
forward,2,289,9.281765780641519e-07,True,CONVERGED,float64,cuda:0
adjoint,0,281,8.488772313074444e-07,True,CONVERGED,float64,cuda:0
adjoint,1,295,9.502384771599917e-07,True,CONVERGED,float64,cuda:0
adjoint,2,295,9.783972072972668e-07,True,CONVERGED,float64,cuda:0
forward,0,271,9.904308844245423e-07,True,CONVERGED,float64,cuda:0
forward,1,277,9.912419679292945e-07,True,CONVERGED,float64,cuda:0
forward,2,287,9.251937883514041e-07,True,CONVERGED,float64,cuda:0
adjoint,0,279,8.931705749670197e-07,True,CONVERGED,float64,cuda:0
adjoint,1,293,8.951251513988954e-07,True,CONVERGED,float64,cuda:0
adjoint,2,293,9.293279968736441e-07,True,CONVERGED,float64,cuda:0
forward,0,272,9.689925756202975e-07,True,CONVERGED,float64,cuda:0
forward,1,275,9.533163685645047e-07,True,CONVERGED,float64,cuda:0
forward,2,284,9.91249338404427e-07,True,CONVERGED,float64,cuda:0
adjoint,0,276,9.372621014028392e-07,True,CONVERGED,float64,cuda:0
adjoint,1,291,9.325328955160957e-07,True,CONVERGED,float64,cuda:0
adjoint,2,291,9.98822996864261e-07,True,CONVERGED,float64,cuda:0
forward,0,271,9.869228874520544e-07,True,CONVERGED,float64,cuda:0
forward,1,277,9.80166616652803e-07,True,CONVERGED,float64,cuda:0
forward,2,282,9.25735311983986e-07,True,CONVERGED,float64,cuda:0
adjoint,0,281,9.622689897530607e-07,True,CONVERGED,float64,cuda:0
adjoint,1,290,9.103717812621289e-07,True,CONVERGED,float64,cuda:0
adjoint,2,290,9.92784682590842e-07,True,CONVERGED,float64,cuda:0
forward,0,273,8.762963777464177e-07,True,CONVERGED,float64,cuda:0
forward,1,275,9.891404257215194e-07,True,CONVERGED,float64,cuda:0
forward,2,280,9.789453756091544e-07,True,CONVERGED,float64,cuda:0
adjoint,0,280,8.352798385112065e-07,True,CONVERGED,float64,cuda:0
adjoint,1,287,9.848086410336814e-07,True,CONVERGED,float64,cuda:0
adjoint,2,288,9.340269645845993e-07,True,CONVERGED,float64,cuda:0
forward,0,274,8.80563742682966e-07,True,CONVERGED,float64,cuda:0
forward,1,274,9.576632778058344e-07,True,CONVERGED,float64,cuda:0
forward,2,279,9.73535003588123e-07,True,CONVERGED,float64,cuda:0
adjoint,0,276,9.461197204433582e-07,True,CONVERGED,float64,cuda:0
adjoint,1,286,9.10095628805136e-07,True,CONVERGED,float64,cuda:0
adjoint,2,286,9.882533459832208e-07,True,CONVERGED,float64,cuda:0
forward,0,271,9.474112550090494e-07,True,CONVERGED,float64,cuda:0
forward,1,271,8.716838483293068e-07,True,CONVERGED,float64,cuda:0
forward,2,278,9.655483146183464e-07,True,CONVERGED,float64,cuda:0
adjoint,0,277,9.726103920782987e-07,True,CONVERGED,float64,cuda:0
adjoint,1,283,9.668086487443967e-07,True,CONVERGED,float64,cuda:0
adjoint,2,284,9.18433344866673e-07,True,CONVERGED,float64,cuda:0
forward,0,268,9.863973653925761e-07,True,CONVERGED,float64,cuda:0
forward,1,268,9.853745527572518e-07,True,CONVERGED,float64,cuda:0
forward,2,278,9.476051538133287e-07,True,CONVERGED,float64,cuda:0
adjoint,0,276,9.443527408081806e-07,True,CONVERGED,float64,cuda:0
adjoint,1,282,9.46400265995769e-07,True,CONVERGED,float64,cuda:0
adjoint,2,283,8.937922537189617e-07,True,CONVERGED,float64,cuda:0
forward,0,269,9.335594913908598e-07,True,CONVERGED,float64,cuda:0
forward,1,266,9.042624861991244e-07,True,CONVERGED,float64,cuda:0
forward,2,277,9.230158669570792e-07,True,CONVERGED,float64,cuda:0
adjoint,0,273,9.951410136725897e-07,True,CONVERGED,float64,cuda:0
adjoint,1,280,9.976301403662922e-07,True,CONVERGED,float64,cuda:0
adjoint,2,283,9.188168779577231e-07,True,CONVERGED,float64,cuda:0
forward,0,265,9.946196234056865e-07,True,CONVERGED,float64,cuda:0
forward,1,271,8.75390004615098e-07,True,CONVERGED,float64,cuda:0
forward,2,279,9.865673858113252e-07,True,CONVERGED,float64,cuda:0
adjoint,0,270,9.484676040656666e-07,True,CONVERGED,float64,cuda:0
adjoint,1,286,8.845727336299581e-07,True,CONVERGED,float64,cuda:0
adjoint,2,286,9.830041074699268e-07,True,CONVERGED,float64,cuda:0
forward,0,266,9.45740546416985e-07,True,CONVERGED,float64,cuda:0
forward,1,271,9.452391846835457e-07,True,CONVERGED,float64,cuda:0
forward,2,279,9.868318062112854e-07,True,CONVERGED,float64,cuda:0
adjoint,0,271,9.151819524428631e-07,True,CONVERGED,float64,cuda:0
adjoint,1,286,9.1883456773498e-07,True,CONVERGED,float64,cuda:0
adjoint,2,287,8.716195359946009e-07,True,CONVERGED,float64,cuda:0
forward,0,268,9.82442106842489e-07,True,CONVERGED,float64,cuda:0
forward,1,267,9.86373125988025e-07,True,CONVERGED,float64,cuda:0
forward,2,278,9.79854680884967e-07,True,CONVERGED,float64,cuda:0
adjoint,0,268,9.585624445749125e-07,True,CONVERGED,float64,cuda:0
adjoint,1,284,9.163278991539606e-07,True,CONVERGED,float64,cuda:0
adjoint,2,285,8.908137358024143e-07,True,CONVERGED,float64,cuda:0
forward,0,265,9.94329458132607e-07,True,CONVERGED,float64,cuda:0
forward,1,267,9.947795458111198e-07,True,CONVERGED,float64,cuda:0
forward,2,277,9.377365704575516e-07,True,CONVERGED,float64,cuda:0
adjoint,0,272,9.425816588966952e-07,True,CONVERGED,float64,cuda:0
adjoint,1,280,9.279891759762874e-07,True,CONVERGED,float64,cuda:0
adjoint,2,282,9.588745509406509e-07,True,CONVERGED,float64,cuda:0
forward,0,263,9.005269426715982e-07,True,CONVERGED,float64,cuda:0
forward,1,269,9.803061167725422e-07,True,CONVERGED,float64,cuda:0
forward,2,277,8.769678535642577e-07,True,CONVERGED,float64,cuda:0
adjoint,0,274,9.085639957282639e-07,True,CONVERGED,float64,cuda:0
adjoint,1,283,9.579008790734673e-07,True,CONVERGED,float64,cuda:0
adjoint,2,283,9.767526842545976e-07,True,CONVERGED,float64,cuda:0
forward,0,262,9.994484289432729e-07,True,CONVERGED,float64,cuda:0
forward,1,272,9.649994357284158e-07,True,CONVERGED,float64,cuda:0
forward,2,276,9.254210508031549e-07,True,CONVERGED,float64,cuda:0
adjoint,0,276,9.269453404827682e-07,True,CONVERGED,float64,cuda:0
adjoint,1,285,9.403544061967781e-07,True,CONVERGED,float64,cuda:0
adjoint,2,285,9.142001508814169e-07,True,CONVERGED,float64,cuda:0
forward,0,263,8.891059885206994e-07,True,CONVERGED,float64,cuda:0
forward,1,276,9.079349794078963e-07,True,CONVERGED,float64,cuda:0
forward,2,271,9.823227636822747e-07,True,CONVERGED,float64,cuda:0
adjoint,0,277,8.555491360482123e-07,True,CONVERGED,float64,cuda:0
adjoint,1,286,9.471056950204188e-07,True,CONVERGED,float64,cuda:0
adjoint,2,281,9.717006630008895e-07,True,CONVERGED,float64,cuda:0
forward,0,263,9.045223005224325e-07,True,CONVERGED,float64,cuda:0
forward,1,277,9.22319259031295e-07,True,CONVERGED,float64,cuda:0
forward,2,271,8.834590273034793e-07,True,CONVERGED,float64,cuda:0
adjoint,0,277,8.477541910842184e-07,True,CONVERGED,float64,cuda:0
adjoint,1,286,9.361474584491012e-07,True,CONVERGED,float64,cuda:0
adjoint,2,284,9.439855142650197e-07,True,CONVERGED,float64,cuda:0
forward,0,263,8.915960274142542e-07,True,CONVERGED,float64,cuda:0
forward,1,277,9.959324907465668e-07,True,CONVERGED,float64,cuda:0
forward,2,269,9.119861085972486e-07,True,CONVERGED,float64,cuda:0
adjoint,0,274,9.882842099007053e-07,True,CONVERGED,float64,cuda:0
adjoint,1,284,9.942365146808002e-07,True,CONVERGED,float64,cuda:0
adjoint,2,284,9.68819351633354e-07,True,CONVERGED,float64,cuda:0
forward,0,260,8.967674778138023e-07,True,CONVERGED,float64,cuda:0
forward,1,272,9.903708777402788e-07,True,CONVERGED,float64,cuda:0
forward,2,274,9.70729734354103e-07,True,CONVERGED,float64,cuda:0
adjoint,0,273,9.449270114155231e-07,True,CONVERGED,float64,cuda:0
adjoint,1,280,9.53967204555521e-07,True,CONVERGED,float64,cuda:0
adjoint,2,280,9.837827517932637e-07,True,CONVERGED,float64,cuda:0
forward,0,259,9.60530091376584e-07,True,CONVERGED,float64,cuda:0
forward,1,266,9.396338144254382e-07,True,CONVERGED,float64,cuda:0
forward,2,278,9.292967575485482e-07,True,CONVERGED,float64,cuda:0
adjoint,0,267,9.982537447272404e-07,True,CONVERGED,float64,cuda:0
adjoint,1,285,8.84168807978517e-07,True,CONVERGED,float64,cuda:0
adjoint,2,285,9.513198578889338e-07,True,CONVERGED,float64,cuda:0
forward,0,254,9.10372703347378e-07,True,CONVERGED,float64,cuda:0
forward,1,267,9.427306632063733e-07,True,CONVERGED,float64,cuda:0
forward,2,276,9.982642880224276e-07,True,CONVERGED,float64,cuda:0
adjoint,0,270,9.371025243008279e-07,True,CONVERGED,float64,cuda:0
adjoint,1,274,8.700671398561086e-07,True,CONVERGED,float64,cuda:0
adjoint,2,286,9.830487501759785e-07,True,CONVERGED,float64,cuda:0
forward,0,255,9.363155557108984e-07,True,CONVERGED,float64,cuda:0
forward,1,268,9.131198325880653e-07,True,CONVERGED,float64,cuda:0
forward,2,275,9.335085941595906e-07,True,CONVERGED,float64,cuda:0
adjoint,0,267,9.583275030979699e-07,True,CONVERGED,float64,cuda:0
adjoint,1,274,9.065717823046496e-07,True,CONVERGED,float64,cuda:0
adjoint,2,285,9.40190586979348e-07,True,CONVERGED,float64,cuda:0
forward,0,270,8.610345435520729e-07,True,CONVERGED,float64,cuda:0
forward,1,275,9.999994392897845e-07,True,CONVERGED,float64,cuda:0
forward,2,263,9.018544800967704e-07,True,CONVERGED,float64,cuda:0
adjoint,0,276,9.248148764766935e-07,True,CONVERGED,float64,cuda:0
adjoint,1,280,9.272457036374776e-07,True,CONVERGED,float64,cuda:0
adjoint,2,280,9.503644389325462e-07,True,CONVERGED,float64,cuda:0
forward,0,272,9.174124893661625e-07,True,CONVERGED,float64,cuda:0
forward,1,278,9.470628639679611e-07,True,CONVERGED,float64,cuda:0
forward,2,277,8.84759663350865e-07,True,CONVERGED,float64,cuda:0
adjoint,0,281,9.383852301014239e-07,True,CONVERGED,float64,cuda:0
adjoint,1,282,9.204600912021213e-07,True,CONVERGED,float64,cuda:0
adjoint,2,283,9.316955884004505e-07,True,CONVERGED,float64,cuda:0
forward,0,271,9.796977076443464e-07,True,CONVERGED,float64,cuda:0
forward,1,277,9.343080601566199e-07,True,CONVERGED,float64,cuda:0
forward,2,275,9.848134567837528e-07,True,CONVERGED,float64,cuda:0
adjoint,0,279,9.978180892241479e-07,True,CONVERGED,float64,cuda:0
adjoint,1,280,9.814044001475954e-07,True,CONVERGED,float64,cuda:0
adjoint,2,281,9.692600314326195e-07,True,CONVERGED,float64,cuda:0
forward,0,259,9.439055194025044e-07,True,CONVERGED,float64,cuda:0
forward,1,275,9.85978983318961e-07,True,CONVERGED,float64,cuda:0
forward,2,266,9.482979569432472e-07,True,CONVERGED,float64,cuda:0
adjoint,0,273,8.918547714361558e-07,True,CONVERGED,float64,cuda:0
adjoint,1,283,9.88699352020144e-07,True,CONVERGED,float64,cuda:0
adjoint,2,285,8.76230536524247e-07,True,CONVERGED,float64,cuda:0
forward,0,268,9.423951611970455e-07,True,CONVERGED,float64,cuda:0
forward,1,280,9.342174047598595e-07,True,CONVERGED,float64,cuda:0
forward,2,273,9.678267076290182e-07,True,CONVERGED,float64,cuda:0
adjoint,0,270,9.990593103160452e-07,True,CONVERGED,float64,cuda:0
adjoint,1,284,9.340739956155275e-07,True,CONVERGED,float64,cuda:0
adjoint,2,285,9.69747065271162e-07,True,CONVERGED,float64,cuda:0
forward,0,269,8.567467114484443e-07,True,CONVERGED,float64,cuda:0
forward,1,273,9.131306871439141e-07,True,CONVERGED,float64,cuda:0
forward,2,271,8.998834359151924e-07,True,CONVERGED,float64,cuda:0
adjoint,0,273,9.864878281960243e-07,True,CONVERGED,float64,cuda:0
adjoint,1,277,8.718231110253598e-07,True,CONVERGED,float64,cuda:0
adjoint,2,276,9.932016967632693e-07,True,CONVERGED,float64,cuda:0
forward,0,275,8.777669036992767e-07,True,CONVERGED,float64,cuda:0
forward,1,286,9.384568019625168e-07,True,CONVERGED,float64,cuda:0
forward,2,286,9.557870388855789e-07,True,CONVERGED,float64,cuda:0
adjoint,0,284,9.844232520319506e-07,True,CONVERGED,float64,cuda:0
adjoint,1,284,9.159188704585823e-07,True,CONVERGED,float64,cuda:0
adjoint,2,290,9.033747157839358e-07,True,CONVERGED,float64,cuda:0
forward,0,277,9.42898657522021e-07,True,CONVERGED,float64,cuda:0
forward,1,287,9.539329297885654e-07,True,CONVERGED,float64,cuda:0
forward,2,287,9.975514942611686e-07,True,CONVERGED,float64,cuda:0
adjoint,0,285,9.78346521929576e-07,True,CONVERGED,float64,cuda:0
adjoint,1,288,9.990999240259711e-07,True,CONVERGED,float64,cuda:0
adjoint,2,292,9.310243009607116e-07,True,CONVERGED,float64,cuda:0
forward,0,278,8.561039849774114e-07,True,CONVERGED,float64,cuda:0
forward,1,288,9.419068034610355e-07,True,CONVERGED,float64,cuda:0
forward,2,288,9.57952457719101e-07,True,CONVERGED,float64,cuda:0
adjoint,0,283,9.849340995307388e-07,True,CONVERGED,float64,cuda:0
adjoint,1,292,9.545328555543108e-07,True,CONVERGED,float64,cuda:0
adjoint,2,292,9.847893971644399e-07,True,CONVERGED,float64,cuda:0
forward,0,278,8.900338542473685e-07,True,CONVERGED,float64,cuda:0
forward,1,288,9.967351439228738e-07,True,CONVERGED,float64,cuda:0
forward,2,289,8.217737664317938e-07,True,CONVERGED,float64,cuda:0
adjoint,0,284,9.132159223812734e-07,True,CONVERGED,float64,cuda:0
adjoint,1,292,9.947562879169686e-07,True,CONVERGED,float64,cuda:0
adjoint,2,294,9.010051130561995e-07,True,CONVERGED,float64,cuda:0
forward,0,278,8.924731994384603e-07,True,CONVERGED,float64,cuda:0
forward,1,289,8.409975707144053e-07,True,CONVERGED,float64,cuda:0
forward,2,289,8.108793640797606e-07,True,CONVERGED,float64,cuda:0
adjoint,0,284,9.819044271154152e-07,True,CONVERGED,float64,cuda:0
adjoint,1,293,9.286729196038869e-07,True,CONVERGED,float64,cuda:0
adjoint,2,294,9.725567817998918e-07,True,CONVERGED,float64,cuda:0
forward,0,273,9.949602238504804e-07,True,CONVERGED,float64,cuda:0
forward,1,288,9.432829435153112e-07,True,CONVERGED,float64,cuda:0
forward,2,288,8.681669564946457e-07,True,CONVERGED,float64,cuda:0
adjoint,0,286,9.578135432402618e-07,True,CONVERGED,float64,cuda:0
adjoint,1,293,9.6183445510028e-07,True,CONVERGED,float64,cuda:0
adjoint,2,294,8.664428633460778e-07,True,CONVERGED,float64,cuda:0
forward,0,259,9.04221653972403e-07,True,CONVERGED,float64,cuda:0
forward,1,287,9.524049915839667e-07,True,CONVERGED,float64,cuda:0
forward,2,274,9.58113906102017e-07,True,CONVERGED,float64,cuda:0
adjoint,0,287,9.074871972488185e-07,True,CONVERGED,float64,cuda:0
adjoint,1,291,9.918324877249672e-07,True,CONVERGED,float64,cuda:0
adjoint,2,288,9.449638263817621e-07,True,CONVERGED,float64,cuda:0
forward,0,255,9.77617876356914e-07,True,CONVERGED,float64,cuda:0
forward,1,285,9.201942868515362e-07,True,CONVERGED,float64,cuda:0
forward,2,285,9.468881802660017e-07,True,CONVERGED,float64,cuda:0
adjoint,0,278,9.681808567755003e-07,True,CONVERGED,float64,cuda:0
adjoint,1,289,9.009280365991915e-07,True,CONVERGED,float64,cuda:0
adjoint,2,288,8.49048175233437e-07,True,CONVERGED,float64,cuda:0
forward,0,257,9.672091729448092e-07,True,CONVERGED,float64,cuda:0
forward,1,284,9.045397586006501e-07,True,CONVERGED,float64,cuda:0
forward,2,286,9.27817700723984e-07,True,CONVERGED,float64,cuda:0
adjoint,0,279,9.440811652158863e-07,True,CONVERGED,float64,cuda:0
adjoint,1,291,9.220890419837366e-07,True,CONVERGED,float64,cuda:0
adjoint,2,290,9.783311893537762e-07,True,CONVERGED,float64,cuda:0
forward,0,259,9.854509782118099e-07,True,CONVERGED,float64,cuda:0
forward,1,273,8.613884630106783e-07,True,CONVERGED,float64,cuda:0
forward,2,288,8.890719464671728e-07,True,CONVERGED,float64,cuda:0
adjoint,0,281,8.883601839572045e-07,True,CONVERGED,float64,cuda:0
adjoint,1,293,9.091003261084005e-07,True,CONVERGED,float64,cuda:0
adjoint,2,291,9.895924990066062e-07,True,CONVERGED,float64,cuda:0
forward,0,273,9.31401843704072e-07,True,CONVERGED,float64,cuda:0
forward,1,288,9.007818024209983e-07,True,CONVERGED,float64,cuda:0
forward,2,288,9.659706734500436e-07,True,CONVERGED,float64,cuda:0
adjoint,0,287,9.116962576796808e-07,True,CONVERGED,float64,cuda:0
adjoint,1,294,9.930778426937123e-07,True,CONVERGED,float64,cuda:0
adjoint,2,293,9.767768558243845e-07,True,CONVERGED,float64,cuda:0
forward,0,283,9.937649877427378e-07,True,CONVERGED,float64,cuda:0
forward,1,292,8.275916296020154e-07,True,CONVERGED,float64,cuda:0
forward,2,278,8.91588987365362e-07,True,CONVERGED,float64,cuda:0
adjoint,0,287,8.817182603956953e-07,True,CONVERGED,float64,cuda:0
adjoint,1,296,9.608259286974232e-07,True,CONVERGED,float64,cuda:0
adjoint,2,296,9.136069678734165e-07,True,CONVERGED,float64,cuda:0
forward,0,285,9.898860328132852e-07,True,CONVERGED,float64,cuda:0
forward,1,289,9.991544746237283e-07,True,CONVERGED,float64,cuda:0
forward,2,279,9.919928180855414e-07,True,CONVERGED,float64,cuda:0
adjoint,0,289,9.389705099241304e-07,True,CONVERGED,float64,cuda:0
adjoint,1,302,9.089956099727719e-07,True,CONVERGED,float64,cuda:0
adjoint,2,301,9.631731250498114e-07,True,CONVERGED,float64,cuda:0
forward,0,279,9.251110602776039e-07,True,CONVERGED,float64,cuda:0
forward,1,289,9.988173763975202e-07,True,CONVERGED,float64,cuda:0
forward,2,282,9.059432718385838e-07,True,CONVERGED,float64,cuda:0
adjoint,0,292,9.86112028923984e-07,True,CONVERGED,float64,cuda:0
adjoint,1,293,9.413621748621764e-07,True,CONVERGED,float64,cuda:0
adjoint,2,304,9.97946979460869e-07,True,CONVERGED,float64,cuda:0
forward,0,277,9.693842262715428e-07,True,CONVERGED,float64,cuda:0
forward,1,282,9.742096394144552e-07,True,CONVERGED,float64,cuda:0
forward,2,288,9.825368425326617e-07,True,CONVERGED,float64,cuda:0
adjoint,0,294,9.013834940214212e-07,True,CONVERGED,float64,cuda:0
adjoint,1,306,8.739044569192972e-07,True,CONVERGED,float64,cuda:0
adjoint,2,306,8.802641250291454e-07,True,CONVERGED,float64,cuda:0
forward,0,275,9.825771341956726e-07,True,CONVERGED,float64,cuda:0
forward,1,284,9.723735806288282e-07,True,CONVERGED,float64,cuda:0
forward,2,287,9.929444706778057e-07,True,CONVERGED,float64,cuda:0
adjoint,0,294,8.595806851314116e-07,True,CONVERGED,float64,cuda:0
adjoint,1,305,9.166166745941513e-07,True,CONVERGED,float64,cuda:0
adjoint,2,305,9.374957070954684e-07,True,CONVERGED,float64,cuda:0
forward,0,276,9.393219190990262e-07,True,CONVERGED,float64,cuda:0
forward,1,283,9.535804972428905e-07,True,CONVERGED,float64,cuda:0
forward,2,278,9.097495063469611e-07,True,CONVERGED,float64,cuda:0
adjoint,0,289,8.747907056839374e-07,True,CONVERGED,float64,cuda:0
adjoint,1,297,9.065730407618364e-07,True,CONVERGED,float64,cuda:0
adjoint,2,297,9.686033776038288e-07,True,CONVERGED,float64,cuda:0
forward,0,281,9.532955404818948e-07,True,CONVERGED,float64,cuda:0
forward,1,281,9.083017441179213e-07,True,CONVERGED,float64,cuda:0
forward,2,281,8.838321078937246e-07,True,CONVERGED,float64,cuda:0
adjoint,0,293,8.820707505132008e-07,True,CONVERGED,float64,cuda:0
adjoint,1,301,9.18145973228628e-07,True,CONVERGED,float64,cuda:0
adjoint,2,300,9.998926774207917e-07,True,CONVERGED,float64,cuda:0
forward,0,278,9.414183601042965e-07,True,CONVERGED,float64,cuda:0
forward,1,297,9.492317905187554e-07,True,CONVERGED,float64,cuda:0
forward,2,298,9.162778954196157e-07,True,CONVERGED,float64,cuda:0
adjoint,0,291,9.354422187940539e-07,True,CONVERGED,float64,cuda:0
adjoint,1,299,9.35911384381548e-07,True,CONVERGED,float64,cuda:0
adjoint,2,300,8.863203666997005e-07,True,CONVERGED,float64,cuda:0
forward,0,280,9.867896637499012e-07,True,CONVERGED,float64,cuda:0
forward,1,302,9.814389560991008e-07,True,CONVERGED,float64,cuda:0
forward,2,302,9.55964796980557e-07,True,CONVERGED,float64,cuda:0
adjoint,0,296,9.697885612408713e-07,True,CONVERGED,float64,cuda:0
adjoint,1,306,9.100427691509669e-07,True,CONVERGED,float64,cuda:0
adjoint,2,306,9.297958027145097e-07,True,CONVERGED,float64,cuda:0
forward,0,280,9.407849958415607e-07,True,CONVERGED,float64,cuda:0
forward,1,304,9.352166582898538e-07,True,CONVERGED,float64,cuda:0
forward,2,304,9.091591889082129e-07,True,CONVERGED,float64,cuda:0
adjoint,0,297,9.887300646875065e-07,True,CONVERGED,float64,cuda:0
adjoint,1,307,8.652931677518642e-07,True,CONVERGED,float64,cuda:0
adjoint,2,307,8.617116577941937e-07,True,CONVERGED,float64,cuda:0
forward,0,281,9.202237842666599e-07,True,CONVERGED,float64,cuda:0
forward,1,301,9.905204081020925e-07,True,CONVERGED,float64,cuda:0
forward,2,301,9.470031270583277e-07,True,CONVERGED,float64,cuda:0
adjoint,0,298,8.713381984062494e-07,True,CONVERGED,float64,cuda:0
adjoint,1,305,9.849977339543612e-07,True,CONVERGED,float64,cuda:0
adjoint,2,305,9.388396781064583e-07,True,CONVERGED,float64,cuda:0
forward,0,283,9.424137554334117e-07,True,CONVERGED,float64,cuda:0
forward,1,301,9.226482914163388e-07,True,CONVERGED,float64,cuda:0
forward,2,301,9.795646645616509e-07,True,CONVERGED,float64,cuda:0
adjoint,0,296,8.768794092308666e-07,True,CONVERGED,float64,cuda:0
adjoint,1,303,9.718518626437504e-07,True,CONVERGED,float64,cuda:0
adjoint,2,303,9.426550615523722e-07,True,CONVERGED,float64,cuda:0
forward,0,282,9.987468386077692e-07,True,CONVERGED,float64,cuda:0
forward,1,304,9.444531917847064e-07,True,CONVERGED,float64,cuda:0
forward,2,304,9.039849014628401e-07,True,CONVERGED,float64,cuda:0
adjoint,0,295,9.266739639016924e-07,True,CONVERGED,float64,cuda:0
adjoint,1,305,9.767315082053626e-07,True,CONVERGED,float64,cuda:0
adjoint,2,307,9.182079243092145e-07,True,CONVERGED,float64,cuda:0
forward,0,287,9.054639639484314e-07,True,CONVERGED,float64,cuda:0
forward,1,300,9.199409878095985e-07,True,CONVERGED,float64,cuda:0
forward,2,300,9.956594796500158e-07,True,CONVERGED,float64,cuda:0
adjoint,0,295,9.771602811879506e-07,True,CONVERGED,float64,cuda:0
adjoint,1,302,9.910691020144536e-07,True,CONVERGED,float64,cuda:0
adjoint,2,303,9.743305716084373e-07,True,CONVERGED,float64,cuda:0
forward,0,289,9.004043696593471e-07,True,CONVERGED,float64,cuda:0
forward,1,305,9.288805106363066e-07,True,CONVERGED,float64,cuda:0
forward,2,305,9.738588965155835e-07,True,CONVERGED,float64,cuda:0
adjoint,0,299,9.192691837244288e-07,True,CONVERGED,float64,cuda:0
adjoint,1,308,9.476440154124843e-07,True,CONVERGED,float64,cuda:0
adjoint,2,306,9.844110055886452e-07,True,CONVERGED,float64,cuda:0
forward,0,287,9.575812072305372e-07,True,CONVERGED,float64,cuda:0
forward,1,306,8.871742558418908e-07,True,CONVERGED,float64,cuda:0
forward,2,306,9.380954844571139e-07,True,CONVERGED,float64,cuda:0
adjoint,0,299,9.805365613399627e-07,True,CONVERGED,float64,cuda:0
adjoint,1,308,9.998123961568466e-07,True,CONVERGED,float64,cuda:0
adjoint,2,307,9.495453255803469e-07,True,CONVERGED,float64,cuda:0
forward,0,287,9.747564358021125e-07,True,CONVERGED,float64,cuda:0
forward,1,304,9.770107436091033e-07,True,CONVERGED,float64,cuda:0
forward,2,304,9.640933808817138e-07,True,CONVERGED,float64,cuda:0
adjoint,0,298,8.983392114856755e-07,True,CONVERGED,float64,cuda:0
adjoint,1,306,9.734058952742502e-07,True,CONVERGED,float64,cuda:0
adjoint,2,306,9.118724176311537e-07,True,CONVERGED,float64,cuda:0
forward,0,286,9.911032758956046e-07,True,CONVERGED,float64,cuda:0
forward,1,304,9.251812984612217e-07,True,CONVERGED,float64,cuda:0
forward,2,304,9.365901794863884e-07,True,CONVERGED,float64,cuda:0
adjoint,0,293,9.858805402417698e-07,True,CONVERGED,float64,cuda:0
adjoint,1,294,9.180557721419686e-07,True,CONVERGED,float64,cuda:0
adjoint,2,307,9.446708480064099e-07,True,CONVERGED,float64,cuda:0
forward,0,281,8.419944792674018e-07,True,CONVERGED,float64,cuda:0
forward,1,291,9.636195338936236e-07,True,CONVERGED,float64,cuda:0
forward,2,292,9.777255358529837e-07,True,CONVERGED,float64,cuda:0
adjoint,0,295,8.149915155286592e-07,True,CONVERGED,float64,cuda:0
adjoint,1,304,9.533682039335334e-07,True,CONVERGED,float64,cuda:0
adjoint,2,308,9.997405385916655e-07,True,CONVERGED,float64,cuda:0
forward,0,287,8.71967421798243e-07,True,CONVERGED,float64,cuda:0
forward,1,302,9.947260070095776e-07,True,CONVERGED,float64,cuda:0
forward,2,302,9.679989054826394e-07,True,CONVERGED,float64,cuda:0
adjoint,0,291,9.739575190368557e-07,True,CONVERGED,float64,cuda:0
adjoint,1,297,9.629138957942819e-07,True,CONVERGED,float64,cuda:0
adjoint,2,306,9.407953667297388e-07,True,CONVERGED,float64,cuda:0
forward,0,289,9.322524446696222e-07,True,CONVERGED,float64,cuda:0
forward,1,304,9.326593821674789e-07,True,CONVERGED,float64,cuda:0
forward,2,304,9.10614691887945e-07,True,CONVERGED,float64,cuda:0
adjoint,0,296,9.035860480686024e-07,True,CONVERGED,float64,cuda:0
adjoint,1,305,9.819790152519234e-07,True,CONVERGED,float64,cuda:0
adjoint,2,305,9.972563121073162e-07,True,CONVERGED,float64,cuda:0
forward,0,289,9.464414500990195e-07,True,CONVERGED,float64,cuda:0
forward,1,304,9.945479381550278e-07,True,CONVERGED,float64,cuda:0
forward,2,304,9.712904643833051e-07,True,CONVERGED,float64,cuda:0
adjoint,0,297,8.509307453589839e-07,True,CONVERGED,float64,cuda:0
adjoint,1,306,8.700720926464096e-07,True,CONVERGED,float64,cuda:0
adjoint,2,306,8.943974347025044e-07,True,CONVERGED,float64,cuda:0
forward,0,292,9.563855419449347e-07,True,CONVERGED,float64,cuda:0
forward,1,303,9.218257797873474e-07,True,CONVERGED,float64,cuda:0
forward,2,302,9.863465185464836e-07,True,CONVERGED,float64,cuda:0
adjoint,0,293,9.663317733323934e-07,True,CONVERGED,float64,cuda:0
adjoint,1,304,9.559452835561932e-07,True,CONVERGED,float64,cuda:0
adjoint,2,304,9.729606694294556e-07,True,CONVERGED,float64,cuda:0
forward,0,292,9.077138440902284e-07,True,CONVERGED,float64,cuda:0
forward,1,305,9.824402388617622e-07,True,CONVERGED,float64,cuda:0
forward,2,306,8.475880410737288e-07,True,CONVERGED,float64,cuda:0
adjoint,0,295,8.353986573895247e-07,True,CONVERGED,float64,cuda:0
adjoint,1,293,9.371479758762839e-07,True,CONVERGED,float64,cuda:0
adjoint,2,306,9.462781120657936e-07,True,CONVERGED,float64,cuda:0
forward,0,281,9.502214278486779e-07,True,CONVERGED,float64,cuda:0
forward,1,306,8.418750054234865e-07,True,CONVERGED,float64,cuda:0
forward,2,306,8.533612720412384e-07,True,CONVERGED,float64,cuda:0
adjoint,0,280,8.204958459675601e-07,True,CONVERGED,float64,cuda:0
adjoint,1,294,8.933308448032803e-07,True,CONVERGED,float64,cuda:0
adjoint,2,306,9.863150950965215e-07,True,CONVERGED,float64,cuda:0
forward,0,289,9.551637461710045e-07,True,CONVERGED,float64,cuda:0
forward,1,305,9.009338336116579e-07,True,CONVERGED,float64,cuda:0
forward,2,305,9.074128888146701e-07,True,CONVERGED,float64,cuda:0
adjoint,0,294,9.651211759115556e-07,True,CONVERGED,float64,cuda:0
adjoint,1,293,9.757215969191369e-07,True,CONVERGED,float64,cuda:0
adjoint,2,303,9.712899850238568e-07,True,CONVERGED,float64,cuda:0
forward,0,284,8.720176712014978e-07,True,CONVERGED,float64,cuda:0
forward,1,300,9.572199510570095e-07,True,CONVERGED,float64,cuda:0
forward,2,301,9.440152288935157e-07,True,CONVERGED,float64,cuda:0
adjoint,0,293,9.94652997252572e-07,True,CONVERGED,float64,cuda:0
adjoint,1,304,9.437500214789521e-07,True,CONVERGED,float64,cuda:0
adjoint,2,302,9.403138735228777e-07,True,CONVERGED,float64,cuda:0
forward,0,285,9.162383397672706e-07,True,CONVERGED,float64,cuda:0
forward,1,302,9.634739260646003e-07,True,CONVERGED,float64,cuda:0
forward,2,302,9.992842940373591e-07,True,CONVERGED,float64,cuda:0
adjoint,0,296,9.528304640056272e-07,True,CONVERGED,float64,cuda:0
adjoint,1,305,9.377131617076532e-07,True,CONVERGED,float64,cuda:0
adjoint,2,303,9.860804822957643e-07,True,CONVERGED,float64,cuda:0
forward,0,292,9.64133679031679e-07,True,CONVERGED,float64,cuda:0
forward,1,301,9.77494459074923e-07,True,CONVERGED,float64,cuda:0
forward,2,303,9.583874862425285e-07,True,CONVERGED,float64,cuda:0
adjoint,0,292,9.75236887483754e-07,True,CONVERGED,float64,cuda:0
adjoint,1,303,9.346869434616446e-07,True,CONVERGED,float64,cuda:0
adjoint,2,299,9.690074809411482e-07,True,CONVERGED,float64,cuda:0
forward,0,291,9.865137744011046e-07,True,CONVERGED,float64,cuda:0
forward,1,305,9.610111870013654e-07,True,CONVERGED,float64,cuda:0
forward,2,305,9.842196250109724e-07,True,CONVERGED,float64,cuda:0
adjoint,0,296,8.541964457522431e-07,True,CONVERGED,float64,cuda:0
adjoint,1,293,9.645975751304914e-07,True,CONVERGED,float64,cuda:0
adjoint,2,306,9.281576685757162e-07,True,CONVERGED,float64,cuda:0
forward,0,280,9.992002787235392e-07,True,CONVERGED,float64,cuda:0
forward,1,305,9.789036233414487e-07,True,CONVERGED,float64,cuda:0
forward,2,305,9.919276892486742e-07,True,CONVERGED,float64,cuda:0
adjoint,0,296,8.879773273140978e-07,True,CONVERGED,float64,cuda:0
adjoint,1,307,9.562504113746925e-07,True,CONVERGED,float64,cuda:0
adjoint,2,308,9.00561193356321e-07,True,CONVERGED,float64,cuda:0
forward,0,281,9.519057284138108e-07,True,CONVERGED,float64,cuda:0
forward,1,305,9.24433445869095e-07,True,CONVERGED,float64,cuda:0
forward,2,305,9.29241132035889e-07,True,CONVERGED,float64,cuda:0
adjoint,0,295,9.821433140264394e-07,True,CONVERGED,float64,cuda:0
adjoint,1,293,9.222762850976755e-07,True,CONVERGED,float64,cuda:0
adjoint,2,303,9.393968126980913e-07,True,CONVERGED,float64,cuda:0
forward,0,292,9.88922094293091e-07,True,CONVERGED,float64,cuda:0
forward,1,301,9.62961305857674e-07,True,CONVERGED,float64,cuda:0
forward,2,303,9.657667631669332e-07,True,CONVERGED,float64,cuda:0
adjoint,0,292,9.270630818888e-07,True,CONVERGED,float64,cuda:0
adjoint,1,301,9.851763947721747e-07,True,CONVERGED,float64,cuda:0
adjoint,2,298,9.516393570830994e-07,True,CONVERGED,float64,cuda:0
forward,0,292,9.920270152891593e-07,True,CONVERGED,float64,cuda:0
forward,1,300,9.714595718160541e-07,True,CONVERGED,float64,cuda:0
forward,2,301,9.822519624081008e-07,True,CONVERGED,float64,cuda:0
adjoint,0,294,8.993171327231432e-07,True,CONVERGED,float64,cuda:0
adjoint,1,302,9.544667845566175e-07,True,CONVERGED,float64,cuda:0
adjoint,2,298,9.799049260740559e-07,True,CONVERGED,float64,cuda:0
forward,0,291,9.997569925110861e-07,True,CONVERGED,float64,cuda:0
forward,1,301,9.602942436726042e-07,True,CONVERGED,float64,cuda:0
forward,2,302,9.899468865132362e-07,True,CONVERGED,float64,cuda:0
adjoint,0,291,9.303590476929219e-07,True,CONVERGED,float64,cuda:0
adjoint,1,299,9.940213325135824e-07,True,CONVERGED,float64,cuda:0
adjoint,2,298,8.959571472384552e-07,True,CONVERGED,float64,cuda:0
forward,0,279,9.500493579710815e-07,True,CONVERGED,float64,cuda:0
forward,1,303,9.860672373926875e-07,True,CONVERGED,float64,cuda:0
forward,2,301,9.76968636692842e-07,True,CONVERGED,float64,cuda:0
adjoint,0,296,8.645225981902753e-07,True,CONVERGED,float64,cuda:0
adjoint,1,306,9.437776423192813e-07,True,CONVERGED,float64,cuda:0
adjoint,2,307,9.732296870451139e-07,True,CONVERGED,float64,cuda:0
forward,0,270,9.9777133341356e-07,True,CONVERGED,float64,cuda:0
forward,1,293,9.599219157906603e-07,True,CONVERGED,float64,cuda:0
forward,2,292,9.138902487462256e-07,True,CONVERGED,float64,cuda:0
adjoint,0,280,9.35465885989121e-07,True,CONVERGED,float64,cuda:0
adjoint,1,307,9.94494394506843e-07,True,CONVERGED,float64,cuda:0
adjoint,2,308,8.829426602491324e-07,True,CONVERGED,float64,cuda:0
forward,0,268,9.95834100033254e-07,True,CONVERGED,float64,cuda:0
forward,1,299,9.709151163089221e-07,True,CONVERGED,float64,cuda:0
forward,2,294,9.541386101897584e-07,True,CONVERGED,float64,cuda:0
adjoint,0,290,9.765364189591846e-07,True,CONVERGED,float64,cuda:0
adjoint,1,304,9.806010773147396e-07,True,CONVERGED,float64,cuda:0
adjoint,2,306,9.801410272219222e-07,True,CONVERGED,float64,cuda:0
forward,0,286,9.198663011367397e-07,True,CONVERGED,float64,cuda:0
forward,1,300,9.867824313759991e-07,True,CONVERGED,float64,cuda:0
forward,2,301,9.821421580201642e-07,True,CONVERGED,float64,cuda:0
adjoint,0,290,9.328298766716363e-07,True,CONVERGED,float64,cuda:0
adjoint,1,298,9.774473698629122e-07,True,CONVERGED,float64,cuda:0
adjoint,2,297,9.516561674834157e-07,True,CONVERGED,float64,cuda:0
forward,0,285,9.274432685076805e-07,True,CONVERGED,float64,cuda:0
forward,1,300,9.410355227293348e-07,True,CONVERGED,float64,cuda:0
forward,2,301,9.674580424051156e-07,True,CONVERGED,float64,cuda:0
adjoint,0,290,9.184585949664796e-07,True,CONVERGED,float64,cuda:0
adjoint,1,298,9.74971859508545e-07,True,CONVERGED,float64,cuda:0
adjoint,2,296,9.78668673093147e-07,True,CONVERGED,float64,cuda:0
forward,0,282,9.826161447338942e-07,True,CONVERGED,float64,cuda:0
forward,1,299,9.817994458400367e-07,True,CONVERGED,float64,cuda:0
forward,2,300,9.595370391349032e-07,True,CONVERGED,float64,cuda:0
adjoint,0,289,9.513627575022348e-07,True,CONVERGED,float64,cuda:0
adjoint,1,297,9.54865984369421e-07,True,CONVERGED,float64,cuda:0
adjoint,2,297,8.974866743060469e-07,True,CONVERGED,float64,cuda:0
forward,0,270,9.80529782442832e-07,True,CONVERGED,float64,cuda:0
forward,1,303,9.88796435848483e-07,True,CONVERGED,float64,cuda:0
forward,2,305,9.784805923408055e-07,True,CONVERGED,float64,cuda:0
adjoint,0,285,9.654894569665342e-07,True,CONVERGED,float64,cuda:0
adjoint,1,301,9.80547735061887e-07,True,CONVERGED,float64,cuda:0
adjoint,2,304,9.288178387131077e-07,True,CONVERGED,float64,cuda:0
forward,0,272,9.847713508944991e-07,True,CONVERGED,float64,cuda:0
forward,1,306,9.356745567998825e-07,True,CONVERGED,float64,cuda:0
forward,2,307,8.659952046534559e-07,True,CONVERGED,float64,cuda:0
adjoint,0,296,9.024538188973578e-07,True,CONVERGED,float64,cuda:0
adjoint,1,299,9.76620671660567e-07,True,CONVERGED,float64,cuda:0
adjoint,2,303,9.899184541312582e-07,True,CONVERGED,float64,cuda:0
forward,0,270,9.062654743431414e-07,True,CONVERGED,float64,cuda:0
forward,1,305,9.191195120802066e-07,True,CONVERGED,float64,cuda:0
forward,2,305,9.755065653184596e-07,True,CONVERGED,float64,cuda:0
adjoint,0,288,9.417487445570526e-07,True,CONVERGED,float64,cuda:0
adjoint,1,298,9.417116607665563e-07,True,CONVERGED,float64,cuda:0
adjoint,2,299,8.682180144980143e-07,True,CONVERGED,float64,cuda:0
forward,0,283,8.571306705780949e-07,True,CONVERGED,float64,cuda:0
forward,1,288,9.302175398912636e-07,True,CONVERGED,float64,cuda:0
forward,2,288,9.218017511108223e-07,True,CONVERGED,float64,cuda:0
adjoint,0,286,9.989255027173457e-07,True,CONVERGED,float64,cuda:0
adjoint,1,296,9.416124031885736e-07,True,CONVERGED,float64,cuda:0
adjoint,2,296,9.709162781190433e-07,True,CONVERGED,float64,cuda:0
forward,0,282,9.704436306324737e-07,True,CONVERGED,float64,cuda:0
forward,1,291,9.210045635598558e-07,True,CONVERGED,float64,cuda:0
forward,2,290,9.908886532068142e-07,True,CONVERGED,float64,cuda:0
adjoint,0,286,8.629709141051391e-07,True,CONVERGED,float64,cuda:0
adjoint,1,295,9.921971873160435e-07,True,CONVERGED,float64,cuda:0
adjoint,2,295,9.668764762930497e-07,True,CONVERGED,float64,cuda:0
forward,0,281,9.89712663500014e-07,True,CONVERGED,float64,cuda:0
forward,1,287,9.673578734785484e-07,True,CONVERGED,float64,cuda:0
forward,2,287,9.454623825109331e-07,True,CONVERGED,float64,cuda:0
adjoint,0,278,9.395806354276671e-07,True,CONVERGED,float64,cuda:0
adjoint,1,296,8.993662612616494e-07,True,CONVERGED,float64,cuda:0
adjoint,2,296,9.396446351698992e-07,True,CONVERGED,float64,cuda:0
forward,0,281,9.665464589540125e-07,True,CONVERGED,float64,cuda:0
forward,1,287,9.653047853517861e-07,True,CONVERGED,float64,cuda:0
forward,2,287,9.089204474669501e-07,True,CONVERGED,float64,cuda:0
adjoint,0,278,9.798829366161443e-07,True,CONVERGED,float64,cuda:0
adjoint,1,292,9.918258573031527e-07,True,CONVERGED,float64,cuda:0
adjoint,2,295,9.482902898640558e-07,True,CONVERGED,float64,cuda:0
forward,0,282,8.93770049993238e-07,True,CONVERGED,float64,cuda:0
forward,1,294,9.88193335784218e-07,True,CONVERGED,float64,cuda:0
forward,2,293,9.816548339180992e-07,True,CONVERGED,float64,cuda:0
adjoint,0,276,8.55294311895785e-07,True,CONVERGED,float64,cuda:0
adjoint,1,294,9.603474633825386e-07,True,CONVERGED,float64,cuda:0
adjoint,2,294,9.427496305174637e-07,True,CONVERGED,float64,cuda:0
forward,0,281,9.277473759667619e-07,True,CONVERGED,float64,cuda:0
forward,1,295,9.302555638907776e-07,True,CONVERGED,float64,cuda:0
forward,2,293,9.738584095319923e-07,True,CONVERGED,float64,cuda:0
adjoint,0,275,9.575405238056453e-07,True,CONVERGED,float64,cuda:0
adjoint,1,294,9.744328635749495e-07,True,CONVERGED,float64,cuda:0
adjoint,2,296,9.100188449105857e-07,True,CONVERGED,float64,cuda:0
forward,0,284,9.66219144623757e-07,True,CONVERGED,float64,cuda:0
forward,1,300,9.330217309417485e-07,True,CONVERGED,float64,cuda:0
forward,2,305,9.729249834431513e-07,True,CONVERGED,float64,cuda:0
adjoint,0,297,9.17550246880155e-07,True,CONVERGED,float64,cuda:0
adjoint,1,302,9.294452950542651e-07,True,CONVERGED,float64,cuda:0
adjoint,2,305,9.210431145812942e-07,True,CONVERGED,float64,cuda:0
forward,0,291,9.48428466585484e-07,True,CONVERGED,float64,cuda:0
forward,1,303,9.587124669354282e-07,True,CONVERGED,float64,cuda:0
forward,2,306,9.654592162622765e-07,True,CONVERGED,float64,cuda:0
adjoint,0,297,8.836144570387718e-07,True,CONVERGED,float64,cuda:0
adjoint,1,302,9.081654022102739e-07,True,CONVERGED,float64,cuda:0
adjoint,2,306,9.07493996693493e-07,True,CONVERGED,float64,cuda:0
forward,0,273,8.652610275054854e-07,True,CONVERGED,float64,cuda:0
forward,1,290,9.142863491123869e-07,True,CONVERGED,float64,cuda:0
forward,2,287,9.86723646723861e-07,True,CONVERGED,float64,cuda:0
adjoint,0,287,9.364793870373692e-07,True,CONVERGED,float64,cuda:0
adjoint,1,288,9.772173830578979e-07,True,CONVERGED,float64,cuda:0
adjoint,2,296,9.344229662152975e-07,True,CONVERGED,float64,cuda:0
forward,0,281,9.772196790420235e-07,True,CONVERGED,float64,cuda:0
forward,1,294,9.775528983004561e-07,True,CONVERGED,float64,cuda:0
forward,2,292,9.261591062740736e-07,True,CONVERGED,float64,cuda:0
adjoint,0,287,9.684689690037194e-07,True,CONVERGED,float64,cuda:0
adjoint,1,295,9.724991586442659e-07,True,CONVERGED,float64,cuda:0
adjoint,2,296,9.395013345763385e-07,True,CONVERGED,float64,cuda:0
forward,0,281,9.9802768024817e-07,True,CONVERGED,float64,cuda:0
forward,1,294,9.334000500443945e-07,True,CONVERGED,float64,cuda:0
forward,2,292,9.242689645098989e-07,True,CONVERGED,float64,cuda:0
adjoint,0,291,8.956009151524619e-07,True,CONVERGED,float64,cuda:0
adjoint,1,297,9.430772678461541e-07,True,CONVERGED,float64,cuda:0
adjoint,2,297,9.396963231865525e-07,True,CONVERGED,float64,cuda:0
forward,0,281,9.934421232346511e-07,True,CONVERGED,float64,cuda:0
forward,1,293,9.181754257868424e-07,True,CONVERGED,float64,cuda:0
forward,2,288,9.313957077387293e-07,True,CONVERGED,float64,cuda:0
adjoint,0,291,9.163439528213375e-07,True,CONVERGED,float64,cuda:0
adjoint,1,296,9.817820026141527e-07,True,CONVERGED,float64,cuda:0
adjoint,2,294,9.770081634862731e-07,True,CONVERGED,float64,cuda:0
forward,0,278,9.834802429936921e-07,True,CONVERGED,float64,cuda:0
forward,1,286,9.530967321099101e-07,True,CONVERGED,float64,cuda:0
forward,2,286,9.066878988850334e-07,True,CONVERGED,float64,cuda:0
adjoint,0,291,9.368854620959508e-07,True,CONVERGED,float64,cuda:0
adjoint,1,285,9.040082073643679e-07,True,CONVERGED,float64,cuda:0
adjoint,2,292,9.88807830762591e-07,True,CONVERGED,float64,cuda:0
forward,0,287,9.783578273922358e-07,True,CONVERGED,float64,cuda:0
forward,1,288,9.391801606061093e-07,True,CONVERGED,float64,cuda:0
forward,2,298,9.917085841587998e-07,True,CONVERGED,float64,cuda:0
adjoint,0,296,9.60112818110821e-07,True,CONVERGED,float64,cuda:0
adjoint,1,296,9.8579253891266e-07,True,CONVERGED,float64,cuda:0
adjoint,2,295,9.354072154336562e-07,True,CONVERGED,float64,cuda:0
forward,0,283,9.90073652950996e-07,True,CONVERGED,float64,cuda:0
forward,1,288,9.556967150433944e-07,True,CONVERGED,float64,cuda:0
forward,2,288,9.376548299374286e-07,True,CONVERGED,float64,cuda:0
adjoint,0,294,9.856208138154428e-07,True,CONVERGED,float64,cuda:0
adjoint,1,287,9.729936357386268e-07,True,CONVERGED,float64,cuda:0
adjoint,2,296,9.472577786483754e-07,True,CONVERGED,float64,cuda:0
forward,0,284,9.96501078333982e-07,True,CONVERGED,float64,cuda:0
forward,1,290,9.940479421009566e-07,True,CONVERGED,float64,cuda:0
forward,2,290,9.709774574610533e-07,True,CONVERGED,float64,cuda:0
adjoint,0,296,9.72109048182807e-07,True,CONVERGED,float64,cuda:0
adjoint,1,294,9.67049050568362e-07,True,CONVERGED,float64,cuda:0
adjoint,2,294,9.922219539237791e-07,True,CONVERGED,float64,cuda:0
forward,0,286,9.576078102825822e-07,True,CONVERGED,float64,cuda:0
forward,1,289,9.225669650588044e-07,True,CONVERGED,float64,cuda:0
forward,2,289,8.911801248507918e-07,True,CONVERGED,float64,cuda:0
adjoint,0,296,9.229874914926007e-07,True,CONVERGED,float64,cuda:0
adjoint,1,287,9.487734681718949e-07,True,CONVERGED,float64,cuda:0
adjoint,2,295,9.658767572341047e-07,True,CONVERGED,float64,cuda:0
forward,0,297,8.701934026972412e-07,True,CONVERGED,float64,cuda:0
forward,1,305,9.847249011990511e-07,True,CONVERGED,float64,cuda:0
forward,2,307,8.596024829713116e-07,True,CONVERGED,float64,cuda:0
adjoint,0,298,8.68871068265546e-07,True,CONVERGED,float64,cuda:0
adjoint,1,299,9.998813073615408e-07,True,CONVERGED,float64,cuda:0
adjoint,2,301,9.945233934839525e-07,True,CONVERGED,float64,cuda:0
forward,0,297,8.644442351136006e-07,True,CONVERGED,float64,cuda:0
forward,1,306,9.830595363485476e-07,True,CONVERGED,float64,cuda:0
forward,2,307,9.42829570699306e-07,True,CONVERGED,float64,cuda:0
adjoint,0,298,8.500710722790238e-07,True,CONVERGED,float64,cuda:0
adjoint,1,300,9.509476394383925e-07,True,CONVERGED,float64,cuda:0
adjoint,2,303,9.965089095611673e-07,True,CONVERGED,float64,cuda:0
forward,0,290,8.87438572439408e-07,True,CONVERGED,float64,cuda:0
forward,1,288,9.157956332720352e-07,True,CONVERGED,float64,cuda:0
forward,2,300,9.407328368281586e-07,True,CONVERGED,float64,cuda:0
adjoint,0,298,9.492207775127052e-07,True,CONVERGED,float64,cuda:0
adjoint,1,296,9.346700243256272e-07,True,CONVERGED,float64,cuda:0
adjoint,2,296,9.774298777915116e-07,True,CONVERGED,float64,cuda:0
forward,0,289,9.974378658629472e-07,True,CONVERGED,float64,cuda:0
forward,1,290,9.530777032461568e-07,True,CONVERGED,float64,cuda:0
forward,2,288,9.919910697252668e-07,True,CONVERGED,float64,cuda:0
adjoint,0,298,9.532850185552412e-07,True,CONVERGED,float64,cuda:0
adjoint,1,297,9.827350090585628e-07,True,CONVERGED,float64,cuda:0
adjoint,2,294,9.255269727672325e-07,True,CONVERGED,float64,cuda:0
forward,0,293,9.992470302692555e-07,True,CONVERGED,float64,cuda:0
forward,1,291,9.090528568474388e-07,True,CONVERGED,float64,cuda:0
forward,2,292,9.181618184055137e-07,True,CONVERGED,float64,cuda:0
adjoint,0,299,8.816841642503209e-07,True,CONVERGED,float64,cuda:0
adjoint,1,298,9.970489097615375e-07,True,CONVERGED,float64,cuda:0
adjoint,2,295,9.821968689440544e-07,True,CONVERGED,float64,cuda:0
forward,0,294,9.748829163375382e-07,True,CONVERGED,float64,cuda:0
forward,1,288,9.936055839394867e-07,True,CONVERGED,float64,cuda:0
forward,2,292,8.63343540313146e-07,True,CONVERGED,float64,cuda:0
adjoint,0,299,8.667744718678411e-07,True,CONVERGED,float64,cuda:0
adjoint,1,297,9.186903488231151e-07,True,CONVERGED,float64,cuda:0
adjoint,2,294,9.486874380921943e-07,True,CONVERGED,float64,cuda:0
forward,0,292,9.6237156392872e-07,True,CONVERGED,float64,cuda:0
forward,1,287,9.60712730777278e-07,True,CONVERGED,float64,cuda:0
forward,2,288,9.930091391801951e-07,True,CONVERGED,float64,cuda:0
adjoint,0,297,9.965219692812036e-07,True,CONVERGED,float64,cuda:0
adjoint,1,288,9.857434781559954e-07,True,CONVERGED,float64,cuda:0
adjoint,2,284,9.545934608477446e-07,True,CONVERGED,float64,cuda:0
forward,0,294,9.450536693502873e-07,True,CONVERGED,float64,cuda:0
forward,1,290,9.790777102256349e-07,True,CONVERGED,float64,cuda:0
forward,2,302,9.219071531679747e-07,True,CONVERGED,float64,cuda:0
adjoint,0,299,8.623952200789045e-07,True,CONVERGED,float64,cuda:0
adjoint,1,300,9.002465329336666e-07,True,CONVERGED,float64,cuda:0
adjoint,2,296,9.335532161661191e-07,True,CONVERGED,float64,cuda:0
forward,0,293,9.99631770890456e-07,True,CONVERGED,float64,cuda:0
forward,1,289,9.084981883812817e-07,True,CONVERGED,float64,cuda:0
forward,2,289,9.972106435234316e-07,True,CONVERGED,float64,cuda:0
adjoint,0,298,8.789689819985347e-07,True,CONVERGED,float64,cuda:0
adjoint,1,288,8.779303154256526e-07,True,CONVERGED,float64,cuda:0
adjoint,2,284,9.856553296875866e-07,True,CONVERGED,float64,cuda:0
forward,0,296,9.719266295265886e-07,True,CONVERGED,float64,cuda:0
forward,1,289,9.168162548451936e-07,True,CONVERGED,float64,cuda:0
forward,2,296,9.811192831422467e-07,True,CONVERGED,float64,cuda:0
adjoint,0,299,9.368546901656632e-07,True,CONVERGED,float64,cuda:0
adjoint,1,297,8.840953180601744e-07,True,CONVERGED,float64,cuda:0
adjoint,2,297,8.903041226453485e-07,True,CONVERGED,float64,cuda:0
forward,0,296,9.384770241260658e-07,True,CONVERGED,float64,cuda:0
forward,1,290,9.846006374015675e-07,True,CONVERGED,float64,cuda:0
forward,2,297,9.020898478799983e-07,True,CONVERGED,float64,cuda:0
adjoint,0,300,8.831986977070155e-07,True,CONVERGED,float64,cuda:0
adjoint,1,298,9.169398227205573e-07,True,CONVERGED,float64,cuda:0
adjoint,2,297,9.01530742083987e-07,True,CONVERGED,float64,cuda:0
forward,0,296,9.703461583167105e-07,True,CONVERGED,float64,cuda:0
forward,1,289,9.78031167909554e-07,True,CONVERGED,float64,cuda:0
forward,2,296,9.769818117999162e-07,True,CONVERGED,float64,cuda:0
adjoint,0,300,8.638758086381912e-07,True,CONVERGED,float64,cuda:0
adjoint,1,297,9.573988207935196e-07,True,CONVERGED,float64,cuda:0
adjoint,2,297,8.786488631217982e-07,True,CONVERGED,float64,cuda:0
forward,0,296,9.780986153155343e-07,True,CONVERGED,float64,cuda:0
forward,1,289,9.773794226123301e-07,True,CONVERGED,float64,cuda:0
forward,2,293,9.110610651693705e-07,True,CONVERGED,float64,cuda:0
adjoint,0,299,9.090929718291918e-07,True,CONVERGED,float64,cuda:0
adjoint,1,289,9.130589866293661e-07,True,CONVERGED,float64,cuda:0
adjoint,2,287,9.97738679984296e-07,True,CONVERGED,float64,cuda:0
forward,0,297,9.74814368082076e-07,True,CONVERGED,float64,cuda:0
forward,1,305,9.310998302375314e-07,True,CONVERGED,float64,cuda:0
forward,2,306,9.794902090811064e-07,True,CONVERGED,float64,cuda:0
adjoint,0,300,9.36159147979323e-07,True,CONVERGED,float64,cuda:0
adjoint,1,301,9.008297273371751e-07,True,CONVERGED,float64,cuda:0
adjoint,2,301,9.224697978825773e-07,True,CONVERGED,float64,cuda:0
forward,0,300,9.547977943590759e-07,True,CONVERGED,float64,cuda:0
forward,1,307,9.388055497070305e-07,True,CONVERGED,float64,cuda:0
forward,2,308,9.24461821177785e-07,True,CONVERGED,float64,cuda:0
adjoint,0,300,9.290473186648598e-07,True,CONVERGED,float64,cuda:0
adjoint,1,301,9.397660128856614e-07,True,CONVERGED,float64,cuda:0
adjoint,2,302,9.676221806823476e-07,True,CONVERGED,float64,cuda:0
forward,0,297,9.539548137982322e-07,True,CONVERGED,float64,cuda:0
forward,1,305,9.256174221261019e-07,True,CONVERGED,float64,cuda:0
forward,2,306,9.706488191533011e-07,True,CONVERGED,float64,cuda:0
adjoint,0,300,9.59854073293471e-07,True,CONVERGED,float64,cuda:0
adjoint,1,301,8.327393686048326e-07,True,CONVERGED,float64,cuda:0
adjoint,2,301,9.814501926388937e-07,True,CONVERGED,float64,cuda:0
forward,0,296,9.299300224953407e-07,True,CONVERGED,float64,cuda:0
forward,1,289,9.97892433619287e-07,True,CONVERGED,float64,cuda:0
forward,2,292,9.832359475120761e-07,True,CONVERGED,float64,cuda:0
adjoint,0,298,9.076124065944636e-07,True,CONVERGED,float64,cuda:0
adjoint,1,288,9.545261938247058e-07,True,CONVERGED,float64,cuda:0
adjoint,2,284,9.485006297811238e-07,True,CONVERGED,float64,cuda:0
forward,0,297,9.72672951225517e-07,True,CONVERGED,float64,cuda:0
forward,1,289,9.86946786249326e-07,True,CONVERGED,float64,cuda:0
forward,2,297,9.048009416737547e-07,True,CONVERGED,float64,cuda:0
adjoint,0,300,8.761946521466539e-07,True,CONVERGED,float64,cuda:0
adjoint,1,298,8.893381977263833e-07,True,CONVERGED,float64,cuda:0
adjoint,2,297,8.992940892856835e-07,True,CONVERGED,float64,cuda:0
forward,0,298,8.534540604801662e-07,True,CONVERGED,float64,cuda:0
forward,1,290,9.318091731389243e-07,True,CONVERGED,float64,cuda:0
forward,2,297,9.697412928584197e-07,True,CONVERGED,float64,cuda:0
adjoint,0,300,9.055094460633178e-07,True,CONVERGED,float64,cuda:0
adjoint,1,298,9.765519630236924e-07,True,CONVERGED,float64,cuda:0
adjoint,2,297,9.884459271016475e-07,True,CONVERGED,float64,cuda:0
forward,0,298,9.289733569353644e-07,True,CONVERGED,float64,cuda:0
forward,1,287,9.695981881728284e-07,True,CONVERGED,float64,cuda:0
forward,2,297,9.345187463690797e-07,True,CONVERGED,float64,cuda:0
adjoint,0,300,9.197480086445474e-07,True,CONVERGED,float64,cuda:0
adjoint,1,297,9.030480594597766e-07,True,CONVERGED,float64,cuda:0
adjoint,2,297,9.095301514244217e-07,True,CONVERGED,float64,cuda:0
forward,0,298,9.304043984182592e-07,True,CONVERGED,float64,cuda:0
forward,1,291,9.887188766270102e-07,True,CONVERGED,float64,cuda:0
forward,2,296,9.519339043930451e-07,True,CONVERGED,float64,cuda:0
adjoint,0,298,9.277414806270331e-07,True,CONVERGED,float64,cuda:0
adjoint,1,288,8.931709669435159e-07,True,CONVERGED,float64,cuda:0
adjoint,2,286,9.88874060630222e-07,True,CONVERGED,float64,cuda:0
forward,0,300,9.360099259721604e-07,True,CONVERGED,float64,cuda:0
forward,1,294,9.937247786078997e-07,True,CONVERGED,float64,cuda:0
forward,2,305,9.839615932202518e-07,True,CONVERGED,float64,cuda:0
adjoint,0,301,8.949647814195609e-07,True,CONVERGED,float64,cuda:0
adjoint,1,300,9.727002919409182e-07,True,CONVERGED,float64,cuda:0
adjoint,2,300,9.56123929893387e-07,True,CONVERGED,float64,cuda:0
forward,0,301,9.51087140750154e-07,True,CONVERGED,float64,cuda:0
forward,1,305,9.916128463733183e-07,True,CONVERGED,float64,cuda:0
forward,2,307,8.622543275127311e-07,True,CONVERGED,float64,cuda:0
adjoint,0,302,9.640053075811316e-07,True,CONVERGED,float64,cuda:0
adjoint,1,301,9.174372089604292e-07,True,CONVERGED,float64,cuda:0
adjoint,2,301,9.123103476473606e-07,True,CONVERGED,float64,cuda:0
forward,0,300,9.299501055102818e-07,True,CONVERGED,float64,cuda:0
forward,1,290,9.055339913523441e-07,True,CONVERGED,float64,cuda:0
forward,2,304,9.600444101800486e-07,True,CONVERGED,float64,cuda:0
adjoint,0,300,8.734223057011445e-07,True,CONVERGED,float64,cuda:0
adjoint,1,299,9.786733889144763e-07,True,CONVERGED,float64,cuda:0
adjoint,2,299,8.994919004747793e-07,True,CONVERGED,float64,cuda:0
forward,0,298,9.180879604752638e-07,True,CONVERGED,float64,cuda:0
forward,1,292,9.45576289030819e-07,True,CONVERGED,float64,cuda:0
forward,2,296,9.427605269540584e-07,True,CONVERGED,float64,cuda:0
adjoint,0,297,9.559941569393606e-07,True,CONVERGED,float64,cuda:0
adjoint,1,286,9.057373819289372e-07,True,CONVERGED,float64,cuda:0
adjoint,2,287,8.977891483029676e-07,True,CONVERGED,float64,cuda:0
forward,0,298,9.064501245771509e-07,True,CONVERGED,float64,cuda:0
forward,1,289,9.168673137740365e-07,True,CONVERGED,float64,cuda:0
forward,2,297,9.681429263152813e-07,True,CONVERGED,float64,cuda:0
adjoint,0,298,9.443990579035689e-07,True,CONVERGED,float64,cuda:0
adjoint,1,288,9.569080791062775e-07,True,CONVERGED,float64,cuda:0
adjoint,2,293,9.67156324531425e-07,True,CONVERGED,float64,cuda:0
forward,0,297,9.80073374790797e-07,True,CONVERGED,float64,cuda:0
forward,1,289,9.263621378248838e-07,True,CONVERGED,float64,cuda:0
forward,2,298,9.057337571991332e-07,True,CONVERGED,float64,cuda:0
adjoint,0,298,9.198865223402848e-07,True,CONVERGED,float64,cuda:0
adjoint,1,287,9.768027937971183e-07,True,CONVERGED,float64,cuda:0
adjoint,2,293,9.779275443601306e-07,True,CONVERGED,float64,cuda:0
forward,0,297,9.533284021959315e-07,True,CONVERGED,float64,cuda:0
forward,1,292,9.444680489868193e-07,True,CONVERGED,float64,cuda:0
forward,2,294,9.664140101828204e-07,True,CONVERGED,float64,cuda:0
adjoint,0,296,9.680016961768563e-07,True,CONVERGED,float64,cuda:0
adjoint,1,283,9.416336430296246e-07,True,CONVERGED,float64,cuda:0
adjoint,2,288,8.742348574935376e-07,True,CONVERGED,float64,cuda:0
forward,0,297,9.9639278567263e-07,True,CONVERGED,float64,cuda:0
forward,1,291,9.877552859958674e-07,True,CONVERGED,float64,cuda:0
forward,2,299,9.458051714225946e-07,True,CONVERGED,float64,cuda:0
adjoint,0,297,9.593583043451717e-07,True,CONVERGED,float64,cuda:0
adjoint,1,282,9.355912972621142e-07,True,CONVERGED,float64,cuda:0
adjoint,2,294,8.978933791914602e-07,True,CONVERGED,float64,cuda:0
forward,0,297,9.761372445562991e-07,True,CONVERGED,float64,cuda:0
forward,1,291,9.71746075468395e-07,True,CONVERGED,float64,cuda:0
forward,2,300,9.361369033207397e-07,True,CONVERGED,float64,cuda:0
adjoint,0,297,9.324656954047773e-07,True,CONVERGED,float64,cuda:0
adjoint,1,283,7.878394421187393e-07,True,CONVERGED,float64,cuda:0
adjoint,2,295,9.362693735766559e-07,True,CONVERGED,float64,cuda:0
forward,0,291,9.623368239619835e-07,True,CONVERGED,float64,cuda:0
forward,1,297,9.673862236277363e-07,True,CONVERGED,float64,cuda:0
forward,2,294,9.88146693412388e-07,True,CONVERGED,float64,cuda:0
adjoint,0,293,9.038973368432191e-07,True,CONVERGED,float64,cuda:0
adjoint,1,282,9.771236199279203e-07,True,CONVERGED,float64,cuda:0
adjoint,2,288,8.683686653867685e-07,True,CONVERGED,float64,cuda:0
forward,0,292,9.821004181568708e-07,True,CONVERGED,float64,cuda:0
forward,1,290,9.236316296721069e-07,True,CONVERGED,float64,cuda:0
forward,2,299,9.740602453359883e-07,True,CONVERGED,float64,cuda:0
adjoint,0,293,9.97052872283884e-07,True,CONVERGED,float64,cuda:0
adjoint,1,285,9.71553907398743e-07,True,CONVERGED,float64,cuda:0
adjoint,2,292,9.468947452479633e-07,True,CONVERGED,float64,cuda:0
forward,0,293,9.3076056570851e-07,True,CONVERGED,float64,cuda:0
forward,1,290,8.890129590984954e-07,True,CONVERGED,float64,cuda:0
forward,2,300,9.180295394318245e-07,True,CONVERGED,float64,cuda:0
adjoint,0,293,9.903737477674549e-07,True,CONVERGED,float64,cuda:0
adjoint,1,286,9.845515597055907e-07,True,CONVERGED,float64,cuda:0
adjoint,2,294,9.396699938277147e-07,True,CONVERGED,float64,cuda:0
forward,0,292,9.704683402994948e-07,True,CONVERGED,float64,cuda:0
forward,1,290,9.97080367867693e-07,True,CONVERGED,float64,cuda:0
forward,2,298,9.92267957803364e-07,True,CONVERGED,float64,cuda:0
adjoint,0,293,9.125323826991792e-07,True,CONVERGED,float64,cuda:0
adjoint,1,284,9.588880587417094e-07,True,CONVERGED,float64,cuda:0
adjoint,2,291,9.567349460758268e-07,True,CONVERGED,float64,cuda:0
forward,0,292,9.712139061727955e-07,True,CONVERGED,float64,cuda:0
forward,1,298,9.801457851464517e-07,True,CONVERGED,float64,cuda:0
forward,2,297,9.84123199152185e-07,True,CONVERGED,float64,cuda:0
adjoint,0,290,8.903658090540685e-07,True,CONVERGED,float64,cuda:0
adjoint,1,286,9.838125623455027e-07,True,CONVERGED,float64,cuda:0
adjoint,2,289,9.420706097801607e-07,True,CONVERGED,float64,cuda:0
forward,0,297,9.515150204858636e-07,True,CONVERGED,float64,cuda:0
forward,1,293,9.572306777977595e-07,True,CONVERGED,float64,cuda:0
forward,2,303,9.205331191428229e-07,True,CONVERGED,float64,cuda:0
adjoint,0,296,9.442091820630807e-07,True,CONVERGED,float64,cuda:0
adjoint,1,292,9.88485094668713e-07,True,CONVERGED,float64,cuda:0
adjoint,2,300,9.79637088255556e-07,True,CONVERGED,float64,cuda:0
forward,0,298,9.392500818330042e-07,True,CONVERGED,float64,cuda:0
forward,1,308,8.951162896549284e-07,True,CONVERGED,float64,cuda:0
forward,2,308,9.087425875139364e-07,True,CONVERGED,float64,cuda:0
adjoint,0,297,9.394734690553066e-07,True,CONVERGED,float64,cuda:0
adjoint,1,303,9.574792943415495e-07,True,CONVERGED,float64,cuda:0
adjoint,2,303,9.993907638204414e-07,True,CONVERGED,float64,cuda:0
forward,0,298,9.032053104880267e-07,True,CONVERGED,float64,cuda:0
forward,1,307,9.012760346401891e-07,True,CONVERGED,float64,cuda:0
forward,2,307,9.643670885668885e-07,True,CONVERGED,float64,cuda:0
adjoint,0,298,9.659153127524048e-07,True,CONVERGED,float64,cuda:0
adjoint,1,302,9.476124734787562e-07,True,CONVERGED,float64,cuda:0
adjoint,2,303,9.677770650494273e-07,True,CONVERGED,float64,cuda:0
forward,0,295,9.96788354944118e-07,True,CONVERGED,float64,cuda:0
forward,1,290,8.873444561477204e-07,True,CONVERGED,float64,cuda:0
forward,2,300,9.238137907345271e-07,True,CONVERGED,float64,cuda:0
adjoint,0,294,9.758419522619417e-07,True,CONVERGED,float64,cuda:0
adjoint,1,289,9.726647704612852e-07,True,CONVERGED,float64,cuda:0
adjoint,2,287,9.9186438393037e-07,True,CONVERGED,float64,cuda:0
forward,0,297,9.996045496593309e-07,True,CONVERGED,float64,cuda:0
forward,1,299,9.873341949236443e-07,True,CONVERGED,float64,cuda:0
forward,2,297,9.897795644011974e-07,True,CONVERGED,float64,cuda:0
adjoint,0,293,9.711377760096159e-07,True,CONVERGED,float64,cuda:0
adjoint,1,289,9.611586286174816e-07,True,CONVERGED,float64,cuda:0
adjoint,2,290,8.807661336731661e-07,True,CONVERGED,float64,cuda:0
forward,0,294,9.888920586582214e-07,True,CONVERGED,float64,cuda:0
forward,1,301,9.517814319083658e-07,True,CONVERGED,float64,cuda:0
forward,2,298,9.258188138297208e-07,True,CONVERGED,float64,cuda:0
adjoint,0,297,9.397606166859651e-07,True,CONVERGED,float64,cuda:0
adjoint,1,289,9.098674946657011e-07,True,CONVERGED,float64,cuda:0
adjoint,2,290,9.782016588362224e-07,True,CONVERGED,float64,cuda:0
forward,0,295,9.497104914768526e-07,True,CONVERGED,float64,cuda:0
forward,1,301,9.756484426292593e-07,True,CONVERGED,float64,cuda:0
forward,2,298,9.676387399617859e-07,True,CONVERGED,float64,cuda:0
adjoint,0,297,9.935086812454426e-07,True,CONVERGED,float64,cuda:0
adjoint,1,289,9.257496700992799e-07,True,CONVERGED,float64,cuda:0
adjoint,2,291,9.251405363048186e-07,True,CONVERGED,float64,cuda:0
forward,0,297,9.319789761512687e-07,True,CONVERGED,float64,cuda:0
forward,1,301,9.498088763647091e-07,True,CONVERGED,float64,cuda:0
forward,2,298,9.968231772651662e-07,True,CONVERGED,float64,cuda:0
adjoint,0,294,9.62172661541252e-07,True,CONVERGED,float64,cuda:0
adjoint,1,290,9.831941492581577e-07,True,CONVERGED,float64,cuda:0
adjoint,2,292,8.971019239504955e-07,True,CONVERGED,float64,cuda:0
forward,0,297,9.662495138125165e-07,True,CONVERGED,float64,cuda:0
forward,1,300,9.662876748077335e-07,True,CONVERGED,float64,cuda:0
forward,2,298,9.524876160746817e-07,True,CONVERGED,float64,cuda:0
adjoint,0,294,8.833120844013955e-07,True,CONVERGED,float64,cuda:0
adjoint,1,293,9.183247139281515e-07,True,CONVERGED,float64,cuda:0
adjoint,2,293,9.035214963436734e-07,True,CONVERGED,float64,cuda:0
forward,0,299,9.567582651932897e-07,True,CONVERGED,float64,cuda:0
forward,1,300,9.129866299840016e-07,True,CONVERGED,float64,cuda:0
forward,2,300,8.684879468143228e-07,True,CONVERGED,float64,cuda:0
adjoint,0,294,9.92242716855449e-07,True,CONVERGED,float64,cuda:0
adjoint,1,293,9.008530903843548e-07,True,CONVERGED,float64,cuda:0
adjoint,2,294,8.811600328566209e-07,True,CONVERGED,float64,cuda:0
forward,0,297,9.911057648680852e-07,True,CONVERGED,float64,cuda:0
forward,1,302,9.79814018713986e-07,True,CONVERGED,float64,cuda:0
forward,2,298,9.999769015245863e-07,True,CONVERGED,float64,cuda:0
adjoint,0,295,9.835972191057876e-07,True,CONVERGED,float64,cuda:0
adjoint,1,294,8.841382345292733e-07,True,CONVERGED,float64,cuda:0
adjoint,2,296,9.317561684608563e-07,True,CONVERGED,float64,cuda:0
forward,0,301,9.410380383133204e-07,True,CONVERGED,float64,cuda:0
forward,1,304,9.29140833602164e-07,True,CONVERGED,float64,cuda:0
forward,2,299,9.582466782425177e-07,True,CONVERGED,float64,cuda:0
adjoint,0,301,9.442602354332281e-07,True,CONVERGED,float64,cuda:0
adjoint,1,294,9.81246378568256e-07,True,CONVERGED,float64,cuda:0
adjoint,2,296,9.927604409079222e-07,True,CONVERGED,float64,cuda:0
forward,0,302,8.90255897132242e-07,True,CONVERGED,float64,cuda:0
forward,1,304,9.669309558686301e-07,True,CONVERGED,float64,cuda:0
forward,2,299,9.589012762246264e-07,True,CONVERGED,float64,cuda:0
adjoint,0,300,9.538554835630316e-07,True,CONVERGED,float64,cuda:0
adjoint,1,294,9.06718085551358e-07,True,CONVERGED,float64,cuda:0
adjoint,2,296,9.318537647206469e-07,True,CONVERGED,float64,cuda:0
forward,0,301,9.945071082212894e-07,True,CONVERGED,float64,cuda:0
forward,1,303,9.7664856653883e-07,True,CONVERGED,float64,cuda:0
forward,2,298,9.976180169395358e-07,True,CONVERGED,float64,cuda:0
adjoint,0,303,9.154866670557088e-07,True,CONVERGED,float64,cuda:0
adjoint,1,294,8.924201522866214e-07,True,CONVERGED,float64,cuda:0
adjoint,2,295,9.72428254318308e-07,True,CONVERGED,float64,cuda:0
forward,0,302,8.400463239141856e-07,True,CONVERGED,float64,cuda:0
forward,1,303,8.911691148966539e-07,True,CONVERGED,float64,cuda:0
forward,2,296,9.324861379071249e-07,True,CONVERGED,float64,cuda:0
adjoint,0,299,9.998993220399436e-07,True,CONVERGED,float64,cuda:0
adjoint,1,294,9.434980402179318e-07,True,CONVERGED,float64,cuda:0
adjoint,2,294,9.637904871180983e-07,True,CONVERGED,float64,cuda:0
forward,0,302,9.727466308014691e-07,True,CONVERGED,float64,cuda:0
forward,1,303,9.19816880186736e-07,True,CONVERGED,float64,cuda:0
forward,2,300,9.382164828924563e-07,True,CONVERGED,float64,cuda:0
adjoint,0,299,9.650555848662607e-07,True,CONVERGED,float64,cuda:0
adjoint,1,294,9.755512937462236e-07,True,CONVERGED,float64,cuda:0
adjoint,2,295,9.138779177477181e-07,True,CONVERGED,float64,cuda:0
forward,0,291,8.607181146889685e-07,True,CONVERGED,float64,cuda:0
forward,1,304,8.957049027347767e-07,True,CONVERGED,float64,cuda:0
forward,2,303,9.586598330879831e-07,True,CONVERGED,float64,cuda:0
adjoint,0,304,9.63498128126486e-07,True,CONVERGED,float64,cuda:0
adjoint,1,294,8.518630451296707e-07,True,CONVERGED,float64,cuda:0
adjoint,2,295,9.83305922746441e-07,True,CONVERGED,float64,cuda:0
forward,0,293,9.892893518207764e-07,True,CONVERGED,float64,cuda:0
forward,1,302,9.714077639003823e-07,True,CONVERGED,float64,cuda:0
forward,2,306,9.570410339420501e-07,True,CONVERGED,float64,cuda:0
adjoint,0,307,8.750201865861672e-07,True,CONVERGED,float64,cuda:0
adjoint,1,295,9.9088540966158e-07,True,CONVERGED,float64,cuda:0
adjoint,2,297,9.523178698240684e-07,True,CONVERGED,float64,cuda:0
forward,0,293,9.990194016677428e-07,True,CONVERGED,float64,cuda:0
forward,1,299,9.765446946034013e-07,True,CONVERGED,float64,cuda:0
forward,2,306,9.837897092783076e-07,True,CONVERGED,float64,cuda:0
adjoint,0,307,9.423841533874363e-07,True,CONVERGED,float64,cuda:0
adjoint,1,296,9.651403833167384e-07,True,CONVERGED,float64,cuda:0
adjoint,2,298,9.468583305127867e-07,True,CONVERGED,float64,cuda:0
forward,0,292,9.445910292268287e-07,True,CONVERGED,float64,cuda:0
forward,1,292,9.637812788563616e-07,True,CONVERGED,float64,cuda:0
forward,2,306,9.78638722574221e-07,True,CONVERGED,float64,cuda:0
adjoint,0,307,9.345156128716405e-07,True,CONVERGED,float64,cuda:0
adjoint,1,296,9.502901885968353e-07,True,CONVERGED,float64,cuda:0
adjoint,2,298,9.599604352457224e-07,True,CONVERGED,float64,cuda:0
forward,0,292,8.904754561418722e-07,True,CONVERGED,float64,cuda:0
forward,1,297,8.958220885970221e-07,True,CONVERGED,float64,cuda:0
forward,2,305,9.517464251998109e-07,True,CONVERGED,float64,cuda:0
adjoint,0,304,9.94354837725964e-07,True,CONVERGED,float64,cuda:0
adjoint,1,295,9.672511555381482e-07,True,CONVERGED,float64,cuda:0
adjoint,2,291,9.597603876101713e-07,True,CONVERGED,float64,cuda:0
forward,0,306,9.370093028228624e-07,True,CONVERGED,float64,cuda:0
forward,1,306,9.243138485607175e-07,True,CONVERGED,float64,cuda:0
forward,2,306,8.909132794982924e-07,True,CONVERGED,float64,cuda:0
adjoint,0,302,9.509673791400056e-07,True,CONVERGED,float64,cuda:0
adjoint,1,296,9.781433353774739e-07,True,CONVERGED,float64,cuda:0
adjoint,2,297,9.978332273085222e-07,True,CONVERGED,float64,cuda:0
forward,0,308,8.387334440235523e-07,True,CONVERGED,float64,cuda:0
forward,1,308,9.229349919135912e-07,True,CONVERGED,float64,cuda:0
forward,2,299,9.057838030034773e-07,True,CONVERGED,float64,cuda:0
adjoint,0,302,9.136643858418245e-07,True,CONVERGED,float64,cuda:0
adjoint,1,299,9.716100809037681e-07,True,CONVERGED,float64,cuda:0
adjoint,2,299,9.692550739079318e-07,True,CONVERGED,float64,cuda:0
forward,0,306,9.566493079133483e-07,True,CONVERGED,float64,cuda:0
forward,1,306,9.705020917246385e-07,True,CONVERGED,float64,cuda:0
forward,2,304,9.752827114016788e-07,True,CONVERGED,float64,cuda:0
adjoint,0,302,9.54961374998607e-07,True,CONVERGED,float64,cuda:0
adjoint,1,297,8.404104473956895e-07,True,CONVERGED,float64,cuda:0
adjoint,2,298,8.622353654821794e-07,True,CONVERGED,float64,cuda:0
forward,0,292,9.629446809112046e-07,True,CONVERGED,float64,cuda:0
forward,1,292,9.753973963703462e-07,True,CONVERGED,float64,cuda:0
forward,2,296,9.770876018462598e-07,True,CONVERGED,float64,cuda:0
adjoint,0,303,9.847205443197542e-07,True,CONVERGED,float64,cuda:0
adjoint,1,299,9.742639489345986e-07,True,CONVERGED,float64,cuda:0
adjoint,2,298,9.751075726371906e-07,True,CONVERGED,float64,cuda:0
forward,0,293,9.975923444642322e-07,True,CONVERGED,float64,cuda:0
forward,1,297,9.093608708853014e-07,True,CONVERGED,float64,cuda:0
forward,2,298,9.14622547853258e-07,True,CONVERGED,float64,cuda:0
adjoint,0,303,9.888494784879074e-07,True,CONVERGED,float64,cuda:0
adjoint,1,303,9.75235194439743e-07,True,CONVERGED,float64,cuda:0
adjoint,2,302,9.224143525391034e-07,True,CONVERGED,float64,cuda:0
forward,0,295,8.950554786753635e-07,True,CONVERGED,float64,cuda:0
forward,1,299,9.492754128838328e-07,True,CONVERGED,float64,cuda:0
forward,2,299,9.94474323631688e-07,True,CONVERGED,float64,cuda:0
adjoint,0,307,9.28470422036981e-07,True,CONVERGED,float64,cuda:0
adjoint,1,304,9.826330477559664e-07,True,CONVERGED,float64,cuda:0
adjoint,2,301,9.740200300963095e-07,True,CONVERGED,float64,cuda:0
forward,0,295,9.157267173313359e-07,True,CONVERGED,float64,cuda:0
forward,1,298,9.745531757802705e-07,True,CONVERGED,float64,cuda:0
forward,2,300,9.98155247697029e-07,True,CONVERGED,float64,cuda:0
adjoint,0,307,9.406934936187801e-07,True,CONVERGED,float64,cuda:0
adjoint,1,305,9.100460415050835e-07,True,CONVERGED,float64,cuda:0
adjoint,2,300,9.649871267716836e-07,True,CONVERGED,float64,cuda:0
forward,0,294,8.789999380416551e-07,True,CONVERGED,float64,cuda:0
forward,1,299,9.657661106055886e-07,True,CONVERGED,float64,cuda:0
forward,2,301,9.91686631212938e-07,True,CONVERGED,float64,cuda:0
adjoint,0,302,9.563537992411321e-07,True,CONVERGED,float64,cuda:0
adjoint,1,304,9.823645070400763e-07,True,CONVERGED,float64,cuda:0
adjoint,2,301,9.7643359786891e-07,True,CONVERGED,float64,cuda:0
forward,0,294,9.918951080946325e-07,True,CONVERGED,float64,cuda:0
forward,1,299,9.716948103519085e-07,True,CONVERGED,float64,cuda:0
forward,2,299,9.919011236633817e-07,True,CONVERGED,float64,cuda:0
adjoint,0,296,8.888789367473498e-07,True,CONVERGED,float64,cuda:0
adjoint,1,303,9.605341236315295e-07,True,CONVERGED,float64,cuda:0
adjoint,2,302,9.923533929005308e-07,True,CONVERGED,float64,cuda:0
forward,0,300,9.351198109023453e-07,True,CONVERGED,float64,cuda:0
forward,1,307,9.55471773055394e-07,True,CONVERGED,float64,cuda:0
forward,2,301,9.905486381004781e-07,True,CONVERGED,float64,cuda:0
adjoint,0,306,8.717432624785969e-07,True,CONVERGED,float64,cuda:0
adjoint,1,304,9.116081419218098e-07,True,CONVERGED,float64,cuda:0
adjoint,2,305,9.370118865294871e-07,True,CONVERGED,float64,cuda:0
forward,0,299,9.165808391947162e-07,True,CONVERGED,float64,cuda:0
forward,1,306,9.160180608154284e-07,True,CONVERGED,float64,cuda:0
forward,2,306,9.684633505165511e-07,True,CONVERGED,float64,cuda:0
adjoint,0,298,9.89065752531396e-07,True,CONVERGED,float64,cuda:0
adjoint,1,304,9.585125043924073e-07,True,CONVERGED,float64,cuda:0
adjoint,2,305,9.971211547379817e-07,True,CONVERGED,float64,cuda:0
forward,0,297,9.794468022301328e-07,True,CONVERGED,float64,cuda:0
forward,1,298,8.808732002904687e-07,True,CONVERGED,float64,cuda:0
forward,2,307,8.99241135419812e-07,True,CONVERGED,float64,cuda:0
adjoint,0,306,9.473276893733142e-07,True,CONVERGED,float64,cuda:0
adjoint,1,307,8.961609687880485e-07,True,CONVERGED,float64,cuda:0
adjoint,2,301,9.750019535982305e-07,True,CONVERGED,float64,cuda:0
forward,0,299,9.6015515303566e-07,True,CONVERGED,float64,cuda:0
forward,1,304,9.75326760052788e-07,True,CONVERGED,float64,cuda:0
forward,2,307,9.994460350262626e-07,True,CONVERGED,float64,cuda:0
adjoint,0,304,9.706265916648701e-07,True,CONVERGED,float64,cuda:0
adjoint,1,311,9.919421967481022e-07,True,CONVERGED,float64,cuda:0
adjoint,2,305,9.592979698845961e-07,True,CONVERGED,float64,cuda:0
forward,0,300,9.745458154345724e-07,True,CONVERGED,float64,cuda:0
forward,1,309,9.050690549403013e-07,True,CONVERGED,float64,cuda:0
forward,2,308,8.962658983013355e-07,True,CONVERGED,float64,cuda:0
adjoint,0,305,9.510509811082938e-07,True,CONVERGED,float64,cuda:0
adjoint,1,314,9.312164043572643e-07,True,CONVERGED,float64,cuda:0
adjoint,2,313,9.042971479214501e-07,True,CONVERGED,float64,cuda:0
forward,0,299,9.578248437871771e-07,True,CONVERGED,float64,cuda:0
forward,1,313,9.201710603455332e-07,True,CONVERGED,float64,cuda:0
forward,2,307,9.598577809634088e-07,True,CONVERGED,float64,cuda:0
adjoint,0,304,9.79720111580174e-07,True,CONVERGED,float64,cuda:0
adjoint,1,314,9.957246520701611e-07,True,CONVERGED,float64,cuda:0
adjoint,2,313,9.8100199068741e-07,True,CONVERGED,float64,cuda:0
forward,0,298,9.684029497514187e-07,True,CONVERGED,float64,cuda:0
forward,1,312,9.314494571098779e-07,True,CONVERGED,float64,cuda:0
forward,2,307,8.961466211254824e-07,True,CONVERGED,float64,cuda:0
adjoint,0,311,9.880702849891809e-07,True,CONVERGED,float64,cuda:0
adjoint,1,313,9.261020912301183e-07,True,CONVERGED,float64,cuda:0
adjoint,2,313,9.324514018653447e-07,True,CONVERGED,float64,cuda:0
forward,0,297,9.204657160584138e-07,True,CONVERGED,float64,cuda:0
forward,1,310,9.276890762596461e-07,True,CONVERGED,float64,cuda:0
forward,2,305,9.334441374373293e-07,True,CONVERGED,float64,cuda:0
adjoint,0,311,9.646766899619976e-07,True,CONVERGED,float64,cuda:0
adjoint,1,310,9.543108461323193e-07,True,CONVERGED,float64,cuda:0
adjoint,2,310,9.207577778787817e-07,True,CONVERGED,float64,cuda:0
forward,0,294,9.62523891862955e-07,True,CONVERGED,float64,cuda:0
forward,1,310,8.897047560959959e-07,True,CONVERGED,float64,cuda:0
forward,2,303,9.850264421260367e-07,True,CONVERGED,float64,cuda:0
adjoint,0,309,9.478784896666437e-07,True,CONVERGED,float64,cuda:0
adjoint,1,308,9.933117094667165e-07,True,CONVERGED,float64,cuda:0
adjoint,2,309,8.9641828226718e-07,True,CONVERGED,float64,cuda:0
forward,0,296,9.77161119307115e-07,True,CONVERGED,float64,cuda:0
forward,1,308,9.610340335976132e-07,True,CONVERGED,float64,cuda:0
forward,2,304,9.065001597066154e-07,True,CONVERGED,float64,cuda:0
adjoint,0,302,8.525480519159431e-07,True,CONVERGED,float64,cuda:0
adjoint,1,308,9.660133418689192e-07,True,CONVERGED,float64,cuda:0
adjoint,2,309,9.72208933585693e-07,True,CONVERGED,float64,cuda:0
forward,0,296,8.458375970779652e-07,True,CONVERGED,float64,cuda:0
forward,1,306,9.141037075202849e-07,True,CONVERGED,float64,cuda:0
forward,2,304,9.935948168116445e-07,True,CONVERGED,float64,cuda:0
adjoint,0,299,9.970143976725977e-07,True,CONVERGED,float64,cuda:0
adjoint,1,308,8.967721983186043e-07,True,CONVERGED,float64,cuda:0
adjoint,2,309,8.999833047281009e-07,True,CONVERGED,float64,cuda:0
forward,0,295,9.372297756318107e-07,True,CONVERGED,float64,cuda:0
forward,1,304,9.436796757893787e-07,True,CONVERGED,float64,cuda:0
forward,2,303,9.190991961326276e-07,True,CONVERGED,float64,cuda:0
adjoint,0,299,9.253809211877356e-07,True,CONVERGED,float64,cuda:0
adjoint,1,304,9.526033960183888e-07,True,CONVERGED,float64,cuda:0
adjoint,2,306,9.102078913301827e-07,True,CONVERGED,float64,cuda:0
forward,0,293,8.889065369770243e-07,True,CONVERGED,float64,cuda:0
forward,1,304,9.943031570502562e-07,True,CONVERGED,float64,cuda:0
forward,2,303,9.519232675400803e-07,True,CONVERGED,float64,cuda:0
adjoint,0,296,9.90433580865131e-07,True,CONVERGED,float64,cuda:0
adjoint,1,294,9.714389556614003e-07,True,CONVERGED,float64,cuda:0
adjoint,2,295,9.149776536945332e-07,True,CONVERGED,float64,cuda:0
forward,0,297,8.792372115994869e-07,True,CONVERGED,float64,cuda:0
forward,1,306,9.441397502890169e-07,True,CONVERGED,float64,cuda:0
forward,2,304,9.232603550935376e-07,True,CONVERGED,float64,cuda:0
adjoint,0,302,9.929680542460504e-07,True,CONVERGED,float64,cuda:0
adjoint,1,294,9.876893950911224e-07,True,CONVERGED,float64,cuda:0
adjoint,2,297,9.53133546822004e-07,True,CONVERGED,float64,cuda:0
forward,0,293,9.931816313944902e-07,True,CONVERGED,float64,cuda:0
forward,1,304,9.311082072174288e-07,True,CONVERGED,float64,cuda:0
forward,2,296,9.236283857622765e-07,True,CONVERGED,float64,cuda:0
adjoint,0,300,9.934459245424778e-07,True,CONVERGED,float64,cuda:0
adjoint,1,296,9.484335133158359e-07,True,CONVERGED,float64,cuda:0
adjoint,2,297,9.81236228460593e-07,True,CONVERGED,float64,cuda:0
forward,0,293,9.881571837694207e-07,True,CONVERGED,float64,cuda:0
forward,1,304,9.323754340716295e-07,True,CONVERGED,float64,cuda:0
forward,2,303,9.18909238357137e-07,True,CONVERGED,float64,cuda:0
adjoint,0,298,9.654107399131032e-07,True,CONVERGED,float64,cuda:0
adjoint,1,306,9.65875916883523e-07,True,CONVERGED,float64,cuda:0
adjoint,2,307,9.079647320807457e-07,True,CONVERGED,float64,cuda:0
forward,0,296,8.384076930753977e-07,True,CONVERGED,float64,cuda:0
forward,1,305,9.506975295985776e-07,True,CONVERGED,float64,cuda:0
forward,2,304,9.195943917151922e-07,True,CONVERGED,float64,cuda:0
adjoint,0,301,8.611855693801489e-07,True,CONVERGED,float64,cuda:0
adjoint,1,307,9.912743860903367e-07,True,CONVERGED,float64,cuda:0
adjoint,2,308,9.631758533364842e-07,True,CONVERGED,float64,cuda:0
forward,0,295,9.046850702648942e-07,True,CONVERGED,float64,cuda:0
forward,1,304,9.962947892728962e-07,True,CONVERGED,float64,cuda:0
forward,2,301,9.822581055499284e-07,True,CONVERGED,float64,cuda:0
adjoint,0,298,9.995964214565511e-07,True,CONVERGED,float64,cuda:0
adjoint,1,305,9.926769447527587e-07,True,CONVERGED,float64,cuda:0
adjoint,2,307,8.885155650480598e-07,True,CONVERGED,float64,cuda:0
forward,0,300,9.129975737343372e-07,True,CONVERGED,float64,cuda:0
forward,1,307,9.195791217618919e-07,True,CONVERGED,float64,cuda:0
forward,2,307,9.022958294736069e-07,True,CONVERGED,float64,cuda:0
adjoint,0,308,9.114715576441524e-07,True,CONVERGED,float64,cuda:0
adjoint,1,299,9.277375136721892e-07,True,CONVERGED,float64,cuda:0
adjoint,2,305,9.806147209051265e-07,True,CONVERGED,float64,cuda:0
forward,0,305,9.192241459524884e-07,True,CONVERGED,float64,cuda:0
forward,1,309,9.451845830877617e-07,True,CONVERGED,float64,cuda:0
forward,2,308,9.595299927428276e-07,True,CONVERGED,float64,cuda:0
adjoint,0,309,9.178798827882244e-07,True,CONVERGED,float64,cuda:0
adjoint,1,300,9.171395232173342e-07,True,CONVERGED,float64,cuda:0
adjoint,2,309,9.488063272610643e-07,True,CONVERGED,float64,cuda:0
forward,0,297,9.359945363274368e-07,True,CONVERGED,float64,cuda:0
forward,1,307,9.75781726991301e-07,True,CONVERGED,float64,cuda:0
forward,2,307,9.321158192507803e-07,True,CONVERGED,float64,cuda:0
adjoint,0,295,8.917580851164352e-07,True,CONVERGED,float64,cuda:0
adjoint,1,299,9.65255762208922e-07,True,CONVERGED,float64,cuda:0
adjoint,2,300,9.986837808154878e-07,True,CONVERGED,float64,cuda:0
forward,0,301,9.500124783804233e-07,True,CONVERGED,float64,cuda:0
forward,1,311,9.556308956507737e-07,True,CONVERGED,float64,cuda:0
forward,2,303,9.826709682672106e-07,True,CONVERGED,float64,cuda:0
adjoint,0,303,9.867703417801712e-07,True,CONVERGED,float64,cuda:0
adjoint,1,309,9.112136762601977e-07,True,CONVERGED,float64,cuda:0
adjoint,2,310,8.962467955863228e-07,True,CONVERGED,float64,cuda:0
forward,0,303,9.272479961824936e-07,True,CONVERGED,float64,cuda:0
forward,1,313,9.351911650036647e-07,True,CONVERGED,float64,cuda:0
forward,2,304,9.99123074753538e-07,True,CONVERGED,float64,cuda:0
adjoint,0,308,9.75316978169693e-07,True,CONVERGED,float64,cuda:0
adjoint,1,311,9.371034686320174e-07,True,CONVERGED,float64,cuda:0
adjoint,2,311,9.078193240346016e-07,True,CONVERGED,float64,cuda:0
forward,0,303,9.084631648985882e-07,True,CONVERGED,float64,cuda:0
forward,1,312,9.000360645856586e-07,True,CONVERGED,float64,cuda:0
forward,2,307,9.856907602012632e-07,True,CONVERGED,float64,cuda:0
adjoint,0,304,9.925849008227058e-07,True,CONVERGED,float64,cuda:0
adjoint,1,305,9.612218652960262e-07,True,CONVERGED,float64,cuda:0
adjoint,2,305,9.916499322539899e-07,True,CONVERGED,float64,cuda:0
forward,0,304,9.218784570198411e-07,True,CONVERGED,float64,cuda:0
forward,1,310,9.929881176704747e-07,True,CONVERGED,float64,cuda:0
forward,2,308,9.475007879691492e-07,True,CONVERGED,float64,cuda:0
adjoint,0,304,9.571243650174013e-07,True,CONVERGED,float64,cuda:0
adjoint,1,303,9.063628031600329e-07,True,CONVERGED,float64,cuda:0
adjoint,2,304,8.942458342844625e-07,True,CONVERGED,float64,cuda:0
forward,0,306,9.487640064105057e-07,True,CONVERGED,float64,cuda:0
forward,1,312,9.305788007669168e-07,True,CONVERGED,float64,cuda:0
forward,2,310,9.185784918299994e-07,True,CONVERGED,float64,cuda:0
adjoint,0,306,9.064613873980731e-07,True,CONVERGED,float64,cuda:0
adjoint,1,305,9.273740824803958e-07,True,CONVERGED,float64,cuda:0
adjoint,2,304,9.973576032397751e-07,True,CONVERGED,float64,cuda:0
forward,0,306,9.203351851880927e-07,True,CONVERGED,float64,cuda:0
forward,1,311,9.685202263253176e-07,True,CONVERGED,float64,cuda:0
forward,2,309,9.655939566772484e-07,True,CONVERGED,float64,cuda:0
adjoint,0,306,8.872164468078975e-07,True,CONVERGED,float64,cuda:0
adjoint,1,305,9.819415848126143e-07,True,CONVERGED,float64,cuda:0
adjoint,2,305,9.672033513431983e-07,True,CONVERGED,float64,cuda:0
forward,0,305,9.519796639924076e-07,True,CONVERGED,float64,cuda:0
forward,1,312,9.612387495732821e-07,True,CONVERGED,float64,cuda:0
forward,2,310,9.660259975535605e-07,True,CONVERGED,float64,cuda:0
adjoint,0,308,9.60920107418856e-07,True,CONVERGED,float64,cuda:0
adjoint,1,307,9.497511662014546e-07,True,CONVERGED,float64,cuda:0
adjoint,2,305,9.680751446302623e-07,True,CONVERGED,float64,cuda:0
forward,0,304,9.654720565644587e-07,True,CONVERGED,float64,cuda:0
forward,1,312,8.980855650236613e-07,True,CONVERGED,float64,cuda:0
forward,2,310,9.383533405844314e-07,True,CONVERGED,float64,cuda:0
adjoint,0,302,9.887785929981995e-07,True,CONVERGED,float64,cuda:0
adjoint,1,306,9.881105132333305e-07,True,CONVERGED,float64,cuda:0
adjoint,2,305,9.789634912319122e-07,True,CONVERGED,float64,cuda:0
forward,0,303,9.760670292801051e-07,True,CONVERGED,float64,cuda:0
forward,1,311,9.944895113476004e-07,True,CONVERGED,float64,cuda:0
forward,2,310,9.745503561442064e-07,True,CONVERGED,float64,cuda:0
adjoint,0,306,9.77333365837627e-07,True,CONVERGED,float64,cuda:0
adjoint,1,307,9.522544265928105e-07,True,CONVERGED,float64,cuda:0
adjoint,2,308,9.16423463646745e-07,True,CONVERGED,float64,cuda:0
forward,0,308,8.707063742426931e-07,True,CONVERGED,float64,cuda:0
forward,1,314,9.63008967205231e-07,True,CONVERGED,float64,cuda:0
forward,2,312,9.762972828388582e-07,True,CONVERGED,float64,cuda:0
adjoint,0,310,9.78669502290495e-07,True,CONVERGED,float64,cuda:0
adjoint,1,310,9.075534760682367e-07,True,CONVERGED,float64,cuda:0
adjoint,2,308,9.208955704419346e-07,True,CONVERGED,float64,cuda:0
forward,0,308,9.456018146463941e-07,True,CONVERGED,float64,cuda:0
forward,1,313,9.514988908809684e-07,True,CONVERGED,float64,cuda:0
forward,2,313,8.730129271952107e-07,True,CONVERGED,float64,cuda:0
adjoint,0,309,9.438682820215383e-07,True,CONVERGED,float64,cuda:0
adjoint,1,310,8.802841142847715e-07,True,CONVERGED,float64,cuda:0
adjoint,2,309,9.23669669249787e-07,True,CONVERGED,float64,cuda:0
forward,0,302,9.681343767403117e-07,True,CONVERGED,float64,cuda:0
forward,1,311,9.124826804881155e-07,True,CONVERGED,float64,cuda:0
forward,2,310,8.929712290813607e-07,True,CONVERGED,float64,cuda:0
adjoint,0,306,9.854590513594712e-07,True,CONVERGED,float64,cuda:0
adjoint,1,305,9.269857124880956e-07,True,CONVERGED,float64,cuda:0
adjoint,2,307,9.7060569741818e-07,True,CONVERGED,float64,cuda:0
forward,0,302,9.80630735306653e-07,True,CONVERGED,float64,cuda:0
forward,1,310,8.987931418155889e-07,True,CONVERGED,float64,cuda:0
forward,2,307,9.560893198764777e-07,True,CONVERGED,float64,cuda:0
adjoint,0,306,9.154769937705253e-07,True,CONVERGED,float64,cuda:0
adjoint,1,303,9.707856766602791e-07,True,CONVERGED,float64,cuda:0
adjoint,2,304,9.295519929593066e-07,True,CONVERGED,float64,cuda:0
forward,0,310,8.782892809585565e-07,True,CONVERGED,float64,cuda:0
forward,1,312,9.947037348020718e-07,True,CONVERGED,float64,cuda:0
forward,2,313,9.97672684810423e-07,True,CONVERGED,float64,cuda:0
adjoint,0,308,9.324205099385022e-07,True,CONVERGED,float64,cuda:0
adjoint,1,309,9.518689019735261e-07,True,CONVERGED,float64,cuda:0
adjoint,2,309,9.68105711801645e-07,True,CONVERGED,float64,cuda:0
forward,0,313,9.557696843663138e-07,True,CONVERGED,float64,cuda:0
forward,1,315,9.64996707897899e-07,True,CONVERGED,float64,cuda:0
forward,2,316,9.24355004813928e-07,True,CONVERGED,float64,cuda:0
adjoint,0,315,9.410989074797263e-07,True,CONVERGED,float64,cuda:0
adjoint,1,312,9.572521269025122e-07,True,CONVERGED,float64,cuda:0
adjoint,2,316,8.970941961487368e-07,True,CONVERGED,float64,cuda:0
forward,0,316,9.225714944431884e-07,True,CONVERGED,float64,cuda:0
forward,1,315,9.736002152383008e-07,True,CONVERGED,float64,cuda:0
forward,2,317,9.30158655739727e-07,True,CONVERGED,float64,cuda:0
adjoint,0,316,9.773613497726385e-07,True,CONVERGED,float64,cuda:0
adjoint,1,314,9.730581301378176e-07,True,CONVERGED,float64,cuda:0
adjoint,2,316,9.294848316465373e-07,True,CONVERGED,float64,cuda:0
forward,0,317,8.913428896203957e-07,True,CONVERGED,float64,cuda:0
forward,1,314,9.342675142925227e-07,True,CONVERGED,float64,cuda:0
forward,2,319,9.83976113941091e-07,True,CONVERGED,float64,cuda:0
adjoint,0,315,8.877447750498859e-07,True,CONVERGED,float64,cuda:0
adjoint,1,316,9.478433050475072e-07,True,CONVERGED,float64,cuda:0
adjoint,2,315,9.704080740783255e-07,True,CONVERGED,float64,cuda:0
forward,0,313,9.547838062850245e-07,True,CONVERGED,float64,cuda:0
forward,1,316,8.80363256487037e-07,True,CONVERGED,float64,cuda:0
forward,2,319,9.464954777887993e-07,True,CONVERGED,float64,cuda:0
adjoint,0,296,9.814595382930993e-07,True,CONVERGED,float64,cuda:0
adjoint,1,316,8.737149417656106e-07,True,CONVERGED,float64,cuda:0
adjoint,2,312,9.902308848403527e-07,True,CONVERGED,float64,cuda:0
forward,0,313,9.549540939527384e-07,True,CONVERGED,float64,cuda:0
forward,1,316,9.887695182393363e-07,True,CONVERGED,float64,cuda:0
forward,2,317,9.764104890790025e-07,True,CONVERGED,float64,cuda:0
adjoint,0,303,9.363129303701592e-07,True,CONVERGED,float64,cuda:0
adjoint,1,314,9.622610056564075e-07,True,CONVERGED,float64,cuda:0
adjoint,2,315,9.43983682760739e-07,True,CONVERGED,float64,cuda:0
forward,0,311,9.360958926316048e-07,True,CONVERGED,float64,cuda:0
forward,1,317,9.065175057104163e-07,True,CONVERGED,float64,cuda:0
forward,2,317,9.61329045940088e-07,True,CONVERGED,float64,cuda:0
adjoint,0,313,9.233154600219575e-07,True,CONVERGED,float64,cuda:0
adjoint,1,315,9.120361704083397e-07,True,CONVERGED,float64,cuda:0
adjoint,2,317,9.713293834293323e-07,True,CONVERGED,float64,cuda:0
forward,0,305,9.847895411944736e-07,True,CONVERGED,float64,cuda:0
forward,1,318,9.349204750416309e-07,True,CONVERGED,float64,cuda:0
forward,2,317,9.555125116839115e-07,True,CONVERGED,float64,cuda:0
adjoint,0,297,9.522179691729895e-07,True,CONVERGED,float64,cuda:0
adjoint,1,316,9.14859031345771e-07,True,CONVERGED,float64,cuda:0
adjoint,2,318,9.19166681678866e-07,True,CONVERGED,float64,cuda:0
forward,0,314,9.77454339118197e-07,True,CONVERGED,float64,cuda:0
forward,1,319,9.736394846383297e-07,True,CONVERGED,float64,cuda:0
forward,2,321,9.352141956500659e-07,True,CONVERGED,float64,cuda:0
adjoint,0,301,9.4059247260802e-07,True,CONVERGED,float64,cuda:0
adjoint,1,318,9.010197981100248e-07,True,CONVERGED,float64,cuda:0
adjoint,2,318,9.95709188566671e-07,True,CONVERGED,float64,cuda:0
forward,0,319,9.969811774056082e-07,True,CONVERGED,float64,cuda:0
forward,1,320,9.966406597244676e-07,True,CONVERGED,float64,cuda:0
forward,2,322,9.598743822800422e-07,True,CONVERGED,float64,cuda:0
adjoint,0,315,9.58765231769611e-07,True,CONVERGED,float64,cuda:0
adjoint,1,319,8.43860016129263e-07,True,CONVERGED,float64,cuda:0
adjoint,2,318,9.507191886689301e-07,True,CONVERGED,float64,cuda:0
forward,0,321,9.009847795175813e-07,True,CONVERGED,float64,cuda:0
forward,1,317,9.696509460567717e-07,True,CONVERGED,float64,cuda:0
forward,2,323,9.669407975764452e-07,True,CONVERGED,float64,cuda:0
adjoint,0,312,9.757602148279833e-07,True,CONVERGED,float64,cuda:0
adjoint,1,321,8.705884624520216e-07,True,CONVERGED,float64,cuda:0
adjoint,2,319,9.760291029021648e-07,True,CONVERGED,float64,cuda:0
forward,0,318,8.492346698236735e-07,True,CONVERGED,float64,cuda:0
forward,1,317,9.712261599621907e-07,True,CONVERGED,float64,cuda:0
forward,2,324,9.129120380423204e-07,True,CONVERGED,float64,cuda:0
adjoint,0,316,9.959685450270411e-07,True,CONVERGED,float64,cuda:0
adjoint,1,320,8.971283750970229e-07,True,CONVERGED,float64,cuda:0
adjoint,2,322,9.66028419267804e-07,True,CONVERGED,float64,cuda:0
forward,0,310,9.98951534955837e-07,True,CONVERGED,float64,cuda:0
forward,1,322,9.446351143836073e-07,True,CONVERGED,float64,cuda:0
forward,2,321,9.222053057502342e-07,True,CONVERGED,float64,cuda:0
adjoint,0,316,9.87681765327893e-07,True,CONVERGED,float64,cuda:0
adjoint,1,319,9.480008105167802e-07,True,CONVERGED,float64,cuda:0
adjoint,2,322,9.368163640424952e-07,True,CONVERGED,float64,cuda:0
forward,0,317,9.775748249509653e-07,True,CONVERGED,float64,cuda:0
forward,1,327,9.416941432526703e-07,True,CONVERGED,float64,cuda:0
forward,2,322,9.993519179744655e-07,True,CONVERGED,float64,cuda:0
adjoint,0,317,9.548199823685174e-07,True,CONVERGED,float64,cuda:0
adjoint,1,323,9.306933893079507e-07,True,CONVERGED,float64,cuda:0
adjoint,2,325,9.681335510807584e-07,True,CONVERGED,float64,cuda:0
forward,0,319,9.240336739370053e-07,True,CONVERGED,float64,cuda:0
forward,1,327,9.74903840094763e-07,True,CONVERGED,float64,cuda:0
forward,2,325,9.941013811502005e-07,True,CONVERGED,float64,cuda:0
adjoint,0,318,9.593956968319989e-07,True,CONVERGED,float64,cuda:0
adjoint,1,324,9.931232818802516e-07,True,CONVERGED,float64,cuda:0
adjoint,2,326,9.990802432468873e-07,True,CONVERGED,float64,cuda:0
forward,0,318,8.718469904260089e-07,True,CONVERGED,float64,cuda:0
forward,1,321,9.796220021197752e-07,True,CONVERGED,float64,cuda:0
forward,2,323,9.045706485670514e-07,True,CONVERGED,float64,cuda:0
adjoint,0,318,9.403192167171451e-07,True,CONVERGED,float64,cuda:0
adjoint,1,324,9.449746368268282e-07,True,CONVERGED,float64,cuda:0
adjoint,2,326,9.850408647833205e-07,True,CONVERGED,float64,cuda:0
forward,0,315,9.083365595990753e-07,True,CONVERGED,float64,cuda:0
forward,1,319,9.718096552518434e-07,True,CONVERGED,float64,cuda:0
forward,2,318,9.438345694496884e-07,True,CONVERGED,float64,cuda:0
adjoint,0,300,9.223082577623893e-07,True,CONVERGED,float64,cuda:0
adjoint,1,316,9.313369073516279e-07,True,CONVERGED,float64,cuda:0
adjoint,2,319,9.781109032822503e-07,True,CONVERGED,float64,cuda:0
forward,0,315,9.271645012753299e-07,True,CONVERGED,float64,cuda:0
forward,1,319,9.180690576197882e-07,True,CONVERGED,float64,cuda:0
forward,2,318,9.755332922885126e-07,True,CONVERGED,float64,cuda:0
adjoint,0,300,9.852936269357949e-07,True,CONVERGED,float64,cuda:0
adjoint,1,316,9.110847283831554e-07,True,CONVERGED,float64,cuda:0
adjoint,2,319,8.877405506942214e-07,True,CONVERGED,float64,cuda:0
forward,0,324,9.70240496954829e-07,True,CONVERGED,float64,cuda:0
forward,1,317,9.285491910551263e-07,True,CONVERGED,float64,cuda:0
forward,2,327,9.6112771466902e-07,True,CONVERGED,float64,cuda:0
adjoint,0,321,9.824493060795193e-07,True,CONVERGED,float64,cuda:0
adjoint,1,330,9.738255255490318e-07,True,CONVERGED,float64,cuda:0
adjoint,2,332,9.178469058919455e-07,True,CONVERGED,float64,cuda:0
forward,0,322,9.85117023940002e-07,True,CONVERGED,float64,cuda:0
forward,1,315,9.77239179850007e-07,True,CONVERGED,float64,cuda:0
forward,2,311,9.928524586026309e-07,True,CONVERGED,float64,cuda:0
adjoint,0,321,9.125712843323175e-07,True,CONVERGED,float64,cuda:0
adjoint,1,329,9.352211620540207e-07,True,CONVERGED,float64,cuda:0
adjoint,2,331,9.524582422817554e-07,True,CONVERGED,float64,cuda:0
forward,0,324,9.717882976882424e-07,True,CONVERGED,float64,cuda:0
forward,1,316,9.069491145047958e-07,True,CONVERGED,float64,cuda:0
forward,2,322,9.85942917815901e-07,True,CONVERGED,float64,cuda:0
adjoint,0,324,8.453878901522176e-07,True,CONVERGED,float64,cuda:0
adjoint,1,317,9.727399729325496e-07,True,CONVERGED,float64,cuda:0
adjoint,2,324,9.973098209944254e-07,True,CONVERGED,float64,cuda:0
forward,0,328,9.831124208899412e-07,True,CONVERGED,float64,cuda:0
forward,1,312,9.94023602314712e-07,True,CONVERGED,float64,cuda:0
forward,2,328,9.95584644280978e-07,True,CONVERGED,float64,cuda:0
adjoint,0,323,9.943909989943111e-07,True,CONVERGED,float64,cuda:0
adjoint,1,325,9.212548766939211e-07,True,CONVERGED,float64,cuda:0
adjoint,2,328,8.946566100492059e-07,True,CONVERGED,float64,cuda:0
forward,0,328,9.107616815060327e-07,True,CONVERGED,float64,cuda:0
forward,1,319,9.771454544480271e-07,True,CONVERGED,float64,cuda:0
forward,2,331,9.097429525151262e-07,True,CONVERGED,float64,cuda:0
adjoint,0,324,9.429245329187703e-07,True,CONVERGED,float64,cuda:0
adjoint,1,328,9.347931629955681e-07,True,CONVERGED,float64,cuda:0
adjoint,2,327,9.49344466884058e-07,True,CONVERGED,float64,cuda:0
forward,0,327,9.562766021019433e-07,True,CONVERGED,float64,cuda:0
forward,1,312,9.253605780241326e-07,True,CONVERGED,float64,cuda:0
forward,2,331,9.443718746293411e-07,True,CONVERGED,float64,cuda:0
adjoint,0,326,8.76840531419524e-07,True,CONVERGED,float64,cuda:0
adjoint,1,331,9.141517543969016e-07,True,CONVERGED,float64,cuda:0
adjoint,2,330,9.572285837854705e-07,True,CONVERGED,float64,cuda:0
forward,0,331,9.641571469921233e-07,True,CONVERGED,float64,cuda:0
forward,1,329,9.859697071259372e-07,True,CONVERGED,float64,cuda:0
forward,2,331,9.65081384030963e-07,True,CONVERGED,float64,cuda:0
adjoint,0,329,9.41729268749744e-07,True,CONVERGED,float64,cuda:0
adjoint,1,330,9.83079516475459e-07,True,CONVERGED,float64,cuda:0
adjoint,2,331,9.398712883925473e-07,True,CONVERGED,float64,cuda:0
forward,0,330,8.738021632947704e-07,True,CONVERGED,float64,cuda:0
forward,1,326,9.501212569436135e-07,True,CONVERGED,float64,cuda:0
forward,2,335,9.223002743322336e-07,True,CONVERGED,float64,cuda:0
adjoint,0,323,9.289055627830745e-07,True,CONVERGED,float64,cuda:0
adjoint,1,323,9.663739739515893e-07,True,CONVERGED,float64,cuda:0
adjoint,2,326,9.69441768986223e-07,True,CONVERGED,float64,cuda:0
forward,0,334,9.560445979516154e-07,True,CONVERGED,float64,cuda:0
forward,1,337,9.330613741663157e-07,True,CONVERGED,float64,cuda:0
forward,2,325,9.182902185116496e-07,True,CONVERGED,float64,cuda:0
adjoint,0,326,9.841336493500372e-07,True,CONVERGED,float64,cuda:0
adjoint,1,329,9.559224740795396e-07,True,CONVERGED,float64,cuda:0
adjoint,2,328,9.382902540717997e-07,True,CONVERGED,float64,cuda:0
forward,0,334,9.661666435443002e-07,True,CONVERGED,float64,cuda:0
forward,1,338,9.992170441971784e-07,True,CONVERGED,float64,cuda:0
forward,2,330,9.784912322317569e-07,True,CONVERGED,float64,cuda:0
adjoint,0,335,9.408334815447265e-07,True,CONVERGED,float64,cuda:0
adjoint,1,332,9.328695989502748e-07,True,CONVERGED,float64,cuda:0
adjoint,2,329,9.433699610010482e-07,True,CONVERGED,float64,cuda:0
forward,0,337,9.024779682275781e-07,True,CONVERGED,float64,cuda:0
forward,1,331,9.8376258805697e-07,True,CONVERGED,float64,cuda:0
forward,2,335,9.310613674118108e-07,True,CONVERGED,float64,cuda:0
adjoint,0,340,9.977042500087193e-07,True,CONVERGED,float64,cuda:0
adjoint,1,322,9.991710157228097e-07,True,CONVERGED,float64,cuda:0
adjoint,2,332,8.950424912101604e-07,True,CONVERGED,float64,cuda:0
forward,0,334,9.115094428477394e-07,True,CONVERGED,float64,cuda:0
forward,1,326,9.203063018103043e-07,True,CONVERGED,float64,cuda:0
forward,2,334,8.908988808457682e-07,True,CONVERGED,float64,cuda:0
adjoint,0,330,9.75697394079768e-07,True,CONVERGED,float64,cuda:0
adjoint,1,327,9.946005646732966e-07,True,CONVERGED,float64,cuda:0
adjoint,2,333,9.440637460086553e-07,True,CONVERGED,float64,cuda:0
forward,0,336,9.583557540913335e-07,True,CONVERGED,float64,cuda:0
forward,1,340,9.161312902941034e-07,True,CONVERGED,float64,cuda:0
forward,2,334,9.331147679705802e-07,True,CONVERGED,float64,cuda:0
adjoint,0,337,9.230376383194508e-07,True,CONVERGED,float64,cuda:0
adjoint,1,335,9.997614134831968e-07,True,CONVERGED,float64,cuda:0
adjoint,2,342,9.399558530530867e-07,True,CONVERGED,float64,cuda:0
forward,0,336,9.807269635877912e-07,True,CONVERGED,float64,cuda:0
forward,1,337,9.024419475316151e-07,True,CONVERGED,float64,cuda:0
forward,2,333,8.94037661172436e-07,True,CONVERGED,float64,cuda:0
adjoint,0,332,9.841132791849994e-07,True,CONVERGED,float64,cuda:0
adjoint,1,339,9.878496442220704e-07,True,CONVERGED,float64,cuda:0
adjoint,2,329,9.296330771070554e-07,True,CONVERGED,float64,cuda:0
forward,0,336,9.887944614636253e-07,True,CONVERGED,float64,cuda:0
forward,1,329,9.743839214953793e-07,True,CONVERGED,float64,cuda:0
forward,2,329,9.798746392394843e-07,True,CONVERGED,float64,cuda:0
adjoint,0,341,9.951826631464208e-07,True,CONVERGED,float64,cuda:0
adjoint,1,339,9.884370967710194e-07,True,CONVERGED,float64,cuda:0
adjoint,2,333,9.244641509158065e-07,True,CONVERGED,float64,cuda:0
forward,0,334,9.745134751532594e-07,True,CONVERGED,float64,cuda:0
forward,1,336,9.64467067578349e-07,True,CONVERGED,float64,cuda:0
forward,2,331,9.518223138701516e-07,True,CONVERGED,float64,cuda:0
adjoint,0,339,9.945020337746479e-07,True,CONVERGED,float64,cuda:0
adjoint,1,336,9.615066523245957e-07,True,CONVERGED,float64,cuda:0
adjoint,2,327,9.994648963825928e-07,True,CONVERGED,float64,cuda:0
forward,0,338,9.611166161757178e-07,True,CONVERGED,float64,cuda:0
forward,1,342,9.644765048772745e-07,True,CONVERGED,float64,cuda:0
forward,2,339,9.757919416388773e-07,True,CONVERGED,float64,cuda:0
adjoint,0,344,9.547235238122375e-07,True,CONVERGED,float64,cuda:0
adjoint,1,338,9.342120201375015e-07,True,CONVERGED,float64,cuda:0
adjoint,2,344,9.52007943240244e-07,True,CONVERGED,float64,cuda:0
forward,0,336,9.682071486380756e-07,True,CONVERGED,float64,cuda:0
forward,1,332,8.905913553051857e-07,True,CONVERGED,float64,cuda:0
forward,2,342,9.582885741710293e-07,True,CONVERGED,float64,cuda:0
adjoint,0,343,8.78365199803582e-07,True,CONVERGED,float64,cuda:0
adjoint,1,342,9.66762313449883e-07,True,CONVERGED,float64,cuda:0
adjoint,2,341,9.484471463900269e-07,True,CONVERGED,float64,cuda:0
forward,0,336,9.737757211779377e-07,True,CONVERGED,float64,cuda:0
forward,1,341,8.967223238152796e-07,True,CONVERGED,float64,cuda:0
forward,2,339,9.022572328232863e-07,True,CONVERGED,float64,cuda:0
adjoint,0,341,9.948200785568549e-07,True,CONVERGED,float64,cuda:0
adjoint,1,336,9.457022255122582e-07,True,CONVERGED,float64,cuda:0
adjoint,2,342,9.35136756068415e-07,True,CONVERGED,float64,cuda:0
forward,0,335,9.52013110743384e-07,True,CONVERGED,float64,cuda:0
forward,1,336,9.73292812776546e-07,True,CONVERGED,float64,cuda:0
forward,2,336,9.997769182267167e-07,True,CONVERGED,float64,cuda:0
adjoint,0,334,9.72690037448442e-07,True,CONVERGED,float64,cuda:0
adjoint,1,324,9.878557400323989e-07,True,CONVERGED,float64,cuda:0
adjoint,2,334,9.648920285159423e-07,True,CONVERGED,float64,cuda:0
forward,0,336,8.45137306619218e-07,True,CONVERGED,float64,cuda:0
forward,1,340,9.282740912056268e-07,True,CONVERGED,float64,cuda:0
forward,2,339,9.610384963308884e-07,True,CONVERGED,float64,cuda:0
adjoint,0,340,9.322004161378821e-07,True,CONVERGED,float64,cuda:0
adjoint,1,336,9.917421890669457e-07,True,CONVERGED,float64,cuda:0
adjoint,2,329,9.952128470294968e-07,True,CONVERGED,float64,cuda:0
forward,0,333,9.789550462213622e-07,True,CONVERGED,float64,cuda:0
forward,1,338,9.43501202334295e-07,True,CONVERGED,float64,cuda:0
forward,2,343,9.978591762762095e-07,True,CONVERGED,float64,cuda:0
adjoint,0,331,9.93568357767926e-07,True,CONVERGED,float64,cuda:0
adjoint,1,338,8.816113997347853e-07,True,CONVERGED,float64,cuda:0
adjoint,2,342,9.801918772292548e-07,True,CONVERGED,float64,cuda:0
forward,0,337,9.888887546086805e-07,True,CONVERGED,float64,cuda:0
forward,1,343,9.751467451491733e-07,True,CONVERGED,float64,cuda:0
forward,2,345,9.465727081940969e-07,True,CONVERGED,float64,cuda:0
adjoint,0,334,9.642018437037017e-07,True,CONVERGED,float64,cuda:0
adjoint,1,339,9.74699136153869e-07,True,CONVERGED,float64,cuda:0
adjoint,2,344,9.770709725325562e-07,True,CONVERGED,float64,cuda:0
forward,0,352,9.344478346807272e-07,True,CONVERGED,float64,cuda:0
forward,1,347,8.933560047115125e-07,True,CONVERGED,float64,cuda:0
forward,2,349,9.76892377279862e-07,True,CONVERGED,float64,cuda:0
adjoint,0,349,9.927573360277512e-07,True,CONVERGED,float64,cuda:0
adjoint,1,349,9.309292020343918e-07,True,CONVERGED,float64,cuda:0
adjoint,2,348,9.013084809951357e-07,True,CONVERGED,float64,cuda:0
forward,0,340,9.923103823417797e-07,True,CONVERGED,float64,cuda:0
forward,1,338,9.922030489750826e-07,True,CONVERGED,float64,cuda:0
forward,2,349,9.609687379658886e-07,True,CONVERGED,float64,cuda:0
adjoint,0,338,9.923318367094023e-07,True,CONVERGED,float64,cuda:0
adjoint,1,340,9.079306785824417e-07,True,CONVERGED,float64,cuda:0
adjoint,2,349,9.576554307633745e-07,True,CONVERGED,float64,cuda:0
forward,0,338,9.195421763535185e-07,True,CONVERGED,float64,cuda:0
forward,1,342,8.840406476781696e-07,True,CONVERGED,float64,cuda:0
forward,2,345,9.360425023747469e-07,True,CONVERGED,float64,cuda:0
adjoint,0,348,9.565092258020603e-07,True,CONVERGED,float64,cuda:0
adjoint,1,339,9.145011686266813e-07,True,CONVERGED,float64,cuda:0
adjoint,2,346,9.978826449934298e-07,True,CONVERGED,float64,cuda:0
forward,0,338,9.703021007243642e-07,True,CONVERGED,float64,cuda:0
forward,1,341,9.62480590088375e-07,True,CONVERGED,float64,cuda:0
forward,2,345,9.496514755362278e-07,True,CONVERGED,float64,cuda:0
adjoint,0,349,9.41857593172166e-07,True,CONVERGED,float64,cuda:0
adjoint,1,334,9.8604967032891e-07,True,CONVERGED,float64,cuda:0
adjoint,2,347,9.65340940723462e-07,True,CONVERGED,float64,cuda:0
forward,0,340,9.519308591727553e-07,True,CONVERGED,float64,cuda:0
forward,1,342,9.549717753376567e-07,True,CONVERGED,float64,cuda:0
forward,2,346,9.980566889130476e-07,True,CONVERGED,float64,cuda:0
adjoint,0,350,9.935304902387425e-07,True,CONVERGED,float64,cuda:0
adjoint,1,338,8.935100143679093e-07,True,CONVERGED,float64,cuda:0
adjoint,2,348,9.4846051829373e-07,True,CONVERGED,float64,cuda:0
forward,0,348,9.492129614187606e-07,True,CONVERGED,float64,cuda:0
forward,1,347,9.078494809076098e-07,True,CONVERGED,float64,cuda:0
forward,2,353,9.883562943848513e-07,True,CONVERGED,float64,cuda:0
adjoint,0,338,9.39382865873102e-07,True,CONVERGED,float64,cuda:0
adjoint,1,338,9.803822126155992e-07,True,CONVERGED,float64,cuda:0
adjoint,2,351,9.339269421628295e-07,True,CONVERGED,float64,cuda:0
forward,0,338,9.886509232789236e-07,True,CONVERGED,float64,cuda:0
forward,1,344,9.077687830769301e-07,True,CONVERGED,float64,cuda:0
forward,2,347,9.251170784887471e-07,True,CONVERGED,float64,cuda:0
adjoint,0,348,9.83471017251016e-07,True,CONVERGED,float64,cuda:0
adjoint,1,340,9.276694789436315e-07,True,CONVERGED,float64,cuda:0
adjoint,2,347,9.58592823687659e-07,True,CONVERGED,float64,cuda:0
forward,0,336,9.829695502557676e-07,True,CONVERGED,float64,cuda:0
forward,1,343,9.163624253626667e-07,True,CONVERGED,float64,cuda:0
forward,2,347,8.885862040697713e-07,True,CONVERGED,float64,cuda:0
adjoint,0,347,9.826187034193543e-07,True,CONVERGED,float64,cuda:0
adjoint,1,342,9.7448484275032e-07,True,CONVERGED,float64,cuda:0
adjoint,2,347,9.190348524142021e-07,True,CONVERGED,float64,cuda:0
forward,0,339,9.949692737756474e-07,True,CONVERGED,float64,cuda:0
forward,1,345,8.372674907926486e-07,True,CONVERGED,float64,cuda:0
forward,2,346,9.95544516036919e-07,True,CONVERGED,float64,cuda:0
adjoint,0,343,9.645926357168341e-07,True,CONVERGED,float64,cuda:0
adjoint,1,342,9.65705996619202e-07,True,CONVERGED,float64,cuda:0
adjoint,2,348,8.853660028636507e-07,True,CONVERGED,float64,cuda:0
forward,0,332,9.993448339785223e-07,True,CONVERGED,float64,cuda:0
forward,1,345,9.65781184969156e-07,True,CONVERGED,float64,cuda:0
forward,2,341,8.948384239390701e-07,True,CONVERGED,float64,cuda:0
adjoint,0,340,9.80891495672037e-07,True,CONVERGED,float64,cuda:0
adjoint,1,342,9.780201389574814e-07,True,CONVERGED,float64,cuda:0
adjoint,2,346,9.600427778913169e-07,True,CONVERGED,float64,cuda:0
forward,0,320,9.493190577242933e-07,True,CONVERGED,float64,cuda:0
forward,1,345,8.990050946050023e-07,True,CONVERGED,float64,cuda:0
forward,2,341,9.866357402939033e-07,True,CONVERGED,float64,cuda:0
adjoint,0,342,8.706894824119234e-07,True,CONVERGED,float64,cuda:0
adjoint,1,342,9.386251156106658e-07,True,CONVERGED,float64,cuda:0
adjoint,2,347,9.60370548480684e-07,True,CONVERGED,float64,cuda:0
forward,0,323,9.040264645646026e-07,True,CONVERGED,float64,cuda:0
forward,1,345,8.985100312877799e-07,True,CONVERGED,float64,cuda:0
forward,2,341,9.70996684886698e-07,True,CONVERGED,float64,cuda:0
adjoint,0,341,9.142185357290983e-07,True,CONVERGED,float64,cuda:0
adjoint,1,342,9.898221992323886e-07,True,CONVERGED,float64,cuda:0
adjoint,2,347,9.562779986797095e-07,True,CONVERGED,float64,cuda:0
forward,0,340,9.126856454952347e-07,True,CONVERGED,float64,cuda:0
forward,1,345,9.327454042190368e-07,True,CONVERGED,float64,cuda:0
forward,2,341,9.328128106533016e-07,True,CONVERGED,float64,cuda:0
adjoint,0,339,9.742347455362628e-07,True,CONVERGED,float64,cuda:0
adjoint,1,342,8.763861757033736e-07,True,CONVERGED,float64,cuda:0
adjoint,2,345,9.65577154029284e-07,True,CONVERGED,float64,cuda:0
forward,0,340,9.423931940292657e-07,True,CONVERGED,float64,cuda:0
forward,1,345,9.760437992257612e-07,True,CONVERGED,float64,cuda:0
forward,2,341,9.662444038438432e-07,True,CONVERGED,float64,cuda:0
adjoint,0,339,9.584461812187483e-07,True,CONVERGED,float64,cuda:0
adjoint,1,342,9.510002505420198e-07,True,CONVERGED,float64,cuda:0
adjoint,2,346,9.468600026598485e-07,True,CONVERGED,float64,cuda:0
forward,0,320,9.60051062821769e-07,True,CONVERGED,float64,cuda:0
forward,1,345,9.959647995851308e-07,True,CONVERGED,float64,cuda:0
forward,2,340,9.92723816284499e-07,True,CONVERGED,float64,cuda:0
adjoint,0,340,9.615476064073563e-07,True,CONVERGED,float64,cuda:0
adjoint,1,343,9.928268349572141e-07,True,CONVERGED,float64,cuda:0
adjoint,2,348,9.300226236341647e-07,True,CONVERGED,float64,cuda:0
forward,0,325,9.462828791851017e-07,True,CONVERGED,float64,cuda:0
forward,1,346,9.040457256069276e-07,True,CONVERGED,float64,cuda:0
forward,2,341,9.475357599527789e-07,True,CONVERGED,float64,cuda:0
adjoint,0,340,9.957656353495373e-07,True,CONVERGED,float64,cuda:0
adjoint,1,344,9.165187843618104e-07,True,CONVERGED,float64,cuda:0
adjoint,2,348,9.473037760123081e-07,True,CONVERGED,float64,cuda:0
forward,0,321,9.346885651326454e-07,True,CONVERGED,float64,cuda:0
forward,1,347,8.918165915445809e-07,True,CONVERGED,float64,cuda:0
forward,2,341,9.111100336032282e-07,True,CONVERGED,float64,cuda:0
adjoint,0,340,9.695917380217716e-07,True,CONVERGED,float64,cuda:0
adjoint,1,344,8.961590391777427e-07,True,CONVERGED,float64,cuda:0
adjoint,2,349,9.284447495937715e-07,True,CONVERGED,float64,cuda:0
forward,0,340,9.447408957016512e-07,True,CONVERGED,float64,cuda:0
forward,1,347,9.720127269033877e-07,True,CONVERGED,float64,cuda:0
forward,2,343,9.423985805655216e-07,True,CONVERGED,float64,cuda:0
adjoint,0,341,9.014925377659053e-07,True,CONVERGED,float64,cuda:0
adjoint,1,344,9.337097333559068e-07,True,CONVERGED,float64,cuda:0
adjoint,2,349,9.199289836705849e-07,True,CONVERGED,float64,cuda:0
forward,0,324,9.22066435962328e-07,True,CONVERGED,float64,cuda:0
forward,1,345,9.641862990188554e-07,True,CONVERGED,float64,cuda:0
forward,2,344,9.931488004371982e-07,True,CONVERGED,float64,cuda:0
adjoint,0,340,9.66745136135006e-07,True,CONVERGED,float64,cuda:0
adjoint,1,345,9.056883139976671e-07,True,CONVERGED,float64,cuda:0
adjoint,2,348,9.626983106868104e-07,True,CONVERGED,float64,cuda:0
forward,0,324,9.657146325503434e-07,True,CONVERGED,float64,cuda:0
forward,1,345,9.287020836511254e-07,True,CONVERGED,float64,cuda:0
forward,2,346,9.709245367190346e-07,True,CONVERGED,float64,cuda:0
adjoint,0,340,9.326221051251876e-07,True,CONVERGED,float64,cuda:0
adjoint,1,344,9.956291062031775e-07,True,CONVERGED,float64,cuda:0
adjoint,2,348,9.407641178651936e-07,True,CONVERGED,float64,cuda:0
forward,0,324,9.205162421394863e-07,True,CONVERGED,float64,cuda:0
forward,1,345,9.087418941678927e-07,True,CONVERGED,float64,cuda:0
forward,2,346,9.562820827528582e-07,True,CONVERGED,float64,cuda:0
adjoint,0,340,9.271850374752476e-07,True,CONVERGED,float64,cuda:0
adjoint,1,344,9.940405268511984e-07,True,CONVERGED,float64,cuda:0
adjoint,2,348,9.416857585115715e-07,True,CONVERGED,float64,cuda:0
forward,0,335,9.544901843757147e-07,True,CONVERGED,float64,cuda:0
forward,1,345,9.840693664187666e-07,True,CONVERGED,float64,cuda:0
forward,2,342,9.964017335036008e-07,True,CONVERGED,float64,cuda:0
adjoint,0,339,9.492628610472647e-07,True,CONVERGED,float64,cuda:0
adjoint,1,345,9.389435584680091e-07,True,CONVERGED,float64,cuda:0
adjoint,2,348,9.390567624417916e-07,True,CONVERGED,float64,cuda:0
forward,0,321,9.664300510380466e-07,True,CONVERGED,float64,cuda:0
forward,1,347,8.981267617744472e-07,True,CONVERGED,float64,cuda:0
forward,2,339,9.81689173789487e-07,True,CONVERGED,float64,cuda:0
adjoint,0,341,9.182418446789216e-07,True,CONVERGED,float64,cuda:0
adjoint,1,344,9.89915827486098e-07,True,CONVERGED,float64,cuda:0
adjoint,2,348,9.903590270536398e-07,True,CONVERGED,float64,cuda:0
forward,0,321,9.408455263135001e-07,True,CONVERGED,float64,cuda:0
forward,1,348,9.272302025784942e-07,True,CONVERGED,float64,cuda:0
forward,2,340,9.327835972489421e-07,True,CONVERGED,float64,cuda:0
adjoint,0,341,9.733715103213673e-07,True,CONVERGED,float64,cuda:0
adjoint,1,345,9.828713814403148e-07,True,CONVERGED,float64,cuda:0
adjoint,2,350,8.669530468414538e-07,True,CONVERGED,float64,cuda:0
forward,0,337,9.510630653907772e-07,True,CONVERGED,float64,cuda:0
forward,1,347,9.269601054995054e-07,True,CONVERGED,float64,cuda:0
forward,2,340,8.886070001380544e-07,True,CONVERGED,float64,cuda:0
adjoint,0,338,9.930103358753003e-07,True,CONVERGED,float64,cuda:0
adjoint,1,344,9.951595427767836e-07,True,CONVERGED,float64,cuda:0
adjoint,2,348,9.726554189859522e-07,True,CONVERGED,float64,cuda:0
forward,0,336,8.862752197355375e-07,True,CONVERGED,float64,cuda:0
forward,1,345,9.556339578074876e-07,True,CONVERGED,float64,cuda:0
forward,2,341,9.551358511058701e-07,True,CONVERGED,float64,cuda:0
adjoint,0,328,9.79115336385221e-07,True,CONVERGED,float64,cuda:0
adjoint,1,344,9.626782718236493e-07,True,CONVERGED,float64,cuda:0
adjoint,2,348,9.168460806619259e-07,True,CONVERGED,float64,cuda:0
forward,0,336,9.16504008647677e-07,True,CONVERGED,float64,cuda:0
forward,1,345,9.646587384623598e-07,True,CONVERGED,float64,cuda:0
forward,2,341,9.826352696147863e-07,True,CONVERGED,float64,cuda:0
adjoint,0,339,9.617085873522951e-07,True,CONVERGED,float64,cuda:0
adjoint,1,344,9.520294627739661e-07,True,CONVERGED,float64,cuda:0
adjoint,2,348,9.196377652992164e-07,True,CONVERGED,float64,cuda:0
forward,0,337,9.83631682356569e-07,True,CONVERGED,float64,cuda:0
forward,1,347,9.210663095661119e-07,True,CONVERGED,float64,cuda:0
forward,2,340,9.387970387348977e-07,True,CONVERGED,float64,cuda:0
adjoint,0,339,9.81491845391451e-07,True,CONVERGED,float64,cuda:0
adjoint,1,344,9.95262635038995e-07,True,CONVERGED,float64,cuda:0
adjoint,2,348,9.614553391313798e-07,True,CONVERGED,float64,cuda:0
forward,0,339,9.789952725216705e-07,True,CONVERGED,float64,cuda:0
forward,1,347,9.899525292042015e-07,True,CONVERGED,float64,cuda:0
forward,2,340,9.07814694675529e-07,True,CONVERGED,float64,cuda:0
adjoint,0,336,8.980394731600792e-07,True,CONVERGED,float64,cuda:0
adjoint,1,345,9.747744364582594e-07,True,CONVERGED,float64,cuda:0
adjoint,2,348,9.896944200666686e-07,True,CONVERGED,float64,cuda:0
forward,0,339,9.631997626490078e-07,True,CONVERGED,float64,cuda:0
forward,1,348,9.361408441796242e-07,True,CONVERGED,float64,cuda:0
forward,2,340,9.798785035569517e-07,True,CONVERGED,float64,cuda:0
adjoint,0,340,9.763824764406694e-07,True,CONVERGED,float64,cuda:0
adjoint,1,346,8.953377886871682e-07,True,CONVERGED,float64,cuda:0
adjoint,2,349,9.80283064321215e-07,True,CONVERGED,float64,cuda:0
forward,0,339,9.451190303198272e-07,True,CONVERGED,float64,cuda:0
forward,1,348,8.926555689297253e-07,True,CONVERGED,float64,cuda:0
forward,2,340,9.084677308627944e-07,True,CONVERGED,float64,cuda:0
adjoint,0,337,9.528715916717684e-07,True,CONVERGED,float64,cuda:0
adjoint,1,345,9.72057306991544e-07,True,CONVERGED,float64,cuda:0
adjoint,2,348,9.95015178122789e-07,True,CONVERGED,float64,cuda:0
forward,0,337,9.899829700257186e-07,True,CONVERGED,float64,cuda:0
forward,1,347,9.829728193411757e-07,True,CONVERGED,float64,cuda:0
forward,2,339,9.695430423107705e-07,True,CONVERGED,float64,cuda:0
adjoint,0,340,9.732120995525196e-07,True,CONVERGED,float64,cuda:0
adjoint,1,345,9.470237959838779e-07,True,CONVERGED,float64,cuda:0
adjoint,2,348,9.945587481378597e-07,True,CONVERGED,float64,cuda:0
forward,0,337,9.554046840713797e-07,True,CONVERGED,float64,cuda:0
forward,1,347,9.728212732213911e-07,True,CONVERGED,float64,cuda:0
forward,2,339,9.474122318308021e-07,True,CONVERGED,float64,cuda:0
adjoint,0,340,9.475035159916571e-07,True,CONVERGED,float64,cuda:0
adjoint,1,344,9.751403308187306e-07,True,CONVERGED,float64,cuda:0
adjoint,2,348,9.865324440018956e-07,True,CONVERGED,float64,cuda:0
forward,0,338,9.24389425946892e-07,True,CONVERGED,float64,cuda:0
forward,1,347,9.93138189027242e-07,True,CONVERGED,float64,cuda:0
forward,2,339,9.386202256495725e-07,True,CONVERGED,float64,cuda:0
adjoint,0,340,9.274591518064728e-07,True,CONVERGED,float64,cuda:0
adjoint,1,344,9.518183441925668e-07,True,CONVERGED,float64,cuda:0
adjoint,2,348,9.568453341344057e-07,True,CONVERGED,float64,cuda:0
forward,0,338,9.777937103717452e-07,True,CONVERGED,float64,cuda:0
forward,1,347,9.576180062742026e-07,True,CONVERGED,float64,cuda:0
forward,2,339,9.261621049145072e-07,True,CONVERGED,float64,cuda:0
adjoint,0,337,9.384581713374248e-07,True,CONVERGED,float64,cuda:0
adjoint,1,344,9.272591226620849e-07,True,CONVERGED,float64,cuda:0
adjoint,2,348,9.365913255155161e-07,True,CONVERGED,float64,cuda:0
forward,0,336,9.336842117271398e-07,True,CONVERGED,float64,cuda:0
forward,1,346,9.941974540380928e-07,True,CONVERGED,float64,cuda:0
forward,2,339,9.228622895918625e-07,True,CONVERGED,float64,cuda:0
adjoint,0,338,9.54229516447704e-07,True,CONVERGED,float64,cuda:0
adjoint,1,343,9.94192677872505e-07,True,CONVERGED,float64,cuda:0
adjoint,2,349,8.763451838609821e-07,True,CONVERGED,float64,cuda:0
forward,0,338,9.140796264764538e-07,True,CONVERGED,float64,cuda:0
forward,1,346,9.778500730667153e-07,True,CONVERGED,float64,cuda:0
forward,2,339,9.893573520781177e-07,True,CONVERGED,float64,cuda:0
adjoint,0,330,9.897379225234182e-07,True,CONVERGED,float64,cuda:0
adjoint,1,343,9.7472051623007e-07,True,CONVERGED,float64,cuda:0
adjoint,2,348,8.88602174782424e-07,True,CONVERGED,float64,cuda:0
forward,0,338,9.510689687106725e-07,True,CONVERGED,float64,cuda:0
forward,1,346,9.326857407880312e-07,True,CONVERGED,float64,cuda:0
forward,2,340,9.104484286210688e-07,True,CONVERGED,float64,cuda:0
adjoint,0,335,9.52823843063393e-07,True,CONVERGED,float64,cuda:0
adjoint,1,343,9.593936221239036e-07,True,CONVERGED,float64,cuda:0
adjoint,2,347,9.974306948116796e-07,True,CONVERGED,float64,cuda:0
forward,0,336,9.582753977151345e-07,True,CONVERGED,float64,cuda:0
forward,1,345,9.794467297128347e-07,True,CONVERGED,float64,cuda:0
forward,2,338,9.956973241318308e-07,True,CONVERGED,float64,cuda:0
adjoint,0,338,9.662315773884356e-07,True,CONVERGED,float64,cuda:0
adjoint,1,343,9.966651578121168e-07,True,CONVERGED,float64,cuda:0
adjoint,2,348,9.113790533108611e-07,True,CONVERGED,float64,cuda:0
forward,0,322,9.995421285715048e-07,True,CONVERGED,float64,cuda:0
forward,1,345,9.71611984069838e-07,True,CONVERGED,float64,cuda:0
forward,2,339,9.596755777135568e-07,True,CONVERGED,float64,cuda:0
adjoint,0,337,9.718770174352137e-07,True,CONVERGED,float64,cuda:0
adjoint,1,343,9.786416826452225e-07,True,CONVERGED,float64,cuda:0
adjoint,2,347,9.739465849080262e-07,True,CONVERGED,float64,cuda:0
forward,0,326,9.848868436229081e-07,True,CONVERGED,float64,cuda:0
forward,1,345,9.453410017049045e-07,True,CONVERGED,float64,cuda:0
forward,2,340,9.368548777547247e-07,True,CONVERGED,float64,cuda:0
adjoint,0,338,9.813177165929492e-07,True,CONVERGED,float64,cuda:0
adjoint,1,343,9.764754089649861e-07,True,CONVERGED,float64,cuda:0
adjoint,2,347,9.662704280696634e-07,True,CONVERGED,float64,cuda:0
forward,0,325,9.534297896782233e-07,True,CONVERGED,float64,cuda:0
forward,1,345,9.328783615606404e-07,True,CONVERGED,float64,cuda:0
forward,2,340,9.861513506137219e-07,True,CONVERGED,float64,cuda:0
adjoint,0,338,9.451296581553198e-07,True,CONVERGED,float64,cuda:0
adjoint,1,343,9.94865960503747e-07,True,CONVERGED,float64,cuda:0
adjoint,2,347,9.673728692199188e-07,True,CONVERGED,float64,cuda:0
forward,0,335,9.616298393884582e-07,True,CONVERGED,float64,cuda:0
forward,1,345,9.341492694801704e-07,True,CONVERGED,float64,cuda:0
forward,2,339,9.22756980477717e-07,True,CONVERGED,float64,cuda:0
adjoint,0,338,9.775010808351144e-07,True,CONVERGED,float64,cuda:0
adjoint,1,343,9.759196294845842e-07,True,CONVERGED,float64,cuda:0
adjoint,2,347,9.582736305282509e-07,True,CONVERGED,float64,cuda:0
forward,0,332,9.829244952061786e-07,True,CONVERGED,float64,cuda:0
forward,1,345,9.328213305617343e-07,True,CONVERGED,float64,cuda:0
forward,2,340,9.457622594321239e-07,True,CONVERGED,float64,cuda:0
adjoint,0,337,9.729555780044245e-07,True,CONVERGED,float64,cuda:0
adjoint,1,343,9.924682420995078e-07,True,CONVERGED,float64,cuda:0
adjoint,2,346,9.795209374205135e-07,True,CONVERGED,float64,cuda:0
forward,0,336,9.288506205567027e-07,True,CONVERGED,float64,cuda:0
forward,1,345,9.536167301590013e-07,True,CONVERGED,float64,cuda:0
forward,2,339,9.801018223297963e-07,True,CONVERGED,float64,cuda:0
adjoint,0,338,9.632608231360035e-07,True,CONVERGED,float64,cuda:0
adjoint,1,343,9.79248480078315e-07,True,CONVERGED,float64,cuda:0
adjoint,2,347,9.208507719568859e-07,True,CONVERGED,float64,cuda:0
forward,0,337,9.74814259003143e-07,True,CONVERGED,float64,cuda:0
forward,1,344,9.97404115498535e-07,True,CONVERGED,float64,cuda:0
forward,2,339,9.036110843361921e-07,True,CONVERGED,float64,cuda:0
adjoint,0,339,9.719012593727504e-07,True,CONVERGED,float64,cuda:0
adjoint,1,343,9.928739926567834e-07,True,CONVERGED,float64,cuda:0
adjoint,2,347,9.548052134305436e-07,True,CONVERGED,float64,cuda:0
forward,0,336,9.159160408799725e-07,True,CONVERGED,float64,cuda:0
forward,1,345,9.347993499922926e-07,True,CONVERGED,float64,cuda:0
forward,2,338,9.968089953746442e-07,True,CONVERGED,float64,cuda:0
adjoint,0,338,9.732411170413518e-07,True,CONVERGED,float64,cuda:0
adjoint,1,343,9.916545914475302e-07,True,CONVERGED,float64,cuda:0
adjoint,2,347,9.49498040647401e-07,True,CONVERGED,float64,cuda:0
forward,0,326,9.573408366081625e-07,True,CONVERGED,float64,cuda:0
forward,1,345,9.55621063756356e-07,True,CONVERGED,float64,cuda:0
forward,2,339,9.16087619281272e-07,True,CONVERGED,float64,cuda:0
adjoint,0,337,9.848204712970702e-07,True,CONVERGED,float64,cuda:0
adjoint,1,343,9.77779793134903e-07,True,CONVERGED,float64,cuda:0
adjoint,2,347,9.840677059773664e-07,True,CONVERGED,float64,cuda:0
forward,0,323,9.172540650863527e-07,True,CONVERGED,float64,cuda:0
forward,1,346,9.012050112276534e-07,True,CONVERGED,float64,cuda:0
forward,2,340,9.027673186073759e-07,True,CONVERGED,float64,cuda:0
adjoint,0,337,9.761721661704905e-07,True,CONVERGED,float64,cuda:0
adjoint,1,343,9.682176316543446e-07,True,CONVERGED,float64,cuda:0
adjoint,2,347,9.848803664811651e-07,True,CONVERGED,float64,cuda:0
forward,0,322,9.968382190632217e-07,True,CONVERGED,float64,cuda:0
forward,1,345,9.989005853132552e-07,True,CONVERGED,float64,cuda:0
forward,2,339,9.186477521090886e-07,True,CONVERGED,float64,cuda:0
adjoint,0,337,9.816477692678132e-07,True,CONVERGED,float64,cuda:0
adjoint,1,343,9.448549014845035e-07,True,CONVERGED,float64,cuda:0
adjoint,2,347,9.851442795337816e-07,True,CONVERGED,float64,cuda:0
forward,0,336,8.937958815674215e-07,True,CONVERGED,float64,cuda:0
forward,1,345,9.503495027876751e-07,True,CONVERGED,float64,cuda:0
forward,2,338,9.589541231000356e-07,True,CONVERGED,float64,cuda:0
adjoint,0,339,9.262161933018709e-07,True,CONVERGED,float64,cuda:0
adjoint,1,343,9.542298548027532e-07,True,CONVERGED,float64,cuda:0
adjoint,2,347,9.621332847695334e-07,True,CONVERGED,float64,cuda:0
forward,0,326,9.550255365221849e-07,True,CONVERGED,float64,cuda:0
forward,1,345,9.728090133145993e-07,True,CONVERGED,float64,cuda:0
forward,2,338,9.737546634386221e-07,True,CONVERGED,float64,cuda:0
adjoint,0,338,9.66219959520644e-07,True,CONVERGED,float64,cuda:0
adjoint,1,343,9.814830015470642e-07,True,CONVERGED,float64,cuda:0
adjoint,2,347,9.619668336978134e-07,True,CONVERGED,float64,cuda:0
forward,0,322,9.163044849433829e-07,True,CONVERGED,float64,cuda:0
forward,1,346,9.044463375104334e-07,True,CONVERGED,float64,cuda:0
forward,2,339,9.932207538391194e-07,True,CONVERGED,float64,cuda:0
adjoint,0,337,9.54248075796888e-07,True,CONVERGED,float64,cuda:0
adjoint,1,343,9.751181519622539e-07,True,CONVERGED,float64,cuda:0
adjoint,2,347,9.909545072760622e-07,True,CONVERGED,float64,cuda:0
forward,0,323,9.583757456593148e-07,True,CONVERGED,float64,cuda:0
forward,1,345,9.566084010189737e-07,True,CONVERGED,float64,cuda:0
forward,2,339,9.464073087361619e-07,True,CONVERGED,float64,cuda:0
adjoint,0,337,9.696562077851763e-07,True,CONVERGED,float64,cuda:0
adjoint,1,343,9.66670634177015e-07,True,CONVERGED,float64,cuda:0
adjoint,2,347,9.6569988149358e-07,True,CONVERGED,float64,cuda:0
forward,0,334,9.73850282432153e-07,True,CONVERGED,float64,cuda:0
forward,1,344,9.965276099194183e-07,True,CONVERGED,float64,cuda:0
forward,2,339,9.0598138550835e-07,True,CONVERGED,float64,cuda:0
adjoint,0,338,9.324209397111175e-07,True,CONVERGED,float64,cuda:0
adjoint,1,343,9.519094468671067e-07,True,CONVERGED,float64,cuda:0
adjoint,2,347,9.179566120233453e-07,True,CONVERGED,float64,cuda:0
forward,0,335,9.588759001789146e-07,True,CONVERGED,float64,cuda:0
forward,1,344,9.788496619993918e-07,True,CONVERGED,float64,cuda:0
forward,2,339,9.321473888506151e-07,True,CONVERGED,float64,cuda:0
adjoint,0,337,9.510139472727032e-07,True,CONVERGED,float64,cuda:0
adjoint,1,343,9.364400533866422e-07,True,CONVERGED,float64,cuda:0
adjoint,2,347,9.362193333294134e-07,True,CONVERGED,float64,cuda:0
forward,0,334,9.849443332373525e-07,True,CONVERGED,float64,cuda:0
forward,1,344,9.680759518532313e-07,True,CONVERGED,float64,cuda:0
forward,2,339,9.891003135112909e-07,True,CONVERGED,float64,cuda:0
adjoint,0,336,9.674307405836478e-07,True,CONVERGED,float64,cuda:0
adjoint,1,343,9.169821500692011e-07,True,CONVERGED,float64,cuda:0
adjoint,2,346,9.91451780634431e-07,True,CONVERGED,float64,cuda:0
forward,0,334,9.631514746646874e-07,True,CONVERGED,float64,cuda:0
forward,1,344,9.528732553731553e-07,True,CONVERGED,float64,cuda:0
forward,2,339,9.576296727822184e-07,True,CONVERGED,float64,cuda:0
adjoint,0,336,9.604489049563956e-07,True,CONVERGED,float64,cuda:0
adjoint,1,343,9.063065182125557e-07,True,CONVERGED,float64,cuda:0
adjoint,2,347,9.391175907331412e-07,True,CONVERGED,float64,cuda:0
forward,0,329,9.760927666235461e-07,True,CONVERGED,float64,cuda:0
forward,1,344,9.734403654256964e-07,True,CONVERGED,float64,cuda:0
forward,2,339,9.136853980368739e-07,True,CONVERGED,float64,cuda:0
adjoint,0,337,9.47689088652917e-07,True,CONVERGED,float64,cuda:0
adjoint,1,343,9.012166708959132e-07,True,CONVERGED,float64,cuda:0
adjoint,2,347,8.980684764960741e-07,True,CONVERGED,float64,cuda:0
forward,0,323,9.617060299765163e-07,True,CONVERGED,float64,cuda:0
forward,1,344,9.56200759188242e-07,True,CONVERGED,float64,cuda:0
forward,2,339,9.269681519990882e-07,True,CONVERGED,float64,cuda:0
adjoint,0,337,8.914302517429776e-07,True,CONVERGED,float64,cuda:0
adjoint,1,342,9.99818464839708e-07,True,CONVERGED,float64,cuda:0
adjoint,2,347,9.22373998578236e-07,True,CONVERGED,float64,cuda:0
forward,0,321,9.835254365237107e-07,True,CONVERGED,float64,cuda:0
forward,1,344,9.589839253205514e-07,True,CONVERGED,float64,cuda:0
forward,2,339,9.917529815794057e-07,True,CONVERGED,float64,cuda:0
adjoint,0,336,9.898692232849776e-07,True,CONVERGED,float64,cuda:0
adjoint,1,343,8.95908560354661e-07,True,CONVERGED,float64,cuda:0
adjoint,2,347,9.265034333328942e-07,True,CONVERGED,float64,cuda:0
forward,0,322,9.037565964543634e-07,True,CONVERGED,float64,cuda:0
forward,1,344,9.56526929318745e-07,True,CONVERGED,float64,cuda:0
forward,2,338,9.9852068551876e-07,True,CONVERGED,float64,cuda:0
adjoint,0,337,8.919982133392212e-07,True,CONVERGED,float64,cuda:0
adjoint,1,342,9.911074041091191e-07,True,CONVERGED,float64,cuda:0
adjoint,2,347,9.239534240420597e-07,True,CONVERGED,float64,cuda:0
forward,0,322,9.356469927852377e-07,True,CONVERGED,float64,cuda:0
forward,1,344,9.707582388809126e-07,True,CONVERGED,float64,cuda:0
forward,2,338,9.93873681161086e-07,True,CONVERGED,float64,cuda:0
adjoint,0,337,9.060845077914158e-07,True,CONVERGED,float64,cuda:0
adjoint,1,342,9.926598703136768e-07,True,CONVERGED,float64,cuda:0
adjoint,2,347,9.272775636721332e-07,True,CONVERGED,float64,cuda:0
forward,0,322,9.318473427364214e-07,True,CONVERGED,float64,cuda:0
forward,1,344,9.642526325577796e-07,True,CONVERGED,float64,cuda:0
forward,2,338,9.995864547222929e-07,True,CONVERGED,float64,cuda:0
adjoint,0,336,9.70392311534206e-07,True,CONVERGED,float64,cuda:0
adjoint,1,342,9.980342637034364e-07,True,CONVERGED,float64,cuda:0
adjoint,2,347,9.553847713942194e-07,True,CONVERGED,float64,cuda:0
forward,0,323,9.172284772370108e-07,True,CONVERGED,float64,cuda:0
forward,1,344,9.699692105965805e-07,True,CONVERGED,float64,cuda:0
forward,2,338,9.899928689382106e-07,True,CONVERGED,float64,cuda:0
adjoint,0,336,9.843371589803802e-07,True,CONVERGED,float64,cuda:0
adjoint,1,342,9.913595641626574e-07,True,CONVERGED,float64,cuda:0
adjoint,2,347,9.71694303552894e-07,True,CONVERGED,float64,cuda:0
forward,0,325,9.543293799209165e-07,True,CONVERGED,float64,cuda:0
forward,1,345,9.292359427263917e-07,True,CONVERGED,float64,cuda:0
forward,2,338,9.993094522567957e-07,True,CONVERGED,float64,cuda:0
adjoint,0,337,9.248130829314118e-07,True,CONVERGED,float64,cuda:0
adjoint,1,342,9.943449888899084e-07,True,CONVERGED,float64,cuda:0
adjoint,2,347,9.685817985095064e-07,True,CONVERGED,float64,cuda:0
forward,0,323,9.316157452610054e-07,True,CONVERGED,float64,cuda:0
forward,1,345,9.286672733508764e-07,True,CONVERGED,float64,cuda:0
forward,2,339,9.448986539828647e-07,True,CONVERGED,float64,cuda:0
adjoint,0,337,9.383905308413594e-07,True,CONVERGED,float64,cuda:0
adjoint,1,342,9.931184902646417e-07,True,CONVERGED,float64,cuda:0
adjoint,2,347,9.64043332963723e-07,True,CONVERGED,float64,cuda:0
forward,0,321,9.8499149655946e-07,True,CONVERGED,float64,cuda:0
forward,1,344,9.990204480314808e-07,True,CONVERGED,float64,cuda:0
forward,2,339,9.726174796302647e-07,True,CONVERGED,float64,cuda:0
adjoint,0,337,9.081194902701862e-07,True,CONVERGED,float64,cuda:0
adjoint,1,342,9.936815734778766e-07,True,CONVERGED,float64,cuda:0
adjoint,2,347,9.711532504771025e-07,True,CONVERGED,float64,cuda:0
forward,0,322,8.943164265022748e-07,True,CONVERGED,float64,cuda:0
forward,1,344,9.976274435453794e-07,True,CONVERGED,float64,cuda:0
forward,2,338,9.884042416722324e-07,True,CONVERGED,float64,cuda:0
adjoint,0,337,9.029180356678005e-07,True,CONVERGED,float64,cuda:0
adjoint,1,342,9.911819300334557e-07,True,CONVERGED,float64,cuda:0
adjoint,2,347,9.705191084274413e-07,True,CONVERGED,float64,cuda:0
forward,0,324,9.129753564160942e-07,True,CONVERGED,float64,cuda:0
forward,1,345,9.430596275074164e-07,True,CONVERGED,float64,cuda:0
forward,2,338,9.68804882109896e-07,True,CONVERGED,float64,cuda:0
adjoint,0,337,9.293253991637515e-07,True,CONVERGED,float64,cuda:0
adjoint,1,342,9.849733659392597e-07,True,CONVERGED,float64,cuda:0
adjoint,2,347,9.68604417052174e-07,True,CONVERGED,float64,cuda:0
forward,0,324,9.133731668455186e-07,True,CONVERGED,float64,cuda:0
forward,1,345,9.414658945283077e-07,True,CONVERGED,float64,cuda:0
forward,2,338,9.55913702469812e-07,True,CONVERGED,float64,cuda:0
adjoint,0,337,9.21529194918611e-07,True,CONVERGED,float64,cuda:0
adjoint,1,342,9.826352512331496e-07,True,CONVERGED,float64,cuda:0
adjoint,2,347,9.65787919744453e-07,True,CONVERGED,float64,cuda:0
forward,0,322,9.217662840955204e-07,True,CONVERGED,float64,cuda:0
forward,1,344,9.936150811127798e-07,True,CONVERGED,float64,cuda:0
forward,2,338,9.577549003013094e-07,True,CONVERGED,float64,cuda:0
adjoint,0,336,9.926083003134571e-07,True,CONVERGED,float64,cuda:0
adjoint,1,342,9.878460090642536e-07,True,CONVERGED,float64,cuda:0
adjoint,2,347,9.55906701686912e-07,True,CONVERGED,float64,cuda:0
forward,0,322,9.187732249877893e-07,True,CONVERGED,float64,cuda:0
forward,1,344,9.91469980147411e-07,True,CONVERGED,float64,cuda:0
forward,2,338,9.54631559848079e-07,True,CONVERGED,float64,cuda:0
adjoint,0,336,9.97498374633373e-07,True,CONVERGED,float64,cuda:0
adjoint,1,342,9.824810935277221e-07,True,CONVERGED,float64,cuda:0
adjoint,2,347,9.48264389863693e-07,True,CONVERGED,float64,cuda:0
forward,0,323,9.680270696986092e-07,True,CONVERGED,float64,cuda:0
forward,1,344,9.875873924252193e-07,True,CONVERGED,float64,cuda:0
forward,2,338,9.463405223225626e-07,True,CONVERGED,float64,cuda:0
adjoint,0,337,9.245300864406824e-07,True,CONVERGED,float64,cuda:0
adjoint,1,342,9.711833115633193e-07,True,CONVERGED,float64,cuda:0
adjoint,2,347,9.437078208853841e-07,True,CONVERGED,float64,cuda:0
forward,0,323,9.886018719208665e-07,True,CONVERGED,float64,cuda:0
forward,1,344,9.83297896652439e-07,True,CONVERGED,float64,cuda:0
forward,2,338,9.376204108675462e-07,True,CONVERGED,float64,cuda:0
adjoint,0,337,9.121469600731014e-07,True,CONVERGED,float64,cuda:0
adjoint,1,342,9.67825910970571e-07,True,CONVERGED,float64,cuda:0
adjoint,2,347,9.468673114385739e-07,True,CONVERGED,float64,cuda:0
forward,0,322,9.747461366123282e-07,True,CONVERGED,float64,cuda:0
forward,1,344,9.764993155545807e-07,True,CONVERGED,float64,cuda:0
forward,2,338,9.372119979887625e-07,True,CONVERGED,float64,cuda:0
adjoint,0,336,9.757149082124415e-07,True,CONVERGED,float64,cuda:0
adjoint,1,342,9.699927400488286e-07,True,CONVERGED,float64,cuda:0
adjoint,2,347,9.490657789305695e-07,True,CONVERGED,float64,cuda:0
forward,0,322,9.582527977174083e-07,True,CONVERGED,float64,cuda:0
forward,1,344,9.752796236370404e-07,True,CONVERGED,float64,cuda:0
forward,2,338,9.377292541035061e-07,True,CONVERGED,float64,cuda:0
adjoint,0,336,9.830027793703778e-07,True,CONVERGED,float64,cuda:0
adjoint,1,342,9.649766089480983e-07,True,CONVERGED,float64,cuda:0
adjoint,2,347,9.462986582693539e-07,True,CONVERGED,float64,cuda:0
forward,0,323,9.62440317215311e-07,True,CONVERGED,float64,cuda:0
forward,1,344,9.783721829765849e-07,True,CONVERGED,float64,cuda:0
forward,2,338,9.36974595720162e-07,True,CONVERGED,float64,cuda:0
adjoint,0,337,9.214728227307459e-07,True,CONVERGED,float64,cuda:0
adjoint,1,342,9.57565217773132e-07,True,CONVERGED,float64,cuda:0
adjoint,2,347,9.425027891813155e-07,True,CONVERGED,float64,cuda:0
forward,0,323,9.66712900656164e-07,True,CONVERGED,float64,cuda:0
forward,1,344,9.798983869473371e-07,True,CONVERGED,float64,cuda:0
forward,2,338,9.275065959150783e-07,True,CONVERGED,float64,cuda:0
adjoint,0,337,9.193344488909357e-07,True,CONVERGED,float64,cuda:0
adjoint,1,342,9.58582390671631e-07,True,CONVERGED,float64,cuda:0
adjoint,2,347,9.459289537686888e-07,True,CONVERGED,float64,cuda:0
forward,0,322,9.787853319543246e-07,True,CONVERGED,float64,cuda:0
forward,1,344,9.807702220657458e-07,True,CONVERGED,float64,cuda:0
forward,2,338,9.192642922272297e-07,True,CONVERGED,float64,cuda:0
adjoint,0,336,9.88161563610329e-07,True,CONVERGED,float64,cuda:0
adjoint,1,342,9.69327021374924e-07,True,CONVERGED,float64,cuda:0
adjoint,2,347,9.510563132293291e-07,True,CONVERGED,float64,cuda:0
forward,0,323,9.21285299280549e-07,True,CONVERGED,float64,cuda:0
forward,1,344,9.833133396453946e-07,True,CONVERGED,float64,cuda:0
forward,2,337,9.9901876438814e-07,True,CONVERGED,float64,cuda:0
adjoint,0,337,9.028319416024116e-07,True,CONVERGED,float64,cuda:0
adjoint,1,342,9.680419654068337e-07,True,CONVERGED,float64,cuda:0
adjoint,2,347,9.519092149788067e-07,True,CONVERGED,float64,cuda:0
forward,0,324,9.498311145884522e-07,True,CONVERGED,float64,cuda:0
forward,1,344,9.882583442587328e-07,True,CONVERGED,float64,cuda:0
forward,2,337,9.969589701786674e-07,True,CONVERGED,float64,cuda:0
adjoint,0,337,9.364555944836405e-07,True,CONVERGED,float64,cuda:0
adjoint,1,342,9.603933738549126e-07,True,CONVERGED,float64,cuda:0
adjoint,2,347,9.500296476203891e-07,True,CONVERGED,float64,cuda:0
forward,0,323,9.298847319301479e-07,True,CONVERGED,float64,cuda:0
forward,1,344,9.86727423811249e-07,True,CONVERGED,float64,cuda:0
forward,2,337,9.92810663553478e-07,True,CONVERGED,float64,cuda:0
adjoint,0,337,9.247722666008898e-07,True,CONVERGED,float64,cuda:0
adjoint,1,342,9.64898926393169e-07,True,CONVERGED,float64,cuda:0
adjoint,2,347,9.500055934385187e-07,True,CONVERGED,float64,cuda:0
forward,0,322,9.799734361900764e-07,True,CONVERGED,float64,cuda:0
forward,1,344,9.833132538330528e-07,True,CONVERGED,float64,cuda:0
forward,2,337,9.894778007185655e-07,True,CONVERGED,float64,cuda:0
adjoint,0,337,9.083805299381544e-07,True,CONVERGED,float64,cuda:0
adjoint,1,342,9.727378853784002e-07,True,CONVERGED,float64,cuda:0
adjoint,2,347,9.518231132953897e-07,True,CONVERGED,float64,cuda:0
forward,0,323,9.825559270699993e-07,True,CONVERGED,float64,cuda:0
forward,1,344,9.790829327599234e-07,True,CONVERGED,float64,cuda:0
forward,2,337,9.808788265408213e-07,True,CONVERGED,float64,cuda:0
adjoint,0,337,9.252074618193305e-07,True,CONVERGED,float64,cuda:0
adjoint,1,342,9.644336801751836e-07,True,CONVERGED,float64,cuda:0
adjoint,2,347,9.508375848583526e-07,True,CONVERGED,float64,cuda:0
forward,0,323,9.993851713816716e-07,True,CONVERGED,float64,cuda:0
forward,1,344,9.77961052232774e-07,True,CONVERGED,float64,cuda:0
forward,2,337,9.796054437009922e-07,True,CONVERGED,float64,cuda:0
adjoint,0,337,9.357274986260531e-07,True,CONVERGED,float64,cuda:0
adjoint,1,342,9.561011768701445e-07,True,CONVERGED,float64,cuda:0
adjoint,2,347,9.447125193441633e-07,True,CONVERGED,float64,cuda:0
forward,0,323,9.122295272776474e-07,True,CONVERGED,float64,cuda:0
forward,1,344,9.710335699412114e-07,True,CONVERGED,float64,cuda:0
forward,2,337,9.74305745380125e-07,True,CONVERGED,float64,cuda:0
adjoint,0,337,9.188427220653752e-07,True,CONVERGED,float64,cuda:0
adjoint,1,342,9.606347068387872e-07,True,CONVERGED,float64,cuda:0
adjoint,2,347,9.423711194426017e-07,True,CONVERGED,float64,cuda:0
forward,0,323,9.338315230744482e-07,True,CONVERGED,float64,cuda:0
forward,1,344,9.662547932207554e-07,True,CONVERGED,float64,cuda:0
forward,2,337,9.676264684068208e-07,True,CONVERGED,float64,cuda:0
adjoint,0,337,9.148102169371782e-07,True,CONVERGED,float64,cuda:0
adjoint,1,342,9.631008607907e-07,True,CONVERGED,float64,cuda:0
adjoint,2,347,9.425559356429827e-07,True,CONVERGED,float64,cuda:0
forward,0,324,9.40579486297853e-07,True,CONVERGED,float64,cuda:0
forward,1,344,9.65931457765943e-07,True,CONVERGED,float64,cuda:0
forward,2,337,9.621347482313894e-07,True,CONVERGED,float64,cuda:0
adjoint,0,337,9.315686941491342e-07,True,CONVERGED,float64,cuda:0
adjoint,1,342,9.54932928324657e-07,True,CONVERGED,float64,cuda:0
adjoint,2,347,9.400080134898496e-07,True,CONVERGED,float64,cuda:0
forward,0,324,9.059829176052612e-07,True,CONVERGED,float64,cuda:0
forward,1,344,9.675955027121483e-07,True,CONVERGED,float64,cuda:0
forward,2,337,9.635081018181784e-07,True,CONVERGED,float64,cuda:0
adjoint,0,337,9.373372269320295e-07,True,CONVERGED,float64,cuda:0
adjoint,1,342,9.537751679919464e-07,True,CONVERGED,float64,cuda:0
adjoint,2,347,9.38674037755791e-07,True,CONVERGED,float64,cuda:0
forward,0,323,9.442242798811778e-07,True,CONVERGED,float64,cuda:0
forward,1,344,9.631355091889405e-07,True,CONVERGED,float64,cuda:0
forward,2,337,9.634972685092193e-07,True,CONVERGED,float64,cuda:0
adjoint,0,337,9.296119584183348e-07,True,CONVERGED,float64,cuda:0
adjoint,1,342,9.6351239105236e-07,True,CONVERGED,float64,cuda:0
adjoint,2,347,9.421303749266894e-07,True,CONVERGED,float64,cuda:0
forward,0,323,9.862345597079968e-07,True,CONVERGED,float64,cuda:0
forward,1,344,9.614221222607153e-07,True,CONVERGED,float64,cuda:0
forward,2,337,9.663693763316524e-07,True,CONVERGED,float64,cuda:0
adjoint,0,337,9.424316406792802e-07,True,CONVERGED,float64,cuda:0
adjoint,1,342,9.67204659874478e-07,True,CONVERGED,float64,cuda:0
adjoint,2,347,9.457987109393361e-07,True,CONVERGED,float64,cuda:0
forward,0,324,9.134964478821809e-07,True,CONVERGED,float64,cuda:0
forward,1,344,9.70161115475484e-07,True,CONVERGED,float64,cuda:0
forward,2,337,9.648403703297463e-07,True,CONVERGED,float64,cuda:0
adjoint,0,337,9.551406166998859e-07,True,CONVERGED,float64,cuda:0
adjoint,1,342,9.650062556464668e-07,True,CONVERGED,float64,cuda:0
adjoint,2,347,9.448441825956092e-07,True,CONVERGED,float64,cuda:0
forward,0,323,9.911788843496262e-07,True,CONVERGED,float64,cuda:0
forward,1,344,9.708890207360478e-07,True,CONVERGED,float64,cuda:0
forward,2,337,9.520241811274372e-07,True,CONVERGED,float64,cuda:0
adjoint,0,337,9.534544955870495e-07,True,CONVERGED,float64,cuda:0
adjoint,1,342,9.657680628482363e-07,True,CONVERGED,float64,cuda:0
adjoint,2,347,9.466835128500154e-07,True,CONVERGED,float64,cuda:0
forward,0,323,9.77277780897744e-07,True,CONVERGED,float64,cuda:0
forward,1,344,9.699989131218732e-07,True,CONVERGED,float64,cuda:0
forward,2,337,9.460751372145505e-07,True,CONVERGED,float64,cuda:0
adjoint,0,337,9.474531321579115e-07,True,CONVERGED,float64,cuda:0
adjoint,1,342,9.555401691660472e-07,True,CONVERGED,float64,cuda:0
adjoint,2,347,9.493386401218678e-07,True,CONVERGED,float64,cuda:0
forward,0,324,9.047954066173024e-07,True,CONVERGED,float64,cuda:0
forward,1,344,9.739112178519189e-07,True,CONVERGED,float64,cuda:0
forward,2,337,9.476078974580152e-07,True,CONVERGED,float64,cuda:0
adjoint,0,337,9.603671529287765e-07,True,CONVERGED,float64,cuda:0
adjoint,1,342,9.668718706184345e-07,True,CONVERGED,float64,cuda:0
adjoint,2,347,9.478194718682338e-07,True,CONVERGED,float64,cuda:0
forward,0,324,9.339243871800688e-07,True,CONVERGED,float64,cuda:0
forward,1,344,9.704487893418533e-07,True,CONVERGED,float64,cuda:0
forward,2,337,9.464781008023695e-07,True,CONVERGED,float64,cuda:0
adjoint,0,337,9.625800107011356e-07,True,CONVERGED,float64,cuda:0
adjoint,1,342,9.677213291015104e-07,True,CONVERGED,float64,cuda:0
adjoint,2,347,9.473297621621758e-07,True,CONVERGED,float64,cuda:0
forward,0,324,9.301211604829264e-07,True,CONVERGED,float64,cuda:0
forward,1,344,9.620299641952478e-07,True,CONVERGED,float64,cuda:0
forward,2,337,9.401781363501315e-07,True,CONVERGED,float64,cuda:0
adjoint,0,337,9.52994991335004e-07,True,CONVERGED,float64,cuda:0
adjoint,1,342,9.56673371542899e-07,True,CONVERGED,float64,cuda:0
adjoint,2,347,9.485457678461202e-07,True,CONVERGED,float64,cuda:0
forward,0,323,9.9636092108139e-07,True,CONVERGED,float64,cuda:0
forward,1,344,9.658485363288754e-07,True,CONVERGED,float64,cuda:0
forward,2,337,9.375389651577778e-07,True,CONVERGED,float64,cuda:0
adjoint,0,337,9.474316957275356e-07,True,CONVERGED,float64,cuda:0
adjoint,1,342,9.660844064991543e-07,True,CONVERGED,float64,cuda:0
adjoint,2,347,9.415870599099254e-07,True,CONVERGED,float64,cuda:0
forward,0,324,9.7142843623001e-07,True,CONVERGED,float64,cuda:0
forward,1,344,9.664502138017039e-07,True,CONVERGED,float64,cuda:0
forward,2,337,9.346707739540149e-07,True,CONVERGED,float64,cuda:0
adjoint,0,337,9.498606545198636e-07,True,CONVERGED,float64,cuda:0
adjoint,1,342,9.567363354859465e-07,True,CONVERGED,float64,cuda:0
adjoint,2,347,9.361787910650547e-07,True,CONVERGED,float64,cuda:0
forward,0,324,9.962907043761786e-07,True,CONVERGED,float64,cuda:0
forward,1,343,9.998843460952784e-07,True,CONVERGED,float64,cuda:0
forward,2,337,9.263027835759271e-07,True,CONVERGED,float64,cuda:0
adjoint,0,337,9.403109044214745e-07,True,CONVERGED,float64,cuda:0
adjoint,1,342,9.596615917748242e-07,True,CONVERGED,float64,cuda:0
adjoint,2,347,9.361221435410946e-07,True,CONVERGED,float64,cuda:0
forward,0,325,9.883938874364438e-07,True,CONVERGED,float64,cuda:0
forward,1,343,9.933936544656887e-07,True,CONVERGED,float64,cuda:0
forward,2,337,9.220147171423444e-07,True,CONVERGED,float64,cuda:0
adjoint,0,337,9.334234743838743e-07,True,CONVERGED,float64,cuda:0
adjoint,1,342,9.50557929203359e-07,True,CONVERGED,float64,cuda:0
adjoint,2,347,9.385266609181593e-07,True,CONVERGED,float64,cuda:0
forward,0,324,9.56761830633707e-07,True,CONVERGED,float64,cuda:0
forward,1,344,9.519026000894248e-07,True,CONVERGED,float64,cuda:0
forward,2,337,9.327743198603415e-07,True,CONVERGED,float64,cuda:0
adjoint,0,337,9.402217820244958e-07,True,CONVERGED,float64,cuda:0
adjoint,1,342,9.55001968014031e-07,True,CONVERGED,float64,cuda:0
adjoint,2,347,9.303065498805616e-07,True,CONVERGED,float64,cuda:0
forward,0,324,9.561424226701142e-07,True,CONVERGED,float64,cuda:0
forward,1,343,9.997134840343206e-07,True,CONVERGED,float64,cuda:0
forward,2,337,9.351891867840915e-07,True,CONVERGED,float64,cuda:0
adjoint,0,337,9.390015825586976e-07,True,CONVERGED,float64,cuda:0
adjoint,1,342,9.453840984973199e-07,True,CONVERGED,float64,cuda:0
adjoint,2,347,9.244892592287191e-07,True,CONVERGED,float64,cuda:0
forward,0,324,9.684065958698503e-07,True,CONVERGED,float64,cuda:0
forward,1,343,9.930942144964946e-07,True,CONVERGED,float64,cuda:0
forward,2,337,9.329502768867867e-07,True,CONVERGED,float64,cuda:0
adjoint,0,337,9.274363420015454e-07,True,CONVERGED,float64,cuda:0
adjoint,1,342,9.527342884628992e-07,True,CONVERGED,float64,cuda:0
adjoint,2,347,9.264855042959738e-07,True,CONVERGED,float64,cuda:0
forward,0,326,9.832279277248323e-07,True,CONVERGED,float64,cuda:0
forward,1,343,9.905952458291486e-07,True,CONVERGED,float64,cuda:0
forward,2,337,9.240050266093485e-07,True,CONVERGED,float64,cuda:0
adjoint,0,337,9.324096784100396e-07,True,CONVERGED,float64,cuda:0
adjoint,1,342,9.573299248870805e-07,True,CONVERGED,float64,cuda:0
adjoint,2,347,9.311189042357029e-07,True,CONVERGED,float64,cuda:0
forward,0,330,9.95981101149834e-07,True,CONVERGED,float64,cuda:0
forward,1,343,9.944344547194495e-07,True,CONVERGED,float64,cuda:0
forward,2,337,9.154057488789242e-07,True,CONVERGED,float64,cuda:0
adjoint,0,337,9.414219836957014e-07,True,CONVERGED,float64,cuda:0
adjoint,1,342,9.468956828638951e-07,True,CONVERGED,float64,cuda:0
adjoint,2,347,9.374986474739021e-07,True,CONVERGED,float64,cuda:0
forward,0,324,9.558788596608097e-07,True,CONVERGED,float64,cuda:0
forward,1,344,9.505568000859612e-07,True,CONVERGED,float64,cuda:0
forward,2,337,9.330141257762607e-07,True,CONVERGED,float64,cuda:0
adjoint,0,337,9.419339002134699e-07,True,CONVERGED,float64,cuda:0
adjoint,1,342,9.560150704690081e-07,True,CONVERGED,float64,cuda:0
adjoint,2,347,9.2958395023228e-07,True,CONVERGED,float64,cuda:0
forward,0,323,9.758772297943229e-07,True,CONVERGED,float64,cuda:0
forward,1,343,9.975029442085853e-07,True,CONVERGED,float64,cuda:0
forward,2,337,9.387921218658865e-07,True,CONVERGED,float64,cuda:0
adjoint,0,337,9.359461484913122e-07,True,CONVERGED,float64,cuda:0
adjoint,1,342,9.489685193631979e-07,True,CONVERGED,float64,cuda:0
adjoint,2,347,9.216446826674419e-07,True,CONVERGED,float64,cuda:0
forward,0,324,9.662016086323491e-07,True,CONVERGED,float64,cuda:0
forward,1,343,9.940835465193904e-07,True,CONVERGED,float64,cuda:0
forward,2,337,9.373195737604656e-07,True,CONVERGED,float64,cuda:0
adjoint,0,337,9.363869013641309e-07,True,CONVERGED,float64,cuda:0
adjoint,1,342,9.429980933177716e-07,True,CONVERGED,float64,cuda:0
adjoint,2,347,9.194997798108826e-07,True,CONVERGED,float64,cuda:0
forward,0,326,9.823036619900243e-07,True,CONVERGED,float64,cuda:0
forward,1,343,9.906403352917186e-07,True,CONVERGED,float64,cuda:0
forward,2,337,9.378701352621584e-07,True,CONVERGED,float64,cuda:0
adjoint,0,337,9.377976536640591e-07,True,CONVERGED,float64,cuda:0
adjoint,1,342,9.55450011660369e-07,True,CONVERGED,float64,cuda:0
adjoint,2,347,9.256780454383362e-07,True,CONVERGED,float64,cuda:0
forward,0,329,9.867894545897781e-07,True,CONVERGED,float64,cuda:0
forward,1,343,9.840887855929882e-07,True,CONVERGED,float64,cuda:0
forward,2,337,9.20307676230423e-07,True,CONVERGED,float64,cuda:0
adjoint,0,337,9.338797391674409e-07,True,CONVERGED,float64,cuda:0
adjoint,1,342,9.425077775579097e-07,True,CONVERGED,float64,cuda:0
adjoint,2,347,9.307580300001218e-07,True,CONVERGED,float64,cuda:0
forward,0,332,9.680588575407232e-07,True,CONVERGED,float64,cuda:0
forward,1,343,9.851460350158583e-07,True,CONVERGED,float64,cuda:0
forward,2,337,9.123139256180688e-07,True,CONVERGED,float64,cuda:0
adjoint,0,337,9.363123506027852e-07,True,CONVERGED,float64,cuda:0
adjoint,1,342,9.409421862545982e-07,True,CONVERGED,float64,cuda:0
adjoint,2,347,9.325556633386706e-07,True,CONVERGED,float64,cuda:0
forward,0,326,9.907183869773848e-07,True,CONVERGED,float64,cuda:0
forward,1,343,9.935066656186358e-07,True,CONVERGED,float64,cuda:0
forward,2,337,9.298843123484551e-07,True,CONVERGED,float64,cuda:0
adjoint,0,337,9.428548628883595e-07,True,CONVERGED,float64,cuda:0
adjoint,1,342,9.5280534045714e-07,True,CONVERGED,float64,cuda:0
adjoint,2,347,9.258605840817067e-07,True,CONVERGED,float64,cuda:0
forward,0,324,9.838124353264835e-07,True,CONVERGED,float64,cuda:0
forward,1,343,9.912595679815658e-07,True,CONVERGED,float64,cuda:0
forward,2,337,9.342651681055474e-07,True,CONVERGED,float64,cuda:0
adjoint,0,337,9.370517809234654e-07,True,CONVERGED,float64,cuda:0
adjoint,1,342,9.462578211666469e-07,True,CONVERGED,float64,cuda:0
adjoint,2,347,9.199272065110486e-07,True,CONVERGED,float64,cuda:0
forward,0,324,9.766377504740304e-07,True,CONVERGED,float64,cuda:0
forward,1,343,9.89549903468242e-07,True,CONVERGED,float64,cuda:0
forward,2,337,9.34935811726505e-07,True,CONVERGED,float64,cuda:0
adjoint,0,337,9.344074192828517e-07,True,CONVERGED,float64,cuda:0
adjoint,1,342,9.516361154405235e-07,True,CONVERGED,float64,cuda:0
adjoint,2,347,9.223506707307888e-07,True,CONVERGED,float64,cuda:0
forward,0,327,9.85254420806322e-07,True,CONVERGED,float64,cuda:0
forward,1,343,9.885634126070471e-07,True,CONVERGED,float64,cuda:0
forward,2,337,9.355544200010977e-07,True,CONVERGED,float64,cuda:0
adjoint,0,337,9.457352874096804e-07,True,CONVERGED,float64,cuda:0
adjoint,1,342,9.608217890687085e-07,True,CONVERGED,float64,cuda:0
adjoint,2,347,9.271233258502195e-07,True,CONVERGED,float64,cuda:0
forward,0,334,9.427102570082425e-07,True,CONVERGED,float64,cuda:0
forward,1,343,9.857228186868138e-07,True,CONVERGED,float64,cuda:0
forward,2,337,9.300064554896008e-07,True,CONVERGED,float64,cuda:0
adjoint,0,337,9.495561325589472e-07,True,CONVERGED,float64,cuda:0
adjoint,1,342,9.351158065123714e-07,True,CONVERGED,float64,cuda:0
adjoint,2,347,9.290858371610069e-07,True,CONVERGED,float64,cuda:0
forward,0,332,9.921726370936583e-07,True,CONVERGED,float64,cuda:0
forward,1,343,9.762906297407363e-07,True,CONVERGED,float64,cuda:0
forward,2,337,9.208504791146709e-07,True,CONVERGED,float64,cuda:0
adjoint,0,337,9.258949914096938e-07,True,CONVERGED,float64,cuda:0
adjoint,1,342,9.243653998864212e-07,True,CONVERGED,float64,cuda:0
adjoint,2,347,9.261071519693491e-07,True,CONVERGED,float64,cuda:0
forward,0,329,9.75299836228313e-07,True,CONVERGED,float64,cuda:0
forward,1,343,9.834148386028507e-07,True,CONVERGED,float64,cuda:0
forward,2,337,9.391217516344471e-07,True,CONVERGED,float64,cuda:0
adjoint,0,337,9.468687750645217e-07,True,CONVERGED,float64,cuda:0
adjoint,1,342,9.613624164124344e-07,True,CONVERGED,float64,cuda:0
adjoint,2,347,9.252495209465164e-07,True,CONVERGED,float64,cuda:0
forward,0,328,9.811825155098315e-07,True,CONVERGED,float64,cuda:0
forward,1,343,9.846955342059067e-07,True,CONVERGED,float64,cuda:0
forward,2,337,9.455283404169625e-07,True,CONVERGED,float64,cuda:0
adjoint,0,337,9.484383889546254e-07,True,CONVERGED,float64,cuda:0
adjoint,1,342,9.460646883737971e-07,True,CONVERGED,float64,cuda:0
adjoint,2,347,9.19286223785154e-07,True,CONVERGED,float64,cuda:0
forward,0,326,9.744384001384589e-07,True,CONVERGED,float64,cuda:0
forward,1,343,9.75079685109197e-07,True,CONVERGED,float64,cuda:0
forward,2,337,9.436729016280055e-07,True,CONVERGED,float64,cuda:0
adjoint,0,337,9.324147159927758e-07,True,CONVERGED,float64,cuda:0
adjoint,1,342,9.514081164762511e-07,True,CONVERGED,float64,cuda:0
adjoint,2,347,9.159494263227557e-07,True,CONVERGED,float64,cuda:0
forward,0,329,9.703788342164558e-07,True,CONVERGED,float64,cuda:0
forward,1,343,9.687470255275018e-07,True,CONVERGED,float64,cuda:0
forward,2,337,9.409853489653416e-07,True,CONVERGED,float64,cuda:0
adjoint,0,337,9.316456447063312e-07,True,CONVERGED,float64,cuda:0
adjoint,1,342,9.510303937100785e-07,True,CONVERGED,float64,cuda:0
adjoint,2,346,9.953412002160622e-07,True,CONVERGED,float64,cuda:0
forward,0,333,9.796101055550349e-07,True,CONVERGED,float64,cuda:0
forward,1,343,9.70033194699823e-07,True,CONVERGED,float64,cuda:0
forward,2,337,9.427201254821936e-07,True,CONVERGED,float64,cuda:0
adjoint,0,337,9.47029050451719e-07,True,CONVERGED,float64,cuda:0
adjoint,1,342,9.478084387394832e-07,True,CONVERGED,float64,cuda:0
adjoint,2,346,9.972695797769067e-07,True,CONVERGED,float64,cuda:0
forward,0,333,9.584944988078644e-07,True,CONVERGED,float64,cuda:0
forward,1,343,9.654066523189692e-07,True,CONVERGED,float64,cuda:0
forward,2,337,9.317037909397928e-07,True,CONVERGED,float64,cuda:0
adjoint,0,337,9.352701282556266e-07,True,CONVERGED,float64,cuda:0
adjoint,1,342,9.49635463527175e-07,True,CONVERGED,float64,cuda:0
adjoint,2,346,9.966530551584652e-07,True,CONVERGED,float64,cuda:0
forward,0,332,9.830804164778817e-07,True,CONVERGED,float64,cuda:0
forward,1,343,9.653988574132086e-07,True,CONVERGED,float64,cuda:0
forward,2,337,9.357349186893252e-07,True,CONVERGED,float64,cuda:0
adjoint,0,337,9.375170483859531e-07,True,CONVERGED,float64,cuda:0
adjoint,1,342,9.55924250293606e-07,True,CONVERGED,float64,cuda:0
adjoint,2,346,9.978181480983058e-07,True,CONVERGED,float64,cuda:0
forward,0,332,9.95614657664228e-07,True,CONVERGED,float64,cuda:0
forward,1,343,9.6956900704068e-07,True,CONVERGED,float64,cuda:0
forward,2,337,9.482675845319447e-07,True,CONVERGED,float64,cuda:0
adjoint,0,337,9.480665433230889e-07,True,CONVERGED,float64,cuda:0
adjoint,1,342,9.467093396539669e-07,True,CONVERGED,float64,cuda:0
adjoint,2,347,9.118056579867091e-07,True,CONVERGED,float64,cuda:0
forward,0,332,9.649004795578932e-07,True,CONVERGED,float64,cuda:0
forward,1,343,9.683438717809715e-07,True,CONVERGED,float64,cuda:0
forward,2,337,9.502340934819439e-07,True,CONVERGED,float64,cuda:0
adjoint,0,337,9.45409118621932e-07,True,CONVERGED,float64,cuda:0
adjoint,1,342,9.475301104610125e-07,True,CONVERGED,float64,cuda:0
adjoint,2,346,9.97540112836178e-07,True,CONVERGED,float64,cuda:0
forward,0,332,9.70479831244899e-07,True,CONVERGED,float64,cuda:0
forward,1,343,9.629034225780465e-07,True,CONVERGED,float64,cuda:0
forward,2,337,9.435377096262436e-07,True,CONVERGED,float64,cuda:0
adjoint,0,337,9.358985252393459e-07,True,CONVERGED,float64,cuda:0
adjoint,1,342,9.485168365647473e-07,True,CONVERGED,float64,cuda:0
adjoint,2,346,9.873863588050116e-07,True,CONVERGED,float64,cuda:0
forward,0,333,9.62093784453701e-07,True,CONVERGED,float64,cuda:0
forward,1,343,9.684551004524961e-07,True,CONVERGED,float64,cuda:0
forward,2,337,9.530384098190504e-07,True,CONVERGED,float64,cuda:0
adjoint,0,337,9.525406861401935e-07,True,CONVERGED,float64,cuda:0
adjoint,1,342,9.443948943974363e-07,True,CONVERGED,float64,cuda:0
adjoint,2,346,9.95589184384178e-07,True,CONVERGED,float64,cuda:0
forward,0,333,9.54873686822082e-07,True,CONVERGED,float64,cuda:0
forward,1,343,9.68968933230466e-07,True,CONVERGED,float64,cuda:0
forward,2,337,9.518550702609972e-07,True,CONVERGED,float64,cuda:0
adjoint,0,337,9.519624897910527e-07,True,CONVERGED,float64,cuda:0
adjoint,1,342,9.496026184499983e-07,True,CONVERGED,float64,cuda:0
adjoint,2,346,9.988724539913436e-07,True,CONVERGED,float64,cuda:0
forward,0,333,9.55373522209298e-07,True,CONVERGED,float64,cuda:0
forward,1,343,9.654229847323678e-07,True,CONVERGED,float64,cuda:0
forward,2,337,9.462596341067765e-07,True,CONVERGED,float64,cuda:0
adjoint,0,337,9.467954699214795e-07,True,CONVERGED,float64,cuda:0
adjoint,1,342,9.530637289617617e-07,True,CONVERGED,float64,cuda:0
adjoint,2,346,9.965113687658049e-07,True,CONVERGED,float64,cuda:0
forward,0,333,9.784808701038463e-07,True,CONVERGED,float64,cuda:0
forward,1,343,9.667286170379042e-07,True,CONVERGED,float64,cuda:0
forward,2,337,9.53906928083353e-07,True,CONVERGED,float64,cuda:0
adjoint,0,337,9.536582935644531e-07,True,CONVERGED,float64,cuda:0
adjoint,1,342,9.460274093795579e-07,True,CONVERGED,float64,cuda:0
adjoint,2,346,9.97236388889234e-07,True,CONVERGED,float64,cuda:0
forward,0,333,9.73287098089936e-07,True,CONVERGED,float64,cuda:0
forward,1,343,9.649841409093163e-07,True,CONVERGED,float64,cuda:0
forward,2,337,9.592082979362806e-07,True,CONVERGED,float64,cuda:0
adjoint,0,337,9.5419979758111e-07,True,CONVERGED,float64,cuda:0
adjoint,1,342,9.415165316936253e-07,True,CONVERGED,float64,cuda:0
adjoint,2,346,9.946570370907154e-07,True,CONVERGED,float64,cuda:0
forward,0,332,9.89405722206131e-07,True,CONVERGED,float64,cuda:0
forward,1,343,9.57930516651031e-07,True,CONVERGED,float64,cuda:0
forward,2,337,9.539915190667406e-07,True,CONVERGED,float64,cuda:0
adjoint,0,337,9.411039688351988e-07,True,CONVERGED,float64,cuda:0
adjoint,1,342,9.411880083122155e-07,True,CONVERGED,float64,cuda:0
adjoint,2,346,9.83473270052629e-07,True,CONVERGED,float64,cuda:0
forward,0,332,9.947228232935364e-07,True,CONVERGED,float64,cuda:0
forward,1,343,9.549400300922238e-07,True,CONVERGED,float64,cuda:0
forward,2,337,9.61380139641944e-07,True,CONVERGED,float64,cuda:0
adjoint,0,337,9.434513472926858e-07,True,CONVERGED,float64,cuda:0
adjoint,1,342,9.318714478691721e-07,True,CONVERGED,float64,cuda:0
adjoint,2,346,9.799233056077276e-07,True,CONVERGED,float64,cuda:0
forward,0,332,9.986089847967019e-07,True,CONVERGED,float64,cuda:0
forward,1,343,9.570894641817206e-07,True,CONVERGED,float64,cuda:0
forward,2,337,9.690484963101611e-07,True,CONVERGED,float64,cuda:0
adjoint,0,337,9.494227274702241e-07,True,CONVERGED,float64,cuda:0
adjoint,1,342,9.314672822307818e-07,True,CONVERGED,float64,cuda:0
adjoint,2,346,9.859773511655095e-07,True,CONVERGED,float64,cuda:0
forward,0,332,9.922922943286621e-07,True,CONVERGED,float64,cuda:0
forward,1,343,9.52574817930704e-07,True,CONVERGED,float64,cuda:0
forward,2,337,9.590057437889136e-07,True,CONVERGED,float64,cuda:0
adjoint,0,337,9.392521141102244e-07,True,CONVERGED,float64,cuda:0
adjoint,1,342,9.379370878753701e-07,True,CONVERGED,float64,cuda:0
adjoint,2,346,9.804437373846856e-07,True,CONVERGED,float64,cuda:0
forward,0,333,9.65358027356977e-07,True,CONVERGED,float64,cuda:0
forward,1,343,9.520291567109502e-07,True,CONVERGED,float64,cuda:0
forward,2,337,9.612695833727465e-07,True,CONVERGED,float64,cuda:0
adjoint,0,337,9.41705913065896e-07,True,CONVERGED,float64,cuda:0
adjoint,1,342,9.355919081300074e-07,True,CONVERGED,float64,cuda:0
adjoint,2,346,9.785584767358524e-07,True,CONVERGED,float64,cuda:0
forward,0,333,9.424045877296902e-07,True,CONVERGED,float64,cuda:0
forward,1,343,9.496320004494823e-07,True,CONVERGED,float64,cuda:0
forward,2,337,9.715976542259438e-07,True,CONVERGED,float64,cuda:0
adjoint,0,337,9.462485116826276e-07,True,CONVERGED,float64,cuda:0
adjoint,1,342,9.25746969133668e-07,True,CONVERGED,float64,cuda:0
adjoint,2,346,9.76470281212658e-07,True,CONVERGED,float64,cuda:0
forward,0,332,9.686494067539464e-07,True,CONVERGED,float64,cuda:0
forward,1,343,9.46143637364822e-07,True,CONVERGED,float64,cuda:0
forward,2,337,9.665726542626953e-07,True,CONVERGED,float64,cuda:0
adjoint,0,337,9.371574507262246e-07,True,CONVERGED,float64,cuda:0
adjoint,1,342,9.295978538283885e-07,True,CONVERGED,float64,cuda:0
adjoint,2,346,9.722119478135326e-07,True,CONVERGED,float64,cuda:0
forward,0,332,9.874066873140805e-07,True,CONVERGED,float64,cuda:0
forward,1,343,9.481004602202614e-07,True,CONVERGED,float64,cuda:0
forward,2,337,9.678690511271165e-07,True,CONVERGED,float64,cuda:0
adjoint,0,337,9.417530929896792e-07,True,CONVERGED,float64,cuda:0
adjoint,1,342,9.322296443795912e-07,True,CONVERGED,float64,cuda:0
adjoint,2,346,9.754625504902414e-07,True,CONVERGED,float64,cuda:0
forward,0,333,9.946733847612412e-07,True,CONVERGED,float64,cuda:0
forward,1,343,9.512154061751511e-07,True,CONVERGED,float64,cuda:0
forward,2,337,9.694006566190947e-07,True,CONVERGED,float64,cuda:0
adjoint,0,337,9.488615592489557e-07,True,CONVERGED,float64,cuda:0
adjoint,1,342,9.312877936255579e-07,True,CONVERGED,float64,cuda:0
adjoint,2,346,9.781975546130852e-07,True,CONVERGED,float64,cuda:0
forward,0,332,9.986611599262836e-07,True,CONVERGED,float64,cuda:0
forward,1,343,9.478772914214031e-07,True,CONVERGED,float64,cuda:0
forward,2,337,9.699330313629459e-07,True,CONVERGED,float64,cuda:0
adjoint,0,337,9.456859346800712e-07,True,CONVERGED,float64,cuda:0
adjoint,1,342,9.310321033432404e-07,True,CONVERGED,float64,cuda:0
adjoint,2,346,9.738334631317124e-07,True,CONVERGED,float64,cuda:0
forward,0,332,9.877319138491746e-07,True,CONVERGED,float64,cuda:0
forward,1,343,9.457358065022612e-07,True,CONVERGED,float64,cuda:0
forward,2,337,9.684909148750322e-07,True,CONVERGED,float64,cuda:0
adjoint,0,337,9.426118780179051e-07,True,CONVERGED,float64,cuda:0
adjoint,1,342,9.31217846728264e-07,True,CONVERGED,float64,cuda:0
adjoint,2,346,9.707466066838577e-07,True,CONVERGED,float64,cuda:0
forward,0,333,9.70119790846561e-07,True,CONVERGED,float64,cuda:0
forward,1,343,9.502507981431497e-07,True,CONVERGED,float64,cuda:0
forward,2,337,9.763746205990583e-07,True,CONVERGED,float64,cuda:0
adjoint,0,337,9.546598743001068e-07,True,CONVERGED,float64,cuda:0
adjoint,1,342,9.306539657140206e-07,True,CONVERGED,float64,cuda:0
adjoint,2,346,9.776111135804096e-07,True,CONVERGED,float64,cuda:0
forward,0,333,9.86040009588004e-07,True,CONVERGED,float64,cuda:0
forward,1,343,9.487619846915518e-07,True,CONVERGED,float64,cuda:0
forward,2,337,9.658393915153306e-07,True,CONVERGED,float64,cuda:0
adjoint,0,337,9.446513097380372e-07,True,CONVERGED,float64,cuda:0
adjoint,1,342,9.367136591685347e-07,True,CONVERGED,float64,cuda:0
adjoint,2,346,9.732529470827206e-07,True,CONVERGED,float64,cuda:0
forward,0,333,9.483971684586984e-07,True,CONVERGED,float64,cuda:0
forward,1,343,9.461050533931076e-07,True,CONVERGED,float64,cuda:0
forward,2,337,9.73816821155636e-07,True,CONVERGED,float64,cuda:0
adjoint,0,337,9.483667105216417e-07,True,CONVERGED,float64,cuda:0
adjoint,1,342,9.323635459685982e-07,True,CONVERGED,float64,cuda:0
adjoint,2,346,9.734385703206844e-07,True,CONVERGED,float64,cuda:0
forward,0,333,9.454174004527074e-07,True,CONVERGED,float64,cuda:0
forward,1,343,9.450524881200501e-07,True,CONVERGED,float64,cuda:0
forward,2,337,9.774455183573377e-07,True,CONVERGED,float64,cuda:0
adjoint,0,337,9.507571818613483e-07,True,CONVERGED,float64,cuda:0
adjoint,1,342,9.288658363079544e-07,True,CONVERGED,float64,cuda:0
adjoint,2,346,9.718069729665872e-07,True,CONVERGED,float64,cuda:0
forward,0,333,9.797582912715564e-07,True,CONVERGED,float64,cuda:0
forward,1,343,9.435459548854522e-07,True,CONVERGED,float64,cuda:0
forward,2,337,9.697560091005943e-07,True,CONVERGED,float64,cuda:0
adjoint,0,337,9.503414061209176e-07,True,CONVERGED,float64,cuda:0
adjoint,1,342,9.317916804951757e-07,True,CONVERGED,float64,cuda:0
adjoint,2,346,9.671788494727874e-07,True,CONVERGED,float64,cuda:0
forward,0,334,9.397745319948189e-07,True,CONVERGED,float64,cuda:0
forward,1,343,9.449008098799606e-07,True,CONVERGED,float64,cuda:0
forward,2,337,9.646292587539168e-07,True,CONVERGED,float64,cuda:0
adjoint,0,337,9.440169333793558e-07,True,CONVERGED,float64,cuda:0
adjoint,1,342,9.382852630356559e-07,True,CONVERGED,float64,cuda:0
adjoint,2,346,9.679813168651398e-07,True,CONVERGED,float64,cuda:0
forward,0,333,9.58888826128684e-07,True,CONVERGED,float64,cuda:0
forward,1,343,9.433704651010886e-07,True,CONVERGED,float64,cuda:0
forward,2,337,9.792444785734914e-07,True,CONVERGED,float64,cuda:0
adjoint,0,337,9.534077246688181e-07,True,CONVERGED,float64,cuda:0
adjoint,1,342,9.297152992082582e-07,True,CONVERGED,float64,cuda:0
adjoint,2,346,9.726706918282584e-07,True,CONVERGED,float64,cuda:0
forward,0,332,9.872137782277878e-07,True,CONVERGED,float64,cuda:0
forward,1,343,9.404848643276612e-07,True,CONVERGED,float64,cuda:0
forward,2,337,9.77239892699918e-07,True,CONVERGED,float64,cuda:0
adjoint,0,337,9.468632701594362e-07,True,CONVERGED,float64,cuda:0
adjoint,1,342,9.294714370153164e-07,True,CONVERGED,float64,cuda:0
adjoint,2,346,9.682764382570556e-07,True,CONVERGED,float64,cuda:0
forward,0,333,9.493219318199854e-07,True,CONVERGED,float64,cuda:0
forward,1,343,9.39847653621154e-07,True,CONVERGED,float64,cuda:0
forward,2,337,9.696841938204047e-07,True,CONVERGED,float64,cuda:0
adjoint,0,337,9.503771536238545e-07,True,CONVERGED,float64,cuda:0
adjoint,1,342,9.32740250947429e-07,True,CONVERGED,float64,cuda:0
adjoint,2,346,9.62642150742294e-07,True,CONVERGED,float64,cuda:0
forward,0,334,9.590764608390804e-07,True,CONVERGED,float64,cuda:0
forward,1,343,9.432186466364271e-07,True,CONVERGED,float64,cuda:0
forward,2,337,9.68386953182989e-07,True,CONVERGED,float64,cuda:0
adjoint,0,337,9.533692411906723e-07,True,CONVERGED,float64,cuda:0
adjoint,1,342,9.356763283573052e-07,True,CONVERGED,float64,cuda:0
adjoint,2,346,9.64715993269173e-07,True,CONVERGED,float64,cuda:0
forward,0,333,9.894275754995876e-07,True,CONVERGED,float64,cuda:0
forward,1,343,9.429208347079044e-07,True,CONVERGED,float64,cuda:0
forward,2,337,9.68190782134633e-07,True,CONVERGED,float64,cuda:0
adjoint,0,337,9.548043188745439e-07,True,CONVERGED,float64,cuda:0
adjoint,1,342,9.380936948882046e-07,True,CONVERGED,float64,cuda:0
adjoint,2,346,9.683722123816363e-07,True,CONVERGED,float64,cuda:0
forward,0,333,9.885741003165216e-07,True,CONVERGED,float64,cuda:0
forward,1,343,9.432165170208184e-07,True,CONVERGED,float64,cuda:0
forward,2,337,9.709059028134076e-07,True,CONVERGED,float64,cuda:0
adjoint,0,337,9.576802011589517e-07,True,CONVERGED,float64,cuda:0
adjoint,1,342,9.364987158623511e-07,True,CONVERGED,float64,cuda:0
adjoint,2,346,9.711415524975853e-07,True,CONVERGED,float64,cuda:0
forward,0,334,9.488584827873652e-07,True,CONVERGED,float64,cuda:0
forward,1,343,9.465463888032732e-07,True,CONVERGED,float64,cuda:0
forward,2,337,9.723900427416164e-07,True,CONVERGED,float64,cuda:0
adjoint,0,337,9.649897376323804e-07,True,CONVERGED,float64,cuda:0
adjoint,1,342,9.379416909282704e-07,True,CONVERGED,float64,cuda:0
adjoint,2,346,9.737929618080145e-07,True,CONVERGED,float64,cuda:0
forward,0,334,9.69032987366318e-07,True,CONVERGED,float64,cuda:0
forward,1,343,9.458114451406961e-07,True,CONVERGED,float64,cuda:0
forward,2,337,9.63095300405458e-07,True,CONVERGED,float64,cuda:0
adjoint,0,337,9.463573624657151e-07,True,CONVERGED,float64,cuda:0
adjoint,1,342,9.477863461764453e-07,True,CONVERGED,float64,cuda:0
adjoint,2,346,9.671150142236375e-07,True,CONVERGED,float64,cuda:0
forward,0,333,9.788444726332814e-07,True,CONVERGED,float64,cuda:0
forward,1,343,9.434765474727854e-07,True,CONVERGED,float64,cuda:0
forward,2,337,9.733059599688083e-07,True,CONVERGED,float64,cuda:0
adjoint,0,337,9.599405947421914e-07,True,CONVERGED,float64,cuda:0
adjoint,1,342,9.36081392142495e-07,True,CONVERGED,float64,cuda:0
adjoint,2,346,9.667724217095203e-07,True,CONVERGED,float64,cuda:0
forward,0,333,9.67626578532348e-07,True,CONVERGED,float64,cuda:0
forward,1,343,9.413860869748425e-07,True,CONVERGED,float64,cuda:0
forward,2,337,9.787353230374422e-07,True,CONVERGED,float64,cuda:0
adjoint,0,337,9.617277917332645e-07,True,CONVERGED,float64,cuda:0
adjoint,1,342,9.308476748069228e-07,True,CONVERGED,float64,cuda:0
adjoint,2,346,9.652364623904024e-07,True,CONVERGED,float64,cuda:0
forward,0,333,9.662076298030232e-07,True,CONVERGED,float64,cuda:0
forward,1,343,9.398323564423993e-07,True,CONVERGED,float64,cuda:0
forward,2,337,9.700617722134594e-07,True,CONVERGED,float64,cuda:0
adjoint,0,337,9.561554595076594e-07,True,CONVERGED,float64,cuda:0
adjoint,1,342,9.374195078612531e-07,True,CONVERGED,float64,cuda:0
adjoint,2,346,9.612380373364415e-07,True,CONVERGED,float64,cuda:0
forward,0,334,9.512289308118761e-07,True,CONVERGED,float64,cuda:0
forward,1,343,9.427760984365519e-07,True,CONVERGED,float64,cuda:0
forward,2,337,9.694468808628242e-07,True,CONVERGED,float64,cuda:0
adjoint,0,337,9.598904224050883e-07,True,CONVERGED,float64,cuda:0
adjoint,1,342,9.424445296955807e-07,True,CONVERGED,float64,cuda:0
adjoint,2,346,9.64534124267843e-07,True,CONVERGED,float64,cuda:0
forward,0,334,9.962409176907628e-07,True,CONVERGED,float64,cuda:0
forward,1,343,9.403200503311858e-07,True,CONVERGED,float64,cuda:0
forward,2,337,9.601299063452356e-07,True,CONVERGED,float64,cuda:0
adjoint,0,337,9.335256768386424e-07,True,CONVERGED,float64,cuda:0
adjoint,1,342,9.456258762639222e-07,True,CONVERGED,float64,cuda:0
adjoint,2,346,9.597591496592566e-07,True,CONVERGED,float64,cuda:0
forward,0,331,9.973923596575787e-07,True,CONVERGED,float64,cuda:0
forward,1,343,9.331431947263819e-07,True,CONVERGED,float64,cuda:0
forward,2,337,9.783365648239048e-07,True,CONVERGED,float64,cuda:0
adjoint,0,337,9.447357596237967e-07,True,CONVERGED,float64,cuda:0
adjoint,1,342,9.228011204084762e-07,True,CONVERGED,float64,cuda:0
adjoint,2,345,9.98609903309953e-07,True,CONVERGED,float64,cuda:0
forward,0,325,9.65575340790435e-07,True,CONVERGED,float64,cuda:0
forward,1,343,9.342246180422548e-07,True,CONVERGED,float64,cuda:0
forward,2,337,9.558709189529087e-07,True,CONVERGED,float64,cuda:0
adjoint,0,337,9.065543308015167e-07,True,CONVERGED,float64,cuda:0
adjoint,1,342,9.114384774908028e-07,True,CONVERGED,float64,cuda:0
adjoint,2,345,9.892464234754023e-07,True,CONVERGED,float64,cuda:0
forward,0,325,9.829436194120882e-07,True,CONVERGED,float64,cuda:0
forward,1,343,9.297320528499975e-07,True,CONVERGED,float64,cuda:0
forward,2,337,9.577195075892811e-07,True,CONVERGED,float64,cuda:0
adjoint,0,337,9.144577711651016e-07,True,CONVERGED,float64,cuda:0
adjoint,1,342,9.138837230370588e-07,True,CONVERGED,float64,cuda:0
adjoint,2,345,9.860857239226897e-07,True,CONVERGED,float64,cuda:0
forward,0,330,9.957755940418725e-07,True,CONVERGED,float64,cuda:0
forward,1,343,9.258889616304521e-07,True,CONVERGED,float64,cuda:0
forward,2,337,9.720163413035773e-07,True,CONVERGED,float64,cuda:0
adjoint,0,337,9.52894215730942e-07,True,CONVERGED,float64,cuda:0
adjoint,1,342,9.253887689205486e-07,True,CONVERGED,float64,cuda:0
adjoint,2,345,9.90803574382321e-07,True,CONVERGED,float64,cuda:0
forward,0,334,9.450827886297527e-07,True,CONVERGED,float64,cuda:0
forward,1,343,9.313784366540502e-07,True,CONVERGED,float64,cuda:0
forward,2,337,9.497045042150444e-07,True,CONVERGED,float64,cuda:0
adjoint,0,337,9.372476343330923e-07,True,CONVERGED,float64,cuda:0
adjoint,1,342,9.51226099368689e-07,True,CONVERGED,float64,cuda:0
adjoint,2,345,9.8429979519892e-07,True,CONVERGED,float64,cuda:0
forward,0,335,9.284456305794088e-07,True,CONVERGED,float64,cuda:0
forward,1,343,9.410650558827618e-07,True,CONVERGED,float64,cuda:0
forward,2,337,9.564575972206604e-07,True,CONVERGED,float64,cuda:0
adjoint,0,337,9.453963921989509e-07,True,CONVERGED,float64,cuda:0
adjoint,1,342,9.295080846197145e-07,True,CONVERGED,float64,cuda:0
adjoint,2,345,9.987686903153953e-07,True,CONVERGED,float64,cuda:0
forward,0,330,9.800856607139954e-07,True,CONVERGED,float64,cuda:0
forward,1,343,9.299328200115721e-07,True,CONVERGED,float64,cuda:0
forward,2,337,9.558357025987879e-07,True,CONVERGED,float64,cuda:0
adjoint,0,337,9.404744846009819e-07,True,CONVERGED,float64,cuda:0
adjoint,1,342,9.12436206283353e-07,True,CONVERGED,float64,cuda:0
adjoint,2,345,9.96453028734631e-07,True,CONVERGED,float64,cuda:0
forward,0,324,9.7132207033848e-07,True,CONVERGED,float64,cuda:0
forward,1,343,9.406698044749406e-07,True,CONVERGED,float64,cuda:0
forward,2,337,9.584986364831238e-07,True,CONVERGED,float64,cuda:0
adjoint,0,336,9.913923456198664e-07,True,CONVERGED,float64,cuda:0
adjoint,1,342,8.885650925707494e-07,True,CONVERGED,float64,cuda:0
adjoint,2,345,9.880367031141533e-07,True,CONVERGED,float64,cuda:0
forward,0,324,9.706965047817344e-07,True,CONVERGED,float64,cuda:0
forward,1,343,9.433809522187368e-07,True,CONVERGED,float64,cuda:0
forward,2,337,9.669698076206002e-07,True,CONVERGED,float64,cuda:0
adjoint,0,336,9.956227717248706e-07,True,CONVERGED,float64,cuda:0
adjoint,1,342,8.859430189141984e-07,True,CONVERGED,float64,cuda:0
adjoint,2,345,9.905290934144558e-07,True,CONVERGED,float64,cuda:0
forward,0,329,9.540706260224708e-07,True,CONVERGED,float64,cuda:0
forward,1,343,9.293583559413979e-07,True,CONVERGED,float64,cuda:0
forward,2,337,9.283974774875462e-07,True,CONVERGED,float64,cuda:0
adjoint,0,337,9.32536704138453e-07,True,CONVERGED,float64,cuda:0
adjoint,1,342,9.074621378497416e-07,True,CONVERGED,float64,cuda:0
adjoint,2,345,9.936842361825596e-07,True,CONVERGED,float64,cuda:0
forward,0,334,9.59363368977608e-07,True,CONVERGED,float64,cuda:0
forward,1,343,9.364769173864919e-07,True,CONVERGED,float64,cuda:0
forward,2,337,9.464860750290334e-07,True,CONVERGED,float64,cuda:0
adjoint,0,337,9.535428238081643e-07,True,CONVERGED,float64,cuda:0
adjoint,1,342,9.595099910719118e-07,True,CONVERGED,float64,cuda:0
adjoint,2,345,9.901994180275161e-07,True,CONVERGED,float64,cuda:0
forward,0,336,9.294459181644886e-07,True,CONVERGED,float64,cuda:0
forward,1,343,9.543096269929605e-07,True,CONVERGED,float64,cuda:0
forward,2,337,9.731067600684805e-07,True,CONVERGED,float64,cuda:0
adjoint,0,337,9.776692045325392e-07,True,CONVERGED,float64,cuda:0
adjoint,1,342,8.973615255233585e-07,True,CONVERGED,float64,cuda:0
adjoint,2,346,9.682029983541775e-07,True,CONVERGED,float64,cuda:0
forward,0,335,9.63862581487822e-07,True,CONVERGED,float64,cuda:0
forward,1,344,9.197035192226099e-07,True,CONVERGED,float64,cuda:0
forward,2,338,9.909538583085127e-07,True,CONVERGED,float64,cuda:0
adjoint,0,336,9.507475632091732e-07,True,CONVERGED,float64,cuda:0
adjoint,1,342,9.016961953633065e-07,True,CONVERGED,float64,cuda:0
adjoint,2,344,9.504986287177859e-07,True,CONVERGED,float64,cuda:0
forward,0,335,9.490327315430655e-07,True,CONVERGED,float64,cuda:0
forward,1,343,9.77578234907806e-07,True,CONVERGED,float64,cuda:0
forward,2,337,9.808812670325669e-07,True,CONVERGED,float64,cuda:0
adjoint,0,338,8.874806694339757e-07,True,CONVERGED,float64,cuda:0
adjoint,1,342,9.233112433915761e-07,True,CONVERGED,float64,cuda:0
adjoint,2,346,9.98647933367805e-07,True,CONVERGED,float64,cuda:0
forward,0,337,8.964361259267084e-07,True,CONVERGED,float64,cuda:0
forward,1,345,9.057971155616685e-07,True,CONVERGED,float64,cuda:0
forward,2,338,8.692681438811318e-07,True,CONVERGED,float64,cuda:0
adjoint,0,338,9.655784138274833e-07,True,CONVERGED,float64,cuda:0
adjoint,1,341,9.881914503387397e-07,True,CONVERGED,float64,cuda:0
adjoint,2,347,9.235083162699143e-07,True,CONVERGED,float64,cuda:0
forward,0,336,8.870564735774838e-07,True,CONVERGED,float64,cuda:0
forward,1,344,9.878534910873287e-07,True,CONVERGED,float64,cuda:0
forward,2,338,8.666360672751142e-07,True,CONVERGED,float64,cuda:0
adjoint,0,338,9.321796365571164e-07,True,CONVERGED,float64,cuda:0
adjoint,1,342,8.984181020296277e-07,True,CONVERGED,float64,cuda:0
adjoint,2,347,9.197642375427732e-07,True,CONVERGED,float64,cuda:0
forward,0,335,9.371352607236499e-07,True,CONVERGED,float64,cuda:0
forward,1,343,9.796796348220723e-07,True,CONVERGED,float64,cuda:0
forward,2,337,9.1974086452285e-07,True,CONVERGED,float64,cuda:0
adjoint,0,337,8.98654048879809e-07,True,CONVERGED,float64,cuda:0
adjoint,1,342,9.028163150998147e-07,True,CONVERGED,float64,cuda:0
adjoint,2,347,9.372186418421626e-07,True,CONVERGED,float64,cuda:0
forward,0,332,9.648375300167878e-07,True,CONVERGED,float64,cuda:0
forward,1,343,9.754430941516204e-07,True,CONVERGED,float64,cuda:0
forward,2,337,9.321826796955036e-07,True,CONVERGED,float64,cuda:0
adjoint,0,337,8.665821191600457e-07,True,CONVERGED,float64,cuda:0
adjoint,1,342,8.968991200264933e-07,True,CONVERGED,float64,cuda:0
adjoint,2,345,9.658485152206034e-07,True,CONVERGED,float64,cuda:0
forward,0,333,9.73732460484846e-07,True,CONVERGED,float64,cuda:0
forward,1,344,9.71385572644185e-07,True,CONVERGED,float64,cuda:0
forward,2,338,9.145782065964986e-07,True,CONVERGED,float64,cuda:0
adjoint,0,337,9.755886543807849e-07,True,CONVERGED,float64,cuda:0
adjoint,1,342,9.279033105747341e-07,True,CONVERGED,float64,cuda:0
adjoint,2,347,9.113514242636835e-07,True,CONVERGED,float64,cuda:0
forward,0,333,9.639047837981794e-07,True,CONVERGED,float64,cuda:0
forward,1,344,9.783260518594477e-07,True,CONVERGED,float64,cuda:0
forward,2,338,9.299950933907131e-07,True,CONVERGED,float64,cuda:0
adjoint,0,337,9.91550543519201e-07,True,CONVERGED,float64,cuda:0
adjoint,1,342,9.56024060288937e-07,True,CONVERGED,float64,cuda:0
adjoint,2,347,9.010929056155731e-07,True,CONVERGED,float64,cuda:0
forward,0,329,9.89748037707135e-07,True,CONVERGED,float64,cuda:0
forward,1,343,9.76172331441627e-07,True,CONVERGED,float64,cuda:0
forward,2,337,9.140296393895314e-07,True,CONVERGED,float64,cuda:0
adjoint,0,337,8.987671291491898e-07,True,CONVERGED,float64,cuda:0
adjoint,1,342,9.772416747822865e-07,True,CONVERGED,float64,cuda:0
adjoint,2,345,9.799764267762578e-07,True,CONVERGED,float64,cuda:0
forward,0,332,9.407531741909062e-07,True,CONVERGED,float64,cuda:0
forward,1,343,9.411409866853462e-07,True,CONVERGED,float64,cuda:0
forward,2,337,9.20959511346888e-07,True,CONVERGED,float64,cuda:0
adjoint,0,337,9.213068970503498e-07,True,CONVERGED,float64,cuda:0
adjoint,1,342,9.88707765532111e-07,True,CONVERGED,float64,cuda:0
adjoint,2,345,9.679409271692018e-07,True,CONVERGED,float64,cuda:0
forward,0,335,9.647941491612117e-07,True,CONVERGED,float64,cuda:0
forward,1,343,9.616199429271501e-07,True,CONVERGED,float64,cuda:0
forward,2,338,8.91999749711931e-07,True,CONVERGED,float64,cuda:0
adjoint,0,338,9.148308718424367e-07,True,CONVERGED,float64,cuda:0
adjoint,1,342,9.221177670203916e-07,True,CONVERGED,float64,cuda:0
adjoint,2,346,9.92430116922513e-07,True,CONVERGED,float64,cuda:0
forward,0,334,9.285867225795874e-07,True,CONVERGED,float64,cuda:0
forward,1,343,9.163767915914358e-07,True,CONVERGED,float64,cuda:0
forward,2,337,9.59878541775384e-07,True,CONVERGED,float64,cuda:0
adjoint,0,337,9.61772628731186e-07,True,CONVERGED,float64,cuda:0
adjoint,1,342,9.478944246289489e-07,True,CONVERGED,float64,cuda:0
adjoint,2,345,9.801238487711575e-07,True,CONVERGED,float64,cuda:0
forward,0,334,9.87526597853966e-07,True,CONVERGED,float64,cuda:0
forward,1,342,9.874369400224623e-07,True,CONVERGED,float64,cuda:0
forward,2,337,9.164659502247248e-07,True,CONVERGED,float64,cuda:0
adjoint,0,336,9.934446687272935e-07,True,CONVERGED,float64,cuda:0
adjoint,1,342,9.335691518222497e-07,True,CONVERGED,float64,cuda:0
adjoint,2,345,9.667373347167685e-07,True,CONVERGED,float64,cuda:0
forward,0,335,9.138141948896118e-07,True,CONVERGED,float64,cuda:0
forward,1,342,9.898393319213451e-07,True,CONVERGED,float64,cuda:0
forward,2,337,9.441034313574698e-07,True,CONVERGED,float64,cuda:0
adjoint,0,337,9.467333862296509e-07,True,CONVERGED,float64,cuda:0
adjoint,1,342,9.512072038763208e-07,True,CONVERGED,float64,cuda:0
adjoint,2,345,9.753497568678825e-07,True,CONVERGED,float64,cuda:0
forward,0,335,9.983151188075121e-07,True,CONVERGED,float64,cuda:0
forward,1,343,9.36431504541709e-07,True,CONVERGED,float64,cuda:0
forward,2,338,8.731019945241316e-07,True,CONVERGED,float64,cuda:0
adjoint,0,338,9.180291626272465e-07,True,CONVERGED,float64,cuda:0
adjoint,1,342,9.241562992082587e-07,True,CONVERGED,float64,cuda:0
adjoint,2,346,9.876073437472873e-07,True,CONVERGED,float64,cuda:0
forward,0,334,9.869350983282196e-07,True,CONVERGED,float64,cuda:0
forward,1,343,9.261905254376571e-07,True,CONVERGED,float64,cuda:0
forward,2,337,9.57255076217828e-07,True,CONVERGED,float64,cuda:0
adjoint,0,337,9.675621255489034e-07,True,CONVERGED,float64,cuda:0
adjoint,1,342,9.555913737788753e-07,True,CONVERGED,float64,cuda:0
adjoint,2,345,9.854786572337912e-07,True,CONVERGED,float64,cuda:0
forward,0,334,9.650260896753436e-07,True,CONVERGED,float64,cuda:0
forward,1,343,9.439044669931426e-07,True,CONVERGED,float64,cuda:0
forward,2,337,9.416262464279298e-07,True,CONVERGED,float64,cuda:0
adjoint,0,337,9.234418695749334e-07,True,CONVERGED,float64,cuda:0
adjoint,1,342,9.447104583058377e-07,True,CONVERGED,float64,cuda:0
adjoint,2,345,9.83730582099213e-07,True,CONVERGED,float64,cuda:0
forward,0,336,8.915837954839245e-07,True,CONVERGED,float64,cuda:0
forward,1,343,9.699598331936556e-07,True,CONVERGED,float64,cuda:0
forward,2,338,9.019777315469839e-07,True,CONVERGED,float64,cuda:0
adjoint,0,338,8.979154847766224e-07,True,CONVERGED,float64,cuda:0
adjoint,1,342,9.493328202940829e-07,True,CONVERGED,float64,cuda:0
adjoint,2,346,9.930989055468271e-07,True,CONVERGED,float64,cuda:0
forward,0,335,9.248204992149499e-07,True,CONVERGED,float64,cuda:0
forward,1,343,9.620893517519993e-07,True,CONVERGED,float64,cuda:0
forward,2,337,9.676420991105547e-07,True,CONVERGED,float64,cuda:0
adjoint,0,337,9.475998606488348e-07,True,CONVERGED,float64,cuda:0
adjoint,1,342,9.271085557124259e-07,True,CONVERGED,float64,cuda:0
adjoint,2,346,9.814412354584636e-07,True,CONVERGED,float64,cuda:0
forward,0,335,9.805376522292111e-07,True,CONVERGED,float64,cuda:0
forward,1,343,9.689059531443971e-07,True,CONVERGED,float64,cuda:0
forward,2,337,9.892363459426418e-07,True,CONVERGED,float64,cuda:0
adjoint,0,337,9.723281978212976e-07,True,CONVERGED,float64,cuda:0
adjoint,1,342,9.123576736353257e-07,True,CONVERGED,float64,cuda:0
adjoint,2,346,9.84793376067094e-07,True,CONVERGED,float64,cuda:0
forward,0,336,9.087598568305931e-07,True,CONVERGED,float64,cuda:0
forward,1,344,9.372111047108859e-07,True,CONVERGED,float64,cuda:0
forward,2,338,8.688701882347055e-07,True,CONVERGED,float64,cuda:0
adjoint,0,338,8.874948311963543e-07,True,CONVERGED,float64,cuda:0
adjoint,1,342,8.982251628800319e-07,True,CONVERGED,float64,cuda:0
adjoint,2,346,9.907719778493659e-07,True,CONVERGED,float64,cuda:0
forward,0,336,8.91952596297361e-07,True,CONVERGED,float64,cuda:0
forward,1,343,9.795464292531638e-07,True,CONVERGED,float64,cuda:0
forward,2,337,9.886921537768874e-07,True,CONVERGED,float64,cuda:0
adjoint,0,337,9.864659691980174e-07,True,CONVERGED,float64,cuda:0
adjoint,1,342,9.26790156502422e-07,True,CONVERGED,float64,cuda:0
adjoint,2,346,9.841656468434703e-07,True,CONVERGED,float64,cuda:0
forward,0,336,9.115811583273009e-07,True,CONVERGED,float64,cuda:0
forward,1,343,9.67837514245727e-07,True,CONVERGED,float64,cuda:0
forward,2,337,9.961702188970694e-07,True,CONVERGED,float64,cuda:0
adjoint,0,338,8.942221125328412e-07,True,CONVERGED,float64,cuda:0
adjoint,1,342,9.463888778371983e-07,True,CONVERGED,float64,cuda:0
adjoint,2,346,9.90651332510054e-07,True,CONVERGED,float64,cuda:0
forward,0,336,8.964847824854195e-07,True,CONVERGED,float64,cuda:0
forward,1,343,9.68453895140954e-07,True,CONVERGED,float64,cuda:0
forward,2,338,8.653495376717964e-07,True,CONVERGED,float64,cuda:0
adjoint,0,337,9.968138808557075e-07,True,CONVERGED,float64,cuda:0
adjoint,1,342,9.3107553762823e-07,True,CONVERGED,float64,cuda:0
adjoint,2,346,9.902142483505392e-07,True,CONVERGED,float64,cuda:0
forward,0,335,9.882958303105636e-07,True,CONVERGED,float64,cuda:0
forward,1,343,9.74254419524323e-07,True,CONVERGED,float64,cuda:0
forward,2,338,8.700590093225641e-07,True,CONVERGED,float64,cuda:0
adjoint,0,337,9.704561673286865e-07,True,CONVERGED,float64,cuda:0
adjoint,1,342,8.897630135720014e-07,True,CONVERGED,float64,cuda:0
adjoint,2,346,9.67410988029005e-07,True,CONVERGED,float64,cuda:0
forward,0,335,9.62861050594328e-07,True,CONVERGED,float64,cuda:0
forward,1,343,9.553236333832143e-07,True,CONVERGED,float64,cuda:0
forward,2,338,8.619412742977238e-07,True,CONVERGED,float64,cuda:0
adjoint,0,337,9.95906561253793e-07,True,CONVERGED,float64,cuda:0
adjoint,1,342,9.155596033527688e-07,True,CONVERGED,float64,cuda:0
adjoint,2,346,9.661467733119744e-07,True,CONVERGED,float64,cuda:0
forward,0,335,9.397266963423803e-07,True,CONVERGED,float64,cuda:0
forward,1,343,9.336950154852279e-07,True,CONVERGED,float64,cuda:0
forward,2,338,8.863166281571103e-07,True,CONVERGED,float64,cuda:0
adjoint,0,337,9.974960808902966e-07,True,CONVERGED,float64,cuda:0
adjoint,1,342,9.057576425519565e-07,True,CONVERGED,float64,cuda:0
adjoint,2,346,9.787704461316679e-07,True,CONVERGED,float64,cuda:0
forward,0,328,9.773233029501774e-07,True,CONVERGED,float64,cuda:0
forward,1,343,9.424573730819166e-07,True,CONVERGED,float64,cuda:0
forward,2,338,9.03070306455067e-07,True,CONVERGED,float64,cuda:0
adjoint,0,337,9.515747125712965e-07,True,CONVERGED,float64,cuda:0
adjoint,1,342,9.001729556285021e-07,True,CONVERGED,float64,cuda:0
adjoint,2,346,9.651757451225929e-07,True,CONVERGED,float64,cuda:0
forward,0,329,9.784102557173023e-07,True,CONVERGED,float64,cuda:0
forward,1,343,9.350461210868268e-07,True,CONVERGED,float64,cuda:0
forward,2,338,8.766932223162987e-07,True,CONVERGED,float64,cuda:0
adjoint,0,337,9.712048065739736e-07,True,CONVERGED,float64,cuda:0
adjoint,1,342,9.20352212354035e-07,True,CONVERGED,float64,cuda:0
adjoint,2,345,9.85456439244268e-07,True,CONVERGED,float64,cuda:0
forward,0,333,9.82474448772103e-07,True,CONVERGED,float64,cuda:0
forward,1,343,9.285076036115769e-07,True,CONVERGED,float64,cuda:0
forward,2,338,8.559702565765281e-07,True,CONVERGED,float64,cuda:0
adjoint,0,337,9.59669904178835e-07,True,CONVERGED,float64,cuda:0
adjoint,1,342,9.439553736907672e-07,True,CONVERGED,float64,cuda:0
adjoint,2,345,9.701984956550906e-07,True,CONVERGED,float64,cuda:0
forward,0,335,9.382488550066235e-07,True,CONVERGED,float64,cuda:0
forward,1,343,9.22816018843929e-07,True,CONVERGED,float64,cuda:0
forward,2,338,8.57712301248534e-07,True,CONVERGED,float64,cuda:0
adjoint,0,337,9.366728048392457e-07,True,CONVERGED,float64,cuda:0
adjoint,1,342,9.329633609735136e-07,True,CONVERGED,float64,cuda:0
adjoint,2,345,9.61479932472181e-07,True,CONVERGED,float64,cuda:0
forward,0,332,9.601023573889754e-07,True,CONVERGED,float64,cuda:0
forward,1,343,9.207716633149958e-07,True,CONVERGED,float64,cuda:0
forward,2,337,9.920635187376507e-07,True,CONVERGED,float64,cuda:0
adjoint,0,337,9.71500310667797e-07,True,CONVERGED,float64,cuda:0
adjoint,1,342,9.419362328389751e-07,True,CONVERGED,float64,cuda:0
adjoint,2,345,9.60812286154162e-07,True,CONVERGED,float64,cuda:0
forward,0,328,9.515062039339961e-07,True,CONVERGED,float64,cuda:0
forward,1,342,9.953850574549568e-07,True,CONVERGED,float64,cuda:0
forward,2,337,9.92918302801144e-07,True,CONVERGED,float64,cuda:0
adjoint,0,337,9.632211445787143e-07,True,CONVERGED,float64,cuda:0
adjoint,1,342,9.249039046810844e-07,True,CONVERGED,float64,cuda:0
adjoint,2,345,9.600914280645869e-07,True,CONVERGED,float64,cuda:0
forward,0,328,9.497808702901338e-07,True,CONVERGED,float64,cuda:0
forward,1,342,9.917049372767904e-07,True,CONVERGED,float64,cuda:0
forward,2,338,8.761972806225989e-07,True,CONVERGED,float64,cuda:0
adjoint,0,337,9.541787904694295e-07,True,CONVERGED,float64,cuda:0
adjoint,1,342,9.199498528690406e-07,True,CONVERGED,float64,cuda:0
adjoint,2,345,9.67366656266092e-07,True,CONVERGED,float64,cuda:0
forward,0,332,9.843835350313285e-07,True,CONVERGED,float64,cuda:0
forward,1,343,9.157619241913025e-07,True,CONVERGED,float64,cuda:0
forward,2,337,9.980123584469174e-07,True,CONVERGED,float64,cuda:0
adjoint,0,337,9.785177829246906e-07,True,CONVERGED,float64,cuda:0
adjoint,1,342,9.349933449982195e-07,True,CONVERGED,float64,cuda:0
adjoint,2,345,9.71356926219764e-07,True,CONVERGED,float64,cuda:0
forward,0,334,9.286488657211842e-07,True,CONVERGED,float64,cuda:0
forward,1,343,9.317025727280079e-07,True,CONVERGED,float64,cuda:0
forward,2,338,8.594420484995833e-07,True,CONVERGED,float64,cuda:0
adjoint,0,337,9.680957260819217e-07,True,CONVERGED,float64,cuda:0
adjoint,1,342,9.506135014333483e-07,True,CONVERGED,float64,cuda:0
adjoint,2,345,9.774254495018215e-07,True,CONVERGED,float64,cuda:0
forward,0,334,9.940076731119508e-07,True,CONVERGED,float64,cuda:0
forward,1,343,9.359190187800414e-07,True,CONVERGED,float64,cuda:0
forward,2,338,8.718360443516531e-07,True,CONVERGED,float64,cuda:0
adjoint,0,337,9.443237849065845e-07,True,CONVERGED,float64,cuda:0
adjoint,1,342,9.20448128475216e-07,True,CONVERGED,float64,cuda:0
adjoint,2,345,9.772470029995586e-07,True,CONVERGED,float64,cuda:0
forward,0,334,9.8738416961557e-07,True,CONVERGED,float64,cuda:0
forward,1,343,9.38666468879052e-07,True,CONVERGED,float64,cuda:0
forward,2,338,8.797025832084883e-07,True,CONVERGED,float64,cuda:0
adjoint,0,337,9.859301989504815e-07,True,CONVERGED,float64,cuda:0
adjoint,1,342,9.443127679215559e-07,True,CONVERGED,float64,cuda:0
adjoint,2,346,9.663540092768787e-07,True,CONVERGED,float64,cuda:0
forward,0,334,9.705253051177404e-07,True,CONVERGED,float64,cuda:0
forward,1,343,9.342312880595752e-07,True,CONVERGED,float64,cuda:0
forward,2,338,8.758045880836718e-07,True,CONVERGED,float64,cuda:0
adjoint,0,337,9.910386711545589e-07,True,CONVERGED,float64,cuda:0
adjoint,1,342,9.472389232532645e-07,True,CONVERGED,float64,cuda:0
adjoint,2,346,9.652032946177928e-07,True,CONVERGED,float64,cuda:0
forward,0,334,9.792438270355035e-07,True,CONVERGED,float64,cuda:0
forward,1,343,9.32701097998557e-07,True,CONVERGED,float64,cuda:0
forward,2,338,8.763939373316329e-07,True,CONVERGED,float64,cuda:0
adjoint,0,337,9.926329932668763e-07,True,CONVERGED,float64,cuda:0
adjoint,1,342,9.451233022083015e-07,True,CONVERGED,float64,cuda:0
adjoint,2,346,9.662200182877002e-07,True,CONVERGED,float64,cuda:0
forward,0,334,9.98419049218769e-07,True,CONVERGED,float64,cuda:0
forward,1,343,9.361669985628431e-07,True,CONVERGED,float64,cuda:0
forward,2,338,8.686636422872354e-07,True,CONVERGED,float64,cuda:0
adjoint,0,337,9.788102265040298e-07,True,CONVERGED,float64,cuda:0
adjoint,1,342,9.533654549966146e-07,True,CONVERGED,float64,cuda:0
adjoint,2,345,9.992983527081838e-07,True,CONVERGED,float64,cuda:0
forward,0,334,9.588870055351817e-07,True,CONVERGED,float64,cuda:0
forward,1,343,9.323327216202594e-07,True,CONVERGED,float64,cuda:0
forward,2,338,8.598940168241413e-07,True,CONVERGED,float64,cuda:0
adjoint,0,337,9.355043643479695e-07,True,CONVERGED,float64,cuda:0
adjoint,1,342,9.238230311123316e-07,True,CONVERGED,float64,cuda:0
adjoint,2,345,9.70289160723047e-07,True,CONVERGED,float64,cuda:0
forward,0,334,9.684522422476046e-07,True,CONVERGED,float64,cuda:0
forward,1,343,9.370473468163259e-07,True,CONVERGED,float64,cuda:0
forward,2,338,8.620332391881341e-07,True,CONVERGED,float64,cuda:0
adjoint,0,337,9.642488616059184e-07,True,CONVERGED,float64,cuda:0
adjoint,1,342,9.601409219559152e-07,True,CONVERGED,float64,cuda:0
adjoint,2,345,9.81029176348252e-07,True,CONVERGED,float64,cuda:0
forward,0,334,9.471443533024693e-07,True,CONVERGED,float64,cuda:0
forward,1,343,9.268448128545553e-07,True,CONVERGED,float64,cuda:0
forward,2,337,9.831464622435416e-07,True,CONVERGED,float64,cuda:0
adjoint,0,337,9.613202206276352e-07,True,CONVERGED,float64,cuda:0
adjoint,1,342,9.67671133410085e-07,True,CONVERGED,float64,cuda:0
adjoint,2,345,9.70265072739585e-07,True,CONVERGED,float64,cuda:0
forward,0,334,9.299740885463742e-07,True,CONVERGED,float64,cuda:0
forward,1,343,9.228435092566131e-07,True,CONVERGED,float64,cuda:0
forward,2,337,9.863404733043637e-07,True,CONVERGED,float64,cuda:0
adjoint,0,337,9.754163159822228e-07,True,CONVERGED,float64,cuda:0
adjoint,1,342,9.562956555476958e-07,True,CONVERGED,float64,cuda:0
adjoint,2,345,9.740213120300599e-07,True,CONVERGED,float64,cuda:0
forward,0,333,9.983785591393317e-07,True,CONVERGED,float64,cuda:0
forward,1,343,9.260898161464342e-07,True,CONVERGED,float64,cuda:0
forward,2,337,9.939609545879067e-07,True,CONVERGED,float64,cuda:0
adjoint,0,337,9.825130034736845e-07,True,CONVERGED,float64,cuda:0
adjoint,1,342,9.520129936870273e-07,True,CONVERGED,float64,cuda:0
adjoint,2,345,9.803905714435934e-07,True,CONVERGED,float64,cuda:0
forward,0,333,9.90605462891095e-07,True,CONVERGED,float64,cuda:0
forward,1,343,9.279697324433088e-07,True,CONVERGED,float64,cuda:0
forward,2,337,9.822899102623036e-07,True,CONVERGED,float64,cuda:0
adjoint,0,337,9.67511287438397e-07,True,CONVERGED,float64,cuda:0
adjoint,1,342,9.628656482486504e-07,True,CONVERGED,float64,cuda:0
adjoint,2,345,9.692472228685617e-07,True,CONVERGED,float64,cuda:0
forward,0,334,9.62583606451878e-07,True,CONVERGED,float64,cuda:0
forward,1,343,9.332826761742943e-07,True,CONVERGED,float64,cuda:0
forward,2,337,9.954520184317245e-07,True,CONVERGED,float64,cuda:0
adjoint,0,337,9.73869800562248e-07,True,CONVERGED,float64,cuda:0
adjoint,1,342,9.633947145389815e-07,True,CONVERGED,float64,cuda:0
adjoint,2,345,9.798125415470255e-07,True,CONVERGED,float64,cuda:0
forward,0,334,9.696297846185001e-07,True,CONVERGED,float64,cuda:0
forward,1,343,9.310440134219363e-07,True,CONVERGED,float64,cuda:0
forward,2,337,9.908396970162757e-07,True,CONVERGED,float64,cuda:0
adjoint,0,337,9.593399075692738e-07,True,CONVERGED,float64,cuda:0
adjoint,1,342,9.492528816494904e-07,True,CONVERGED,float64,cuda:0
adjoint,2,345,9.733672674137962e-07,True,CONVERGED,float64,cuda:0
forward,0,335,9.250832569656656e-07,True,CONVERGED,float64,cuda:0
forward,1,343,9.386522105747706e-07,True,CONVERGED,float64,cuda:0
forward,2,338,8.733445244373088e-07,True,CONVERGED,float64,cuda:0
adjoint,0,337,9.9072946145163e-07,True,CONVERGED,float64,cuda:0
adjoint,1,342,9.330001072951951e-07,True,CONVERGED,float64,cuda:0
adjoint,2,345,9.88991540622841e-07,True,CONVERGED,float64,cuda:0
forward,0,334,9.420576055992605e-07,True,CONVERGED,float64,cuda:0
forward,1,343,9.326286192493191e-07,True,CONVERGED,float64,cuda:0
forward,2,337,9.842554707018584e-07,True,CONVERGED,float64,cuda:0
adjoint,0,337,9.213835664165734e-07,True,CONVERGED,float64,cuda:0
adjoint,1,342,9.252137104049834e-07,True,CONVERGED,float64,cuda:0
adjoint,2,345,9.721482719213294e-07,True,CONVERGED,float64,cuda:0
forward,0,335,9.704749312284622e-07,True,CONVERGED,float64,cuda:0
forward,1,343,9.399971008017969e-07,True,CONVERGED,float64,cuda:0
forward,2,338,8.792088062264141e-07,True,CONVERGED,float64,cuda:0
adjoint,0,337,9.919996632611902e-07,True,CONVERGED,float64,cuda:0
adjoint,1,342,9.405872240193935e-07,True,CONVERGED,float64,cuda:0
adjoint,2,346,9.746061291229837e-07,True,CONVERGED,float64,cuda:0
forward,0,334,9.975631846011169e-07,True,CONVERGED,float64,cuda:0
forward,1,343,9.292673792406932e-07,True,CONVERGED,float64,cuda:0
forward,2,337,9.930722467020992e-07,True,CONVERGED,float64,cuda:0
adjoint,0,337,9.655777677199192e-07,True,CONVERGED,float64,cuda:0
adjoint,1,342,9.513134770396897e-07,True,CONVERGED,float64,cuda:0
adjoint,2,345,9.895186270286322e-07,True,CONVERGED,float64,cuda:0
forward,0,334,9.733568170612378e-07,True,CONVERGED,float64,cuda:0
forward,1,343,9.295964239499189e-07,True,CONVERGED,float64,cuda:0
forward,2,337,9.938731191806551e-07,True,CONVERGED,float64,cuda:0
adjoint,0,337,9.54483766230533e-07,True,CONVERGED,float64,cuda:0
adjoint,1,342,9.343853069724938e-07,True,CONVERGED,float64,cuda:0
adjoint,2,345,9.859702470929137e-07,True,CONVERGED,float64,cuda:0
forward,0,335,9.275508301288096e-07,True,CONVERGED,float64,cuda:0
forward,1,343,9.368104457885122e-07,True,CONVERGED,float64,cuda:0
forward,2,338,8.843836918877891e-07,True,CONVERGED,float64,cuda:0
adjoint,0,337,9.846371896483459e-07,True,CONVERGED,float64,cuda:0
adjoint,1,342,9.261871462910587e-07,True,CONVERGED,float64,cuda:0
adjoint,2,346,9.611125787402501e-07,True,CONVERGED,float64,cuda:0
forward,0,334,9.90323172402053e-07,True,CONVERGED,float64,cuda:0
forward,1,343,9.307536199584946e-07,True,CONVERGED,float64,cuda:0
forward,2,338,8.688439715275936e-07,True,CONVERGED,float64,cuda:0
adjoint,0,337,9.477409028154952e-07,True,CONVERGED,float64,cuda:0
adjoint,1,342,9.109920038068266e-07,True,CONVERGED,float64,cuda:0
adjoint,2,345,9.935191891323389e-07,True,CONVERGED,float64,cuda:0
forward,0,335,9.362632465928369e-07,True,CONVERGED,float64,cuda:0
forward,1,343,9.310159690797328e-07,True,CONVERGED,float64,cuda:0
forward,2,338,8.590503506509466e-07,True,CONVERGED,float64,cuda:0
adjoint,0,337,9.733855548917647e-07,True,CONVERGED,float64,cuda:0
adjoint,1,342,9.454596908886282e-07,True,CONVERGED,float64,cuda:0
adjoint,2,346,9.667648051612096e-07,True,CONVERGED,float64,cuda:0
forward,0,335,9.585265081478579e-07,True,CONVERGED,float64,cuda:0
forward,1,343,9.348905876037745e-07,True,CONVERGED,float64,cuda:0
forward,2,338,8.737034373101466e-07,True,CONVERGED,float64,cuda:0
adjoint,0,337,9.953965185401227e-07,True,CONVERGED,float64,cuda:0
adjoint,1,342,9.28939945940568e-07,True,CONVERGED,float64,cuda:0
adjoint,2,346,9.809001008080673e-07,True,CONVERGED,float64,cuda:0
forward,0,335,9.229003399958409e-07,True,CONVERGED,float64,cuda:0
forward,1,343,9.303060081144775e-07,True,CONVERGED,float64,cuda:0
forward,2,338,8.636995560885034e-07,True,CONVERGED,float64,cuda:0
adjoint,0,337,9.680962849087367e-07,True,CONVERGED,float64,cuda:0
adjoint,1,342,9.437107461948367e-07,True,CONVERGED,float64,cuda:0
adjoint,2,345,9.999491479787197e-07,True,CONVERGED,float64,cuda:0
forward,0,335,9.150960933550989e-07,True,CONVERGED,float64,cuda:0
forward,1,343,9.349928853431686e-07,True,CONVERGED,float64,cuda:0
forward,2,338,8.829756204337123e-07,True,CONVERGED,float64,cuda:0
adjoint,0,337,9.525992334156499e-07,True,CONVERGED,float64,cuda:0
adjoint,1,342,8.936675377384736e-07,True,CONVERGED,float64,cuda:0
adjoint,2,345,9.944256052822165e-07,True,CONVERGED,float64,cuda:0
forward,0,335,9.789899295930688e-07,True,CONVERGED,float64,cuda:0
forward,1,343,9.428170763631032e-07,True,CONVERGED,float64,cuda:0
forward,2,338,8.997802293139755e-07,True,CONVERGED,float64,cuda:0
adjoint,0,337,9.887034952822039e-07,True,CONVERGED,float64,cuda:0
adjoint,1,342,9.201074187497001e-07,True,CONVERGED,float64,cuda:0
adjoint,2,346,9.870031073944035e-07,True,CONVERGED,float64,cuda:0
forward,0,335,9.1558946418392e-07,True,CONVERGED,float64,cuda:0
forward,1,343,9.297169332150278e-07,True,CONVERGED,float64,cuda:0
forward,2,338,8.64042718703928e-07,True,CONVERGED,float64,cuda:0
adjoint,0,337,9.624553942147054e-07,True,CONVERGED,float64,cuda:0
adjoint,1,342,9.419051822427412e-07,True,CONVERGED,float64,cuda:0
adjoint,2,345,9.886546788074791e-07,True,CONVERGED,float64,cuda:0
forward,0,335,9.393534900707446e-07,True,CONVERGED,float64,cuda:0
forward,1,343,9.300577251041412e-07,True,CONVERGED,float64,cuda:0
forward,2,338,8.808411801979263e-07,True,CONVERGED,float64,cuda:0
adjoint,0,337,9.805745510447992e-07,True,CONVERGED,float64,cuda:0
adjoint,1,342,9.262349203993636e-07,True,CONVERGED,float64,cuda:0
adjoint,2,345,9.972061416243468e-07,True,CONVERGED,float64,cuda:0
forward,0,336,8.791999304889662e-07,True,CONVERGED,float64,cuda:0
forward,1,343,9.512490688192854e-07,True,CONVERGED,float64,cuda:0
forward,2,338,9.286402484326767e-07,True,CONVERGED,float64,cuda:0
adjoint,0,338,9.103643541376647e-07,True,CONVERGED,float64,cuda:0
adjoint,1,342,9.131448867538506e-07,True,CONVERGED,float64,cuda:0
adjoint,2,346,9.914706707037049e-07,True,CONVERGED,float64,cuda:0
forward,0,335,9.033139822575674e-07,True,CONVERGED,float64,cuda:0
forward,1,343,9.453945739301351e-07,True,CONVERGED,float64,cuda:0
forward,2,338,8.833183128493021e-07,True,CONVERGED,float64,cuda:0
adjoint,0,337,9.361408385652067e-07,True,CONVERGED,float64,cuda:0
adjoint,1,342,9.085611577839192e-07,True,CONVERGED,float64,cuda:0
adjoint,2,345,9.86798746852369e-07,True,CONVERGED,float64,cuda:0
forward,0,335,9.895915928840547e-07,True,CONVERGED,float64,cuda:0
forward,1,343,9.217017329327301e-07,True,CONVERGED,float64,cuda:0
forward,2,338,8.885143093520389e-07,True,CONVERGED,float64,cuda:0
adjoint,0,338,9.126736587429255e-07,True,CONVERGED,float64,cuda:0
adjoint,1,342,9.056563118114791e-07,True,CONVERGED,float64,cuda:0
adjoint,2,346,9.730286229126339e-07,True,CONVERGED,float64,cuda:0
forward,0,335,9.89178370595194e-07,True,CONVERGED,float64,cuda:0
forward,1,343,9.500118085548209e-07,True,CONVERGED,float64,cuda:0
forward,2,338,9.292137223248015e-07,True,CONVERGED,float64,cuda:0
adjoint,0,338,9.228410212319456e-07,True,CONVERGED,float64,cuda:0
adjoint,1,342,9.007179285770871e-07,True,CONVERGED,float64,cuda:0
adjoint,2,346,9.98314940334722e-07,True,CONVERGED,float64,cuda:0
forward,0,334,9.5223475041394e-07,True,CONVERGED,float64,cuda:0
forward,1,343,9.336062376869009e-07,True,CONVERGED,float64,cuda:0
forward,2,338,8.791664706898429e-07,True,CONVERGED,float64,cuda:0
adjoint,0,337,9.332355549798856e-07,True,CONVERGED,float64,cuda:0
adjoint,1,342,9.522548368394641e-07,True,CONVERGED,float64,cuda:0
adjoint,2,345,9.710162143434795e-07,True,CONVERGED,float64,cuda:0
forward,0,334,9.706561111720923e-07,True,CONVERGED,float64,cuda:0
forward,1,343,9.176073717607216e-07,True,CONVERGED,float64,cuda:0
forward,2,338,8.843782688661081e-07,True,CONVERGED,float64,cuda:0
adjoint,0,337,9.515705449083134e-07,True,CONVERGED,float64,cuda:0
adjoint,1,342,9.400211670607758e-07,True,CONVERGED,float64,cuda:0
adjoint,2,345,9.607708034668336e-07,True,CONVERGED,float64,cuda:0
forward,0,336,9.658783667898127e-07,True,CONVERGED,float64,cuda:0
forward,1,344,9.706838468356956e-07,True,CONVERGED,float64,cuda:0
forward,2,340,9.045325476351908e-07,True,CONVERGED,float64,cuda:0
adjoint,0,339,9.963046353162896e-07,True,CONVERGED,float64,cuda:0
adjoint,1,341,9.979964193181427e-07,True,CONVERGED,float64,cuda:0
adjoint,2,347,8.968275366581653e-07,True,CONVERGED,float64,cuda:0
forward,0,333,9.573817235140736e-07,True,CONVERGED,float64,cuda:0
forward,1,342,9.442560163729883e-07,True,CONVERGED,float64,cuda:0
forward,2,338,8.517037615739666e-07,True,CONVERGED,float64,cuda:0
adjoint,0,332,9.950175757275066e-07,True,CONVERGED,float64,cuda:0
adjoint,1,334,9.914711627680704e-07,True,CONVERGED,float64,cuda:0
adjoint,2,331,9.927448448761633e-07,True,CONVERGED,float64,cuda:0
forward,0,332,9.808606701936057e-07,True,CONVERGED,float64,cuda:0
forward,1,342,9.358558210232614e-07,True,CONVERGED,float64,cuda:0
forward,2,338,8.540596523671472e-07,True,CONVERGED,float64,cuda:0
adjoint,0,332,9.78107925810269e-07,True,CONVERGED,float64,cuda:0
adjoint,1,334,9.95074583595575e-07,True,CONVERGED,float64,cuda:0
adjoint,2,332,9.546501483102889e-07,True,CONVERGED,float64,cuda:0
forward,0,334,9.737321980508836e-07,True,CONVERGED,float64,cuda:0
forward,1,343,9.10172138769554e-07,True,CONVERGED,float64,cuda:0
forward,2,338,9.355360906048314e-07,True,CONVERGED,float64,cuda:0
adjoint,0,332,9.779600286091468e-07,True,CONVERGED,float64,cuda:0
adjoint,1,334,9.611577617816458e-07,True,CONVERGED,float64,cuda:0
adjoint,2,333,9.649522762925342e-07,True,CONVERGED,float64,cuda:0
forward,0,335,9.364573553126562e-07,True,CONVERGED,float64,cuda:0
forward,1,342,9.93783249521368e-07,True,CONVERGED,float64,cuda:0
forward,2,338,8.489771900040524e-07,True,CONVERGED,float64,cuda:0
adjoint,0,332,9.95565293470381e-07,True,CONVERGED,float64,cuda:0
adjoint,1,332,9.909056472697492e-07,True,CONVERGED,float64,cuda:0
adjoint,2,331,9.934934414758586e-07,True,CONVERGED,float64,cuda:0
forward,0,335,9.456635706477905e-07,True,CONVERGED,float64,cuda:0
forward,1,343,8.897184931891239e-07,True,CONVERGED,float64,cuda:0
forward,2,338,8.596937872662938e-07,True,CONVERGED,float64,cuda:0
adjoint,0,333,9.215724276601823e-07,True,CONVERGED,float64,cuda:0
adjoint,1,331,9.98890826791008e-07,True,CONVERGED,float64,cuda:0
adjoint,2,332,9.576423428510286e-07,True,CONVERGED,float64,cuda:0
forward,0,335,9.789703816609088e-07,True,CONVERGED,float64,cuda:0
forward,1,343,9.364539620125403e-07,True,CONVERGED,float64,cuda:0
forward,2,338,9.633699159256433e-07,True,CONVERGED,float64,cuda:0
adjoint,0,334,9.214192545783183e-07,True,CONVERGED,float64,cuda:0
adjoint,1,334,9.632608867423875e-07,True,CONVERGED,float64,cuda:0
adjoint,2,334,9.149587530542792e-07,True,CONVERGED,float64,cuda:0
forward,0,336,9.206642293128373e-07,True,CONVERGED,float64,cuda:0
forward,1,342,9.794046868598532e-07,True,CONVERGED,float64,cuda:0
forward,2,338,8.293653458763151e-07,True,CONVERGED,float64,cuda:0
adjoint,0,333,9.645856803566794e-07,True,CONVERGED,float64,cuda:0
adjoint,1,335,9.509544162984696e-07,True,CONVERGED,float64,cuda:0
adjoint,2,331,9.920471632689781e-07,True,CONVERGED,float64,cuda:0
forward,0,336,9.925808451468354e-07,True,CONVERGED,float64,cuda:0
forward,1,342,9.904669459992752e-07,True,CONVERGED,float64,cuda:0
forward,2,338,8.849783493569006e-07,True,CONVERGED,float64,cuda:0
adjoint,0,333,9.704951378800593e-07,True,CONVERGED,float64,cuda:0
adjoint,1,334,9.819438359856873e-07,True,CONVERGED,float64,cuda:0
adjoint,2,332,9.88433003529591e-07,True,CONVERGED,float64,cuda:0
forward,0,336,9.540613650213199e-07,True,CONVERGED,float64,cuda:0
forward,1,343,9.18447843373871e-07,True,CONVERGED,float64,cuda:0
forward,2,338,8.727493513900639e-07,True,CONVERGED,float64,cuda:0
adjoint,0,333,9.610685505518988e-07,True,CONVERGED,float64,cuda:0
adjoint,1,334,9.783720179176196e-07,True,CONVERGED,float64,cuda:0
adjoint,2,332,9.866726261189573e-07,True,CONVERGED,float64,cuda:0
forward,0,336,9.26259130360927e-07,True,CONVERGED,float64,cuda:0
forward,1,342,9.979631041233903e-07,True,CONVERGED,float64,cuda:0
forward,2,338,8.965851321689574e-07,True,CONVERGED,float64,cuda:0
adjoint,0,333,9.388666701915199e-07,True,CONVERGED,float64,cuda:0
adjoint,1,334,9.841159311479588e-07,True,CONVERGED,float64,cuda:0
adjoint,2,331,9.738006384603462e-07,True,CONVERGED,float64,cuda:0
forward,0,336,9.127972569353422e-07,True,CONVERGED,float64,cuda:0
forward,1,343,9.339413675238274e-07,True,CONVERGED,float64,cuda:0
forward,2,338,9.072272964047483e-07,True,CONVERGED,float64,cuda:0
adjoint,0,333,9.648656401099222e-07,True,CONVERGED,float64,cuda:0
adjoint,1,334,9.718051433266846e-07,True,CONVERGED,float64,cuda:0
adjoint,2,332,9.929152721746177e-07,True,CONVERGED,float64,cuda:0
forward,0,336,9.102527021949371e-07,True,CONVERGED,float64,cuda:0
forward,1,343,9.151088957542944e-07,True,CONVERGED,float64,cuda:0
forward,2,338,8.749709641961836e-07,True,CONVERGED,float64,cuda:0
adjoint,0,333,9.486229887579979e-07,True,CONVERGED,float64,cuda:0
adjoint,1,334,9.755335126208398e-07,True,CONVERGED,float64,cuda:0
adjoint,2,332,9.880348104916857e-07,True,CONVERGED,float64,cuda:0
forward,0,336,8.894097855932832e-07,True,CONVERGED,float64,cuda:0
forward,1,342,9.965458539913823e-07,True,CONVERGED,float64,cuda:0
forward,2,338,8.639873446911746e-07,True,CONVERGED,float64,cuda:0
adjoint,0,333,9.531039127327834e-07,True,CONVERGED,float64,cuda:0
adjoint,1,334,9.961780141209603e-07,True,CONVERGED,float64,cuda:0
adjoint,2,331,9.904859407333805e-07,True,CONVERGED,float64,cuda:0
forward,0,336,9.637189659941501e-07,True,CONVERGED,float64,cuda:0
forward,1,342,9.945981359207156e-07,True,CONVERGED,float64,cuda:0
forward,2,338,8.930965171449893e-07,True,CONVERGED,float64,cuda:0
adjoint,0,333,9.820707030851054e-07,True,CONVERGED,float64,cuda:0
adjoint,1,334,9.891563218243626e-07,True,CONVERGED,float64,cuda:0
adjoint,2,333,8.997059100095272e-07,True,CONVERGED,float64,cuda:0
forward,0,336,9.453202163569185e-07,True,CONVERGED,float64,cuda:0
forward,1,342,9.93460960167461e-07,True,CONVERGED,float64,cuda:0
forward,2,338,8.885400148747816e-07,True,CONVERGED,float64,cuda:0
adjoint,0,333,9.887961734458283e-07,True,CONVERGED,float64,cuda:0
adjoint,1,334,9.87378158422632e-07,True,CONVERGED,float64,cuda:0
adjoint,2,332,9.75970501288171e-07,True,CONVERGED,float64,cuda:0
forward,0,336,9.242594009979832e-07,True,CONVERGED,float64,cuda:0
forward,1,342,9.97478302575609e-07,True,CONVERGED,float64,cuda:0
forward,2,338,9.241941329259596e-07,True,CONVERGED,float64,cuda:0
adjoint,0,333,9.929925942165854e-07,True,CONVERGED,float64,cuda:0
adjoint,1,334,9.733293916058755e-07,True,CONVERGED,float64,cuda:0
adjoint,2,330,9.841740985648641e-07,True,CONVERGED,float64,cuda:0
forward,0,337,9.298275231757629e-07,True,CONVERGED,float64,cuda:0
forward,1,343,9.823312125561784e-07,True,CONVERGED,float64,cuda:0
forward,2,339,9.518893522204337e-07,True,CONVERGED,float64,cuda:0
adjoint,0,335,9.6318811635603e-07,True,CONVERGED,float64,cuda:0
adjoint,1,335,9.996431565077166e-07,True,CONVERGED,float64,cuda:0
adjoint,2,334,9.530751301682679e-07,True,CONVERGED,float64,cuda:0
forward,0,336,9.717424342502715e-07,True,CONVERGED,float64,cuda:0
forward,1,342,9.67950298349437e-07,True,CONVERGED,float64,cuda:0
forward,2,338,9.217396186089558e-07,True,CONVERGED,float64,cuda:0
adjoint,0,333,9.576609386315108e-07,True,CONVERGED,float64,cuda:0
adjoint,1,335,9.680705028020454e-07,True,CONVERGED,float64,cuda:0
adjoint,2,331,9.513476111933473e-07,True,CONVERGED,float64,cuda:0
forward,0,336,9.746257172780138e-07,True,CONVERGED,float64,cuda:0
forward,1,342,9.320210327185332e-07,True,CONVERGED,float64,cuda:0
forward,2,338,8.841161937487332e-07,True,CONVERGED,float64,cuda:0
adjoint,0,334,9.6287730920103e-07,True,CONVERGED,float64,cuda:0
adjoint,1,335,9.442219675444341e-07,True,CONVERGED,float64,cuda:0
adjoint,2,330,9.977975529814164e-07,True,CONVERGED,float64,cuda:0
forward,0,337,9.093192344450066e-07,True,CONVERGED,float64,cuda:0
forward,1,343,9.662202015050312e-07,True,CONVERGED,float64,cuda:0
forward,2,338,9.835462398295922e-07,True,CONVERGED,float64,cuda:0
adjoint,0,333,9.993985882369495e-07,True,CONVERGED,float64,cuda:0
adjoint,1,334,9.747825944807464e-07,True,CONVERGED,float64,cuda:0
adjoint,2,334,9.160833345600184e-07,True,CONVERGED,float64,cuda:0
forward,0,336,9.706347653230343e-07,True,CONVERGED,float64,cuda:0
forward,1,342,9.925755119834826e-07,True,CONVERGED,float64,cuda:0
forward,2,338,9.65019463868671e-07,True,CONVERGED,float64,cuda:0
adjoint,0,334,9.763833181049113e-07,True,CONVERGED,float64,cuda:0
adjoint,1,334,9.781199067433519e-07,True,CONVERGED,float64,cuda:0
adjoint,2,331,9.755388040634052e-07,True,CONVERGED,float64,cuda:0
forward,0,335,9.894776982402385e-07,True,CONVERGED,float64,cuda:0
forward,1,343,9.594194693727185e-07,True,CONVERGED,float64,cuda:0
forward,2,339,9.046125187929041e-07,True,CONVERGED,float64,cuda:0
adjoint,0,330,8.934432571710655e-07,True,CONVERGED,float64,cuda:0
adjoint,1,331,9.773298648240621e-07,True,CONVERGED,float64,cuda:0
adjoint,2,332,9.609995071069976e-07,True,CONVERGED,float64,cuda:0
forward,0,337,9.471773294084189e-07,True,CONVERGED,float64,cuda:0
forward,1,346,9.07174099862737e-07,True,CONVERGED,float64,cuda:0
forward,2,339,9.658202245975187e-07,True,CONVERGED,float64,cuda:0
adjoint,0,337,9.906397994684905e-07,True,CONVERGED,float64,cuda:0
adjoint,1,336,9.925643520324034e-07,True,CONVERGED,float64,cuda:0
adjoint,2,336,9.242465489006744e-07,True,CONVERGED,float64,cuda:0
forward,0,339,8.873562416297052e-07,True,CONVERGED,float64,cuda:0
forward,1,345,9.765228545797032e-07,True,CONVERGED,float64,cuda:0
forward,2,340,9.905052264044e-07,True,CONVERGED,float64,cuda:0
adjoint,0,339,9.195915526949973e-07,True,CONVERGED,float64,cuda:0
adjoint,1,337,9.718625399634362e-07,True,CONVERGED,float64,cuda:0
adjoint,2,333,9.298934927518639e-07,True,CONVERGED,float64,cuda:0
forward,0,338,9.483568083274789e-07,True,CONVERGED,float64,cuda:0
forward,1,345,8.705754148937812e-07,True,CONVERGED,float64,cuda:0
forward,2,341,9.816028472899782e-07,True,CONVERGED,float64,cuda:0
adjoint,0,340,8.979899503822104e-07,True,CONVERGED,float64,cuda:0
adjoint,1,337,9.80381400280512e-07,True,CONVERGED,float64,cuda:0
adjoint,2,333,9.281052919366112e-07,True,CONVERGED,float64,cuda:0
forward,0,337,9.69206311976249e-07,True,CONVERGED,float64,cuda:0
forward,1,344,9.484014697279227e-07,True,CONVERGED,float64,cuda:0
forward,2,341,9.42483415972608e-07,True,CONVERGED,float64,cuda:0
adjoint,0,340,9.592249180464166e-07,True,CONVERGED,float64,cuda:0
adjoint,1,337,9.866444240634576e-07,True,CONVERGED,float64,cuda:0
adjoint,2,332,9.490723320591114e-07,True,CONVERGED,float64,cuda:0
forward,0,326,9.367797999872279e-07,True,CONVERGED,float64,cuda:0
forward,1,342,9.950877594121865e-07,True,CONVERGED,float64,cuda:0
forward,2,340,9.559969758811766e-07,True,CONVERGED,float64,cuda:0
adjoint,0,339,9.037491221270177e-07,True,CONVERGED,float64,cuda:0
adjoint,1,330,9.970981402226508e-07,True,CONVERGED,float64,cuda:0
adjoint,2,331,8.955238526336829e-07,True,CONVERGED,float64,cuda:0
forward,0,326,8.94510294672799e-07,True,CONVERGED,float64,cuda:0
forward,1,342,9.031970656872955e-07,True,CONVERGED,float64,cuda:0
forward,2,339,9.91256777008078e-07,True,CONVERGED,float64,cuda:0
adjoint,0,339,8.860629909256906e-07,True,CONVERGED,float64,cuda:0
adjoint,1,329,9.806322680946368e-07,True,CONVERGED,float64,cuda:0
adjoint,2,330,9.97408328863636e-07,True,CONVERGED,float64,cuda:0
forward,0,334,9.659293966817915e-07,True,CONVERGED,float64,cuda:0
forward,1,342,9.380565490119949e-07,True,CONVERGED,float64,cuda:0
forward,2,338,9.680254377131136e-07,True,CONVERGED,float64,cuda:0
adjoint,0,337,9.95327148056273e-07,True,CONVERGED,float64,cuda:0
adjoint,1,328,9.793718553959514e-07,True,CONVERGED,float64,cuda:0
adjoint,2,330,9.57931161204339e-07,True,CONVERGED,float64,cuda:0
forward,0,335,8.957359359927151e-07,True,CONVERGED,float64,cuda:0
forward,1,342,9.287950293962243e-07,True,CONVERGED,float64,cuda:0
forward,2,338,9.159062457560178e-07,True,CONVERGED,float64,cuda:0
adjoint,0,336,9.955324964455154e-07,True,CONVERGED,float64,cuda:0
adjoint,1,329,9.33268903941595e-07,True,CONVERGED,float64,cuda:0
adjoint,2,330,9.050828772475652e-07,True,CONVERGED,float64,cuda:0
forward,0,335,9.307170315701865e-07,True,CONVERGED,float64,cuda:0
forward,1,342,9.362716832652607e-07,True,CONVERGED,float64,cuda:0
forward,2,338,9.666213396202168e-07,True,CONVERGED,float64,cuda:0
adjoint,0,337,9.465402755125902e-07,True,CONVERGED,float64,cuda:0
adjoint,1,329,9.258888993937737e-07,True,CONVERGED,float64,cuda:0
adjoint,2,330,9.529555233365388e-07,True,CONVERGED,float64,cuda:0
forward,0,333,8.929042362576159e-07,True,CONVERGED,float64,cuda:0
forward,1,342,9.605494673861085e-07,True,CONVERGED,float64,cuda:0
forward,2,339,9.300988410678717e-07,True,CONVERGED,float64,cuda:0
adjoint,0,338,8.858715088082063e-07,True,CONVERGED,float64,cuda:0
adjoint,1,328,9.6789101072038e-07,True,CONVERGED,float64,cuda:0
adjoint,2,328,9.494486674143308e-07,True,CONVERGED,float64,cuda:0
forward,0,334,9.507362835134258e-07,True,CONVERGED,float64,cuda:0
forward,1,342,9.630926413051244e-07,True,CONVERGED,float64,cuda:0
forward,2,338,9.497744446729079e-07,True,CONVERGED,float64,cuda:0
adjoint,0,338,9.149008467844637e-07,True,CONVERGED,float64,cuda:0
adjoint,1,327,9.998164938459711e-07,True,CONVERGED,float64,cuda:0
adjoint,2,329,8.701796841446625e-07,True,CONVERGED,float64,cuda:0
forward,0,335,9.350588038309978e-07,True,CONVERGED,float64,cuda:0
forward,1,342,9.959632667171388e-07,True,CONVERGED,float64,cuda:0
forward,2,338,9.703838407245385e-07,True,CONVERGED,float64,cuda:0
adjoint,0,338,9.513248000872016e-07,True,CONVERGED,float64,cuda:0
adjoint,1,328,9.492537998452521e-07,True,CONVERGED,float64,cuda:0
adjoint,2,329,9.538836190174483e-07,True,CONVERGED,float64,cuda:0
forward,0,334,9.375565902991108e-07,True,CONVERGED,float64,cuda:0
forward,1,343,9.097482706164694e-07,True,CONVERGED,float64,cuda:0
forward,2,338,9.460437402729632e-07,True,CONVERGED,float64,cuda:0
adjoint,0,338,9.206232515662733e-07,True,CONVERGED,float64,cuda:0
adjoint,1,327,9.618355067804637e-07,True,CONVERGED,float64,cuda:0
adjoint,2,329,8.957316762501456e-07,True,CONVERGED,float64,cuda:0
forward,0,331,9.848389531183216e-07,True,CONVERGED,float64,cuda:0
forward,1,343,9.161623078239971e-07,True,CONVERGED,float64,cuda:0
forward,2,339,9.180817171629059e-07,True,CONVERGED,float64,cuda:0
adjoint,0,338,9.662447948531219e-07,True,CONVERGED,float64,cuda:0
adjoint,1,327,9.973759797649385e-07,True,CONVERGED,float64,cuda:0
adjoint,2,329,9.474497553224588e-07,True,CONVERGED,float64,cuda:0
forward,0,333,9.595982496301283e-07,True,CONVERGED,float64,cuda:0
forward,1,343,9.428399579234787e-07,True,CONVERGED,float64,cuda:0
forward,2,339,9.729081442357652e-07,True,CONVERGED,float64,cuda:0
adjoint,0,338,9.168025995515574e-07,True,CONVERGED,float64,cuda:0
adjoint,1,327,9.780382277951148e-07,True,CONVERGED,float64,cuda:0
adjoint,2,330,9.153052345172532e-07,True,CONVERGED,float64,cuda:0
forward,0,335,9.483847981133903e-07,True,CONVERGED,float64,cuda:0
forward,1,342,9.535249826152448e-07,True,CONVERGED,float64,cuda:0
forward,2,339,8.963181950388858e-07,True,CONVERGED,float64,cuda:0
adjoint,0,337,9.726326785154695e-07,True,CONVERGED,float64,cuda:0
adjoint,1,326,9.643538529750558e-07,True,CONVERGED,float64,cuda:0
adjoint,2,329,9.549358694841553e-07,True,CONVERGED,float64,cuda:0
forward,0,335,9.468463551545373e-07,True,CONVERGED,float64,cuda:0
forward,1,342,9.430342384466633e-07,True,CONVERGED,float64,cuda:0
forward,2,338,9.853734519518648e-07,True,CONVERGED,float64,cuda:0
adjoint,0,337,9.888909450626112e-07,True,CONVERGED,float64,cuda:0
adjoint,1,327,9.636650268220435e-07,True,CONVERGED,float64,cuda:0
adjoint,2,329,9.65398210293751e-07,True,CONVERGED,float64,cuda:0
forward,0,335,9.323991958282282e-07,True,CONVERGED,float64,cuda:0
forward,1,342,9.440670717517617e-07,True,CONVERGED,float64,cuda:0
forward,2,339,9.56003360441318e-07,True,CONVERGED,float64,cuda:0
adjoint,0,337,9.420611972034764e-07,True,CONVERGED,float64,cuda:0
adjoint,1,327,9.533419444078222e-07,True,CONVERGED,float64,cuda:0
adjoint,2,329,9.126476606735368e-07,True,CONVERGED,float64,cuda:0
forward,0,336,9.775169283924845e-07,True,CONVERGED,float64,cuda:0
forward,1,342,9.384315502222705e-07,True,CONVERGED,float64,cuda:0
forward,2,339,9.691383691014471e-07,True,CONVERGED,float64,cuda:0
adjoint,0,338,8.556106537108737e-07,True,CONVERGED,float64,cuda:0
adjoint,1,329,9.11711526692049e-07,True,CONVERGED,float64,cuda:0
adjoint,2,329,9.477952335472803e-07,True,CONVERGED,float64,cuda:0
forward,0,335,9.862920121533287e-07,True,CONVERGED,float64,cuda:0
forward,1,342,9.226434687053241e-07,True,CONVERGED,float64,cuda:0
forward,2,338,9.88018792529993e-07,True,CONVERGED,float64,cuda:0
adjoint,0,337,9.79932922257475e-07,True,CONVERGED,float64,cuda:0
adjoint,1,327,9.99122773645048e-07,True,CONVERGED,float64,cuda:0
adjoint,2,329,8.851964567320198e-07,True,CONVERGED,float64,cuda:0
forward,0,334,9.467388580572969e-07,True,CONVERGED,float64,cuda:0
forward,1,342,9.525659938202381e-07,True,CONVERGED,float64,cuda:0
forward,2,338,9.773290242173522e-07,True,CONVERGED,float64,cuda:0
adjoint,0,336,9.709538797556508e-07,True,CONVERGED,float64,cuda:0
adjoint,1,327,9.536145688940628e-07,True,CONVERGED,float64,cuda:0
adjoint,2,328,9.497444716188819e-07,True,CONVERGED,float64,cuda:0
forward,0,335,9.56456545062066e-07,True,CONVERGED,float64,cuda:0
forward,1,342,9.891371505947682e-07,True,CONVERGED,float64,cuda:0
forward,2,338,9.366342835598981e-07,True,CONVERGED,float64,cuda:0
adjoint,0,336,9.56630742737645e-07,True,CONVERGED,float64,cuda:0
adjoint,1,328,9.940006522835184e-07,True,CONVERGED,float64,cuda:0
adjoint,2,328,9.38111283071775e-07,True,CONVERGED,float64,cuda:0
forward,0,334,9.996994940006137e-07,True,CONVERGED,float64,cuda:0
forward,1,342,9.569728446681337e-07,True,CONVERGED,float64,cuda:0
forward,2,338,9.56036066205912e-07,True,CONVERGED,float64,cuda:0
adjoint,0,336,9.038536892413333e-07,True,CONVERGED,float64,cuda:0
adjoint,1,327,9.616746000876944e-07,True,CONVERGED,float64,cuda:0
adjoint,2,328,9.298126641936323e-07,True,CONVERGED,float64,cuda:0
forward,0,334,9.906200982733938e-07,True,CONVERGED,float64,cuda:0
forward,1,342,9.301255100878658e-07,True,CONVERGED,float64,cuda:0
forward,2,339,9.63208651732518e-07,True,CONVERGED,float64,cuda:0
adjoint,0,336,9.639889123983975e-07,True,CONVERGED,float64,cuda:0
adjoint,1,326,9.3683938086498e-07,True,CONVERGED,float64,cuda:0
adjoint,2,329,9.502438624835255e-07,True,CONVERGED,float64,cuda:0
forward,0,335,9.66724641268189e-07,True,CONVERGED,float64,cuda:0
forward,1,342,9.399421628404689e-07,True,CONVERGED,float64,cuda:0
forward,2,340,9.207625887622079e-07,True,CONVERGED,float64,cuda:0
adjoint,0,336,9.595387339246028e-07,True,CONVERGED,float64,cuda:0
adjoint,1,326,9.567128198452344e-07,True,CONVERGED,float64,cuda:0
adjoint,2,330,9.272686137941513e-07,True,CONVERGED,float64,cuda:0
forward,0,335,9.81087984353716e-07,True,CONVERGED,float64,cuda:0
forward,1,342,8.903274702890421e-07,True,CONVERGED,float64,cuda:0
forward,2,340,9.365945823013286e-07,True,CONVERGED,float64,cuda:0
adjoint,0,336,9.927214737384352e-07,True,CONVERGED,float64,cuda:0
adjoint,1,326,9.759357930561777e-07,True,CONVERGED,float64,cuda:0
adjoint,2,329,9.402239865143132e-07,True,CONVERGED,float64,cuda:0
forward,0,334,9.97328388688635e-07,True,CONVERGED,float64,cuda:0
forward,1,342,8.927482834345051e-07,True,CONVERGED,float64,cuda:0
forward,2,339,9.993221417313893e-07,True,CONVERGED,float64,cuda:0
adjoint,0,336,9.428328430196573e-07,True,CONVERGED,float64,cuda:0
adjoint,1,326,9.142066231215214e-07,True,CONVERGED,float64,cuda:0
adjoint,2,329,9.315341650308071e-07,True,CONVERGED,float64,cuda:0
forward,0,334,9.76471266460016e-07,True,CONVERGED,float64,cuda:0
forward,1,342,9.256823823015229e-07,True,CONVERGED,float64,cuda:0
forward,2,340,9.55505510688939e-07,True,CONVERGED,float64,cuda:0
adjoint,0,336,9.709474745949055e-07,True,CONVERGED,float64,cuda:0
adjoint,1,326,9.176157486868444e-07,True,CONVERGED,float64,cuda:0
adjoint,2,330,9.456154473526189e-07,True,CONVERGED,float64,cuda:0
forward,0,335,9.768527814865311e-07,True,CONVERGED,float64,cuda:0
forward,1,342,9.145047559862208e-07,True,CONVERGED,float64,cuda:0
forward,2,340,9.171447028464068e-07,True,CONVERGED,float64,cuda:0
adjoint,0,335,9.875528729360966e-07,True,CONVERGED,float64,cuda:0
adjoint,1,326,9.512478678425854e-07,True,CONVERGED,float64,cuda:0
adjoint,2,330,9.243926526020889e-07,True,CONVERGED,float64,cuda:0
forward,0,335,9.608194297564845e-07,True,CONVERGED,float64,cuda:0
forward,1,342,8.967143485578681e-07,True,CONVERGED,float64,cuda:0
forward,2,339,9.825321400848863e-07,True,CONVERGED,float64,cuda:0
adjoint,0,336,9.776366873544896e-07,True,CONVERGED,float64,cuda:0
adjoint,1,326,9.485825546396099e-07,True,CONVERGED,float64,cuda:0
adjoint,2,329,9.1841802594296e-07,True,CONVERGED,float64,cuda:0
forward,0,336,9.571406510567596e-07,True,CONVERGED,float64,cuda:0
forward,1,342,9.890450309285004e-07,True,CONVERGED,float64,cuda:0
forward,2,340,9.70825537531861e-07,True,CONVERGED,float64,cuda:0
adjoint,0,337,9.348022304204709e-07,True,CONVERGED,float64,cuda:0
adjoint,1,327,9.733249614054813e-07,True,CONVERGED,float64,cuda:0
adjoint,2,331,9.290711612018662e-07,True,CONVERGED,float64,cuda:0
forward,0,336,9.636994907736948e-07,True,CONVERGED,float64,cuda:0
forward,1,342,9.891351074167082e-07,True,CONVERGED,float64,cuda:0
forward,2,340,9.507229883289205e-07,True,CONVERGED,float64,cuda:0
adjoint,0,337,9.472335661488382e-07,True,CONVERGED,float64,cuda:0
adjoint,1,328,9.450789396165166e-07,True,CONVERGED,float64,cuda:0
adjoint,2,330,9.590059627578184e-07,True,CONVERGED,float64,cuda:0
forward,0,336,9.247781286696348e-07,True,CONVERGED,float64,cuda:0
forward,1,342,9.128866418938005e-07,True,CONVERGED,float64,cuda:0
forward,2,338,9.000641482196924e-07,True,CONVERGED,float64,cuda:0
adjoint,0,336,9.354944520810071e-07,True,CONVERGED,float64,cuda:0
adjoint,1,330,9.578967249966937e-07,True,CONVERGED,float64,cuda:0
adjoint,2,329,9.726655383973393e-07,True,CONVERGED,float64,cuda:0
forward,0,335,9.442749562155719e-07,True,CONVERGED,float64,cuda:0
forward,1,342,9.232894768612972e-07,True,CONVERGED,float64,cuda:0
forward,2,338,9.887633215552453e-07,True,CONVERGED,float64,cuda:0
adjoint,0,334,9.73046382844417e-07,True,CONVERGED,float64,cuda:0
adjoint,1,329,9.32213393318361e-07,True,CONVERGED,float64,cuda:0
adjoint,2,329,8.989387457379438e-07,True,CONVERGED,float64,cuda:0
forward,0,336,9.773174722003493e-07,True,CONVERGED,float64,cuda:0
forward,1,343,9.343792802827924e-07,True,CONVERGED,float64,cuda:0
forward,2,340,9.051304412363819e-07,True,CONVERGED,float64,cuda:0
adjoint,0,336,9.929859839498589e-07,True,CONVERGED,float64,cuda:0
adjoint,1,329,9.82768831135462e-07,True,CONVERGED,float64,cuda:0
adjoint,2,330,9.693611819484434e-07,True,CONVERGED,float64,cuda:0
forward,0,334,9.728131191011589e-07,True,CONVERGED,float64,cuda:0
forward,1,342,9.315936020069018e-07,True,CONVERGED,float64,cuda:0
forward,2,338,9.869339139840993e-07,True,CONVERGED,float64,cuda:0
adjoint,0,334,9.183777685198415e-07,True,CONVERGED,float64,cuda:0
adjoint,1,328,9.83461467975413e-07,True,CONVERGED,float64,cuda:0
adjoint,2,330,9.168374222354698e-07,True,CONVERGED,float64,cuda:0
forward,0,336,9.51668809956709e-07,True,CONVERGED,float64,cuda:0
forward,1,342,9.698126126605693e-07,True,CONVERGED,float64,cuda:0
forward,2,338,9.090668670991494e-07,True,CONVERGED,float64,cuda:0
adjoint,0,335,8.806958573224705e-07,True,CONVERGED,float64,cuda:0
adjoint,1,330,9.9792810081055e-07,True,CONVERGED,float64,cuda:0
adjoint,2,328,9.863138856435945e-07,True,CONVERGED,float64,cuda:0
forward,0,334,9.018891318689531e-07,True,CONVERGED,float64,cuda:0
forward,1,342,9.396317349004526e-07,True,CONVERGED,float64,cuda:0
forward,2,339,9.503095771531233e-07,True,CONVERGED,float64,cuda:0
adjoint,0,334,9.099475607371394e-07,True,CONVERGED,float64,cuda:0
adjoint,1,326,9.941258537323369e-07,True,CONVERGED,float64,cuda:0
adjoint,2,330,9.420038238696053e-07,True,CONVERGED,float64,cuda:0
forward,0,335,9.533630440425767e-07,True,CONVERGED,float64,cuda:0
forward,1,342,9.475126723540479e-07,True,CONVERGED,float64,cuda:0
forward,2,339,9.369527346782689e-07,True,CONVERGED,float64,cuda:0
adjoint,0,335,9.442085358225102e-07,True,CONVERGED,float64,cuda:0
adjoint,1,326,9.666330357375303e-07,True,CONVERGED,float64,cuda:0
adjoint,2,330,9.386615987484822e-07,True,CONVERGED,float64,cuda:0
forward,0,334,9.951755478180781e-07,True,CONVERGED,float64,cuda:0
forward,1,342,9.23682248587024e-07,True,CONVERGED,float64,cuda:0
forward,2,339,9.027758557950694e-07,True,CONVERGED,float64,cuda:0
adjoint,0,334,9.59400079041672e-07,True,CONVERGED,float64,cuda:0
adjoint,1,326,9.213271676296957e-07,True,CONVERGED,float64,cuda:0
adjoint,2,329,9.626079676579793e-07,True,CONVERGED,float64,cuda:0
forward,0,336,9.512485693200375e-07,True,CONVERGED,float64,cuda:0
forward,1,342,9.632381218033608e-07,True,CONVERGED,float64,cuda:0
forward,2,340,9.728736759215227e-07,True,CONVERGED,float64,cuda:0
adjoint,0,335,9.965183031896082e-07,True,CONVERGED,float64,cuda:0
adjoint,1,326,9.968932054368216e-07,True,CONVERGED,float64,cuda:0
adjoint,2,330,9.715031169007459e-07,True,CONVERGED,float64,cuda:0
forward,0,336,9.442632471708194e-07,True,CONVERGED,float64,cuda:0
forward,1,342,9.480279793107072e-07,True,CONVERGED,float64,cuda:0
forward,2,340,9.597261451063238e-07,True,CONVERGED,float64,cuda:0
adjoint,0,335,9.667994865056573e-07,True,CONVERGED,float64,cuda:0
adjoint,1,327,9.785370675919718e-07,True,CONVERGED,float64,cuda:0
adjoint,2,330,9.75938627906351e-07,True,CONVERGED,float64,cuda:0
forward,0,335,9.955679328607466e-07,True,CONVERGED,float64,cuda:0
forward,1,342,9.24253094477015e-07,True,CONVERGED,float64,cuda:0
forward,2,338,9.515807585369755e-07,True,CONVERGED,float64,cuda:0
adjoint,0,334,9.968792414395308e-07,True,CONVERGED,float64,cuda:0
adjoint,1,329,9.843185982099574e-07,True,CONVERGED,float64,cuda:0
adjoint,2,328,9.58916293571897e-07,True,CONVERGED,float64,cuda:0
forward,0,332,9.604009410017136e-07,True,CONVERGED,float64,cuda:0
forward,1,342,9.581214462157252e-07,True,CONVERGED,float64,cuda:0
forward,2,339,9.677949691282517e-07,True,CONVERGED,float64,cuda:0
adjoint,0,334,9.168698912499435e-07,True,CONVERGED,float64,cuda:0
adjoint,1,329,9.178223625867703e-07,True,CONVERGED,float64,cuda:0
adjoint,2,330,9.95928256018561e-07,True,CONVERGED,float64,cuda:0
forward,0,337,8.912614491633625e-07,True,CONVERGED,float64,cuda:0
forward,1,342,9.676898371511957e-07,True,CONVERGED,float64,cuda:0
forward,2,338,9.368330956780704e-07,True,CONVERGED,float64,cuda:0
adjoint,0,334,9.097478173163531e-07,True,CONVERGED,float64,cuda:0
adjoint,1,330,9.92308314249355e-07,True,CONVERGED,float64,cuda:0
adjoint,2,330,9.345440656904129e-07,True,CONVERGED,float64,cuda:0
forward,0,334,9.97616745641035e-07,True,CONVERGED,float64,cuda:0
forward,1,342,9.132283420258532e-07,True,CONVERGED,float64,cuda:0
forward,2,338,9.803848438054645e-07,True,CONVERGED,float64,cuda:0
adjoint,0,334,9.012464241220014e-07,True,CONVERGED,float64,cuda:0
adjoint,1,327,9.969951805394666e-07,True,CONVERGED,float64,cuda:0
adjoint,2,330,8.929817737144909e-07,True,CONVERGED,float64,cuda:0
forward,0,335,9.93254830146432e-07,True,CONVERGED,float64,cuda:0
forward,1,342,9.147556714911918e-07,True,CONVERGED,float64,cuda:0
forward,2,339,9.083016158446117e-07,True,CONVERGED,float64,cuda:0
adjoint,0,334,9.882264349231802e-07,True,CONVERGED,float64,cuda:0
adjoint,1,326,9.428903870076036e-07,True,CONVERGED,float64,cuda:0
adjoint,2,329,9.888156763169263e-07,True,CONVERGED,float64,cuda:0
forward,0,336,9.758865937297765e-07,True,CONVERGED,float64,cuda:0
forward,1,342,9.175003875843907e-07,True,CONVERGED,float64,cuda:0
forward,2,339,9.774802463012196e-07,True,CONVERGED,float64,cuda:0
adjoint,0,337,9.287343578439928e-07,True,CONVERGED,float64,cuda:0
adjoint,1,326,9.78533038864764e-07,True,CONVERGED,float64,cuda:0
adjoint,2,330,9.157331992277717e-07,True,CONVERGED,float64,cuda:0
forward,0,336,9.36187486051289e-07,True,CONVERGED,float64,cuda:0
forward,1,342,9.294623762300718e-07,True,CONVERGED,float64,cuda:0
forward,2,341,8.942171651216562e-07,True,CONVERGED,float64,cuda:0
adjoint,0,337,9.222746480555553e-07,True,CONVERGED,float64,cuda:0
adjoint,1,326,9.721813986325306e-07,True,CONVERGED,float64,cuda:0
adjoint,2,330,9.51340006577379e-07,True,CONVERGED,float64,cuda:0
forward,0,336,9.454859323806982e-07,True,CONVERGED,float64,cuda:0
forward,1,342,9.259694137717561e-07,True,CONVERGED,float64,cuda:0
forward,2,341,9.20992506276284e-07,True,CONVERGED,float64,cuda:0
adjoint,0,337,9.369343929525404e-07,True,CONVERGED,float64,cuda:0
adjoint,1,326,9.71529437320408e-07,True,CONVERGED,float64,cuda:0
adjoint,2,330,9.194396176440104e-07,True,CONVERGED,float64,cuda:0
forward,0,336,9.301302953582717e-07,True,CONVERGED,float64,cuda:0
forward,1,342,9.259720785108717e-07,True,CONVERGED,float64,cuda:0
forward,2,341,9.11360668571108e-07,True,CONVERGED,float64,cuda:0
adjoint,0,337,9.806261668751094e-07,True,CONVERGED,float64,cuda:0
adjoint,1,326,9.97381267711218e-07,True,CONVERGED,float64,cuda:0
adjoint,2,330,9.32197816613565e-07,True,CONVERGED,float64,cuda:0
forward,0,336,9.394863120452027e-07,True,CONVERGED,float64,cuda:0
forward,1,342,8.692475896917645e-07,True,CONVERGED,float64,cuda:0
forward,2,340,9.738880483554508e-07,True,CONVERGED,float64,cuda:0
adjoint,0,337,9.311444340595526e-07,True,CONVERGED,float64,cuda:0
adjoint,1,326,9.440444119319434e-07,True,CONVERGED,float64,cuda:0
adjoint,2,329,9.723489496304225e-07,True,CONVERGED,float64,cuda:0
forward,0,336,9.55102639168601e-07,True,CONVERGED,float64,cuda:0
forward,1,342,9.140527248796968e-07,True,CONVERGED,float64,cuda:0
forward,2,339,9.193694471508226e-07,True,CONVERGED,float64,cuda:0
adjoint,0,337,9.763748656202245e-07,True,CONVERGED,float64,cuda:0
adjoint,1,326,9.307101772877145e-07,True,CONVERGED,float64,cuda:0
adjoint,2,329,9.287267763861259e-07,True,CONVERGED,float64,cuda:0
forward,0,337,8.896907534302346e-07,True,CONVERGED,float64,cuda:0
forward,1,342,8.982076892342312e-07,True,CONVERGED,float64,cuda:0
forward,2,339,9.066565782830983e-07,True,CONVERGED,float64,cuda:0
adjoint,0,337,9.645456271672353e-07,True,CONVERGED,float64,cuda:0
adjoint,1,326,9.664223959177382e-07,True,CONVERGED,float64,cuda:0
adjoint,2,329,9.003803358244785e-07,True,CONVERGED,float64,cuda:0
forward,0,337,9.19415697018957e-07,True,CONVERGED,float64,cuda:0
forward,1,342,9.113781845047969e-07,True,CONVERGED,float64,cuda:0
forward,2,338,9.901533932991933e-07,True,CONVERGED,float64,cuda:0
adjoint,0,337,9.724347125824865e-07,True,CONVERGED,float64,cuda:0
adjoint,1,327,9.95104532440331e-07,True,CONVERGED,float64,cuda:0
adjoint,2,329,9.266293065582068e-07,True,CONVERGED,float64,cuda:0
forward,0,335,9.867171341874204e-07,True,CONVERGED,float64,cuda:0
forward,1,342,8.724743918996115e-07,True,CONVERGED,float64,cuda:0
forward,2,339,9.292458902237069e-07,True,CONVERGED,float64,cuda:0
adjoint,0,334,9.678290921142444e-07,True,CONVERGED,float64,cuda:0
adjoint,1,326,9.54499406579196e-07,True,CONVERGED,float64,cuda:0
adjoint,2,329,9.141610780324501e-07,True,CONVERGED,float64,cuda:0
forward,0,335,9.45030587058166e-07,True,CONVERGED,float64,cuda:0
forward,1,341,9.83306207392716e-07,True,CONVERGED,float64,cuda:0
forward,2,339,9.734501668565313e-07,True,CONVERGED,float64,cuda:0
adjoint,0,334,9.476501500905734e-07,True,CONVERGED,float64,cuda:0
adjoint,1,326,9.766434751196129e-07,True,CONVERGED,float64,cuda:0
adjoint,2,329,9.572059171572793e-07,True,CONVERGED,float64,cuda:0
forward,0,335,9.502090695145249e-07,True,CONVERGED,float64,cuda:0
forward,1,342,9.147019798181955e-07,True,CONVERGED,float64,cuda:0
forward,2,340,9.789712454231381e-07,True,CONVERGED,float64,cuda:0
adjoint,0,335,9.06676306590337e-07,True,CONVERGED,float64,cuda:0
adjoint,1,327,9.65615605817635e-07,True,CONVERGED,float64,cuda:0
adjoint,2,331,9.386733130403723e-07,True,CONVERGED,float64,cuda:0
forward,0,333,9.858695601633415e-07,True,CONVERGED,float64,cuda:0
forward,1,342,9.68922592726615e-07,True,CONVERGED,float64,cuda:0
forward,2,340,9.96930379731334e-07,True,CONVERGED,float64,cuda:0
adjoint,0,334,9.90342135369178e-07,True,CONVERGED,float64,cuda:0
adjoint,1,328,9.682668072430528e-07,True,CONVERGED,float64,cuda:0
adjoint,2,331,9.795701054707824e-07,True,CONVERGED,float64,cuda:0
forward,0,332,9.68209278525428e-07,True,CONVERGED,float64,cuda:0
forward,1,342,9.4045345253656e-07,True,CONVERGED,float64,cuda:0
forward,2,339,9.825585481560105e-07,True,CONVERGED,float64,cuda:0
adjoint,0,334,9.483270988888082e-07,True,CONVERGED,float64,cuda:0
adjoint,1,329,9.108198047116926e-07,True,CONVERGED,float64,cuda:0
adjoint,2,330,9.758741703281435e-07,True,CONVERGED,float64,cuda:0
forward,0,336,9.470012244809866e-07,True,CONVERGED,float64,cuda:0
forward,1,342,9.363665912539532e-07,True,CONVERGED,float64,cuda:0
forward,2,338,9.222972137642431e-07,True,CONVERGED,float64,cuda:0
adjoint,0,335,9.054639100855377e-07,True,CONVERGED,float64,cuda:0
adjoint,1,330,9.514608841744912e-07,True,CONVERGED,float64,cuda:0
adjoint,2,328,9.637059353986038e-07,True,CONVERGED,float64,cuda:0
forward,0,336,9.654166769400709e-07,True,CONVERGED,float64,cuda:0
forward,1,342,9.431084479748956e-07,True,CONVERGED,float64,cuda:0
forward,2,338,9.35449362377099e-07,True,CONVERGED,float64,cuda:0
adjoint,0,335,9.338158576167552e-07,True,CONVERGED,float64,cuda:0
adjoint,1,329,9.762694694584278e-07,True,CONVERGED,float64,cuda:0
adjoint,2,329,9.281751249815809e-07,True,CONVERGED,float64,cuda:0
forward,0,337,9.208980600841361e-07,True,CONVERGED,float64,cuda:0
forward,1,343,9.397275646151285e-07,True,CONVERGED,float64,cuda:0
forward,2,339,9.070911133414604e-07,True,CONVERGED,float64,cuda:0
adjoint,0,337,9.301007442918246e-07,True,CONVERGED,float64,cuda:0
adjoint,1,330,9.712824620425279e-07,True,CONVERGED,float64,cuda:0
adjoint,2,329,9.81215119456617e-07,True,CONVERGED,float64,cuda:0
forward,0,337,8.949743036846246e-07,True,CONVERGED,float64,cuda:0
forward,1,342,9.748714384279055e-07,True,CONVERGED,float64,cuda:0
forward,2,338,9.623748861470028e-07,True,CONVERGED,float64,cuda:0
adjoint,0,336,9.560192549977942e-07,True,CONVERGED,float64,cuda:0
adjoint,1,330,9.362050835999983e-07,True,CONVERGED,float64,cuda:0
adjoint,2,329,9.498465713360342e-07,True,CONVERGED,float64,cuda:0
forward,0,327,9.680561711058919e-07,True,CONVERGED,float64,cuda:0
forward,1,342,9.5754745989459e-07,True,CONVERGED,float64,cuda:0
forward,2,338,8.9551449616236e-07,True,CONVERGED,float64,cuda:0
adjoint,0,298,9.661236522201729e-07,True,CONVERGED,float64,cuda:0
adjoint,1,334,9.82187885382132e-07,True,CONVERGED,float64,cuda:0
adjoint,2,329,9.606832472753868e-07,True,CONVERGED,float64,cuda:0
forward,0,328,9.90485990701752e-07,True,CONVERGED,float64,cuda:0
forward,1,343,9.265391195526328e-07,True,CONVERGED,float64,cuda:0
forward,2,339,9.239554040548116e-07,True,CONVERGED,float64,cuda:0
adjoint,0,335,9.757292741679767e-07,True,CONVERGED,float64,cuda:0
adjoint,1,330,9.78243954326833e-07,True,CONVERGED,float64,cuda:0
adjoint,2,330,9.022449997907894e-07,True,CONVERGED,float64,cuda:0
forward,0,327,9.353803290515276e-07,True,CONVERGED,float64,cuda:0
forward,1,343,9.158606351393562e-07,True,CONVERGED,float64,cuda:0
forward,2,339,9.36099888680633e-07,True,CONVERGED,float64,cuda:0
adjoint,0,334,9.931773795928511e-07,True,CONVERGED,float64,cuda:0
adjoint,1,330,9.67311584083708e-07,True,CONVERGED,float64,cuda:0
adjoint,2,330,9.196915098986024e-07,True,CONVERGED,float64,cuda:0
forward,0,327,9.768402260461528e-07,True,CONVERGED,float64,cuda:0
forward,1,342,9.330103428872263e-07,True,CONVERGED,float64,cuda:0
forward,2,338,9.094228169816819e-07,True,CONVERGED,float64,cuda:0
adjoint,0,336,9.698745446481303e-07,True,CONVERGED,float64,cuda:0
adjoint,1,334,9.621432061232229e-07,True,CONVERGED,float64,cuda:0
adjoint,2,328,9.358085368521719e-07,True,CONVERGED,float64,cuda:0
forward,0,327,9.800488335980226e-07,True,CONVERGED,float64,cuda:0
forward,1,342,9.284763250702174e-07,True,CONVERGED,float64,cuda:0
forward,2,338,9.155261125116443e-07,True,CONVERGED,float64,cuda:0
adjoint,0,336,9.683072152259172e-07,True,CONVERGED,float64,cuda:0
adjoint,1,331,9.867747353317466e-07,True,CONVERGED,float64,cuda:0
adjoint,2,328,9.262045887252285e-07,True,CONVERGED,float64,cuda:0
forward,0,328,9.69904406188944e-07,True,CONVERGED,float64,cuda:0
forward,1,342,9.370751090245697e-07,True,CONVERGED,float64,cuda:0
forward,2,339,9.353547261735088e-07,True,CONVERGED,float64,cuda:0
adjoint,0,335,9.491754609981927e-07,True,CONVERGED,float64,cuda:0
adjoint,1,329,9.098071186243334e-07,True,CONVERGED,float64,cuda:0
adjoint,2,330,8.98865276037219e-07,True,CONVERGED,float64,cuda:0
forward,0,336,9.964904386788763e-07,True,CONVERGED,float64,cuda:0
forward,1,342,8.895818096927484e-07,True,CONVERGED,float64,cuda:0
forward,2,338,9.595390307227605e-07,True,CONVERGED,float64,cuda:0
adjoint,0,335,9.127207651747361e-07,True,CONVERGED,float64,cuda:0
adjoint,1,327,9.79505058389799e-07,True,CONVERGED,float64,cuda:0
adjoint,2,329,9.55995801394448e-07,True,CONVERGED,float64,cuda:0
forward,0,337,8.762902651209604e-07,True,CONVERGED,float64,cuda:0
forward,1,342,8.97599154801222e-07,True,CONVERGED,float64,cuda:0
forward,2,338,8.849659534724894e-07,True,CONVERGED,float64,cuda:0
adjoint,0,335,9.56439388176874e-07,True,CONVERGED,float64,cuda:0
adjoint,1,326,9.874032453629946e-07,True,CONVERGED,float64,cuda:0
adjoint,2,327,9.75197157765083e-07,True,CONVERGED,float64,cuda:0
forward,0,336,9.751610816323209e-07,True,CONVERGED,float64,cuda:0
forward,1,342,8.882738226919955e-07,True,CONVERGED,float64,cuda:0
forward,2,338,9.043880789835447e-07,True,CONVERGED,float64,cuda:0
adjoint,0,333,9.76224407859986e-07,True,CONVERGED,float64,cuda:0
adjoint,1,326,9.786453663017033e-07,True,CONVERGED,float64,cuda:0
adjoint,2,328,9.613039574797108e-07,True,CONVERGED,float64,cuda:0
forward,0,336,9.844767807188255e-07,True,CONVERGED,float64,cuda:0
forward,1,342,9.153681766970675e-07,True,CONVERGED,float64,cuda:0
forward,2,339,9.025316109025306e-07,True,CONVERGED,float64,cuda:0
adjoint,0,334,9.578959793878633e-07,True,CONVERGED,float64,cuda:0
adjoint,1,327,9.826210819302392e-07,True,CONVERGED,float64,cuda:0
adjoint,2,330,8.968691384571231e-07,True,CONVERGED,float64,cuda:0
forward,0,336,9.61355407807066e-07,True,CONVERGED,float64,cuda:0
forward,1,341,9.90325562445508e-07,True,CONVERGED,float64,cuda:0
forward,2,338,9.214194481671943e-07,True,CONVERGED,float64,cuda:0
adjoint,0,335,9.351495588633008e-07,True,CONVERGED,float64,cuda:0
adjoint,1,327,9.847594990390277e-07,True,CONVERGED,float64,cuda:0
adjoint,2,328,9.90748478612114e-07,True,CONVERGED,float64,cuda:0
forward,0,332,9.769746299508111e-07,True,CONVERGED,float64,cuda:0
forward,1,342,8.842994103312761e-07,True,CONVERGED,float64,cuda:0
forward,2,338,9.249797216358465e-07,True,CONVERGED,float64,cuda:0
adjoint,0,335,9.753636656328156e-07,True,CONVERGED,float64,cuda:0
adjoint,1,329,9.267225111086712e-07,True,CONVERGED,float64,cuda:0
adjoint,2,328,9.180863813310939e-07,True,CONVERGED,float64,cuda:0
forward,0,328,9.599102810089542e-07,True,CONVERGED,float64,cuda:0
forward,1,342,9.235637907026944e-07,True,CONVERGED,float64,cuda:0
forward,2,339,9.263990095650122e-07,True,CONVERGED,float64,cuda:0
adjoint,0,335,9.652360720532268e-07,True,CONVERGED,float64,cuda:0
adjoint,1,329,9.128327927868185e-07,True,CONVERGED,float64,cuda:0
adjoint,2,330,8.864952536570689e-07,True,CONVERGED,float64,cuda:0
forward,0,332,9.682677839008653e-07,True,CONVERGED,float64,cuda:0
forward,1,342,9.310395269491365e-07,True,CONVERGED,float64,cuda:0
forward,2,338,9.774780025741784e-07,True,CONVERGED,float64,cuda:0
adjoint,0,335,9.699732237299277e-07,True,CONVERGED,float64,cuda:0
adjoint,1,329,9.425673218249265e-07,True,CONVERGED,float64,cuda:0
adjoint,2,329,9.350637000394576e-07,True,CONVERGED,float64,cuda:0
forward,0,330,9.86839512388824e-07,True,CONVERGED,float64,cuda:0
forward,1,342,9.56681115053315e-07,True,CONVERGED,float64,cuda:0
forward,2,338,8.724915980119025e-07,True,CONVERGED,float64,cuda:0
adjoint,0,334,9.781770139973825e-07,True,CONVERGED,float64,cuda:0
adjoint,1,326,9.555737513614942e-07,True,CONVERGED,float64,cuda:0
adjoint,2,327,9.75313221291027e-07,True,CONVERGED,float64,cuda:0
forward,0,332,9.566554611499276e-07,True,CONVERGED,float64,cuda:0
forward,1,342,9.392322522244364e-07,True,CONVERGED,float64,cuda:0
forward,2,338,9.336647257667691e-07,True,CONVERGED,float64,cuda:0
adjoint,0,334,9.662681060906743e-07,True,CONVERGED,float64,cuda:0
adjoint,1,329,9.708511217878704e-07,True,CONVERGED,float64,cuda:0
adjoint,2,328,9.625291803761087e-07,True,CONVERGED,float64,cuda:0
forward,0,334,9.971084960518677e-07,True,CONVERGED,float64,cuda:0
forward,1,342,9.268325528679523e-07,True,CONVERGED,float64,cuda:0
forward,2,338,9.500211710757855e-07,True,CONVERGED,float64,cuda:0
adjoint,0,335,9.530213161615892e-07,True,CONVERGED,float64,cuda:0
adjoint,1,329,9.512827484564115e-07,True,CONVERGED,float64,cuda:0
adjoint,2,328,9.708596824557323e-07,True,CONVERGED,float64,cuda:0
forward,0,333,9.639932098225817e-07,True,CONVERGED,float64,cuda:0
forward,1,342,9.145198378187488e-07,True,CONVERGED,float64,cuda:0
forward,2,338,8.878389910211004e-07,True,CONVERGED,float64,cuda:0
adjoint,0,335,9.703428148714096e-07,True,CONVERGED,float64,cuda:0
adjoint,1,329,9.588275198709608e-07,True,CONVERGED,float64,cuda:0
adjoint,2,327,9.645875184563105e-07,True,CONVERGED,float64,cuda:0
forward,0,336,9.964195423598965e-07,True,CONVERGED,float64,cuda:0
forward,1,342,9.024153936442282e-07,True,CONVERGED,float64,cuda:0
forward,2,338,9.60658362334303e-07,True,CONVERGED,float64,cuda:0
adjoint,0,335,9.660490835220283e-07,True,CONVERGED,float64,cuda:0
adjoint,1,329,9.22756529178074e-07,True,CONVERGED,float64,cuda:0
adjoint,2,328,9.774701755261348e-07,True,CONVERGED,float64,cuda:0
forward,0,336,9.861006213612718e-07,True,CONVERGED,float64,cuda:0
forward,1,342,9.048257303534895e-07,True,CONVERGED,float64,cuda:0
forward,2,338,9.513197360033889e-07,True,CONVERGED,float64,cuda:0
adjoint,0,335,9.666479284441254e-07,True,CONVERGED,float64,cuda:0
adjoint,1,329,9.336867121401939e-07,True,CONVERGED,float64,cuda:0
adjoint,2,328,9.55581914156602e-07,True,CONVERGED,float64,cuda:0
forward,0,333,9.698166792202106e-07,True,CONVERGED,float64,cuda:0
forward,1,342,9.271798995558458e-07,True,CONVERGED,float64,cuda:0
forward,2,338,8.719832489696491e-07,True,CONVERGED,float64,cuda:0
adjoint,0,334,9.748500559722009e-07,True,CONVERGED,float64,cuda:0
adjoint,1,329,9.548790703839192e-07,True,CONVERGED,float64,cuda:0
adjoint,2,327,9.457271106781868e-07,True,CONVERGED,float64,cuda:0
forward,0,332,9.524524026769832e-07,True,CONVERGED,float64,cuda:0
forward,1,342,9.307653511416336e-07,True,CONVERGED,float64,cuda:0
forward,2,338,9.23247491565817e-07,True,CONVERGED,float64,cuda:0
adjoint,0,333,9.847068144599611e-07,True,CONVERGED,float64,cuda:0
adjoint,1,329,9.55563310505435e-07,True,CONVERGED,float64,cuda:0
adjoint,2,328,9.280723954481654e-07,True,CONVERGED,float64,cuda:0
forward,0,332,9.536729559106243e-07,True,CONVERGED,float64,cuda:0
forward,1,342,9.37612954292729e-07,True,CONVERGED,float64,cuda:0
forward,2,338,9.099005933690738e-07,True,CONVERGED,float64,cuda:0
adjoint,0,333,9.398095316479406e-07,True,CONVERGED,float64,cuda:0
adjoint,1,329,9.465484589642331e-07,True,CONVERGED,float64,cuda:0
adjoint,2,328,9.187310264562623e-07,True,CONVERGED,float64,cuda:0
forward,0,332,9.64734153188983e-07,True,CONVERGED,float64,cuda:0
forward,1,342,9.470771819142484e-07,True,CONVERGED,float64,cuda:0
forward,2,338,8.678666261525985e-07,True,CONVERGED,float64,cuda:0
adjoint,0,333,9.200194629187583e-07,True,CONVERGED,float64,cuda:0
adjoint,1,325,9.860868502099885e-07,True,CONVERGED,float64,cuda:0
adjoint,2,327,9.629668868589512e-07,True,CONVERGED,float64,cuda:0
forward,0,333,9.858632874481262e-07,True,CONVERGED,float64,cuda:0
forward,1,342,9.262618688764681e-07,True,CONVERGED,float64,cuda:0
forward,2,338,9.073773274455969e-07,True,CONVERGED,float64,cuda:0
adjoint,0,333,9.217341698242188e-07,True,CONVERGED,float64,cuda:0
adjoint,1,329,9.391923878338465e-07,True,CONVERGED,float64,cuda:0
adjoint,2,328,9.125408732580129e-07,True,CONVERGED,float64,cuda:0
forward,0,332,9.743353075343941e-07,True,CONVERGED,float64,cuda:0
forward,1,342,9.234881742449327e-07,True,CONVERGED,float64,cuda:0
forward,2,338,9.366364430713039e-07,True,CONVERGED,float64,cuda:0
adjoint,0,333,9.79024449279756e-07,True,CONVERGED,float64,cuda:0
adjoint,1,329,9.460013750008249e-07,True,CONVERGED,float64,cuda:0
adjoint,2,328,9.341296195592174e-07,True,CONVERGED,float64,cuda:0
forward,0,332,9.509742380655019e-07,True,CONVERGED,float64,cuda:0
forward,1,342,9.166860636083493e-07,True,CONVERGED,float64,cuda:0
forward,2,338,8.86878011782164e-07,True,CONVERGED,float64,cuda:0
adjoint,0,333,9.934375277283157e-07,True,CONVERGED,float64,cuda:0
adjoint,1,329,9.492739844698349e-07,True,CONVERGED,float64,cuda:0
adjoint,2,327,9.552106519585522e-07,True,CONVERGED,float64,cuda:0
forward,0,332,9.834816956115578e-07,True,CONVERGED,float64,cuda:0
forward,1,342,9.142812882287719e-07,True,CONVERGED,float64,cuda:0
forward,2,338,9.025063615571933e-07,True,CONVERGED,float64,cuda:0
adjoint,0,333,9.572907679946668e-07,True,CONVERGED,float64,cuda:0
adjoint,1,329,9.380698798888713e-07,True,CONVERGED,float64,cuda:0
adjoint,2,327,9.90187621393047e-07,True,CONVERGED,float64,cuda:0
forward,0,332,9.756352096192948e-07,True,CONVERGED,float64,cuda:0
forward,1,342,9.279537037348606e-07,True,CONVERGED,float64,cuda:0
forward,2,338,9.358236270328262e-07,True,CONVERGED,float64,cuda:0
adjoint,0,333,9.176732281448786e-07,True,CONVERGED,float64,cuda:0
adjoint,1,329,9.374044619825544e-07,True,CONVERGED,float64,cuda:0
adjoint,2,328,9.442615541156964e-07,True,CONVERGED,float64,cuda:0
forward,0,332,9.57376100817647e-07,True,CONVERGED,float64,cuda:0
forward,1,342,9.347699192236701e-07,True,CONVERGED,float64,cuda:0
forward,2,338,8.835091839788523e-07,True,CONVERGED,float64,cuda:0
adjoint,0,333,9.155903254560768e-07,True,CONVERGED,float64,cuda:0
adjoint,1,328,9.94728296128651e-07,True,CONVERGED,float64,cuda:0
adjoint,2,327,9.823367319436204e-07,True,CONVERGED,float64,cuda:0
forward,0,332,9.307271536758569e-07,True,CONVERGED,float64,cuda:0
forward,1,342,9.531823099694014e-07,True,CONVERGED,float64,cuda:0
forward,2,338,8.749867904534247e-07,True,CONVERGED,float64,cuda:0
adjoint,0,333,9.323017783439869e-07,True,CONVERGED,float64,cuda:0
adjoint,1,326,9.670935855938448e-07,True,CONVERGED,float64,cuda:0
adjoint,2,327,9.622651990419592e-07,True,CONVERGED,float64,cuda:0
forward,0,332,9.181900814962544e-07,True,CONVERGED,float64,cuda:0
forward,1,342,9.510112019311402e-07,True,CONVERGED,float64,cuda:0
forward,2,338,9.141332685598554e-07,True,CONVERGED,float64,cuda:0
adjoint,0,333,9.410497441174691e-07,True,CONVERGED,float64,cuda:0
adjoint,1,329,9.489797096824955e-07,True,CONVERGED,float64,cuda:0
adjoint,2,328,9.122993422120949e-07,True,CONVERGED,float64,cuda:0
forward,0,332,9.697680917097588e-07,True,CONVERGED,float64,cuda:0
forward,1,342,9.474673863731075e-07,True,CONVERGED,float64,cuda:0
forward,2,338,8.844139426716794e-07,True,CONVERGED,float64,cuda:0
adjoint,0,333,9.566670843521005e-07,True,CONVERGED,float64,cuda:0
adjoint,1,328,9.799388197927079e-07,True,CONVERGED,float64,cuda:0
adjoint,2,327,9.723085164144924e-07,True,CONVERGED,float64,cuda:0
forward,0,332,9.94821068660619e-07,True,CONVERGED,float64,cuda:0
forward,1,342,9.427667530359336e-07,True,CONVERGED,float64,cuda:0
forward,2,338,8.751925611524824e-07,True,CONVERGED,float64,cuda:0
adjoint,0,333,9.1131778368019e-07,True,CONVERGED,float64,cuda:0
adjoint,1,326,9.774573726492958e-07,True,CONVERGED,float64,cuda:0
adjoint,2,327,9.606208204511038e-07,True,CONVERGED,float64,cuda:0
forward,0,332,9.398663450926474e-07,True,CONVERGED,float64,cuda:0
forward,1,342,9.333530616108728e-07,True,CONVERGED,float64,cuda:0
forward,2,338,9.276000368815935e-07,True,CONVERGED,float64,cuda:0
adjoint,0,333,9.479653262946645e-07,True,CONVERGED,float64,cuda:0
adjoint,1,329,9.413617483953298e-07,True,CONVERGED,float64,cuda:0
adjoint,2,328,9.26693190595859e-07,True,CONVERGED,float64,cuda:0
forward,0,332,9.611895473914202e-07,True,CONVERGED,float64,cuda:0
forward,1,342,9.297166382765528e-07,True,CONVERGED,float64,cuda:0
forward,2,338,8.90345155612119e-07,True,CONVERGED,float64,cuda:0
adjoint,0,333,9.718960847135327e-07,True,CONVERGED,float64,cuda:0
adjoint,1,329,9.305958963346156e-07,True,CONVERGED,float64,cuda:0
adjoint,2,327,9.749226983500401e-07,True,CONVERGED,float64,cuda:0
forward,0,333,9.908985704281932e-07,True,CONVERGED,float64,cuda:0
forward,1,342,9.419850856563013e-07,True,CONVERGED,float64,cuda:0
forward,2,338,8.765214542236322e-07,True,CONVERGED,float64,cuda:0
adjoint,0,333,9.284935227240008e-07,True,CONVERGED,float64,cuda:0
adjoint,1,326,9.658714735798543e-07,True,CONVERGED,float64,cuda:0
adjoint,2,327,9.490981569910073e-07,True,CONVERGED,float64,cuda:0
forward,0,331,9.87515051126275e-07,True,CONVERGED,float64,cuda:0
forward,1,342,9.430783885272842e-07,True,CONVERGED,float64,cuda:0
forward,2,338,9.310032443768205e-07,True,CONVERGED,float64,cuda:0
adjoint,0,333,9.292217938252353e-07,True,CONVERGED,float64,cuda:0
adjoint,1,329,9.372088026786862e-07,True,CONVERGED,float64,cuda:0
adjoint,2,328,9.341494491983467e-07,True,CONVERGED,float64,cuda:0
forward,0,332,9.63763432629041e-07,True,CONVERGED,float64,cuda:0
forward,1,342,9.457465099811955e-07,True,CONVERGED,float64,cuda:0
forward,2,338,8.884818038683445e-07,True,CONVERGED,float64,cuda:0
adjoint,0,333,9.623479042810413e-07,True,CONVERGED,float64,cuda:0
adjoint,1,328,9.659309626574575e-07,True,CONVERGED,float64,cuda:0
adjoint,2,327,9.651310396390787e-07,True,CONVERGED,float64,cuda:0
forward,0,333,9.84171146814925e-07,True,CONVERGED,float64,cuda:0
forward,1,342,9.47630619271006e-07,True,CONVERGED,float64,cuda:0
forward,2,338,8.798768693459656e-07,True,CONVERGED,float64,cuda:0
adjoint,0,333,9.079275731348012e-07,True,CONVERGED,float64,cuda:0
adjoint,1,325,9.59057660564181e-07,True,CONVERGED,float64,cuda:0
adjoint,2,327,9.467450912273737e-07,True,CONVERGED,float64,cuda:0
forward,0,331,9.835986534183283e-07,True,CONVERGED,float64,cuda:0
forward,1,342,9.448812428583356e-07,True,CONVERGED,float64,cuda:0
forward,2,338,9.367542682474103e-07,True,CONVERGED,float64,cuda:0
adjoint,0,333,9.108612510923519e-07,True,CONVERGED,float64,cuda:0
adjoint,1,329,9.224314607206722e-07,True,CONVERGED,float64,cuda:0
adjoint,2,328,9.362288499213997e-07,True,CONVERGED,float64,cuda:0
forward,0,332,9.757312587387941e-07,True,CONVERGED,float64,cuda:0
forward,1,342,9.366744763745842e-07,True,CONVERGED,float64,cuda:0
forward,2,338,8.927003463560581e-07,True,CONVERGED,float64,cuda:0
adjoint,0,333,9.558414880659559e-07,True,CONVERGED,float64,cuda:0
adjoint,1,328,9.56838379027895e-07,True,CONVERGED,float64,cuda:0
adjoint,2,327,9.597501662053726e-07,True,CONVERGED,float64,cuda:0
forward,0,332,9.992543888060243e-07,True,CONVERGED,float64,cuda:0
forward,1,342,9.45793694564581e-07,True,CONVERGED,float64,cuda:0
forward,2,338,8.841488867682251e-07,True,CONVERGED,float64,cuda:0
adjoint,0,333,9.024874203571369e-07,True,CONVERGED,float64,cuda:0
adjoint,1,325,9.567435877516688e-07,True,CONVERGED,float64,cuda:0
adjoint,2,327,9.380477836637005e-07,True,CONVERGED,float64,cuda:0
forward,0,331,9.68794590364266e-07,True,CONVERGED,float64,cuda:0
forward,1,342,9.463434413334794e-07,True,CONVERGED,float64,cuda:0
forward,2,338,9.421853137736573e-07,True,CONVERGED,float64,cuda:0
adjoint,0,333,9.026705746483214e-07,True,CONVERGED,float64,cuda:0
adjoint,1,329,9.121020600687193e-07,True,CONVERGED,float64,cuda:0
adjoint,2,328,9.396484869738823e-07,True,CONVERGED,float64,cuda:0
forward,0,332,9.69157581088736e-07,True,CONVERGED,float64,cuda:0
forward,1,342,9.404677451344729e-07,True,CONVERGED,float64,cuda:0
forward,2,338,8.997598489748156e-07,True,CONVERGED,float64,cuda:0
adjoint,0,333,9.449080479098387e-07,True,CONVERGED,float64,cuda:0
adjoint,1,328,9.48738816032634e-07,True,CONVERGED,float64,cuda:0
adjoint,2,327,9.64042934108532e-07,True,CONVERGED,float64,cuda:0
forward,0,332,9.728010460202073e-07,True,CONVERGED,float64,cuda:0
forward,1,342,9.554302125711995e-07,True,CONVERGED,float64,cuda:0
forward,2,338,8.956775956350293e-07,True,CONVERGED,float64,cuda:0
adjoint,0,332,9.365795399887396e-07,True,CONVERGED,float64,cuda:0
adjoint,1,325,9.125872068715227e-07,True,CONVERGED,float64,cuda:0
adjoint,2,327,9.398898339983222e-07,True,CONVERGED,float64,cuda:0
forward,0,329,9.882823030094916e-07,True,CONVERGED,float64,cuda:0
forward,1,342,9.656791793112265e-07,True,CONVERGED,float64,cuda:0
forward,2,338,9.89181959918584e-07,True,CONVERGED,float64,cuda:0
adjoint,0,332,9.78543649959835e-07,True,CONVERGED,float64,cuda:0
adjoint,1,329,9.197387321053569e-07,True,CONVERGED,float64,cuda:0
adjoint,2,329,9.329832083560295e-07,True,CONVERGED,float64,cuda:0
forward,0,332,9.301206619005741e-07,True,CONVERGED,float64,cuda:0
forward,1,342,9.272469678790456e-07,True,CONVERGED,float64,cuda:0
forward,2,338,9.084203713072006e-07,True,CONVERGED,float64,cuda:0
adjoint,0,333,9.598314497270913e-07,True,CONVERGED,float64,cuda:0
adjoint,1,328,9.652453670857655e-07,True,CONVERGED,float64,cuda:0
adjoint,2,327,9.74310091992304e-07,True,CONVERGED,float64,cuda:0
forward,0,332,9.632366753551098e-07,True,CONVERGED,float64,cuda:0
forward,1,342,9.499701842818633e-07,True,CONVERGED,float64,cuda:0
forward,2,338,9.023815354370147e-07,True,CONVERGED,float64,cuda:0
adjoint,0,333,9.432689852906324e-07,True,CONVERGED,float64,cuda:0
adjoint,1,325,9.483726185069566e-07,True,CONVERGED,float64,cuda:0
adjoint,2,326,9.921046396739477e-07,True,CONVERGED,float64,cuda:0
forward,0,329,9.730531304718296e-07,True,CONVERGED,float64,cuda:0
forward,1,342,9.733792334369341e-07,True,CONVERGED,float64,cuda:0
forward,2,339,9.019073746466587e-07,True,CONVERGED,float64,cuda:0
adjoint,0,332,9.639706034277364e-07,True,CONVERGED,float64,cuda:0
adjoint,1,329,9.109462846080045e-07,True,CONVERGED,float64,cuda:0
adjoint,2,329,9.562706579044002e-07,True,CONVERGED,float64,cuda:0
forward,0,332,9.66143711467374e-07,True,CONVERGED,float64,cuda:0
forward,1,342,9.394040988141973e-07,True,CONVERGED,float64,cuda:0
forward,2,338,9.223644601261162e-07,True,CONVERGED,float64,cuda:0
adjoint,0,333,9.05195199144331e-07,True,CONVERGED,float64,cuda:0
adjoint,1,328,9.424407522119602e-07,True,CONVERGED,float64,cuda:0
adjoint,2,327,9.958917127170486e-07,True,CONVERGED,float64,cuda:0
forward,0,332,9.985653001028361e-07,True,CONVERGED,float64,cuda:0
forward,1,342,9.587476721379397e-07,True,CONVERGED,float64,cuda:0
forward,2,338,9.333750627767659e-07,True,CONVERGED,float64,cuda:0
adjoint,0,331,9.667997626249947e-07,True,CONVERGED,float64,cuda:0
adjoint,1,324,9.693653791306801e-07,True,CONVERGED,float64,cuda:0
adjoint,2,327,9.67284322044492e-07,True,CONVERGED,float64,cuda:0
forward,0,328,9.359152695098738e-07,True,CONVERGED,float64,cuda:0
forward,1,343,9.366365504532818e-07,True,CONVERGED,float64,cuda:0
forward,2,340,9.423651245538289e-07,True,CONVERGED,float64,cuda:0
adjoint,0,333,9.933321053735415e-07,True,CONVERGED,float64,cuda:0
adjoint,1,329,9.314646363982536e-07,True,CONVERGED,float64,cuda:0
adjoint,2,332,9.246452097952674e-07,True,CONVERGED,float64,cuda:0
forward,0,336,9.790346543996572e-07,True,CONVERGED,float64,cuda:0
forward,1,343,9.584366279239323e-07,True,CONVERGED,float64,cuda:0
forward,2,341,9.052770364825685e-07,True,CONVERGED,float64,cuda:0
adjoint,0,336,9.064379404009337e-07,True,CONVERGED,float64,cuda:0
adjoint,1,329,9.942534065011097e-07,True,CONVERGED,float64,cuda:0
adjoint,2,332,9.416547903781643e-07,True,CONVERGED,float64,cuda:0
forward,0,337,9.036668323779765e-07,True,CONVERGED,float64,cuda:0
forward,1,343,9.697632591015e-07,True,CONVERGED,float64,cuda:0
forward,2,341,9.191329799825352e-07,True,CONVERGED,float64,cuda:0
adjoint,0,338,9.261281148073667e-07,True,CONVERGED,float64,cuda:0
adjoint,1,330,9.910663908839733e-07,True,CONVERGED,float64,cuda:0
adjoint,2,332,9.112795185638555e-07,True,CONVERGED,float64,cuda:0
forward,0,335,9.98313491717819e-07,True,CONVERGED,float64,cuda:0
forward,1,343,9.415462523083973e-07,True,CONVERGED,float64,cuda:0
forward,2,341,9.451356023574615e-07,True,CONVERGED,float64,cuda:0
adjoint,0,337,9.835695755176306e-07,True,CONVERGED,float64,cuda:0
adjoint,1,330,9.418468879731318e-07,True,CONVERGED,float64,cuda:0
adjoint,2,332,9.353190296876457e-07,True,CONVERGED,float64,cuda:0
forward,0,335,9.89026228214621e-07,True,CONVERGED,float64,cuda:0
forward,1,343,9.113538635071266e-07,True,CONVERGED,float64,cuda:0
forward,2,341,9.573737008561534e-07,True,CONVERGED,float64,cuda:0
adjoint,0,336,9.091426300543128e-07,True,CONVERGED,float64,cuda:0
adjoint,1,329,9.487708788191431e-07,True,CONVERGED,float64,cuda:0
adjoint,2,332,9.097543932327689e-07,True,CONVERGED,float64,cuda:0
forward,0,336,9.48489550790283e-07,True,CONVERGED,float64,cuda:0
forward,1,343,9.149758070659988e-07,True,CONVERGED,float64,cuda:0
forward,2,341,9.129307998146751e-07,True,CONVERGED,float64,cuda:0
adjoint,0,335,8.676602873134566e-07,True,CONVERGED,float64,cuda:0
adjoint,1,329,8.999462443402249e-07,True,CONVERGED,float64,cuda:0
adjoint,2,331,9.692163560726428e-07,True,CONVERGED,float64,cuda:0
forward,0,329,9.85511949908805e-07,True,CONVERGED,float64,cuda:0
forward,1,342,9.880028822961106e-07,True,CONVERGED,float64,cuda:0
forward,2,340,8.984327690652943e-07,True,CONVERGED,float64,cuda:0
adjoint,0,334,9.606846710175649e-07,True,CONVERGED,float64,cuda:0
adjoint,1,328,9.961360307369597e-07,True,CONVERGED,float64,cuda:0
adjoint,2,331,9.72215100885559e-07,True,CONVERGED,float64,cuda:0
forward,0,336,9.447392900413926e-07,True,CONVERGED,float64,cuda:0
forward,1,341,9.917787484646492e-07,True,CONVERGED,float64,cuda:0
forward,2,338,9.169133904585558e-07,True,CONVERGED,float64,cuda:0
adjoint,0,332,9.258184050209445e-07,True,CONVERGED,float64,cuda:0
adjoint,1,326,9.158785049964452e-07,True,CONVERGED,float64,cuda:0
adjoint,2,328,9.20243019667465e-07,True,CONVERGED,float64,cuda:0
forward,0,331,9.819778619963917e-07,True,CONVERGED,float64,cuda:0
forward,1,342,9.463677169141954e-07,True,CONVERGED,float64,cuda:0
forward,2,338,9.144996016106087e-07,True,CONVERGED,float64,cuda:0
adjoint,0,331,9.60409865819206e-07,True,CONVERGED,float64,cuda:0
adjoint,1,324,9.416623880807951e-07,True,CONVERGED,float64,cuda:0
adjoint,2,327,9.257938851853853e-07,True,CONVERGED,float64,cuda:0
forward,0,331,9.982706443987448e-07,True,CONVERGED,float64,cuda:0
forward,1,342,9.365330285251984e-07,True,CONVERGED,float64,cuda:0
forward,2,339,9.282798603182641e-07,True,CONVERGED,float64,cuda:0
adjoint,0,333,9.657926649175993e-07,True,CONVERGED,float64,cuda:0
adjoint,1,328,9.660168256476525e-07,True,CONVERGED,float64,cuda:0
adjoint,2,330,9.203197970657731e-07,True,CONVERGED,float64,cuda:0
forward,0,328,9.414287104114626e-07,True,CONVERGED,float64,cuda:0
forward,1,343,9.267963797039275e-07,True,CONVERGED,float64,cuda:0
forward,2,340,9.591071687183187e-07,True,CONVERGED,float64,cuda:0
adjoint,0,335,8.759465830636455e-07,True,CONVERGED,float64,cuda:0
adjoint,1,329,9.166959717857946e-07,True,CONVERGED,float64,cuda:0
adjoint,2,331,9.682198749653488e-07,True,CONVERGED,float64,cuda:0
forward,0,335,9.75394001700468e-07,True,CONVERGED,float64,cuda:0
forward,1,343,9.65793912294257e-07,True,CONVERGED,float64,cuda:0
forward,2,341,9.723156898932818e-07,True,CONVERGED,float64,cuda:0
adjoint,0,335,9.849429712043192e-07,True,CONVERGED,float64,cuda:0
adjoint,1,329,9.347886978197585e-07,True,CONVERGED,float64,cuda:0
adjoint,2,331,9.913197405324167e-07,True,CONVERGED,float64,cuda:0
forward,0,326,9.587813792275494e-07,True,CONVERGED,float64,cuda:0
forward,1,343,9.606017612759425e-07,True,CONVERGED,float64,cuda:0
forward,2,341,9.55494855213651e-07,True,CONVERGED,float64,cuda:0
adjoint,0,335,9.756949677792003e-07,True,CONVERGED,float64,cuda:0
adjoint,1,329,9.983035492924418e-07,True,CONVERGED,float64,cuda:0
adjoint,2,332,9.256713082165751e-07,True,CONVERGED,float64,cuda:0
forward,0,336,9.69400211590612e-07,True,CONVERGED,float64,cuda:0
forward,1,343,9.77056501379103e-07,True,CONVERGED,float64,cuda:0
forward,2,341,8.963785605889896e-07,True,CONVERGED,float64,cuda:0
adjoint,0,336,9.767209413445482e-07,True,CONVERGED,float64,cuda:0
adjoint,1,331,9.858253981833936e-07,True,CONVERGED,float64,cuda:0
adjoint,2,332,9.350500683171611e-07,True,CONVERGED,float64,cuda:0
forward,0,336,9.628827941514664e-07,True,CONVERGED,float64,cuda:0
forward,1,343,9.55977786950169e-07,True,CONVERGED,float64,cuda:0
forward,2,340,9.66674569627988e-07,True,CONVERGED,float64,cuda:0
adjoint,0,335,9.854960244480793e-07,True,CONVERGED,float64,cuda:0
adjoint,1,330,9.82718761465892e-07,True,CONVERGED,float64,cuda:0
adjoint,2,331,9.912378283122728e-07,True,CONVERGED,float64,cuda:0
forward,0,336,9.88552626825389e-07,True,CONVERGED,float64,cuda:0
forward,1,343,9.539217977148785e-07,True,CONVERGED,float64,cuda:0
forward,2,339,9.705105711458375e-07,True,CONVERGED,float64,cuda:0
adjoint,0,332,9.859470463759333e-07,True,CONVERGED,float64,cuda:0
adjoint,1,329,9.981497588237752e-07,True,CONVERGED,float64,cuda:0
adjoint,2,330,9.924430774737651e-07,True,CONVERGED,float64,cuda:0
forward,0,334,9.798959911651942e-07,True,CONVERGED,float64,cuda:0
forward,1,342,9.969350217890474e-07,True,CONVERGED,float64,cuda:0
forward,2,339,8.777596744076868e-07,True,CONVERGED,float64,cuda:0
adjoint,0,332,9.479369362129677e-07,True,CONVERGED,float64,cuda:0
adjoint,1,325,9.508759050607307e-07,True,CONVERGED,float64,cuda:0
adjoint,2,327,9.62334702995748e-07,True,CONVERGED,float64,cuda:0
forward,0,334,9.749420378386654e-07,True,CONVERGED,float64,cuda:0
forward,1,342,9.650241292754319e-07,True,CONVERGED,float64,cuda:0
forward,2,338,9.874400379367218e-07,True,CONVERGED,float64,cuda:0
adjoint,0,332,9.623324586759461e-07,True,CONVERGED,float64,cuda:0
adjoint,1,324,9.812625208818376e-07,True,CONVERGED,float64,cuda:0
adjoint,2,327,9.399189467351869e-07,True,CONVERGED,float64,cuda:0
forward,0,331,9.868522915047506e-07,True,CONVERGED,float64,cuda:0
forward,1,342,9.813561795006388e-07,True,CONVERGED,float64,cuda:0
forward,2,339,9.23287123693346e-07,True,CONVERGED,float64,cuda:0
adjoint,0,333,9.027494970639421e-07,True,CONVERGED,float64,cuda:0
adjoint,1,329,9.203728867442857e-07,True,CONVERGED,float64,cuda:0
adjoint,2,329,9.387387076778783e-07,True,CONVERGED,float64,cuda:0
forward,0,329,9.68853695286911e-07,True,CONVERGED,float64,cuda:0
forward,1,342,9.866118302779894e-07,True,CONVERGED,float64,cuda:0
forward,2,340,8.831290184241018e-07,True,CONVERGED,float64,cuda:0
adjoint,0,335,9.496458821140977e-07,True,CONVERGED,float64,cuda:0
adjoint,1,329,9.5571417490787e-07,True,CONVERGED,float64,cuda:0
adjoint,2,330,9.23846942936645e-07,True,CONVERGED,float64,cuda:0
forward,0,330,9.76029506598427e-07,True,CONVERGED,float64,cuda:0
forward,1,342,9.317469664749508e-07,True,CONVERGED,float64,cuda:0
forward,2,338,9.847318407684763e-07,True,CONVERGED,float64,cuda:0
adjoint,0,337,9.58260686480558e-07,True,CONVERGED,float64,cuda:0
adjoint,1,329,9.308228410601876e-07,True,CONVERGED,float64,cuda:0
adjoint,2,328,9.406783460338815e-07,True,CONVERGED,float64,cuda:0
forward,0,332,9.926196334987809e-07,True,CONVERGED,float64,cuda:0
forward,1,342,9.101376455363979e-07,True,CONVERGED,float64,cuda:0
forward,2,338,9.577049763791745e-07,True,CONVERGED,float64,cuda:0
adjoint,0,335,9.395119681011653e-07,True,CONVERGED,float64,cuda:0
adjoint,1,327,9.887337375545872e-07,True,CONVERGED,float64,cuda:0
adjoint,2,327,9.618194325935355e-07,True,CONVERGED,float64,cuda:0
forward,0,333,9.744913734339438e-07,True,CONVERGED,float64,cuda:0
forward,1,342,9.23156571573036e-07,True,CONVERGED,float64,cuda:0
forward,2,338,9.762013701971954e-07,True,CONVERGED,float64,cuda:0
adjoint,0,332,9.780819181632917e-07,True,CONVERGED,float64,cuda:0
adjoint,1,327,9.815258585124694e-07,True,CONVERGED,float64,cuda:0
adjoint,2,328,9.347613653953324e-07,True,CONVERGED,float64,cuda:0
forward,0,333,9.774788653915412e-07,True,CONVERGED,float64,cuda:0
forward,1,342,9.275711280090225e-07,True,CONVERGED,float64,cuda:0
forward,2,339,8.819695980769324e-07,True,CONVERGED,float64,cuda:0
adjoint,0,332,9.368252678184327e-07,True,CONVERGED,float64,cuda:0
adjoint,1,326,9.545835679936346e-07,True,CONVERGED,float64,cuda:0
adjoint,2,327,9.75074182446197e-07,True,CONVERGED,float64,cuda:0
forward,0,332,9.9607791520598e-07,True,CONVERGED,float64,cuda:0
forward,1,342,9.60092998514001e-07,True,CONVERGED,float64,cuda:0
forward,2,338,9.468815403020897e-07,True,CONVERGED,float64,cuda:0
adjoint,0,331,9.33264932518472e-07,True,CONVERGED,float64,cuda:0
adjoint,1,324,9.782290782878392e-07,True,CONVERGED,float64,cuda:0
adjoint,2,327,9.69921481963694e-07,True,CONVERGED,float64,cuda:0
forward,0,332,9.38303183048161e-07,True,CONVERGED,float64,cuda:0
forward,1,342,9.766124483270705e-07,True,CONVERGED,float64,cuda:0
forward,2,339,9.366026403735342e-07,True,CONVERGED,float64,cuda:0
adjoint,0,334,9.277373072498699e-07,True,CONVERGED,float64,cuda:0
adjoint,1,329,9.458165991595452e-07,True,CONVERGED,float64,cuda:0
adjoint,2,329,9.802367486371941e-07,True,CONVERGED,float64,cuda:0
forward,0,336,9.171512357871966e-07,True,CONVERGED,float64,cuda:0
forward,1,342,9.902326754188712e-07,True,CONVERGED,float64,cuda:0
forward,2,340,9.589044994122234e-07,True,CONVERGED,float64,cuda:0
adjoint,0,335,9.292928375068656e-07,True,CONVERGED,float64,cuda:0
adjoint,1,329,9.791668353047285e-07,True,CONVERGED,float64,cuda:0
adjoint,2,330,9.039467477562499e-07,True,CONVERGED,float64,cuda:0
forward,0,336,9.68429149131712e-07,True,CONVERGED,float64,cuda:0
forward,1,342,9.329960482296112e-07,True,CONVERGED,float64,cuda:0
forward,2,339,9.464154246781217e-07,True,CONVERGED,float64,cuda:0
adjoint,0,335,9.57935730355924e-07,True,CONVERGED,float64,cuda:0
adjoint,1,329,9.88581516777233e-07,True,CONVERGED,float64,cuda:0
adjoint,2,327,9.874248488214983e-07,True,CONVERGED,float64,cuda:0
forward,0,333,9.957038326212908e-07,True,CONVERGED,float64,cuda:0
forward,1,342,9.241071192401274e-07,True,CONVERGED,float64,cuda:0
forward,2,338,9.658822672188607e-07,True,CONVERGED,float64,cuda:0
adjoint,0,335,9.595982668380304e-07,True,CONVERGED,float64,cuda:0
adjoint,1,329,9.312378873053528e-07,True,CONVERGED,float64,cuda:0
adjoint,2,326,9.407894213525111e-07,True,CONVERGED,float64,cuda:0
forward,0,332,9.366939671023332e-07,True,CONVERGED,float64,cuda:0
forward,1,342,9.06326996563463e-07,True,CONVERGED,float64,cuda:0
forward,2,338,9.328115749055722e-07,True,CONVERGED,float64,cuda:0
adjoint,0,331,9.50719832573329e-07,True,CONVERGED,float64,cuda:0
adjoint,1,325,9.74732782490304e-07,True,CONVERGED,float64,cuda:0
adjoint,2,326,9.849338488126737e-07,True,CONVERGED,float64,cuda:0
forward,0,335,9.522291818276179e-07,True,CONVERGED,float64,cuda:0
forward,1,342,9.964952601269729e-07,True,CONVERGED,float64,cuda:0
forward,2,338,9.805754830391449e-07,True,CONVERGED,float64,cuda:0
adjoint,0,334,9.860524958056165e-07,True,CONVERGED,float64,cuda:0
adjoint,1,326,9.755862929741826e-07,True,CONVERGED,float64,cuda:0
adjoint,2,328,9.844471869782245e-07,True,CONVERGED,float64,cuda:0
forward,0,336,9.287552383374958e-07,True,CONVERGED,float64,cuda:0
forward,1,343,9.240489336862054e-07,True,CONVERGED,float64,cuda:0
forward,2,340,9.242197598661058e-07,True,CONVERGED,float64,cuda:0
adjoint,0,334,9.814859196144272e-07,True,CONVERGED,float64,cuda:0
adjoint,1,329,9.688525258783562e-07,True,CONVERGED,float64,cuda:0
adjoint,2,331,9.614626717051831e-07,True,CONVERGED,float64,cuda:0
forward,0,332,9.319512404245452e-07,True,CONVERGED,float64,cuda:0
forward,1,342,9.974770934442317e-07,True,CONVERGED,float64,cuda:0
forward,2,340,9.404976426405742e-07,True,CONVERGED,float64,cuda:0
adjoint,0,335,9.532585578378779e-07,True,CONVERGED,float64,cuda:0
adjoint,1,329,9.616814777463862e-07,True,CONVERGED,float64,cuda:0
adjoint,2,331,9.983649994019252e-07,True,CONVERGED,float64,cuda:0
forward,0,330,9.79820381093913e-07,True,CONVERGED,float64,cuda:0
forward,1,342,9.205611389686216e-07,True,CONVERGED,float64,cuda:0
forward,2,340,9.041617999600806e-07,True,CONVERGED,float64,cuda:0
adjoint,0,334,9.836471007028027e-07,True,CONVERGED,float64,cuda:0
adjoint,1,328,9.59586775163467e-07,True,CONVERGED,float64,cuda:0
adjoint,2,330,9.77515396558507e-07,True,CONVERGED,float64,cuda:0
forward,0,331,9.597365425755116e-07,True,CONVERGED,float64,cuda:0
forward,1,342,9.347572364144513e-07,True,CONVERGED,float64,cuda:0
forward,2,340,8.828358234930224e-07,True,CONVERGED,float64,cuda:0
adjoint,0,335,9.226196111879771e-07,True,CONVERGED,float64,cuda:0
adjoint,1,327,9.94517604251705e-07,True,CONVERGED,float64,cuda:0
adjoint,2,330,9.58408263474834e-07,True,CONVERGED,float64,cuda:0
forward,0,325,9.992167576507183e-07,True,CONVERGED,float64,cuda:0
forward,1,341,9.614127936893746e-07,True,CONVERGED,float64,cuda:0
forward,2,338,9.904820188730818e-07,True,CONVERGED,float64,cuda:0
adjoint,0,334,8.589582558557082e-07,True,CONVERGED,float64,cuda:0
adjoint,1,326,9.203670343593483e-07,True,CONVERGED,float64,cuda:0
adjoint,2,328,9.834311441405663e-07,True,CONVERGED,float64,cuda:0
forward,0,328,9.58330228089835e-07,True,CONVERGED,float64,cuda:0
forward,1,341,9.715485834165762e-07,True,CONVERGED,float64,cuda:0
forward,2,338,9.993541408228535e-07,True,CONVERGED,float64,cuda:0
adjoint,0,334,8.653936554349066e-07,True,CONVERGED,float64,cuda:0
adjoint,1,326,9.49508922598734e-07,True,CONVERGED,float64,cuda:0
adjoint,2,328,9.60260861667709e-07,True,CONVERGED,float64,cuda:0
forward,0,329,9.275456099717112e-07,True,CONVERGED,float64,cuda:0
forward,1,342,9.037668058148473e-07,True,CONVERGED,float64,cuda:0
forward,2,338,9.976050125881184e-07,True,CONVERGED,float64,cuda:0
adjoint,0,334,9.716681361003092e-07,True,CONVERGED,float64,cuda:0
adjoint,1,328,9.706459277607272e-07,True,CONVERGED,float64,cuda:0
adjoint,2,329,9.054636267565058e-07,True,CONVERGED,float64,cuda:0
forward,0,332,9.93428920836079e-07,True,CONVERGED,float64,cuda:0
forward,1,342,8.996272103449964e-07,True,CONVERGED,float64,cuda:0
forward,2,338,9.657219716383182e-07,True,CONVERGED,float64,cuda:0
adjoint,0,334,9.455108030984182e-07,True,CONVERGED,float64,cuda:0
adjoint,1,327,9.753477211994352e-07,True,CONVERGED,float64,cuda:0
adjoint,2,329,9.375849010810032e-07,True,CONVERGED,float64,cuda:0
forward,0,331,9.283682835495783e-07,True,CONVERGED,float64,cuda:0
forward,1,341,9.760367581245113e-07,True,CONVERGED,float64,cuda:0
forward,2,338,9.082722880323507e-07,True,CONVERGED,float64,cuda:0
adjoint,0,331,9.153455379480819e-07,True,CONVERGED,float64,cuda:0
adjoint,1,324,9.788596487542253e-07,True,CONVERGED,float64,cuda:0
adjoint,2,328,9.937359964523374e-07,True,CONVERGED,float64,cuda:0
forward,0,333,9.430332638388079e-07,True,CONVERGED,float64,cuda:0
forward,1,342,9.039263630140374e-07,True,CONVERGED,float64,cuda:0
forward,2,338,9.529908655749757e-07,True,CONVERGED,float64,cuda:0
adjoint,0,331,9.501501711377678e-07,True,CONVERGED,float64,cuda:0
adjoint,1,325,9.968769561227166e-07,True,CONVERGED,float64,cuda:0
adjoint,2,329,9.198586008127157e-07,True,CONVERGED,float64,cuda:0
forward,0,335,9.533966854225558e-07,True,CONVERGED,float64,cuda:0
forward,1,342,9.42030974205683e-07,True,CONVERGED,float64,cuda:0
forward,2,339,9.312261214846835e-07,True,CONVERGED,float64,cuda:0
adjoint,0,332,9.52469410197891e-07,True,CONVERGED,float64,cuda:0
adjoint,1,329,9.849079419021934e-07,True,CONVERGED,float64,cuda:0
adjoint,2,329,9.115446297519166e-07,True,CONVERGED,float64,cuda:0
forward,0,331,9.863439754677519e-07,True,CONVERGED,float64,cuda:0
forward,1,341,9.835095143701112e-07,True,CONVERGED,float64,cuda:0
forward,2,338,9.037829068762317e-07,True,CONVERGED,float64,cuda:0
adjoint,0,331,9.124759067807444e-07,True,CONVERGED,float64,cuda:0
adjoint,1,325,9.98626202316696e-07,True,CONVERGED,float64,cuda:0
adjoint,2,328,9.098541146466417e-07,True,CONVERGED,float64,cuda:0
forward,0,331,9.759009864206283e-07,True,CONVERGED,float64,cuda:0
forward,1,341,9.605836716973418e-07,True,CONVERGED,float64,cuda:0
forward,2,338,9.269348695188027e-07,True,CONVERGED,float64,cuda:0
adjoint,0,331,9.243546043804044e-07,True,CONVERGED,float64,cuda:0
adjoint,1,325,9.82915071172866e-07,True,CONVERGED,float64,cuda:0
adjoint,2,326,9.868661334501183e-07,True,CONVERGED,float64,cuda:0
forward,0,332,9.76734683469509e-07,True,CONVERGED,float64,cuda:0
forward,1,341,9.5953349748325e-07,True,CONVERGED,float64,cuda:0
forward,2,338,9.420215502567755e-07,True,CONVERGED,float64,cuda:0
adjoint,0,331,9.5591610070824e-07,True,CONVERGED,float64,cuda:0
adjoint,1,325,9.719978887970332e-07,True,CONVERGED,float64,cuda:0
adjoint,2,326,9.819747271197408e-07,True,CONVERGED,float64,cuda:0
forward,0,332,9.544802676009815e-07,True,CONVERGED,float64,cuda:0
forward,1,341,9.739258763465825e-07,True,CONVERGED,float64,cuda:0
forward,2,338,9.673753322946333e-07,True,CONVERGED,float64,cuda:0
adjoint,0,331,9.769499552605992e-07,True,CONVERGED,float64,cuda:0
adjoint,1,326,9.210409093160156e-07,True,CONVERGED,float64,cuda:0
adjoint,2,327,9.728308761897862e-07,True,CONVERGED,float64,cuda:0
forward,0,336,9.59580291608916e-07,True,CONVERGED,float64,cuda:0
forward,1,341,9.845709229111614e-07,True,CONVERGED,float64,cuda:0
forward,2,339,8.985123527879583e-07,True,CONVERGED,float64,cuda:0
adjoint,0,332,9.991944249771626e-07,True,CONVERGED,float64,cuda:0
adjoint,1,326,9.878548343190453e-07,True,CONVERGED,float64,cuda:0
adjoint,2,326,9.962588495244398e-07,True,CONVERGED,float64,cuda:0
forward,0,332,9.824425286057747e-07,True,CONVERGED,float64,cuda:0
forward,1,341,9.902960351704548e-07,True,CONVERGED,float64,cuda:0
forward,2,338,9.508484353714246e-07,True,CONVERGED,float64,cuda:0
adjoint,0,332,9.469812163044884e-07,True,CONVERGED,float64,cuda:0
adjoint,1,325,9.852678135289383e-07,True,CONVERGED,float64,cuda:0
adjoint,2,326,9.684198665047638e-07,True,CONVERGED,float64,cuda:0
forward,0,333,9.699911274868188e-07,True,CONVERGED,float64,cuda:0
forward,1,342,9.370251288888387e-07,True,CONVERGED,float64,cuda:0
forward,2,338,9.031378345472723e-07,True,CONVERGED,float64,cuda:0
adjoint,0,331,9.73839268169759e-07,True,CONVERGED,float64,cuda:0
adjoint,1,325,8.88187190674782e-07,True,CONVERGED,float64,cuda:0
adjoint,2,326,9.890621738366264e-07,True,CONVERGED,float64,cuda:0
forward,0,335,9.526724378742378e-07,True,CONVERGED,float64,cuda:0
forward,1,342,9.756546901813476e-07,True,CONVERGED,float64,cuda:0
forward,2,339,9.490350475069961e-07,True,CONVERGED,float64,cuda:0
adjoint,0,333,9.363660235729941e-07,True,CONVERGED,float64,cuda:0
adjoint,1,329,9.237412088150415e-07,True,CONVERGED,float64,cuda:0
adjoint,2,328,9.79206606868227e-07,True,CONVERGED,float64,cuda:0
forward,0,336,9.81439281101656e-07,True,CONVERGED,float64,cuda:0
forward,1,343,9.59240519021384e-07,True,CONVERGED,float64,cuda:0
forward,2,340,8.961805491094576e-07,True,CONVERGED,float64,cuda:0
adjoint,0,334,9.739267967486152e-07,True,CONVERGED,float64,cuda:0
adjoint,1,329,9.992492895994406e-07,True,CONVERGED,float64,cuda:0
adjoint,2,330,9.778936095604565e-07,True,CONVERGED,float64,cuda:0
forward,0,337,9.214670387692818e-07,True,CONVERGED,float64,cuda:0
forward,1,343,9.598204208872906e-07,True,CONVERGED,float64,cuda:0
forward,2,340,8.897024815062593e-07,True,CONVERGED,float64,cuda:0
adjoint,0,335,9.76891454985363e-07,True,CONVERGED,float64,cuda:0
adjoint,1,329,9.996395651521754e-07,True,CONVERGED,float64,cuda:0
adjoint,2,330,9.723068151294243e-07,True,CONVERGED,float64,cuda:0
forward,0,336,9.923118155401105e-07,True,CONVERGED,float64,cuda:0
forward,1,342,9.594754915889156e-07,True,CONVERGED,float64,cuda:0
forward,2,339,9.349777842906706e-07,True,CONVERGED,float64,cuda:0
adjoint,0,335,9.67854676972615e-07,True,CONVERGED,float64,cuda:0
adjoint,1,329,9.459405823085352e-07,True,CONVERGED,float64,cuda:0
adjoint,2,328,9.258489826606863e-07,True,CONVERGED,float64,cuda:0
forward,0,336,9.377282945465633e-07,True,CONVERGED,float64,cuda:0
forward,1,342,9.129853465364275e-07,True,CONVERGED,float64,cuda:0
forward,2,338,9.975284491145072e-07,True,CONVERGED,float64,cuda:0
adjoint,0,335,9.179236637017177e-07,True,CONVERGED,float64,cuda:0
adjoint,1,326,9.82275996417542e-07,True,CONVERGED,float64,cuda:0
adjoint,2,325,9.699911927788875e-07,True,CONVERGED,float64,cuda:0
forward,0,334,9.580030427864394e-07,True,CONVERGED,float64,cuda:0
forward,1,342,9.142379176505318e-07,True,CONVERGED,float64,cuda:0
forward,2,338,9.087167492835404e-07,True,CONVERGED,float64,cuda:0
adjoint,0,331,9.309449073973633e-07,True,CONVERGED,float64,cuda:0
adjoint,1,324,9.267378229413561e-07,True,CONVERGED,float64,cuda:0
adjoint,2,326,9.84148533575673e-07,True,CONVERGED,float64,cuda:0
forward,0,331,9.649391378364754e-07,True,CONVERGED,float64,cuda:0
forward,1,341,9.861666693717641e-07,True,CONVERGED,float64,cuda:0
forward,2,338,9.751418953779089e-07,True,CONVERGED,float64,cuda:0
adjoint,0,332,9.66887540161426e-07,True,CONVERGED,float64,cuda:0
adjoint,1,324,9.83208262790671e-07,True,CONVERGED,float64,cuda:0
adjoint,2,328,8.666813600090628e-07,True,CONVERGED,float64,cuda:0
forward,0,333,9.391120374558089e-07,True,CONVERGED,float64,cuda:0
forward,1,342,9.279627828426504e-07,True,CONVERGED,float64,cuda:0
forward,2,339,8.816474472956158e-07,True,CONVERGED,float64,cuda:0
adjoint,0,334,9.802525908096722e-07,True,CONVERGED,float64,cuda:0
adjoint,1,325,9.057831265508592e-07,True,CONVERGED,float64,cuda:0
adjoint,2,327,9.566886655762252e-07,True,CONVERGED,float64,cuda:0
forward,0,323,9.745721723974535e-07,True,CONVERGED,float64,cuda:0
forward,1,341,9.541940440027204e-07,True,CONVERGED,float64,cuda:0
forward,2,338,9.044316658133014e-07,True,CONVERGED,float64,cuda:0
adjoint,0,331,9.63339581804776e-07,True,CONVERGED,float64,cuda:0
adjoint,1,323,9.82669971985311e-07,True,CONVERGED,float64,cuda:0
adjoint,2,327,9.92039523889039e-07,True,CONVERGED,float64,cuda:0
forward,0,330,9.865272259144428e-07,True,CONVERGED,float64,cuda:0
forward,1,341,9.389253210777931e-07,True,CONVERGED,float64,cuda:0
forward,2,338,9.129694343202113e-07,True,CONVERGED,float64,cuda:0
adjoint,0,331,9.215343028652914e-07,True,CONVERGED,float64,cuda:0
adjoint,1,324,9.675734822694865e-07,True,CONVERGED,float64,cuda:0
adjoint,2,327,9.793732205993746e-07,True,CONVERGED,float64,cuda:0
forward,0,331,9.997324018473642e-07,True,CONVERGED,float64,cuda:0
forward,1,341,9.459103657439616e-07,True,CONVERGED,float64,cuda:0
forward,2,338,9.466005211826242e-07,True,CONVERGED,float64,cuda:0
adjoint,0,333,9.829262718040626e-07,True,CONVERGED,float64,cuda:0
adjoint,1,325,9.683961109407376e-07,True,CONVERGED,float64,cuda:0
adjoint,2,326,9.775120381184415e-07,True,CONVERGED,float64,cuda:0
forward,0,333,9.772319650520129e-07,True,CONVERGED,float64,cuda:0
forward,1,342,9.02360123817923e-07,True,CONVERGED,float64,cuda:0
forward,2,338,9.959674891173386e-07,True,CONVERGED,float64,cuda:0
adjoint,0,335,9.488975300139961e-07,True,CONVERGED,float64,cuda:0
adjoint,1,326,9.658732085258638e-07,True,CONVERGED,float64,cuda:0
adjoint,2,326,9.44609007736007e-07,True,CONVERGED,float64,cuda:0
forward,0,333,9.518036420504561e-07,True,CONVERGED,float64,cuda:0
forward,1,342,9.091548749743908e-07,True,CONVERGED,float64,cuda:0
forward,2,338,9.6091143354238e-07,True,CONVERGED,float64,cuda:0
adjoint,0,334,9.721278158436753e-07,True,CONVERGED,float64,cuda:0
adjoint,1,326,9.215016651997525e-07,True,CONVERGED,float64,cuda:0
adjoint,2,326,9.444779938072033e-07,True,CONVERGED,float64,cuda:0
forward,0,332,9.832084254439538e-07,True,CONVERGED,float64,cuda:0
forward,1,342,9.333194514821125e-07,True,CONVERGED,float64,cuda:0
forward,2,338,8.912736946680614e-07,True,CONVERGED,float64,cuda:0
adjoint,0,331,9.272585515636271e-07,True,CONVERGED,float64,cuda:0
adjoint,1,324,9.197347857324805e-07,True,CONVERGED,float64,cuda:0
adjoint,2,327,9.335942533280432e-07,True,CONVERGED,float64,cuda:0
forward,0,332,9.220981427771931e-07,True,CONVERGED,float64,cuda:0
forward,1,342,9.238319035641559e-07,True,CONVERGED,float64,cuda:0
forward,2,338,9.425476959396815e-07,True,CONVERGED,float64,cuda:0
adjoint,0,331,9.20463543409408e-07,True,CONVERGED,float64,cuda:0
adjoint,1,325,9.385468019886726e-07,True,CONVERGED,float64,cuda:0
adjoint,2,327,9.589128165793692e-07,True,CONVERGED,float64,cuda:0
forward,0,331,9.789950176272661e-07,True,CONVERGED,float64,cuda:0
forward,1,341,9.69093426442401e-07,True,CONVERGED,float64,cuda:0
forward,2,338,9.318887668541624e-07,True,CONVERGED,float64,cuda:0
adjoint,0,331,9.73645334113075e-07,True,CONVERGED,float64,cuda:0
adjoint,1,325,9.088821397841257e-07,True,CONVERGED,float64,cuda:0
adjoint,2,327,9.675216407942198e-07,True,CONVERGED,float64,cuda:0
forward,0,329,9.180290544117048e-07,True,CONVERGED,float64,cuda:0
forward,1,341,9.589775154103196e-07,True,CONVERGED,float64,cuda:0
forward,2,338,8.860694830354817e-07,True,CONVERGED,float64,cuda:0
adjoint,0,331,8.568116496566548e-07,True,CONVERGED,float64,cuda:0
adjoint,1,324,9.511134957536651e-07,True,CONVERGED,float64,cuda:0
adjoint,2,327,9.665274813729414e-07,True,CONVERGED,float64,cuda:0
forward,0,327,9.964540579072288e-07,True,CONVERGED,float64,cuda:0
forward,1,341,9.305002390356779e-07,True,CONVERGED,float64,cuda:0
forward,2,338,9.039145688749251e-07,True,CONVERGED,float64,cuda:0
adjoint,0,331,9.230278176439857e-07,True,CONVERGED,float64,cuda:0
adjoint,1,324,9.710552191172802e-07,True,CONVERGED,float64,cuda:0
adjoint,2,327,9.464304485159675e-07,True,CONVERGED,float64,cuda:0
forward,0,326,9.482286957268234e-07,True,CONVERGED,float64,cuda:0
forward,1,341,9.458344125440027e-07,True,CONVERGED,float64,cuda:0
forward,2,338,9.301987984304669e-07,True,CONVERGED,float64,cuda:0
adjoint,0,332,9.835675559620168e-07,True,CONVERGED,float64,cuda:0
adjoint,1,325,9.348356091842158e-07,True,CONVERGED,float64,cuda:0
adjoint,2,328,9.0643877804123e-07,True,CONVERGED,float64,cuda:0
forward,0,325,9.9522897102706e-07,True,CONVERGED,float64,cuda:0
forward,1,341,9.436527436691051e-07,True,CONVERGED,float64,cuda:0
forward,2,338,9.364863197354075e-07,True,CONVERGED,float64,cuda:0
adjoint,0,332,9.671176821490318e-07,True,CONVERGED,float64,cuda:0
adjoint,1,325,9.31007749936831e-07,True,CONVERGED,float64,cuda:0
adjoint,2,328,9.193430023641524e-07,True,CONVERGED,float64,cuda:0
forward,0,328,9.84534000958334e-07,True,CONVERGED,float64,cuda:0
forward,1,341,9.314659812626857e-07,True,CONVERGED,float64,cuda:0
forward,2,338,9.013372301636168e-07,True,CONVERGED,float64,cuda:0
adjoint,0,331,9.56292056534963e-07,True,CONVERGED,float64,cuda:0
adjoint,1,324,9.84584205931074e-07,True,CONVERGED,float64,cuda:0
adjoint,2,327,9.630090389531313e-07,True,CONVERGED,float64,cuda:0
forward,0,329,9.456231150008632e-07,True,CONVERGED,float64,cuda:0
forward,1,341,9.67976622108107e-07,True,CONVERGED,float64,cuda:0
forward,2,338,8.847120731332978e-07,True,CONVERGED,float64,cuda:0
adjoint,0,331,8.856701074243793e-07,True,CONVERGED,float64,cuda:0
adjoint,1,324,9.565930131473052e-07,True,CONVERGED,float64,cuda:0
adjoint,2,327,9.8785761292428e-07,True,CONVERGED,float64,cuda:0
forward,0,327,9.946712731339454e-07,True,CONVERGED,float64,cuda:0
forward,1,341,9.575576049717188e-07,True,CONVERGED,float64,cuda:0
forward,2,338,9.001843982588089e-07,True,CONVERGED,float64,cuda:0
adjoint,0,330,9.811755931920566e-07,True,CONVERGED,float64,cuda:0
adjoint,1,324,9.661876985129418e-07,True,CONVERGED,float64,cuda:0
adjoint,2,328,8.851360453677551e-07,True,CONVERGED,float64,cuda:0
forward,0,329,9.538286066168698e-07,True,CONVERGED,float64,cuda:0
forward,1,341,9.545130824485467e-07,True,CONVERGED,float64,cuda:0
forward,2,338,9.431183254484094e-07,True,CONVERGED,float64,cuda:0
adjoint,0,332,9.747625478749077e-07,True,CONVERGED,float64,cuda:0
adjoint,1,325,9.430020419100972e-07,True,CONVERGED,float64,cuda:0
adjoint,2,328,9.359705109496772e-07,True,CONVERGED,float64,cuda:0
forward,0,328,9.665998792740118e-07,True,CONVERGED,float64,cuda:0
forward,1,341,9.646130484165091e-07,True,CONVERGED,float64,cuda:0
forward,2,338,9.133030428704549e-07,True,CONVERGED,float64,cuda:0
adjoint,0,332,9.976869710524306e-07,True,CONVERGED,float64,cuda:0
adjoint,1,325,9.351706055361283e-07,True,CONVERGED,float64,cuda:0
adjoint,2,327,9.919450599202607e-07,True,CONVERGED,float64,cuda:0
forward,0,329,9.520308284313086e-07,True,CONVERGED,float64,cuda:0
forward,1,341,9.914138571270161e-07,True,CONVERGED,float64,cuda:0
forward,2,338,9.001473832530845e-07,True,CONVERGED,float64,cuda:0
adjoint,0,331,9.948765292941109e-07,True,CONVERGED,float64,cuda:0
adjoint,1,324,9.758313375472768e-07,True,CONVERGED,float64,cuda:0
adjoint,2,327,9.2534068894436e-07,True,CONVERGED,float64,cuda:0
forward,0,329,9.532361424720474e-07,True,CONVERGED,float64,cuda:0
forward,1,341,9.636528520329155e-07,True,CONVERGED,float64,cuda:0
forward,2,338,9.099882704383497e-07,True,CONVERGED,float64,cuda:0
adjoint,0,332,9.756439104127749e-07,True,CONVERGED,float64,cuda:0
adjoint,1,325,8.717376883885691e-07,True,CONVERGED,float64,cuda:0
adjoint,2,327,9.411605530151565e-07,True,CONVERGED,float64,cuda:0
forward,0,330,9.575708221337168e-07,True,CONVERGED,float64,cuda:0
forward,1,341,9.602760370716392e-07,True,CONVERGED,float64,cuda:0
forward,2,338,9.277860357816499e-07,True,CONVERGED,float64,cuda:0
adjoint,0,332,9.629075848449824e-07,True,CONVERGED,float64,cuda:0
adjoint,1,325,9.025121496510771e-07,True,CONVERGED,float64,cuda:0
adjoint,2,327,9.717806840902098e-07,True,CONVERGED,float64,cuda:0
forward,0,329,9.729127817959341e-07,True,CONVERGED,float64,cuda:0
forward,1,341,9.704308088700687e-07,True,CONVERGED,float64,cuda:0
forward,2,338,9.170957828799862e-07,True,CONVERGED,float64,cuda:0
adjoint,0,331,9.230515710602118e-07,True,CONVERGED,float64,cuda:0
adjoint,1,324,9.840908064391056e-07,True,CONVERGED,float64,cuda:0
adjoint,2,327,9.742734975672896e-07,True,CONVERGED,float64,cuda:0
forward,0,330,9.7327331135979e-07,True,CONVERGED,float64,cuda:0
forward,1,341,9.849193348073299e-07,True,CONVERGED,float64,cuda:0
forward,2,338,8.916735305841801e-07,True,CONVERGED,float64,cuda:0
adjoint,0,331,8.96327348515699e-07,True,CONVERGED,float64,cuda:0
adjoint,1,324,9.273241594386916e-07,True,CONVERGED,float64,cuda:0
adjoint,2,327,9.52724255594007e-07,True,CONVERGED,float64,cuda:0
forward,0,331,9.653301630933644e-07,True,CONVERGED,float64,cuda:0
forward,1,341,9.961760088461718e-07,True,CONVERGED,float64,cuda:0
forward,2,338,8.855595326060369e-07,True,CONVERGED,float64,cuda:0
adjoint,0,331,8.771454003452361e-07,True,CONVERGED,float64,cuda:0
adjoint,1,323,9.58419802141129e-07,True,CONVERGED,float64,cuda:0
adjoint,2,327,9.399691233143282e-07,True,CONVERGED,float64,cuda:0
forward,0,331,9.87480691875587e-07,True,CONVERGED,float64,cuda:0
forward,1,342,9.08801790454546e-07,True,CONVERGED,float64,cuda:0
forward,2,338,9.109475515138274e-07,True,CONVERGED,float64,cuda:0
adjoint,0,331,9.094362911536868e-07,True,CONVERGED,float64,cuda:0
adjoint,1,324,9.676431624942413e-07,True,CONVERGED,float64,cuda:0
adjoint,2,327,9.370835611852256e-07,True,CONVERGED,float64,cuda:0
forward,0,331,9.665487920229247e-07,True,CONVERGED,float64,cuda:0
forward,1,341,9.819135447448415e-07,True,CONVERGED,float64,cuda:0
forward,2,338,9.238266917257933e-07,True,CONVERGED,float64,cuda:0
adjoint,0,331,9.155222822263734e-07,True,CONVERGED,float64,cuda:0
adjoint,1,325,8.879899027405403e-07,True,CONVERGED,float64,cuda:0
adjoint,2,327,9.433958537003744e-07,True,CONVERGED,float64,cuda:0
forward,0,330,9.644889419544124e-07,True,CONVERGED,float64,cuda:0
forward,1,341,9.659330569142914e-07,True,CONVERGED,float64,cuda:0
forward,2,338,9.030991802496747e-07,True,CONVERGED,float64,cuda:0
adjoint,0,331,8.984961777785815e-07,True,CONVERGED,float64,cuda:0
adjoint,1,324,9.772434412938072e-07,True,CONVERGED,float64,cuda:0
adjoint,2,327,9.556253810626324e-07,True,CONVERGED,float64,cuda:0
forward,0,330,9.555604176055037e-07,True,CONVERGED,float64,cuda:0
forward,1,341,9.612872614321974e-07,True,CONVERGED,float64,cuda:0
forward,2,338,9.048587333668676e-07,True,CONVERGED,float64,cuda:0
adjoint,0,331,9.161706733440393e-07,True,CONVERGED,float64,cuda:0
adjoint,1,324,9.869548581604566e-07,True,CONVERGED,float64,cuda:0
adjoint,2,327,9.525938824270452e-07,True,CONVERGED,float64,cuda:0
forward,0,330,9.681697580621124e-07,True,CONVERGED,float64,cuda:0
forward,1,341,9.658414836490616e-07,True,CONVERGED,float64,cuda:0
forward,2,338,9.143304640175599e-07,True,CONVERGED,float64,cuda:0
adjoint,0,331,9.371823123601511e-07,True,CONVERGED,float64,cuda:0
adjoint,1,325,8.83348816703807e-07,True,CONVERGED,float64,cuda:0
adjoint,2,327,9.453787833563427e-07,True,CONVERGED,float64,cuda:0
forward,0,330,9.872640896328212e-07,True,CONVERGED,float64,cuda:0
forward,1,341,9.78478502174552e-07,True,CONVERGED,float64,cuda:0
forward,2,338,9.171116023305539e-07,True,CONVERGED,float64,cuda:0
adjoint,0,331,9.223324885383019e-07,True,CONVERGED,float64,cuda:0
adjoint,1,325,8.917120997044839e-07,True,CONVERGED,float64,cuda:0
adjoint,2,327,9.487067592710417e-07,True,CONVERGED,float64,cuda:0
forward,0,330,9.852660231131166e-07,True,CONVERGED,float64,cuda:0
forward,1,341,9.811359754190875e-07,True,CONVERGED,float64,cuda:0
forward,2,338,9.034729549044557e-07,True,CONVERGED,float64,cuda:0
adjoint,0,331,9.026056270287437e-07,True,CONVERGED,float64,cuda:0
adjoint,1,324,9.868327083102539e-07,True,CONVERGED,float64,cuda:0
adjoint,2,327,9.569478713055534e-07,True,CONVERGED,float64,cuda:0
forward,0,330,9.650720309438815e-07,True,CONVERGED,float64,cuda:0
forward,1,341,9.720699573251098e-07,True,CONVERGED,float64,cuda:0
forward,2,338,8.88017582687202e-07,True,CONVERGED,float64,cuda:0
adjoint,0,331,8.832738775502354e-07,True,CONVERGED,float64,cuda:0
adjoint,1,324,9.558326591718878e-07,True,CONVERGED,float64,cuda:0
adjoint,2,327,9.623568149774992e-07,True,CONVERGED,float64,cuda:0
forward,0,330,9.660537035557835e-07,True,CONVERGED,float64,cuda:0
forward,1,341,9.655661593208492e-07,True,CONVERGED,float64,cuda:0
forward,2,338,9.12287935217292e-07,True,CONVERGED,float64,cuda:0
adjoint,0,331,8.95172111350533e-07,True,CONVERGED,float64,cuda:0
adjoint,1,324,9.958660787535358e-07,True,CONVERGED,float64,cuda:0
adjoint,2,327,9.76263165764528e-07,True,CONVERGED,float64,cuda:0
forward,0,330,9.498608232463799e-07,True,CONVERGED,float64,cuda:0
forward,1,341,9.617787220975656e-07,True,CONVERGED,float64,cuda:0
forward,2,338,9.109530984457147e-07,True,CONVERGED,float64,cuda:0
adjoint,0,331,9.039403007306428e-07,True,CONVERGED,float64,cuda:0
adjoint,1,324,9.980568830255213e-07,True,CONVERGED,float64,cuda:0
adjoint,2,327,9.683777956867664e-07,True,CONVERGED,float64,cuda:0
forward,0,330,9.58388623520793e-07,True,CONVERGED,float64,cuda:0
forward,1,341,9.636770236379803e-07,True,CONVERGED,float64,cuda:0
forward,2,338,9.027873009138206e-07,True,CONVERGED,float64,cuda:0
adjoint,0,331,9.103213940287124e-07,True,CONVERGED,float64,cuda:0
adjoint,1,324,9.925955062234033e-07,True,CONVERGED,float64,cuda:0
adjoint,2,327,9.546105940647049e-07,True,CONVERGED,float64,cuda:0
forward,0,330,9.627796309402715e-07,True,CONVERGED,float64,cuda:0
forward,1,341,9.62416043676022e-07,True,CONVERGED,float64,cuda:0
forward,2,338,9.007840153346355e-07,True,CONVERGED,float64,cuda:0
adjoint,0,331,9.117144165206952e-07,True,CONVERGED,float64,cuda:0
adjoint,1,324,9.903441607986315e-07,True,CONVERGED,float64,cuda:0
adjoint,2,327,9.496534426448656e-07,True,CONVERGED,float64,cuda:0
forward,0,330,9.655580381496853e-07,True,CONVERGED,float64,cuda:0
forward,1,341,9.606394106369715e-07,True,CONVERGED,float64,cuda:0
forward,2,338,9.02680904941278e-07,True,CONVERGED,float64,cuda:0
adjoint,0,331,9.08443631106994e-07,True,CONVERGED,float64,cuda:0
adjoint,1,324,9.897844196838376e-07,True,CONVERGED,float64,cuda:0
adjoint,2,327,9.513304194282553e-07,True,CONVERGED,float64,cuda:0
forward,0,330,9.906023451427636e-07,True,CONVERGED,float64,cuda:0
forward,1,341,9.6420851696891e-07,True,CONVERGED,float64,cuda:0
forward,2,338,9.067792437830632e-07,True,CONVERGED,float64,cuda:0
adjoint,0,331,9.061816167718782e-07,True,CONVERGED,float64,cuda:0
adjoint,1,324,9.910048725578307e-07,True,CONVERGED,float64,cuda:0
adjoint,2,327,9.539200416813233e-07,True,CONVERGED,float64,cuda:0
forward,0,330,9.824892320203248e-07,True,CONVERGED,float64,cuda:0
forward,1,341,9.697654867302394e-07,True,CONVERGED,float64,cuda:0
forward,2,338,8.869366459515372e-07,True,CONVERGED,float64,cuda:0
adjoint,0,331,8.862359898563662e-07,True,CONVERGED,float64,cuda:0
adjoint,1,324,9.504563857219294e-07,True,CONVERGED,float64,cuda:0
adjoint,2,327,9.410796792514884e-07,True,CONVERGED,float64,cuda:0
forward,0,331,9.680683315703184e-07,True,CONVERGED,float64,cuda:0
forward,1,341,9.728892504781929e-07,True,CONVERGED,float64,cuda:0
forward,2,338,8.894287595797244e-07,True,CONVERGED,float64,cuda:0
adjoint,0,331,8.862905353442852e-07,True,CONVERGED,float64,cuda:0
adjoint,1,324,9.521526110313815e-07,True,CONVERGED,float64,cuda:0
adjoint,2,327,9.309373425839636e-07,True,CONVERGED,float64,cuda:0
forward,0,331,9.843122992807515e-07,True,CONVERGED,float64,cuda:0
forward,1,341,9.692923886471936e-07,True,CONVERGED,float64,cuda:0
forward,2,338,9.052866802308349e-07,True,CONVERGED,float64,cuda:0
adjoint,0,331,9.137111522880792e-07,True,CONVERGED,float64,cuda:0
adjoint,1,324,9.825320098107123e-07,True,CONVERGED,float64,cuda:0
adjoint,2,327,9.331137091859302e-07,True,CONVERGED,float64,cuda:0
forward,0,331,9.688970455814273e-07,True,CONVERGED,float64,cuda:0
forward,1,341,9.620904881562762e-07,True,CONVERGED,float64,cuda:0
forward,2,338,8.993036761010368e-07,True,CONVERGED,float64,cuda:0
adjoint,0,331,9.051030434769891e-07,True,CONVERGED,float64,cuda:0
adjoint,1,324,9.709936327214644e-07,True,CONVERGED,float64,cuda:0
adjoint,2,327,9.326186010452839e-07,True,CONVERGED,float64,cuda:0
forward,0,330,9.944305871512276e-07,True,CONVERGED,float64,cuda:0
forward,1,341,9.607149658875414e-07,True,CONVERGED,float64,cuda:0
forward,2,338,8.846010381234146e-07,True,CONVERGED,float64,cuda:0
adjoint,0,331,8.779220153187448e-07,True,CONVERGED,float64,cuda:0
adjoint,1,324,9.369106973564218e-07,True,CONVERGED,float64,cuda:0
adjoint,2,327,9.30152477067598e-07,True,CONVERGED,float64,cuda:0
forward,0,331,9.816352859226735e-07,True,CONVERGED,float64,cuda:0
forward,1,341,9.65293171302177e-07,True,CONVERGED,float64,cuda:0
forward,2,338,8.993047359590853e-07,True,CONVERGED,float64,cuda:0
adjoint,0,331,9.050587424238282e-07,True,CONVERGED,float64,cuda:0
adjoint,1,324,9.711396329423217e-07,True,CONVERGED,float64,cuda:0
adjoint,2,327,9.306756583635184e-07,True,CONVERGED,float64,cuda:0
forward,0,331,9.866834744490206e-07,True,CONVERGED,float64,cuda:0
forward,1,341,9.693066672118534e-07,True,CONVERGED,float64,cuda:0
forward,2,338,9.013798456143656e-07,True,CONVERGED,float64,cuda:0
adjoint,0,331,9.068888363821566e-07,True,CONVERGED,float64,cuda:0
adjoint,1,324,9.75432616335165e-07,True,CONVERGED,float64,cuda:0
adjoint,2,327,9.318117956533314e-07,True,CONVERGED,float64,cuda:0
forward,0,331,9.58015035391321e-07,True,CONVERGED,float64,cuda:0
forward,1,341,9.65924339011382e-07,True,CONVERGED,float64,cuda:0
forward,2,338,8.885425061702056e-07,True,CONVERGED,float64,cuda:0
adjoint,0,331,8.80281564721409e-07,True,CONVERGED,float64,cuda:0
adjoint,1,324,9.473203238872945e-07,True,CONVERGED,float64,cuda:0
adjoint,2,327,9.317219948128975e-07,True,CONVERGED,float64,cuda:0
forward,0,330,9.913403940196956e-07,True,CONVERGED,float64,cuda:0
forward,1,341,9.617919348090558e-07,True,CONVERGED,float64,cuda:0
forward,2,338,8.869702801578242e-07,True,CONVERGED,float64,cuda:0
adjoint,0,331,8.819027608874093e-07,True,CONVERGED,float64,cuda:0
adjoint,1,324,9.451066358421653e-07,True,CONVERGED,float64,cuda:0
adjoint,2,327,9.38380163179671e-07,True,CONVERGED,float64,cuda:0
forward,0,331,9.671297748772562e-07,True,CONVERGED,float64,cuda:0
forward,1,341,9.61563259046621e-07,True,CONVERGED,float64,cuda:0
forward,2,338,9.025079397513184e-07,True,CONVERGED,float64,cuda:0
adjoint,0,331,8.980679059938721e-07,True,CONVERGED,float64,cuda:0
adjoint,1,324,9.790445195765716e-07,True,CONVERGED,float64,cuda:0
adjoint,2,327,9.435445286553678e-07,True,CONVERGED,float64,cuda:0
forward,0,331,9.631250360897176e-07,True,CONVERGED,float64,cuda:0
forward,1,341,9.613420449271795e-07,True,CONVERGED,float64,cuda:0
forward,2,338,8.994032831014159e-07,True,CONVERGED,float64,cuda:0
adjoint,0,331,9.01138345360892e-07,True,CONVERGED,float64,cuda:0
adjoint,1,324,9.756640949252408e-07,True,CONVERGED,float64,cuda:0
adjoint,2,327,9.412148761140765e-07,True,CONVERGED,float64,cuda:0
forward,0,330,9.919396224439684e-07,True,CONVERGED,float64,cuda:0
forward,1,341,9.632129289393774e-07,True,CONVERGED,float64,cuda:0
forward,2,338,8.878376367578492e-07,True,CONVERGED,float64,cuda:0
adjoint,0,331,8.761915075758725e-07,True,CONVERGED,float64,cuda:0
adjoint,1,324,9.506574539199056e-07,True,CONVERGED,float64,cuda:0
adjoint,2,327,9.363077422177663e-07,True,CONVERGED,float64,cuda:0
forward,0,331,9.54478734605302e-07,True,CONVERGED,float64,cuda:0
forward,1,341,9.64667920731427e-07,True,CONVERGED,float64,cuda:0
forward,2,338,8.928685144970684e-07,True,CONVERGED,float64,cuda:0
adjoint,0,331,8.900708570362908e-07,True,CONVERGED,float64,cuda:0
adjoint,1,324,9.600998747862013e-07,True,CONVERGED,float64,cuda:0
adjoint,2,327,9.406777934683809e-07,True,CONVERGED,float64,cuda:0
forward,0,331,9.651609612555183e-07,True,CONVERGED,float64,cuda:0
forward,1,341,9.661093504877531e-07,True,CONVERGED,float64,cuda:0
forward,2,338,8.999191582239594e-07,True,CONVERGED,float64,cuda:0
adjoint,0,331,8.984183915607741e-07,True,CONVERGED,float64,cuda:0
adjoint,1,324,9.721032880001275e-07,True,CONVERGED,float64,cuda:0
adjoint,2,327,9.461633667049093e-07,True,CONVERGED,float64,cuda:0
forward,0,331,9.570622365182373e-07,True,CONVERGED,float64,cuda:0
forward,1,341,9.66713451188798e-07,True,CONVERGED,float64,cuda:0
forward,2,338,8.940372655851885e-07,True,CONVERGED,float64,cuda:0
adjoint,0,331,8.910597567004469e-07,True,CONVERGED,float64,cuda:0
adjoint,1,324,9.59329188199999e-07,True,CONVERGED,float64,cuda:0
adjoint,2,327,9.441615907690242e-07,True,CONVERGED,float64,cuda:0
forward,0,330,9.958105541929893e-07,True,CONVERGED,float64,cuda:0
forward,1,341,9.661548925162291e-07,True,CONVERGED,float64,cuda:0
forward,2,338,8.899873617518327e-07,True,CONVERGED,float64,cuda:0
adjoint,0,331,8.875823669710715e-07,True,CONVERGED,float64,cuda:0
adjoint,1,324,9.502130750223617e-07,True,CONVERGED,float64,cuda:0
adjoint,2,327,9.418929829627709e-07,True,CONVERGED,float64,cuda:0
forward,0,331,9.644523333996048e-07,True,CONVERGED,float64,cuda:0
forward,1,341,9.655839937758214e-07,True,CONVERGED,float64,cuda:0
forward,2,338,8.964200211687396e-07,True,CONVERGED,float64,cuda:0
adjoint,0,331,8.891591566940058e-07,True,CONVERGED,float64,cuda:0
adjoint,1,324,9.666197250392622e-07,True,CONVERGED,float64,cuda:0
adjoint,2,327,9.429730318860731e-07,True,CONVERGED,float64,cuda:0
forward,0,331,9.62846751159731e-07,True,CONVERGED,float64,cuda:0
forward,1,341,9.648668852190754e-07,True,CONVERGED,float64,cuda:0
forward,2,338,9.005749030922798e-07,True,CONVERGED,float64,cuda:0
adjoint,0,331,8.940060053005063e-07,True,CONVERGED,float64,cuda:0
adjoint,1,324,9.758431053363155e-07,True,CONVERGED,float64,cuda:0
adjoint,2,327,9.443658511600988e-07,True,CONVERGED,float64,cuda:0
forward,0,331,9.658656251271302e-07,True,CONVERGED,float64,cuda:0
forward,1,341,9.657224134591452e-07,True,CONVERGED,float64,cuda:0
forward,2,338,8.976545205084509e-07,True,CONVERGED,float64,cuda:0
adjoint,0,331,8.934025522139742e-07,True,CONVERGED,float64,cuda:0
adjoint,1,324,9.691897251592361e-07,True,CONVERGED,float64,cuda:0
adjoint,2,327,9.445865761592625e-07,True,CONVERGED,float64,cuda:0
forward,0,331,9.523942292776423e-07,True,CONVERGED,float64,cuda:0
forward,1,341,9.666396777128515e-07,True,CONVERGED,float64,cuda:0
forward,2,338,8.919731923532562e-07,True,CONVERGED,float64,cuda:0
adjoint,0,331,8.898097608599892e-07,True,CONVERGED,float64,cuda:0
adjoint,1,324,9.55326272546178e-07,True,CONVERGED,float64,cuda:0
adjoint,2,327,9.434875251370529e-07,True,CONVERGED,float64,cuda:0
forward,0,331,9.590809144815538e-07,True,CONVERGED,float64,cuda:0
forward,1,341,9.662401981589587e-07,True,CONVERGED,float64,cuda:0
forward,2,338,8.952067705678248e-07,True,CONVERGED,float64,cuda:0
adjoint,0,331,8.928182964474461e-07,True,CONVERGED,float64,cuda:0
adjoint,1,324,9.628335236873375e-07,True,CONVERGED,float64,cuda:0
adjoint,2,327,9.458607020331174e-07,True,CONVERGED,float64,cuda:0
forward,0,331,9.65221067372578e-07,True,CONVERGED,float64,cuda:0
forward,1,341,9.651205504251094e-07,True,CONVERGED,float64,cuda:0
forward,2,338,9.014337407089393e-07,True,CONVERGED,float64,cuda:0
adjoint,0,331,8.991783788223645e-07,True,CONVERGED,float64,cuda:0
adjoint,1,324,9.753348085458787e-07,True,CONVERGED,float64,cuda:0
adjoint,2,327,9.502464305756245e-07,True,CONVERGED,float64,cuda:0
forward,0,331,9.545892093500862e-07,True,CONVERGED,float64,cuda:0
forward,1,341,9.641396451050608e-07,True,CONVERGED,float64,cuda:0
forward,2,338,8.948436026931526e-07,True,CONVERGED,float64,cuda:0
adjoint,0,297,8.934441325779853e-07,True,CONVERGED,float64,cuda:0
adjoint,1,324,9.639536117063295e-07,True,CONVERGED,float64,cuda:0
adjoint,2,327,9.461941864937068e-07,True,CONVERGED,float64,cuda:0
forward,0,330,9.968658621967924e-07,True,CONVERGED,float64,cuda:0
forward,1,341,9.63194880097073e-07,True,CONVERGED,float64,cuda:0
forward,2,338,8.945104190072426e-07,True,CONVERGED,float64,cuda:0
adjoint,0,331,8.920681728968209e-07,True,CONVERGED,float64,cuda:0
adjoint,1,324,9.631063710625376e-07,True,CONVERGED,float64,cuda:0
adjoint,2,327,9.467414677978511e-07,True,CONVERGED,float64,cuda:0
forward,0,331,9.566011893020135e-07,True,CONVERGED,float64,cuda:0
forward,1,341,9.628871865688705e-07,True,CONVERGED,float64,cuda:0
forward,2,338,8.99590280028278e-07,True,CONVERGED,float64,cuda:0
adjoint,0,330,9.68498299691498e-07,True,CONVERGED,float64,cuda:0
adjoint,1,324,9.72028348380749e-07,True,CONVERGED,float64,cuda:0
adjoint,2,327,9.507356804415141e-07,True,CONVERGED,float64,cuda:0
forward,0,330,9.98670993300176e-07,True,CONVERGED,float64,cuda:0
forward,1,341,9.629986771187533e-07,True,CONVERGED,float64,cuda:0
forward,2,338,8.960365151155603e-07,True,CONVERGED,float64,cuda:0
adjoint,0,331,8.940112117931634e-07,True,CONVERGED,float64,cuda:0
adjoint,1,324,9.64965114269716e-07,True,CONVERGED,float64,cuda:0
adjoint,2,327,9.486324657526473e-07,True,CONVERGED,float64,cuda:0
forward,0,330,9.984110738041003e-07,True,CONVERGED,float64,cuda:0
forward,1,341,9.63359632179359e-07,True,CONVERGED,float64,cuda:0
forward,2,338,8.938305254379015e-07,True,CONVERGED,float64,cuda:0
adjoint,0,331,8.92413120701376e-07,True,CONVERGED,float64,cuda:0
adjoint,1,324,9.60567393249197e-07,True,CONVERGED,float64,cuda:0
adjoint,2,327,9.464564581212414e-07,True,CONVERGED,float64,cuda:0
forward,0,331,9.597048000070288e-07,True,CONVERGED,float64,cuda:0
forward,1,341,9.630522729630341e-07,True,CONVERGED,float64,cuda:0
forward,2,338,8.979800240959426e-07,True,CONVERGED,float64,cuda:0
adjoint,0,331,8.925555950544853e-07,True,CONVERGED,float64,cuda:0
adjoint,1,324,9.69351639887013e-07,True,CONVERGED,float64,cuda:0
adjoint,2,327,9.477112260032691e-07,True,CONVERGED,float64,cuda:0
forward,0,331,9.568862223389907e-07,True,CONVERGED,float64,cuda:0
forward,1,341,9.623070806625637e-07,True,CONVERGED,float64,cuda:0
forward,2,338,8.979467372604021e-07,True,CONVERGED,float64,cuda:0
adjoint,0,331,8.95330768873189e-07,True,CONVERGED,float64,cuda:0
adjoint,1,324,9.690177556837744e-07,True,CONVERGED,float64,cuda:0
adjoint,2,327,9.475812472179636e-07,True,CONVERGED,float64,cuda:0
forward,0,330,9.97130347473605e-07,True,CONVERGED,float64,cuda:0
forward,1,341,9.62111714879607e-07,True,CONVERGED,float64,cuda:0
forward,2,338,8.954129423427456e-07,True,CONVERGED,float64,cuda:0
adjoint,0,331,8.938271393289667e-07,True,CONVERGED,float64,cuda:0
adjoint,1,324,9.624276088574234e-07,True,CONVERGED,float64,cuda:0
adjoint,2,327,9.466869376922641e-07,True,CONVERGED,float64,cuda:0
forward,0,330,9.983664028652384e-07,True,CONVERGED,float64,cuda:0
forward,1,341,9.627666047627785e-07,True,CONVERGED,float64,cuda:0
forward,2,338,8.941793429486377e-07,True,CONVERGED,float64,cuda:0
adjoint,0,331,8.927874589131878e-07,True,CONVERGED,float64,cuda:0
adjoint,1,324,9.590917698937802e-07,True,CONVERGED,float64,cuda:0
adjoint,2,327,9.457759814818698e-07,True,CONVERGED,float64,cuda:0
forward,0,331,9.597190445105414e-07,True,CONVERGED,float64,cuda:0
forward,1,341,9.633565068853986e-07,True,CONVERGED,float64,cuda:0
forward,2,338,8.951950582343278e-07,True,CONVERGED,float64,cuda:0
adjoint,0,331,8.916779908293129e-07,True,CONVERGED,float64,cuda:0
adjoint,1,324,9.628103618899092e-07,True,CONVERGED,float64,cuda:0
adjoint,2,327,9.439302151715602e-07,True,CONVERGED,float64,cuda:0
forward,0,331,9.69982936946883e-07,True,CONVERGED,float64,cuda:0
forward,1,341,9.629332644601105e-07,True,CONVERGED,float64,cuda:0
forward,2,338,9.001328142697652e-07,True,CONVERGED,float64,cuda:0
adjoint,0,331,8.98336806061782e-07,True,CONVERGED,float64,cuda:0
adjoint,1,324,9.72003695647952e-07,True,CONVERGED,float64,cuda:0
adjoint,2,327,9.468372516649662e-07,True,CONVERGED,float64,cuda:0
forward,0,330,9.98539731493963e-07,True,CONVERGED,float64,cuda:0
forward,1,341,9.619114599077e-07,True,CONVERGED,float64,cuda:0
forward,2,338,8.930485984459853e-07,True,CONVERGED,float64,cuda:0
adjoint,0,331,8.900799667310971e-07,True,CONVERGED,float64,cuda:0
adjoint,1,324,9.569693597561633e-07,True,CONVERGED,float64,cuda:0
adjoint,2,327,9.441065346846807e-07,True,CONVERGED,float64,cuda:0
forward,0,330,9.984010654953654e-07,True,CONVERGED,float64,cuda:0
forward,1,341,9.614800487979824e-07,True,CONVERGED,float64,cuda:0
forward,2,338,8.938077968065214e-07,True,CONVERGED,float64,cuda:0
adjoint,0,331,8.917084413929544e-07,True,CONVERGED,float64,cuda:0
adjoint,1,324,9.577998578750055e-07,True,CONVERGED,float64,cuda:0
adjoint,2,327,9.454771314849099e-07,True,CONVERGED,float64,cuda:0
forward,0,331,9.599343343421513e-07,True,CONVERGED,float64,cuda:0
forward,1,341,9.617398204580761e-07,True,CONVERGED,float64,cuda:0
forward,2,338,8.972547334139651e-07,True,CONVERGED,float64,cuda:0
adjoint,0,331,8.943330223031156e-07,True,CONVERGED,float64,cuda:0
adjoint,1,324,9.654850538067165e-07,True,CONVERGED,float64,cuda:0
adjoint,2,327,9.464633213198863e-07,True,CONVERGED,float64,cuda:0
forward,0,331,9.621503151617748e-07,True,CONVERGED,float64,cuda:0
forward,1,341,9.623098652218375e-07,True,CONVERGED,float64,cuda:0
forward,2,338,8.960312386337312e-07,True,CONVERGED,float64,cuda:0
adjoint,0,331,8.928102041138564e-07,True,CONVERGED,float64,cuda:0
adjoint,1,324,9.634660980511212e-07,True,CONVERGED,float64,cuda:0
adjoint,2,327,9.457924486353986e-07,True,CONVERGED,float64,cuda:0
forward,0,331,9.567666161494036e-07,True,CONVERGED,float64,cuda:0
forward,1,341,9.619515356081207e-07,True,CONVERGED,float64,cuda:0
forward,2,338,8.939221297186948e-07,True,CONVERGED,float64,cuda:0
adjoint,0,331,8.730662259669774e-07,True,CONVERGED,float64,cuda:0
adjoint,1,324,9.590082367629788e-07,True,CONVERGED,float64,cuda:0
adjoint,2,327,9.45002138835687e-07,True,CONVERGED,float64,cuda:0
forward,0,331,9.566781859657464e-07,True,CONVERGED,float64,cuda:0
forward,1,341,9.609339453389987e-07,True,CONVERGED,float64,cuda:0
forward,2,338,8.940863017770358e-07,True,CONVERGED,float64,cuda:0
adjoint,0,331,8.893045856987075e-07,True,CONVERGED,float64,cuda:0
adjoint,1,324,9.603259046185501e-07,True,CONVERGED,float64,cuda:0
adjoint,2,327,9.454565875122698e-07,True,CONVERGED,float64,cuda:0
forward,0,331,9.615037705315578e-07,True,CONVERGED,float64,cuda:0
forward,1,341,9.598533746540127e-07,True,CONVERGED,float64,cuda:0
forward,2,338,8.984125664506323e-07,True,CONVERGED,float64,cuda:0
adjoint,0,331,8.959744391734082e-07,True,CONVERGED,float64,cuda:0
adjoint,1,324,9.684913289672144e-07,True,CONVERGED,float64,cuda:0
adjoint,2,327,9.486633659036647e-07,True,CONVERGED,float64,cuda:0
forward,0,331,9.525840939400153e-07,True,CONVERGED,float64,cuda:0
forward,1,341,9.597191374654012e-07,True,CONVERGED,float64,cuda:0
forward,2,338,8.951947785601472e-07,True,CONVERGED,float64,cuda:0
adjoint,0,331,8.796596511723432e-07,True,CONVERGED,float64,cuda:0
adjoint,1,324,9.612507570649183e-07,True,CONVERGED,float64,cuda:0
adjoint,2,327,9.479414794141962e-07,True,CONVERGED,float64,cuda:0
forward,0,331,9.505284744271357e-07,True,CONVERGED,float64,cuda:0
forward,1,341,9.607569181843287e-07,True,CONVERGED,float64,cuda:0
forward,2,338,8.916545346467861e-07,True,CONVERGED,float64,cuda:0
adjoint,0,331,8.882904253787153e-07,True,CONVERGED,float64,cuda:0
adjoint,1,324,9.532819014575421e-07,True,CONVERGED,float64,cuda:0
adjoint,2,327,9.452825742617011e-07,True,CONVERGED,float64,cuda:0
forward,0,331,9.662045711980587e-07,True,CONVERGED,float64,cuda:0
forward,1,341,9.61256254290861e-07,True,CONVERGED,float64,cuda:0
forward,2,338,8.982418837375413e-07,True,CONVERGED,float64,cuda:0
adjoint,0,331,8.952635232534271e-07,True,CONVERGED,float64,cuda:0
adjoint,1,324,9.663768369410833e-07,True,CONVERGED,float64,cuda:0
adjoint,2,327,9.489233907114513e-07,True,CONVERGED,float64,cuda:0
forward,0,331,9.6275793192729e-07,True,CONVERGED,float64,cuda:0
forward,1,341,9.609698235705888e-07,True,CONVERGED,float64,cuda:0
forward,2,338,8.956914872779553e-07,True,CONVERGED,float64,cuda:0
adjoint,0,331,8.900430417168421e-07,True,CONVERGED,float64,cuda:0
adjoint,1,324,9.620735401947805e-07,True,CONVERGED,float64,cuda:0
adjoint,2,327,9.460483682613244e-07,True,CONVERGED,float64,cuda:0
forward,0,331,9.535588383077426e-07,True,CONVERGED,float64,cuda:0
forward,1,341,9.603736305929847e-07,True,CONVERGED,float64,cuda:0
forward,2,338,8.919205863138459e-07,True,CONVERGED,float64,cuda:0
adjoint,0,331,8.775882844753904e-07,True,CONVERGED,float64,cuda:0
adjoint,1,324,9.542523989014318e-07,True,CONVERGED,float64,cuda:0
adjoint,2,327,9.431329024145842e-07,True,CONVERGED,float64,cuda:0
forward,0,331,9.60705230309322e-07,True,CONVERGED,float64,cuda:0
forward,1,341,9.596073690226868e-07,True,CONVERGED,float64,cuda:0
forward,2,338,8.975726880986487e-07,True,CONVERGED,float64,cuda:0
adjoint,0,331,8.933669137611359e-07,True,CONVERGED,float64,cuda:0
adjoint,1,324,9.650683166237698e-07,True,CONVERGED,float64,cuda:0
adjoint,2,327,9.475121527941598e-07,True,CONVERGED,float64,cuda:0
forward,0,331,9.5966169305908e-07,True,CONVERGED,float64,cuda:0
forward,1,341,9.596101601448146e-07,True,CONVERGED,float64,cuda:0
forward,2,338,8.97408315627089e-07,True,CONVERGED,float64,cuda:0
adjoint,0,331,8.939337394397696e-07,True,CONVERGED,float64,cuda:0
adjoint,1,324,9.641570568829115e-07,True,CONVERGED,float64,cuda:0
adjoint,2,327,9.475990104985095e-07,True,CONVERGED,float64,cuda:0
forward,0,331,9.547474509868638e-07,True,CONVERGED,float64,cuda:0
forward,1,341,9.606610005525763e-07,True,CONVERGED,float64,cuda:0
forward,2,338,8.941571971697967e-07,True,CONVERGED,float64,cuda:0
adjoint,0,331,8.912203459203955e-07,True,CONVERGED,float64,cuda:0
adjoint,1,324,9.552715259439044e-07,True,CONVERGED,float64,cuda:0
adjoint,2,327,9.461569036289877e-07,True,CONVERGED,float64,cuda:0
forward,0,331,9.547605164601128e-07,True,CONVERGED,float64,cuda:0
forward,1,341,9.614508724009298e-07,True,CONVERGED,float64,cuda:0
forward,2,338,8.908778816676242e-07,True,CONVERGED,float64,cuda:0
adjoint,0,331,8.83571660988162e-07,True,CONVERGED,float64,cuda:0
adjoint,1,324,9.488014121662978e-07,True,CONVERGED,float64,cuda:0
adjoint,2,327,9.430214307901897e-07,True,CONVERGED,float64,cuda:0
forward,0,331,9.734783511535252e-07,True,CONVERGED,float64,cuda:0
forward,1,341,9.604951463943643e-07,True,CONVERGED,float64,cuda:0
forward,2,338,9.003109943455933e-07,True,CONVERGED,float64,cuda:0
adjoint,0,331,8.826207776703751e-07,True,CONVERGED,float64,cuda:0
adjoint,1,324,9.704717784841862e-07,True,CONVERGED,float64,cuda:0
adjoint,2,327,9.479529428228202e-07,True,CONVERGED,float64,cuda:0
forward,0,331,9.660454805396817e-07,True,CONVERGED,float64,cuda:0
forward,1,341,9.590309903120347e-07,True,CONVERGED,float64,cuda:0
forward,2,338,8.984471604019515e-07,True,CONVERGED,float64,cuda:0
adjoint,0,331,8.864977268220383e-07,True,CONVERGED,float64,cuda:0
adjoint,1,324,9.671057049295326e-07,True,CONVERGED,float64,cuda:0
adjoint,2,327,9.477935085319563e-07,True,CONVERGED,float64,cuda:0
forward,0,330,9.964162349578843e-07,True,CONVERGED,float64,cuda:0
forward,1,341,9.576279353430115e-07,True,CONVERGED,float64,cuda:0
forward,2,338,8.912789081126169e-07,True,CONVERGED,float64,cuda:0
adjoint,0,331,8.876140206945288e-07,True,CONVERGED,float64,cuda:0
adjoint,1,324,9.509443085006065e-07,True,CONVERGED,float64,cuda:0
adjoint,2,327,9.459897860789084e-07,True,CONVERGED,float64,cuda:0
forward,0,331,9.553586381460504e-07,True,CONVERGED,float64,cuda:0
forward,1,341,9.584718807026895e-07,True,CONVERGED,float64,cuda:0
forward,2,338,8.96117343090567e-07,True,CONVERGED,float64,cuda:0
adjoint,0,331,8.806648907561899e-07,True,CONVERGED,float64,cuda:0
adjoint,1,324,9.607151784348207e-07,True,CONVERGED,float64,cuda:0
adjoint,2,327,9.492319586829488e-07,True,CONVERGED,float64,cuda:0
forward,0,331,9.691124549904702e-07,True,CONVERGED,float64,cuda:0
forward,1,341,9.59840786318442e-07,True,CONVERGED,float64,cuda:0
forward,2,338,9.001246918745062e-07,True,CONVERGED,float64,cuda:0
adjoint,0,331,8.964904080017761e-07,True,CONVERGED,float64,cuda:0
adjoint,1,324,9.680601834697517e-07,True,CONVERGED,float64,cuda:0
adjoint,2,327,9.516741811472214e-07,True,CONVERGED,float64,cuda:0
forward,0,331,9.53940121569339e-07,True,CONVERGED,float64,cuda:0
forward,1,341,9.596992795692372e-07,True,CONVERGED,float64,cuda:0
forward,2,338,8.916939050990329e-07,True,CONVERGED,float64,cuda:0
adjoint,0,331,8.869235661473471e-07,True,CONVERGED,float64,cuda:0
adjoint,1,324,9.501810764234719e-07,True,CONVERGED,float64,cuda:0
adjoint,2,327,9.46791103074846e-07,True,CONVERGED,float64,cuda:0
forward,0,331,9.555395904082504e-07,True,CONVERGED,float64,cuda:0
forward,1,341,9.580560706427319e-07,True,CONVERGED,float64,cuda:0
forward,2,338,8.948662767170915e-07,True,CONVERGED,float64,cuda:0
adjoint,0,331,8.699428952200943e-07,True,CONVERGED,float64,cuda:0
adjoint,1,324,9.58303596116579e-07,True,CONVERGED,float64,cuda:0
adjoint,2,327,9.486174877834911e-07,True,CONVERGED,float64,cuda:0
forward,0,331,9.622564864053072e-07,True,CONVERGED,float64,cuda:0
forward,1,341,9.569946631442511e-07,True,CONVERGED,float64,cuda:0
forward,2,338,9.002824869674425e-07,True,CONVERGED,float64,cuda:0
adjoint,0,331,8.961045114770777e-07,True,CONVERGED,float64,cuda:0
adjoint,1,324,9.693983442005087e-07,True,CONVERGED,float64,cuda:0
adjoint,2,327,9.517592125033071e-07,True,CONVERGED,float64,cuda:0
forward,0,331,9.537656601287516e-07,True,CONVERGED,float64,cuda:0
forward,1,341,9.573484883740219e-07,True,CONVERGED,float64,cuda:0
forward,2,338,8.961969129284029e-07,True,CONVERGED,float64,cuda:0
adjoint,0,331,8.884289229289878e-07,True,CONVERGED,float64,cuda:0
adjoint,1,324,9.596918596330848e-07,True,CONVERGED,float64,cuda:0
adjoint,2,327,9.503464574462315e-07,True,CONVERGED,float64,cuda:0
forward,0,331,9.527445984577513e-07,True,CONVERGED,float64,cuda:0
forward,1,341,9.58963297350064e-07,True,CONVERGED,float64,cuda:0
forward,2,338,8.915899302480875e-07,True,CONVERGED,float64,cuda:0
adjoint,0,331,8.876984590628699e-07,True,CONVERGED,float64,cuda:0
adjoint,1,324,9.480546016793902e-07,True,CONVERGED,float64,cuda:0
adjoint,2,327,9.473919396427124e-07,True,CONVERGED,float64,cuda:0
forward,0,331,9.703637958664687e-07,True,CONVERGED,float64,cuda:0
forward,1,341,9.59682958697675e-07,True,CONVERGED,float64,cuda:0
forward,2,338,8.956093393476925e-07,True,CONVERGED,float64,cuda:0
adjoint,0,331,8.833013156178333e-07,True,CONVERGED,float64,cuda:0
adjoint,1,324,9.60049054877229e-07,True,CONVERGED,float64,cuda:0
adjoint,2,327,9.459282283516553e-07,True,CONVERGED,float64,cuda:0
forward,0,331,9.752152701510322e-07,True,CONVERGED,float64,cuda:0
forward,1,341,9.587121184143591e-07,True,CONVERGED,float64,cuda:0
forward,2,338,9.035761587107846e-07,True,CONVERGED,float64,cuda:0
adjoint,0,331,8.890774804300079e-07,True,CONVERGED,float64,cuda:0
adjoint,1,324,9.745064118859425e-07,True,CONVERGED,float64,cuda:0
adjoint,2,327,9.52259564691624e-07,True,CONVERGED,float64,cuda:0
forward,0,331,9.513741687060767e-07,True,CONVERGED,float64,cuda:0
forward,1,341,9.577537634281839e-07,True,CONVERGED,float64,cuda:0
forward,2,338,8.929474850713366e-07,True,CONVERGED,float64,cuda:0
adjoint,0,331,8.887903510571496e-07,True,CONVERGED,float64,cuda:0
adjoint,1,324,9.508337674485802e-07,True,CONVERGED,float64,cuda:0
adjoint,2,327,9.484802134849723e-07,True,CONVERGED,float64,cuda:0
forward,0,330,9.997603221499087e-07,True,CONVERGED,float64,cuda:0
forward,1,341,9.573357763173183e-07,True,CONVERGED,float64,cuda:0
forward,2,338,8.914264574140727e-07,True,CONVERGED,float64,cuda:0
adjoint,0,331,8.891185460120304e-07,True,CONVERGED,float64,cuda:0
adjoint,1,324,9.459240257847798e-07,True,CONVERGED,float64,cuda:0
adjoint,2,327,9.490174560116976e-07,True,CONVERGED,float64,cuda:0
forward,0,331,9.691718586500194e-07,True,CONVERGED,float64,cuda:0
forward,1,341,9.583405217626786e-07,True,CONVERGED,float64,cuda:0
forward,2,338,8.984202106527583e-07,True,CONVERGED,float64,cuda:0
adjoint,0,331,8.812484608726157e-07,True,CONVERGED,float64,cuda:0
adjoint,1,324,9.636006056539437e-07,True,CONVERGED,float64,cuda:0
adjoint,2,327,9.500163988301084e-07,True,CONVERGED,float64,cuda:0
forward,0,331,9.751108463083924e-07,True,CONVERGED,float64,cuda:0
forward,1,341,9.586847072550775e-07,True,CONVERGED,float64,cuda:0
forward,2,338,8.980841020308229e-07,True,CONVERGED,float64,cuda:0
adjoint,0,331,8.892566971925138e-07,True,CONVERGED,float64,cuda:0
adjoint,1,324,9.646981207719134e-07,True,CONVERGED,float64,cuda:0
adjoint,2,327,9.480585314534568e-07,True,CONVERGED,float64,cuda:0
forward,0,331,9.61124632742643e-07,True,CONVERGED,float64,cuda:0
forward,1,341,9.579637751715445e-07,True,CONVERGED,float64,cuda:0
forward,2,338,8.961027024368707e-07,True,CONVERGED,float64,cuda:0
adjoint,0,331,8.887996718771832e-07,True,CONVERGED,float64,cuda:0
adjoint,1,324,9.57080482816729e-07,True,CONVERGED,float64,cuda:0
adjoint,2,327,9.501510392224305e-07,True,CONVERGED,float64,cuda:0
forward,0,331,9.492169146094021e-07,True,CONVERGED,float64,cuda:0
forward,1,341,9.572590660560663e-07,True,CONVERGED,float64,cuda:0
forward,2,338,8.907424480791991e-07,True,CONVERGED,float64,cuda:0
adjoint,0,331,8.877145726132875e-07,True,CONVERGED,float64,cuda:0
adjoint,1,324,9.431353755424252e-07,True,CONVERGED,float64,cuda:0
adjoint,2,327,9.4897847981095e-07,True,CONVERGED,float64,cuda:0
forward,0,331,9.61221070744694e-07,True,CONVERGED,float64,cuda:0
forward,1,341,9.5646436942606e-07,True,CONVERGED,float64,cuda:0
forward,2,338,8.99262248062502e-07,True,CONVERGED,float64,cuda:0
adjoint,0,331,8.928556641339615e-07,True,CONVERGED,float64,cuda:0
adjoint,1,324,9.634322099759114e-07,True,CONVERGED,float64,cuda:0
adjoint,2,327,9.525727449272994e-07,True,CONVERGED,float64,cuda:0
forward,0,331,9.68686785160863e-07,True,CONVERGED,float64,cuda:0
forward,1,341,9.573442939049058e-07,True,CONVERGED,float64,cuda:0
forward,2,338,8.992887629085831e-07,True,CONVERGED,float64,cuda:0
adjoint,0,331,8.837879628686512e-07,True,CONVERGED,float64,cuda:0
adjoint,1,324,9.643737611477236e-07,True,CONVERGED,float64,cuda:0
adjoint,2,327,9.515074328775207e-07,True,CONVERGED,float64,cuda:0
forward,0,331,9.567950846253566e-07,True,CONVERGED,float64,cuda:0
forward,1,341,9.576051372256304e-07,True,CONVERGED,float64,cuda:0
forward,2,338,8.915717585564482e-07,True,CONVERGED,float64,cuda:0
adjoint,0,331,8.761744283699577e-07,True,CONVERGED,float64,cuda:0
adjoint,1,324,9.466919128616802e-07,True,CONVERGED,float64,cuda:0
adjoint,2,327,9.474147598195142e-07,True,CONVERGED,float64,cuda:0
forward,0,331,9.646645605456036e-07,True,CONVERGED,float64,cuda:0
forward,1,341,9.570472982561957e-07,True,CONVERGED,float64,cuda:0
forward,2,338,8.961759203804829e-07,True,CONVERGED,float64,cuda:0
adjoint,0,331,8.772912663393579e-07,True,CONVERGED,float64,cuda:0
adjoint,1,324,9.580123454577158e-07,True,CONVERGED,float64,cuda:0
adjoint,2,327,9.498150607991164e-07,True,CONVERGED,float64,cuda:0
forward,0,331,9.702097879817058e-07,True,CONVERGED,float64,cuda:0
forward,1,341,9.561886329916908e-07,True,CONVERGED,float64,cuda:0
forward,2,338,9.012016770419805e-07,True,CONVERGED,float64,cuda:0
adjoint,0,331,8.904356580519543e-07,True,CONVERGED,float64,cuda:0
adjoint,1,324,9.673691654484208e-07,True,CONVERGED,float64,cuda:0
adjoint,2,327,9.537194170450356e-07,True,CONVERGED,float64,cuda:0
forward,0,331,9.531295558315551e-07,True,CONVERGED,float64,cuda:0
forward,1,341,9.561455742603874e-07,True,CONVERGED,float64,cuda:0
forward,2,338,8.932745833047792e-07,True,CONVERGED,float64,cuda:0
adjoint,0,331,8.806257516827098e-07,True,CONVERGED,float64,cuda:0
adjoint,1,324,9.488274710387187e-07,True,CONVERGED,float64,cuda:0
adjoint,2,327,9.504331247868816e-07,True,CONVERGED,float64,cuda:0
forward,0,331,9.568592018267652e-07,True,CONVERGED,float64,cuda:0
forward,1,341,9.569311602923404e-07,True,CONVERGED,float64,cuda:0
forward,2,338,8.956778489661417e-07,True,CONVERGED,float64,cuda:0
adjoint,0,331,8.924114655533042e-07,True,CONVERGED,float64,cuda:0
adjoint,1,324,9.520307008580236e-07,True,CONVERGED,float64,cuda:0
adjoint,2,327,9.530365492567422e-07,True,CONVERGED,float64,cuda:0
forward,0,331,9.651451085939436e-07,True,CONVERGED,float64,cuda:0
forward,1,341,9.571881481760671e-07,True,CONVERGED,float64,cuda:0
forward,2,338,8.969821818498097e-07,True,CONVERGED,float64,cuda:0
adjoint,0,331,8.779063357321096e-07,True,CONVERGED,float64,cuda:0
adjoint,1,324,9.567294454756777e-07,True,CONVERGED,float64,cuda:0
adjoint,2,327,9.521475395191104e-07,True,CONVERGED,float64,cuda:0
forward,0,331,9.680347537728172e-07,True,CONVERGED,float64,cuda:0
forward,1,341,9.569305866160757e-07,True,CONVERGED,float64,cuda:0
forward,2,338,8.959228419607718e-07,True,CONVERGED,float64,cuda:0
adjoint,0,330,9.831735250591027e-07,True,CONVERGED,float64,cuda:0
adjoint,1,324,9.564867375213197e-07,True,CONVERGED,float64,cuda:0
adjoint,2,327,9.498713103229081e-07,True,CONVERGED,float64,cuda:0
forward,0,331,9.676957209899812e-07,True,CONVERGED,float64,cuda:0
forward,1,341,9.554922269020773e-07,True,CONVERGED,float64,cuda:0
forward,2,338,8.97828935763891e-07,True,CONVERGED,float64,cuda:0
adjoint,0,331,8.861035745045197e-07,True,CONVERGED,float64,cuda:0
adjoint,1,324,9.609052065216855e-07,True,CONVERGED,float64,cuda:0
adjoint,2,327,9.511049397322669e-07,True,CONVERGED,float64,cuda:0
forward,0,331,9.58064676463689e-07,True,CONVERGED,float64,cuda:0
forward,1,341,9.546823005828812e-07,True,CONVERGED,float64,cuda:0
forward,2,338,8.975028749506559e-07,True,CONVERGED,float64,cuda:0
adjoint,0,331,8.820566069462134e-07,True,CONVERGED,float64,cuda:0
adjoint,1,324,9.576274930994839e-07,True,CONVERGED,float64,cuda:0
adjoint,2,327,9.539196372940564e-07,True,CONVERGED,float64,cuda:0
forward,0,331,9.55034160559072e-07,True,CONVERGED,float64,cuda:0
forward,1,341,9.555797443235022e-07,True,CONVERGED,float64,cuda:0
forward,2,338,8.957832895710961e-07,True,CONVERGED,float64,cuda:0
adjoint,0,331,8.924356517015587e-07,True,CONVERGED,float64,cuda:0
adjoint,1,324,9.508985447530699e-07,True,CONVERGED,float64,cuda:0
adjoint,2,327,9.546956922439895e-07,True,CONVERGED,float64,cuda:0
forward,0,331,9.612213998595758e-07,True,CONVERGED,float64,cuda:0
forward,1,341,9.56528148511988e-07,True,CONVERGED,float64,cuda:0
forward,2,338,8.958170188776105e-07,True,CONVERGED,float64,cuda:0
adjoint,0,331,8.768791351290187e-07,True,CONVERGED,float64,cuda:0
adjoint,1,324,9.510312478482245e-07,True,CONVERGED,float64,cuda:0
adjoint,2,327,9.539007462312142e-07,True,CONVERGED,float64,cuda:0
forward,0,331,9.710874224837698e-07,True,CONVERGED,float64,cuda:0
forward,1,341,9.563941373671397e-07,True,CONVERGED,float64,cuda:0
forward,2,338,8.960350248203821e-07,True,CONVERGED,float64,cuda:0
adjoint,0,331,8.864070762152169e-07,True,CONVERGED,float64,cuda:0
adjoint,1,324,9.553885312907445e-07,True,CONVERGED,float64,cuda:0
adjoint,2,327,9.505992590135981e-07,True,CONVERGED,float64,cuda:0
forward,0,331,9.756121004391365e-07,True,CONVERGED,float64,cuda:0
forward,1,341,9.551728744282233e-07,True,CONVERGED,float64,cuda:0
forward,2,338,8.999945489271554e-07,True,CONVERGED,float64,cuda:0
adjoint,0,331,8.909338735499493e-07,True,CONVERGED,float64,cuda:0
adjoint,1,324,9.644507615014046e-07,True,CONVERGED,float64,cuda:0
adjoint,2,327,9.530060765622831e-07,True,CONVERGED,float64,cuda:0
forward,0,331,9.61292361300608e-07,True,CONVERGED,float64,cuda:0
forward,1,341,9.542540547197422e-07,True,CONVERGED,float64,cuda:0
forward,2,338,8.986859585030894e-07,True,CONVERGED,float64,cuda:0
adjoint,0,331,8.754237920289615e-07,True,CONVERGED,float64,cuda:0
adjoint,1,324,9.588100549613302e-07,True,CONVERGED,float64,cuda:0
adjoint,2,327,9.545965742658483e-07,True,CONVERGED,float64,cuda:0
forward,0,331,9.502452523475449e-07,True,CONVERGED,float64,cuda:0
forward,1,341,9.544893747849983e-07,True,CONVERGED,float64,cuda:0
forward,2,338,8.908135660593533e-07,True,CONVERGED,float64,cuda:0
adjoint,0,331,8.882102934918242e-07,True,CONVERGED,float64,cuda:0
adjoint,1,324,9.391225412487519e-07,True,CONVERGED,float64,cuda:0
adjoint,2,327,9.529385546857439e-07,True,CONVERGED,float64,cuda:0
forward,0,331,9.74109922680132e-07,True,CONVERGED,float64,cuda:0
forward,1,341,9.544301880171973e-07,True,CONVERGED,float64,cuda:0
forward,2,338,9.02843028980609e-07,True,CONVERGED,float64,cuda:0
adjoint,0,331,8.792928465573463e-07,True,CONVERGED,float64,cuda:0
adjoint,1,324,9.66931047186936e-07,True,CONVERGED,float64,cuda:0
adjoint,2,327,9.563568650957306e-07,True,CONVERGED,float64,cuda:0
forward,0,331,9.736142317182127e-07,True,CONVERGED,float64,cuda:0
forward,1,341,9.557172107157015e-07,True,CONVERGED,float64,cuda:0
forward,2,338,8.973435009950419e-07,True,CONVERGED,float64,cuda:0
adjoint,0,331,8.851782544584617e-07,True,CONVERGED,float64,cuda:0
adjoint,1,324,9.564881227391e-07,True,CONVERGED,float64,cuda:0
adjoint,2,327,9.512814556159019e-07,True,CONVERGED,float64,cuda:0
forward,0,331,9.669142557671609e-07,True,CONVERGED,float64,cuda:0
forward,1,341,9.557698208506365e-07,True,CONVERGED,float64,cuda:0
forward,2,338,8.953043145590335e-07,True,CONVERGED,float64,cuda:0
adjoint,0,331,8.878393886859835e-07,True,CONVERGED,float64,cuda:0
adjoint,1,324,9.49465789839218e-07,True,CONVERGED,float64,cuda:0
adjoint,2,327,9.518058739878505e-07,True,CONVERGED,float64,cuda:0
forward,0,331,9.627061455348628e-07,True,CONVERGED,float64,cuda:0
forward,1,341,9.547690518318914e-07,True,CONVERGED,float64,cuda:0
forward,2,338,8.957746615880392e-07,True,CONVERGED,float64,cuda:0
adjoint,0,331,8.875967303482751e-07,True,CONVERGED,float64,cuda:0
adjoint,1,324,9.505087462441729e-07,True,CONVERGED,float64,cuda:0
adjoint,2,327,9.523303135817233e-07,True,CONVERGED,float64,cuda:0
forward,0,331,9.636454035173127e-07,True,CONVERGED,float64,cuda:0
forward,1,341,9.532154524755188e-07,True,CONVERGED,float64,cuda:0
forward,2,338,8.992545380221617e-07,True,CONVERGED,float64,cuda:0
adjoint,0,331,8.849108957099544e-07,True,CONVERGED,float64,cuda:0
adjoint,1,324,9.584245880425874e-07,True,CONVERGED,float64,cuda:0
adjoint,2,327,9.54914527278212e-07,True,CONVERGED,float64,cuda:0
forward,0,331,9.612170148440356e-07,True,CONVERGED,float64,cuda:0
forward,1,341,9.533983316939375e-07,True,CONVERGED,float64,cuda:0
forward,2,338,8.968505858232009e-07,True,CONVERGED,float64,cuda:0
adjoint,0,331,8.876236414717946e-07,True,CONVERGED,float64,cuda:0
adjoint,1,324,9.528465515289961e-07,True,CONVERGED,float64,cuda:0
adjoint,2,327,9.535769979731638e-07,True,CONVERGED,float64,cuda:0
forward,0,331,9.641664087025858e-07,True,CONVERGED,float64,cuda:0
forward,1,341,9.543304779587418e-07,True,CONVERGED,float64,cuda:0
forward,2,338,8.952672876413214e-07,True,CONVERGED,float64,cuda:0
adjoint,0,331,8.889384143453472e-07,True,CONVERGED,float64,cuda:0
adjoint,1,324,9.485812123463638e-07,True,CONVERGED,float64,cuda:0
adjoint,2,327,9.526928907572389e-07,True,CONVERGED,float64,cuda:0
forward,0,331,9.72034744633588e-07,True,CONVERGED,float64,cuda:0
forward,1,341,9.545838665974778e-07,True,CONVERGED,float64,cuda:0
forward,2,338,8.965306770522474e-07,True,CONVERGED,float64,cuda:0
adjoint,0,331,8.884305919200267e-07,True,CONVERGED,float64,cuda:0
adjoint,1,324,9.530097807102458e-07,True,CONVERGED,float64,cuda:0
adjoint,2,327,9.515710187219788e-07,True,CONVERGED,float64,cuda:0
forward,0,331,9.74782911402297e-07,True,CONVERGED,float64,cuda:0
forward,1,341,9.536197802760789e-07,True,CONVERGED,float64,cuda:0
forward,2,338,8.998126895702998e-07,True,CONVERGED,float64,cuda:0
adjoint,0,331,8.90167866692273e-07,True,CONVERGED,float64,cuda:0
adjoint,1,324,9.598135385504212e-07,True,CONVERGED,float64,cuda:0
adjoint,2,327,9.539781597289504e-07,True,CONVERGED,float64,cuda:0
forward,0,331,9.61585123965636e-07,True,CONVERGED,float64,cuda:0
forward,1,341,9.530572744021758e-07,True,CONVERGED,float64,cuda:0
forward,2,338,8.97749856405673e-07,True,CONVERGED,float64,cuda:0
adjoint,0,331,8.877018436561819e-07,True,CONVERGED,float64,cuda:0
adjoint,1,324,9.519005972189947e-07,True,CONVERGED,float64,cuda:0
adjoint,2,327,9.55913335298711e-07,True,CONVERGED,float64,cuda:0
forward,0,331,9.585111736635938e-07,True,CONVERGED,float64,cuda:0
forward,1,341,9.543053373864091e-07,True,CONVERGED,float64,cuda:0
forward,2,338,8.930806552730201e-07,True,CONVERGED,float64,cuda:0
adjoint,0,331,8.947497680124099e-07,True,CONVERGED,float64,cuda:0
adjoint,1,324,9.394366198236237e-07,True,CONVERGED,float64,cuda:0
adjoint,2,327,9.545228780828245e-07,True,CONVERGED,float64,cuda:0
forward,0,331,9.72771596755996e-07,True,CONVERGED,float64,cuda:0
forward,1,341,9.535447632767927e-07,True,CONVERGED,float64,cuda:0
forward,2,338,8.996646110815864e-07,True,CONVERGED,float64,cuda:0
adjoint,0,331,8.907868130543052e-07,True,CONVERGED,float64,cuda:0
adjoint,1,324,9.573950756739745e-07,True,CONVERGED,float64,cuda:0
adjoint,2,327,9.540072686387204e-07,True,CONVERGED,float64,cuda:0
forward,0,331,9.803714717884214e-07,True,CONVERGED,float64,cuda:0
forward,1,341,9.538452848683683e-07,True,CONVERGED,float64,cuda:0
forward,2,338,8.995572037577254e-07,True,CONVERGED,float64,cuda:0
adjoint,0,331,8.920618382628204e-07,True,CONVERGED,float64,cuda:0
adjoint,1,324,9.597852734036059e-07,True,CONVERGED,float64,cuda:0
adjoint,2,327,9.51308753277605e-07,True,CONVERGED,float64,cuda:0
forward,0,331,9.701246994903226e-07,True,CONVERGED,float64,cuda:0
forward,1,341,9.537690660975664e-07,True,CONVERGED,float64,cuda:0
forward,2,338,8.949975864281491e-07,True,CONVERGED,float64,cuda:0
adjoint,0,331,8.884418831217618e-07,True,CONVERGED,float64,cuda:0
adjoint,1,324,9.483330014197303e-07,True,CONVERGED,float64,cuda:0
adjoint,2,327,9.502606495460684e-07,True,CONVERGED,float64,cuda:0
forward,0,331,9.6651289749798e-07,True,CONVERGED,float64,cuda:0
forward,1,341,9.522932090839817e-07,True,CONVERGED,float64,cuda:0
forward,2,338,8.972068694279479e-07,True,CONVERGED,float64,cuda:0
adjoint,0,331,8.896674741870988e-07,True,CONVERGED,float64,cuda:0
adjoint,1,324,9.530342069705128e-07,True,CONVERGED,float64,cuda:0
adjoint,2,327,9.530376849942699e-07,True,CONVERGED,float64,cuda:0
forward,0,331,9.664030463793852e-07,True,CONVERGED,float64,cuda:0
forward,1,341,9.518436012355019e-07,True,CONVERGED,float64,cuda:0
forward,2,338,9.017370069396832e-07,True,CONVERGED,float64,cuda:0
adjoint,0,331,8.882673474713801e-07,True,CONVERGED,float64,cuda:0
adjoint,1,324,9.593184410214729e-07,True,CONVERGED,float64,cuda:0
adjoint,2,327,9.590043420934554e-07,True,CONVERGED,float64,cuda:0
forward,0,331,9.59577990037794e-07,True,CONVERGED,float64,cuda:0
forward,1,341,9.532921313295482e-07,True,CONVERGED,float64,cuda:0
forward,2,338,8.931634621406853e-07,True,CONVERGED,float64,cuda:0
adjoint,0,331,8.986324008111125e-07,True,CONVERGED,float64,cuda:0
adjoint,1,324,9.389431833806685e-07,True,CONVERGED,float64,cuda:0
adjoint,2,327,9.574716494818323e-07,True,CONVERGED,float64,cuda:0
forward,0,331,9.710782219587816e-07,True,CONVERGED,float64,cuda:0
forward,1,341,9.524544111028777e-07,True,CONVERGED,float64,cuda:0
forward,2,338,9.008220301953121e-07,True,CONVERGED,float64,cuda:0
adjoint,0,331,8.92513900708566e-07,True,CONVERGED,float64,cuda:0
adjoint,1,324,9.56961367058696e-07,True,CONVERGED,float64,cuda:0
adjoint,2,327,9.579268127909598e-07,True,CONVERGED,float64,cuda:0
forward,0,331,9.733250363214173e-07,True,CONVERGED,float64,cuda:0
forward,1,341,9.524816501165555e-07,True,CONVERGED,float64,cuda:0
forward,2,338,8.977651869716907e-07,True,CONVERGED,float64,cuda:0
adjoint,0,331,8.901302157168298e-07,True,CONVERGED,float64,cuda:0
adjoint,1,324,9.53265326511128e-07,True,CONVERGED,float64,cuda:0
adjoint,2,327,9.534100462305433e-07,True,CONVERGED,float64,cuda:0
forward,0,331,9.706748329476177e-07,True,CONVERGED,float64,cuda:0
forward,1,341,9.52030978781717e-07,True,CONVERGED,float64,cuda:0
forward,2,338,8.971681684526052e-07,True,CONVERGED,float64,cuda:0
adjoint,0,331,8.901239304848109e-07,True,CONVERGED,float64,cuda:0
adjoint,1,324,9.51797117560142e-07,True,CONVERGED,float64,cuda:0
adjoint,2,327,9.530953541485279e-07,True,CONVERGED,float64,cuda:0
forward,0,331,9.705426053978985e-07,True,CONVERGED,float64,cuda:0
forward,1,341,9.514522420421127e-07,True,CONVERGED,float64,cuda:0
forward,2,338,8.987789328102866e-07,True,CONVERGED,float64,cuda:0
adjoint,0,331,8.915138777125905e-07,True,CONVERGED,float64,cuda:0
adjoint,1,324,9.54097461449045e-07,True,CONVERGED,float64,cuda:0
adjoint,2,327,9.546706655830934e-07,True,CONVERGED,float64,cuda:0
forward,0,331,9.66122186104035e-07,True,CONVERGED,float64,cuda:0
forward,1,341,9.515427793187475e-07,True,CONVERGED,float64,cuda:0
forward,2,338,8.97466967462571e-07,True,CONVERGED,float64,cuda:0
adjoint,0,331,8.92789436479084e-07,True,CONVERGED,float64,cuda:0
adjoint,1,324,9.494442137870617e-07,True,CONVERGED,float64,cuda:0
adjoint,2,327,9.558941125071759e-07,True,CONVERGED,float64,cuda:0
forward,0,331,9.684055067673858e-07,True,CONVERGED,float64,cuda:0
forward,1,341,9.517983016808433e-07,True,CONVERGED,float64,cuda:0
forward,2,338,8.976801559122648e-07,True,CONVERGED,float64,cuda:0
adjoint,0,331,8.930025117607424e-07,True,CONVERGED,float64,cuda:0
adjoint,1,324,9.493579545610785e-07,True,CONVERGED,float64,cuda:0
adjoint,2,327,9.55830491100551e-07,True,CONVERGED,float64,cuda:0
forward,0,331,9.724292358159376e-07,True,CONVERGED,float64,cuda:0
forward,1,341,9.521805407526852e-07,True,CONVERGED,float64,cuda:0
forward,2,338,8.988729254348217e-07,True,CONVERGED,float64,cuda:0
adjoint,0,331,8.926701132870073e-07,True,CONVERGED,float64,cuda:0
adjoint,1,324,9.515326138994947e-07,True,CONVERGED,float64,cuda:0
adjoint,2,327,9.56379846766877e-07,True,CONVERGED,float64,cuda:0
forward,0,331,9.731340332940883e-07,True,CONVERGED,float64,cuda:0
forward,1,341,9.523970750509379e-07,True,CONVERGED,float64,cuda:0
forward,2,338,8.992134382096639e-07,True,CONVERGED,float64,cuda:0
adjoint,0,331,8.938649852804839e-07,True,CONVERGED,float64,cuda:0
adjoint,1,324,9.513826739825208e-07,True,CONVERGED,float64,cuda:0
adjoint,2,327,9.56799627470207e-07,True,CONVERGED,float64,cuda:0
forward,0,331,9.672932803344563e-07,True,CONVERGED,float64,cuda:0
forward,1,341,9.5229584505343e-07,True,CONVERGED,float64,cuda:0
forward,2,338,8.947032394692872e-07,True,CONVERGED,float64,cuda:0
adjoint,0,331,8.928426373305383e-07,True,CONVERGED,float64,cuda:0
adjoint,1,324,9.42523261695322e-07,True,CONVERGED,float64,cuda:0
adjoint,2,327,9.54851268567094e-07,True,CONVERGED,float64,cuda:0
forward,0,331,9.767512617426599e-07,True,CONVERGED,float64,cuda:0
forward,1,341,9.500042742259028e-07,True,CONVERGED,float64,cuda:0
forward,2,338,9.014887731817484e-07,True,CONVERGED,float64,cuda:0
adjoint,0,331,8.91529035090988e-07,True,CONVERGED,float64,cuda:0
adjoint,1,324,9.596491312450135e-07,True,CONVERGED,float64,cuda:0
adjoint,2,327,9.555595609651293e-07,True,CONVERGED,float64,cuda:0
forward,0,331,9.731600485449323e-07,True,CONVERGED,float64,cuda:0
forward,1,341,9.50565124111114e-07,True,CONVERGED,float64,cuda:0
forward,2,338,8.996976726615665e-07,True,CONVERGED,float64,cuda:0
adjoint,0,331,8.918219963706563e-07,True,CONVERGED,float64,cuda:0
adjoint,1,324,9.552722113813767e-07,True,CONVERGED,float64,cuda:0
adjoint,2,327,9.553469162960883e-07,True,CONVERGED,float64,cuda:0
forward,0,331,9.65525568319523e-07,True,CONVERGED,float64,cuda:0
forward,1,341,9.513285492504925e-07,True,CONVERGED,float64,cuda:0
forward,2,338,8.944007441183484e-07,True,CONVERGED,float64,cuda:0
adjoint,0,331,8.936053403263512e-07,True,CONVERGED,float64,cuda:0
adjoint,1,324,9.420279440950818e-07,True,CONVERGED,float64,cuda:0
adjoint,2,327,9.556612985429028e-07,True,CONVERGED,float64,cuda:0
forward,0,331,9.772067834354949e-07,True,CONVERGED,float64,cuda:0
forward,1,341,9.507993319995176e-07,True,CONVERGED,float64,cuda:0
forward,2,338,9.027117400449223e-07,True,CONVERGED,float64,cuda:0
adjoint,0,331,8.945194265676178e-07,True,CONVERGED,float64,cuda:0
adjoint,1,324,9.586111041452656e-07,True,CONVERGED,float64,cuda:0
adjoint,2,327,9.59748224307201e-07,True,CONVERGED,float64,cuda:0
forward,0,331,9.691526281384563e-07,True,CONVERGED,float64,cuda:0
forward,1,341,9.513225276464108e-07,True,CONVERGED,float64,cuda:0
forward,2,338,8.982528303373435e-07,True,CONVERGED,float64,cuda:0
adjoint,0,331,8.959250298280176e-07,True,CONVERGED,float64,cuda:0
adjoint,1,324,9.480910080250022e-07,True,CONVERGED,float64,cuda:0
adjoint,2,327,9.589785315185034e-07,True,CONVERGED,float64,cuda:0
forward,0,331,9.677662096951165e-07,True,CONVERGED,float64,cuda:0
forward,1,341,9.519108800954013e-07,True,CONVERGED,float64,cuda:0
forward,2,338,8.946082095957587e-07,True,CONVERGED,float64,cuda:0
adjoint,0,331,8.970166250097644e-07,True,CONVERGED,float64,cuda:0
adjoint,1,324,9.408747089735196e-07,True,CONVERGED,float64,cuda:0
adjoint,2,327,9.573875183188655e-07,True,CONVERGED,float64,cuda:0
forward,0,331,9.774225620093214e-07,True,CONVERGED,float64,cuda:0
forward,1,341,9.490034906048403e-07,True,CONVERGED,float64,cuda:0
forward,2,338,9.026883417490358e-07,True,CONVERGED,float64,cuda:0
adjoint,0,331,8.937808913290516e-07,True,CONVERGED,float64,cuda:0
adjoint,1,324,9.616576147805962e-07,True,CONVERGED,float64,cuda:0
adjoint,2,327,9.571040786473033e-07,True,CONVERGED,float64,cuda:0
forward,0,331,9.732853638151119e-07,True,CONVERGED,float64,cuda:0
forward,1,341,9.495588737107091e-07,True,CONVERGED,float64,cuda:0
forward,2,338,9.003128617133607e-07,True,CONVERGED,float64,cuda:0
adjoint,0,331,8.912190470273654e-07,True,CONVERGED,float64,cuda:0
adjoint,1,324,9.555401101040269e-07,True,CONVERGED,float64,cuda:0
adjoint,2,327,9.56187816747278e-07,True,CONVERGED,float64,cuda:0
forward,0,331,9.66926164571685e-07,True,CONVERGED,float64,cuda:0
forward,1,341,9.515578368814346e-07,True,CONVERGED,float64,cuda:0
forward,2,338,8.937517988248309e-07,True,CONVERGED,float64,cuda:0
adjoint,0,331,8.969156203571026e-07,True,CONVERGED,float64,cuda:0
adjoint,1,324,9.385245143587627e-07,True,CONVERGED,float64,cuda:0
adjoint,2,327,9.570569465131796e-07,True,CONVERGED,float64,cuda:0
forward,0,331,9.791165034930502e-07,True,CONVERGED,float64,cuda:0
forward,1,341,9.506057142244136e-07,True,CONVERGED,float64,cuda:0
forward,2,338,9.018140987892715e-07,True,CONVERGED,float64,cuda:0
adjoint,0,331,8.935913130372803e-07,True,CONVERGED,float64,cuda:0
adjoint,1,324,9.555922094379753e-07,True,CONVERGED,float64,cuda:0
adjoint,2,327,9.58423619003805e-07,True,CONVERGED,float64,cuda:0
forward,0,331,9.790178092061854e-07,True,CONVERGED,float64,cuda:0
forward,1,341,9.511205629345635e-07,True,CONVERGED,float64,cuda:0
forward,2,338,9.005300383276689e-07,True,CONVERGED,float64,cuda:0
adjoint,0,331,8.933245656123178e-07,True,CONVERGED,float64,cuda:0
adjoint,1,324,9.525738403239599e-07,True,CONVERGED,float64,cuda:0
adjoint,2,327,9.575587427372539e-07,True,CONVERGED,float64,cuda:0
forward,0,331,9.698866588828204e-07,True,CONVERGED,float64,cuda:0
forward,1,341,9.520024681884641e-07,True,CONVERGED,float64,cuda:0
forward,2,338,8.940802036826438e-07,True,CONVERGED,float64,cuda:0
adjoint,0,331,8.954949591122187e-07,True,CONVERGED,float64,cuda:0
adjoint,1,324,9.383638350787036e-07,True,CONVERGED,float64,cuda:0
adjoint,2,327,9.562790004858658e-07,True,CONVERGED,float64,cuda:0
forward,0,331,9.778074623341587e-07,True,CONVERGED,float64,cuda:0
forward,1,341,9.488781448289512e-07,True,CONVERGED,float64,cuda:0
forward,2,338,9.023682399864418e-07,True,CONVERGED,float64,cuda:0
adjoint,0,331,8.920162337639751e-07,True,CONVERGED,float64,cuda:0
adjoint,1,324,9.577997797639398e-07,True,CONVERGED,float64,cuda:0
adjoint,2,327,9.575013447029517e-07,True,CONVERGED,float64,cuda:0
forward,0,331,9.742606239071968e-07,True,CONVERGED,float64,cuda:0
forward,1,341,9.492396489158519e-07,True,CONVERGED,float64,cuda:0
forward,2,338,9.014042662515454e-07,True,CONVERGED,float64,cuda:0
adjoint,0,331,8.930290126380384e-07,True,CONVERGED,float64,cuda:0
adjoint,1,324,9.548197518298055e-07,True,CONVERGED,float64,cuda:0
adjoint,2,327,9.575467372033692e-07,True,CONVERGED,float64,cuda:0
forward,0,331,9.69555500533623e-07,True,CONVERGED,float64,cuda:0
forward,1,341,9.521890462288081e-07,True,CONVERGED,float64,cuda:0
forward,2,338,8.922687878159878e-07,True,CONVERGED,float64,cuda:0
adjoint,0,331,9.005348330974125e-07,True,CONVERGED,float64,cuda:0
adjoint,1,324,9.340163079495671e-07,True,CONVERGED,float64,cuda:0
adjoint,2,327,9.573579776403271e-07,True,CONVERGED,float64,cuda:0
forward,0,331,9.80933603374355e-07,True,CONVERGED,float64,cuda:0
forward,1,341,9.494987543235408e-07,True,CONVERGED,float64,cuda:0
forward,2,338,9.040079709782288e-07,True,CONVERGED,float64,cuda:0
adjoint,0,331,8.933151270700194e-07,True,CONVERGED,float64,cuda:0
adjoint,1,324,9.61168892965063e-07,True,CONVERGED,float64,cuda:0
adjoint,2,327,9.581040039335813e-07,True,CONVERGED,float64,cuda:0
forward,0,331,9.817801841276385e-07,True,CONVERGED,float64,cuda:0
forward,1,341,9.494946719294467e-07,True,CONVERGED,float64,cuda:0
forward,2,338,9.023455157866752e-07,True,CONVERGED,float64,cuda:0
adjoint,0,331,8.929238910568509e-07,True,CONVERGED,float64,cuda:0
adjoint,1,324,9.567574714007193e-07,True,CONVERGED,float64,cuda:0
adjoint,2,327,9.582872911706563e-07,True,CONVERGED,float64,cuda:0
forward,0,331,9.703605156379523e-07,True,CONVERGED,float64,cuda:0
forward,1,341,9.520164086437069e-07,True,CONVERGED,float64,cuda:0
forward,2,338,8.92551058598438e-07,True,CONVERGED,float64,cuda:0
adjoint,0,331,9.036437011376798e-07,True,CONVERGED,float64,cuda:0
adjoint,1,324,9.341945744021271e-07,True,CONVERGED,float64,cuda:0
adjoint,2,327,9.595067008100844e-07,True,CONVERGED,float64,cuda:0
forward,0,331,9.787360792746351e-07,True,CONVERGED,float64,cuda:0
forward,1,341,9.481851971741821e-07,True,CONVERGED,float64,cuda:0
forward,2,338,9.052444235906967e-07,True,CONVERGED,float64,cuda:0
adjoint,0,331,8.955157386382708e-07,True,CONVERGED,float64,cuda:0
adjoint,1,324,9.61686063263403e-07,True,CONVERGED,float64,cuda:0
adjoint,2,327,9.614514628515889e-07,True,CONVERGED,float64,cuda:0
forward,0,331,9.719079454833347e-07,True,CONVERGED,float64,cuda:0
forward,1,341,9.489317389070269e-07,True,CONVERGED,float64,cuda:0
forward,2,338,8.985698786541541e-07,True,CONVERGED,float64,cuda:0
adjoint,0,331,8.924385731371585e-07,True,CONVERGED,float64,cuda:0
adjoint,1,324,9.48902881473124e-07,True,CONVERGED,float64,cuda:0
adjoint,2,327,9.577602744061123e-07,True,CONVERGED,float64,cuda:0
forward,0,331,9.719628871642258e-07,True,CONVERGED,float64,cuda:0
forward,1,341,9.498801971723232e-07,True,CONVERGED,float64,cuda:0
forward,2,338,8.961625761829886e-07,True,CONVERGED,float64,cuda:0
adjoint,0,331,8.940371761455721e-07,True,CONVERGED,float64,cuda:0
adjoint,1,324,9.433534664862248e-07,True,CONVERGED,float64,cuda:0
adjoint,2,327,9.577251622313844e-07,True,CONVERGED,float64,cuda:0
forward,0,331,9.81049626017214e-07,True,CONVERGED,float64,cuda:0
forward,1,341,9.484814945457903e-07,True,CONVERGED,float64,cuda:0
forward,2,338,9.039124595893145e-07,True,CONVERGED,float64,cuda:0
adjoint,0,331,8.934845428585505e-07,True,CONVERGED,float64,cuda:0
adjoint,1,324,9.589935560643027e-07,True,CONVERGED,float64,cuda:0
adjoint,2,327,9.603755058218836e-07,True,CONVERGED,float64,cuda:0
forward,0,331,9.714724801325048e-07,True,CONVERGED,float64,cuda:0
forward,1,341,9.496056060519588e-07,True,CONVERGED,float64,cuda:0
forward,2,338,8.982689186558542e-07,True,CONVERGED,float64,cuda:0
adjoint,0,331,8.960401445676311e-07,True,CONVERGED,float64,cuda:0
adjoint,1,324,9.455964835894323e-07,True,CONVERGED,float64,cuda:0
adjoint,2,327,9.59540614377959e-07,True,CONVERGED,float64,cuda:0
forward,0,331,9.687292743083778e-07,True,CONVERGED,float64,cuda:0
forward,1,341,9.500435310072778e-07,True,CONVERGED,float64,cuda:0
forward,2,338,8.956347672728441e-07,True,CONVERGED,float64,cuda:0
adjoint,0,331,9.009944790747409e-07,True,CONVERGED,float64,cuda:0
adjoint,1,324,9.392311168096781e-07,True,CONVERGED,float64,cuda:0
adjoint,2,327,9.606264659012614e-07,True,CONVERGED,float64,cuda:0
forward,0,331,9.776291904369218e-07,True,CONVERGED,float64,cuda:0
forward,1,341,9.477520206872821e-07,True,CONVERGED,float64,cuda:0
forward,2,338,9.027066669668329e-07,True,CONVERGED,float64,cuda:0
adjoint,0,331,8.933549284539399e-07,True,CONVERGED,float64,cuda:0
adjoint,1,324,9.554766182503968e-07,True,CONVERGED,float64,cuda:0
adjoint,2,327,9.596391815647504e-07,True,CONVERGED,float64,cuda:0
forward,0,331,9.769323396895708e-07,True,CONVERGED,float64,cuda:0
forward,1,341,9.492395613443122e-07,True,CONVERGED,float64,cuda:0
forward,2,338,8.982397094624681e-07,True,CONVERGED,float64,cuda:0
adjoint,0,331,8.899645742323968e-07,True,CONVERGED,float64,cuda:0
adjoint,1,324,9.467340381044663e-07,True,CONVERGED,float64,cuda:0
adjoint,2,327,9.560986195249707e-07,True,CONVERGED,float64,cuda:0
forward,0,331,9.787447510614828e-07,True,CONVERGED,float64,cuda:0
forward,1,341,9.498980599068334e-07,True,CONVERGED,float64,cuda:0
forward,2,338,8.986100346557632e-07,True,CONVERGED,float64,cuda:0
adjoint,0,331,8.929374068395349e-07,True,CONVERGED,float64,cuda:0
adjoint,1,324,9.459632092410287e-07,True,CONVERGED,float64,cuda:0
adjoint,2,327,9.572414238791428e-07,True,CONVERGED,float64,cuda:0
forward,0,331,9.793852743312628e-07,True,CONVERGED,float64,cuda:0
forward,1,341,9.499634527224925e-07,True,CONVERGED,float64,cuda:0
forward,2,338,8.988483343300057e-07,True,CONVERGED,float64,cuda:0
adjoint,0,331,8.928949484973393e-07,True,CONVERGED,float64,cuda:0
adjoint,1,324,9.460114055076138e-07,True,CONVERGED,float64,cuda:0
adjoint,2,327,9.574961673828882e-07,True,CONVERGED,float64,cuda:0
forward,0,331,9.800946182476382e-07,True,CONVERGED,float64,cuda:0
forward,1,341,9.489501414302272e-07,True,CONVERGED,float64,cuda:0
forward,2,338,9.020694907729716e-07,True,CONVERGED,float64,cuda:0
adjoint,0,331,8.948758615847877e-07,True,CONVERGED,float64,cuda:0
adjoint,1,324,9.519089506134511e-07,True,CONVERGED,float64,cuda:0
adjoint,2,327,9.59532457085526e-07,True,CONVERGED,float64,cuda:0
forward,0,331,9.751695889655818e-07,True,CONVERGED,float64,cuda:0
forward,1,341,9.500263627942401e-07,True,CONVERGED,float64,cuda:0
forward,2,338,8.969736190162735e-07,True,CONVERGED,float64,cuda:0
adjoint,0,331,9.003625045712935e-07,True,CONVERGED,float64,cuda:0
adjoint,1,324,9.414193051139388e-07,True,CONVERGED,float64,cuda:0
adjoint,2,327,9.596888215501156e-07,True,CONVERGED,float64,cuda:0
forward,0,331,9.78156424158584e-07,True,CONVERGED,float64,cuda:0
forward,1,341,9.483313175760204e-07,True,CONVERGED,float64,cuda:0
forward,2,338,8.997745738575965e-07,True,CONVERGED,float64,cuda:0
adjoint,0,331,8.930820547360422e-07,True,CONVERGED,float64,cuda:0
adjoint,1,324,9.492264936070647e-07,True,CONVERGED,float64,cuda:0
adjoint,2,327,9.591360759304089e-07,True,CONVERGED,float64,cuda:0
forward,0,331,9.820235624905816e-07,True,CONVERGED,float64,cuda:0
forward,1,341,9.472056518497572e-07,True,CONVERGED,float64,cuda:0
forward,2,338,9.039428651646953e-07,True,CONVERGED,float64,cuda:0
adjoint,0,331,8.934198532640159e-07,True,CONVERGED,float64,cuda:0
adjoint,1,324,9.581799911374088e-07,True,CONVERGED,float64,cuda:0
adjoint,2,327,9.606995593063597e-07,True,CONVERGED,float64,cuda:0
forward,0,331,9.75054407844771e-07,True,CONVERGED,float64,cuda:0
forward,1,341,9.489078722060903e-07,True,CONVERGED,float64,cuda:0
forward,2,338,8.985243785813151e-07,True,CONVERGED,float64,cuda:0
adjoint,0,331,9.016227668163168e-07,True,CONVERGED,float64,cuda:0
adjoint,1,324,9.448143522550065e-07,True,CONVERGED,float64,cuda:0
adjoint,2,327,9.627850621663718e-07,True,CONVERGED,float64,cuda:0
forward,0,331,9.732429666784898e-07,True,CONVERGED,float64,cuda:0
forward,1,341,9.48818406219736e-07,True,CONVERGED,float64,cuda:0
forward,2,338,8.973203031290106e-07,True,CONVERGED,float64,cuda:0
adjoint,0,331,9.044009747864787e-07,True,CONVERGED,float64,cuda:0
adjoint,1,324,9.424472270950892e-07,True,CONVERGED,float64,cuda:0
adjoint,2,327,9.634103995505785e-07,True,CONVERGED,float64,cuda:0
forward,0,331,9.800014175070419e-07,True,CONVERGED,float64,cuda:0
forward,1,341,9.462852125115809e-07,True,CONVERGED,float64,cuda:0
forward,2,338,9.047888983333202e-07,True,CONVERGED,float64,cuda:0
adjoint,0,331,8.955010799833431e-07,True,CONVERGED,float64,cuda:0
adjoint,1,324,9.588530847717435e-07,True,CONVERGED,float64,cuda:0
adjoint,2,327,9.633452370670766e-07,True,CONVERGED,float64,cuda:0
forward,0,331,9.760508214990346e-07,True,CONVERGED,float64,cuda:0
forward,1,341,9.475305338554699e-07,True,CONVERGED,float64,cuda:0
forward,2,338,8.994996291453126e-07,True,CONVERGED,float64,cuda:0
adjoint,0,331,8.972201838543365e-07,True,CONVERGED,float64,cuda:0
adjoint,1,324,9.48206129436759e-07,True,CONVERGED,float64,cuda:0
adjoint,2,327,9.616213908254998e-07,True,CONVERGED,float64,cuda:0
forward,0,331,9.758738837542905e-07,True,CONVERGED,float64,cuda:0
forward,1,341,9.483619682379149e-07,True,CONVERGED,float64,cuda:0
forward,2,338,8.988140178751717e-07,True,CONVERGED,float64,cuda:0
adjoint,0,331,9.014903212375634e-07,True,CONVERGED,float64,cuda:0
adjoint,1,324,9.45373978097974e-07,True,CONVERGED,float64,cuda:0
adjoint,2,327,9.632366363740771e-07,True,CONVERGED,float64,cuda:0
forward,0,331,9.782050872173094e-07,True,CONVERGED,float64,cuda:0
forward,1,341,9.475323107453367e-07,True,CONVERGED,float64,cuda:0
forward,2,338,9.005862136314227e-07,True,CONVERGED,float64,cuda:0
adjoint,0,331,8.951453006341061e-07,True,CONVERGED,float64,cuda:0
adjoint,1,324,9.496380306437144e-07,True,CONVERGED,float64,cuda:0
adjoint,2,327,9.617339284528188e-07,True,CONVERGED,float64,cuda:0
forward,0,331,9.80703209595274e-07,True,CONVERGED,float64,cuda:0
forward,1,341,9.478148004366649e-07,True,CONVERGED,float64,cuda:0
forward,2,338,9.015639454519549e-07,True,CONVERGED,float64,cuda:0
adjoint,0,331,8.93546275579225e-07,True,CONVERGED,float64,cuda:0
adjoint,1,324,9.512641425961319e-07,True,CONVERGED,float64,cuda:0
adjoint,2,327,9.612145236431731e-07,True,CONVERGED,float64,cuda:0
forward,0,331,9.760275037075846e-07,True,CONVERGED,float64,cuda:0
forward,1,341,9.485266420615757e-07,True,CONVERGED,float64,cuda:0
forward,2,338,8.978889510044551e-07,True,CONVERGED,float64,cuda:0
adjoint,0,331,8.956961535838815e-07,True,CONVERGED,float64,cuda:0
adjoint,1,324,9.432357946252444e-07,True,CONVERGED,float64,cuda:0
adjoint,2,327,9.60315802961846e-07,True,CONVERGED,float64,cuda:0
forward,0,331,9.803868084470612e-07,True,CONVERGED,float64,cuda:0
forward,1,341,9.483989501835545e-07,True,CONVERGED,float64,cuda:0
forward,2,338,9.021346996815172e-07,True,CONVERGED,float64,cuda:0
adjoint,0,331,8.970467632775611e-07,True,CONVERGED,float64,cuda:0
adjoint,1,324,9.499364856741616e-07,True,CONVERGED,float64,cuda:0
adjoint,2,327,9.627999192768838e-07,True,CONVERGED,float64,cuda:0
forward,0,331,9.764065819973785e-07,True,CONVERGED,float64,cuda:0
forward,1,341,9.491935722605029e-07,True,CONVERGED,float64,cuda:0
forward,2,338,8.973360185551233e-07,True,CONVERGED,float64,cuda:0
adjoint,0,331,8.996284489424274e-07,True,CONVERGED,float64,cuda:0
adjoint,1,324,9.405972276873114e-07,True,CONVERGED,float64,cuda:0
adjoint,2,327,9.609376110384487e-07,True,CONVERGED,float64,cuda:0
forward,0,331,9.806017451840546e-07,True,CONVERGED,float64,cuda:0
forward,1,341,9.482809027040913e-07,True,CONVERGED,float64,cuda:0
forward,2,338,9.003189241564862e-07,True,CONVERGED,float64,cuda:0
adjoint,0,331,8.928843439890269e-07,True,CONVERGED,float64,cuda:0
adjoint,1,324,9.476509053145775e-07,True,CONVERGED,float64,cuda:0
adjoint,2,327,9.600043765469587e-07,True,CONVERGED,float64,cuda:0
forward,0,331,9.844148045971461e-07,True,CONVERGED,float64,cuda:0
forward,1,341,9.477561526440162e-07,True,CONVERGED,float64,cuda:0
forward,2,338,9.013161054286575e-07,True,CONVERGED,float64,cuda:0
adjoint,0,331,8.914387475190353e-07,True,CONVERGED,float64,cuda:0
adjoint,1,324,9.503902474458929e-07,True,CONVERGED,float64,cuda:0
adjoint,2,327,9.596229830751114e-07,True,CONVERGED,float64,cuda:0
forward,0,331,9.803169483375022e-07,True,CONVERGED,float64,cuda:0
forward,1,341,9.488594206514703e-07,True,CONVERGED,float64,cuda:0
forward,2,338,8.983704762841681e-07,True,CONVERGED,float64,cuda:0
adjoint,0,331,8.957632755992438e-07,True,CONVERGED,float64,cuda:0
adjoint,1,324,9.433971039834329e-07,True,CONVERGED,float64,cuda:0
adjoint,2,327,9.599394054469253e-07,True,CONVERGED,float64,cuda:0
forward,0,331,9.792012699729655e-07,True,CONVERGED,float64,cuda:0
forward,1,341,9.480876246783458e-07,True,CONVERGED,float64,cuda:0
forward,2,338,8.995615958053724e-07,True,CONVERGED,float64,cuda:0
adjoint,0,331,8.945377451315876e-07,True,CONVERGED,float64,cuda:0
adjoint,1,324,9.461136117142895e-07,True,CONVERGED,float64,cuda:0
adjoint,2,327,9.610575756223945e-07,True,CONVERGED,float64,cuda:0
forward,0,331,9.792889238204027e-07,True,CONVERGED,float64,cuda:0
forward,1,341,9.465749115249381e-07,True,CONVERGED,float64,cuda:0
forward,2,338,9.01841878959927e-07,True,CONVERGED,float64,cuda:0
adjoint,0,331,8.939053973896622e-07,True,CONVERGED,float64,cuda:0
adjoint,1,324,9.508060867683381e-07,True,CONVERGED,float64,cuda:0
adjoint,2,327,9.622875468438183e-07,True,CONVERGED,float64,cuda:0
forward,0,331,9.788254901143937e-07,True,CONVERGED,float64,cuda:0
forward,1,341,9.476136430667491e-07,True,CONVERGED,float64,cuda:0
forward,2,338,9.017506556320771e-07,True,CONVERGED,float64,cuda:0
adjoint,0,331,9.013313625913821e-07,True,CONVERGED,float64,cuda:0
adjoint,1,324,9.483166361716874e-07,True,CONVERGED,float64,cuda:0
adjoint,2,327,9.653518667347642e-07,True,CONVERGED,float64,cuda:0
forward,0,331,9.779193146579745e-07,True,CONVERGED,float64,cuda:0
forward,1,341,9.495688601435008e-07,True,CONVERGED,float64,cuda:0
forward,2,338,8.943444936590377e-07,True,CONVERGED,float64,cuda:0
adjoint,0,331,9.1386660256924e-07,True,CONVERGED,float64,cuda:0
adjoint,1,324,9.350738494390389e-07,True,CONVERGED,float64,cuda:0
adjoint,2,327,9.65203311028469e-07,True,CONVERGED,float64,cuda:0
forward,0,331,9.794363724376423e-07,True,CONVERGED,float64,cuda:0
forward,1,341,9.450634724199533e-07,True,CONVERGED,float64,cuda:0
forward,2,338,9.049185409117235e-07,True,CONVERGED,float64,cuda:0
adjoint,0,331,8.808084557977085e-07,True,CONVERGED,float64,cuda:0
adjoint,1,324,9.58756477164126e-07,True,CONVERGED,float64,cuda:0
adjoint,2,327,9.618562552787093e-07,True,CONVERGED,float64,cuda:0
forward,0,331,9.837401594437221e-07,True,CONVERGED,float64,cuda:0
forward,1,341,9.456308356521347e-07,True,CONVERGED,float64,cuda:0
forward,2,338,9.050218300697138e-07,True,CONVERGED,float64,cuda:0
adjoint,0,331,8.937834054011085e-07,True,CONVERGED,float64,cuda:0
adjoint,1,324,9.574392213622785e-07,True,CONVERGED,float64,cuda:0
adjoint,2,327,9.62585211180627e-07,True,CONVERGED,float64,cuda:0
forward,0,331,9.824682097829072e-07,True,CONVERGED,float64,cuda:0
forward,1,341,9.508054900619299e-07,True,CONVERGED,float64,cuda:0
forward,2,338,8.906615999215296e-07,True,CONVERGED,float64,cuda:0
adjoint,0,331,9.203835432152927e-07,True,CONVERGED,float64,cuda:0
adjoint,1,324,9.29202647917724e-07,True,CONVERGED,float64,cuda:0
adjoint,2,327,9.641844325071016e-07,True,CONVERGED,float64,cuda:0
forward,0,331,9.796358165520163e-07,True,CONVERGED,float64,cuda:0
forward,1,341,9.451572862266855e-07,True,CONVERGED,float64,cuda:0
forward,2,338,9.080410205015522e-07,True,CONVERGED,float64,cuda:0
adjoint,0,331,8.952042785890246e-07,True,CONVERGED,float64,cuda:0
adjoint,1,324,9.640184822855044e-07,True,CONVERGED,float64,cuda:0
adjoint,2,327,9.628122418796896e-07,True,CONVERGED,float64,cuda:0
forward,0,331,9.81615358646942e-07,True,CONVERGED,float64,cuda:0
forward,1,341,9.45430067471217e-07,True,CONVERGED,float64,cuda:0
forward,2,338,9.043402774671205e-07,True,CONVERGED,float64,cuda:0
adjoint,0,331,8.932364939643687e-07,True,CONVERGED,float64,cuda:0
adjoint,1,324,9.548251447603007e-07,True,CONVERGED,float64,cuda:0
adjoint,2,327,9.623680935492768e-07,True,CONVERGED,float64,cuda:0
forward,0,331,9.840782707857003e-07,True,CONVERGED,float64,cuda:0
forward,1,341,9.518916610307624e-07,True,CONVERGED,float64,cuda:0
forward,2,338,8.894183297639383e-07,True,CONVERGED,float64,cuda:0
adjoint,0,331,9.282206329155798e-07,True,CONVERGED,float64,cuda:0
adjoint,1,324,9.250719679952075e-07,True,CONVERGED,float64,cuda:0
adjoint,2,327,9.659563364826696e-07,True,CONVERGED,float64,cuda:0
forward,0,331,9.815943482495396e-07,True,CONVERGED,float64,cuda:0
forward,1,341,9.453084339073673e-07,True,CONVERGED,float64,cuda:0
forward,2,338,9.08329938442946e-07,True,CONVERGED,float64,cuda:0
adjoint,0,331,8.944659867209286e-07,True,CONVERGED,float64,cuda:0
adjoint,1,324,9.628462510391783e-07,True,CONVERGED,float64,cuda:0
adjoint,2,327,9.634522108990173e-07,True,CONVERGED,float64,cuda:0
forward,0,331,9.839116062283696e-07,True,CONVERGED,float64,cuda:0
forward,1,341,9.457636552772273e-07,True,CONVERGED,float64,cuda:0
forward,2,338,9.041634244472761e-07,True,CONVERGED,float64,cuda:0
adjoint,0,331,8.918993384962682e-07,True,CONVERGED,float64,cuda:0
adjoint,1,324,9.546937441073402e-07,True,CONVERGED,float64,cuda:0
adjoint,2,327,9.612875062654002e-07,True,CONVERGED,float64,cuda:0
forward,0,331,9.835704501117518e-07,True,CONVERGED,float64,cuda:0
forward,1,341,9.509703097235315e-07,True,CONVERGED,float64,cuda:0
forward,2,338,8.904516833257999e-07,True,CONVERGED,float64,cuda:0
adjoint,0,331,9.186998073213768e-07,True,CONVERGED,float64,cuda:0
adjoint,1,324,9.280691548215636e-07,True,CONVERGED,float64,cuda:0
adjoint,2,327,9.626945653244197e-07,True,CONVERGED,float64,cuda:0
forward,0,331,9.789693282900467e-07,True,CONVERGED,float64,cuda:0
forward,1,341,9.444712351869751e-07,True,CONVERGED,float64,cuda:0
forward,2,338,9.086214839855233e-07,True,CONVERGED,float64,cuda:0
adjoint,0,331,8.952099045990187e-07,True,CONVERGED,float64,cuda:0
adjoint,1,324,9.642018199863023e-07,True,CONVERGED,float64,cuda:0
adjoint,2,327,9.639066169504852e-07,True,CONVERGED,float64,cuda:0
forward,0,331,9.820776518922376e-07,True,CONVERGED,float64,cuda:0
forward,1,341,9.447331840945547e-07,True,CONVERGED,float64,cuda:0
forward,2,338,9.046247344300818e-07,True,CONVERGED,float64,cuda:0
adjoint,0,331,8.927354027517517e-07,True,CONVERGED,float64,cuda:0
adjoint,1,324,9.553186579537278e-07,True,CONVERGED,float64,cuda:0
adjoint,2,327,9.633022953683036e-07,True,CONVERGED,float64,cuda:0
forward,0,331,9.853220434394974e-07,True,CONVERGED,float64,cuda:0
forward,1,341,9.510052053749685e-07,True,CONVERGED,float64,cuda:0
forward,2,338,8.910663485932122e-07,True,CONVERGED,float64,cuda:0
adjoint,0,331,9.281248816064686e-07,True,CONVERGED,float64,cuda:0
adjoint,1,324,9.286066829190938e-07,True,CONVERGED,float64,cuda:0
adjoint,2,327,9.671104565024087e-07,True,CONVERGED,float64,cuda:0
forward,0,331,9.825077392696438e-07,True,CONVERGED,float64,cuda:0
forward,1,341,9.446714439276863e-07,True,CONVERGED,float64,cuda:0
forward,2,338,9.064903693313472e-07,True,CONVERGED,float64,cuda:0
adjoint,0,331,8.943188920694592e-07,True,CONVERGED,float64,cuda:0
adjoint,1,324,9.57909923133065e-07,True,CONVERGED,float64,cuda:0
adjoint,2,327,9.65608510899274e-07,True,CONVERGED,float64,cuda:0
forward,0,331,9.827945478247985e-07,True,CONVERGED,float64,cuda:0
forward,1,341,9.449409102894218e-07,True,CONVERGED,float64,cuda:0
forward,2,338,9.066425229673882e-07,True,CONVERGED,float64,cuda:0
adjoint,0,331,8.942811592637217e-07,True,CONVERGED,float64,cuda:0
adjoint,1,324,9.58126667888334e-07,True,CONVERGED,float64,cuda:0
adjoint,2,327,9.64994516829752e-07,True,CONVERGED,float64,cuda:0
forward,0,331,9.864907786898501e-07,True,CONVERGED,float64,cuda:0
forward,1,341,9.507696639272024e-07,True,CONVERGED,float64,cuda:0
forward,2,338,8.915931431241779e-07,True,CONVERGED,float64,cuda:0
adjoint,0,331,9.251911493379804e-07,True,CONVERGED,float64,cuda:0
adjoint,1,324,9.297175087036131e-07,True,CONVERGED,float64,cuda:0
adjoint,2,327,9.659697739502044e-07,True,CONVERGED,float64,cuda:0
forward,0,331,9.81743596185626e-07,True,CONVERGED,float64,cuda:0
forward,1,341,9.446403141577519e-07,True,CONVERGED,float64,cuda:0
forward,2,338,9.049346635953986e-07,True,CONVERGED,float64,cuda:0
adjoint,0,331,8.91858111455194e-07,True,CONVERGED,float64,cuda:0
adjoint,1,324,9.55939022143959e-07,True,CONVERGED,float64,cuda:0
adjoint,2,327,9.62354178827429e-07,True,CONVERGED,float64,cuda:0
forward,0,331,9.795274582206942e-07,True,CONVERGED,float64,cuda:0
forward,1,341,9.44380041460961e-07,True,CONVERGED,float64,cuda:0
forward,2,338,9.073489901083881e-07,True,CONVERGED,float64,cuda:0
adjoint,0,331,8.887586325734302e-07,True,CONVERGED,float64,cuda:0
adjoint,1,324,9.604767085194082e-07,True,CONVERGED,float64,cuda:0
adjoint,2,327,9.637724640925907e-07,True,CONVERGED,float64,cuda:0
forward,0,331,9.845394711904513e-07,True,CONVERGED,float64,cuda:0
forward,1,341,9.496622248716509e-07,True,CONVERGED,float64,cuda:0
forward,2,338,8.941371650356531e-07,True,CONVERGED,float64,cuda:0
adjoint,0,331,9.219640553579381e-07,True,CONVERGED,float64,cuda:0
adjoint,1,324,9.333096951016427e-07,True,CONVERGED,float64,cuda:0
adjoint,2,327,9.663888205459516e-07,True,CONVERGED,float64,cuda:0
forward,0,331,9.819913220091494e-07,True,CONVERGED,float64,cuda:0
forward,1,341,9.46365169704462e-07,True,CONVERGED,float64,cuda:0
forward,2,338,9.000596754159256e-07,True,CONVERGED,float64,cuda:0
adjoint,0,331,9.009533852278242e-07,True,CONVERGED,float64,cuda:0
adjoint,1,324,9.447147360729801e-07,True,CONVERGED,float64,cuda:0
adjoint,2,327,9.644257755829897e-07,True,CONVERGED,float64,cuda:0
forward,0,331,9.809893006988343e-07,True,CONVERGED,float64,cuda:0
forward,1,341,9.445787901167024e-07,True,CONVERGED,float64,cuda:0
forward,2,338,9.107696963411129e-07,True,CONVERGED,float64,cuda:0
adjoint,0,331,8.966412410824352e-07,True,CONVERGED,float64,cuda:0
adjoint,1,324,9.65885229839076e-07,True,CONVERGED,float64,cuda:0
adjoint,2,327,9.666326433814703e-07,True,CONVERGED,float64,cuda:0
forward,0,331,9.817227349831085e-07,True,CONVERGED,float64,cuda:0
forward,1,341,9.480979570606745e-07,True,CONVERGED,float64,cuda:0
forward,2,338,8.956701296686616e-07,True,CONVERGED,float64,cuda:0
adjoint,0,331,9.137197015230471e-07,True,CONVERGED,float64,cuda:0
adjoint,1,324,9.364571393367557e-07,True,CONVERGED,float64,cuda:0
adjoint,2,327,9.655272206568901e-07,True,CONVERGED,float64,cuda:0
forward,0,331,9.807433983458737e-07,True,CONVERGED,float64,cuda:0
forward,1,341,9.461891916684261e-07,True,CONVERGED,float64,cuda:0
forward,2,338,8.990744086103786e-07,True,CONVERGED,float64,cuda:0
adjoint,0,331,9.051043609211783e-07,True,CONVERGED,float64,cuda:0
adjoint,1,324,9.429371724501689e-07,True,CONVERGED,float64,cuda:0
adjoint,2,327,9.649067174271356e-07,True,CONVERGED,float64,cuda:0
forward,0,331,9.78877701811709e-07,True,CONVERGED,float64,cuda:0
forward,1,341,9.43565617749831e-07,True,CONVERGED,float64,cuda:0
forward,2,338,9.068474471103251e-07,True,CONVERGED,float64,cuda:0
adjoint,0,297,9.131935337608289e-07,True,CONVERGED,float64,cuda:0
adjoint,1,324,9.593342898051906e-07,True,CONVERGED,float64,cuda:0
adjoint,2,327,9.639676735219294e-07,True,CONVERGED,float64,cuda:0
forward,0,331,9.83860990936814e-07,True,CONVERGED,float64,cuda:0
forward,1,341,9.46001704015818e-07,True,CONVERGED,float64,cuda:0
forward,2,338,9.009882002531728e-07,True,CONVERGED,float64,cuda:0
adjoint,0,331,8.991945915706538e-07,True,CONVERGED,float64,cuda:0
adjoint,1,324,9.45656021879088e-07,True,CONVERGED,float64,cuda:0
adjoint,2,327,9.646491349354689e-07,True,CONVERGED,float64,cuda:0
forward,0,331,9.8569053887069e-07,True,CONVERGED,float64,cuda:0
forward,1,341,9.485288397662579e-07,True,CONVERGED,float64,cuda:0
forward,2,338,8.964573180183691e-07,True,CONVERGED,float64,cuda:0
adjoint,0,331,9.203383053401922e-07,True,CONVERGED,float64,cuda:0
adjoint,1,324,9.363213354921188e-07,True,CONVERGED,float64,cuda:0
adjoint,2,327,9.676928845415567e-07,True,CONVERGED,float64,cuda:0
forward,0,331,9.859448414956905e-07,True,CONVERGED,float64,cuda:0
forward,1,341,9.447026492703885e-07,True,CONVERGED,float64,cuda:0
forward,2,338,9.047509238024818e-07,True,CONVERGED,float64,cuda:0
adjoint,0,331,8.958668372419979e-07,True,CONVERGED,float64,cuda:0
adjoint,1,324,9.524158101675355e-07,True,CONVERGED,float64,cuda:0
adjoint,2,327,9.645279914402158e-07,True,CONVERGED,float64,cuda:0
forward,0,331,9.848743305150542e-07,True,CONVERGED,float64,cuda:0
forward,1,341,9.452370771871731e-07,True,CONVERGED,float64,cuda:0
forward,2,338,9.023204931555195e-07,True,CONVERGED,float64,cuda:0
adjoint,0,331,8.965469365395222e-07,True,CONVERGED,float64,cuda:0
adjoint,1,324,9.481975612672421e-07,True,CONVERGED,float64,cuda:0
adjoint,2,327,9.63710773686596e-07,True,CONVERGED,float64,cuda:0
forward,0,331,9.842016970088491e-07,True,CONVERGED,float64,cuda:0
forward,1,341,9.472179467363734e-07,True,CONVERGED,float64,cuda:0
forward,2,338,8.96344038032301e-07,True,CONVERGED,float64,cuda:0
adjoint,0,331,9.076535652003527e-07,True,CONVERGED,float64,cuda:0
adjoint,1,324,9.379651198096641e-07,True,CONVERGED,float64,cuda:0
adjoint,2,327,9.628193703112324e-07,True,CONVERGED,float64,cuda:0
forward,0,331,9.825170868621538e-07,True,CONVERGED,float64,cuda:0
forward,1,341,9.441247493412245e-07,True,CONVERGED,float64,cuda:0
forward,2,338,9.058748649604691e-07,True,CONVERGED,float64,cuda:0
adjoint,0,331,8.916859347964009e-07,True,CONVERGED,float64,cuda:0
adjoint,1,324,9.562048904056492e-07,True,CONVERGED,float64,cuda:0
adjoint,2,327,9.629272977056589e-07,True,CONVERGED,float64,cuda:0
forward,0,331,9.868963625175362e-07,True,CONVERGED,float64,cuda:0
forward,1,341,9.455102419179697e-07,True,CONVERGED,float64,cuda:0
forward,2,338,9.023791726099336e-07,True,CONVERGED,float64,cuda:0
adjoint,0,331,8.973404276868498e-07,True,CONVERGED,float64,cuda:0
adjoint,1,324,9.476377080331751e-07,True,CONVERGED,float64,cuda:0
adjoint,2,327,9.643254817551538e-07,True,CONVERGED,float64,cuda:0
forward,0,331,9.86694548258441e-07,True,CONVERGED,float64,cuda:0
forward,1,341,9.487382763932472e-07,True,CONVERGED,float64,cuda:0
forward,2,338,8.966384782021297e-07,True,CONVERGED,float64,cuda:0
adjoint,0,331,9.217537209613097e-07,True,CONVERGED,float64,cuda:0
adjoint,1,324,9.355913729933749e-07,True,CONVERGED,float64,cuda:0
adjoint,2,327,9.680568850654122e-07,True,CONVERGED,float64,cuda:0
forward,0,331,9.836732101409372e-07,True,CONVERGED,float64,cuda:0
forward,1,341,9.447001697334132e-07,True,CONVERGED,float64,cuda:0
forward,2,338,9.026316477548602e-07,True,CONVERGED,float64,cuda:0
adjoint,0,331,9.002597620535379e-07,True,CONVERGED,float64,cuda:0
adjoint,1,324,9.476714660355163e-07,True,CONVERGED,float64,cuda:0
adjoint,2,327,9.660381223933383e-07,True,CONVERGED,float64,cuda:0
forward,0,331,9.852193997947345e-07,True,CONVERGED,float64,cuda:0
forward,1,341,9.440297445092616e-07,True,CONVERGED,float64,cuda:0
forward,2,338,9.049982333493676e-07,True,CONVERGED,float64,cuda:0
adjoint,0,331,8.940730836369242e-07,True,CONVERGED,float64,cuda:0
adjoint,1,324,9.533243325355789e-07,True,CONVERGED,float64,cuda:0
adjoint,2,327,9.647597758339956e-07,True,CONVERGED,float64,cuda:0
forward,0,331,9.85559774893552e-07,True,CONVERGED,float64,cuda:0
forward,1,341,9.463272797717141e-07,True,CONVERGED,float64,cuda:0
forward,2,338,8.984106788917945e-07,True,CONVERGED,float64,cuda:0
adjoint,0,331,9.073292756666459e-07,True,CONVERGED,float64,cuda:0
adjoint,1,324,9.411530016351164e-07,True,CONVERGED,float64,cuda:0
adjoint,2,327,9.650490431758762e-07,True,CONVERGED,float64,cuda:0
forward,0,331,9.878319661702227e-07,True,CONVERGED,float64,cuda:0
forward,1,341,9.458233705928059e-07,True,CONVERGED,float64,cuda:0
forward,2,338,9.002713350852567e-07,True,CONVERGED,float64,cuda:0
adjoint,0,331,9.00141528645748e-07,True,CONVERGED,float64,cuda:0
adjoint,1,324,9.447249797672584e-07,True,CONVERGED,float64,cuda:0
adjoint,2,327,9.643922161470874e-07,True,CONVERGED,float64,cuda:0
forward,0,331,9.813258818837586e-07,True,CONVERGED,float64,cuda:0
forward,1,341,9.431410037948985e-07,True,CONVERGED,float64,cuda:0
forward,2,338,9.063016655724606e-07,True,CONVERGED,float64,cuda:0
adjoint,0,331,8.921548278425151e-07,True,CONVERGED,float64,cuda:0
adjoint,1,324,9.564295001495387e-07,True,CONVERGED,float64,cuda:0
adjoint,2,327,9.650866013673708e-07,True,CONVERGED,float64,cuda:0
forward,0,331,9.847561416586337e-07,True,CONVERGED,float64,cuda:0
forward,1,341,9.461043437601411e-07,True,CONVERGED,float64,cuda:0
forward,2,338,9.002074654636876e-07,True,CONVERGED,float64,cuda:0
adjoint,0,331,9.095866126066867e-07,True,CONVERGED,float64,cuda:0
adjoint,1,324,9.426601628641591e-07,True,CONVERGED,float64,cuda:0
adjoint,2,327,9.684528934263818e-07,True,CONVERGED,float64,cuda:0
forward,0,331,9.856514184074562e-07,True,CONVERGED,float64,cuda:0
forward,1,341,9.471885181569333e-07,True,CONVERGED,float64,cuda:0
forward,2,338,8.986833282936568e-07,True,CONVERGED,float64,cuda:0
adjoint,0,331,9.196787085722023e-07,True,CONVERGED,float64,cuda:0
adjoint,1,324,9.389099282798232e-07,True,CONVERGED,float64,cuda:0
adjoint,2,327,9.703447548784557e-07,True,CONVERGED,float64,cuda:0
forward,0,331,9.842156392074398e-07,True,CONVERGED,float64,cuda:0
forward,1,341,9.441742230682564e-07,True,CONVERGED,float64,cuda:0
forward,2,338,9.025123294637433e-07,True,CONVERGED,float64,cuda:0
adjoint,0,331,8.99901246708762e-07,True,CONVERGED,float64,cuda:0
adjoint,1,324,9.473159415237011e-07,True,CONVERGED,float64,cuda:0
adjoint,2,327,9.666249335451073e-07,True,CONVERGED,float64,cuda:0
forward,0,331,9.848972829526058e-07,True,CONVERGED,float64,cuda:0
forward,1,341,9.437528487796667e-07,True,CONVERGED,float64,cuda:0
forward,2,338,9.03604570819651e-07,True,CONVERGED,float64,cuda:0
adjoint,0,331,8.92051308450815e-07,True,CONVERGED,float64,cuda:0
adjoint,1,324,9.509068351814966e-07,True,CONVERGED,float64,cuda:0
adjoint,2,327,9.636792311034478e-07,True,CONVERGED,float64,cuda:0
forward,0,331,9.915115333921315e-07,True,CONVERGED,float64,cuda:0
forward,1,341,9.45723281906463e-07,True,CONVERGED,float64,cuda:0
forward,2,338,9.010664871657465e-07,True,CONVERGED,float64,cuda:0
adjoint,0,331,8.998185412604621e-07,True,CONVERGED,float64,cuda:0
adjoint,1,324,9.452235762205647e-07,True,CONVERGED,float64,cuda:0
adjoint,2,327,9.643301717520876e-07,True,CONVERGED,float64,cuda:0
forward,0,331,9.90919820035689e-07,True,CONVERGED,float64,cuda:0
forward,1,341,9.462710799823914e-07,True,CONVERGED,float64,cuda:0
forward,2,338,8.999690049365129e-07,True,CONVERGED,float64,cuda:0
adjoint,0,331,9.058231679715804e-07,True,CONVERGED,float64,cuda:0
adjoint,1,324,9.42705370332756e-07,True,CONVERGED,float64,cuda:0
adjoint,2,327,9.647652035476705e-07,True,CONVERGED,float64,cuda:0
forward,0,331,9.876611564267394e-07,True,CONVERGED,float64,cuda:0
forward,1,341,9.441849370426541e-07,True,CONVERGED,float64,cuda:0
forward,2,338,9.052110662163511e-07,True,CONVERGED,float64,cuda:0
adjoint,0,331,8.967720274479323e-07,True,CONVERGED,float64,cuda:0
adjoint,1,324,9.512159678130324e-07,True,CONVERGED,float64,cuda:0
adjoint,2,327,9.661912540174364e-07,True,CONVERGED,float64,cuda:0
forward,0,331,9.853438383906523e-07,True,CONVERGED,float64,cuda:0
forward,1,341,9.456073116514163e-07,True,CONVERGED,float64,cuda:0
forward,2,338,9.009902677358591e-07,True,CONVERGED,float64,cuda:0
adjoint,0,331,9.112010333416433e-07,True,CONVERGED,float64,cuda:0
adjoint,1,324,9.425966820494768e-07,True,CONVERGED,float64,cuda:0
adjoint,2,327,9.687063866803218e-07,True,CONVERGED,float64,cuda:0
forward,0,331,9.87246584525599e-07,True,CONVERGED,float64,cuda:0
forward,1,341,9.472789691503296e-07,True,CONVERGED,float64,cuda:0
forward,2,338,8.95805009484139e-07,True,CONVERGED,float64,cuda:0
adjoint,0,331,9.160590744027411e-07,True,CONVERGED,float64,cuda:0
adjoint,1,324,9.353950453978681e-07,True,CONVERGED,float64,cuda:0
adjoint,2,327,9.658813252040573e-07,True,CONVERGED,float64,cuda:0
forward,0,331,9.781890096862897e-07,True,CONVERGED,float64,cuda:0
forward,1,341,9.422128485272452e-07,True,CONVERGED,float64,cuda:0
forward,2,338,9.071973281912603e-07,True,CONVERGED,float64,cuda:0
adjoint,0,331,8.902763069013596e-07,True,CONVERGED,float64,cuda:0
adjoint,1,324,9.588371277591784e-07,True,CONVERGED,float64,cuda:0
adjoint,2,327,9.640212472770205e-07,True,CONVERGED,float64,cuda:0
forward,0,331,9.846923158760104e-07,True,CONVERGED,float64,cuda:0
forward,1,341,9.433283125311132e-07,True,CONVERGED,float64,cuda:0
forward,2,338,9.063814163636369e-07,True,CONVERGED,float64,cuda:0
adjoint,0,331,8.939345095947516e-07,True,CONVERGED,float64,cuda:0
adjoint,1,324,9.549257839569187e-07,True,CONVERGED,float64,cuda:0
adjoint,2,327,9.661517066053438e-07,True,CONVERGED,float64,cuda:0
forward,0,331,9.924050847038717e-07,True,CONVERGED,float64,cuda:0
forward,1,341,9.491877655110727e-07,True,CONVERGED,float64,cuda:0
forward,2,338,8.928479948061256e-07,True,CONVERGED,float64,cuda:0
adjoint,0,331,9.335516958836983e-07,True,CONVERGED,float64,cuda:0
adjoint,1,324,9.299967426976532e-07,True,CONVERGED,float64,cuda:0
adjoint,2,327,9.706325883374007e-07,True,CONVERGED,float64,cuda:0
forward,0,331,9.861676947772799e-07,True,CONVERGED,float64,cuda:0
forward,1,341,9.436884118558546e-07,True,CONVERGED,float64,cuda:0
forward,2,338,9.045671613342776e-07,True,CONVERGED,float64,cuda:0
adjoint,0,331,9.02397501886462e-07,True,CONVERGED,float64,cuda:0
adjoint,1,324,9.495529530175128e-07,True,CONVERGED,float64,cuda:0
adjoint,2,327,9.68909798406219e-07,True,CONVERGED,float64,cuda:0
forward,0,331,9.845921341052889e-07,True,CONVERGED,float64,cuda:0
forward,1,341,9.424597293922952e-07,True,CONVERGED,float64,cuda:0
forward,2,338,9.071505403996858e-07,True,CONVERGED,float64,cuda:0
adjoint,0,331,8.9597781940565e-07,True,CONVERGED,float64,cuda:0
adjoint,1,324,9.553784485188834e-07,True,CONVERGED,float64,cuda:0
adjoint,2,327,9.676492485107393e-07,True,CONVERGED,float64,cuda:0
forward,0,331,9.866975884071452e-07,True,CONVERGED,float64,cuda:0
forward,1,341,9.462427737869402e-07,True,CONVERGED,float64,cuda:0
forward,2,338,8.963643424151136e-07,True,CONVERGED,float64,cuda:0
adjoint,0,331,9.172312755694674e-07,True,CONVERGED,float64,cuda:0
adjoint,1,324,9.368215334702575e-07,True,CONVERGED,float64,cuda:0
adjoint,2,327,9.668474410496656e-07,True,CONVERGED,float64,cuda:0
forward,0,331,9.886663510220438e-07,True,CONVERGED,float64,cuda:0
forward,1,341,9.44135122568089e-07,True,CONVERGED,float64,cuda:0
forward,2,338,9.030137522271343e-07,True,CONVERGED,float64,cuda:0
adjoint,0,331,8.991609742971479e-07,True,CONVERGED,float64,cuda:0
adjoint,1,324,9.483448640400956e-07,True,CONVERGED,float64,cuda:0
adjoint,2,327,9.652319498148311e-07,True,CONVERGED,float64,cuda:0
forward,0,331,9.849468118924786e-07,True,CONVERGED,float64,cuda:0
forward,1,341,9.430576232523588e-07,True,CONVERGED,float64,cuda:0
forward,2,338,9.071288494513132e-07,True,CONVERGED,float64,cuda:0
adjoint,0,331,8.944576177103128e-07,True,CONVERGED,float64,cuda:0
adjoint,1,324,9.556151827409432e-07,True,CONVERGED,float64,cuda:0
adjoint,2,327,9.656511730831252e-07,True,CONVERGED,float64,cuda:0
forward,0,331,9.897117660486486e-07,True,CONVERGED,float64,cuda:0
forward,1,341,9.469207919573029e-07,True,CONVERGED,float64,cuda:0
forward,2,338,8.98565039679144e-07,True,CONVERGED,float64,cuda:0
adjoint,0,331,9.178900409777288e-07,True,CONVERGED,float64,cuda:0
adjoint,1,324,9.387568422122976e-07,True,CONVERGED,float64,cuda:0
adjoint,2,327,9.676769995835769e-07,True,CONVERGED,float64,cuda:0
forward,0,331,9.875450224760456e-07,True,CONVERGED,float64,cuda:0
forward,1,341,9.451505448919207e-07,True,CONVERGED,float64,cuda:0
forward,2,338,9.011087330553872e-07,True,CONVERGED,float64,cuda:0
adjoint,0,331,9.136992939259875e-07,True,CONVERGED,float64,cuda:0
adjoint,1,324,9.432216966714345e-07,True,CONVERGED,float64,cuda:0
adjoint,2,327,9.683712956612442e-07,True,CONVERGED,float64,cuda:0
forward,0,331,9.854549198537321e-07,True,CONVERGED,float64,cuda:0
forward,1,341,9.43040740389027e-07,True,CONVERGED,float64,cuda:0
forward,2,338,9.053783886043883e-07,True,CONVERGED,float64,cuda:0
adjoint,0,331,8.982052460343463e-07,True,CONVERGED,float64,cuda:0
adjoint,1,324,9.516097669953369e-07,True,CONVERGED,float64,cuda:0
adjoint,2,327,9.666251116444914e-07,True,CONVERGED,float64,cuda:0
forward,0,331,9.85957951091594e-07,True,CONVERGED,float64,cuda:0
forward,1,341,9.441759595173268e-07,True,CONVERGED,float64,cuda:0
forward,2,338,9.008104332256565e-07,True,CONVERGED,float64,cuda:0
adjoint,0,331,9.054232291719834e-07,True,CONVERGED,float64,cuda:0
adjoint,1,324,9.443489037183819e-07,True,CONVERGED,float64,cuda:0
adjoint,2,327,9.654624525169544e-07,True,CONVERGED,float64,cuda:0
forward,0,331,9.87489682414231e-07,True,CONVERGED,float64,cuda:0
forward,1,341,9.440811285714444e-07,True,CONVERGED,float64,cuda:0
forward,2,338,9.015530919773362e-07,True,CONVERGED,float64,cuda:0
adjoint,0,331,9.019863564822402e-07,True,CONVERGED,float64,cuda:0
adjoint,1,324,9.456601948592973e-07,True,CONVERGED,float64,cuda:0
adjoint,2,327,9.656668061429321e-07,True,CONVERGED,float64,cuda:0
forward,0,331,9.870667346845715e-07,True,CONVERGED,float64,cuda:0
forward,1,341,9.430864915356315e-07,True,CONVERGED,float64,cuda:0
forward,2,338,9.057999132583434e-07,True,CONVERGED,float64,cuda:0
adjoint,0,331,8.980470556652164e-07,True,CONVERGED,float64,cuda:0
adjoint,1,324,9.52222901207516e-07,True,CONVERGED,float64,cuda:0
adjoint,2,327,9.674496773668037e-07,True,CONVERGED,float64,cuda:0
forward,0,331,9.862805276469303e-07,True,CONVERGED,float64,cuda:0
forward,1,341,9.45459511840356e-07,True,CONVERGED,float64,cuda:0
forward,2,338,8.990618937760099e-07,True,CONVERGED,float64,cuda:0
adjoint,0,331,9.174641154674261e-07,True,CONVERGED,float64,cuda:0
adjoint,1,324,9.396146261427828e-07,True,CONVERGED,float64,cuda:0
adjoint,2,327,9.68688496408679e-07,True,CONVERGED,float64,cuda:0
forward,0,331,9.85327809745157e-07,True,CONVERGED,float64,cuda:0
forward,1,341,9.445624162704039e-07,True,CONVERGED,float64,cuda:0
forward,2,338,9.023605085880758e-07,True,CONVERGED,float64,cuda:0
adjoint,0,331,9.103387687671074e-07,True,CONVERGED,float64,cuda:0
adjoint,1,324,9.443470170006189e-07,True,CONVERGED,float64,cuda:0
adjoint,2,327,9.69298066095395e-07,True,CONVERGED,float64,cuda:0
forward,0,331,9.841584297521705e-07,True,CONVERGED,float64,cuda:0
forward,1,341,9.430571469043053e-07,True,CONVERGED,float64,cuda:0
forward,2,338,9.024979294945095e-07,True,CONVERGED,float64,cuda:0
adjoint,0,331,9.004355464102245e-07,True,CONVERGED,float64,cuda:0
adjoint,1,324,9.463254927171424e-07,True,CONVERGED,float64,cuda:0
adjoint,2,327,9.654994121093243e-07,True,CONVERGED,float64,cuda:0
forward,0,331,9.877044475148286e-07,True,CONVERGED,float64,cuda:0
forward,1,341,9.434249496899228e-07,True,CONVERGED,float64,cuda:0
forward,2,338,9.029779852735208e-07,True,CONVERGED,float64,cuda:0
adjoint,0,331,8.995736885634068e-07,True,CONVERGED,float64,cuda:0
adjoint,1,324,9.471495424697062e-07,True,CONVERGED,float64,cuda:0
adjoint,2,327,9.64854247231179e-07,True,CONVERGED,float64,cuda:0
forward,0,331,9.904068208336749e-07,True,CONVERGED,float64,cuda:0
forward,1,341,9.451671055774942e-07,True,CONVERGED,float64,cuda:0
forward,2,338,9.001644973369803e-07,True,CONVERGED,float64,cuda:0
adjoint,0,331,9.056065364490786e-07,True,CONVERGED,float64,cuda:0
adjoint,1,324,9.420813417687073e-07,True,CONVERGED,float64,cuda:0
adjoint,2,327,9.641921001659227e-07,True,CONVERGED,float64,cuda:0
forward,0,331,9.88991165651485e-07,True,CONVERGED,float64,cuda:0
forward,1,341,9.437317907430036e-07,True,CONVERGED,float64,cuda:0
forward,2,338,9.02610623264888e-07,True,CONVERGED,float64,cuda:0
adjoint,0,331,8.987867509659423e-07,True,CONVERGED,float64,cuda:0
adjoint,1,324,9.463082205569054e-07,True,CONVERGED,float64,cuda:0
adjoint,2,327,9.643278225277874e-07,True,CONVERGED,float64,cuda:0
forward,0,331,9.883414733903241e-07,True,CONVERGED,float64,cuda:0
forward,1,341,9.430969493175038e-07,True,CONVERGED,float64,cuda:0
forward,2,338,9.05642880759425e-07,True,CONVERGED,float64,cuda:0
adjoint,0,331,9.005562319926119e-07,True,CONVERGED,float64,cuda:0
adjoint,1,324,9.50018938660419e-07,True,CONVERGED,float64,cuda:0
adjoint,2,327,9.672204753308622e-07,True,CONVERGED,float64,cuda:0
forward,0,331,9.880250419317445e-07,True,CONVERGED,float64,cuda:0
forward,1,341,9.465261568590989e-07,True,CONVERGED,float64,cuda:0
forward,2,338,8.966470326088731e-07,True,CONVERGED,float64,cuda:0
adjoint,0,331,9.233930561853767e-07,True,CONVERGED,float64,cuda:0
adjoint,1,324,9.343298236648303e-07,True,CONVERGED,float64,cuda:0
adjoint,2,327,9.686877687612832e-07,True,CONVERGED,float64,cuda:0
forward,0,331,9.852534526853592e-07,True,CONVERGED,float64,cuda:0
forward,1,341,9.434073594258424e-07,True,CONVERGED,float64,cuda:0
forward,2,338,9.021263905904044e-07,True,CONVERGED,float64,cuda:0
adjoint,0,331,9.050238297507916e-07,True,CONVERGED,float64,cuda:0
adjoint,1,324,9.445643578169933e-07,True,CONVERGED,float64,cuda:0
adjoint,2,327,9.664606499909107e-07,True,CONVERGED,float64,cuda:0
forward,0,331,9.847834978150406e-07,True,CONVERGED,float64,cuda:0
forward,1,341,9.41640527247217e-07,True,CONVERGED,float64,cuda:0
forward,2,338,9.071677229609155e-07,True,CONVERGED,float64,cuda:0
adjoint,0,331,8.949926653092211e-07,True,CONVERGED,float64,cuda:0
adjoint,1,324,9.547373957398462e-07,True,CONVERGED,float64,cuda:0
adjoint,2,327,9.657976220766025e-07,True,CONVERGED,float64,cuda:0
forward,0,331,9.916641326174248e-07,True,CONVERGED,float64,cuda:0
forward,1,341,9.460538766170304e-07,True,CONVERGED,float64,cuda:0
forward,2,338,8.977997265979237e-07,True,CONVERGED,float64,cuda:0
adjoint,0,331,9.138204921577313e-07,True,CONVERGED,float64,cuda:0
adjoint,1,324,9.386872479596608e-07,True,CONVERGED,float64,cuda:0
adjoint,2,327,9.64765112578164e-07,True,CONVERGED,float64,cuda:0
forward,0,331,9.896587544725283e-07,True,CONVERGED,float64,cuda:0
forward,1,341,9.429107660723862e-07,True,CONVERGED,float64,cuda:0
forward,2,338,9.052941749311891e-07,True,CONVERGED,float64,cuda:0
adjoint,0,331,9.027098805656775e-07,True,CONVERGED,float64,cuda:0
adjoint,1,324,9.504137867987339e-07,True,CONVERGED,float64,cuda:0
adjoint,2,327,9.67859848830834e-07,True,CONVERGED,float64,cuda:0
forward,0,331,9.849798251429782e-07,True,CONVERGED,float64,cuda:0
forward,1,341,9.433287307551112e-07,True,CONVERGED,float64,cuda:0
forward,2,338,9.019088139606103e-07,True,CONVERGED,float64,cuda:0
adjoint,0,331,9.054226777362972e-07,True,CONVERGED,float64,cuda:0
adjoint,1,324,9.449703503024837e-07,True,CONVERGED,float64,cuda:0
adjoint,2,327,9.666740478537175e-07,True,CONVERGED,float64,cuda:0
forward,0,331,9.839280506391564e-07,True,CONVERGED,float64,cuda:0
forward,1,341,9.427816622816434e-07,True,CONVERGED,float64,cuda:0
forward,2,338,9.033392899146152e-07,True,CONVERGED,float64,cuda:0
adjoint,0,331,9.086605203159952e-07,True,CONVERGED,float64,cuda:0
adjoint,1,324,9.464479838955462e-07,True,CONVERGED,float64,cuda:0
adjoint,2,327,9.694512376819856e-07,True,CONVERGED,float64,cuda:0
forward,0,331,9.85076290854996e-07,True,CONVERGED,float64,cuda:0
forward,1,341,9.43872957960751e-07,True,CONVERGED,float64,cuda:0
forward,2,338,9.010152205682898e-07,True,CONVERGED,float64,cuda:0
adjoint,0,331,9.148683961266774e-07,True,CONVERGED,float64,cuda:0
adjoint,1,324,9.426226998970678e-07,True,CONVERGED,float64,cuda:0
adjoint,2,327,9.691622635155777e-07,True,CONVERGED,float64,cuda:0
forward,0,331,9.855113403269117e-07,True,CONVERGED,float64,cuda:0
forward,1,341,9.42717866502069e-07,True,CONVERGED,float64,cuda:0
forward,2,338,9.030074969130124e-07,True,CONVERGED,float64,cuda:0
adjoint,0,331,9.080404681972923e-07,True,CONVERGED,float64,cuda:0
adjoint,1,324,9.46233525978887e-07,True,CONVERGED,float64,cuda:0
adjoint,2,327,9.685095827808892e-07,True,CONVERGED,float64,cuda:0
forward,0,331,9.880622979761778e-07,True,CONVERGED,float64,cuda:0
forward,1,341,9.425971873598765e-07,True,CONVERGED,float64,cuda:0
forward,2,338,9.036256459475126e-07,True,CONVERGED,float64,cuda:0
adjoint,0,331,9.02958919292762e-07,True,CONVERGED,float64,cuda:0
adjoint,1,324,9.476548762131061e-07,True,CONVERGED,float64,cuda:0
adjoint,2,327,9.66936946587599e-07,True,CONVERGED,float64,cuda:0
forward,0,331,9.896355619299058e-07,True,CONVERGED,float64,cuda:0
forward,1,341,9.435428461075651e-07,True,CONVERGED,float64,cuda:0
forward,2,338,9.01577799671767e-07,True,CONVERGED,float64,cuda:0
adjoint,0,331,9.0566423904387e-07,True,CONVERGED,float64,cuda:0
adjoint,1,324,9.442440772728219e-07,True,CONVERGED,float64,cuda:0
adjoint,2,327,9.653804295249247e-07,True,CONVERGED,float64,cuda:0
forward,0,331,9.894247377153691e-07,True,CONVERGED,float64,cuda:0
forward,1,341,9.433951354286729e-07,True,CONVERGED,float64,cuda:0
forward,2,338,9.022917641284073e-07,True,CONVERGED,float64,cuda:0
adjoint,0,331,9.027097792736235e-07,True,CONVERGED,float64,cuda:0
adjoint,1,324,9.450862946600815e-07,True,CONVERGED,float64,cuda:0
adjoint,2,327,9.646257616928202e-07,True,CONVERGED,float64,cuda:0
forward,0,331,9.877213961812617e-07,True,CONVERGED,float64,cuda:0
forward,1,341,9.425015561524279e-07,True,CONVERGED,float64,cuda:0
forward,2,338,9.052868099443545e-07,True,CONVERGED,float64,cuda:0
adjoint,0,331,9.000518503156095e-07,True,CONVERGED,float64,cuda:0
adjoint,1,324,9.489745743881495e-07,True,CONVERGED,float64,cuda:0
adjoint,2,327,9.66390167632705e-07,True,CONVERGED,float64,cuda:0
forward,0,331,9.895030389106157e-07,True,CONVERGED,float64,cuda:0
forward,1,341,9.458735184447183e-07,True,CONVERGED,float64,cuda:0
forward,2,338,8.980607797621726e-07,True,CONVERGED,float64,cuda:0
adjoint,0,331,9.213624243260031e-07,True,CONVERGED,float64,cuda:0
adjoint,1,324,9.35999129754669e-07,True,CONVERGED,float64,cuda:0
adjoint,2,327,9.67431138717867e-07,True,CONVERGED,float64,cuda:0
forward,0,331,9.872367710034205e-07,True,CONVERGED,float64,cuda:0
forward,1,341,9.43555785115806e-07,True,CONVERGED,float64,cuda:0
forward,2,338,9.017991201151935e-07,True,CONVERGED,float64,cuda:0
adjoint,0,331,9.056436584059824e-07,True,CONVERGED,float64,cuda:0
adjoint,1,324,9.432296008242291e-07,True,CONVERGED,float64,cuda:0
adjoint,2,327,9.654102157648312e-07,True,CONVERGED,float64,cuda:0
forward,0,331,9.840100143229065e-07,True,CONVERGED,float64,cuda:0
forward,1,341,9.415319010664215e-07,True,CONVERGED,float64,cuda:0
forward,2,338,9.061388781429349e-07,True,CONVERGED,float64,cuda:0
adjoint,0,331,8.944718923360126e-07,True,CONVERGED,float64,cuda:0
adjoint,1,324,9.519443621542696e-07,True,CONVERGED,float64,cuda:0
adjoint,2,327,9.651716029121766e-07,True,CONVERGED,float64,cuda:0
forward,0,331,9.886843659493286e-07,True,CONVERGED,float64,cuda:0
forward,1,341,9.441086245282288e-07,True,CONVERGED,float64,cuda:0
forward,2,338,8.995978227561387e-07,True,CONVERGED,float64,cuda:0
adjoint,0,331,9.120386514194635e-07,True,CONVERGED,float64,cuda:0
adjoint,1,324,9.407023915585719e-07,True,CONVERGED,float64,cuda:0
adjoint,2,327,9.65720089493373e-07,True,CONVERGED,float64,cuda:0
forward,0,331,9.895899501797071e-07,True,CONVERGED,float64,cuda:0
forward,1,341,9.431355757096665e-07,True,CONVERGED,float64,cuda:0
forward,2,338,9.041762207365205e-07,True,CONVERGED,float64,cuda:0
adjoint,0,331,9.075067939603257e-07,True,CONVERGED,float64,cuda:0
adjoint,1,324,9.47135864076609e-07,True,CONVERGED,float64,cuda:0
adjoint,2,327,9.684588323414238e-07,True,CONVERGED,float64,cuda:0
forward,0,331,9.880550116165206e-07,True,CONVERGED,float64,cuda:0
forward,1,341,9.434982766121548e-07,True,CONVERGED,float64,cuda:0
forward,2,338,9.028317466244471e-07,True,CONVERGED,float64,cuda:0
adjoint,0,331,9.126003352217833e-07,True,CONVERGED,float64,cuda:0
adjoint,1,324,9.446890211363825e-07,True,CONVERGED,float64,cuda:0
adjoint,2,327,9.695492830305575e-07,True,CONVERGED,float64,cuda:0
forward,0,331,9.858261738222807e-07,True,CONVERGED,float64,cuda:0
forward,1,341,9.435722142132542e-07,True,CONVERGED,float64,cuda:0
forward,2,338,9.007526717910779e-07,True,CONVERGED,float64,cuda:0
adjoint,0,331,9.145348649889662e-07,True,CONVERGED,float64,cuda:0
adjoint,1,324,9.420041233545294e-07,True,CONVERGED,float64,cuda:0
adjoint,2,327,9.685322659355284e-07,True,CONVERGED,float64,cuda:0
forward,0,331,9.84291986799503e-07,True,CONVERGED,float64,cuda:0
forward,1,341,9.412827399353764e-07,True,CONVERGED,float64,cuda:0
forward,2,338,9.04026002397202e-07,True,CONVERGED,float64,cuda:0
adjoint,0,331,9.020121217833024e-07,True,CONVERGED,float64,cuda:0
adjoint,1,324,9.483743830350425e-07,True,CONVERGED,float64,cuda:0
adjoint,2,327,9.674285706831936e-07,True,CONVERGED,float64,cuda:0
forward,0,331,9.86468267957424e-07,True,CONVERGED,float64,cuda:0
forward,1,341,9.415010776910073e-07,True,CONVERGED,float64,cuda:0
forward,2,338,9.049943401033928e-07,True,CONVERGED,float64,cuda:0
adjoint,0,331,9.021687137239104e-07,True,CONVERGED,float64,cuda:0
adjoint,1,324,9.496288521430086e-07,True,CONVERGED,float64,cuda:0
adjoint,2,327,9.682572188892606e-07,True,CONVERGED,float64,cuda:0
forward,0,331,9.892960506341622e-07,True,CONVERGED,float64,cuda:0
forward,1,341,9.441465632476355e-07,True,CONVERGED,float64,cuda:0
forward,2,338,9.010090757821339e-07,True,CONVERGED,float64,cuda:0
adjoint,0,331,9.196403803600596e-07,True,CONVERGED,float64,cuda:0
adjoint,1,324,9.418994451451979e-07,True,CONVERGED,float64,cuda:0
adjoint,2,327,9.695765271451491e-07,True,CONVERGED,float64,cuda:0
forward,0,331,9.885560411214262e-07,True,CONVERGED,float64,cuda:0
forward,1,341,9.440088143084789e-07,True,CONVERGED,float64,cuda:0
forward,2,338,9.00981360024583e-07,True,CONVERGED,float64,cuda:0
adjoint,0,331,9.157733976980959e-07,True,CONVERGED,float64,cuda:0
adjoint,1,324,9.420644601048077e-07,True,CONVERGED,float64,cuda:0
adjoint,2,327,9.68484903890086e-07,True,CONVERGED,float64,cuda:0
forward,0,331,9.855973913940468e-07,True,CONVERGED,float64,cuda:0
forward,1,341,9.410386986320969e-07,True,CONVERGED,float64,cuda:0
forward,2,338,9.065562799648242e-07,True,CONVERGED,float64,cuda:0
adjoint,0,331,8.993190502492772e-07,True,CONVERGED,float64,cuda:0
adjoint,1,324,9.516977514779362e-07,True,CONVERGED,float64,cuda:0
adjoint,2,327,9.677775156490184e-07,True,CONVERGED,float64,cuda:0
forward,0,331,9.859532697432578e-07,True,CONVERGED,float64,cuda:0
forward,1,341,9.43388255768341e-07,True,CONVERGED,float64,cuda:0
forward,2,338,9.004404309507211e-07,True,CONVERGED,float64,cuda:0
adjoint,0,331,9.118601318883464e-07,True,CONVERGED,float64,cuda:0
adjoint,1,324,9.413685444789603e-07,True,CONVERGED,float64,cuda:0
adjoint,2,327,9.663445348591397e-07,True,CONVERGED,float64,cuda:0
forward,0,331,9.867507697326065e-07,True,CONVERGED,float64,cuda:0
forward,1,341,9.428883668166343e-07,True,CONVERGED,float64,cuda:0
forward,2,338,9.028605957973205e-07,True,CONVERGED,float64,cuda:0
adjoint,0,331,9.091151117129809e-07,True,CONVERGED,float64,cuda:0
adjoint,1,324,9.445330681856031e-07,True,CONVERGED,float64,cuda:0
adjoint,2,327,9.670542053486665e-07,True,CONVERGED,float64,cuda:0
forward,0,331,9.87126359700505e-07,True,CONVERGED,float64,cuda:0
forward,1,341,9.423646316315822e-07,True,CONVERGED,float64,cuda:0
forward,2,338,9.027021860183747e-07,True,CONVERGED,float64,cuda:0
adjoint,0,331,9.050993804409107e-07,True,CONVERGED,float64,cuda:0
adjoint,1,324,9.448658664494154e-07,True,CONVERGED,float64,cuda:0
adjoint,2,327,9.65649948068222e-07,True,CONVERGED,float64,cuda:0
forward,0,331,9.908889657424934e-07,True,CONVERGED,float64,cuda:0
forward,1,341,9.427976112592612e-07,True,CONVERGED,float64,cuda:0
forward,2,338,9.054328315352965e-07,True,CONVERGED,float64,cuda:0
adjoint,0,331,9.062311627710886e-07,True,CONVERGED,float64,cuda:0
adjoint,1,324,9.48398582419221e-07,True,CONVERGED,float64,cuda:0
adjoint,2,327,9.68330437565128e-07,True,CONVERGED,float64,cuda:0
forward,0,331,9.909277367634028e-07,True,CONVERGED,float64,cuda:0
forward,1,341,9.452575158762604e-07,True,CONVERGED,float64,cuda:0
forward,2,338,8.974971761200065e-07,True,CONVERGED,float64,cuda:0
adjoint,0,331,9.219120181429461e-07,True,CONVERGED,float64,cuda:0
adjoint,1,324,9.362492040542135e-07,True,CONVERGED,float64,cuda:0
adjoint,2,327,9.674648766153704e-07,True,CONVERGED,float64,cuda:0
forward,0,331,9.883591558503505e-07,True,CONVERGED,float64,cuda:0
forward,1,341,9.41553591230062e-07,True,CONVERGED,float64,cuda:0
forward,2,338,9.076024943502137e-07,True,CONVERGED,float64,cuda:0
adjoint,0,331,9.008562816561739e-07,True,CONVERGED,float64,cuda:0
adjoint,1,324,9.529495315325598e-07,True,CONVERGED,float64,cuda:0
adjoint,2,327,9.678234182746497e-07,True,CONVERGED,float64,cuda:0
forward,0,331,9.858894955484996e-07,True,CONVERGED,float64,cuda:0
forward,1,341,9.422334898455268e-07,True,CONVERGED,float64,cuda:0
forward,2,338,9.013941655729326e-07,True,CONVERGED,float64,cuda:0
adjoint,0,331,9.089393699263144e-07,True,CONVERGED,float64,cuda:0
adjoint,1,324,9.433591025416796e-07,True,CONVERGED,float64,cuda:0
adjoint,2,327,9.666634045565172e-07,True,CONVERGED,float64,cuda:0
forward,0,331,9.874365736058385e-07,True,CONVERGED,float64,cuda:0
forward,1,341,9.423432134966028e-07,True,CONVERGED,float64,cuda:0
forward,2,338,9.026026876583899e-07,True,CONVERGED,float64,cuda:0
adjoint,0,331,9.108203329464621e-07,True,CONVERGED,float64,cuda:0
adjoint,1,324,9.449212124228462e-07,True,CONVERGED,float64,cuda:0
adjoint,2,327,9.686747992348838e-07,True,CONVERGED,float64,cuda:0
forward,0,331,9.866917877854468e-07,True,CONVERGED,float64,cuda:0
forward,1,341,9.416535784112627e-07,True,CONVERGED,float64,cuda:0
forward,2,338,9.043525374508396e-07,True,CONVERGED,float64,cuda:0
adjoint,0,331,9.07459510014186e-07,True,CONVERGED,float64,cuda:0
adjoint,1,324,9.474655898582872e-07,True,CONVERGED,float64,cuda:0
adjoint,2,327,9.694553490646448e-07,True,CONVERGED,float64,cuda:0
forward,0,331,9.85677887262006e-07,True,CONVERGED,float64,cuda:0
forward,1,341,9.425285558977365e-07,True,CONVERGED,float64,cuda:0
forward,2,338,9.016420749171544e-07,True,CONVERGED,float64,cuda:0
adjoint,0,331,9.153289281081603e-07,True,CONVERGED,float64,cuda:0
adjoint,1,324,9.431380877615411e-07,True,CONVERGED,float64,cuda:0
adjoint,2,327,9.697314148928956e-07,True,CONVERGED,float64,cuda:0
forward,0,331,9.845711206729557e-07,True,CONVERGED,float64,cuda:0
forward,1,341,9.413077058261065e-07,True,CONVERGED,float64,cuda:0
forward,2,338,9.040050676987242e-07,True,CONVERGED,float64,cuda:0
adjoint,0,331,9.089076266068856e-07,True,CONVERGED,float64,cuda:0
adjoint,1,324,9.466101851267194e-07,True,CONVERGED,float64,cuda:0
adjoint,2,327,9.69738114833667e-07,True,CONVERGED,float64,cuda:0
forward,0,331,9.847375178069045e-07,True,CONVERGED,float64,cuda:0
forward,1,341,9.422709652907105e-07,True,CONVERGED,float64,cuda:0
forward,2,338,9.01807949969682e-07,True,CONVERGED,float64,cuda:0
adjoint,0,331,9.125020130087457e-07,True,CONVERGED,float64,cuda:0
adjoint,1,324,9.428156183934605e-07,True,CONVERGED,float64,cuda:0
adjoint,2,327,9.682213621004853e-07,True,CONVERGED,float64,cuda:0
forward,0,331,9.869696580081468e-07,True,CONVERGED,float64,cuda:0
forward,1,341,9.422228414869616e-07,True,CONVERGED,float64,cuda:0
forward,2,338,9.034780557843318e-07,True,CONVERGED,float64,cuda:0
adjoint,0,331,9.102606368061766e-07,True,CONVERGED,float64,cuda:0
adjoint,1,324,9.451101663367969e-07,True,CONVERGED,float64,cuda:0
adjoint,2,327,9.687638899630897e-07,True,CONVERGED,float64,cuda:0
forward,0,331,9.875612199310666e-07,True,CONVERGED,float64,cuda:0
forward,1,341,9.426816313280182e-07,True,CONVERGED,float64,cuda:0
forward,2,338,9.01459510058985e-07,True,CONVERGED,float64,cuda:0
adjoint,0,331,9.107336501324197e-07,True,CONVERGED,float64,cuda:0
adjoint,1,324,9.421459168742872e-07,True,CONVERGED,float64,cuda:0
adjoint,2,327,9.66690326984603e-07,True,CONVERGED,float64,cuda:0
forward,0,331,9.885328599603175e-07,True,CONVERGED,float64,cuda:0
forward,1,341,9.420598657342768e-07,True,CONVERGED,float64,cuda:0
forward,2,338,9.039180658345693e-07,True,CONVERGED,float64,cuda:0
adjoint,0,331,9.005519316259159e-07,True,CONVERGED,float64,cuda:0
adjoint,1,324,9.466574304048841e-07,True,CONVERGED,float64,cuda:0
adjoint,2,327,9.647624560837568e-07,True,CONVERGED,float64,cuda:0
forward,0,331,9.898002353707911e-07,True,CONVERGED,float64,cuda:0
forward,1,341,9.424214260313436e-07,True,CONVERGED,float64,cuda:0
forward,2,338,9.034111534748366e-07,True,CONVERGED,float64,cuda:0
adjoint,0,331,9.041507707652485e-07,True,CONVERGED,float64,cuda:0
adjoint,1,324,9.452830105274138e-07,True,CONVERGED,float64,cuda:0
adjoint,2,327,9.654380006241717e-07,True,CONVERGED,float64,cuda:0
forward,0,331,9.892620727511838e-07,True,CONVERGED,float64,cuda:0
forward,1,341,9.434957212223342e-07,True,CONVERGED,float64,cuda:0
forward,2,338,9.012378786122872e-07,True,CONVERGED,float64,cuda:0
adjoint,0,331,9.128523273514756e-07,True,CONVERGED,float64,cuda:0
adjoint,1,324,9.411340866934657e-07,True,CONVERGED,float64,cuda:0
adjoint,2,327,9.661184870493234e-07,True,CONVERGED,float64,cuda:0
forward,0,331,9.875723694177316e-07,True,CONVERGED,float64,cuda:0
forward,1,341,9.420798369772718e-07,True,CONVERGED,float64,cuda:0
forward,2,338,9.046688259778162e-07,True,CONVERGED,float64,cuda:0
adjoint,0,331,9.08363103957904e-07,True,CONVERGED,float64,cuda:0
adjoint,1,324,9.460479158612043e-07,True,CONVERGED,float64,cuda:0
adjoint,2,327,9.684068651813958e-07,True,CONVERGED,float64,cuda:0
forward,0,331,9.873655284169259e-07,True,CONVERGED,float64,cuda:0
forward,1,341,9.43300057836617e-07,True,CONVERGED,float64,cuda:0
forward,2,338,9.009537686942134e-07,True,CONVERGED,float64,cuda:0
adjoint,0,331,9.185684015096707e-07,True,CONVERGED,float64,cuda:0
adjoint,1,324,9.40270706465165e-07,True,CONVERGED,float64,cuda:0
adjoint,2,327,9.690976207266562e-07,True,CONVERGED,float64,cuda:0
forward,0,331,9.866455426893735e-07,True,CONVERGED,float64,cuda:0
forward,1,341,9.421051697258347e-07,True,CONVERGED,float64,cuda:0
forward,2,338,9.020506577987946e-07,True,CONVERGED,float64,cuda:0
adjoint,0,331,9.121582551145196e-07,True,CONVERGED,float64,cuda:0
adjoint,1,324,9.433004982963283e-07,True,CONVERGED,float64,cuda:0
adjoint,2,327,9.68366684612985e-07,True,CONVERGED,float64,cuda:0
forward,0,331,9.851415368569977e-07,True,CONVERGED,float64,cuda:0
forward,1,341,9.400048293711769e-07,True,CONVERGED,float64,cuda:0
forward,2,338,9.060270249894299e-07,True,CONVERGED,float64,cuda:0
adjoint,0,331,8.992480419671958e-07,True,CONVERGED,float64,cuda:0
adjoint,1,324,9.51049640224799e-07,True,CONVERGED,float64,cuda:0
adjoint,2,327,9.669969688893183e-07,True,CONVERGED,float64,cuda:0
forward,0,331,9.88896566163237e-07,True,CONVERGED,float64,cuda:0
forward,1,341,9.416327284275913e-07,True,CONVERGED,float64,cuda:0
forward,2,338,9.034746898050843e-07,True,CONVERGED,float64,cuda:0
adjoint,0,331,9.106450480037524e-07,True,CONVERGED,float64,cuda:0
adjoint,1,324,9.459316148364188e-07,True,CONVERGED,float64,cuda:0
adjoint,2,327,9.694315563610765e-07,True,CONVERGED,float64,cuda:0
forward,0,331,9.899633132687217e-07,True,CONVERGED,float64,cuda:0
forward,1,341,9.433079345840093e-07,True,CONVERGED,float64,cuda:0
forward,2,338,9.013125589145176e-07,True,CONVERGED,float64,cuda:0
adjoint,0,331,9.23449431101978e-07,True,CONVERGED,float64,cuda:0
adjoint,1,324,9.416128203528838e-07,True,CONVERGED,float64,cuda:0
adjoint,2,327,9.721443273531464e-07,True,CONVERGED,float64,cuda:0
forward,0,331,9.855126863925235e-07,True,CONVERGED,float64,cuda:0
forward,1,341,9.41411950504883e-07,True,CONVERGED,float64,cuda:0
forward,2,338,9.039860184460729e-07,True,CONVERGED,float64,cuda:0
adjoint,0,331,9.136901508567865e-07,True,CONVERGED,float64,cuda:0
adjoint,1,324,9.456525545777703e-07,True,CONVERGED,float64,cuda:0
adjoint,2,327,9.717134615921611e-07,True,CONVERGED,float64,cuda:0
forward,0,331,9.84374647228729e-07,True,CONVERGED,float64,cuda:0
forward,1,341,9.412974850445218e-07,True,CONVERGED,float64,cuda:0
forward,2,338,9.023337945265647e-07,True,CONVERGED,float64,cuda:0
adjoint,0,331,9.116924717201723e-07,True,CONVERGED,float64,cuda:0
adjoint,1,324,9.442507511410317e-07,True,CONVERGED,float64,cuda:0
adjoint,2,327,9.683940440836018e-07,True,CONVERGED,float64,cuda:0
forward,0,331,9.8479172802968e-07,True,CONVERGED,float64,cuda:0
forward,1,341,9.402984694233066e-07,True,CONVERGED,float64,cuda:0
forward,2,338,9.049326622288966e-07,True,CONVERGED,float64,cuda:0
adjoint,0,331,9.039880801310676e-07,True,CONVERGED,float64,cuda:0
adjoint,1,324,9.481195103750188e-07,True,CONVERGED,float64,cuda:0
adjoint,2,327,9.689412612926971e-07,True,CONVERGED,float64,cuda:0
forward,0,331,9.883344088833135e-07,True,CONVERGED,float64,cuda:0
forward,1,341,9.422247887056715e-07,True,CONVERGED,float64,cuda:0
forward,2,338,9.017938368757198e-07,True,CONVERGED,float64,cuda:0
adjoint,0,331,9.122075323240785e-07,True,CONVERGED,float64,cuda:0
adjoint,1,324,9.428461229159218e-07,True,CONVERGED,float64,cuda:0
adjoint,2,327,9.67580938652302e-07,True,CONVERGED,float64,cuda:0
forward,0,331,9.900171780413097e-07,True,CONVERGED,float64,cuda:0
forward,1,341,9.421643085019633e-07,True,CONVERGED,float64,cuda:0
forward,2,338,9.038043336038789e-07,True,CONVERGED,float64,cuda:0
adjoint,0,331,9.099462587994189e-07,True,CONVERGED,float64,cuda:0
adjoint,1,324,9.453449585815349e-07,True,CONVERGED,float64,cuda:0
adjoint,2,327,9.68032414005074e-07,True,CONVERGED,float64,cuda:0
forward,0,331,9.889990370319842e-07,True,CONVERGED,float64,cuda:0
forward,1,341,9.423239016406714e-07,True,CONVERGED,float64,cuda:0
forward,2,338,9.0365268740348e-07,True,CONVERGED,float64,cuda:0
adjoint,0,331,9.122370651060761e-07,True,CONVERGED,float64,cuda:0
adjoint,1,324,9.440947357506853e-07,True,CONVERGED,float64,cuda:0
adjoint,2,327,9.688701514140883e-07,True,CONVERGED,float64,cuda:0
forward,0,331,9.87597793916497e-07,True,CONVERGED,float64,cuda:0
forward,1,341,9.429417857405308e-07,True,CONVERGED,float64,cuda:0
forward,2,338,9.00777210448087e-07,True,CONVERGED,float64,cuda:0
adjoint,0,331,9.176073911706862e-07,True,CONVERGED,float64,cuda:0
adjoint,1,324,9.396845798881857e-07,True,CONVERGED,float64,cuda:0
adjoint,2,327,9.677381893600278e-07,True,CONVERGED,float64,cuda:0
forward,0,331,9.856120949465728e-07,True,CONVERGED,float64,cuda:0
forward,1,341,9.408748838812816e-07,True,CONVERGED,float64,cuda:0
forward,2,338,9.036556854691592e-07,True,CONVERGED,float64,cuda:0
adjoint,0,331,9.05702997974736e-07,True,CONVERGED,float64,cuda:0
adjoint,1,324,9.45106178006828e-07,True,CONVERGED,float64,cuda:0
adjoint,2,327,9.666141321836952e-07,True,CONVERGED,float64,cuda:0
forward,0,331,9.87249037451475e-07,True,CONVERGED,float64,cuda:0
forward,1,341,9.410986172229491e-07,True,CONVERGED,float64,cuda:0
forward,2,338,9.037114462164767e-07,True,CONVERGED,float64,cuda:0
adjoint,0,331,9.04582130783043e-07,True,CONVERGED,float64,cuda:0
adjoint,1,324,9.458292466373739e-07,True,CONVERGED,float64,cuda:0
adjoint,2,327,9.659806399832972e-07,True,CONVERGED,float64,cuda:0
forward,0,331,9.894260497348421e-07,True,CONVERGED,float64,cuda:0
forward,1,341,9.418598629027321e-07,True,CONVERGED,float64,cuda:0
forward,2,338,9.029789827967184e-07,True,CONVERGED,float64,cuda:0
adjoint,0,331,9.105425463868962e-07,True,CONVERGED,float64,cuda:0
adjoint,1,324,9.443632735847371e-07,True,CONVERGED,float64,cuda:0
adjoint,2,327,9.680673970203727e-07,True,CONVERGED,float64,cuda:0
forward,0,331,9.89715778393108e-07,True,CONVERGED,float64,cuda:0
forward,1,341,9.417523740810439e-07,True,CONVERGED,float64,cuda:0
forward,2,338,9.035324309644706e-07,True,CONVERGED,float64,cuda:0
adjoint,0,331,9.135129973005021e-07,True,CONVERGED,float64,cuda:0
adjoint,1,324,9.449411466342112e-07,True,CONVERGED,float64,cuda:0
adjoint,2,327,9.695723997919427e-07,True,CONVERGED,float64,cuda:0
forward,0,331,9.878187783867877e-07,True,CONVERGED,float64,cuda:0
forward,1,341,9.417204778824368e-07,True,CONVERGED,float64,cuda:0
forward,2,338,9.039926239703717e-07,True,CONVERGED,float64,cuda:0
adjoint,0,331,9.1499375434506e-07,True,CONVERGED,float64,cuda:0
adjoint,1,324,9.449574993337396e-07,True,CONVERGED,float64,cuda:0
adjoint,2,327,9.712299267586254e-07,True,CONVERGED,float64,cuda:0
forward,0,331,9.870317821919797e-07,True,CONVERGED,float64,cuda:0
forward,1,341,9.42427476356808e-07,True,CONVERGED,float64,cuda:0
forward,2,338,9.014080441907161e-07,True,CONVERGED,float64,cuda:0
adjoint,0,331,9.223987517327276e-07,True,CONVERGED,float64,cuda:0
adjoint,1,324,9.409372372163488e-07,True,CONVERGED,float64,cuda:0
adjoint,2,327,9.720414361464936e-07,True,CONVERGED,float64,cuda:0
forward,0,331,9.858147010740894e-07,True,CONVERGED,float64,cuda:0
forward,1,341,9.405996771376614e-07,True,CONVERGED,float64,cuda:0
forward,2,338,9.048168342928521e-07,True,CONVERGED,float64,cuda:0
adjoint,0,331,9.129001530141873e-07,True,CONVERGED,float64,cuda:0
adjoint,1,324,9.467181275440541e-07,True,CONVERGED,float64,cuda:0
adjoint,2,327,9.716443651936544e-07,True,CONVERGED,float64,cuda:0
forward,0,331,9.86219919598669e-07,True,CONVERGED,float64,cuda:0
forward,1,341,9.412656229648216e-07,True,CONVERGED,float64,cuda:0
forward,2,338,9.016138222369024e-07,True,CONVERGED,float64,cuda:0
adjoint,0,331,9.139078306610007e-07,True,CONVERGED,float64,cuda:0
adjoint,1,324,9.431266834910615e-07,True,CONVERGED,float64,cuda:0
adjoint,2,327,9.68517592487881e-07,True,CONVERGED,float64,cuda:0
forward,0,331,9.862435850336562e-07,True,CONVERGED,float64,cuda:0
forward,1,341,9.399432715549002e-07,True,CONVERGED,float64,cuda:0
forward,2,338,9.060015270067419e-07,True,CONVERGED,float64,cuda:0
adjoint,0,331,9.011906177637993e-07,True,CONVERGED,float64,cuda:0
adjoint,1,324,9.50493855396571e-07,True,CONVERGED,float64,cuda:0
adjoint,2,327,9.681364490355738e-07,True,CONVERGED,float64,cuda:0
forward,0,331,9.895960273149174e-07,True,CONVERGED,float64,cuda:0
forward,1,341,9.412692463518527e-07,True,CONVERGED,float64,cuda:0
forward,2,338,9.045296571935509e-07,True,CONVERGED,float64,cuda:0
adjoint,0,331,9.108889517615385e-07,True,CONVERGED,float64,cuda:0
adjoint,1,324,9.468706849064515e-07,True,CONVERGED,float64,cuda:0
adjoint,2,327,9.699106577328284e-07,True,CONVERGED,float64,cuda:0
forward,0,331,9.917233853244295e-07,True,CONVERGED,float64,cuda:0
forward,1,341,9.43714448851269e-07,True,CONVERGED,float64,cuda:0
forward,2,338,9.002978260698528e-07,True,CONVERGED,float64,cuda:0
adjoint,0,331,9.27563355151298e-07,True,CONVERGED,float64,cuda:0
adjoint,1,324,9.390199193253481e-07,True,CONVERGED,float64,cuda:0
adjoint,2,327,9.726075094534884e-07,True,CONVERGED,float64,cuda:0
forward,0,331,9.851771716499015e-07,True,CONVERGED,float64,cuda:0
forward,1,341,9.411584250772083e-07,True,CONVERGED,float64,cuda:0
forward,2,338,9.033413800245192e-07,True,CONVERGED,float64,cuda:0
adjoint,0,331,9.148678890800373e-07,True,CONVERGED,float64,cuda:0
adjoint,1,324,9.438864385494158e-07,True,CONVERGED,float64,cuda:0
adjoint,2,327,9.710446380956597e-07,True,CONVERGED,float64,cuda:0
forward,0,331,9.801703567621607e-07,True,CONVERGED,float64,cuda:0
forward,1,341,9.389276828812523e-07,True,CONVERGED,float64,cuda:0
forward,2,338,9.049824725438051e-07,True,CONVERGED,float64,cuda:0
adjoint,0,331,9.028568443909167e-07,True,CONVERGED,float64,cuda:0
adjoint,1,324,9.475668754019172e-07,True,CONVERGED,float64,cuda:0
adjoint,2,327,9.683780000164622e-07,True,CONVERGED,float64,cuda:0
forward,0,331,9.859227605068215e-07,True,CONVERGED,float64,cuda:0
forward,1,341,9.414435554939272e-07,True,CONVERGED,float64,cuda:0
forward,2,338,9.026266261708738e-07,True,CONVERGED,float64,cuda:0
adjoint,0,331,9.124457574193024e-07,True,CONVERGED,float64,cuda:0
adjoint,1,324,9.428626842351539e-07,True,CONVERGED,float64,cuda:0
adjoint,2,327,9.685333008995312e-07,True,CONVERGED,float64,cuda:0
forward,0,331,9.90070122876729e-07,True,CONVERGED,float64,cuda:0
forward,1,341,9.433773209412962e-07,True,CONVERGED,float64,cuda:0
forward,2,338,9.00107494862653e-07,True,CONVERGED,float64,cuda:0
adjoint,0,331,9.170857093444082e-07,True,CONVERGED,float64,cuda:0
adjoint,1,324,9.38681808139901e-07,True,CONVERGED,float64,cuda:0
adjoint,2,327,9.677925354291465e-07,True,CONVERGED,float64,cuda:0
forward,0,331,9.86095610616259e-07,True,CONVERGED,float64,cuda:0
forward,1,341,9.402033964338304e-07,True,CONVERGED,float64,cuda:0
forward,2,338,9.068537063664534e-07,True,CONVERGED,float64,cuda:0
adjoint,0,331,8.981972776715313e-07,True,CONVERGED,float64,cuda:0
adjoint,1,324,9.50398546416866e-07,True,CONVERGED,float64,cuda:0
adjoint,2,327,9.66859430068302e-07,True,CONVERGED,float64,cuda:0
forward,0,331,9.902935048665033e-07,True,CONVERGED,float64,cuda:0
forward,1,341,9.422282375822153e-07,True,CONVERGED,float64,cuda:0
forward,2,338,9.029217088173627e-07,True,CONVERGED,float64,cuda:0
adjoint,0,331,9.117709771934072e-07,True,CONVERGED,float64,cuda:0
adjoint,1,324,9.425967197737548e-07,True,CONVERGED,float64,cuda:0
adjoint,2,327,9.678455418680834e-07,True,CONVERGED,float64,cuda:0
forward,0,331,9.905622046531537e-07,True,CONVERGED,float64,cuda:0
forward,1,341,9.433794739491443e-07,True,CONVERGED,float64,cuda:0
forward,2,338,9.007442026245604e-07,True,CONVERGED,float64,cuda:0
adjoint,0,331,9.233928982729698e-07,True,CONVERGED,float64,cuda:0
adjoint,1,324,9.384941110738361e-07,True,CONVERGED,float64,cuda:0
adjoint,2,327,9.70518067454896e-07,True,CONVERGED,float64,cuda:0
forward,0,331,9.850407082258236e-07,True,CONVERGED,float64,cuda:0
forward,1,341,9.411044482962687e-07,True,CONVERGED,float64,cuda:0
forward,2,338,9.015395817041189e-07,True,CONVERGED,float64,cuda:0
adjoint,0,331,9.1312596029439e-07,True,CONVERGED,float64,cuda:0
adjoint,1,324,9.411308769905335e-07,True,CONVERGED,float64,cuda:0
adjoint,2,327,9.674023649519858e-07,True,CONVERGED,float64,cuda:0
forward,0,331,9.8212388531187e-07,True,CONVERGED,float64,cuda:0
forward,1,341,9.381353965686977e-07,True,CONVERGED,float64,cuda:0
forward,2,338,9.085189625948486e-07,True,CONVERGED,float64,cuda:0
adjoint,0,331,8.964794135037687e-07,True,CONVERGED,float64,cuda:0
adjoint,1,324,9.538014093650875e-07,True,CONVERGED,float64,cuda:0
adjoint,2,327,9.679788208519194e-07,True,CONVERGED,float64,cuda:0
forward,0,331,9.900558197758667e-07,True,CONVERGED,float64,cuda:0
forward,1,341,9.423165282050289e-07,True,CONVERGED,float64,cuda:0
forward,2,338,9.012748486193643e-07,True,CONVERGED,float64,cuda:0
adjoint,0,331,9.199898638694456e-07,True,CONVERGED,float64,cuda:0
adjoint,1,324,9.408635150023822e-07,True,CONVERGED,float64,cuda:0
adjoint,2,327,9.696919678686755e-07,True,CONVERGED,float64,cuda:0
forward,0,331,9.906723914438525e-07,True,CONVERGED,float64,cuda:0
forward,1,341,9.427325869130612e-07,True,CONVERGED,float64,cuda:0
forward,2,338,9.000823753897815e-07,True,CONVERGED,float64,cuda:0
adjoint,0,331,9.240151423899879e-07,True,CONVERGED,float64,cuda:0
adjoint,1,324,9.389221349050011e-07,True,CONVERGED,float64,cuda:0
adjoint,2,327,9.710646315509232e-07,True,CONVERGED,float64,cuda:0
forward,0,331,9.841537409550688e-07,True,CONVERGED,float64,cuda:0
forward,1,341,9.385015758878479e-07,True,CONVERGED,float64,cuda:0
forward,2,338,9.082130265182307e-07,True,CONVERGED,float64,cuda:0
adjoint,0,331,9.015982074172609e-07,True,CONVERGED,float64,cuda:0
adjoint,1,324,9.521091288289592e-07,True,CONVERGED,float64,cuda:0
adjoint,2,327,9.71113241222097e-07,True,CONVERGED,float64,cuda:0
forward,0,331,9.873755399699007e-07,True,CONVERGED,float64,cuda:0
forward,1,341,9.409472918458925e-07,True,CONVERGED,float64,cuda:0
forward,2,338,9.033588967004688e-07,True,CONVERGED,float64,cuda:0
adjoint,0,331,9.177071809795064e-07,True,CONVERGED,float64,cuda:0
adjoint,1,324,9.436524417094887e-07,True,CONVERGED,float64,cuda:0
adjoint,2,327,9.714487691349693e-07,True,CONVERGED,float64,cuda:0
forward,0,331,9.903158797833625e-07,True,CONVERGED,float64,cuda:0
forward,1,341,9.432314756214144e-07,True,CONVERGED,float64,cuda:0
forward,2,338,8.977982017984725e-07,True,CONVERGED,float64,cuda:0
adjoint,0,331,9.303035675113447e-07,True,CONVERGED,float64,cuda:0
adjoint,1,324,9.353962010848074e-07,True,CONVERGED,float64,cuda:0
adjoint,2,327,9.710891625368766e-07,True,CONVERGED,float64,cuda:0
forward,0,331,9.838979979564118e-07,True,CONVERGED,float64,cuda:0
forward,1,341,9.379839668736852e-07,True,CONVERGED,float64,cuda:0
forward,2,338,9.081860212591e-07,True,CONVERGED,float64,cuda:0
adjoint,0,331,9.012548319785943e-07,True,CONVERGED,float64,cuda:0
adjoint,1,324,9.523463873961807e-07,True,CONVERGED,float64,cuda:0
adjoint,2,327,9.70318191339645e-07,True,CONVERGED,float64,cuda:0
forward,0,331,9.862075872418578e-07,True,CONVERGED,float64,cuda:0
forward,1,341,9.396265876188484e-07,True,CONVERGED,float64,cuda:0
forward,2,338,9.047458231266401e-07,True,CONVERGED,float64,cuda:0
adjoint,0,331,9.073260311332333e-07,True,CONVERGED,float64,cuda:0
adjoint,1,324,9.464126713816138e-07,True,CONVERGED,float64,cuda:0
adjoint,2,327,9.688702350029302e-07,True,CONVERGED,float64,cuda:0
forward,0,331,9.918219893412613e-07,True,CONVERGED,float64,cuda:0
forward,1,341,9.426923771185974e-07,True,CONVERGED,float64,cuda:0
forward,2,338,9.00206615514419e-07,True,CONVERGED,float64,cuda:0
adjoint,0,331,9.258137956421271e-07,True,CONVERGED,float64,cuda:0
adjoint,1,324,9.386409418415535e-07,True,CONVERGED,float64,cuda:0
adjoint,2,327,9.704467312374103e-07,True,CONVERGED,float64,cuda:0
forward,0,331,9.899152380031392e-07,True,CONVERGED,float64,cuda:0
forward,1,341,9.411689520687789e-07,True,CONVERGED,float64,cuda:0
forward,2,338,9.029771313855782e-07,True,CONVERGED,float64,cuda:0
adjoint,0,331,9.169439849426542e-07,True,CONVERGED,float64,cuda:0
adjoint,1,324,9.432004303439207e-07,True,CONVERGED,float64,cuda:0
adjoint,2,327,9.690202284216205e-07,True,CONVERGED,float64,cuda:0
forward,0,331,9.867053927908409e-07,True,CONVERGED,float64,cuda:0
forward,1,341,9.38846986258385e-07,True,CONVERGED,float64,cuda:0
forward,2,338,9.093635719603102e-07,True,CONVERGED,float64,cuda:0
adjoint,0,331,9.022788079370152e-07,True,CONVERGED,float64,cuda:0
adjoint,1,324,9.533436262171318e-07,True,CONVERGED,float64,cuda:0
adjoint,2,327,9.70068516466919e-07,True,CONVERGED,float64,cuda:0
forward,0,331,9.90513873960637e-07,True,CONVERGED,float64,cuda:0
forward,1,341,9.42997034021205e-07,True,CONVERGED,float64,cuda:0
forward,2,338,8.984683351824748e-07,True,CONVERGED,float64,cuda:0
adjoint,0,331,9.294778037958712e-07,True,CONVERGED,float64,cuda:0
adjoint,1,324,9.358238324514769e-07,True,CONVERGED,float64,cuda:0
adjoint,2,327,9.707457661011106e-07,True,CONVERGED,float64,cuda:0
forward,0,331,9.85967461218082e-07,True,CONVERGED,float64,cuda:0
forward,1,341,9.411235459941024e-07,True,CONVERGED,float64,cuda:0
forward,2,338,9.011315525065913e-07,True,CONVERGED,float64,cuda:0
adjoint,0,331,9.189260003367658e-07,True,CONVERGED,float64,cuda:0
adjoint,1,324,9.404399232267573e-07,True,CONVERGED,float64,cuda:0
adjoint,2,327,9.687406344621411e-07,True,CONVERGED,float64,cuda:0
forward,0,331,9.796240753423429e-07,True,CONVERGED,float64,cuda:0
forward,1,341,9.367255137003622e-07,True,CONVERGED,float64,cuda:0
forward,2,338,9.101199883321449e-07,True,CONVERGED,float64,cuda:0
adjoint,0,331,8.964170692984697e-07,True,CONVERGED,float64,cuda:0
adjoint,1,324,9.564668452486956e-07,True,CONVERGED,float64,cuda:0
adjoint,2,327,9.695308790912819e-07,True,CONVERGED,float64,cuda:0
forward,0,331,9.911524133350329e-07,True,CONVERGED,float64,cuda:0
forward,1,341,9.410901798132961e-07,True,CONVERGED,float64,cuda:0
forward,2,338,9.044630702664949e-07,True,CONVERGED,float64,cuda:0
adjoint,0,331,9.20817402169487e-07,True,CONVERGED,float64,cuda:0
adjoint,1,324,9.451134596222472e-07,True,CONVERGED,float64,cuda:0
adjoint,2,327,9.7181266028405e-07,True,CONVERGED,float64,cuda:0
forward,0,331,9.975009917409447e-07,True,CONVERGED,float64,cuda:0
forward,1,341,9.46258075703922e-07,True,CONVERGED,float64,cuda:0
forward,2,338,8.949076340736557e-07,True,CONVERGED,float64,cuda:0
adjoint,0,331,9.560524544782398e-07,True,CONVERGED,float64,cuda:0
adjoint,1,324,9.304852544718975e-07,True,CONVERGED,float64,cuda:0
adjoint,2,327,9.728894402466546e-07,True,CONVERGED,float64,cuda:0
forward,0,331,9.87005385237634e-07,True,CONVERGED,float64,cuda:0
forward,1,341,9.383401582306369e-07,True,CONVERGED,float64,cuda:0
forward,2,338,9.099823889344663e-07,True,CONVERGED,float64,cuda:0
adjoint,0,331,9.048370041537779e-07,True,CONVERGED,float64,cuda:0
adjoint,1,324,9.54980444697275e-07,True,CONVERGED,float64,cuda:0
adjoint,2,327,9.71435324603837e-07,True,CONVERGED,float64,cuda:0
forward,0,331,9.811708150386206e-07,True,CONVERGED,float64,cuda:0
forward,1,341,9.373665407659603e-07,True,CONVERGED,float64,cuda:0
forward,2,338,9.06240732071281e-07,True,CONVERGED,float64,cuda:0
adjoint,0,331,9.04686408881274e-07,True,CONVERGED,float64,cuda:0
adjoint,1,324,9.496176133598022e-07,True,CONVERGED,float64,cuda:0
adjoint,2,327,9.700786925749654e-07,True,CONVERGED,float64,cuda:0
forward,0,331,9.888931317869916e-07,True,CONVERGED,float64,cuda:0
forward,1,341,9.415912829329344e-07,True,CONVERGED,float64,cuda:0
forward,2,338,9.010481694315069e-07,True,CONVERGED,float64,cuda:0
adjoint,0,331,9.288670605254906e-07,True,CONVERGED,float64,cuda:0
adjoint,1,324,9.400836646267985e-07,True,CONVERGED,float64,cuda:0
adjoint,2,327,9.74024818427033e-07,True,CONVERGED,float64,cuda:0
forward,0,331,9.896175419641116e-07,True,CONVERGED,float64,cuda:0
forward,1,341,9.416493776783424e-07,True,CONVERGED,float64,cuda:0
forward,2,338,9.007469949802223e-07,True,CONVERGED,float64,cuda:0
adjoint,0,331,9.254346011174466e-07,True,CONVERGED,float64,cuda:0
adjoint,1,324,9.399079956803865e-07,True,CONVERGED,float64,cuda:0
adjoint,2,327,9.720801012605686e-07,True,CONVERGED,float64,cuda:0
forward,0,331,9.853088878909146e-07,True,CONVERGED,float64,cuda:0
forward,1,341,9.377762800343873e-07,True,CONVERGED,float64,cuda:0
forward,2,338,9.09802768981798e-07,True,CONVERGED,float64,cuda:0
adjoint,0,331,9.02116902208239e-07,True,CONVERGED,float64,cuda:0
adjoint,1,324,9.54838347416469e-07,True,CONVERGED,float64,cuda:0
adjoint,2,327,9.716992525407829e-07,True,CONVERGED,float64,cuda:0
forward,0,331,9.911014850661403e-07,True,CONVERGED,float64,cuda:0
forward,1,341,9.414211011224798e-07,True,CONVERGED,float64,cuda:0
forward,2,338,9.020677776621286e-07,True,CONVERGED,float64,cuda:0
adjoint,0,331,9.214930671307577e-07,True,CONVERGED,float64,cuda:0
adjoint,1,324,9.418685237073054e-07,True,CONVERGED,float64,cuda:0
adjoint,2,327,9.710311041872081e-07,True,CONVERGED,float64,cuda:0
forward,0,331,9.900694748737544e-07,True,CONVERGED,float64,cuda:0
forward,1,341,9.414031854445683e-07,True,CONVERGED,float64,cuda:0
forward,2,338,9.022206675411031e-07,True,CONVERGED,float64,cuda:0
adjoint,0,331,9.245408121737704e-07,True,CONVERGED,float64,cuda:0
adjoint,1,324,9.412698480100686e-07,True,CONVERGED,float64,cuda:0
adjoint,2,327,9.724011320424502e-07,True,CONVERGED,float64,cuda:0
forward,0,331,9.85112527090575e-07,True,CONVERGED,float64,cuda:0
forward,1,341,9.391252739634584e-07,True,CONVERGED,float64,cuda:0
forward,2,338,9.050966558258561e-07,True,CONVERGED,float64,cuda:0
adjoint,0,331,9.119860748108439e-07,True,CONVERGED,float64,cuda:0
adjoint,1,324,9.45916743376652e-07,True,CONVERGED,float64,cuda:0
adjoint,2,327,9.708837731612278e-07,True,CONVERGED,float64,cuda:0
forward,0,331,9.853182560560324e-07,True,CONVERGED,float64,cuda:0
forward,1,341,9.396675913306877e-07,True,CONVERGED,float64,cuda:0
forward,2,338,9.038818149403212e-07,True,CONVERGED,float64,cuda:0
adjoint,0,331,9.132504693401809e-07,True,CONVERGED,float64,cuda:0
adjoint,1,324,9.441155664721275e-07,True,CONVERGED,float64,cuda:0
adjoint,2,327,9.70128922056864e-07,True,CONVERGED,float64,cuda:0
forward,0,331,9.885828753767018e-07,True,CONVERGED,float64,cuda:0
forward,1,341,9.406853653611246e-07,True,CONVERGED,float64,cuda:0
forward,2,338,9.022404864398469e-07,True,CONVERGED,float64,cuda:0
adjoint,0,331,9.176025059527754e-07,True,CONVERGED,float64,cuda:0
adjoint,1,324,9.418872692704144e-07,True,CONVERGED,float64,cuda:0
adjoint,2,327,9.696135444029672e-07,True,CONVERGED,float64,cuda:0
forward,0,331,9.909166244193167e-07,True,CONVERGED,float64,cuda:0
forward,1,341,9.399293280151461e-07,True,CONVERGED,float64,cuda:0
forward,2,338,9.062774360750166e-07,True,CONVERGED,float64,cuda:0
adjoint,0,331,9.103089319901857e-07,True,CONVERGED,float64,cuda:0
adjoint,1,324,9.479363592308559e-07,True,CONVERGED,float64,cuda:0
adjoint,2,327,9.704014420901008e-07,True,CONVERGED,float64,cuda:0
forward,0,331,9.91537648284314e-07,True,CONVERGED,float64,cuda:0
forward,1,341,9.413851071603644e-07,True,CONVERGED,float64,cuda:0
forward,2,338,9.029179428948539e-07,True,CONVERGED,float64,cuda:0
adjoint,0,331,9.191878753918619e-07,True,CONVERGED,float64,cuda:0
adjoint,1,324,9.425758367949137e-07,True,CONVERGED,float64,cuda:0
adjoint,2,327,9.70241133687146e-07,True,CONVERGED,float64,cuda:0
forward,0,331,9.902438645652627e-07,True,CONVERGED,float64,cuda:0
forward,1,341,9.409864360721231e-07,True,CONVERGED,float64,cuda:0
forward,2,338,9.035807831643578e-07,True,CONVERGED,float64,cuda:0
adjoint,0,331,9.195343160745799e-07,True,CONVERGED,float64,cuda:0
adjoint,1,324,9.435671377147322e-07,True,CONVERGED,float64,cuda:0
adjoint,2,327,9.710247136492788e-07,True,CONVERGED,float64,cuda:0
forward,0,331,9.855411510915639e-07,True,CONVERGED,float64,cuda:0
forward,1,341,9.391519270321243e-07,True,CONVERGED,float64,cuda:0
forward,2,338,9.045881602017918e-07,True,CONVERGED,float64,cuda:0
adjoint,0,331,9.136501667960695e-07,True,CONVERGED,float64,cuda:0
adjoint,1,324,9.454483191913011e-07,True,CONVERGED,float64,cuda:0
adjoint,2,327,9.708876641326928e-07,True,CONVERGED,float64,cuda:0
forward,0,331,9.859620322175779e-07,True,CONVERGED,float64,cuda:0
forward,1,341,9.39464670510504e-07,True,CONVERGED,float64,cuda:0
forward,2,338,9.043362022933714e-07,True,CONVERGED,float64,cuda:0
adjoint,0,331,9.172395685286934e-07,True,CONVERGED,float64,cuda:0
adjoint,1,324,9.449339802680949e-07,True,CONVERGED,float64,cuda:0
adjoint,2,327,9.721132346261957e-07,True,CONVERGED,float64,cuda:0
forward,0,331,9.868711485037533e-07,True,CONVERGED,float64,cuda:0
forward,1,341,9.404811518790326e-07,True,CONVERGED,float64,cuda:0
forward,2,338,9.017501725050807e-07,True,CONVERGED,float64,cuda:0
adjoint,0,331,9.201640610449512e-07,True,CONVERGED,float64,cuda:0
adjoint,1,324,9.415012974167033e-07,True,CONVERGED,float64,cuda:0
adjoint,2,327,9.709368633655871e-07,True,CONVERGED,float64,cuda:0
forward,0,331,9.853635833672367e-07,True,CONVERGED,float64,cuda:0
forward,1,341,9.388087364861696e-07,True,CONVERGED,float64,cuda:0
forward,2,338,9.051532231885912e-07,True,CONVERGED,float64,cuda:0
adjoint,0,331,9.082516676628977e-07,True,CONVERGED,float64,cuda:0
adjoint,1,324,9.468574576262407e-07,True,CONVERGED,float64,cuda:0
adjoint,2,327,9.706985473714845e-07,True,CONVERGED,float64,cuda:0
forward,0,331,9.876534024043973e-07,True,CONVERGED,float64,cuda:0
forward,1,341,9.392721639898753e-07,True,CONVERGED,float64,cuda:0
forward,2,338,9.067863049746643e-07,True,CONVERGED,float64,cuda:0
adjoint,0,331,9.106650800712464e-07,True,CONVERGED,float64,cuda:0
adjoint,1,324,9.482962990821111e-07,True,CONVERGED,float64,cuda:0
adjoint,2,327,9.72500369492081e-07,True,CONVERGED,float64,cuda:0
forward,0,331,9.92925421789387e-07,True,CONVERGED,float64,cuda:0
forward,1,341,9.431572783412569e-07,True,CONVERGED,float64,cuda:0
forward,2,338,8.994113523295756e-07,True,CONVERGED,float64,cuda:0
adjoint,0,331,9.322734949916217e-07,True,CONVERGED,float64,cuda:0
adjoint,1,324,9.360520460262047e-07,True,CONVERGED,float64,cuda:0
adjoint,2,327,9.7290021426833e-07,True,CONVERGED,float64,cuda:0
forward,0,331,9.877760334913686e-07,True,CONVERGED,float64,cuda:0
forward,1,341,9.407487016982466e-07,True,CONVERGED,float64,cuda:0
forward,2,338,9.025205169288946e-07,True,CONVERGED,float64,cuda:0
adjoint,0,331,9.185180267634608e-07,True,CONVERGED,float64,cuda:0
adjoint,1,324,9.411974065557014e-07,True,CONVERGED,float64,cuda:0
adjoint,2,327,9.702271666552921e-07,True,CONVERGED,float64,cuda:0
forward,0,331,9.819499951186791e-07,True,CONVERGED,float64,cuda:0
forward,1,341,9.369755335097467e-07,True,CONVERGED,float64,cuda:0
forward,2,338,9.082310183222325e-07,True,CONVERGED,float64,cuda:0
adjoint,0,331,8.992867719989938e-07,True,CONVERGED,float64,cuda:0
adjoint,1,324,9.515511580733364e-07,True,CONVERGED,float64,cuda:0
adjoint,2,327,9.692938461308303e-07,True,CONVERGED,float64,cuda:0
forward,0,331,9.8926071563486e-07,True,CONVERGED,float64,cuda:0
forward,1,341,9.415506897808015e-07,True,CONVERGED,float64,cuda:0
forward,2,338,8.998534597644609e-07,True,CONVERGED,float64,cuda:0
adjoint,0,331,9.197843453571351e-07,True,CONVERGED,float64,cuda:0
adjoint,1,324,9.376323242540857e-07,True,CONVERGED,float64,cuda:0
adjoint,2,327,9.682408305104102e-07,True,CONVERGED,float64,cuda:0
forward,0,331,9.897299376214675e-07,True,CONVERGED,float64,cuda:0
forward,1,341,9.397412309949744e-07,True,CONVERGED,float64,cuda:0
forward,2,338,9.050400872114067e-07,True,CONVERGED,float64,cuda:0
adjoint,0,331,9.127982700420612e-07,True,CONVERGED,float64,cuda:0
adjoint,1,324,9.452669132309043e-07,True,CONVERGED,float64,cuda:0
adjoint,2,327,9.698841565430567e-07,True,CONVERGED,float64,cuda:0
forward,0,331,9.903382834992172e-07,True,CONVERGED,float64,cuda:0
forward,1,341,9.400192729095805e-07,True,CONVERGED,float64,cuda:0
forward,2,338,9.040865125263457e-07,True,CONVERGED,float64,cuda:0
adjoint,0,331,9.131844262659507e-07,True,CONVERGED,float64,cuda:0
adjoint,1,324,9.440811744542912e-07,True,CONVERGED,float64,cuda:0
adjoint,2,327,9.693647755932507e-07,True,CONVERGED,float64,cuda:0
forward,0,331,9.907436422180852e-07,True,CONVERGED,float64,cuda:0
forward,1,341,9.40322968876257e-07,True,CONVERGED,float64,cuda:0
forward,2,338,9.048549971184364e-07,True,CONVERGED,float64,cuda:0
adjoint,0,331,9.167615805155784e-07,True,CONVERGED,float64,cuda:0
adjoint,1,324,9.443667069971977e-07,True,CONVERGED,float64,cuda:0
adjoint,2,327,9.722636730752352e-07,True,CONVERGED,float64,cuda:0
forward,0,331,9.91153848915853e-07,True,CONVERGED,float64,cuda:0
forward,1,341,9.415243472603204e-07,True,CONVERGED,float64,cuda:0
forward,2,338,9.01227326931605e-07,True,CONVERGED,float64,cuda:0
adjoint,0,331,9.257199362191821e-07,True,CONVERGED,float64,cuda:0
adjoint,1,324,9.389627441044521e-07,True,CONVERGED,float64,cuda:0
adjoint,2,327,9.724148224583782e-07,True,CONVERGED,float64,cuda:0
forward,0,331,9.854123325169906e-07,True,CONVERGED,float64,cuda:0
forward,1,341,9.385931912155155e-07,True,CONVERGED,float64,cuda:0
forward,2,338,9.047168338322718e-07,True,CONVERGED,float64,cuda:0
adjoint,0,331,9.126940003322766e-07,True,CONVERGED,float64,cuda:0
adjoint,1,324,9.452273185276277e-07,True,CONVERGED,float64,cuda:0
adjoint,2,327,9.706815933313001e-07,True,CONVERGED,float64,cuda:0
forward,0,331,9.83992154668853e-07,True,CONVERGED,float64,cuda:0
forward,1,341,9.375329126663498e-07,True,CONVERGED,float64,cuda:0
forward,2,338,9.055924537008514e-07,True,CONVERGED,float64,cuda:0
adjoint,0,331,9.094493512205679e-07,True,CONVERGED,float64,cuda:0
adjoint,1,324,9.470914151259164e-07,True,CONVERGED,float64,cuda:0
adjoint,2,327,9.712453333647787e-07,True,CONVERGED,float64,cuda:0
forward,0,331,9.888435788186051e-07,True,CONVERGED,float64,cuda:0
forward,1,341,9.396818289923564e-07,True,CONVERGED,float64,cuda:0
forward,2,338,9.034201772963203e-07,True,CONVERGED,float64,cuda:0
adjoint,0,331,9.192661282617868e-07,True,CONVERGED,float64,cuda:0
adjoint,1,324,9.434711641876766e-07,True,CONVERGED,float64,cuda:0
adjoint,2,327,9.71788079652911e-07,True,CONVERGED,float64,cuda:0
forward,0,331,9.90471453983782e-07,True,CONVERGED,float64,cuda:0
forward,1,341,9.401739592415128e-07,True,CONVERGED,float64,cuda:0
forward,2,338,9.03672175800104e-07,True,CONVERGED,float64,cuda:0
adjoint,0,331,9.220502107630686e-07,True,CONVERGED,float64,cuda:0
adjoint,1,324,9.435718622981457e-07,True,CONVERGED,float64,cuda:0
adjoint,2,327,9.727954985286233e-07,True,CONVERGED,float64,cuda:0
forward,0,331,9.895143486115133e-07,True,CONVERGED,float64,cuda:0
forward,1,341,9.394721638289832e-07,True,CONVERGED,float64,cuda:0
forward,2,338,9.054597996596045e-07,True,CONVERGED,float64,cuda:0
adjoint,0,331,9.188207960040449e-07,True,CONVERGED,float64,cuda:0
adjoint,1,324,9.456267792541724e-07,True,CONVERGED,float64,cuda:0
adjoint,2,327,9.738507148024575e-07,True,CONVERGED,float64,cuda:0
forward,0,331,9.87578015744941e-07,True,CONVERGED,float64,cuda:0
forward,1,341,9.39961326979651e-07,True,CONVERGED,float64,cuda:0
forward,2,338,9.028315983457721e-07,True,CONVERGED,float64,cuda:0
adjoint,0,331,9.212193682604863e-07,True,CONVERGED,float64,cuda:0
adjoint,1,324,9.417023366088674e-07,True,CONVERGED,float64,cuda:0
adjoint,2,327,9.720509222264878e-07,True,CONVERGED,float64,cuda:0
forward,0,331,9.863805896539954e-07,True,CONVERGED,float64,cuda:0
forward,1,341,9.390720971638838e-07,True,CONVERGED,float64,cuda:0
forward,2,338,9.052205115164797e-07,True,CONVERGED,float64,cuda:0
adjoint,0,331,9.164798321097386e-07,True,CONVERGED,float64,cuda:0
adjoint,1,324,9.450261827853849e-07,True,CONVERGED,float64,cuda:0
adjoint,2,327,9.716432762776434e-07,True,CONVERGED,float64,cuda:0
forward,0,331,9.870787991442979e-07,True,CONVERGED,float64,cuda:0
forward,1,341,9.401869860774497e-07,True,CONVERGED,float64,cuda:0
forward,2,338,9.010934471415361e-07,True,CONVERGED,float64,cuda:0
adjoint,0,331,9.184561709990497e-07,True,CONVERGED,float64,cuda:0
adjoint,1,324,9.396409770417277e-07,True,CONVERGED,float64,cuda:0
adjoint,2,327,9.684244362266716e-07,True,CONVERGED,float64,cuda:0
forward,0,331,9.845615606634303e-07,True,CONVERGED,float64,cuda:0
forward,1,341,9.373873677629875e-07,True,CONVERGED,float64,cuda:0
forward,2,338,9.075494624242659e-07,True,CONVERGED,float64,cuda:0
adjoint,0,331,9.015031710555063e-07,True,CONVERGED,float64,cuda:0
adjoint,1,324,9.500785274353623e-07,True,CONVERGED,float64,cuda:0
adjoint,2,327,9.689621670757676e-07,True,CONVERGED,float64,cuda:0
forward,0,331,9.91930702497888e-07,True,CONVERGED,float64,cuda:0
forward,1,341,9.401840435917756e-07,True,CONVERGED,float64,cuda:0
forward,2,338,9.049910280866305e-07,True,CONVERGED,float64,cuda:0
adjoint,0,331,9.165488832913994e-07,True,CONVERGED,float64,cuda:0
adjoint,1,324,9.445872136270783e-07,True,CONVERGED,float64,cuda:0
adjoint,2,327,9.709271086265695e-07,True,CONVERGED,float64,cuda:0
forward,0,331,9.95588555419863e-07,True,CONVERGED,float64,cuda:0
forward,1,341,9.433803907128229e-07,True,CONVERGED,float64,cuda:0
forward,2,338,8.991866060802257e-07,True,CONVERGED,float64,cuda:0
adjoint,0,331,9.385962475656971e-07,True,CONVERGED,float64,cuda:0
adjoint,1,324,9.352178868531171e-07,True,CONVERGED,float64,cuda:0
adjoint,2,327,9.734363880108536e-07,True,CONVERGED,float64,cuda:0
forward,0,331,9.887501217600225e-07,True,CONVERGED,float64,cuda:0
forward,1,341,9.393279907910546e-07,True,CONVERGED,float64,cuda:0
forward,2,338,9.056687623460272e-07,True,CONVERGED,float64,cuda:0
adjoint,0,331,9.169913890830515e-07,True,CONVERGED,float64,cuda:0
adjoint,1,324,9.458207692721706e-07,True,CONVERGED,float64,cuda:0
adjoint,2,327,9.728256382018074e-07,True,CONVERGED,float64,cuda:0
forward,0,331,9.82577707708373e-07,True,CONVERGED,float64,cuda:0
forward,1,341,9.371166901213293e-07,True,CONVERGED,float64,cuda:0
forward,2,338,9.067911096302682e-07,True,CONVERGED,float64,cuda:0
adjoint,0,331,9.054997539810713e-07,True,CONVERGED,float64,cuda:0
adjoint,1,324,9.486958527999612e-07,True,CONVERGED,float64,cuda:0
adjoint,2,327,9.715706025886231e-07,True,CONVERGED,float64,cuda:0
forward,0,331,9.877015018581673e-07,True,CONVERGED,float64,cuda:0
forward,1,341,9.398298440182567e-07,True,CONVERGED,float64,cuda:0
forward,2,338,9.027188008590632e-07,True,CONVERGED,float64,cuda:0
adjoint,0,331,9.240137721557255e-07,True,CONVERGED,float64,cuda:0
adjoint,1,324,9.421449398811235e-07,True,CONVERGED,float64,cuda:0
adjoint,2,327,9.73523549611956e-07,True,CONVERGED,float64,cuda:0
forward,0,331,9.894869469927132e-07,True,CONVERGED,float64,cuda:0
forward,1,341,9.399570394204166e-07,True,CONVERGED,float64,cuda:0
forward,2,338,9.036463023407988e-07,True,CONVERGED,float64,cuda:0
adjoint,0,331,9.26334816938531e-07,True,CONVERGED,float64,cuda:0
adjoint,1,324,9.433690690933729e-07,True,CONVERGED,float64,cuda:0
adjoint,2,327,9.753029209084964e-07,True,CONVERGED,float64,cuda:0
forward,0,331,9.860456095851087e-07,True,CONVERGED,float64,cuda:0
forward,1,341,9.387433625401378e-07,True,CONVERGED,float64,cuda:0
forward,2,338,9.046626084621998e-07,True,CONVERGED,float64,cuda:0
adjoint,0,331,9.150786040993115e-07,True,CONVERGED,float64,cuda:0
adjoint,1,324,9.457060848035941e-07,True,CONVERGED,float64,cuda:0
adjoint,2,327,9.724310960178658e-07,True,CONVERGED,float64,cuda:0
forward,0,331,9.842134608271731e-07,True,CONVERGED,float64,cuda:0
forward,1,341,9.370771104775732e-07,True,CONVERGED,float64,cuda:0
forward,2,338,9.07481714846373e-07,True,CONVERGED,float64,cuda:0
adjoint,0,331,9.083857767730431e-07,True,CONVERGED,float64,cuda:0
adjoint,1,324,9.49721793616656e-07,True,CONVERGED,float64,cuda:0
adjoint,2,327,9.732263731547403e-07,True,CONVERGED,float64,cuda:0
forward,0,331,9.904871737450627e-07,True,CONVERGED,float64,cuda:0
forward,1,341,9.408468323742833e-07,True,CONVERGED,float64,cuda:0
forward,2,338,9.02671313022304e-07,True,CONVERGED,float64,cuda:0
adjoint,0,331,9.298088281096555e-07,True,CONVERGED,float64,cuda:0
adjoint,1,324,9.408591364684072e-07,True,CONVERGED,float64,cuda:0
adjoint,2,327,9.75174672062981e-07,True,CONVERGED,float64,cuda:0
forward,0,331,9.908532650091273e-07,True,CONVERGED,float64,cuda:0
forward,1,341,9.413697205903873e-07,True,CONVERGED,float64,cuda:0
forward,2,338,9.011243823392718e-07,True,CONVERGED,float64,cuda:0
adjoint,0,331,9.327708958603027e-07,True,CONVERGED,float64,cuda:0
adjoint,1,324,9.381977691173497e-07,True,CONVERGED,float64,cuda:0
adjoint,2,327,9.74849059480126e-07,True,CONVERGED,float64,cuda:0
forward,0,331,9.856559771878258e-07,True,CONVERGED,float64,cuda:0
forward,1,341,9.384402510354866e-07,True,CONVERGED,float64,cuda:0
forward,2,338,9.050735937554641e-07,True,CONVERGED,float64,cuda:0
adjoint,0,331,9.112929846869601e-07,True,CONVERGED,float64,cuda:0
adjoint,1,324,9.452410357828324e-07,True,CONVERGED,float64,cuda:0
adjoint,2,327,9.700646298975377e-07,True,CONVERGED,float64,cuda:0
forward,0,331,9.851514069787773e-07,True,CONVERGED,float64,cuda:0
forward,1,341,9.37238826203502e-07,True,CONVERGED,float64,cuda:0
forward,2,338,9.077150052937859e-07,True,CONVERGED,float64,cuda:0
adjoint,0,331,9.034626215915979e-07,True,CONVERGED,float64,cuda:0
adjoint,1,324,9.49831798338091e-07,True,CONVERGED,float64,cuda:0
adjoint,2,327,9.706538333553172e-07,True,CONVERGED,float64,cuda:0
forward,0,331,9.917299999762625e-07,True,CONVERGED,float64,cuda:0
forward,1,341,9.417167132194275e-07,True,CONVERGED,float64,cuda:0
forward,2,338,9.006686944802263e-07,True,CONVERGED,float64,cuda:0
adjoint,0,331,9.24582997455658e-07,True,CONVERGED,float64,cuda:0
adjoint,1,324,9.379800708102967e-07,True,CONVERGED,float64,cuda:0
adjoint,2,327,9.69855428667127e-07,True,CONVERGED,float64,cuda:0
forward,0,331,9.89173486107269e-07,True,CONVERGED,float64,cuda:0
forward,1,341,9.392928242728876e-07,True,CONVERGED,float64,cuda:0
forward,2,338,9.041772158870924e-07,True,CONVERGED,float64,cuda:0
adjoint,0,331,9.169245779015265e-07,True,CONVERGED,float64,cuda:0
adjoint,1,324,9.434544807200013e-07,True,CONVERGED,float64,cuda:0
adjoint,2,327,9.710271167094363e-07,True,CONVERGED,float64,cuda:0
forward,0,331,9.867074442832816e-07,True,CONVERGED,float64,cuda:0
forward,1,341,9.378510544881431e-07,True,CONVERGED,float64,cuda:0
forward,2,338,9.071562428124099e-07,True,CONVERGED,float64,cuda:0
adjoint,0,331,9.074179019067966e-07,True,CONVERGED,float64,cuda:0
adjoint,1,324,9.481520993948294e-07,True,CONVERGED,float64,cuda:0
adjoint,2,327,9.711980066890495e-07,True,CONVERGED,float64,cuda:0
forward,0,331,9.901942772138995e-07,True,CONVERGED,float64,cuda:0
forward,1,341,9.405736207666738e-07,True,CONVERGED,float64,cuda:0
forward,2,338,9.02856740167769e-07,True,CONVERGED,float64,cuda:0
adjoint,0,331,9.261047222978683e-07,True,CONVERGED,float64,cuda:0
adjoint,1,324,9.404792981501722e-07,True,CONVERGED,float64,cuda:0
adjoint,2,327,9.737363869949344e-07,True,CONVERGED,float64,cuda:0
forward,0,331,9.908743092356937e-07,True,CONVERGED,float64,cuda:0
forward,1,341,9.410963981925332e-07,True,CONVERGED,float64,cuda:0
forward,2,338,9.006442515081368e-07,True,CONVERGED,float64,cuda:0
adjoint,0,331,9.318929249044965e-07,True,CONVERGED,float64,cuda:0
adjoint,1,324,9.375387124237855e-07,True,CONVERGED,float64,cuda:0
adjoint,2,327,9.745432907726269e-07,True,CONVERGED,float64,cuda:0
forward,0,331,9.843904048285106e-07,True,CONVERGED,float64,cuda:0
forward,1,341,9.37270745101636e-07,True,CONVERGED,float64,cuda:0
forward,2,338,9.067234213021091e-07,True,CONVERGED,float64,cuda:0
adjoint,0,331,9.092704697665798e-07,True,CONVERGED,float64,cuda:0
adjoint,1,324,9.480219685304234e-07,True,CONVERGED,float64,cuda:0
adjoint,2,327,9.728374105426834e-07,True,CONVERGED,float64,cuda:0
forward,0,331,9.85633841658969e-07,True,CONVERGED,float64,cuda:0
forward,1,341,9.37213307092092e-07,True,CONVERGED,float64,cuda:0
forward,2,338,9.073448067526111e-07,True,CONVERGED,float64,cuda:0
adjoint,0,331,9.09058580222443e-07,True,CONVERGED,float64,cuda:0
adjoint,1,324,9.492722007736889e-07,True,CONVERGED,float64,cuda:0
adjoint,2,327,9.731035174191557e-07,True,CONVERGED,float64,cuda:0
forward,0,331,9.923938482389608e-07,True,CONVERGED,float64,cuda:0
forward,1,341,9.411602087055536e-07,True,CONVERGED,float64,cuda:0
forward,2,338,9.004880785941583e-07,True,CONVERGED,float64,cuda:0
adjoint,0,331,9.322776426247749e-07,True,CONVERGED,float64,cuda:0
adjoint,1,324,9.385033037377458e-07,True,CONVERGED,float64,cuda:0
adjoint,2,327,9.740089705189574e-07,True,CONVERGED,float64,cuda:0
forward,0,331,9.898477805084454e-07,True,CONVERGED,float64,cuda:0
forward,1,341,9.391535467387334e-07,True,CONVERGED,float64,cuda:0
forward,2,338,9.041893800576302e-07,True,CONVERGED,float64,cuda:0
adjoint,0,331,9.215307293085549e-07,True,CONVERGED,float64,cuda:0
adjoint,1,324,9.441717949321701e-07,True,CONVERGED,float64,cuda:0
adjoint,2,327,9.737685412624904e-07,True,CONVERGED,float64,cuda:0
forward,0,331,9.849012918245762e-07,True,CONVERGED,float64,cuda:0
forward,1,341,9.364444332719232e-07,True,CONVERGED,float64,cuda:0
forward,2,338,9.101762325689375e-07,True,CONVERGED,float64,cuda:0
adjoint,0,331,9.065212698028031e-07,True,CONVERGED,float64,cuda:0
adjoint,1,324,9.527570173953891e-07,True,CONVERGED,float64,cuda:0
adjoint,2,327,9.750235811640723e-07,True,CONVERGED,float64,cuda:0
forward,0,331,9.918622080563992e-07,True,CONVERGED,float64,cuda:0
forward,1,341,9.415178438688826e-07,True,CONVERGED,float64,cuda:0
forward,2,338,8.9896532734501e-07,True,CONVERGED,float64,cuda:0
adjoint,0,331,9.396556305843674e-07,True,CONVERGED,float64,cuda:0
adjoint,1,324,9.351684364482572e-07,True,CONVERGED,float64,cuda:0
adjoint,2,327,9.74098668748222e-07,True,CONVERGED,float64,cuda:0
forward,0,331,9.895689959080635e-07,True,CONVERGED,float64,cuda:0
forward,1,341,9.402482797134945e-07,True,CONVERGED,float64,cuda:0
forward,2,338,9.016294481878559e-07,True,CONVERGED,float64,cuda:0
adjoint,0,331,9.275754179951336e-07,True,CONVERGED,float64,cuda:0
adjoint,1,324,9.391552717169402e-07,True,CONVERGED,float64,cuda:0
adjoint,2,327,9.730332911317905e-07,True,CONVERGED,float64,cuda:0
forward,0,331,9.819285597955766e-07,True,CONVERGED,float64,cuda:0
forward,1,341,9.354726825433759e-07,True,CONVERGED,float64,cuda:0
forward,2,338,9.092998280550584e-07,True,CONVERGED,float64,cuda:0
adjoint,0,331,9.006564998337651e-07,True,CONVERGED,float64,cuda:0
adjoint,1,324,9.525525668560474e-07,True,CONVERGED,float64,cuda:0
adjoint,2,327,9.715645458923007e-07,True,CONVERGED,float64,cuda:0
forward,0,331,9.885892834795648e-07,True,CONVERGED,float64,cuda:0
forward,1,341,9.389814959980453e-07,True,CONVERGED,float64,cuda:0
forward,2,338,9.040486465158291e-07,True,CONVERGED,float64,cuda:0
adjoint,0,331,9.179631502079451e-07,True,CONVERGED,float64,cuda:0
adjoint,1,324,9.433826000217036e-07,True,CONVERGED,float64,cuda:0
adjoint,2,327,9.709132483639416e-07,True,CONVERGED,float64,cuda:0
forward,0,331,9.93804165622026e-07,True,CONVERGED,float64,cuda:0
forward,1,341,9.413181790596817e-07,True,CONVERGED,float64,cuda:0
forward,2,338,9.007504502176304e-07,True,CONVERGED,float64,cuda:0
adjoint,0,331,9.348722224966646e-07,True,CONVERGED,float64,cuda:0
adjoint,1,324,9.381069226019962e-07,True,CONVERGED,float64,cuda:0
adjoint,2,327,9.730473089818098e-07,True,CONVERGED,float64,cuda:0
forward,0,331,9.872339217233564e-07,True,CONVERGED,float64,cuda:0
forward,1,341,9.381546892016585e-07,True,CONVERGED,float64,cuda:0
forward,2,338,9.054117429059239e-07,True,CONVERGED,float64,cuda:0
adjoint,0,331,9.169076149354296e-07,True,CONVERGED,float64,cuda:0
adjoint,1,324,9.448696059490492e-07,True,CONVERGED,float64,cuda:0
adjoint,2,327,9.722224326778549e-07,True,CONVERGED,float64,cuda:0
forward,0,331,9.845525881188269e-07,True,CONVERGED,float64,cuda:0
forward,1,341,9.371332351391395e-07,True,CONVERGED,float64,cuda:0
forward,2,338,9.065535900918912e-07,True,CONVERGED,float64,cuda:0
adjoint,0,331,9.12157323852072e-07,True,CONVERGED,float64,cuda:0
adjoint,1,324,9.466067763461615e-07,True,CONVERGED,float64,cuda:0
adjoint,2,327,9.725014970556427e-07,True,CONVERGED,float64,cuda:0
forward,0,331,9.886492782943384e-07,True,CONVERGED,float64,cuda:0
forward,1,341,9.399992187286015e-07,True,CONVERGED,float64,cuda:0
forward,2,338,9.00817625612706e-07,True,CONVERGED,float64,cuda:0
adjoint,0,331,9.256666592580699e-07,True,CONVERGED,float64,cuda:0
adjoint,1,324,9.379933462995971e-07,True,CONVERGED,float64,cuda:0
adjoint,2,327,9.717058297201269e-07,True,CONVERGED,float64,cuda:0
forward,0,331,9.867538693411712e-07,True,CONVERGED,float64,cuda:0
forward,1,341,9.378503498685053e-07,True,CONVERGED,float64,cuda:0
forward,2,338,9.04855267340103e-07,True,CONVERGED,float64,cuda:0
adjoint,0,331,9.162930984110797e-07,True,CONVERGED,float64,cuda:0
adjoint,1,324,9.445207472527984e-07,True,CONVERGED,float64,cuda:0
adjoint,2,327,9.712116922008184e-07,True,CONVERGED,float64,cuda:0
forward,0,331,9.882966354325845e-07,True,CONVERGED,float64,cuda:0
forward,1,341,9.370426158192173e-07,True,CONVERGED,float64,cuda:0
forward,2,338,9.085357811618138e-07,True,CONVERGED,float64,cuda:0
adjoint,0,331,9.091745445543945e-07,True,CONVERGED,float64,cuda:0
adjoint,1,324,9.498562412246137e-07,True,CONVERGED,float64,cuda:0
adjoint,2,327,9.727254731169356e-07,True,CONVERGED,float64,cuda:0
forward,0,331,9.949065811361496e-07,True,CONVERGED,float64,cuda:0
forward,1,341,9.417017757551338e-07,True,CONVERGED,float64,cuda:0
forward,2,338,9.005279431991527e-07,True,CONVERGED,float64,cuda:0
adjoint,0,331,9.365920338315468e-07,True,CONVERGED,float64,cuda:0
adjoint,1,324,9.373759105634367e-07,True,CONVERGED,float64,cuda:0
adjoint,2,327,9.736502093705477e-07,True,CONVERGED,float64,cuda:0
forward,0,331,9.908931334685846e-07,True,CONVERGED,float64,cuda:0
forward,1,341,9.396218389931721e-07,True,CONVERGED,float64,cuda:0
forward,2,338,9.020645088892534e-07,True,CONVERGED,float64,cuda:0
adjoint,0,331,9.246130573275769e-07,True,CONVERGED,float64,cuda:0
adjoint,1,324,9.400662881538665e-07,True,CONVERGED,float64,cuda:0
adjoint,2,327,9.724762131323432e-07,True,CONVERGED,float64,cuda:0
forward,0,331,9.83816988417776e-07,True,CONVERGED,float64,cuda:0
forward,1,341,9.351899359637944e-07,True,CONVERGED,float64,cuda:0
forward,2,338,9.125603673849528e-07,True,CONVERGED,float64,cuda:0
adjoint,0,331,9.017625644930069e-07,True,CONVERGED,float64,cuda:0
adjoint,1,324,9.56973806564551e-07,True,CONVERGED,float64,cuda:0
adjoint,2,327,9.743226616584386e-07,True,CONVERGED,float64,cuda:0
forward,0,331,9.925953695644065e-07,True,CONVERGED,float64,cuda:0
forward,1,341,9.406811505628516e-07,True,CONVERGED,float64,cuda:0
forward,2,338,8.995382499152982e-07,True,CONVERGED,float64,cuda:0
adjoint,0,331,9.358606207440554e-07,True,CONVERGED,float64,cuda:0
adjoint,1,324,9.366513797770455e-07,True,CONVERGED,float64,cuda:0
adjoint,2,327,9.740538939971772e-07,True,CONVERGED,float64,cuda:0
forward,0,331,9.919101495636027e-07,True,CONVERGED,float64,cuda:0
forward,1,341,9.39518778537311e-07,True,CONVERGED,float64,cuda:0
forward,2,338,9.027350990076681e-07,True,CONVERGED,float64,cuda:0
adjoint,0,331,9.328990566212339e-07,True,CONVERGED,float64,cuda:0
adjoint,1,324,9.409232373069049e-07,True,CONVERGED,float64,cuda:0
adjoint,2,327,9.760990029431454e-07,True,CONVERGED,float64,cuda:0
forward,0,331,9.857159279127123e-07,True,CONVERGED,float64,cuda:0
forward,1,341,9.36287324721242e-07,True,CONVERGED,float64,cuda:0
forward,2,338,9.077520812038022e-07,True,CONVERGED,float64,cuda:0
adjoint,0,331,9.114577718396861e-07,True,CONVERGED,float64,cuda:0
adjoint,1,324,9.492097020158196e-07,True,CONVERGED,float64,cuda:0
adjoint,2,327,9.745435834741938e-07,True,CONVERGED,float64,cuda:0
forward,0,331,9.882989872742773e-07,True,CONVERGED,float64,cuda:0
forward,1,341,9.374298296822054e-07,True,CONVERGED,float64,cuda:0
forward,2,338,9.064880125651625e-07,True,CONVERGED,float64,cuda:0
adjoint,0,331,9.179530752677019e-07,True,CONVERGED,float64,cuda:0
adjoint,1,324,9.471108553129354e-07,True,CONVERGED,float64,cuda:0
adjoint,2,327,9.7474889082056e-07,True,CONVERGED,float64,cuda:0
forward,0,331,9.919818652466447e-07,True,CONVERGED,float64,cuda:0
forward,1,341,9.402844377062479e-07,True,CONVERGED,float64,cuda:0
forward,2,338,9.013843894349371e-07,True,CONVERGED,float64,cuda:0
adjoint,0,331,9.345966350947108e-07,True,CONVERGED,float64,cuda:0
adjoint,1,324,9.390776385710592e-07,True,CONVERGED,float64,cuda:0
adjoint,2,327,9.75123709095824e-07,True,CONVERGED,float64,cuda:0
forward,0,331,9.881563143779542e-07,True,CONVERGED,float64,cuda:0
forward,1,341,9.380392520823191e-07,True,CONVERGED,float64,cuda:0
forward,2,338,9.056186381271994e-07,True,CONVERGED,float64,cuda:0
adjoint,0,331,9.236095954335515e-07,True,CONVERGED,float64,cuda:0
adjoint,1,324,9.449207848308537e-07,True,CONVERGED,float64,cuda:0
adjoint,2,327,9.7595844443169e-07,True,CONVERGED,float64,cuda:0
forward,0,331,9.86803400965812e-07,True,CONVERGED,float64,cuda:0
forward,1,341,9.37416866710727e-07,True,CONVERGED,float64,cuda:0
forward,2,338,9.055246416930448e-07,True,CONVERGED,float64,cuda:0
adjoint,0,331,9.185050835576451e-07,True,CONVERGED,float64,cuda:0
adjoint,1,324,9.454424543524644e-07,True,CONVERGED,float64,cuda:0
adjoint,2,327,9.733590543608235e-07,True,CONVERGED,float64,cuda:0
forward,0,331,9.873937006161498e-07,True,CONVERGED,float64,cuda:0
forward,1,341,9.381211801451785e-07,True,CONVERGED,float64,cuda:0
forward,2,338,9.044964836629474e-07,True,CONVERGED,float64,cuda:0
adjoint,0,331,9.20243292904608e-07,True,CONVERGED,float64,cuda:0
adjoint,1,324,9.437111405555537e-07,True,CONVERGED,float64,cuda:0
adjoint,2,327,9.727351086433898e-07,True,CONVERGED,float64,cuda:0
forward,0,331,9.873577061528352e-07,True,CONVERGED,float64,cuda:0
forward,1,341,9.381154352214978e-07,True,CONVERGED,float64,cuda:0
forward,2,338,9.041261976577352e-07,True,CONVERGED,float64,cuda:0
adjoint,0,331,9.204174673426401e-07,True,CONVERGED,float64,cuda:0
adjoint,1,324,9.431946723110935e-07,True,CONVERGED,float64,cuda:0
adjoint,2,327,9.72301902677268e-07,True,CONVERGED,float64,cuda:0
forward,0,331,9.876559257116593e-07,True,CONVERGED,float64,cuda:0
forward,1,341,9.378865015626426e-07,True,CONVERGED,float64,cuda:0
forward,2,338,9.056801295952994e-07,True,CONVERGED,float64,cuda:0
adjoint,0,331,9.169235863554319e-07,True,CONVERGED,float64,cuda:0
adjoint,1,324,9.452169194349067e-07,True,CONVERGED,float64,cuda:0
adjoint,2,327,9.730388575346352e-07,True,CONVERGED,float64,cuda:0
forward,0,331,9.896357084597586e-07,True,CONVERGED,float64,cuda:0
forward,1,341,9.38779638456652e-07,True,CONVERGED,float64,cuda:0
forward,2,338,9.050610846287084e-07,True,CONVERGED,float64,cuda:0
adjoint,0,331,9.23491857366517e-07,True,CONVERGED,float64,cuda:0
adjoint,1,324,9.434430327361347e-07,True,CONVERGED,float64,cuda:0
adjoint,2,327,9.740764366831014e-07,True,CONVERGED,float64,cuda:0
forward,0,331,9.921275122657607e-07,True,CONVERGED,float64,cuda:0
forward,1,341,9.404891166426965e-07,True,CONVERGED,float64,cuda:0
forward,2,338,9.02161049075505e-07,True,CONVERGED,float64,cuda:0
adjoint,0,331,9.315537750313529e-07,True,CONVERGED,float64,cuda:0
adjoint,1,324,9.390936632382125e-07,True,CONVERGED,float64,cuda:0
adjoint,2,327,9.739252026469899e-07,True,CONVERGED,float64,cuda:0
forward,0,331,9.873842170913698e-07,True,CONVERGED,float64,cuda:0
forward,1,341,9.383152053671246e-07,True,CONVERGED,float64,cuda:0
forward,2,338,9.034964217640835e-07,True,CONVERGED,float64,cuda:0
adjoint,0,331,9.192513691072506e-07,True,CONVERGED,float64,cuda:0
adjoint,1,324,9.424727699525528e-07,True,CONVERGED,float64,cuda:0
adjoint,2,327,9.718551409170147e-07,True,CONVERGED,float64,cuda:0
forward,0,331,9.83046030620247e-07,True,CONVERGED,float64,cuda:0
forward,1,341,9.35243898378243e-07,True,CONVERGED,float64,cuda:0
forward,2,338,9.112595331143369e-07,True,CONVERGED,float64,cuda:0
adjoint,0,331,9.025251394702539e-07,True,CONVERGED,float64,cuda:0
adjoint,1,324,9.546863070050101e-07,True,CONVERGED,float64,cuda:0
adjoint,2,327,9.741150670577145e-07,True,CONVERGED,float64,cuda:0
forward,0,331,9.928751334391565e-07,True,CONVERGED,float64,cuda:0
forward,1,341,9.416158358310212e-07,True,CONVERGED,float64,cuda:0
forward,2,338,8.989446315843774e-07,True,CONVERGED,float64,cuda:0
adjoint,0,331,9.377276651606531e-07,True,CONVERGED,float64,cuda:0
adjoint,1,324,9.346157010717256e-07,True,CONVERGED,float64,cuda:0
adjoint,2,327,9.738340319147035e-07,True,CONVERGED,float64,cuda:0
forward,0,331,9.893827738381587e-07,True,CONVERGED,float64,cuda:0
forward,1,341,9.39245392376814e-07,True,CONVERGED,float64,cuda:0
forward,2,338,9.01793278168343e-07,True,CONVERGED,float64,cuda:0
adjoint,0,331,9.263848084167846e-07,True,CONVERGED,float64,cuda:0
adjoint,1,324,9.396024565512534e-07,True,CONVERGED,float64,cuda:0
adjoint,2,327,9.731298185760684e-07,True,CONVERGED,float64,cuda:0
forward,0,331,9.81920880412021e-07,True,CONVERGED,float64,cuda:0
forward,1,341,9.346737368103631e-07,True,CONVERGED,float64,cuda:0
forward,2,338,9.141579964365214e-07,True,CONVERGED,float64,cuda:0
adjoint,0,331,9.009518850874713e-07,True,CONVERGED,float64,cuda:0
adjoint,1,324,9.59112190801882e-07,True,CONVERGED,float64,cuda:0
adjoint,2,327,9.765183070264726e-07,True,CONVERGED,float64,cuda:0
forward,0,331,9.957550403947366e-07,True,CONVERGED,float64,cuda:0
forward,1,341,9.422422886333557e-07,True,CONVERGED,float64,cuda:0
forward,2,338,8.989356606626218e-07,True,CONVERGED,float64,cuda:0
adjoint,0,331,9.469459092232181e-07,True,CONVERGED,float64,cuda:0
adjoint,1,324,9.340687479385501e-07,True,CONVERGED,float64,cuda:0
adjoint,2,327,9.762577094791709e-07,True,CONVERGED,float64,cuda:0
forward,0,331,9.955414271698236e-07,True,CONVERGED,float64,cuda:0
forward,1,341,9.419708497773116e-07,True,CONVERGED,float64,cuda:0
forward,2,338,8.978741909839662e-07,True,CONVERGED,float64,cuda:0
adjoint,0,331,9.490776789842698e-07,True,CONVERGED,float64,cuda:0
adjoint,1,324,9.329541693913362e-07,True,CONVERGED,float64,cuda:0
adjoint,2,327,9.760078449138178e-07,True,CONVERGED,float64,cuda:0
forward,0,331,9.798358942483385e-07,True,CONVERGED,float64,cuda:0
forward,1,341,9.335500331806627e-07,True,CONVERGED,float64,cuda:0
forward,2,338,9.126472353483896e-07,True,CONVERGED,float64,cuda:0
adjoint,0,331,8.994459419999372e-07,True,CONVERGED,float64,cuda:0
adjoint,1,324,9.573620466407295e-07,True,CONVERGED,float64,cuda:0
adjoint,2,327,9.74387974828721e-07,True,CONVERGED,float64,cuda:0
forward,0,331,9.868443962087976e-07,True,CONVERGED,float64,cuda:0
forward,1,341,9.368466496923715e-07,True,CONVERGED,float64,cuda:0
forward,2,338,9.065437936771186e-07,True,CONVERGED,float64,cuda:0
adjoint,0,331,9.165559912121832e-07,True,CONVERGED,float64,cuda:0
adjoint,1,324,9.464561557403835e-07,True,CONVERGED,float64,cuda:0
adjoint,2,327,9.740796157060547e-07,True,CONVERGED,float64,cuda:0
forward,0,331,9.989526749879294e-07,True,CONVERGED,float64,cuda:0
forward,1,341,9.434600479479392e-07,True,CONVERGED,float64,cuda:0
forward,2,338,8.964419963363324e-07,True,CONVERGED,float64,cuda:0
adjoint,0,331,9.616659794734546e-07,True,CONVERGED,float64,cuda:0
adjoint,1,324,9.309865733972081e-07,True,CONVERGED,float64,cuda:0
adjoint,2,327,9.749446252454369e-07,True,CONVERGED,float64,cuda:0
forward,0,331,9.892803672201132e-07,True,CONVERGED,float64,cuda:0
forward,1,341,9.368798163318168e-07,True,CONVERGED,float64,cuda:0
forward,2,338,9.076273925190835e-07,True,CONVERGED,float64,cuda:0
adjoint,0,331,9.22348323052077e-07,True,CONVERGED,float64,cuda:0
adjoint,1,324,9.478711051035195e-07,True,CONVERGED,float64,cuda:0
adjoint,2,327,9.765543254922624e-07,True,CONVERGED,float64,cuda:0
forward,0,331,9.844594680396746e-07,True,CONVERGED,float64,cuda:0
forward,1,341,9.344829124634979e-07,True,CONVERGED,float64,cuda:0
forward,2,338,9.111192354319019e-07,True,CONVERGED,float64,cuda:0
adjoint,0,331,9.082732614981937e-07,True,CONVERGED,float64,cuda:0
adjoint,1,324,9.536542815969555e-07,True,CONVERGED,float64,cuda:0
adjoint,2,327,9.758044523342264e-07,True,CONVERGED,float64,cuda:0
forward,0,331,9.9476491000998e-07,True,CONVERGED,float64,cuda:0
forward,1,341,9.411725577152023e-07,True,CONVERGED,float64,cuda:0
forward,2,338,8.981578544761509e-07,True,CONVERGED,float64,cuda:0
adjoint,0,331,9.514560065364161e-07,True,CONVERGED,float64,cuda:0
adjoint,1,324,9.345046356537354e-07,True,CONVERGED,float64,cuda:0
adjoint,2,327,9.750541895188987e-07,True,CONVERGED,float64,cuda:0
forward,0,331,9.888996769744052e-07,True,CONVERGED,float64,cuda:0
forward,1,341,9.37796607406288e-07,True,CONVERGED,float64,cuda:0
forward,2,338,9.045120077567711e-07,True,CONVERGED,float64,cuda:0
adjoint,0,331,9.317220317880334e-07,True,CONVERGED,float64,cuda:0
adjoint,1,324,9.429458256001844e-07,True,CONVERGED,float64,cuda:0
adjoint,2,327,9.775155575297214e-07,True,CONVERGED,float64,cuda:0
forward,0,331,9.836220554687832e-07,True,CONVERGED,float64,cuda:0
forward,1,341,9.343428694859257e-07,True,CONVERGED,float64,cuda:0
forward,2,338,9.097283714683247e-07,True,CONVERGED,float64,cuda:0
adjoint,0,331,9.119380230458607e-07,True,CONVERGED,float64,cuda:0
adjoint,1,324,9.516431276812674e-07,True,CONVERGED,float64,cuda:0
adjoint,2,327,9.761816553518034e-07,True,CONVERGED,float64,cuda:0
forward,0,331,9.898051832310393e-07,True,CONVERGED,float64,cuda:0
forward,1,341,9.377634093170926e-07,True,CONVERGED,float64,cuda:0
forward,2,338,9.032503236703962e-07,True,CONVERGED,float64,cuda:0
adjoint,0,331,9.310177521848129e-07,True,CONVERGED,float64,cuda:0
adjoint,1,324,9.422531799971749e-07,True,CONVERGED,float64,cuda:0
adjoint,2,327,9.75575437036594e-07,True,CONVERGED,float64,cuda:0
forward,0,331,9.915420043282742e-07,True,CONVERGED,float64,cuda:0
forward,1,341,9.38782064015911e-07,True,CONVERGED,float64,cuda:0
forward,2,338,9.037663141372379e-07,True,CONVERGED,float64,cuda:0
adjoint,0,331,9.333146581226333e-07,True,CONVERGED,float64,cuda:0
adjoint,1,324,9.419586452451428e-07,True,CONVERGED,float64,cuda:0
adjoint,2,327,9.761176262748644e-07,True,CONVERGED,float64,cuda:0
forward,0,331,9.88533115414249e-07,True,CONVERGED,float64,cuda:0
forward,1,341,9.369857533533788e-07,True,CONVERGED,float64,cuda:0
forward,2,338,9.0591014599221e-07,True,CONVERGED,float64,cuda:0
adjoint,0,331,9.250779860607034e-07,True,CONVERGED,float64,cuda:0
adjoint,1,324,9.452711164781873e-07,True,CONVERGED,float64,cuda:0
adjoint,2,327,9.754236633867707e-07,True,CONVERGED,float64,cuda:0
forward,0,331,9.878840347671347e-07,True,CONVERGED,float64,cuda:0
forward,1,341,9.369080973682044e-07,True,CONVERGED,float64,cuda:0
forward,2,338,9.054579278780195e-07,True,CONVERGED,float64,cuda:0
adjoint,0,331,9.22358560599725e-07,True,CONVERGED,float64,cuda:0
adjoint,1,324,9.447841134710897e-07,True,CONVERGED,float64,cuda:0
adjoint,2,327,9.737730197058842e-07,True,CONVERGED,float64,cuda:0
forward,0,331,9.870047335688533e-07,True,CONVERGED,float64,cuda:0
forward,1,341,9.37014471806583e-07,True,CONVERGED,float64,cuda:0
forward,2,338,9.050130812111246e-07,True,CONVERGED,float64,cuda:0
adjoint,0,331,9.227285559692031e-07,True,CONVERGED,float64,cuda:0
adjoint,1,324,9.437528991298365e-07,True,CONVERGED,float64,cuda:0
adjoint,2,327,9.736171597065629e-07,True,CONVERGED,float64,cuda:0
forward,0,331,9.89582583303466e-07,True,CONVERGED,float64,cuda:0
forward,1,341,9.374349834188037e-07,True,CONVERGED,float64,cuda:0
forward,2,338,9.059169963605104e-07,True,CONVERGED,float64,cuda:0
adjoint,0,331,9.255026951421606e-07,True,CONVERGED,float64,cuda:0
adjoint,1,324,9.446597204349425e-07,True,CONVERGED,float64,cuda:0
adjoint,2,327,9.747817389429529e-07,True,CONVERGED,float64,cuda:0
forward,0,331,9.911146488765886e-07,True,CONVERGED,float64,cuda:0
forward,1,341,9.392655868398276e-07,True,CONVERGED,float64,cuda:0
forward,2,338,9.016261066023076e-07,True,CONVERGED,float64,cuda:0
adjoint,0,331,9.302322780680003e-07,True,CONVERGED,float64,cuda:0
adjoint,1,324,9.384369030566288e-07,True,CONVERGED,float64,cuda:0
adjoint,2,327,9.734913814593672e-07,True,CONVERGED,float64,cuda:0
forward,0,331,9.873485682621887e-07,True,CONVERGED,float64,cuda:0
forward,1,341,9.361248870652947e-07,True,CONVERGED,float64,cuda:0
forward,2,338,9.080238643304772e-07,True,CONVERGED,float64,cuda:0
adjoint,0,331,9.132660925161053e-07,True,CONVERGED,float64,cuda:0
adjoint,1,324,9.482835653510894e-07,True,CONVERGED,float64,cuda:0
adjoint,2,327,9.74609391176145e-07,True,CONVERGED,float64,cuda:0
forward,0,331,9.884961360297636e-07,True,CONVERGED,float64,cuda:0
forward,1,341,9.370838795428912e-07,True,CONVERGED,float64,cuda:0
forward,2,338,9.056100181809031e-07,True,CONVERGED,float64,cuda:0
adjoint,0,331,9.213341737791835e-07,True,CONVERGED,float64,cuda:0
adjoint,1,324,9.445543675813275e-07,True,CONVERGED,float64,cuda:0
adjoint,2,327,9.743894401234777e-07,True,CONVERGED,float64,cuda:0
forward,0,331,9.920931685935185e-07,True,CONVERGED,float64,cuda:0
forward,1,341,9.395455898909956e-07,True,CONVERGED,float64,cuda:0
forward,2,338,9.018921505015082e-07,True,CONVERGED,float64,cuda:0
adjoint,0,331,9.298196103080314e-07,True,CONVERGED,float64,cuda:0
adjoint,1,324,9.389198743835137e-07,True,CONVERGED,float64,cuda:0
adjoint,2,327,9.7372464085816e-07,True,CONVERGED,float64,cuda:0
forward,0,331,9.877240205228412e-07,True,CONVERGED,float64,cuda:0
forward,1,341,9.366953876505162e-07,True,CONVERGED,float64,cuda:0
forward,2,338,9.071216394815696e-07,True,CONVERGED,float64,cuda:0
adjoint,0,331,9.175849508558663e-07,True,CONVERGED,float64,cuda:0
adjoint,1,324,9.4667667755602e-07,True,CONVERGED,float64,cuda:0
adjoint,2,327,9.75557169359281e-07,True,CONVERGED,float64,cuda:0
forward,0,331,9.868880661478703e-07,True,CONVERGED,float64,cuda:0
forward,1,341,9.367794487956063e-07,True,CONVERGED,float64,cuda:0
forward,2,338,9.062241445492621e-07,True,CONVERGED,float64,cuda:0
adjoint,0,331,9.220484192006806e-07,True,CONVERGED,float64,cuda:0
adjoint,1,324,9.449293102682845e-07,True,CONVERGED,float64,cuda:0
adjoint,2,327,9.763140098386854e-07,True,CONVERGED,float64,cuda:0
forward,0,331,9.904175461938816e-07,True,CONVERGED,float64,cuda:0
forward,1,341,9.393608148135329e-07,True,CONVERGED,float64,cuda:0
forward,2,338,9.008982072340715e-07,True,CONVERGED,float64,cuda:0
adjoint,0,331,9.321235714658281e-07,True,CONVERGED,float64,cuda:0
adjoint,1,324,9.371030306299279e-07,True,CONVERGED,float64,cuda:0
adjoint,2,327,9.744525390607029e-07,True,CONVERGED,float64,cuda:0
forward,0,331,9.859037153705384e-07,True,CONVERGED,float64,cuda:0
forward,1,341,9.364021878978369e-07,True,CONVERGED,float64,cuda:0
forward,2,338,9.068411318711541e-07,True,CONVERGED,float64,cuda:0
adjoint,0,331,9.162766870360489e-07,True,CONVERGED,float64,cuda:0
adjoint,1,324,9.45976708470919e-07,True,CONVERGED,float64,cuda:0
adjoint,2,327,9.74782620484227e-07,True,CONVERGED,float64,cuda:0
forward,0,331,9.88554816338773e-07,True,CONVERGED,float64,cuda:0
forward,1,341,9.371740833139977e-07,True,CONVERGED,float64,cuda:0
forward,2,338,9.064080192936469e-07,True,CONVERGED,float64,cuda:0
adjoint,0,331,9.166208996670317e-07,True,CONVERGED,float64,cuda:0
adjoint,1,324,9.45738771600461e-07,True,CONVERGED,float64,cuda:0
adjoint,2,327,9.734268289786125e-07,True,CONVERGED,float64,cuda:0
forward,0,331,9.911630491422065e-07,True,CONVERGED,float64,cuda:0
forward,1,341,9.389489065854937e-07,True,CONVERGED,float64,cuda:0
forward,2,338,9.02730084966337e-07,True,CONVERGED,float64,cuda:0
adjoint,0,331,9.259022063206927e-07,True,CONVERGED,float64,cuda:0
adjoint,1,324,9.400055966276361e-07,True,CONVERGED,float64,cuda:0
adjoint,2,327,9.734452103668294e-07,True,CONVERGED,float64,cuda:0
forward,0,331,9.88534958351328e-07,True,CONVERGED,float64,cuda:0
forward,1,341,9.375407972473786e-07,True,CONVERGED,float64,cuda:0
forward,2,338,9.053271431902804e-07,True,CONVERGED,float64,cuda:0
adjoint,0,331,9.194254919475011e-07,True,CONVERGED,float64,cuda:0
adjoint,1,324,9.437205088239282e-07,True,CONVERGED,float64,cuda:0
adjoint,2,327,9.73504055059775e-07,True,CONVERGED,float64,cuda:0
forward,0,331,9.877409316294209e-07,True,CONVERGED,float64,cuda:0
forward,1,341,9.365950107860959e-07,True,CONVERGED,float64,cuda:0
forward,2,338,9.070068985434425e-07,True,CONVERGED,float64,cuda:0
adjoint,0,331,9.149655553697071e-07,True,CONVERGED,float64,cuda:0
adjoint,1,324,9.462282377478739e-07,True,CONVERGED,float64,cuda:0
adjoint,2,327,9.738861542614931e-07,True,CONVERGED,float64,cuda:0
forward,0,331,9.899357232376242e-07,True,CONVERGED,float64,cuda:0
forward,1,341,9.390985180926798e-07,True,CONVERGED,float64,cuda:0
forward,2,338,9.021168725359808e-07,True,CONVERGED,float64,cuda:0
adjoint,0,331,9.267083421302478e-07,True,CONVERGED,float64,cuda:0
adjoint,1,324,9.382978389667929e-07,True,CONVERGED,float64,cuda:0
adjoint,2,327,9.741594371031176e-07,True,CONVERGED,float64,cuda:0
forward,0,331,9.871916334503753e-07,True,CONVERGED,float64,cuda:0
forward,1,341,9.367570410737689e-07,True,CONVERGED,float64,cuda:0
forward,2,338,9.070108721046046e-07,True,CONVERGED,float64,cuda:0
adjoint,0,331,9.186395443101581e-07,True,CONVERGED,float64,cuda:0
adjoint,1,324,9.454691756495713e-07,True,CONVERGED,float64,cuda:0
adjoint,2,327,9.75879831632684e-07,True,CONVERGED,float64,cuda:0
forward,0,331,9.89927498422754e-07,True,CONVERGED,float64,cuda:0
forward,1,341,9.388584734290763e-07,True,CONVERGED,float64,cuda:0
forward,2,338,9.024582834873416e-07,True,CONVERGED,float64,cuda:0
adjoint,0,331,9.276255432453369e-07,True,CONVERGED,float64,cuda:0
adjoint,1,324,9.389178561645868e-07,True,CONVERGED,float64,cuda:0
adjoint,2,327,9.748027966350822e-07,True,CONVERGED,float64,cuda:0
forward,0,331,9.872769567486758e-07,True,CONVERGED,float64,cuda:0
forward,1,341,9.365213786659637e-07,True,CONVERGED,float64,cuda:0
forward,2,338,9.063397707022971e-07,True,CONVERGED,float64,cuda:0
adjoint,0,331,9.176711527030433e-07,True,CONVERGED,float64,cuda:0
adjoint,1,324,9.454432104550666e-07,True,CONVERGED,float64,cuda:0
adjoint,2,327,9.74221668088589e-07,True,CONVERGED,float64,cuda:0
forward,0,331,9.873482100561403e-07,True,CONVERGED,float64,cuda:0
forward,1,341,9.366898386907755e-07,True,CONVERGED,float64,cuda:0
forward,2,338,9.052084490345492e-07,True,CONVERGED,float64,cuda:0
adjoint,0,331,9.193406157678818e-07,True,CONVERGED,float64,cuda:0
adjoint,1,324,9.440738687943994e-07,True,CONVERGED,float64,cuda:0
adjoint,2,327,9.734920206650927e-07,True,CONVERGED,float64,cuda:0
forward,0,331,9.905518652581514e-07,True,CONVERGED,float64,cuda:0
forward,1,341,9.375760047320386e-07,True,CONVERGED,float64,cuda:0
forward,2,338,9.063865576208113e-07,True,CONVERGED,float64,cuda:0
adjoint,0,331,9.248182133695514e-07,True,CONVERGED,float64,cuda:0
adjoint,1,324,9.452740353243288e-07,True,CONVERGED,float64,cuda:0
adjoint,2,327,9.765931923273858e-07,True,CONVERGED,float64,cuda:0
forward,0,331,9.909860825878005e-07,True,CONVERGED,float64,cuda:0
forward,1,341,9.388215873472972e-07,True,CONVERGED,float64,cuda:0
forward,2,338,9.025411976193859e-07,True,CONVERGED,float64,cuda:0
adjoint,0,331,9.331262416063067e-07,True,CONVERGED,float64,cuda:0
adjoint,1,324,9.393578858223382e-07,True,CONVERGED,float64,cuda:0
adjoint,2,327,9.767192894515343e-07,True,CONVERGED,float64,cuda:0
forward,0,331,9.880859221413163e-07,True,CONVERGED,float64,cuda:0
forward,1,341,9.368767967288987e-07,True,CONVERGED,float64,cuda:0
forward,2,338,9.059768879601218e-07,True,CONVERGED,float64,cuda:0
adjoint,0,331,9.249582448660565e-07,True,CONVERGED,float64,cuda:0
adjoint,1,324,9.446647843940305e-07,True,CONVERGED,float64,cuda:0
adjoint,2,327,9.764871411847293e-07,True,CONVERGED,float64,cuda:0
forward,0,331,9.85229895038474e-07,True,CONVERGED,float64,cuda:0
forward,1,341,9.360803751709544e-07,True,CONVERGED,float64,cuda:0
forward,2,338,9.06346197603167e-07,True,CONVERGED,float64,cuda:0
adjoint,0,331,9.20092086282248e-07,True,CONVERGED,float64,cuda:0
adjoint,1,324,9.455923863524292e-07,True,CONVERGED,float64,cuda:0
adjoint,2,327,9.757455705098937e-07,True,CONVERGED,float64,cuda:0
forward,0,331,9.876599753889961e-07,True,CONVERGED,float64,cuda:0
forward,1,341,9.371764311935e-07,True,CONVERGED,float64,cuda:0
forward,2,338,9.04145682861891e-07,True,CONVERGED,float64,cuda:0
adjoint,0,331,9.255624322547864e-07,True,CONVERGED,float64,cuda:0
adjoint,1,324,9.422467862450582e-07,True,CONVERGED,float64,cuda:0
adjoint,2,327,9.756725950876783e-07,True,CONVERGED,float64,cuda:0
forward,0,331,9.875370024861872e-07,True,CONVERGED,float64,cuda:0
forward,1,341,9.36763604184889e-07,True,CONVERGED,float64,cuda:0
forward,2,338,9.0508576965911e-07,True,CONVERGED,float64,cuda:0
adjoint,0,331,9.233669732966774e-07,True,CONVERGED,float64,cuda:0
adjoint,1,324,9.435759873831322e-07,True,CONVERGED,float64,cuda:0
adjoint,2,327,9.756403875082427e-07,True,CONVERGED,float64,cuda:0
forward,0,331,9.88203848818026e-07,True,CONVERGED,float64,cuda:0
forward,1,341,9.366775626011927e-07,True,CONVERGED,float64,cuda:0
forward,2,338,9.077069009708941e-07,True,CONVERGED,float64,cuda:0
adjoint,0,331,9.201017452458052e-07,True,CONVERGED,float64,cuda:0
adjoint,1,324,9.463948099338577e-07,True,CONVERGED,float64,cuda:0
adjoint,2,327,9.768998873470635e-07,True,CONVERGED,float64,cuda:0
forward,0,331,9.9476542116123e-07,True,CONVERGED,float64,cuda:0
forward,1,341,9.403692268202642e-07,True,CONVERGED,float64,cuda:0
forward,2,338,9.003427672848997e-07,True,CONVERGED,float64,cuda:0
adjoint,0,331,9.398228671958929e-07,True,CONVERGED,float64,cuda:0
adjoint,1,324,9.358410147906952e-07,True,CONVERGED,float64,cuda:0
adjoint,2,327,9.746606737745652e-07,True,CONVERGED,float64,cuda:0
forward,0,331,9.866336418275958e-07,True,CONVERGED,float64,cuda:0
forward,1,341,9.361798841711639e-07,True,CONVERGED,float64,cuda:0
forward,2,338,9.071222117355534e-07,True,CONVERGED,float64,cuda:0
adjoint,0,331,9.153074843797525e-07,True,CONVERGED,float64,cuda:0
adjoint,1,324,9.458958057277845e-07,True,CONVERGED,float64,cuda:0
adjoint,2,327,9.74197547786151e-07,True,CONVERGED,float64,cuda:0
forward,0,331,9.864633780474446e-07,True,CONVERGED,float64,cuda:0
forward,1,341,9.357006279314513e-07,True,CONVERGED,float64,cuda:0
forward,2,338,9.072490313402568e-07,True,CONVERGED,float64,cuda:0
adjoint,0,331,9.150072744025444e-07,True,CONVERGED,float64,cuda:0
adjoint,1,324,9.466263635547836e-07,True,CONVERGED,float64,cuda:0
adjoint,2,327,9.735556460085242e-07,True,CONVERGED,float64,cuda:0
forward,0,331,9.91711811456539e-07,True,CONVERGED,float64,cuda:0
forward,1,341,9.387332270948533e-07,True,CONVERGED,float64,cuda:0
forward,2,338,9.025353954959591e-07,True,CONVERGED,float64,cuda:0
adjoint,0,331,9.311960142434973e-07,True,CONVERGED,float64,cuda:0
adjoint,1,324,9.392383652290747e-07,True,CONVERGED,float64,cuda:0
adjoint,2,327,9.749290430270222e-07,True,CONVERGED,float64,cuda:0
forward,0,331,9.900763739570759e-07,True,CONVERGED,float64,cuda:0
forward,1,341,9.373107634605746e-07,True,CONVERGED,float64,cuda:0
forward,2,338,9.05303743851618e-07,True,CONVERGED,float64,cuda:0
adjoint,0,331,9.253425243174439e-07,True,CONVERGED,float64,cuda:0
adjoint,1,324,9.434321287586884e-07,True,CONVERGED,float64,cuda:0
adjoint,2,327,9.75569150063225e-07,True,CONVERGED,float64,cuda:0
forward,0,331,9.884284766712225e-07,True,CONVERGED,float64,cuda:0
forward,1,341,9.360684949124473e-07,True,CONVERGED,float64,cuda:0
forward,2,338,9.08034412438094e-07,True,CONVERGED,float64,cuda:0
adjoint,0,331,9.193304444390924e-07,True,CONVERGED,float64,cuda:0
adjoint,1,324,9.474577052394481e-07,True,CONVERGED,float64,cuda:0
adjoint,2,327,9.770676437025621e-07,True,CONVERGED,float64,cuda:0
forward,0,331,9.921867568091153e-07,True,CONVERGED,float64,cuda:0
forward,1,341,9.383745135151387e-07,True,CONVERGED,float64,cuda:0
forward,2,338,9.029928488688024e-07,True,CONVERGED,float64,cuda:0
adjoint,0,331,9.319700749698863e-07,True,CONVERGED,float64,cuda:0
adjoint,1,324,9.402697027545357e-07,True,CONVERGED,float64,cuda:0
adjoint,2,327,9.769978678529775e-07,True,CONVERGED,float64,cuda:0
forward,0,331,9.887052256513876e-07,True,CONVERGED,float64,cuda:0
forward,1,341,9.369317100480634e-07,True,CONVERGED,float64,cuda:0
forward,2,338,9.051274262737103e-07,True,CONVERGED,float64,cuda:0
adjoint,0,331,9.270287175924133e-07,True,CONVERGED,float64,cuda:0
adjoint,1,324,9.432854935324068e-07,True,CONVERGED,float64,cuda:0
adjoint,2,327,9.781343080265157e-07,True,CONVERGED,float64,cuda:0
forward,0,331,9.854403995721803e-07,True,CONVERGED,float64,cuda:0
forward,1,341,9.351034569534322e-07,True,CONVERGED,float64,cuda:0
forward,2,338,9.084628681555002e-07,True,CONVERGED,float64,cuda:0
adjoint,0,331,9.170921287243452e-07,True,CONVERGED,float64,cuda:0
adjoint,1,324,9.485827768881842e-07,True,CONVERGED,float64,cuda:0
adjoint,2,327,9.772561977038644e-07,True,CONVERGED,float64,cuda:0
forward,0,331,9.901185063857478e-07,True,CONVERGED,float64,cuda:0
forward,1,341,9.378347851638917e-07,True,CONVERGED,float64,cuda:0
forward,2,338,9.038058847766051e-07,True,CONVERGED,float64,cuda:0
adjoint,0,331,9.32459915857331e-07,True,CONVERGED,float64,cuda:0
adjoint,1,324,9.412912895325939e-07,True,CONVERGED,float64,cuda:0
adjoint,2,327,9.782627199766042e-07,True,CONVERGED,float64,cuda:0
forward,0,331,9.90964661962223e-07,True,CONVERGED,float64,cuda:0
forward,1,341,9.380358005213921e-07,True,CONVERGED,float64,cuda:0
forward,2,338,9.041423046720023e-07,True,CONVERGED,float64,cuda:0
adjoint,0,331,9.335258677182052e-07,True,CONVERGED,float64,cuda:0
adjoint,1,324,9.419389297009225e-07,True,CONVERGED,float64,cuda:0
adjoint,2,327,9.780968282388685e-07,True,CONVERGED,float64,cuda:0
forward,0,331,9.86919452343923e-07,True,CONVERGED,float64,cuda:0
forward,1,341,9.360398097818029e-07,True,CONVERGED,float64,cuda:0
forward,2,338,9.074779342936326e-07,True,CONVERGED,float64,cuda:0
adjoint,0,331,9.220124764905946e-07,True,CONVERGED,float64,cuda:0
adjoint,1,324,9.468739130364382e-07,True,CONVERGED,float64,cuda:0
adjoint,2,327,9.779207733372534e-07,True,CONVERGED,float64,cuda:0
forward,0,331,9.87156615550791e-07,True,CONVERGED,float64,cuda:0
forward,1,341,9.366347839541186e-07,True,CONVERGED,float64,cuda:0
forward,2,338,9.05013351069469e-07,True,CONVERGED,float64,cuda:0
adjoint,0,331,9.246902177720117e-07,True,CONVERGED,float64,cuda:0
adjoint,1,324,9.435950092429471e-07,True,CONVERGED,float64,cuda:0
adjoint,2,327,9.76739072357775e-07,True,CONVERGED,float64,cuda:0
forward,0,331,9.870950445912784e-07,True,CONVERGED,float64,cuda:0
forward,1,341,9.36559331411668e-07,True,CONVERGED,float64,cuda:0
forward,2,338,9.048087774361127e-07,True,CONVERGED,float64,cuda:0
adjoint,0,331,9.240970741559543e-07,True,CONVERGED,float64,cuda:0
adjoint,1,324,9.43080669731999e-07,True,CONVERGED,float64,cuda:0
adjoint,2,327,9.757487418909278e-07,True,CONVERGED,float64,cuda:0
forward,0,331,9.874005978405762e-07,True,CONVERGED,float64,cuda:0
forward,1,341,9.365149673678199e-07,True,CONVERGED,float64,cuda:0
forward,2,338,9.066230275518811e-07,True,CONVERGED,float64,cuda:0
adjoint,0,331,9.211310154210955e-07,True,CONVERGED,float64,cuda:0
adjoint,1,324,9.453399297048934e-07,True,CONVERGED,float64,cuda:0
adjoint,2,327,9.752936007338362e-07,True,CONVERGED,float64,cuda:0
forward,0,331,9.892182564187616e-07,True,CONVERGED,float64,cuda:0
forward,1,341,9.377846536690318e-07,True,CONVERGED,float64,cuda:0
forward,2,338,9.041894651236688e-07,True,CONVERGED,float64,cuda:0
adjoint,0,331,9.277424687537038e-07,True,CONVERGED,float64,cuda:0
adjoint,1,324,9.411562629506919e-07,True,CONVERGED,float64,cuda:0
adjoint,2,327,9.761836604397432e-07,True,CONVERGED,float64,cuda:0
forward,0,331,9.890917381730652e-07,True,CONVERGED,float64,cuda:0
forward,1,341,9.375086607805707e-07,True,CONVERGED,float64,cuda:0
forward,2,338,9.043595942499793e-07,True,CONVERGED,float64,cuda:0
adjoint,0,331,9.258075926292866e-07,True,CONVERGED,float64,cuda:0
adjoint,1,324,9.414112682369778e-07,True,CONVERGED,float64,cuda:0
adjoint,2,327,9.749790169402137e-07,True,CONVERGED,float64,cuda:0
forward,0,331,9.870094423131432e-07,True,CONVERGED,float64,cuda:0
forward,1,341,9.366369259089604e-07,True,CONVERGED,float64,cuda:0
forward,2,338,9.061253337142339e-07,True,CONVERGED,float64,cuda:0
adjoint,0,331,9.182425179451622e-07,True,CONVERGED,float64,cuda:0
adjoint,1,324,9.442083303605505e-07,True,CONVERGED,float64,cuda:0
adjoint,2,327,9.742124575994707e-07,True,CONVERGED,float64,cuda:0
forward,0,331,9.86640254051534e-07,True,CONVERGED,float64,cuda:0
forward,1,341,9.366447724178577e-07,True,CONVERGED,float64,cuda:0
forward,2,338,9.055415110118309e-07,True,CONVERGED,float64,cuda:0
adjoint,0,331,9.198675976804355e-07,True,CONVERGED,float64,cuda:0
adjoint,1,324,9.431632306745556e-07,True,CONVERGED,float64,cuda:0
adjoint,2,327,9.736708147694599e-07,True,CONVERGED,float64,cuda:0
forward,0,331,9.888992424514527e-07,True,CONVERGED,float64,cuda:0
forward,1,341,9.374631372173169e-07,True,CONVERGED,float64,cuda:0
forward,2,338,9.043895901937861e-07,True,CONVERGED,float64,cuda:0
adjoint,0,331,9.245359113810109e-07,True,CONVERGED,float64,cuda:0
adjoint,1,324,9.411421993346552e-07,True,CONVERGED,float64,cuda:0
adjoint,2,327,9.742529935153353e-07,True,CONVERGED,float64,cuda:0
forward,0,331,9.903935231466576e-07,True,CONVERGED,float64,cuda:0
forward,1,341,9.374601898032033e-07,True,CONVERGED,float64,cuda:0
forward,2,338,9.050460502466494e-07,True,CONVERGED,float64,cuda:0
adjoint,0,331,9.249637943689424e-07,True,CONVERGED,float64,cuda:0
adjoint,1,324,9.424612858233857e-07,True,CONVERGED,float64,cuda:0
adjoint,2,327,9.747534704504622e-07,True,CONVERGED,float64,cuda:0
forward,0,331,9.880920467196194e-07,True,CONVERGED,float64,cuda:0
forward,1,341,9.367561295502645e-07,True,CONVERGED,float64,cuda:0
forward,2,338,9.056938230993264e-07,True,CONVERGED,float64,cuda:0
adjoint,0,331,9.209230265099005e-07,True,CONVERGED,float64,cuda:0
adjoint,1,324,9.436733893472985e-07,True,CONVERGED,float64,cuda:0
adjoint,2,327,9.749843372958053e-07,True,CONVERGED,float64,cuda:0
forward,0,331,9.863901613029333e-07,True,CONVERGED,float64,cuda:0
forward,1,341,9.361211585085576e-07,True,CONVERGED,float64,cuda:0
forward,2,338,9.054479734874782e-07,True,CONVERGED,float64,cuda:0
adjoint,0,331,9.200870445201769e-07,True,CONVERGED,float64,cuda:0
adjoint,1,324,9.433681411120384e-07,True,CONVERGED,float64,cuda:0
adjoint,2,327,9.757537357108479e-07,True,CONVERGED,float64,cuda:0
forward,0,331,9.890864724795763e-07,True,CONVERGED,float64,cuda:0
forward,1,341,9.36106033464777e-07,True,CONVERGED,float64,cuda:0
forward,2,338,9.079321654896516e-07,True,CONVERGED,float64,cuda:0
adjoint,0,331,9.23487117319123e-07,True,CONVERGED,float64,cuda:0
adjoint,1,324,9.464730268911487e-07,True,CONVERGED,float64,cuda:0
adjoint,2,327,9.78999856012997e-07,True,CONVERGED,float64,cuda:0
forward,0,331,9.950593515751822e-07,True,CONVERGED,float64,cuda:0
forward,1,341,9.396766370058199e-07,True,CONVERGED,float64,cuda:0
forward,2,338,9.01033715317736e-07,True,CONVERGED,float64,cuda:0
adjoint,0,331,9.428789674419e-07,True,CONVERGED,float64,cuda:0
adjoint,1,324,9.36769055513104e-07,True,CONVERGED,float64,cuda:0
adjoint,2,327,9.781888865951833e-07,True,CONVERGED,float64,cuda:0
forward,0,331,9.877651528936057e-07,True,CONVERGED,float64,cuda:0
forward,1,341,9.358689908683283e-07,True,CONVERGED,float64,cuda:0
forward,2,338,9.075827454959372e-07,True,CONVERGED,float64,cuda:0
adjoint,0,331,9.242150859015845e-07,True,CONVERGED,float64,cuda:0
adjoint,1,324,9.463619861110618e-07,True,CONVERGED,float64,cuda:0
adjoint,2,327,9.78440374599631e-07,True,CONVERGED,float64,cuda:0
forward,0,331,9.850800796481913e-07,True,CONVERGED,float64,cuda:0
forward,1,341,9.348970650832958e-07,True,CONVERGED,float64,cuda:0
forward,2,338,9.082762563057217e-07,True,CONVERGED,float64,cuda:0
adjoint,0,331,9.201960160948403e-07,True,CONVERGED,float64,cuda:0
adjoint,1,324,9.473924343325913e-07,True,CONVERGED,float64,cuda:0
adjoint,2,327,9.787682678401835e-07,True,CONVERGED,float64,cuda:0
forward,0,331,9.921126535750401e-07,True,CONVERGED,float64,cuda:0
forward,1,341,9.389828178875105e-07,True,CONVERGED,float64,cuda:0
forward,2,338,9.011719305571678e-07,True,CONVERGED,float64,cuda:0
adjoint,0,331,9.398545744272203e-07,True,CONVERGED,float64,cuda:0
adjoint,1,324,9.372249014154361e-07,True,CONVERGED,float64,cuda:0
adjoint,2,327,9.772480494881619e-07,True,CONVERGED,float64,cuda:0
forward,0,331,9.8625192067898e-07,True,CONVERGED,float64,cuda:0
forward,1,341,9.356109902505392e-07,True,CONVERGED,float64,cuda:0
forward,2,338,9.066476072403163e-07,True,CONVERGED,float64,cuda:0
adjoint,0,331,9.212011743287016e-07,True,CONVERGED,float64,cuda:0
adjoint,1,324,9.459714457192974e-07,True,CONVERGED,float64,cuda:0
adjoint,2,327,9.76510827292851e-07,True,CONVERGED,float64,cuda:0
forward,0,331,9.851670431707952e-07,True,CONVERGED,float64,cuda:0
forward,1,341,9.341319058988705e-07,True,CONVERGED,float64,cuda:0
forward,2,338,9.106654367542234e-07,True,CONVERGED,float64,cuda:0
adjoint,0,331,9.120345821336192e-07,True,CONVERGED,float64,cuda:0
adjoint,1,324,9.519043473174186e-07,True,CONVERGED,float64,cuda:0
adjoint,2,327,9.774957835934684e-07,True,CONVERGED,float64,cuda:0
forward,0,331,9.93256614679768e-07,True,CONVERGED,float64,cuda:0
forward,1,341,9.392269278195482e-07,True,CONVERGED,float64,cuda:0
forward,2,338,9.020154601364932e-07,True,CONVERGED,float64,cuda:0
adjoint,0,331,9.432423153759661e-07,True,CONVERGED,float64,cuda:0
adjoint,1,324,9.381256566850604e-07,True,CONVERGED,float64,cuda:0
adjoint,2,327,9.78296828970612e-07,True,CONVERGED,float64,cuda:0
forward,0,331,9.91790524290442e-07,True,CONVERGED,float64,cuda:0
forward,1,341,9.387299825327001e-07,True,CONVERGED,float64,cuda:0
forward,2,338,9.019985466168788e-07,True,CONVERGED,float64,cuda:0
adjoint,0,331,9.419052391001185e-07,True,CONVERGED,float64,cuda:0
adjoint,1,324,9.376323780289403e-07,True,CONVERGED,float64,cuda:0
adjoint,2,327,9.782549765666449e-07,True,CONVERGED,float64,cuda:0
forward,0,331,9.848937461108544e-07,True,CONVERGED,float64,cuda:0
forward,1,341,9.343665248707379e-07,True,CONVERGED,float64,cuda:0
forward,2,338,9.119267608582908e-07,True,CONVERGED,float64,cuda:0
adjoint,0,331,9.133239004410687e-07,True,CONVERGED,float64,cuda:0
adjoint,1,324,9.524859047106508e-07,True,CONVERGED,float64,cuda:0
adjoint,2,327,9.790188427709222e-07,True,CONVERGED,float64,cuda:0
forward,0,331,9.903015730139237e-07,True,CONVERGED,float64,cuda:0
forward,1,341,9.383168378249423e-07,True,CONVERGED,float64,cuda:0
forward,2,338,9.009038047623704e-07,True,CONVERGED,float64,cuda:0
adjoint,0,331,9.384909186944725e-07,True,CONVERGED,float64,cuda:0
adjoint,1,324,9.368982452357805e-07,True,CONVERGED,float64,cuda:0
adjoint,2,327,9.7549389033654e-07,True,CONVERGED,float64,cuda:0
forward,0,331,9.880271867348757e-07,True,CONVERGED,float64,cuda:0
forward,1,341,9.36364201385021e-07,True,CONVERGED,float64,cuda:0
forward,2,338,9.057659123309402e-07,True,CONVERGED,float64,cuda:0
adjoint,0,331,9.253739172690852e-07,True,CONVERGED,float64,cuda:0
adjoint,1,324,9.439200360667e-07,True,CONVERGED,float64,cuda:0
adjoint,2,327,9.767357068862879e-07,True,CONVERGED,float64,cuda:0
forward,0,331,9.852407543753103e-07,True,CONVERGED,float64,cuda:0
forward,1,341,9.344458004273066e-07,True,CONVERGED,float64,cuda:0
forward,2,338,9.08610063449136e-07,True,CONVERGED,float64,cuda:0
adjoint,0,331,9.137857342991367e-07,True,CONVERGED,float64,cuda:0
adjoint,1,324,9.488479291436561e-07,True,CONVERGED,float64,cuda:0
adjoint,2,327,9.765337211807947e-07,True,CONVERGED,float64,cuda:0
forward,0,331,9.907576195513547e-07,True,CONVERGED,float64,cuda:0
forward,1,341,9.37090654796678e-07,True,CONVERGED,float64,cuda:0
forward,2,338,9.05413025830053e-07,True,CONVERGED,float64,cuda:0
adjoint,0,331,9.28030722027081e-07,True,CONVERGED,float64,cuda:0
adjoint,1,324,9.437607223288898e-07,True,CONVERGED,float64,cuda:0
adjoint,2,327,9.768875032166342e-07,True,CONVERGED,float64,cuda:0
forward,0,331,9.929856004768384e-07,True,CONVERGED,float64,cuda:0
forward,1,341,9.382443624118124e-07,True,CONVERGED,float64,cuda:0
forward,2,338,9.036503145236662e-07,True,CONVERGED,float64,cuda:0
adjoint,0,331,9.378082181535585e-07,True,CONVERGED,float64,cuda:0
adjoint,1,324,9.403552262626215e-07,True,CONVERGED,float64,cuda:0
adjoint,2,327,9.79057385438063e-07,True,CONVERGED,float64,cuda:0
forward,0,331,9.877368415189216e-07,True,CONVERGED,float64,cuda:0
forward,1,341,9.355598328959867e-07,True,CONVERGED,float64,cuda:0
forward,2,338,9.078776716043735e-07,True,CONVERGED,float64,cuda:0
adjoint,0,331,9.272279873944254e-07,True,CONVERGED,float64,cuda:0
adjoint,1,324,9.460254945677449e-07,True,CONVERGED,float64,cuda:0
adjoint,2,327,9.807092704428093e-07,True,CONVERGED,float64,cuda:0
forward,0,331,9.892263339443101e-07,True,CONVERGED,float64,cuda:0
forward,1,341,9.368394292081514e-07,True,CONVERGED,float64,cuda:0
forward,2,338,9.035293863966073e-07,True,CONVERGED,float64,cuda:0
adjoint,0,331,9.320218697846957e-07,True,CONVERGED,float64,cuda:0
adjoint,1,324,9.405815458598411e-07,True,CONVERGED,float64,cuda:0
adjoint,2,327,9.779690379683944e-07,True,CONVERGED,float64,cuda:0
forward,0,331,9.846365396956774e-07,True,CONVERGED,float64,cuda:0
forward,1,341,9.347900538376915e-07,True,CONVERGED,float64,cuda:0
forward,2,338,9.071373483267433e-07,True,CONVERGED,float64,cuda:0
adjoint,0,331,9.233613790887352e-07,True,CONVERGED,float64,cuda:0
adjoint,1,324,9.453196544251679e-07,True,CONVERGED,float64,cuda:0
adjoint,2,327,9.789259886271992e-07,True,CONVERGED,float64,cuda:0
forward,0,331,9.882607538276447e-07,True,CONVERGED,float64,cuda:0
forward,1,341,9.360751578632735e-07,True,CONVERGED,float64,cuda:0
forward,2,338,9.046943972838223e-07,True,CONVERGED,float64,cuda:0
adjoint,0,331,9.258528624303683e-07,True,CONVERGED,float64,cuda:0
adjoint,1,324,9.424975359872398e-07,True,CONVERGED,float64,cuda:0
adjoint,2,327,9.76203963693341e-07,True,CONVERGED,float64,cuda:0
forward,0,331,9.889683332776894e-07,True,CONVERGED,float64,cuda:0
forward,1,341,9.357868411061946e-07,True,CONVERGED,float64,cuda:0
forward,2,338,9.072584027213656e-07,True,CONVERGED,float64,cuda:0
adjoint,0,331,9.223975739681618e-07,True,CONVERGED,float64,cuda:0
adjoint,1,324,9.458031959146046e-07,True,CONVERGED,float64,cuda:0
adjoint,2,327,9.77075331621163e-07,True,CONVERGED,float64,cuda:0
forward,0,331,9.910083366475993e-07,True,CONVERGED,float64,cuda:0
forward,1,341,9.370784936931304e-07,True,CONVERGED,float64,cuda:0
forward,2,338,9.044481559475811e-07,True,CONVERGED,float64,cuda:0
adjoint,0,331,9.284933196683042e-07,True,CONVERGED,float64,cuda:0
adjoint,1,324,9.416345112791502e-07,True,CONVERGED,float64,cuda:0
adjoint,2,327,9.762338838722435e-07,True,CONVERGED,float64,cuda:0
forward,0,331,9.890471063562061e-07,True,CONVERGED,float64,cuda:0
forward,1,341,9.364532042383091e-07,True,CONVERGED,float64,cuda:0
forward,2,338,9.059294401726907e-07,True,CONVERGED,float64,cuda:0
adjoint,0,331,9.256917840253494e-07,True,CONVERGED,float64,cuda:0
adjoint,1,324,9.430079070988262e-07,True,CONVERGED,float64,cuda:0
adjoint,2,327,9.769389526606476e-07,True,CONVERGED,float64,cuda:0
forward,0,331,9.890652528339733e-07,True,CONVERGED,float64,cuda:0
forward,1,341,9.366580530515343e-07,True,CONVERGED,float64,cuda:0
forward,2,338,9.052663212338886e-07,True,CONVERGED,float64,cuda:0
adjoint,0,331,9.268685556316912e-07,True,CONVERGED,float64,cuda:0
adjoint,1,324,9.421842686723682e-07,True,CONVERGED,float64,cuda:0
adjoint,2,327,9.76910798099566e-07,True,CONVERGED,float64,cuda:0
forward,0,331,9.877910215481756e-07,True,CONVERGED,float64,cuda:0
forward,1,341,9.364280182683406e-07,True,CONVERGED,float64,cuda:0
forward,2,338,9.05223184308892e-07,True,CONVERGED,float64,cuda:0
adjoint,0,331,9.266326905703713e-07,True,CONVERGED,float64,cuda:0
adjoint,1,324,9.419810770191341e-07,True,CONVERGED,float64,cuda:0
adjoint,2,327,9.774402973681719e-07,True,CONVERGED,float64,cuda:0
forward,0,331,9.859829523665346e-07,True,CONVERGED,float64,cuda:0
forward,1,341,9.357439849328049e-07,True,CONVERGED,float64,cuda:0
forward,2,338,9.059320701946977e-07,True,CONVERGED,float64,cuda:0
adjoint,0,331,9.23994746867563e-07,True,CONVERGED,float64,cuda:0
adjoint,1,324,9.43172626214028e-07,True,CONVERGED,float64,cuda:0
adjoint,2,327,9.768424681277497e-07,True,CONVERGED,float64,cuda:0
forward,0,331,9.87115707634216e-07,True,CONVERGED,float64,cuda:0
forward,1,341,9.359249535962439e-07,True,CONVERGED,float64,cuda:0
forward,2,338,9.055601392795783e-07,True,CONVERGED,float64,cuda:0
adjoint,0,331,9.239574141468778e-07,True,CONVERGED,float64,cuda:0
adjoint,1,324,9.432564640590467e-07,True,CONVERGED,float64,cuda:0
adjoint,2,327,9.759971766947684e-07,True,CONVERGED,float64,cuda:0
forward,0,331,9.871122641297564e-07,True,CONVERGED,float64,cuda:0
forward,1,341,9.359326472310174e-07,True,CONVERGED,float64,cuda:0
forward,2,338,9.046422420195e-07,True,CONVERGED,float64,cuda:0
adjoint,0,331,9.232726265226956e-07,True,CONVERGED,float64,cuda:0
adjoint,1,324,9.42483310482761e-07,True,CONVERGED,float64,cuda:0
adjoint,2,327,9.757226066725015e-07,True,CONVERGED,float64,cuda:0
forward,0,331,9.871975193617386e-07,True,CONVERGED,float64,cuda:0
forward,1,341,9.348942542826061e-07,True,CONVERGED,float64,cuda:0
forward,2,338,9.098160167810662e-07,True,CONVERGED,float64,cuda:0
adjoint,0,331,9.162440988811767e-07,True,CONVERGED,float64,cuda:0
adjoint,1,324,9.496254289338599e-07,True,CONVERGED,float64,cuda:0
adjoint,2,327,9.788792410797639e-07,True,CONVERGED,float64,cuda:0
forward,0,331,9.930869089123888e-07,True,CONVERGED,float64,cuda:0
forward,1,341,9.384471324243786e-07,True,CONVERGED,float64,cuda:0
forward,2,338,9.030386961775804e-07,True,CONVERGED,float64,cuda:0
adjoint,0,331,9.409521882027351e-07,True,CONVERGED,float64,cuda:0
adjoint,1,324,9.387278709110301e-07,True,CONVERGED,float64,cuda:0
adjoint,2,327,9.800305773480924e-07,True,CONVERGED,float64,cuda:0
forward,0,331,9.922126228891646e-07,True,CONVERGED,float64,cuda:0
forward,1,341,9.383022311796977e-07,True,CONVERGED,float64,cuda:0
forward,2,338,9.025624732692906e-07,True,CONVERGED,float64,cuda:0
adjoint,0,331,9.401658352839566e-07,True,CONVERGED,float64,cuda:0
adjoint,1,324,9.379878465007603e-07,True,CONVERGED,float64,cuda:0
adjoint,2,327,9.797313383449977e-07,True,CONVERGED,float64,cuda:0
forward,0,331,9.84113072850112e-07,True,CONVERGED,float64,cuda:0
forward,1,341,9.344435115464979e-07,True,CONVERGED,float64,cuda:0
forward,2,338,9.10705361372369e-07,True,CONVERGED,float64,cuda:0
adjoint,0,331,9.158117312316508e-07,True,CONVERGED,float64,cuda:0
adjoint,1,324,9.497948447122243e-07,True,CONVERGED,float64,cuda:0
adjoint,2,327,9.801945563890013e-07,True,CONVERGED,float64,cuda:0
forward,0,331,9.891581145379353e-07,True,CONVERGED,float64,cuda:0
forward,1,341,9.37366822663037e-07,True,CONVERGED,float64,cuda:0
forward,2,338,9.024451729133131e-07,True,CONVERGED,float64,cuda:0
adjoint,0,331,9.339064993467288e-07,True,CONVERGED,float64,cuda:0
adjoint,1,324,9.385380113562033e-07,True,CONVERGED,float64,cuda:0
adjoint,2,327,9.769426918957446e-07,True,CONVERGED,float64,cuda:0
forward,0,331,9.875428401699464e-07,True,CONVERGED,float64,cuda:0
forward,1,341,9.362918399304298e-07,True,CONVERGED,float64,cuda:0
forward,2,338,9.036145314076092e-07,True,CONVERGED,float64,cuda:0
adjoint,0,331,9.248399187913373e-07,True,CONVERGED,float64,cuda:0
adjoint,1,324,9.41476512033659e-07,True,CONVERGED,float64,cuda:0
adjoint,2,327,9.744311174896654e-07,True,CONVERGED,float64,cuda:0
forward,0,331,9.817598664460973e-07,True,CONVERGED,float64,cuda:0
forward,1,341,9.327594511006284e-07,True,CONVERGED,float64,cuda:0
forward,2,338,9.146519072572074e-07,True,CONVERGED,float64,cuda:0
adjoint,0,331,9.024747674351405e-07,True,CONVERGED,float64,cuda:0
adjoint,1,324,9.584163701320657e-07,True,CONVERGED,float64,cuda:0
adjoint,2,327,9.779806348112575e-07,True,CONVERGED,float64,cuda:0
forward,0,331,9.975882721628357e-07,True,CONVERGED,float64,cuda:0
forward,1,341,9.403712028409932e-07,True,CONVERGED,float64,cuda:0
forward,2,338,9.003822076173063e-07,True,CONVERGED,float64,cuda:0
adjoint,0,331,9.668106021092091e-07,True,CONVERGED,float64,cuda:0
adjoint,1,324,9.350533651297807e-07,True,CONVERGED,float64,cuda:0
adjoint,2,327,9.800334016679396e-07,True,CONVERGED,float64,cuda:0
forward,0,331,9.970199465178354e-07,True,CONVERGED,float64,cuda:0
forward,1,341,9.406919740865326e-07,True,CONVERGED,float64,cuda:0
forward,2,338,8.993668255377625e-07,True,CONVERGED,float64,cuda:0
adjoint,0,331,9.712688444308183e-07,True,CONVERGED,float64,cuda:0
adjoint,1,324,9.327826733223899e-07,True,CONVERGED,float64,cuda:0
adjoint,2,327,9.812960432922367e-07,True,CONVERGED,float64,cuda:0
forward,0,331,9.83135751886209e-07,True,CONVERGED,float64,cuda:0
forward,1,341,9.330020489057376e-07,True,CONVERGED,float64,cuda:0
forward,2,338,9.13414778087883e-07,True,CONVERGED,float64,cuda:0
adjoint,0,331,9.134114769427502e-07,True,CONVERGED,float64,cuda:0
adjoint,1,324,9.540062952107803e-07,True,CONVERGED,float64,cuda:0
adjoint,2,327,9.821079110202065e-07,True,CONVERGED,float64,cuda:0
forward,0,331,9.879266599267122e-07,True,CONVERGED,float64,cuda:0
forward,1,341,9.358232457053406e-07,True,CONVERGED,float64,cuda:0
forward,2,338,9.04557074259069e-07,True,CONVERGED,float64,cuda:0
adjoint,0,331,9.343088918687832e-07,True,CONVERGED,float64,cuda:0
adjoint,1,324,9.416580783936361e-07,True,CONVERGED,float64,cuda:0
adjoint,2,327,9.804637594170095e-07,True,CONVERGED,float64,cuda:0
forward,0,331,9.918682423968847e-07,True,CONVERGED,float64,cuda:0
forward,1,341,9.379775372337514e-07,True,CONVERGED,float64,cuda:0
forward,2,338,9.002925437925418e-07,True,CONVERGED,float64,cuda:0
adjoint,0,331,9.467356183640979e-07,True,CONVERGED,float64,cuda:0
adjoint,1,324,9.366162206971817e-07,True,CONVERGED,float64,cuda:0
adjoint,2,327,9.787059548002213e-07,True,CONVERGED,float64,cuda:0
forward,0,331,9.82063428156359e-07,True,CONVERGED,float64,cuda:0
forward,1,341,9.318633149874631e-07,True,CONVERGED,float64,cuda:0
forward,2,338,9.123972159584942e-07,True,CONVERGED,float64,cuda:0
adjoint,0,331,9.086877325253141e-07,True,CONVERGED,float64,cuda:0
adjoint,1,324,9.54508762697775e-07,True,CONVERGED,float64,cuda:0
adjoint,2,327,9.79208287342959e-07,True,CONVERGED,float64,cuda:0
forward,0,331,9.899616161073328e-07,True,CONVERGED,float64,cuda:0
forward,1,341,9.348172002299142e-07,True,CONVERGED,float64,cuda:0
forward,2,338,9.081485773721245e-07,True,CONVERGED,float64,cuda:0
adjoint,0,331,9.274724833633468e-07,True,CONVERGED,float64,cuda:0
adjoint,1,324,9.476257513227255e-07,True,CONVERGED,float64,cuda:0
adjoint,2,327,9.804165533160405e-07,True,CONVERGED,float64,cuda:0
forward,0,331,9.977053099652058e-07,True,CONVERGED,float64,cuda:0
forward,1,341,9.398263083744434e-07,True,CONVERGED,float64,cuda:0
forward,2,338,9.008311886704701e-07,True,CONVERGED,float64,cuda:0
adjoint,0,331,9.84469250930896e-07,True,CONVERGED,float64,cuda:0
adjoint,1,324,9.35734691997463e-07,True,CONVERGED,float64,cuda:0
adjoint,2,327,9.811538426815505e-07,True,CONVERGED,float64,cuda:0
forward,0,331,9.93163064253527e-07,True,CONVERGED,float64,cuda:0
forward,1,341,9.370927593723865e-07,True,CONVERGED,float64,cuda:0
forward,2,338,9.046539140606263e-07,True,CONVERGED,float64,cuda:0
adjoint,0,331,9.454060487677211e-07,True,CONVERGED,float64,cuda:0
adjoint,1,324,9.408721950536946e-07,True,CONVERGED,float64,cuda:0
adjoint,2,327,9.820172674529813e-07,True,CONVERGED,float64,cuda:0
forward,0,331,9.845117707896492e-07,True,CONVERGED,float64,cuda:0
forward,1,341,9.335913410669767e-07,True,CONVERGED,float64,cuda:0
forward,2,338,9.094879988899678e-07,True,CONVERGED,float64,cuda:0
adjoint,0,331,9.23744862121009e-07,True,CONVERGED,float64,cuda:0
adjoint,1,324,9.479554342753756e-07,True,CONVERGED,float64,cuda:0
adjoint,2,327,9.807747421840211e-07,True,CONVERGED,float64,cuda:0
forward,0,331,9.863927259968633e-07,True,CONVERGED,float64,cuda:0
forward,1,341,9.353197978517275e-07,True,CONVERGED,float64,cuda:0
forward,2,338,9.028382273085945e-07,True,CONVERGED,float64,cuda:0
adjoint,0,331,9.304940129206943e-07,True,CONVERGED,float64,cuda:0
adjoint,1,324,9.394643169630471e-07,True,CONVERGED,float64,cuda:0
adjoint,2,327,9.762407653174657e-07,True,CONVERGED,float64,cuda:0
forward,0,331,9.83486972672693e-07,True,CONVERGED,float64,cuda:0
forward,1,341,9.332382309763988e-07,True,CONVERGED,float64,cuda:0
forward,2,338,9.076499922263616e-07,True,CONVERGED,float64,cuda:0
adjoint,0,331,9.185151958116129e-07,True,CONVERGED,float64,cuda:0
adjoint,1,324,9.464753959743411e-07,True,CONVERGED,float64,cuda:0
adjoint,2,327,9.76877973691893e-07,True,CONVERGED,float64,cuda:0
forward,0,331,9.878759538517484e-07,True,CONVERGED,float64,cuda:0
forward,1,341,9.339541115106655e-07,True,CONVERGED,float64,cuda:0
forward,2,338,9.086797314337034e-07,True,CONVERGED,float64,cuda:0
adjoint,0,331,9.201246273189129e-07,True,CONVERGED,float64,cuda:0
adjoint,1,324,9.47968339363212e-07,True,CONVERGED,float64,cuda:0
adjoint,2,327,9.774229386916676e-07,True,CONVERGED,float64,cuda:0
forward,0,331,9.965081251910583e-07,True,CONVERGED,float64,cuda:0
forward,1,341,9.380039227858107e-07,True,CONVERGED,float64,cuda:0
forward,2,338,9.044482784178019e-07,True,CONVERGED,float64,cuda:0
adjoint,0,331,9.46708610506282e-07,True,CONVERGED,float64,cuda:0
adjoint,1,324,9.402202271414927e-07,True,CONVERGED,float64,cuda:0
adjoint,2,327,9.812037927753964e-07,True,CONVERGED,float64,cuda:0
forward,0,331,9.974168994389475e-07,True,CONVERGED,float64,cuda:0
forward,1,341,9.395999318908244e-07,True,CONVERGED,float64,cuda:0
forward,2,338,9.003755105054113e-07,True,CONVERGED,float64,cuda:0
adjoint,0,331,9.698699668087243e-07,True,CONVERGED,float64,cuda:0
adjoint,1,324,9.344383898156744e-07,True,CONVERGED,float64,cuda:0
adjoint,2,327,9.789103708621332e-07,True,CONVERGED,float64,cuda:0
forward,0,331,9.851319805955229e-07,True,CONVERGED,float64,cuda:0
forward,1,341,9.330959436724821e-07,True,CONVERGED,float64,cuda:0
forward,2,338,9.110892440970766e-07,True,CONVERGED,float64,cuda:0
adjoint,0,331,9.163809478109837e-07,True,CONVERGED,float64,cuda:0
adjoint,1,324,9.500764745139954e-07,True,CONVERGED,float64,cuda:0
adjoint,2,327,9.792461738084377e-07,True,CONVERGED,float64,cuda:0
forward,0,331,9.863472114707253e-07,True,CONVERGED,float64,cuda:0
forward,1,341,9.344629265546541e-07,True,CONVERGED,float64,cuda:0
forward,2,338,9.061228382824189e-07,True,CONVERGED,float64,cuda:0
adjoint,0,331,9.281623685731799e-07,True,CONVERGED,float64,cuda:0
adjoint,1,324,9.429863099902863e-07,True,CONVERGED,float64,cuda:0
adjoint,2,327,9.791664881159623e-07,True,CONVERGED,float64,cuda:0
forward,0,331,9.919910335843017e-07,True,CONVERGED,float64,cuda:0
forward,1,341,9.370999031064143e-07,True,CONVERGED,float64,cuda:0
forward,2,338,9.007944572090909e-07,True,CONVERGED,float64,cuda:0
adjoint,0,331,9.448014964321931e-07,True,CONVERGED,float64,cuda:0
adjoint,1,324,9.364827017370693e-07,True,CONVERGED,float64,cuda:0
adjoint,2,327,9.767350181573665e-07,True,CONVERGED,float64,cuda:0
forward,0,331,9.839897948535954e-07,True,CONVERGED,float64,cuda:0
forward,1,341,9.323028213175629e-07,True,CONVERGED,float64,cuda:0
forward,2,338,9.104458382102632e-07,True,CONVERGED,float64,cuda:0
adjoint,0,331,9.12599648867049e-07,True,CONVERGED,float64,cuda:0
adjoint,1,324,9.506788371167904e-07,True,CONVERGED,float64,cuda:0
adjoint,2,327,9.783284613258818e-07,True,CONVERGED,float64,cuda:0
forward,0,331,9.919956100404053e-07,True,CONVERGED,float64,cuda:0
forward,1,341,9.350993706140189e-07,True,CONVERGED,float64,cuda:0
forward,2,338,9.099781518335786e-07,True,CONVERGED,float64,cuda:0
adjoint,0,331,9.261426409821441e-07,True,CONVERGED,float64,cuda:0
adjoint,1,324,9.491547387105916e-07,True,CONVERGED,float64,cuda:0
adjoint,2,327,9.81171994651679e-07,True,CONVERGED,float64,cuda:0
forward,0,332,8.949625573035224e-07,True,CONVERGED,float64,cuda:0
forward,1,341,9.415042866625878e-07,True,CONVERGED,float64,cuda:0
forward,2,338,8.979712634330871e-07,True,CONVERGED,float64,cuda:0
adjoint,0,331,9.74718993077264e-07,True,CONVERGED,float64,cuda:0
adjoint,1,324,9.32000715426439e-07,True,CONVERGED,float64,cuda:0
adjoint,2,327,9.80895801822646e-07,True,CONVERGED,float64,cuda:0
forward,0,331,9.88430115943638e-07,True,CONVERGED,float64,cuda:0
forward,1,341,9.351294465516783e-07,True,CONVERGED,float64,cuda:0
forward,2,338,9.070604301923688e-07,True,CONVERGED,float64,cuda:0
adjoint,0,331,9.310831905575625e-07,True,CONVERGED,float64,cuda:0
adjoint,1,324,9.448128171983163e-07,True,CONVERGED,float64,cuda:0
adjoint,2,327,9.821298174238097e-07,True,CONVERGED,float64,cuda:0
forward,0,331,9.78418382869644e-07,True,CONVERGED,float64,cuda:0
forward,1,341,9.31101813149411e-07,True,CONVERGED,float64,cuda:0
forward,2,338,9.140818981531595e-07,True,CONVERGED,float64,cuda:0
adjoint,0,331,9.107044141325662e-07,True,CONVERGED,float64,cuda:0
adjoint,1,324,9.55175387250795e-07,True,CONVERGED,float64,cuda:0
adjoint,2,327,9.832526151794665e-07,True,CONVERGED,float64,cuda:0
forward,0,331,9.93328312357068e-07,True,CONVERGED,float64,cuda:0
forward,1,341,9.382386871745626e-07,True,CONVERGED,float64,cuda:0
forward,2,338,8.99252275456488e-07,True,CONVERGED,float64,cuda:0
adjoint,0,331,9.747315543295994e-07,True,CONVERGED,float64,cuda:0
adjoint,1,324,9.338308207321341e-07,True,CONVERGED,float64,cuda:0
adjoint,2,327,9.81965705667284e-07,True,CONVERGED,float64,cuda:0
forward,0,331,9.92090184473629e-07,True,CONVERGED,float64,cuda:0
forward,1,341,9.382110483146636e-07,True,CONVERGED,float64,cuda:0
forward,2,338,9.002802137431559e-07,True,CONVERGED,float64,cuda:0
adjoint,0,331,9.505743178060009e-07,True,CONVERGED,float64,cuda:0
adjoint,1,324,9.354093967839841e-07,True,CONVERGED,float64,cuda:0
adjoint,2,327,9.78487400670385e-07,True,CONVERGED,float64,cuda:0
forward,0,331,9.793974845911188e-07,True,CONVERGED,float64,cuda:0
forward,1,341,9.313459719125699e-07,True,CONVERGED,float64,cuda:0
forward,2,338,9.177871062004268e-07,True,CONVERGED,float64,cuda:0
adjoint,0,331,9.030583697294511e-07,True,CONVERGED,float64,cuda:0
adjoint,1,324,9.625898385166508e-07,True,CONVERGED,float64,cuda:0
adjoint,2,327,9.81954779541594e-07,True,CONVERGED,float64,cuda:0
forward,0,331,9.959268381621884e-07,True,CONVERGED,float64,cuda:0
forward,1,341,9.387290878426046e-07,True,CONVERGED,float64,cuda:0
forward,2,338,9.014719140009429e-07,True,CONVERGED,float64,cuda:0
adjoint,0,331,9.55357877652009e-07,True,CONVERGED,float64,cuda:0
adjoint,1,324,9.373395109829348e-07,True,CONVERGED,float64,cuda:0
adjoint,2,327,9.785105179938246e-07,True,CONVERGED,float64,cuda:0
forward,0,331,9.972404908778536e-07,True,CONVERGED,float64,cuda:0
forward,1,341,9.39919062562435e-07,True,CONVERGED,float64,cuda:0
forward,2,338,8.990355771624583e-07,True,CONVERGED,float64,cuda:0
adjoint,0,331,9.706946907672826e-07,True,CONVERGED,float64,cuda:0
adjoint,1,324,9.329620842212657e-07,True,CONVERGED,float64,cuda:0
adjoint,2,327,9.79417927118831e-07,True,CONVERGED,float64,cuda:0
forward,0,331,9.825132035189013e-07,True,CONVERGED,float64,cuda:0
forward,1,341,9.318797688865576e-07,True,CONVERGED,float64,cuda:0
forward,2,338,9.131978772603866e-07,True,CONVERGED,float64,cuda:0
adjoint,0,331,9.159462837831054e-07,True,CONVERGED,float64,cuda:0
adjoint,1,324,9.532045508611139e-07,True,CONVERGED,float64,cuda:0
adjoint,2,327,9.821358799590104e-07,True,CONVERGED,float64,cuda:0
forward,0,331,9.854328388874098e-07,True,CONVERGED,float64,cuda:0
forward,1,341,9.337274906048709e-07,True,CONVERGED,float64,cuda:0
forward,2,338,9.059066189594977e-07,True,CONVERGED,float64,cuda:0
adjoint,0,331,9.339481802504502e-07,True,CONVERGED,float64,cuda:0
adjoint,1,324,9.428291880496218e-07,True,CONVERGED,float64,cuda:0
adjoint,2,327,9.80692127316341e-07,True,CONVERGED,float64,cuda:0
forward,0,331,9.927910093990704e-07,True,CONVERGED,float64,cuda:0
forward,1,341,9.371191339327342e-07,True,CONVERGED,float64,cuda:0
forward,2,338,9.000987920065055e-07,True,CONVERGED,float64,cuda:0
adjoint,0,331,9.656805523555803e-07,True,CONVERGED,float64,cuda:0
adjoint,1,324,9.35312293807708e-07,True,CONVERGED,float64,cuda:0
adjoint,2,327,9.785339947087073e-07,True,CONVERGED,float64,cuda:0
forward,0,331,9.857032241309864e-07,True,CONVERGED,float64,cuda:0
forward,1,341,9.321108265679848e-07,True,CONVERGED,float64,cuda:0
forward,2,338,9.105835591030552e-07,True,CONVERGED,float64,cuda:0
adjoint,0,331,9.189733899793564e-07,True,CONVERGED,float64,cuda:0
adjoint,1,324,9.504248795463896e-07,True,CONVERGED,float64,cuda:0
adjoint,2,327,9.799953632916347e-07,True,CONVERGED,float64,cuda:0
forward,0,331,9.908286506153513e-07,True,CONVERGED,float64,cuda:0
forward,1,341,9.336502712534697e-07,True,CONVERGED,float64,cuda:0
forward,2,338,9.102198901232572e-07,True,CONVERGED,float64,cuda:0
adjoint,0,331,9.263658629951974e-07,True,CONVERGED,float64,cuda:0
adjoint,1,324,9.495149655489804e-07,True,CONVERGED,float64,cuda:0
adjoint,2,327,9.817161925894142e-07,True,CONVERGED,float64,cuda:0
forward,0,332,8.93348961617631e-07,True,CONVERGED,float64,cuda:0
forward,1,341,9.39128117530316e-07,True,CONVERGED,float64,cuda:0
forward,2,338,9.015303778168255e-07,True,CONVERGED,float64,cuda:0
adjoint,0,331,9.733224385386631e-07,True,CONVERGED,float64,cuda:0
adjoint,1,324,9.365664103113828e-07,True,CONVERGED,float64,cuda:0
adjoint,2,327,9.828372721202434e-07,True,CONVERGED,float64,cuda:0
forward,0,331,9.96391993415594e-07,True,CONVERGED,float64,cuda:0
forward,1,341,9.377933119991802e-07,True,CONVERGED,float64,cuda:0
forward,2,338,9.005890567906103e-07,True,CONVERGED,float64,cuda:0
adjoint,0,331,9.681369225406296e-07,True,CONVERGED,float64,cuda:0
adjoint,1,324,9.355419546437527e-07,True,CONVERGED,float64,cuda:0
adjoint,2,327,9.816633731822538e-07,True,CONVERGED,float64,cuda:0
forward,0,331,9.813705107567104e-07,True,CONVERGED,float64,cuda:0
forward,1,341,9.303191828583542e-07,True,CONVERGED,float64,cuda:0
forward,2,338,9.141999662970777e-07,True,CONVERGED,float64,cuda:0
adjoint,0,331,9.128452269007415e-07,True,CONVERGED,float64,cuda:0
adjoint,1,324,9.549219227079589e-07,True,CONVERGED,float64,cuda:0
adjoint,2,327,9.827568989441557e-07,True,CONVERGED,float64,cuda:0
forward,0,331,9.863396435954475e-07,True,CONVERGED,float64,cuda:0
forward,1,341,9.335782244454998e-07,True,CONVERGED,float64,cuda:0
forward,2,338,9.054627615583432e-07,True,CONVERGED,float64,cuda:0
adjoint,0,331,9.348392397395367e-07,True,CONVERGED,float64,cuda:0
adjoint,1,324,9.423801083190754e-07,True,CONVERGED,float64,cuda:0
adjoint,2,327,9.807380572377063e-07,True,CONVERGED,float64,cuda:0
forward,0,331,9.954532285435207e-07,True,CONVERGED,float64,cuda:0
forward,1,341,9.374546289343179e-07,True,CONVERGED,float64,cuda:0
forward,2,338,9.00883934950373e-07,True,CONVERGED,float64,cuda:0
adjoint,0,331,9.900099798157047e-07,True,CONVERGED,float64,cuda:0
adjoint,1,324,9.362259302151104e-07,True,CONVERGED,float64,cuda:0
adjoint,2,327,9.82278781549875e-07,True,CONVERGED,float64,cuda:0
forward,0,331,9.897073408171272e-07,True,CONVERGED,float64,cuda:0
forward,1,341,9.333922140723304e-07,True,CONVERGED,float64,cuda:0
forward,2,338,9.101093524234307e-07,True,CONVERGED,float64,cuda:0
adjoint,0,331,9.316426981386613e-07,True,CONVERGED,float64,cuda:0
adjoint,1,324,9.489346435536234e-07,True,CONVERGED,float64,cuda:0
adjoint,2,327,9.834534161343333e-07,True,CONVERGED,float64,cuda:0
forward,0,331,9.916757069292635e-07,True,CONVERGED,float64,cuda:0
forward,1,341,9.345224842257986e-07,True,CONVERGED,float64,cuda:0
forward,2,338,9.078331231956734e-07,True,CONVERGED,float64,cuda:0
adjoint,0,331,9.359301767988054e-07,True,CONVERGED,float64,cuda:0
adjoint,1,324,9.461176396104116e-07,True,CONVERGED,float64,cuda:0
adjoint,2,327,9.82540636577197e-07,True,CONVERGED,float64,cuda:0
forward,0,331,9.951850062774103e-07,True,CONVERGED,float64,cuda:0
forward,1,341,9.369004405010271e-07,True,CONVERGED,float64,cuda:0
forward,2,338,9.02301511409014e-07,True,CONVERGED,float64,cuda:0
adjoint,0,331,9.495499131830659e-07,True,CONVERGED,float64,cuda:0
adjoint,1,324,9.391908293443668e-07,True,CONVERGED,float64,cuda:0
adjoint,2,327,9.799711014879511e-07,True,CONVERGED,float64,cuda:0
forward,0,331,9.842348725847796e-07,True,CONVERGED,float64,cuda:0
forward,1,341,9.319776441425737e-07,True,CONVERGED,float64,cuda:0
forward,2,338,9.097278631221385e-07,True,CONVERGED,float64,cuda:0
adjoint,0,331,9.207053257427507e-07,True,CONVERGED,float64,cuda:0
adjoint,1,324,9.488478518499681e-07,True,CONVERGED,float64,cuda:0
adjoint,2,327,9.805696722698042e-07,True,CONVERGED,float64,cuda:0
forward,0,331,9.847429278121621e-07,True,CONVERGED,float64,cuda:0
forward,1,341,9.327479523840801e-07,True,CONVERGED,float64,cuda:0
forward,2,338,9.095477358016686e-07,True,CONVERGED,float64,cuda:0
adjoint,0,331,9.26779901144431e-07,True,CONVERGED,float64,cuda:0
adjoint,1,324,9.472777553106147e-07,True,CONVERGED,float64,cuda:0
adjoint,2,327,9.82786096750288e-07,True,CONVERGED,float64,cuda:0
forward,0,331,9.951337852705562e-07,True,CONVERGED,float64,cuda:0
forward,1,341,9.382892092416189e-07,True,CONVERGED,float64,cuda:0
forward,2,338,8.996568073227732e-07,True,CONVERGED,float64,cuda:0
adjoint,0,331,9.675482032321377e-07,True,CONVERGED,float64,cuda:0
adjoint,1,324,9.329671331657463e-07,True,CONVERGED,float64,cuda:0
adjoint,2,327,9.817073789244794e-07,True,CONVERGED,float64,cuda:0
forward,0,331,9.935731902810564e-07,True,CONVERGED,float64,cuda:0
forward,1,341,9.361862715615033e-07,True,CONVERGED,float64,cuda:0
forward,2,338,9.051075491669368e-07,True,CONVERGED,float64,cuda:0
adjoint,0,331,9.450535253229399e-07,True,CONVERGED,float64,cuda:0
adjoint,1,324,9.410812059796543e-07,True,CONVERGED,float64,cuda:0
adjoint,2,327,9.817839930647664e-07,True,CONVERGED,float64,cuda:0
forward,0,331,9.881049274241076e-07,True,CONVERGED,float64,cuda:0
forward,1,341,9.327304476346479e-07,True,CONVERGED,float64,cuda:0
forward,2,338,9.112693186197237e-07,True,CONVERGED,float64,cuda:0
adjoint,0,331,9.198878653132759e-07,True,CONVERGED,float64,cuda:0
adjoint,1,324,9.508222214740309e-07,True,CONVERGED,float64,cuda:0
adjoint,2,327,9.804564296042422e-07,True,CONVERGED,float64,cuda:0
forward,0,331,9.9234112984951e-07,True,CONVERGED,float64,cuda:0
forward,1,341,9.357839190078731e-07,True,CONVERGED,float64,cuda:0
forward,2,338,9.053101403656446e-07,True,CONVERGED,float64,cuda:0
adjoint,0,331,9.373769361079514e-07,True,CONVERGED,float64,cuda:0
adjoint,1,324,9.424912396655608e-07,True,CONVERGED,float64,cuda:0
adjoint,2,327,9.79467961048505e-07,True,CONVERGED,float64,cuda:0
forward,0,331,9.920905902543066e-07,True,CONVERGED,float64,cuda:0
forward,1,341,9.362275620880914e-07,True,CONVERGED,float64,cuda:0
forward,2,338,9.023928154391512e-07,True,CONVERGED,float64,cuda:0
adjoint,0,331,9.43573031387985e-07,True,CONVERGED,float64,cuda:0
adjoint,1,324,9.38980287206987e-07,True,CONVERGED,float64,cuda:0
adjoint,2,327,9.786270015229474e-07,True,CONVERGED,float64,cuda:0
forward,0,331,9.808058865293475e-07,True,CONVERGED,float64,cuda:0
forward,1,341,9.3101257807674e-07,True,CONVERGED,float64,cuda:0
forward,2,338,9.120998723337336e-07,True,CONVERGED,float64,cuda:0
adjoint,0,331,9.119836241387729e-07,True,CONVERGED,float64,cuda:0
adjoint,1,324,9.523207345464323e-07,True,CONVERGED,float64,cuda:0
adjoint,2,327,9.813465790072403e-07,True,CONVERGED,float64,cuda:0
forward,0,331,9.888367436793763e-07,True,CONVERGED,float64,cuda:0
forward,1,341,9.344260857727497e-07,True,CONVERGED,float64,cuda:0
forward,2,338,9.081223890461843e-07,True,CONVERGED,float64,cuda:0
adjoint,0,331,9.337455084445308e-07,True,CONVERGED,float64,cuda:0
adjoint,1,324,9.451680216424096e-07,True,CONVERGED,float64,cuda:0
adjoint,2,327,9.843142853933592e-07,True,CONVERGED,float64,cuda:0
forward,0,331,9.9847782444763e-07,True,CONVERGED,float64,cuda:0
forward,1,341,9.40275934180915e-07,True,CONVERGED,float64,cuda:0
forward,2,338,8.972525869712794e-07,True,CONVERGED,float64,cuda:0
adjoint,0,331,9.757570374455185e-07,True,CONVERGED,float64,cuda:0
adjoint,1,324,9.295867509928461e-07,True,CONVERGED,float64,cuda:0
adjoint,2,327,9.827268419129122e-07,True,CONVERGED,float64,cuda:0
forward,0,331,9.882658810216583e-07,True,CONVERGED,float64,cuda:0
forward,1,341,9.338588836174734e-07,True,CONVERGED,float64,cuda:0
forward,2,338,9.097633582727853e-07,True,CONVERGED,float64,cuda:0
adjoint,0,331,9.317151530682841e-07,True,CONVERGED,float64,cuda:0
adjoint,1,324,9.475607620045003e-07,True,CONVERGED,float64,cuda:0
adjoint,2,327,9.843219510526939e-07,True,CONVERGED,float64,cuda:0
forward,0,331,9.8688712792933e-07,True,CONVERGED,float64,cuda:0
forward,1,341,9.332207073905467e-07,True,CONVERGED,float64,cuda:0
forward,2,338,9.108540845881342e-07,True,CONVERGED,float64,cuda:0
adjoint,0,331,9.245386886006837e-07,True,CONVERGED,float64,cuda:0
adjoint,1,324,9.497025089619747e-07,True,CONVERGED,float64,cuda:0
adjoint,2,327,9.831993480654796e-07,True,CONVERGED,float64,cuda:0
forward,0,331,9.952837124658957e-07,True,CONVERGED,float64,cuda:0
forward,1,341,9.383568274028865e-07,True,CONVERGED,float64,cuda:0
forward,2,338,8.995223532808664e-07,True,CONVERGED,float64,cuda:0
adjoint,0,331,9.648708380007026e-07,True,CONVERGED,float64,cuda:0
adjoint,1,324,9.346689263667887e-07,True,CONVERGED,float64,cuda:0
adjoint,2,327,9.782218230905087e-07,True,CONVERGED,float64,cuda:0
forward,0,331,9.832816484412706e-07,True,CONVERGED,float64,cuda:0
forward,1,341,9.319627903608591e-07,True,CONVERGED,float64,cuda:0
forward,2,338,9.090133453508235e-07,True,CONVERGED,float64,cuda:0
adjoint,0,331,9.183567228614215e-07,True,CONVERGED,float64,cuda:0
adjoint,1,324,9.481459623623596e-07,True,CONVERGED,float64,cuda:0
adjoint,2,327,9.783903742116325e-07,True,CONVERGED,float64,cuda:0
forward,0,331,9.836208699965802e-07,True,CONVERGED,float64,cuda:0
forward,1,341,9.313913667098425e-07,True,CONVERGED,float64,cuda:0
forward,2,338,9.138768473200237e-07,True,CONVERGED,float64,cuda:0
adjoint,0,331,9.130566983166683e-07,True,CONVERGED,float64,cuda:0
adjoint,1,324,9.540182897011348e-07,True,CONVERGED,float64,cuda:0
adjoint,2,327,9.82602833387584e-07,True,CONVERGED,float64,cuda:0
forward,0,331,9.984562393676877e-07,True,CONVERGED,float64,cuda:0
forward,1,341,9.407444283064152e-07,True,CONVERGED,float64,cuda:0
forward,2,338,8.964106248966805e-07,True,CONVERGED,float64,cuda:0
adjoint,0,331,9.82556356628776e-07,True,CONVERGED,float64,cuda:0
adjoint,1,324,9.277606037231201e-07,True,CONVERGED,float64,cuda:0
adjoint,2,327,9.80153665739753e-07,True,CONVERGED,float64,cuda:0
forward,0,331,9.94722075445122e-07,True,CONVERGED,float64,cuda:0
forward,1,341,9.361528230888887e-07,True,CONVERGED,float64,cuda:0
forward,2,338,9.054543078489296e-07,True,CONVERGED,float64,cuda:0
adjoint,0,331,9.543535437019936e-07,True,CONVERGED,float64,cuda:0
adjoint,1,324,9.412256818051033e-07,True,CONVERGED,float64,cuda:0
adjoint,2,327,9.850745933200035e-07,True,CONVERGED,float64,cuda:0
forward,0,331,9.86502491160954e-07,True,CONVERGED,float64,cuda:0
forward,1,341,9.32137378838883e-07,True,CONVERGED,float64,cuda:0
forward,2,338,9.121717003684677e-07,True,CONVERGED,float64,cuda:0
adjoint,0,331,9.25166095978847e-07,True,CONVERGED,float64,cuda:0
adjoint,1,324,9.509255872438931e-07,True,CONVERGED,float64,cuda:0
adjoint,2,327,9.84265263963898e-07,True,CONVERGED,float64,cuda:0
forward,0,331,9.932940990386052e-07,True,CONVERGED,float64,cuda:0
forward,1,341,9.358132715281658e-07,True,CONVERGED,float64,cuda:0
forward,2,338,9.032143199353611e-07,True,CONVERGED,float64,cuda:0
adjoint,0,331,9.509650583703631e-07,True,CONVERGED,float64,cuda:0
adjoint,1,324,9.395892589861978e-07,True,CONVERGED,float64,cuda:0
adjoint,2,327,9.814014762116993e-07,True,CONVERGED,float64,cuda:0
forward,0,331,9.907015075059412e-07,True,CONVERGED,float64,cuda:0
forward,1,341,9.345628763703061e-07,True,CONVERGED,float64,cuda:0
forward,2,338,9.044366403582474e-07,True,CONVERGED,float64,cuda:0
adjoint,0,331,9.417540743678024e-07,True,CONVERGED,float64,cuda:0
adjoint,1,324,9.417323444441606e-07,True,CONVERGED,float64,cuda:0
adjoint,2,327,9.810081067583761e-07,True,CONVERGED,float64,cuda:0
forward,0,331,9.809745368272174e-07,True,CONVERGED,float64,cuda:0
forward,1,341,9.299282436459277e-07,True,CONVERGED,float64,cuda:0
forward,2,338,9.126202277950185e-07,True,CONVERGED,float64,cuda:0
adjoint,0,331,9.123484890017209e-07,True,CONVERGED,float64,cuda:0
adjoint,1,324,9.532498363664113e-07,True,CONVERGED,float64,cuda:0
adjoint,2,327,9.815653589057401e-07,True,CONVERGED,float64,cuda:0
forward,0,331,9.920262606747386e-07,True,CONVERGED,float64,cuda:0
forward,1,341,9.342591856311596e-07,True,CONVERGED,float64,cuda:0
forward,2,338,9.066319120680757e-07,True,CONVERGED,float64,cuda:0
adjoint,0,331,9.439695929598337e-07,True,CONVERGED,float64,cuda:0
adjoint,1,324,9.440085444915626e-07,True,CONVERGED,float64,cuda:0
adjoint,2,327,9.838540033146837e-07,True,CONVERGED,float64,cuda:0
forward,0,331,9.991051911359606e-07,True,CONVERGED,float64,cuda:0
forward,1,341,9.385918995979813e-07,True,CONVERGED,float64,cuda:0
forward,2,338,9.006206459516671e-07,True,CONVERGED,float64,cuda:0
adjoint,0,331,9.78717602668492e-07,True,CONVERGED,float64,cuda:0
adjoint,1,324,9.343756986431667e-07,True,CONVERGED,float64,cuda:0
adjoint,2,327,9.86039412255152e-07,True,CONVERGED,float64,cuda:0
forward,0,331,9.936486465576464e-07,True,CONVERGED,float64,cuda:0
forward,1,341,9.353678643633314e-07,True,CONVERGED,float64,cuda:0
forward,2,338,9.043798506715327e-07,True,CONVERGED,float64,cuda:0
adjoint,0,331,9.535082298134774e-07,True,CONVERGED,float64,cuda:0
adjoint,1,324,9.40106285937295e-07,True,CONVERGED,float64,cuda:0
adjoint,2,327,9.848450922362612e-07,True,CONVERGED,float64,cuda:0
forward,0,331,9.865881681494785e-07,True,CONVERGED,float64,cuda:0
forward,1,341,9.31627483908476e-07,True,CONVERGED,float64,cuda:0
forward,2,338,9.13756934576939e-07,True,CONVERGED,float64,cuda:0
adjoint,0,331,9.240064467407241e-07,True,CONVERGED,float64,cuda:0
adjoint,1,324,9.528525372658632e-07,True,CONVERGED,float64,cuda:0
adjoint,2,327,9.85979809629068e-07,True,CONVERGED,float64,cuda:0
forward,0,331,9.944659952681132e-07,True,CONVERGED,float64,cuda:0
forward,1,341,9.367302836257395e-07,True,CONVERGED,float64,cuda:0
forward,2,338,9.006863766874224e-07,True,CONVERGED,float64,cuda:0
adjoint,0,331,9.69246758275003e-07,True,CONVERGED,float64,cuda:0
adjoint,1,324,9.355678735523497e-07,True,CONVERGED,float64,cuda:0
adjoint,2,327,9.812890286112067e-07,True,CONVERGED,float64,cuda:0
forward,0,331,9.909330524260613e-07,True,CONVERGED,float64,cuda:0
forward,1,341,9.343362386633249e-07,True,CONVERGED,float64,cuda:0
forward,2,338,9.047165487617678e-07,True,CONVERGED,float64,cuda:0
adjoint,0,331,9.429003854578206e-07,True,CONVERGED,float64,cuda:0
adjoint,1,324,9.417938759644571e-07,True,CONVERGED,float64,cuda:0
adjoint,2,327,9.802934416070882e-07,True,CONVERGED,float64,cuda:0
forward,0,331,9.819682394489632e-07,True,CONVERGED,float64,cuda:0
forward,1,341,9.298256851772301e-07,True,CONVERGED,float64,cuda:0
forward,2,338,9.130690972005758e-07,True,CONVERGED,float64,cuda:0
adjoint,0,331,9.113799618781906e-07,True,CONVERGED,float64,cuda:0
adjoint,1,324,9.541579251868024e-07,True,CONVERGED,float64,cuda:0
adjoint,2,327,9.811789799286665e-07,True,CONVERGED,float64,cuda:0
forward,0,331,9.909945254275463e-07,True,CONVERGED,float64,cuda:0
forward,1,341,9.336747674475156e-07,True,CONVERGED,float64,cuda:0
forward,2,338,9.078669127623711e-07,True,CONVERGED,float64,cuda:0
adjoint,0,331,9.395942000815354e-07,True,CONVERGED,float64,cuda:0
adjoint,1,324,9.453155417301247e-07,True,CONVERGED,float64,cuda:0
adjoint,2,327,9.835159967363782e-07,True,CONVERGED,float64,cuda:0
forward,0,331,9.990790802503798e-07,True,CONVERGED,float64,cuda:0
forward,1,341,9.391842727757838e-07,True,CONVERGED,float64,cuda:0
forward,2,338,8.98464233077573e-07,True,CONVERGED,float64,cuda:0
adjoint,0,331,9.849009275534693e-07,True,CONVERGED,float64,cuda:0
adjoint,1,324,9.311699480648238e-07,True,CONVERGED,float64,cuda:0
adjoint,2,327,9.838896968551983e-07,True,CONVERGED,float64,cuda:0
forward,0,331,9.922537353848153e-07,True,CONVERGED,float64,cuda:0
forward,1,341,9.3454614152776e-07,True,CONVERGED,float64,cuda:0
forward,2,338,9.070417779190183e-07,True,CONVERGED,float64,cuda:0
adjoint,0,331,9.499981013938754e-07,True,CONVERGED,float64,cuda:0
adjoint,1,324,9.427653648578165e-07,True,CONVERGED,float64,cuda:0
adjoint,2,327,9.87009464939944e-07,True,CONVERGED,float64,cuda:0
forward,0,331,9.854276961740068e-07,True,CONVERGED,float64,cuda:0
forward,1,341,9.31917947890864e-07,True,CONVERGED,float64,cuda:0
forward,2,338,9.109489848818366e-07,True,CONVERGED,float64,cuda:0
adjoint,0,331,9.332064761277018e-07,True,CONVERGED,float64,cuda:0
adjoint,1,324,9.484762237084363e-07,True,CONVERGED,float64,cuda:0
adjoint,2,327,9.860639208491873e-07,True,CONVERGED,float64,cuda:0
forward,0,331,9.92960163817256e-07,True,CONVERGED,float64,cuda:0
forward,1,341,9.359818079845397e-07,True,CONVERGED,float64,cuda:0
forward,2,338,9.008578489965348e-07,True,CONVERGED,float64,cuda:0
adjoint,0,331,9.908916469740818e-07,True,CONVERGED,float64,cuda:0
adjoint,1,324,9.362908629289683e-07,True,CONVERGED,float64,cuda:0
adjoint,2,327,9.804286302365533e-07,True,CONVERGED,float64,cuda:0
forward,0,331,9.853043311962237e-07,True,CONVERGED,float64,cuda:0
forward,1,341,9.318753066032918e-07,True,CONVERGED,float64,cuda:0
forward,2,338,9.081702829126464e-07,True,CONVERGED,float64,cuda:0
adjoint,0,331,9.26124706635197e-07,True,CONVERGED,float64,cuda:0
adjoint,1,324,9.465440666548478e-07,True,CONVERGED,float64,cuda:0
adjoint,2,327,9.803607678857706e-07,True,CONVERGED,float64,cuda:0
forward,0,331,9.834301894610393e-07,True,CONVERGED,float64,cuda:0
forward,1,341,9.302380796107254e-07,True,CONVERGED,float64,cuda:0
forward,2,338,9.132227820494577e-07,True,CONVERGED,float64,cuda:0
adjoint,0,331,9.141101515138212e-07,True,CONVERGED,float64,cuda:0
adjoint,1,324,9.536609180503669e-07,True,CONVERGED,float64,cuda:0
adjoint,2,327,9.81300718135986e-07,True,CONVERGED,float64,cuda:0
forward,0,331,9.960012351929859e-07,True,CONVERGED,float64,cuda:0
forward,1,341,9.367198099944737e-07,True,CONVERGED,float64,cuda:0
forward,2,338,9.030778908411387e-07,True,CONVERGED,float64,cuda:0
adjoint,0,331,9.718636362780445e-07,True,CONVERGED,float64,cuda:0
adjoint,1,324,9.379393768957524e-07,True,CONVERGED,float64,cuda:0
adjoint,2,327,9.824157405765652e-07,True,CONVERGED,float64,cuda:0
forward,0,331,9.984486461429969e-07,True,CONVERGED,float64,cuda:0
forward,1,341,9.388681481400984e-07,True,CONVERGED,float64,cuda:0
forward,2,338,8.988191517505856e-07,True,CONVERGED,float64,cuda:0
adjoint,0,331,9.78905289452354e-07,True,CONVERGED,float64,cuda:0
adjoint,1,324,9.311309325070521e-07,True,CONVERGED,float64,cuda:0
adjoint,2,327,9.83968078844026e-07,True,CONVERGED,float64,cuda:0
forward,0,331,9.88328769774972e-07,True,CONVERGED,float64,cuda:0
forward,1,341,9.325619698294715e-07,True,CONVERGED,float64,cuda:0
forward,2,338,9.147470375317401e-07,True,CONVERGED,float64,cuda:0
adjoint,0,331,9.292611329944646e-07,True,CONVERGED,float64,cuda:0
adjoint,1,324,9.526716876955964e-07,True,CONVERGED,float64,cuda:0
adjoint,2,327,9.893079463287e-07,True,CONVERGED,float64,cuda:0
forward,0,331,9.934674447508508e-07,True,CONVERGED,float64,cuda:0
forward,1,341,9.358331455061064e-07,True,CONVERGED,float64,cuda:0
forward,2,338,9.019833245706225e-07,True,CONVERGED,float64,cuda:0
adjoint,0,331,9.836911379127622e-07,True,CONVERGED,float64,cuda:0
adjoint,1,324,9.365497028412039e-07,True,CONVERGED,float64,cuda:0
adjoint,2,327,9.842607337317378e-07,True,CONVERGED,float64,cuda:0
forward,0,331,9.92500028136925e-07,True,CONVERGED,float64,cuda:0
forward,1,341,9.348204563731638e-07,True,CONVERGED,float64,cuda:0
forward,2,338,9.031584743649542e-07,True,CONVERGED,float64,cuda:0
adjoint,0,331,9.484612103253318e-07,True,CONVERGED,float64,cuda:0
adjoint,1,324,9.399287894010639e-07,True,CONVERGED,float64,cuda:0
adjoint,2,327,9.807998082838102e-07,True,CONVERGED,float64,cuda:0
forward,0,331,9.810973956340306e-07,True,CONVERGED,float64,cuda:0
forward,1,341,9.294970946308924e-07,True,CONVERGED,float64,cuda:0
forward,2,338,9.143120906787105e-07,True,CONVERGED,float64,cuda:0
adjoint,0,331,9.077847512218462e-07,True,CONVERGED,float64,cuda:0
adjoint,1,324,9.563009808878117e-07,True,CONVERGED,float64,cuda:0
adjoint,2,327,9.815699381577242e-07,True,CONVERGED,float64,cuda:0
forward,0,331,9.915290427923342e-07,True,CONVERGED,float64,cuda:0
forward,1,341,9.334277199276512e-07,True,CONVERGED,float64,cuda:0
forward,2,338,9.084242074015064e-07,True,CONVERGED,float64,cuda:0
adjoint,0,331,9.35446464743072e-07,True,CONVERGED,float64,cuda:0
adjoint,1,324,9.46698170430699e-07,True,CONVERGED,float64,cuda:0
adjoint,2,327,9.840022043864236e-07,True,CONVERGED,float64,cuda:0
forward,0,332,8.928010880876813e-07,True,CONVERGED,float64,cuda:0
forward,1,341,9.382696028734731e-07,True,CONVERGED,float64,cuda:0
forward,2,338,9.010068250895192e-07,True,CONVERGED,float64,cuda:0
adjoint,0,331,9.802643195635863e-07,True,CONVERGED,float64,cuda:0
adjoint,1,324,9.351581689747481e-07,True,CONVERGED,float64,cuda:0
adjoint,2,327,9.86722129349338e-07,True,CONVERGED,float64,cuda:0
forward,0,331,9.967726637259205e-07,True,CONVERGED,float64,cuda:0
forward,1,341,9.360416312411104e-07,True,CONVERGED,float64,cuda:0
forward,2,338,9.038439856179021e-07,True,CONVERGED,float64,cuda:0
adjoint,0,331,9.774038717565208e-07,True,CONVERGED,float64,cuda:0
adjoint,1,324,9.387745910507061e-07,True,CONVERGED,float64,cuda:0
adjoint,2,327,9.899140502543468e-07,True,CONVERGED,float64,cuda:0
forward,0,331,9.890848345363786e-07,True,CONVERGED,float64,cuda:0
forward,1,341,9.325921987657151e-07,True,CONVERGED,float64,cuda:0
forward,2,338,9.12111146530964e-07,True,CONVERGED,float64,cuda:0
adjoint,0,331,9.405153917193906e-07,True,CONVERGED,float64,cuda:0
adjoint,1,324,9.494574804320448e-07,True,CONVERGED,float64,cuda:0
adjoint,2,327,9.907316452119975e-07,True,CONVERGED,float64,cuda:0
forward,0,331,9.932535788247643e-07,True,CONVERGED,float64,cuda:0
forward,1,341,9.359684478668638e-07,True,CONVERGED,float64,cuda:0
forward,2,338,9.001348029918079e-07,True,CONVERGED,float64,cuda:0
adjoint,0,331,9.69098393470638e-07,True,CONVERGED,float64,cuda:0
adjoint,1,324,9.354171696194685e-07,True,CONVERGED,float64,cuda:0
adjoint,2,327,9.825070571157212e-07,True,CONVERGED,float64,cuda:0
forward,0,331,9.870265613558946e-07,True,CONVERGED,float64,cuda:0
forward,1,341,9.314278987006694e-07,True,CONVERGED,float64,cuda:0
forward,2,338,9.098120740120686e-07,True,CONVERGED,float64,cuda:0
adjoint,0,331,9.291096892043589e-07,True,CONVERGED,float64,cuda:0
adjoint,1,324,9.49094060521827e-07,True,CONVERGED,float64,cuda:0
adjoint,2,327,9.828218797387972e-07,True,CONVERGED,float64,cuda:0
forward,0,331,9.853364683601502e-07,True,CONVERGED,float64,cuda:0
forward,1,341,9.306696699678791e-07,True,CONVERGED,float64,cuda:0
forward,2,338,9.107641739855302e-07,True,CONVERGED,float64,cuda:0
adjoint,0,331,9.188598667619929e-07,True,CONVERGED,float64,cuda:0
adjoint,1,324,9.51270816568393e-07,True,CONVERGED,float64,cuda:0
adjoint,2,327,9.804832410401314e-07,True,CONVERGED,float64,cuda:0
forward,0,331,9.926296988823735e-07,True,CONVERGED,float64,cuda:0
forward,1,341,9.338430170481867e-07,True,CONVERGED,float64,cuda:0
forward,2,338,9.08190560813819e-07,True,CONVERGED,float64,cuda:0
adjoint,0,331,9.420793474606889e-07,True,CONVERGED,float64,cuda:0
adjoint,1,324,9.457139295260683e-07,True,CONVERGED,float64,cuda:0
adjoint,2,327,9.843927615651365e-07,True,CONVERGED,float64,cuda:0
forward,0,331,9.984638631276883e-07,True,CONVERGED,float64,cuda:0
forward,1,341,9.377882214775539e-07,True,CONVERGED,float64,cuda:0
forward,2,338,9.00929940856843e-07,True,CONVERGED,float64,cuda:0
adjoint,0,331,9.797607741821188e-07,True,CONVERGED,float64,cuda:0
adjoint,1,324,9.341744571095406e-07,True,CONVERGED,float64,cuda:0
adjoint,2,327,9.86231011845132e-07,True,CONVERGED,float64,cuda:0
forward,0,331,9.954796875879742e-07,True,CONVERGED,float64,cuda:0
forward,1,341,9.357784759070576e-07,True,CONVERGED,float64,cuda:0
forward,2,338,9.035431649165505e-07,True,CONVERGED,float64,cuda:0
adjoint,0,331,9.99287721111866e-07,True,CONVERGED,float64,cuda:0
adjoint,1,324,9.375842979746465e-07,True,CONVERGED,float64,cuda:0
adjoint,2,327,9.8772910887312e-07,True,CONVERGED,float64,cuda:0
forward,0,331,9.878745899441903e-07,True,CONVERGED,float64,cuda:0
forward,1,341,9.32336935238633e-07,True,CONVERGED,float64,cuda:0
forward,2,338,9.093189335527106e-07,True,CONVERGED,float64,cuda:0
adjoint,0,331,9.376221040971679e-07,True,CONVERGED,float64,cuda:0
adjoint,1,324,9.455721105480711e-07,True,CONVERGED,float64,cuda:0
adjoint,2,327,9.861719565258439e-07,True,CONVERGED,float64,cuda:0
forward,0,331,9.8968938646881e-07,True,CONVERGED,float64,cuda:0
forward,1,341,9.334657397299544e-07,True,CONVERGED,float64,cuda:0
forward,2,338,9.044968982979039e-07,True,CONVERGED,float64,cuda:0
adjoint,0,331,9.412951433391722e-07,True,CONVERGED,float64,cuda:0
adjoint,1,324,9.4080656589746e-07,True,CONVERGED,float64,cuda:0
adjoint,2,327,9.804328692028742e-07,True,CONVERGED,float64,cuda:0
forward,0,331,9.886187777088838e-07,True,CONVERGED,float64,cuda:0
forward,1,341,9.316417717888738e-07,True,CONVERGED,float64,cuda:0
forward,2,338,9.104664990696336e-07,True,CONVERGED,float64,cuda:0
adjoint,0,331,9.267222410940484e-07,True,CONVERGED,float64,cuda:0
adjoint,1,324,9.492270393094551e-07,True,CONVERGED,float64,cuda:0
adjoint,2,327,9.814930877206381e-07,True,CONVERGED,float64,cuda:0
forward,0,331,9.934734080437406e-07,True,CONVERGED,float64,cuda:0
forward,1,341,9.344276154838931e-07,True,CONVERGED,float64,cuda:0
forward,2,338,9.047758527457009e-07,True,CONVERGED,float64,cuda:0
adjoint,0,331,9.431021299188455e-07,True,CONVERGED,float64,cuda:0
adjoint,1,324,9.4192914250393e-07,True,CONVERGED,float64,cuda:0
adjoint,2,327,9.811016083579918e-07,True,CONVERGED,float64,cuda:0
forward,0,331,9.898056051822035e-07,True,CONVERGED,float64,cuda:0
forward,1,341,9.324023549988072e-07,True,CONVERGED,float64,cuda:0
forward,2,338,9.097540290688705e-07,True,CONVERGED,float64,cuda:0
adjoint,0,331,9.323102545226948e-07,True,CONVERGED,float64,cuda:0
adjoint,1,324,9.474590235284217e-07,True,CONVERGED,float64,cuda:0
adjoint,2,327,9.84457623128729e-07,True,CONVERGED,float64,cuda:0
forward,0,331,9.939351913475302e-07,True,CONVERGED,float64,cuda:0
forward,1,341,9.343179019527112e-07,True,CONVERGED,float64,cuda:0
forward,2,338,9.068136626798007e-07,True,CONVERGED,float64,cuda:0
adjoint,0,331,9.530030907574377e-07,True,CONVERGED,float64,cuda:0
adjoint,1,324,9.425044406626179e-07,True,CONVERGED,float64,cuda:0
adjoint,2,327,9.881526792970681e-07,True,CONVERGED,float64,cuda:0
forward,0,331,9.962458775505157e-07,True,CONVERGED,float64,cuda:0
forward,1,341,9.368579687733651e-07,True,CONVERGED,float64,cuda:0
forward,2,338,9.002330727549988e-07,True,CONVERGED,float64,cuda:0
adjoint,0,331,9.7460141807692e-07,True,CONVERGED,float64,cuda:0
adjoint,1,324,9.335891389137276e-07,True,CONVERGED,float64,cuda:0
adjoint,2,327,9.861902027576377e-07,True,CONVERGED,float64,cuda:0
forward,0,331,9.880155737257558e-07,True,CONVERGED,float64,cuda:0
forward,1,341,9.326420450668063e-07,True,CONVERGED,float64,cuda:0
forward,2,338,9.077218810651468e-07,True,CONVERGED,float64,cuda:0
adjoint,0,331,9.372700338197737e-07,True,CONVERGED,float64,cuda:0
adjoint,1,324,9.443488000607705e-07,True,CONVERGED,float64,cuda:0
adjoint,2,327,9.855869406565454e-07,True,CONVERGED,float64,cuda:0
forward,0,331,9.853083075969927e-07,True,CONVERGED,float64,cuda:0
forward,1,341,9.309319507397968e-07,True,CONVERGED,float64,cuda:0
forward,2,338,9.142331946914996e-07,True,CONVERGED,float64,cuda:0
adjoint,0,331,9.20602538036855e-07,True,CONVERGED,float64,cuda:0
adjoint,1,324,9.535672931787738e-07,True,CONVERGED,float64,cuda:0
adjoint,2,327,9.860224931218028e-07,True,CONVERGED,float64,cuda:0
forward,0,331,9.981806971638522e-07,True,CONVERGED,float64,cuda:0
forward,1,341,9.382129007747327e-07,True,CONVERGED,float64,cuda:0
forward,2,338,8.992189030508611e-07,True,CONVERGED,float64,cuda:0
adjoint,0,331,9.756438707640186e-07,True,CONVERGED,float64,cuda:0
adjoint,1,324,9.335320097535708e-07,True,CONVERGED,float64,cuda:0
adjoint,2,327,9.82071302108264e-07,True,CONVERGED,float64,cuda:0
forward,0,331,9.917365911602172e-07,True,CONVERGED,float64,cuda:0
forward,1,341,9.342178594746204e-07,True,CONVERGED,float64,cuda:0
forward,2,338,9.048159013278984e-07,True,CONVERGED,float64,cuda:0
adjoint,0,331,9.485544858091464e-07,True,CONVERGED,float64,cuda:0
adjoint,1,324,9.4126278420455e-07,True,CONVERGED,float64,cuda:0
adjoint,2,327,9.830798965449214e-07,True,CONVERGED,float64,cuda:0
forward,0,331,9.80159443164389e-07,True,CONVERGED,float64,cuda:0
forward,1,341,9.293597420341134e-07,True,CONVERGED,float64,cuda:0
forward,2,338,9.159245081707062e-07,True,CONVERGED,float64,cuda:0
adjoint,0,331,9.112029404766295e-07,True,CONVERGED,float64,cuda:0
adjoint,1,324,9.564552106482149e-07,True,CONVERGED,float64,cuda:0
adjoint,2,327,9.85329800105076e-07,True,CONVERGED,float64,cuda:0
forward,0,331,9.93491356617349e-07,True,CONVERGED,float64,cuda:0
forward,1,341,9.354373008100203e-07,True,CONVERGED,float64,cuda:0
forward,2,338,9.033811497603579e-07,True,CONVERGED,float64,cuda:0
adjoint,0,331,9.9988059759577e-07,True,CONVERGED,float64,cuda:0
adjoint,1,324,9.379512748117794e-07,True,CONVERGED,float64,cuda:0
adjoint,2,327,9.86572087922053e-07,True,CONVERGED,float64,cuda:0
forward,0,331,9.975064788353561e-07,True,CONVERGED,float64,cuda:0
forward,1,341,9.401931140415381e-07,True,CONVERGED,float64,cuda:0
forward,2,338,8.956568830020844e-07,True,CONVERGED,float64,cuda:0
adjoint,0,331,9.875754257168442e-07,True,CONVERGED,float64,cuda:0
adjoint,1,324,9.257646588992592e-07,True,CONVERGED,float64,cuda:0
adjoint,2,327,9.826795541315729e-07,True,CONVERGED,float64,cuda:0
forward,0,331,9.86321907225113e-07,True,CONVERGED,float64,cuda:0
forward,1,341,9.310024054542733e-07,True,CONVERGED,float64,cuda:0
forward,2,338,9.169064812798913e-07,True,CONVERGED,float64,cuda:0
adjoint,0,331,9.224435592866891e-07,True,CONVERGED,float64,cuda:0
adjoint,1,324,9.562953796240716e-07,True,CONVERGED,float64,cuda:0
adjoint,2,327,9.88541401871438e-07,True,CONVERGED,float64,cuda:0
forward,0,331,9.915011297862517e-07,True,CONVERGED,float64,cuda:0
forward,1,341,9.336190823546688e-07,True,CONVERGED,float64,cuda:0
forward,2,338,9.052434461655573e-07,True,CONVERGED,float64,cuda:0
adjoint,0,331,9.522786578347486e-07,True,CONVERGED,float64,cuda:0
adjoint,1,324,9.41781636342944e-07,True,CONVERGED,float64,cuda:0
adjoint,2,327,9.841646872040083e-07,True,CONVERGED,float64,cuda:0
forward,0,331,9.952753554954995e-07,True,CONVERGED,float64,cuda:0
forward,1,341,9.359402115900042e-07,True,CONVERGED,float64,cuda:0
forward,2,338,9.01125411862203e-07,True,CONVERGED,float64,cuda:0
adjoint,0,331,9.686928529328967e-07,True,CONVERGED,float64,cuda:0
adjoint,1,324,9.369556530075276e-07,True,CONVERGED,float64,cuda:0
adjoint,2,327,9.820582505893493e-07,True,CONVERGED,float64,cuda:0
forward,0,331,9.834547760904187e-07,True,CONVERGED,float64,cuda:0
forward,1,341,9.287510350772888e-07,True,CONVERGED,float64,cuda:0
forward,2,338,9.158561145785511e-07,True,CONVERGED,float64,cuda:0
adjoint,0,331,9.193642354262417e-07,True,CONVERGED,float64,cuda:0
adjoint,1,324,9.56264745275188e-07,True,CONVERGED,float64,cuda:0
adjoint,2,327,9.869671736803143e-07,True,CONVERGED,float64,cuda:0
forward,0,331,9.932082975764832e-07,True,CONVERGED,float64,cuda:0
forward,1,341,9.332005318991849e-07,True,CONVERGED,float64,cuda:0
forward,2,338,9.057129235124413e-07,True,CONVERGED,float64,cuda:0
adjoint,0,331,9.561461477814042e-07,True,CONVERGED,float64,cuda:0
adjoint,1,324,9.425604696249144e-07,True,CONVERGED,float64,cuda:0
adjoint,2,327,9.864276758453966e-07,True,CONVERGED,float64,cuda:0
forward,0,331,9.978294750277034e-07,True,CONVERGED,float64,cuda:0
forward,1,341,9.356288752253867e-07,True,CONVERGED,float64,cuda:0
forward,2,338,9.028096792457121e-07,True,CONVERGED,float64,cuda:0
adjoint,0,331,9.781005667227505e-07,True,CONVERGED,float64,cuda:0
adjoint,1,324,9.373767804727621e-07,True,CONVERGED,float64,cuda:0
adjoint,2,327,9.891734561600988e-07,True,CONVERGED,float64,cuda:0
forward,0,331,9.968874900084365e-07,True,CONVERGED,float64,cuda:0
forward,1,341,9.343182531664851e-07,True,CONVERGED,float64,cuda:0
forward,2,338,9.057739943612133e-07,True,CONVERGED,float64,cuda:0
adjoint,0,332,9.039148441933955e-07,True,CONVERGED,float64,cuda:0
adjoint,1,324,9.413629380769113e-07,True,CONVERGED,float64,cuda:0
adjoint,2,327,9.907152728433825e-07,True,CONVERGED,float64,cuda:0
forward,0,331,9.927331512793726e-07,True,CONVERGED,float64,cuda:0
forward,1,341,9.326450932678317e-07,True,CONVERGED,float64,cuda:0
forward,2,338,9.076642329720243e-07,True,CONVERGED,float64,cuda:0
adjoint,0,331,9.54429742806881e-07,True,CONVERGED,float64,cuda:0
adjoint,1,324,9.443539783889634e-07,True,CONVERGED,float64,cuda:0
adjoint,2,327,9.88865473263478e-07,True,CONVERGED,float64,cuda:0
forward,0,331,9.921169275580256e-07,True,CONVERGED,float64,cuda:0
forward,1,341,9.32055158402861e-07,True,CONVERGED,float64,cuda:0
forward,2,338,9.08309954206921e-07,True,CONVERGED,float64,cuda:0
adjoint,0,331,9.492485611452382e-07,True,CONVERGED,float64,cuda:0
adjoint,1,324,9.457388002832291e-07,True,CONVERGED,float64,cuda:0
adjoint,2,327,9.876406306731073e-07,True,CONVERGED,float64,cuda:0
forward,0,331,9.925509791413916e-07,True,CONVERGED,float64,cuda:0
forward,1,341,9.330145265441127e-07,True,CONVERGED,float64,cuda:0
forward,2,338,9.044123307690475e-07,True,CONVERGED,float64,cuda:0
adjoint,0,331,9.550333375565613e-07,True,CONVERGED,float64,cuda:0
adjoint,1,324,9.415493301352514e-07,True,CONVERGED,float64,cuda:0
adjoint,2,327,9.837391546109447e-07,True,CONVERGED,float64,cuda:0
forward,0,331,9.864731557475376e-07,True,CONVERGED,float64,cuda:0
forward,1,341,9.298731509648101e-07,True,CONVERGED,float64,cuda:0
forward,2,338,9.115810076556652e-07,True,CONVERGED,float64,cuda:0
adjoint,0,331,9.320773261808344e-07,True,CONVERGED,float64,cuda:0
adjoint,1,324,9.499550131116872e-07,True,CONVERGED,float64,cuda:0
adjoint,2,327,9.861827915570621e-07,True,CONVERGED,float64,cuda:0
forward,0,331,9.909105590156402e-07,True,CONVERGED,float64,cuda:0
forward,1,341,9.322287230441946e-07,True,CONVERGED,float64,cuda:0
forward,2,338,9.07889063968379e-07,True,CONVERGED,float64,cuda:0
adjoint,0,331,9.498971023511289e-07,True,CONVERGED,float64,cuda:0
adjoint,1,324,9.442763529384698e-07,True,CONVERGED,float64,cuda:0
adjoint,2,327,9.869779196233907e-07,True,CONVERGED,float64,cuda:0
forward,0,331,9.970778096004077e-07,True,CONVERGED,float64,cuda:0
forward,1,341,9.362967529841262e-07,True,CONVERGED,float64,cuda:0
forward,2,338,9.006007405183097e-07,True,CONVERGED,float64,cuda:0
adjoint,0,331,9.835031122548932e-07,True,CONVERGED,float64,cuda:0
adjoint,1,324,9.341150791799497e-07,True,CONVERGED,float64,cuda:0
adjoint,2,327,9.86147894418578e-07,True,CONVERGED,float64,cuda:0
forward,0,331,9.937101759697073e-07,True,CONVERGED,float64,cuda:0
forward,1,341,9.333565023248757e-07,True,CONVERGED,float64,cuda:0
forward,2,338,9.070205407082135e-07,True,CONVERGED,float64,cuda:0
adjoint,0,331,9.604403596860053e-07,True,CONVERGED,float64,cuda:0
adjoint,1,324,9.426905472522376e-07,True,CONVERGED,float64,cuda:0
adjoint,2,327,9.884134328460315e-07,True,CONVERGED,float64,cuda:0
forward,0,331,9.907325511530763e-07,True,CONVERGED,float64,cuda:0
forward,1,341,9.325712763091993e-07,True,CONVERGED,float64,cuda:0
forward,2,338,9.085144315161636e-07,True,CONVERGED,float64,cuda:0
adjoint,0,331,9.462144133527925e-07,True,CONVERGED,float64,cuda:0
adjoint,1,324,9.448966535722223e-07,True,CONVERGED,float64,cuda:0
adjoint,2,327,9.864370100988756e-07,True,CONVERGED,float64,cuda:0
forward,0,331,9.923206487753002e-07,True,CONVERGED,float64,cuda:0
forward,1,341,9.337293556038841e-07,True,CONVERGED,float64,cuda:0
forward,2,338,9.044412993165298e-07,True,CONVERGED,float64,cuda:0
adjoint,0,331,9.539473183598033e-07,True,CONVERGED,float64,cuda:0
adjoint,1,324,9.404928118936816e-07,True,CONVERGED,float64,cuda:0
adjoint,2,327,9.830389675499842e-07,True,CONVERGED,float64,cuda:0
forward,0,331,9.86729571788653e-07,True,CONVERGED,float64,cuda:0
forward,1,341,9.31060350145288e-07,True,CONVERGED,float64,cuda:0
forward,2,338,9.082774842528326e-07,True,CONVERGED,float64,cuda:0
adjoint,0,331,9.345789784596923e-07,True,CONVERGED,float64,cuda:0
adjoint,1,324,9.456119875725061e-07,True,CONVERGED,float64,cuda:0
adjoint,2,327,9.834674017995218e-07,True,CONVERGED,float64,cuda:0
forward,0,331,9.867835336797002e-07,True,CONVERGED,float64,cuda:0
forward,1,341,9.308144144477319e-07,True,CONVERGED,float64,cuda:0
forward,2,338,9.113579308975233e-07,True,CONVERGED,float64,cuda:0
adjoint,0,331,9.316262832493722e-07,True,CONVERGED,float64,cuda:0
adjoint,1,324,9.490027323399322e-07,True,CONVERGED,float64,cuda:0
adjoint,2,327,9.8629762168501e-07,True,CONVERGED,float64,cuda:0
forward,0,331,9.948353645328495e-07,True,CONVERGED,float64,cuda:0
forward,1,341,9.35148289146359e-07,True,CONVERGED,float64,cuda:0
forward,2,338,9.033515096521319e-07,True,CONVERGED,float64,cuda:0
adjoint,0,331,9.778390386304504e-07,True,CONVERGED,float64,cuda:0
adjoint,1,324,9.380226140362835e-07,True,CONVERGED,float64,cuda:0
adjoint,2,327,9.863263435097382e-07,True,CONVERGED,float64,cuda:0
forward,0,331,9.950435846316413e-07,True,CONVERGED,float64,cuda:0
forward,1,341,9.352170687755482e-07,True,CONVERGED,float64,cuda:0
forward,2,338,9.031181694948107e-07,True,CONVERGED,float64,cuda:0
adjoint,0,331,9.740468602245997e-07,True,CONVERGED,float64,cuda:0
adjoint,1,324,9.37610193557228e-07,True,CONVERGED,float64,cuda:0
adjoint,2,327,9.86607986525266e-07,True,CONVERGED,float64,cuda:0
forward,0,331,9.890149185345052e-07,True,CONVERGED,float64,cuda:0
forward,1,341,9.315546234590632e-07,True,CONVERGED,float64,cuda:0
forward,2,338,9.1362227219855e-07,True,CONVERGED,float64,cuda:0
adjoint,0,331,9.330998409953562e-07,True,CONVERGED,float64,cuda:0
adjoint,1,324,9.515531409810841e-07,True,CONVERGED,float64,cuda:0
adjoint,2,327,9.89253127315353e-07,True,CONVERGED,float64,cuda:0
forward,0,331,9.949919030879364e-07,True,CONVERGED,float64,cuda:0
forward,1,341,9.353795030819135e-07,True,CONVERGED,float64,cuda:0
forward,2,338,9.029030006407089e-07,True,CONVERGED,float64,cuda:0
adjoint,0,331,9.689282992819682e-07,True,CONVERGED,float64,cuda:0
adjoint,1,324,9.37790228852502e-07,True,CONVERGED,float64,cuda:0
adjoint,2,327,9.86778601734316e-07,True,CONVERGED,float64,cuda:0
forward,0,331,9.9207580551016e-07,True,CONVERGED,float64,cuda:0
forward,1,341,9.340190135442964e-07,True,CONVERGED,float64,cuda:0
forward,2,338,9.037778818394631e-07,True,CONVERGED,float64,cuda:0
adjoint,0,331,9.558668259145462e-07,True,CONVERGED,float64,cuda:0
adjoint,1,324,9.396271644247594e-07,True,CONVERGED,float64,cuda:0
adjoint,2,327,9.845370106163493e-07,True,CONVERGED,float64,cuda:0
forward,0,331,9.833914484784712e-07,True,CONVERGED,float64,cuda:0
forward,1,341,9.294922138496195e-07,True,CONVERGED,float64,cuda:0
forward,2,338,9.167073160343598e-07,True,CONVERGED,float64,cuda:0
adjoint,0,331,9.163989182277379e-07,True,CONVERGED,float64,cuda:0
adjoint,1,324,9.568876052683935e-07,True,CONVERGED,float64,cuda:0
adjoint,2,327,9.884299451100309e-07,True,CONVERGED,float64,cuda:0
forward,0,331,9.96326262046607e-07,True,CONVERGED,float64,cuda:0
forward,1,341,9.361848454544154e-07,True,CONVERGED,float64,cuda:0
forward,2,338,9.017517061312563e-07,True,CONVERGED,float64,cuda:0
adjoint,0,331,9.750552847870844e-07,True,CONVERGED,float64,cuda:0
adjoint,1,324,9.361075085084139e-07,True,CONVERGED,float64,cuda:0
adjoint,2,327,9.864428755066784e-07,True,CONVERGED,float64,cuda:0
forward,0,331,9.966704850768914e-07,True,CONVERGED,float64,cuda:0
forward,1,341,9.368352454296383e-07,True,CONVERGED,float64,cuda:0
forward,2,338,9.002678628898726e-07,True,CONVERGED,float64,cuda:0
adjoint,0,331,9.825092509329028e-07,True,CONVERGED,float64,cuda:0
adjoint,1,324,9.33837914565939e-07,True,CONVERGED,float64,cuda:0
adjoint,2,327,9.862382133338847e-07,True,CONVERGED,float64,cuda:0
forward,0,331,9.864894870563826e-07,True,CONVERGED,float64,cuda:0
forward,1,341,9.306082987802299e-07,True,CONVERGED,float64,cuda:0
forward,2,338,9.141488626492936e-07,True,CONVERGED,float64,cuda:0
adjoint,0,331,9.319654982955493e-07,True,CONVERGED,float64,cuda:0
adjoint,1,324,9.522762541071503e-07,True,CONVERGED,float64,cuda:0
adjoint,2,327,9.90104920920738e-07,True,CONVERGED,float64,cuda:0
forward,0,331,9.913475292653302e-07,True,CONVERGED,float64,cuda:0
forward,1,341,9.329539331227433e-07,True,CONVERGED,float64,cuda:0
forward,2,338,9.074347413341459e-07,True,CONVERGED,float64,cuda:0
adjoint,0,331,9.545314159047113e-07,True,CONVERGED,float64,cuda:0
adjoint,1,324,9.43670444599857e-07,True,CONVERGED,float64,cuda:0
adjoint,2,327,9.88384878405365e-07,True,CONVERGED,float64,cuda:0
forward,0,331,9.957938425308162e-07,True,CONVERGED,float64,cuda:0
forward,1,341,9.366686977466137e-07,True,CONVERGED,float64,cuda:0
forward,2,338,8.992314354809879e-07,True,CONVERGED,float64,cuda:0
adjoint,0,331,9.805330253364133e-07,True,CONVERGED,float64,cuda:0
adjoint,1,324,9.333769177550676e-07,True,CONVERGED,float64,cuda:0
adjoint,2,327,9.834080419323364e-07,True,CONVERGED,float64,cuda:0
forward,0,331,9.852050631437666e-07,True,CONVERGED,float64,cuda:0
forward,1,341,9.297081062172788e-07,True,CONVERGED,float64,cuda:0
forward,2,338,9.124533950616874e-07,True,CONVERGED,float64,cuda:0
adjoint,0,331,9.316900160871928e-07,True,CONVERGED,float64,cuda:0
adjoint,1,324,9.508358420696068e-07,True,CONVERGED,float64,cuda:0
adjoint,2,327,9.879794429307764e-07,True,CONVERGED,float64,cuda:0
forward,0,331,9.873088836779785e-07,True,CONVERGED,float64,cuda:0
forward,1,341,9.306039370790914e-07,True,CONVERGED,float64,cuda:0
forward,2,338,9.119006343191228e-07,True,CONVERGED,float64,cuda:0
adjoint,0,331,9.344168376617827e-07,True,CONVERGED,float64,cuda:0
adjoint,1,324,9.496977119786416e-07,True,CONVERGED,float64,cuda:0
adjoint,2,327,9.879873889914962e-07,True,CONVERGED,float64,cuda:0
forward,0,331,9.972326424174015e-07,True,CONVERGED,float64,cuda:0
forward,1,341,9.369857911397294e-07,True,CONVERGED,float64,cuda:0
forward,2,338,8.990728787372165e-07,True,CONVERGED,float64,cuda:0
adjoint,0,332,9.026470824681383e-07,True,CONVERGED,float64,cuda:0
adjoint,1,324,9.325165248040831e-07,True,CONVERGED,float64,cuda:0
adjoint,2,327,9.84702674255995e-07,True,CONVERGED,float64,cuda:0
forward,0,331,9.932600900913897e-07,True,CONVERGED,float64,cuda:0
forward,1,341,9.333750571270107e-07,True,CONVERGED,float64,cuda:0
forward,2,338,9.060934951125281e-07,True,CONVERGED,float64,cuda:0
adjoint,0,331,9.61699617952569e-07,True,CONVERGED,float64,cuda:0
adjoint,1,324,9.416206817291246e-07,True,CONVERGED,float64,cuda:0
adjoint,2,327,9.886372694504669e-07,True,CONVERGED,float64,cuda:0
forward,0,331,9.887473889843447e-07,True,CONVERGED,float64,cuda:0
forward,1,341,9.304159915210207e-07,True,CONVERGED,float64,cuda:0
forward,2,338,9.151433579292521e-07,True,CONVERGED,float64,cuda:0
adjoint,0,331,9.357828492337992e-07,True,CONVERGED,float64,cuda:0
adjoint,1,324,9.53010350876984e-07,True,CONVERGED,float64,cuda:0
adjoint,2,327,9.92295242316802e-07,True,CONVERGED,float64,cuda:0
forward,0,331,9.974494007368823e-07,True,CONVERGED,float64,cuda:0
forward,1,341,9.369096246687549e-07,True,CONVERGED,float64,cuda:0
forward,2,338,8.986060733695913e-07,True,CONVERGED,float64,cuda:0
adjoint,0,331,9.882808984240326e-07,True,CONVERGED,float64,cuda:0
adjoint,1,324,9.318089296614241e-07,True,CONVERGED,float64,cuda:0
adjoint,2,327,9.852078287191284e-07,True,CONVERGED,float64,cuda:0
forward,0,331,9.932568356751116e-07,True,CONVERGED,float64,cuda:0
forward,1,341,9.325712270771319e-07,True,CONVERGED,float64,cuda:0
forward,2,338,9.05946029139622e-07,True,CONVERGED,float64,cuda:0
adjoint,0,331,9.635736589888266e-07,True,CONVERGED,float64,cuda:0
adjoint,1,324,9.421933677221839e-07,True,CONVERGED,float64,cuda:0
adjoint,2,327,9.880826662870558e-07,True,CONVERGED,float64,cuda:0
forward,0,331,9.86851108848308e-07,True,CONVERGED,float64,cuda:0
forward,1,341,9.292417106015189e-07,True,CONVERGED,float64,cuda:0
forward,2,338,9.153479228688483e-07,True,CONVERGED,float64,cuda:0
adjoint,0,331,9.282988612202569e-07,True,CONVERGED,float64,cuda:0
adjoint,1,324,9.54269692207131e-07,True,CONVERGED,float64,cuda:0
adjoint,2,327,9.902617789407e-07,True,CONVERGED,float64,cuda:0
forward,0,331,9.965453030342646e-07,True,CONVERGED,float64,cuda:0
forward,1,341,9.345288530887743e-07,True,CONVERGED,float64,cuda:0
forward,2,338,9.024394192363002e-07,True,CONVERGED,float64,cuda:0
adjoint,0,331,9.768248637960996e-07,True,CONVERGED,float64,cuda:0
adjoint,1,324,9.378870787301217e-07,True,CONVERGED,float64,cuda:0
adjoint,2,327,9.866714885561749e-07,True,CONVERGED,float64,cuda:0
forward,0,331,9.9724764772562e-07,True,CONVERGED,float64,cuda:0
forward,1,341,9.346478835431984e-07,True,CONVERGED,float64,cuda:0
forward,2,338,9.027770745109235e-07,True,CONVERGED,float64,cuda:0
adjoint,0,331,9.823938520587585e-07,True,CONVERGED,float64,cuda:0
adjoint,1,324,9.379357768958294e-07,True,CONVERGED,float64,cuda:0
adjoint,2,327,9.889743726617089e-07,True,CONVERGED,float64,cuda:0
forward,0,331,9.915266265594839e-07,True,CONVERGED,float64,cuda:0
forward,1,341,9.310866211428783e-07,True,CONVERGED,float64,cuda:0
forward,2,338,9.122154389167112e-07,True,CONVERGED,float64,cuda:0
adjoint,0,331,9.499671105775429e-07,True,CONVERGED,float64,cuda:0
adjoint,1,324,9.493182162324818e-07,True,CONVERGED,float64,cuda:0
adjoint,2,327,9.931358399857123e-07,True,CONVERGED,float64,cuda:0
forward,0,331,9.950171850427768e-07,True,CONVERGED,float64,cuda:0
forward,1,341,9.330715172049422e-07,True,CONVERGED,float64,cuda:0
forward,2,338,9.051733862615166e-07,True,CONVERGED,float64,cuda:0
adjoint,0,331,9.763544295159738e-07,True,CONVERGED,float64,cuda:0
adjoint,1,324,9.409194427358784e-07,True,CONVERGED,float64,cuda:0
adjoint,2,327,9.90725674717529e-07,True,CONVERGED,float64,cuda:0
forward,0,331,9.955745458544832e-07,True,CONVERGED,float64,cuda:0
forward,1,341,9.342035663129498e-07,True,CONVERGED,float64,cuda:0
forward,2,338,9.025476087037231e-07,True,CONVERGED,float64,cuda:0
adjoint,0,331,9.798473234757496e-07,True,CONVERGED,float64,cuda:0
adjoint,1,324,9.37617116456808e-07,True,CONVERGED,float64,cuda:0
adjoint,2,327,9.886179152476602e-07,True,CONVERGED,float64,cuda:0
forward,0,331,9.89084313719846e-07,True,CONVERGED,float64,cuda:0
forward,1,341,9.304197866259162e-07,True,CONVERGED,float64,cuda:0
forward,2,338,9.094834811374769e-07,True,CONVERGED,float64,cuda:0
adjoint,0,331,9.479919789610833e-07,True,CONVERGED,float64,cuda:0
adjoint,1,324,9.466469797841897e-07,True,CONVERGED,float64,cuda:0
adjoint,2,327,9.8877744442154e-07,True,CONVERGED,float64,cuda:0
forward,0,331,9.878575036545835e-07,True,CONVERGED,float64,cuda:0
forward,1,341,9.297982177053118e-07,True,CONVERGED,float64,cuda:0
forward,2,338,9.118694197463062e-07,True,CONVERGED,float64,cuda:0
adjoint,0,331,9.398988370680021e-07,True,CONVERGED,float64,cuda:0
adjoint,1,324,9.496060211016969e-07,True,CONVERGED,float64,cuda:0
adjoint,2,327,9.893595783840108e-07,True,CONVERGED,float64,cuda:0
forward,0,331,9.95528343624594e-07,True,CONVERGED,float64,cuda:0
forward,1,341,9.343043441820925e-07,True,CONVERGED,float64,cuda:0
forward,2,338,9.021039831734801e-07,True,CONVERGED,float64,cuda:0
adjoint,0,331,9.793618779047887e-07,True,CONVERGED,float64,cuda:0
adjoint,1,324,9.369415711026161e-07,True,CONVERGED,float64,cuda:0
adjoint,2,327,9.856561133000217e-07,True,CONVERGED,float64,cuda:0
forward,0,331,9.941425485475713e-07,True,CONVERGED,float64,cuda:0
forward,1,341,9.330261248520173e-07,True,CONVERGED,float64,cuda:0
forward,2,338,9.063281181462579e-07,True,CONVERGED,float64,cuda:0
adjoint,0,332,9.053115583202094e-07,True,CONVERGED,float64,cuda:0
adjoint,1,324,9.414302049905896e-07,True,CONVERGED,float64,cuda:0
adjoint,2,327,9.900217258035374e-07,True,CONVERGED,float64,cuda:0
forward,0,331,9.923350111549194e-07,True,CONVERGED,float64,cuda:0
forward,1,341,9.320720134440008e-07,True,CONVERGED,float64,cuda:0
forward,2,338,9.070502565448234e-07,True,CONVERGED,float64,cuda:0
adjoint,0,331,9.674835465833828e-07,True,CONVERGED,float64,cuda:0
adjoint,1,324,9.423517552489695e-07,True,CONVERGED,float64,cuda:0
adjoint,2,327,9.897991552897075e-07,True,CONVERGED,float64,cuda:0
forward,0,331,9.933040666319721e-07,True,CONVERGED,float64,cuda:0
forward,1,341,9.327628784234456e-07,True,CONVERGED,float64,cuda:0
forward,2,338,9.054940072527278e-07,True,CONVERGED,float64,cuda:0
adjoint,0,331,9.870242239079394e-07,True,CONVERGED,float64,cuda:0
adjoint,1,324,9.405081808104587e-07,True,CONVERGED,float64,cuda:0
adjoint,2,327,9.87873957376577e-07,True,CONVERGED,float64,cuda:0
forward,0,331,9.925991091668556e-07,True,CONVERGED,float64,cuda:0
forward,1,341,9.324558417650307e-07,True,CONVERGED,float64,cuda:0
forward,2,338,9.057927373306029e-07,True,CONVERGED,float64,cuda:0
adjoint,0,331,9.600666953980211e-07,True,CONVERGED,float64,cuda:0
adjoint,1,324,9.415515517309338e-07,True,CONVERGED,float64,cuda:0
adjoint,2,327,9.86446900494273e-07,True,CONVERGED,float64,cuda:0
forward,0,331,9.899739483852952e-07,True,CONVERGED,float64,cuda:0
forward,1,341,9.304617174032889e-07,True,CONVERGED,float64,cuda:0
forward,2,338,9.109242061428935e-07,True,CONVERGED,float64,cuda:0
adjoint,0,331,9.407335364056946e-07,True,CONVERGED,float64,cuda:0
adjoint,1,324,9.482077743171169e-07,True,CONVERGED,float64,cuda:0
adjoint,2,327,9.885006796853854e-07,True,CONVERGED,float64,cuda:0
forward,0,331,9.932635507357188e-07,True,CONVERGED,float64,cuda:0
forward,1,341,9.326314066076389e-07,True,CONVERGED,float64,cuda:0
forward,2,338,9.05878217350971e-07,True,CONVERGED,float64,cuda:0
adjoint,0,331,9.61587050398008e-07,True,CONVERGED,float64,cuda:0
adjoint,1,324,9.418126614643388e-07,True,CONVERGED,float64,cuda:0
adjoint,2,327,9.870516362323114e-07,True,CONVERGED,float64,cuda:0
forward,0,331,9.935845666959342e-07,True,CONVERGED,float64,cuda:0
forward,1,341,9.326186911407139e-07,True,CONVERGED,float64,cuda:0
forward,2,338,9.061080160584143e-07,True,CONVERGED,float64,cuda:0
adjoint,0,331,9.704308132084297e-07,True,CONVERGED,float64,cuda:0
adjoint,1,324,9.415470884411347e-07,True,CONVERGED,float64,cuda:0
adjoint,2,327,9.895799173934071e-07,True,CONVERGED,float64,cuda:0
forward,0,331,9.93109879871654e-07,True,CONVERGED,float64,cuda:0
forward,1,341,9.323163312789259e-07,True,CONVERGED,float64,cuda:0
forward,2,338,9.0731575774386e-07,True,CONVERGED,float64,cuda:0
adjoint,0,331,9.581188194310048e-07,True,CONVERGED,float64,cuda:0
adjoint,1,324,9.429484955457899e-07,True,CONVERGED,float64,cuda:0
adjoint,2,327,9.90285457499403e-07,True,CONVERGED,float64,cuda:0
forward,0,331,9.928508844440098e-07,True,CONVERGED,float64,cuda:0
forward,1,341,9.322457021658282e-07,True,CONVERGED,float64,cuda:0
forward,2,338,9.078049766146386e-07,True,CONVERGED,float64,cuda:0
adjoint,0,331,9.57979922380725e-07,True,CONVERGED,float64,cuda:0
adjoint,1,324,9.434649723101126e-07,True,CONVERGED,float64,cuda:0
adjoint,2,327,9.910078159006133e-07,True,CONVERGED,float64,cuda:0
forward,0,331,9.945575378558946e-07,True,CONVERGED,float64,cuda:0
forward,1,341,9.334973605855779e-07,True,CONVERGED,float64,cuda:0
forward,2,338,9.052607563170373e-07,True,CONVERGED,float64,cuda:0
adjoint,0,331,9.98337846341637e-07,True,CONVERGED,float64,cuda:0
adjoint,1,324,9.406280354529118e-07,True,CONVERGED,float64,cuda:0
adjoint,2,327,9.890111760647708e-07,True,CONVERGED,float64,cuda:0
forward,0,331,9.91746742072043e-07,True,CONVERGED,float64,cuda:0
forward,1,341,9.320177886693706e-07,True,CONVERGED,float64,cuda:0
forward,2,338,9.069954580187101e-07,True,CONVERGED,float64,cuda:0
adjoint,0,331,9.528911020391043e-07,True,CONVERGED,float64,cuda:0
adjoint,1,324,9.433547606074747e-07,True,CONVERGED,float64,cuda:0
adjoint,2,327,9.881229220020298e-07,True,CONVERGED,float64,cuda:0
forward,0,331,9.884416306116139e-07,True,CONVERGED,float64,cuda:0
forward,1,341,9.307181085015669e-07,True,CONVERGED,float64,cuda:0
forward,2,338,9.103925867532019e-07,True,CONVERGED,float64,cuda:0
adjoint,0,331,9.384077564787736e-07,True,CONVERGED,float64,cuda:0
adjoint,1,324,9.471727699360425e-07,True,CONVERGED,float64,cuda:0
adjoint,2,327,9.886752201655831e-07,True,CONVERGED,float64,cuda:0
forward,0,331,9.926297090666682e-07,True,CONVERGED,float64,cuda:0
forward,1,341,9.327856243349175e-07,True,CONVERGED,float64,cuda:0
forward,2,338,9.073245910086406e-07,True,CONVERGED,float64,cuda:0
adjoint,0,331,9.563090842056486e-07,True,CONVERGED,float64,cuda:0
adjoint,1,324,9.426127074967518e-07,True,CONVERGED,float64,cuda:0
adjoint,2,327,9.89487156397986e-07,True,CONVERGED,float64,cuda:0
forward,0,331,9.957337040499442e-07,True,CONVERGED,float64,cuda:0
forward,1,341,9.355622134380745e-07,True,CONVERGED,float64,cuda:0
forward,2,338,9.015304977859185e-07,True,CONVERGED,float64,cuda:0
adjoint,0,331,9.77295952155308e-07,True,CONVERGED,float64,cuda:0
adjoint,1,324,9.347259457647396e-07,True,CONVERGED,float64,cuda:0
adjoint,2,327,9.86373737490464e-07,True,CONVERGED,float64,cuda:0
forward,0,331,9.906887877506954e-07,True,CONVERGED,float64,cuda:0
forward,1,341,9.321711254260648e-07,True,CONVERGED,float64,cuda:0
forward,2,338,9.070826135680353e-07,True,CONVERGED,float64,cuda:0
adjoint,0,331,9.466447403225908e-07,True,CONVERGED,float64,cuda:0
adjoint,1,324,9.427762911273551e-07,True,CONVERGED,float64,cuda:0
adjoint,2,327,9.867544068702997e-07,True,CONVERGED,float64,cuda:0
forward,0,331,9.856306747638874e-07,True,CONVERGED,float64,cuda:0
forward,1,341,9.294446406486695e-07,True,CONVERGED,float64,cuda:0
forward,2,338,9.145721218051709e-07,True,CONVERGED,float64,cuda:0
adjoint,0,331,9.241470970963221e-07,True,CONVERGED,float64,cuda:0
adjoint,1,324,9.527712720823971e-07,True,CONVERGED,float64,cuda:0
adjoint,2,327,9.890388274482512e-07,True,CONVERGED,float64,cuda:0
forward,0,331,9.971481382109888e-07,True,CONVERGED,float64,cuda:0
forward,1,341,9.350264932171487e-07,True,CONVERGED,float64,cuda:0
forward,2,338,9.042223852959289e-07,True,CONVERGED,float64,cuda:0
adjoint,0,331,9.789129832273077e-07,True,CONVERGED,float64,cuda:0
adjoint,1,324,9.384071456808709e-07,True,CONVERGED,float64,cuda:0
adjoint,2,327,9.900236708765598e-07,True,CONVERGED,float64,cuda:0
forward,0,331,9.99179793308157e-07,True,CONVERGED,float64,cuda:0
forward,1,341,9.386873849742374e-07,True,CONVERGED,float64,cuda:0
forward,2,338,8.962413579601649e-07,True,CONVERGED,float64,cuda:0
adjoint,0,332,8.977192793341279e-07,True,CONVERGED,float64,cuda:0
adjoint,1,324,9.271250669062669e-07,True,CONVERGED,float64,cuda:0
adjoint,2,327,9.85655137175764e-07,True,CONVERGED,float64,cuda:0
forward,0,331,9.84014725557756e-07,True,CONVERGED,float64,cuda:0
forward,1,341,9.288235408730319e-07,True,CONVERGED,float64,cuda:0
forward,2,338,9.167979907001289e-07,True,CONVERGED,float64,cuda:0
adjoint,0,331,9.254946567417969e-07,True,CONVERGED,float64,cuda:0
adjoint,1,324,9.554640772916777e-07,True,CONVERGED,float64,cuda:0
adjoint,2,327,9.923659846245984e-07,True,CONVERGED,float64,cuda:0
forward,0,331,9.893771146279976e-07,True,CONVERGED,float64,cuda:0
forward,1,341,9.305071224670397e-07,True,CONVERGED,float64,cuda:0
forward,2,338,9.101806630891746e-07,True,CONVERGED,float64,cuda:0
adjoint,0,331,9.47315006323639e-07,True,CONVERGED,float64,cuda:0
adjoint,1,324,9.471606951671957e-07,True,CONVERGED,float64,cuda:0
adjoint,2,327,9.916014663314804e-07,True,CONVERGED,float64,cuda:0
forward,0,331,9.985199753355455e-07,True,CONVERGED,float64,cuda:0
forward,1,341,9.370803043100826e-07,True,CONVERGED,float64,cuda:0
forward,2,338,8.977874353183852e-07,True,CONVERGED,float64,cuda:0
adjoint,0,331,9.901724880070452e-07,True,CONVERGED,float64,cuda:0
adjoint,1,324,9.309508686879146e-07,True,CONVERGED,float64,cuda:0
adjoint,2,327,9.8708661647162e-07,True,CONVERGED,float64,cuda:0
forward,0,331,9.9251641215837e-07,True,CONVERGED,float64,cuda:0
forward,1,341,9.312047003761191e-07,True,CONVERGED,float64,cuda:0
forward,2,338,9.095511331915942e-07,True,CONVERGED,float64,cuda:0
adjoint,0,331,9.56139121092732e-07,True,CONVERGED,float64,cuda:0
adjoint,1,324,9.466813057119781e-07,True,CONVERGED,float64,cuda:0
adjoint,2,327,9.925267369412315e-07,True,CONVERGED,float64,cuda:0
forward,0,331,9.881399070394179e-07,True,CONVERGED,float64,cuda:0
forward,1,341,9.292558685156752e-07,True,CONVERGED,float64,cuda:0
forward,2,338,9.160232609874387e-07,True,CONVERGED,float64,cuda:0
adjoint,0,331,9.383191809941062e-07,True,CONVERGED,float64,cuda:0
adjoint,1,324,9.54408127989704e-07,True,CONVERGED,float64,cuda:0
adjoint,2,327,9.941343843665035e-07,True,CONVERGED,float64,cuda:0
forward,0,331,9.984250294225637e-07,True,CONVERGED,float64,cuda:0
forward,1,341,9.361633999592736e-07,True,CONVERGED,float64,cuda:0
forward,2,338,8.991713508714087e-07,True,CONVERGED,float64,cuda:0
adjoint,0,331,9.936442040053627e-07,True,CONVERGED,float64,cuda:0
adjoint,1,324,9.329211906289943e-07,True,CONVERGED,float64,cuda:0
adjoint,2,327,9.890125328571263e-07,True,CONVERGED,float64,cuda:0
forward,0,331,9.972026226462634e-07,True,CONVERGED,float64,cuda:0
forward,1,341,9.344583081133758e-07,True,CONVERGED,float64,cuda:0
forward,2,338,9.016892976074741e-07,True,CONVERGED,float64,cuda:0
adjoint,0,332,9.096662688553495e-07,True,CONVERGED,float64,cuda:0
adjoint,1,324,9.363016157010685e-07,True,CONVERGED,float64,cuda:0
adjoint,2,327,9.900240714337243e-07,True,CONVERGED,float64,cuda:0
forward,0,331,9.903414625700328e-07,True,CONVERGED,float64,cuda:0
forward,1,341,9.292442283528162e-07,True,CONVERGED,float64,cuda:0
forward,2,338,9.158571972119574e-07,True,CONVERGED,float64,cuda:0
adjoint,0,331,9.423668763485309e-07,True,CONVERGED,float64,cuda:0
adjoint,1,324,9.540045777932191e-07,True,CONVERGED,float64,cuda:0
adjoint,2,327,9.950546183473321e-07,True,CONVERGED,float64,cuda:0
forward,0,331,9.96100445855149e-07,True,CONVERGED,float64,cuda:0
forward,1,341,9.325066045626913e-07,True,CONVERGED,float64,cuda:0
forward,2,338,9.055019806406126e-07,True,CONVERGED,float64,cuda:0
adjoint,0,331,9.79211395477426e-07,True,CONVERGED,float64,cuda:0
adjoint,1,324,9.415791426636696e-07,True,CONVERGED,float64,cuda:0
adjoint,2,327,9.916421053820558e-07,True,CONVERGED,float64,cuda:0
forward,0,331,9.987875277943348e-07,True,CONVERGED,float64,cuda:0
forward,1,341,9.350653348898259e-07,True,CONVERGED,float64,cuda:0
forward,2,338,9.00265025160423e-07,True,CONVERGED,float64,cuda:0
adjoint,0,331,9.932492957352274e-07,True,CONVERGED,float64,cuda:0
adjoint,1,324,9.350674585718532e-07,True,CONVERGED,float64,cuda:0
adjoint,2,327,9.886373406592947e-07,True,CONVERGED,float64,cuda:0
forward,0,331,9.925902284349901e-07,True,CONVERGED,float64,cuda:0
forward,1,341,9.29644277603922e-07,True,CONVERGED,float64,cuda:0
forward,2,338,9.126519426372511e-07,True,CONVERGED,float64,cuda:0
adjoint,0,331,9.555448067761506e-07,True,CONVERGED,float64,cuda:0
adjoint,1,324,9.500715877070163e-07,True,CONVERGED,float64,cuda:0
adjoint,2,327,9.95866127502952e-07,True,CONVERGED,float64,cuda:0
forward,0,331,9.940500374917243e-07,True,CONVERGED,float64,cuda:0
forward,1,341,9.304869968555261e-07,True,CONVERGED,float64,cuda:0
forward,2,338,9.096265331911064e-07,True,CONVERGED,float64,cuda:0
adjoint,0,331,9.699183415628646e-07,True,CONVERGED,float64,cuda:0
adjoint,1,324,9.463509781775505e-07,True,CONVERGED,float64,cuda:0
adjoint,2,327,9.947087494628877e-07,True,CONVERGED,float64,cuda:0
forward,0,331,9.99888338604351e-07,True,CONVERGED,float64,cuda:0
forward,1,341,9.350058881341726e-07,True,CONVERGED,float64,cuda:0
forward,2,338,9.012094690875812e-07,True,CONVERGED,float64,cuda:0
adjoint,0,331,9.996276625200068e-07,True,CONVERGED,float64,cuda:0
adjoint,1,324,9.350390656303924e-07,True,CONVERGED,float64,cuda:0
adjoint,2,327,9.9309645697478e-07,True,CONVERGED,float64,cuda:0
forward,0,331,9.990024483946147e-07,True,CONVERGED,float64,cuda:0
forward,1,341,9.341771354766133e-07,True,CONVERGED,float64,cuda:0
forward,2,338,9.015853698015002e-07,True,CONVERGED,float64,cuda:0
adjoint,0,332,8.994066845490752e-07,True,CONVERGED,float64,cuda:0
adjoint,1,324,9.361857471111116e-07,True,CONVERGED,float64,cuda:0
adjoint,2,327,9.92260401118238e-07,True,CONVERGED,float64,cuda:0
forward,0,331,9.946607055899037e-07,True,CONVERGED,float64,cuda:0
forward,1,341,9.298666253795975e-07,True,CONVERGED,float64,cuda:0
forward,2,338,9.134614856911046e-07,True,CONVERGED,float64,cuda:0
adjoint,0,331,9.62482063100941e-07,True,CONVERGED,float64,cuda:0
adjoint,1,324,9.50929772237715e-07,True,CONVERGED,float64,cuda:0
adjoint,2,327,9.976688367734144e-07,True,CONVERGED,float64,cuda:0
forward,0,331,9.979516326651448e-07,True,CONVERGED,float64,cuda:0
forward,1,341,9.318025512716239e-07,True,CONVERGED,float64,cuda:0
forward,2,338,9.064847466713681e-07,True,CONVERGED,float64,cuda:0
adjoint,0,331,9.870338138550429e-07,True,CONVERGED,float64,cuda:0
adjoint,1,324,9.429323178600264e-07,True,CONVERGED,float64,cuda:0
adjoint,2,327,9.944577344137753e-07,True,CONVERGED,float64,cuda:0
forward,0,331,9.988020286164575e-07,True,CONVERGED,float64,cuda:0
forward,1,341,9.345386682185061e-07,True,CONVERGED,float64,cuda:0
forward,2,338,8.994908616556262e-07,True,CONVERGED,float64,cuda:0
adjoint,0,332,9.028571458160897e-07,True,CONVERGED,float64,cuda:0
adjoint,1,324,9.34346540984691e-07,True,CONVERGED,float64,cuda:0
adjoint,2,327,9.892428052439238e-07,True,CONVERGED,float64,cuda:0
forward,0,331,9.918862466474208e-07,True,CONVERGED,float64,cuda:0
forward,1,341,9.288545346224811e-07,True,CONVERGED,float64,cuda:0
forward,2,338,9.129601377506086e-07,True,CONVERGED,float64,cuda:0
adjoint,0,331,9.61652572028016e-07,True,CONVERGED,float64,cuda:0
adjoint,1,324,9.502190891510919e-07,True,CONVERGED,float64,cuda:0
adjoint,2,327,9.967666628704707e-07,True,CONVERGED,float64,cuda:0
forward,0,331,9.95598068954734e-07,True,CONVERGED,float64,cuda:0
forward,1,341,9.307641443783058e-07,True,CONVERGED,float64,cuda:0
forward,2,338,9.069278329823709e-07,True,CONVERGED,float64,cuda:0
adjoint,0,331,9.814602776234985e-07,True,CONVERGED,float64,cuda:0
adjoint,1,324,9.433737884544794e-07,True,CONVERGED,float64,cuda:0
adjoint,2,327,9.941109708136668e-07,True,CONVERGED,float64,cuda:0
forward,0,331,9.988870237369338e-07,True,CONVERGED,float64,cuda:0
forward,1,341,9.33141238536524e-07,True,CONVERGED,float64,cuda:0
forward,2,338,9.036761671869658e-07,True,CONVERGED,float64,cuda:0
adjoint,0,332,8.997704671529919e-07,True,CONVERGED,float64,cuda:0
adjoint,1,324,9.38934979062936e-07,True,CONVERGED,float64,cuda:0
adjoint,2,327,9.9382374663849e-07,True,CONVERGED,float64,cuda:0
forward,0,331,9.995427027117538e-07,True,CONVERGED,float64,cuda:0
forward,1,341,9.333333383508909e-07,True,CONVERGED,float64,cuda:0
forward,2,338,9.036258293080086e-07,True,CONVERGED,float64,cuda:0
adjoint,0,332,9.009745493053453e-07,True,CONVERGED,float64,cuda:0
adjoint,1,324,9.389047841198989e-07,True,CONVERGED,float64,cuda:0
adjoint,2,327,9.936220071530957e-07,True,CONVERGED,float64,cuda:0
forward,0,331,9.97624956866392e-07,True,CONVERGED,float64,cuda:0
forward,1,341,9.311381370634062e-07,True,CONVERGED,float64,cuda:0
forward,2,338,9.075248370570586e-07,True,CONVERGED,float64,cuda:0
adjoint,0,331,9.86561910674753e-07,True,CONVERGED,float64,cuda:0
adjoint,1,324,9.438042625424082e-07,True,CONVERGED,float64,cuda:0
adjoint,2,327,9.965056167951252e-07,True,CONVERGED,float64,cuda:0
forward,0,331,9.994007639342753e-07,True,CONVERGED,float64,cuda:0
forward,1,341,9.316217421476108e-07,True,CONVERGED,float64,cuda:0
forward,2,338,9.089229505625729e-07,True,CONVERGED,float64,cuda:0
adjoint,0,331,9.90752747668189e-07,True,CONVERGED,float64,cuda:0
adjoint,1,324,9.451779249357913e-07,True,CONVERGED,float64,cuda:0
adjoint,2,327,9.982574466880417e-07,True,CONVERGED,float64,cuda:0
forward,0,332,8.92578469598315e-07,True,CONVERGED,float64,cuda:0
forward,1,341,9.359255653916441e-07,True,CONVERGED,float64,cuda:0
forward,2,338,8.969143119751132e-07,True,CONVERGED,float64,cuda:0
adjoint,0,332,9.0974278983316e-07,True,CONVERGED,float64,cuda:0
adjoint,1,324,9.300717432259971e-07,True,CONVERGED,float64,cuda:0
adjoint,2,327,9.883930774776494e-07,True,CONVERGED,float64,cuda:0
forward,0,331,9.926038776395355e-07,True,CONVERGED,float64,cuda:0
forward,1,341,9.284681070486031e-07,True,CONVERGED,float64,cuda:0
forward,2,338,9.127313205158408e-07,True,CONVERGED,float64,cuda:0
adjoint,0,331,9.592301140990104e-07,True,CONVERGED,float64,cuda:0
adjoint,1,324,9.50137212400186e-07,True,CONVERGED,float64,cuda:0
adjoint,2,327,9.964135299123095e-07,True,CONVERGED,float64,cuda:0
forward,0,331,9.92825982113875e-07,True,CONVERGED,float64,cuda:0
forward,1,341,9.283031207747396e-07,True,CONVERGED,float64,cuda:0
forward,2,338,9.129801398153076e-07,True,CONVERGED,float64,cuda:0
adjoint,0,331,9.578597741754639e-07,True,CONVERGED,float64,cuda:0
adjoint,1,324,9.505987041006212e-07,True,CONVERGED,float64,cuda:0
adjoint,2,327,9.958369522634123e-07,True,CONVERGED,float64,cuda:0
forward,0,332,8.926081863650198e-07,True,CONVERGED,float64,cuda:0
forward,1,341,9.350507317719109e-07,True,CONVERGED,float64,cuda:0
forward,2,338,8.988243397339216e-07,True,CONVERGED,float64,cuda:0
adjoint,0,332,9.031806023737066e-07,True,CONVERGED,float64,cuda:0
adjoint,1,324,9.326823605467106e-07,True,CONVERGED,float64,cuda:0
adjoint,2,327,9.88035698354663e-07,True,CONVERGED,float64,cuda:0
forward,0,331,9.983485318213628e-07,True,CONVERGED,float64,cuda:0
forward,1,341,9.319385838406582e-07,True,CONVERGED,float64,cuda:0
forward,2,338,9.04418082185712e-07,True,CONVERGED,float64,cuda:0
adjoint,0,331,9.92862529772708e-07,True,CONVERGED,float64,cuda:0
adjoint,1,324,9.401129350038579e-07,True,CONVERGED,float64,cuda:0
adjoint,2,327,9.927295036309341e-07,True,CONVERGED,float64,cuda:0
forward,0,331,9.94899421260089e-07,True,CONVERGED,float64,cuda:0
forward,1,341,9.29470266486755e-07,True,CONVERGED,float64,cuda:0
forward,2,338,9.155733472147685e-07,True,CONVERGED,float64,cuda:0
adjoint,0,331,9.60999277816785e-07,True,CONVERGED,float64,cuda:0
adjoint,1,324,9.527649956902726e-07,True,CONVERGED,float64,cuda:0
adjoint,2,327,9.985508343950666e-07,True,CONVERGED,float64,cuda:0
forward,0,332,8.922070025233903e-07,True,CONVERGED,float64,cuda:0
forward,1,341,9.353574114856853e-07,True,CONVERGED,float64,cuda:0
forward,2,338,8.981372081169253e-07,True,CONVERGED,float64,cuda:0
adjoint,0,332,9.110282110077499e-07,True,CONVERGED,float64,cuda:0
adjoint,1,324,9.311141556905724e-07,True,CONVERGED,float64,cuda:0
adjoint,2,327,9.89432657546152e-07,True,CONVERGED,float64,cuda:0
forward,0,331,9.99054179793759e-07,True,CONVERGED,float64,cuda:0
forward,1,341,9.325086373475059e-07,True,CONVERGED,float64,cuda:0
forward,2,338,9.030280308315478e-07,True,CONVERGED,float64,cuda:0
adjoint,0,331,9.999403086834531e-07,True,CONVERGED,float64,cuda:0
adjoint,1,324,9.383473853307248e-07,True,CONVERGED,float64,cuda:0
adjoint,2,327,9.933687479328909e-07,True,CONVERGED,float64,cuda:0
forward,0,331,9.935148218507294e-07,True,CONVERGED,float64,cuda:0
forward,1,341,9.285555016940754e-07,True,CONVERGED,float64,cuda:0
forward,2,338,9.128110361530083e-07,True,CONVERGED,float64,cuda:0
adjoint,0,331,9.646400169335446e-07,True,CONVERGED,float64,cuda:0
adjoint,1,324,9.501588513629741e-07,True,CONVERGED,float64,cuda:0
adjoint,2,327,9.979135971513225e-07,True,CONVERGED,float64,cuda:0
forward,0,331,9.978474491325794e-07,True,CONVERGED,float64,cuda:0
forward,1,341,9.30626251817934e-07,True,CONVERGED,float64,cuda:0
forward,2,338,9.070621379846085e-07,True,CONVERGED,float64,cuda:0
adjoint,0,331,9.897861589733995e-07,True,CONVERGED,float64,cuda:0
adjoint,1,324,9.436781529642815e-07,True,CONVERGED,float64,cuda:0
adjoint,2,327,9.958315687782048e-07,True,CONVERGED,float64,cuda:0
forward,0,332,8.930318801011116e-07,True,CONVERGED,float64,cuda:0
forward,1,341,9.344627749225905e-07,True,CONVERGED,float64,cuda:0
forward,2,338,8.99454115182364e-07,True,CONVERGED,float64,cuda:0
adjoint,0,332,9.16042441002263e-07,True,CONVERGED,float64,cuda:0
adjoint,1,324,9.338516228848285e-07,True,CONVERGED,float64,cuda:0
adjoint,2,327,9.925337771728852e-07,True,CONVERGED,float64,cuda:0
forward,0,331,9.988385738405965e-07,True,CONVERGED,float64,cuda:0
forward,1,341,9.310458602403676e-07,True,CONVERGED,float64,cuda:0
forward,2,338,9.067318645744296e-07,True,CONVERGED,float64,cuda:0
adjoint,0,332,8.970753449721738e-07,True,CONVERGED,float64,cuda:0
adjoint,1,324,9.428209420948996e-07,True,CONVERGED,float64,cuda:0
adjoint,2,327,9.97469081024884e-07,True,CONVERGED,float64,cuda:0
forward,0,331,9.991876935769472e-07,True,CONVERGED,float64,cuda:0
forward,1,341,9.303800423284393e-07,True,CONVERGED,float64,cuda:0
forward,2,338,9.104902217730028e-07,True,CONVERGED,float64,cuda:0
adjoint,0,331,9.943686601541327e-07,True,CONVERGED,float64,cuda:0
adjoint,1,324,9.469481996418343e-07,True,CONVERGED,float64,cuda:0
adjoint,2,328,8.712839170761935e-07,True,CONVERGED,float64,cuda:0
forward,0,332,8.928233740029253e-07,True,CONVERGED,float64,cuda:0
forward,1,341,9.357041761090844e-07,True,CONVERGED,float64,cuda:0
forward,2,338,8.965179373953154e-07,True,CONVERGED,float64,cuda:0
adjoint,0,332,9.315498575032265e-07,True,CONVERGED,float64,cuda:0
adjoint,1,324,9.291977475721184e-07,True,CONVERGED,float64,cuda:0
adjoint,2,327,9.915219433178777e-07,True,CONVERGED,float64,cuda:0
forward,0,331,9.975851348973675e-07,True,CONVERGED,float64,cuda:0
forward,1,341,9.294256081408808e-07,True,CONVERGED,float64,cuda:0
forward,2,338,9.079902911963419e-07,True,CONVERGED,float64,cuda:0
adjoint,0,331,9.904932562601683e-07,True,CONVERGED,float64,cuda:0
adjoint,1,324,9.448676088054101e-07,True,CONVERGED,float64,cuda:0
adjoint,2,327,9.966516507359489e-07,True,CONVERGED,float64,cuda:0
forward,0,331,9.94720488824383e-07,True,CONVERGED,float64,cuda:0
forward,1,341,9.2779513509517e-07,True,CONVERGED,float64,cuda:0
forward,2,338,9.140254687580771e-07,True,CONVERGED,float64,cuda:0
adjoint,0,331,9.68569692688363e-07,True,CONVERGED,float64,cuda:0
adjoint,1,324,9.516033999223191e-07,True,CONVERGED,float64,cuda:0
adjoint,2,327,9.983120119534994e-07,True,CONVERGED,float64,cuda:0
forward,0,332,8.927750321029218e-07,True,CONVERGED,float64,cuda:0
forward,1,341,9.334231718466859e-07,True,CONVERGED,float64,cuda:0
forward,2,338,9.007591712649318e-07,True,CONVERGED,float64,cuda:0
adjoint,0,332,9.146342534102089e-07,True,CONVERGED,float64,cuda:0
adjoint,1,324,9.354439452917169e-07,True,CONVERGED,float64,cuda:0
adjoint,2,327,9.920583389098212e-07,True,CONVERGED,float64,cuda:0
forward,0,332,8.926605888796e-07,True,CONVERGED,float64,cuda:0
forward,1,341,9.34488191045523e-07,True,CONVERGED,float64,cuda:0
forward,2,338,8.988238302627903e-07,True,CONVERGED,float64,cuda:0
adjoint,0,332,9.240336194123403e-07,True,CONVERGED,float64,cuda:0
adjoint,1,324,9.322614801955174e-07,True,CONVERGED,float64,cuda:0
adjoint,2,327,9.9114711792153e-07,True,CONVERGED,float64,cuda:0
forward,0,331,9.994820633138024e-07,True,CONVERGED,float64,cuda:0
forward,1,341,9.291592636689363e-07,True,CONVERGED,float64,cuda:0
forward,2,338,9.153830975625283e-07,True,CONVERGED,float64,cuda:0
adjoint,0,332,9.082379721778063e-07,True,CONVERGED,float64,cuda:0
adjoint,1,324,9.527964629900864e-07,True,CONVERGED,float64,cuda:0
adjoint,2,328,8.735019095263013e-07,True,CONVERGED,float64,cuda:0
forward,0,332,8.934851247675801e-07,True,CONVERGED,float64,cuda:0
forward,1,341,9.335318474068746e-07,True,CONVERGED,float64,cuda:0
forward,2,338,8.991609782143482e-07,True,CONVERGED,float64,cuda:0
adjoint,0,332,9.183837284577578e-07,True,CONVERGED,float64,cuda:0
adjoint,1,324,9.340518210145514e-07,True,CONVERGED,float64,cuda:0
adjoint,2,327,9.91944120348849e-07,True,CONVERGED,float64,cuda:0
forward,0,332,8.917733572169142e-07,True,CONVERGED,float64,cuda:0
forward,1,341,9.305471191038253e-07,True,CONVERGED,float64,cuda:0
forward,2,338,9.054233852708537e-07,True,CONVERGED,float64,cuda:0
adjoint,0,332,9.01970906124767e-07,True,CONVERGED,float64,cuda:0
adjoint,1,324,9.419432134218748e-07,True,CONVERGED,float64,cuda:0
adjoint,2,327,9.985457203485016e-07,True,CONVERGED,float64,cuda:0
forward,0,332,8.932395894841927e-07,True,CONVERGED,float64,cuda:0
forward,1,341,9.301970578417808e-07,True,CONVERGED,float64,cuda:0
forward,2,338,9.099537314324631e-07,True,CONVERGED,float64,cuda:0
adjoint,0,332,9.2740622613073e-07,True,CONVERGED,float64,cuda:0
adjoint,1,324,9.47176493102185e-07,True,CONVERGED,float64,cuda:0
adjoint,2,328,8.731470329958216e-07,True,CONVERGED,float64,cuda:0
forward,0,332,8.958000060458001e-07,True,CONVERGED,float64,cuda:0
forward,1,341,9.347930280174396e-07,True,CONVERGED,float64,cuda:0
forward,2,338,8.986277655169261e-07,True,CONVERGED,float64,cuda:0
adjoint,0,332,9.477346831943263e-07,True,CONVERGED,float64,cuda:0
adjoint,1,324,9.329317796929182e-07,True,CONVERGED,float64,cuda:0
adjoint,2,327,9.96866569896593e-07,True,CONVERGED,float64,cuda:0
forward,0,332,8.940557580516319e-07,True,CONVERGED,float64,cuda:0
forward,1,341,9.317817564454532e-07,True,CONVERGED,float64,cuda:0
forward,2,338,9.02863735217223e-07,True,CONVERGED,float64,cuda:0
adjoint,0,332,9.246604000287853e-07,True,CONVERGED,float64,cuda:0
adjoint,1,324,9.394048591594148e-07,True,CONVERGED,float64,cuda:0
adjoint,2,327,9.98649650205649e-07,True,CONVERGED,float64,cuda:0
forward,0,331,9.98433648068639e-07,True,CONVERGED,float64,cuda:0
forward,1,341,9.278273800131256e-07,True,CONVERGED,float64,cuda:0
forward,2,338,9.134086227533448e-07,True,CONVERGED,float64,cuda:0
adjoint,0,331,9.9814999200014e-07,True,CONVERGED,float64,cuda:0
adjoint,1,324,9.513168718875835e-07,True,CONVERGED,float64,cuda:0
adjoint,2,328,8.761698127433567e-07,True,CONVERGED,float64,cuda:0
forward,0,332,8.917982142065291e-07,True,CONVERGED,float64,cuda:0
forward,1,341,9.31397726574526e-07,True,CONVERGED,float64,cuda:0
forward,2,338,9.030572862483427e-07,True,CONVERGED,float64,cuda:0
adjoint,0,332,9.336957427749048e-07,True,CONVERGED,float64,cuda:0
adjoint,1,324,9.39065822934073e-07,True,CONVERGED,float64,cuda:0
adjoint,2,327,9.998464284382597e-07,True,CONVERGED,float64,cuda:0
forward,0,332,8.924380290932197e-07,True,CONVERGED,float64,cuda:0
forward,1,341,9.362723743231102e-07,True,CONVERGED,float64,cuda:0
forward,2,338,8.94858544180561e-07,True,CONVERGED,float64,cuda:0
adjoint,0,332,9.601667166955147e-07,True,CONVERGED,float64,cuda:0
adjoint,1,324,9.266890428601059e-07,True,CONVERGED,float64,cuda:0
adjoint,2,327,9.92893705333386e-07,True,CONVERGED,float64,cuda:0
forward,0,331,9.98828615727844e-07,True,CONVERGED,float64,cuda:0
forward,1,341,9.275376771289391e-07,True,CONVERGED,float64,cuda:0
forward,2,338,9.153486232864178e-07,True,CONVERGED,float64,cuda:0
adjoint,0,331,9.959381943721695e-07,True,CONVERGED,float64,cuda:0
adjoint,1,324,9.533040413232969e-07,True,CONVERGED,float64,cuda:0
adjoint,2,328,8.763872881370881e-07,True,CONVERGED,float64,cuda:0
forward,0,332,8.925304989420073e-07,True,CONVERGED,float64,cuda:0
forward,1,341,9.288332106029677e-07,True,CONVERGED,float64,cuda:0
forward,2,338,9.076723157765471e-07,True,CONVERGED,float64,cuda:0
adjoint,0,332,9.054281928853909e-07,True,CONVERGED,float64,cuda:0
adjoint,1,324,9.45384917088689e-07,True,CONVERGED,float64,cuda:0
adjoint,2,327,9.987984956058185e-07,True,CONVERGED,float64,cuda:0
forward,0,332,8.948259623259864e-07,True,CONVERGED,float64,cuda:0
forward,1,341,9.356808038871414e-07,True,CONVERGED,float64,cuda:0
forward,2,338,8.951087055223928e-07,True,CONVERGED,float64,cuda:0
adjoint,0,332,9.436758952120783e-07,True,CONVERGED,float64,cuda:0
adjoint,1,324,9.283016178872056e-07,True,CONVERGED,float64,cuda:0
adjoint,2,327,9.853344684616687e-07,True,CONVERGED,float64,cuda:0
forward,0,331,9.968972729538607e-07,True,CONVERGED,float64,cuda:0
forward,1,341,9.260106815211335e-07,True,CONVERGED,float64,cuda:0
forward,2,338,9.152639619222427e-07,True,CONVERGED,float64,cuda:0
adjoint,0,331,9.89161015983786e-07,True,CONVERGED,float64,cuda:0
adjoint,1,324,9.537403502924152e-07,True,CONVERGED,float64,cuda:0
adjoint,2,328,8.756977501925669e-07,True,CONVERGED,float64,cuda:0
forward,0,331,9.997729398063077e-07,True,CONVERGED,float64,cuda:0
forward,1,341,9.274473395067758e-07,True,CONVERGED,float64,cuda:0
forward,2,338,9.128835490948543e-07,True,CONVERGED,float64,cuda:0
adjoint,0,332,8.988058190788909e-07,True,CONVERGED,float64,cuda:0
adjoint,1,324,9.507731499871382e-07,True,CONVERGED,float64,cuda:0
adjoint,2,328,8.75097450965823e-07,True,CONVERGED,float64,cuda:0
forward,0,332,8.935965046345511e-07,True,CONVERGED,float64,cuda:0
forward,1,341,9.373058121067641e-07,True,CONVERGED,float64,cuda:0
forward,2,338,8.931559256933453e-07,True,CONVERGED,float64,cuda:0
adjoint,0,332,9.554487844053198e-07,True,CONVERGED,float64,cuda:0
adjoint,1,324,9.22945981579369e-07,True,CONVERGED,float64,cuda:0
adjoint,2,327,9.903533267672365e-07,True,CONVERGED,float64,cuda:0
forward,0,332,8.93567625883919e-07,True,CONVERGED,float64,cuda:0
forward,1,341,9.292711708880609e-07,True,CONVERGED,float64,cuda:0
forward,2,338,9.066654933977334e-07,True,CONVERGED,float64,cuda:0
adjoint,0,332,9.163672895590925e-07,True,CONVERGED,float64,cuda:0
adjoint,1,324,9.440021045576735e-07,True,CONVERGED,float64,cuda:0
adjoint,2,328,8.71601376976704e-07,True,CONVERGED,float64,cuda:0
forward,0,331,9.986128417091391e-07,True,CONVERGED,float64,cuda:0
forward,1,341,9.269352687848783e-07,True,CONVERGED,float64,cuda:0
forward,2,338,9.170940453310098e-07,True,CONVERGED,float64,cuda:0
adjoint,0,331,9.948396216266124e-07,True,CONVERGED,float64,cuda:0
adjoint,1,324,9.554894088810743e-07,True,CONVERGED,float64,cuda:0
adjoint,2,328,8.789440783575797e-07,True,CONVERGED,float64,cuda:0
forward,0,332,8.950954038857166e-07,True,CONVERGED,float64,cuda:0
forward,1,341,9.340581368259922e-07,True,CONVERGED,float64,cuda:0
forward,2,338,8.983575918998599e-07,True,CONVERGED,float64,cuda:0
adjoint,0,332,9.539857483691256e-07,True,CONVERGED,float64,cuda:0
adjoint,1,324,9.331022223623421e-07,True,CONVERGED,float64,cuda:0
adjoint,2,327,9.94268283284458e-07,True,CONVERGED,float64,cuda:0
forward,0,332,8.95680773547878e-07,True,CONVERGED,float64,cuda:0
forward,1,341,9.340222702769577e-07,True,CONVERGED,float64,cuda:0
forward,2,338,8.978742432287998e-07,True,CONVERGED,float64,cuda:0
adjoint,0,332,9.49890262840789e-07,True,CONVERGED,float64,cuda:0
adjoint,1,324,9.331586697652249e-07,True,CONVERGED,float64,cuda:0
adjoint,2,327,9.925944029596348e-07,True,CONVERGED,float64,cuda:0
forward,0,331,9.971616441842351e-07,True,CONVERGED,float64,cuda:0
forward,1,341,9.260103841514823e-07,True,CONVERGED,float64,cuda:0
forward,2,338,9.201107500955198e-07,True,CONVERGED,float64,cuda:0
adjoint,0,331,9.863149604783157e-07,True,CONVERGED,float64,cuda:0
adjoint,1,324,9.589314562040329e-07,True,CONVERGED,float64,cuda:0
adjoint,2,328,8.814150634758117e-07,True,CONVERGED,float64,cuda:0
forward,0,332,8.924972803349985e-07,True,CONVERGED,float64,cuda:0
forward,1,341,9.281126248877716e-07,True,CONVERGED,float64,cuda:0
forward,2,338,9.081387727023429e-07,True,CONVERGED,float64,cuda:0
adjoint,0,332,9.180771211575809e-07,True,CONVERGED,float64,cuda:0
adjoint,1,324,9.463107198826017e-07,True,CONVERGED,float64,cuda:0
adjoint,2,328,8.731465078490529e-07,True,CONVERGED,float64,cuda:0
forward,0,332,8.939798245848763e-07,True,CONVERGED,float64,cuda:0
forward,1,341,9.381932791507976e-07,True,CONVERGED,float64,cuda:0
forward,2,338,8.917574714761888e-07,True,CONVERGED,float64,cuda:0
adjoint,0,332,9.525601999718773e-07,True,CONVERGED,float64,cuda:0
adjoint,1,324,9.210439228487315e-07,True,CONVERGED,float64,cuda:0
adjoint,2,327,9.873732649255818e-07,True,CONVERGED,float64,cuda:0
forward,0,331,9.941171933085277e-07,True,CONVERGED,float64,cuda:0
forward,1,341,9.248848899577073e-07,True,CONVERGED,float64,cuda:0
forward,2,338,9.195168595525253e-07,True,CONVERGED,float64,cuda:0
adjoint,0,331,9.773895942036618e-07,True,CONVERGED,float64,cuda:0
adjoint,1,324,9.580679893667162e-07,True,CONVERGED,float64,cuda:0
adjoint,2,328,8.804599434694416e-07,True,CONVERGED,float64,cuda:0
forward,0,331,9.94334873748463e-07,True,CONVERGED,float64,cuda:0
forward,1,341,9.248821844800928e-07,True,CONVERGED,float64,cuda:0
forward,2,338,9.186641684372814e-07,True,CONVERGED,float64,cuda:0
adjoint,0,331,9.74448547525571e-07,True,CONVERGED,float64,cuda:0
adjoint,1,324,9.573415829886247e-07,True,CONVERGED,float64,cuda:0
adjoint,2,328,8.784364391510331e-07,True,CONVERGED,float64,cuda:0
forward,0,332,8.956330095301045e-07,True,CONVERGED,float64,cuda:0
forward,1,341,9.376994895756162e-07,True,CONVERGED,float64,cuda:0
forward,2,338,8.93280764906873e-07,True,CONVERGED,float64,cuda:0
adjoint,0,332,9.393609809992267e-07,True,CONVERGED,float64,cuda:0
adjoint,1,324,9.231778564373612e-07,True,CONVERGED,float64,cuda:0
adjoint,2,327,9.778708292347627e-07,True,CONVERGED,float64,cuda:0
forward,0,331,9.970408176568259e-07,True,CONVERGED,float64,cuda:0
forward,1,341,9.258126813095466e-07,True,CONVERGED,float64,cuda:0
forward,2,338,9.125914249023183e-07,True,CONVERGED,float64,cuda:0
adjoint,0,331,9.881549709780328e-07,True,CONVERGED,float64,cuda:0
adjoint,1,324,9.512044878175853e-07,True,CONVERGED,float64,cuda:0
adjoint,2,328,8.729851490338688e-07,True,CONVERGED,float64,cuda:0
forward,0,331,9.944001690970482e-07,True,CONVERGED,float64,cuda:0
forward,1,341,9.252555202339721e-07,True,CONVERGED,float64,cuda:0
forward,2,338,9.193700057901921e-07,True,CONVERGED,float64,cuda:0
adjoint,0,331,9.689121687131298e-07,True,CONVERGED,float64,cuda:0
adjoint,1,324,9.579263800301886e-07,True,CONVERGED,float64,cuda:0
adjoint,2,328,8.783735526402326e-07,True,CONVERGED,float64,cuda:0
forward,0,332,8.947714575945154e-07,True,CONVERGED,float64,cuda:0
forward,1,341,9.339806597179719e-07,True,CONVERGED,float64,cuda:0
forward,2,338,8.993577036738299e-07,True,CONVERGED,float64,cuda:0
adjoint,0,332,9.540752942721475e-07,True,CONVERGED,float64,cuda:0
adjoint,1,324,9.327811002430264e-07,True,CONVERGED,float64,cuda:0
adjoint,2,327,9.93366467000304e-07,True,CONVERGED,float64,cuda:0
forward,0,332,8.963090353074855e-07,True,CONVERGED,float64,cuda:0
forward,1,341,9.378830148801353e-07,True,CONVERGED,float64,cuda:0
forward,2,338,8.944291103427973e-07,True,CONVERGED,float64,cuda:0
adjoint,0,332,9.532858921348347e-07,True,CONVERGED,float64,cuda:0
adjoint,1,324,9.228483812185778e-07,True,CONVERGED,float64,cuda:0
adjoint,2,327,9.917847350848498e-07,True,CONVERGED,float64,cuda:0
forward,0,331,9.988909233789188e-07,True,CONVERGED,float64,cuda:0
forward,1,341,9.269787121193353e-07,True,CONVERGED,float64,cuda:0
forward,2,338,9.171757624904771e-07,True,CONVERGED,float64,cuda:0
adjoint,0,332,8.98303652941656e-07,True,CONVERGED,float64,cuda:0
adjoint,1,324,9.554063889420295e-07,True,CONVERGED,float64,cuda:0
adjoint,2,328,8.798448676025058e-07,True,CONVERGED,float64,cuda:0
forward,0,331,9.981757860196076e-07,True,CONVERGED,float64,cuda:0
forward,1,341,9.267650915292527e-07,True,CONVERGED,float64,cuda:0
forward,2,338,9.109319747058736e-07,True,CONVERGED,float64,cuda:0
adjoint,0,332,9.107641698903199e-07,True,CONVERGED,float64,cuda:0
adjoint,1,324,9.495575020597397e-07,True,CONVERGED,float64,cuda:0
adjoint,2,328,8.748953421587483e-07,True,CONVERGED,float64,cuda:0
forward,0,332,8.939944105473769e-07,True,CONVERGED,float64,cuda:0
forward,1,341,9.349274629228828e-07,True,CONVERGED,float64,cuda:0
forward,2,338,8.960392970317401e-07,True,CONVERGED,float64,cuda:0
adjoint,0,332,9.540501979766681e-07,True,CONVERGED,float64,cuda:0
adjoint,1,324,9.304343216110903e-07,True,CONVERGED,float64,cuda:0
adjoint,2,327,9.883582949014574e-07,True,CONVERGED,float64,cuda:0
forward,0,331,9.98982967373607e-07,True,CONVERGED,float64,cuda:0
forward,1,341,9.270849758554733e-07,True,CONVERGED,float64,cuda:0
forward,2,338,9.118402591283738e-07,True,CONVERGED,float64,cuda:0
adjoint,0,332,9.202207030884707e-07,True,CONVERGED,float64,cuda:0
adjoint,1,324,9.504008064908897e-07,True,CONVERGED,float64,cuda:0
adjoint,2,328,8.7658839455501e-07,True,CONVERGED,float64,cuda:0
forward,0,332,8.928570848548292e-07,True,CONVERGED,float64,cuda:0
forward,1,341,9.285774647233489e-07,True,CONVERGED,float64,cuda:0
forward,2,338,9.111446494990188e-07,True,CONVERGED,float64,cuda:0
adjoint,0,332,9.372166901851791e-07,True,CONVERGED,float64,cuda:0
adjoint,1,324,9.492367465420809e-07,True,CONVERGED,float64,cuda:0
adjoint,2,328,8.76680651742552e-07,True,CONVERGED,float64,cuda:0
forward,0,332,8.93830210140146e-07,True,CONVERGED,float64,cuda:0
forward,1,341,9.381032764390038e-07,True,CONVERGED,float64,cuda:0
forward,2,338,8.934829414229088e-07,True,CONVERGED,float64,cuda:0
adjoint,0,332,9.63294552911975e-07,True,CONVERGED,float64,cuda:0
adjoint,1,324,9.227994067238643e-07,True,CONVERGED,float64,cuda:0
adjoint,2,327,9.937167837595706e-07,True,CONVERGED,float64,cuda:0
forward,0,332,8.910635151684241e-07,True,CONVERGED,float64,cuda:0
forward,1,341,9.288614251316715e-07,True,CONVERGED,float64,cuda:0
forward,2,338,9.07002334474017e-07,True,CONVERGED,float64,cuda:0
adjoint,0,332,9.537408762832867e-07,True,CONVERGED,float64,cuda:0
adjoint,1,324,9.441033568036501e-07,True,CONVERGED,float64,cuda:0
adjoint,2,328,8.728282115816693e-07,True,CONVERGED,float64,cuda:0
forward,0,331,9.978223401562095e-07,True,CONVERGED,float64,cuda:0
forward,1,341,9.259049841769455e-07,True,CONVERGED,float64,cuda:0
forward,2,338,9.093185025115931e-07,True,CONVERGED,float64,cuda:0
adjoint,0,332,9.234750873061653e-07,True,CONVERGED,float64,cuda:0
adjoint,1,324,9.47608408107461e-07,True,CONVERGED,float64,cuda:0
adjoint,2,328,8.746620886482072e-07,True,CONVERGED,float64,cuda:0
forward,0,332,8.923760066423404e-07,True,CONVERGED,float64,cuda:0
forward,1,341,9.292440938900449e-07,True,CONVERGED,float64,cuda:0
forward,2,338,9.049926673853973e-07,True,CONVERGED,float64,cuda:0
adjoint,0,332,9.597704936928828e-07,True,CONVERGED,float64,cuda:0
adjoint,1,324,9.42160143088255e-07,True,CONVERGED,float64,cuda:0
adjoint,2,328,8.701951444510008e-07,True,CONVERGED,float64,cuda:0
forward,0,332,8.935978160321815e-07,True,CONVERGED,float64,cuda:0
forward,1,341,9.352406589646058e-07,True,CONVERGED,float64,cuda:0
forward,2,338,8.966138173394007e-07,True,CONVERGED,float64,cuda:0
adjoint,0,332,9.666039556386968e-07,True,CONVERGED,float64,cuda:0
adjoint,1,324,9.289211551062139e-07,True,CONVERGED,float64,cuda:0
adjoint,2,327,9.936268140134538e-07,True,CONVERGED,float64,cuda:0
forward,0,332,8.94746221225406e-07,True,CONVERGED,float64,cuda:0
forward,1,341,9.298315745183492e-07,True,CONVERGED,float64,cuda:0
forward,2,338,9.07509561455511e-07,True,CONVERGED,float64,cuda:0
adjoint,0,332,9.743444558374896e-07,True,CONVERGED,float64,cuda:0
adjoint,1,324,9.445241471988386e-07,True,CONVERGED,float64,cuda:0
adjoint,2,328,8.737972444698768e-07,True,CONVERGED,float64,cuda:0
forward,0,332,8.939760389733541e-07,True,CONVERGED,float64,cuda:0
forward,1,341,9.31085358858419e-07,True,CONVERGED,float64,cuda:0
forward,2,338,9.025765986880951e-07,True,CONVERGED,float64,cuda:0
adjoint,0,332,9.74110536496941e-07,True,CONVERGED,float64,cuda:0
adjoint,1,324,9.376262671617363e-07,True,CONVERGED,float64,cuda:0
adjoint,2,328,8.701532098591372e-07,True,CONVERGED,float64,cuda:0
forward,0,332,8.920404054934404e-07,True,CONVERGED,float64,cuda:0
forward,1,341,9.332507776154539e-07,True,CONVERGED,float64,cuda:0
forward,2,338,8.970676423651944e-07,True,CONVERGED,float64,cuda:0
adjoint,0,332,9.683411240389534e-07,True,CONVERGED,float64,cuda:0
adjoint,1,324,9.293108805164912e-07,True,CONVERGED,float64,cuda:0
adjoint,2,327,9.979533697298501e-07,True,CONVERGED,float64,cuda:0
forward,0,332,8.910395089783616e-07,True,CONVERGED,float64,cuda:0
forward,1,341,9.278790953976591e-07,True,CONVERGED,float64,cuda:0
forward,2,338,9.057611067826039e-07,True,CONVERGED,float64,cuda:0
adjoint,0,332,9.762551470070288e-07,True,CONVERGED,float64,cuda:0
adjoint,1,324,9.423699657712497e-07,True,CONVERGED,float64,cuda:0
adjoint,2,328,8.728393642961966e-07,True,CONVERGED,float64,cuda:0
forward,0,332,8.924604169493866e-07,True,CONVERGED,float64,cuda:0
forward,1,341,9.284699751710653e-07,True,CONVERGED,float64,cuda:0
forward,2,338,9.048797830363279e-07,True,CONVERGED,float64,cuda:0
adjoint,0,332,9.78129913511514e-07,True,CONVERGED,float64,cuda:0
adjoint,1,324,9.419234942113918e-07,True,CONVERGED,float64,cuda:0
adjoint,2,328,8.717914526937896e-07,True,CONVERGED,float64,cuda:0
forward,0,332,8.930088454654248e-07,True,CONVERGED,float64,cuda:0
forward,1,341,9.324803835433271e-07,True,CONVERGED,float64,cuda:0
forward,2,338,8.974645056738234e-07,True,CONVERGED,float64,cuda:0
adjoint,0,332,9.71550221915415e-07,True,CONVERGED,float64,cuda:0
adjoint,1,324,9.323050886523314e-07,True,CONVERGED,float64,cuda:0
adjoint,2,327,9.962174580744708e-07,True,CONVERGED,float64,cuda:0
forward,0,332,8.931866458799278e-07,True,CONVERGED,float64,cuda:0
forward,1,341,9.271593632660686e-07,True,CONVERGED,float64,cuda:0
forward,2,338,9.072215705480762e-07,True,CONVERGED,float64,cuda:0
adjoint,0,332,9.787051271430788e-07,True,CONVERGED,float64,cuda:0
adjoint,1,324,9.4523948906278e-07,True,CONVERGED,float64,cuda:0
adjoint,2,328,8.743229779606108e-07,True,CONVERGED,float64,cuda:0
forward,0,332,8.926122802047614e-07,True,CONVERGED,float64,cuda:0
forward,1,341,9.289055153777318e-07,True,CONVERGED,float64,cuda:0
forward,2,338,9.046155926072357e-07,True,CONVERGED,float64,cuda:0
adjoint,0,332,9.817205571963806e-07,True,CONVERGED,float64,cuda:0
adjoint,1,324,9.409923507491696e-07,True,CONVERGED,float64,cuda:0
adjoint,2,328,8.724991909109499e-07,True,CONVERGED,float64,cuda:0
forward,0,332,8.914072003635758e-07,True,CONVERGED,float64,cuda:0
forward,1,341,9.353138276072134e-07,True,CONVERGED,float64,cuda:0
forward,2,338,8.919151528276105e-07,True,CONVERGED,float64,cuda:0
adjoint,0,332,9.635717566615526e-07,True,CONVERGED,float64,cuda:0
adjoint,1,324,9.218505420922438e-07,True,CONVERGED,float64,cuda:0
adjoint,2,327,9.933465926641332e-07,True,CONVERGED,float64,cuda:0
forward,0,332,8.897403324970075e-07,True,CONVERGED,float64,cuda:0
forward,1,341,9.23441694682469e-07,True,CONVERGED,float64,cuda:0
forward,2,338,9.169655028781064e-07,True,CONVERGED,float64,cuda:0
adjoint,0,332,9.272716681972591e-07,True,CONVERGED,float64,cuda:0
adjoint,1,324,9.548577860184932e-07,True,CONVERGED,float64,cuda:0
adjoint,2,328,8.834150120032188e-07,True,CONVERGED,float64,cuda:0
forward,0,332,8.916352516885911e-07,True,CONVERGED,float64,cuda:0
forward,1,341,9.245726153832962e-07,True,CONVERGED,float64,cuda:0
forward,2,338,9.08157296251277e-07,True,CONVERGED,float64,cuda:0
adjoint,0,332,9.45929395380881e-07,True,CONVERGED,float64,cuda:0
adjoint,1,324,9.464109190146413e-07,True,CONVERGED,float64,cuda:0
adjoint,2,328,8.73328200704955e-07,True,CONVERGED,float64,cuda:0
forward,0,332,8.929369293049101e-07,True,CONVERGED,float64,cuda:0
forward,1,341,9.354361911567364e-07,True,CONVERGED,float64,cuda:0
forward,2,338,8.933632826822069e-07,True,CONVERGED,float64,cuda:0
adjoint,0,332,9.571767018037381e-07,True,CONVERGED,float64,cuda:0
adjoint,1,324,9.224500911878839e-07,True,CONVERGED,float64,cuda:0
adjoint,2,327,9.833546436515222e-07,True,CONVERGED,float64,cuda:0
forward,0,332,8.95539353040798e-07,True,CONVERGED,float64,cuda:0
forward,1,341,9.264652058976419e-07,True,CONVERGED,float64,cuda:0
forward,2,338,9.084859608298613e-07,True,CONVERGED,float64,cuda:0
adjoint,0,332,9.61345506555723e-07,True,CONVERGED,float64,cuda:0
adjoint,1,324,9.47149521760508e-07,True,CONVERGED,float64,cuda:0
adjoint,2,328,8.739861696118636e-07,True,CONVERGED,float64,cuda:0
forward,0,332,8.955858552401413e-07,True,CONVERGED,float64,cuda:0
forward,1,341,9.268301363368852e-07,True,CONVERGED,float64,cuda:0
forward,2,338,9.110671423494037e-07,True,CONVERGED,float64,cuda:0
adjoint,0,332,9.65665598410117e-07,True,CONVERGED,float64,cuda:0
adjoint,1,324,9.492164901349861e-07,True,CONVERGED,float64,cuda:0
adjoint,2,328,8.778605535832619e-07,True,CONVERGED,float64,cuda:0
forward,0,332,8.984782158972309e-07,True,CONVERGED,float64,cuda:0
forward,1,341,9.367001830879574e-07,True,CONVERGED,float64,cuda:0
forward,2,338,8.923800146360779e-07,True,CONVERGED,float64,cuda:0
adjoint,0,332,9.505903579601033e-07,True,CONVERGED,float64,cuda:0
adjoint,1,324,9.193645214492547e-07,True,CONVERGED,float64,cuda:0
adjoint,2,327,9.9308300561287e-07,True,CONVERGED,float64,cuda:0
forward,0,332,8.920098577976177e-07,True,CONVERGED,float64,cuda:0
forward,1,341,9.266181167952529e-07,True,CONVERGED,float64,cuda:0
forward,2,338,9.07556834292889e-07,True,CONVERGED,float64,cuda:0
adjoint,0,332,9.772111592173991e-07,True,CONVERGED,float64,cuda:0
adjoint,1,324,9.4442475958065e-07,True,CONVERGED,float64,cuda:0
adjoint,2,328,8.741975747358912e-07,True,CONVERGED,float64,cuda:0
forward,0,332,8.917337644967532e-07,True,CONVERGED,float64,cuda:0
forward,1,341,9.253559751042736e-07,True,CONVERGED,float64,cuda:0
forward,2,338,9.07283812104788e-07,True,CONVERGED,float64,cuda:0
adjoint,0,332,9.684372061029943e-07,True,CONVERGED,float64,cuda:0
adjoint,1,324,9.451436151188863e-07,True,CONVERGED,float64,cuda:0
adjoint,2,328,8.737089448061789e-07,True,CONVERGED,float64,cuda:0
forward,0,332,8.932468762640251e-07,True,CONVERGED,float64,cuda:0
forward,1,341,9.312359744584421e-07,True,CONVERGED,float64,cuda:0
forward,2,338,8.982470200588653e-07,True,CONVERGED,float64,cuda:0
adjoint,0,332,9.681949681890601e-07,True,CONVERGED,float64,cuda:0
adjoint,1,324,9.332660331423403e-07,True,CONVERGED,float64,cuda:0
adjoint,2,327,9.936741303509443e-07,True,CONVERGED,float64,cuda:0
forward,0,332,8.940573176630517e-07,True,CONVERGED,float64,cuda:0
forward,1,341,9.290718401327354e-07,True,CONVERGED,float64,cuda:0
forward,2,338,9.064883568144448e-07,True,CONVERGED,float64,cuda:0
adjoint,0,332,9.835990310617798e-07,True,CONVERGED,float64,cuda:0
adjoint,1,324,9.436212475544438e-07,True,CONVERGED,float64,cuda:0
adjoint,2,328,8.729314561549994e-07,True,CONVERGED,float64,cuda:0
forward,0,332,8.917994854109227e-07,True,CONVERGED,float64,cuda:0
forward,1,341,9.322013342521184e-07,True,CONVERGED,float64,cuda:0
forward,2,338,8.97088413400081e-07,True,CONVERGED,float64,cuda:0
adjoint,0,332,9.716152843293888e-07,True,CONVERGED,float64,cuda:0
adjoint,1,324,9.311919051967369e-07,True,CONVERGED,float64,cuda:0
adjoint,2,327,9.959989822549637e-07,True,CONVERGED,float64,cuda:0
