role,scenario_index,iterations,relative_residual,converged,reason,dtype,device
forward,0,225,9.880164372320056e-07,True,CONVERGED,float64,cuda:0
forward,1,294,9.83771419594861e-07,True,CONVERGED,float64,cuda:0
forward,2,294,9.837714263042086e-07,True,CONVERGED,float64,cuda:0
adjoint,0,223,9.281028003397344e-07,True,CONVERGED,float64,cuda:0
adjoint,1,290,9.80867917343275e-07,True,CONVERGED,float64,cuda:0
adjoint,2,290,9.808679096927099e-07,True,CONVERGED,float64,cuda:0
forward,0,250,9.918394940137288e-07,True,CONVERGED,float64,cuda:0
forward,1,294,9.119997342310701e-07,True,CONVERGED,float64,cuda:0
forward,2,294,9.12077438799339e-07,True,CONVERGED,float64,cuda:0
adjoint,0,251,9.262206000856781e-07,True,CONVERGED,float64,cuda:0
adjoint,1,290,9.977585883174825e-07,True,CONVERGED,float64,cuda:0
adjoint,2,290,9.976587976176225e-07,True,CONVERGED,float64,cuda:0
forward,0,254,9.000296692426794e-07,True,CONVERGED,float64,cuda:0
forward,1,295,9.681154900252369e-07,True,CONVERGED,float64,cuda:0
forward,2,295,9.69094805664675e-07,True,CONVERGED,float64,cuda:0
adjoint,0,252,8.818417380506449e-07,True,CONVERGED,float64,cuda:0
adjoint,1,291,9.562834119869972e-07,True,CONVERGED,float64,cuda:0
adjoint,2,291,9.559384322542781e-07,True,CONVERGED,float64,cuda:0
forward,0,256,9.219123753899796e-07,True,CONVERGED,float64,cuda:0
forward,1,303,9.158687361233054e-07,True,CONVERGED,float64,cuda:0
forward,2,303,9.167466447509762e-07,True,CONVERGED,float64,cuda:0
adjoint,0,253,9.879911654380007e-07,True,CONVERGED,float64,cuda:0
adjoint,1,292,9.523160182023205e-07,True,CONVERGED,float64,cuda:0
adjoint,2,292,9.519349637612732e-07,True,CONVERGED,float64,cuda:0
forward,0,269,9.948522777660843e-07,True,CONVERGED,float64,cuda:0
forward,1,305,9.17011418239051e-07,True,CONVERGED,float64,cuda:0
forward,2,305,9.172566831662253e-07,True,CONVERGED,float64,cuda:0
adjoint,0,255,9.70528434483642e-07,True,CONVERGED,float64,cuda:0
adjoint,1,293,9.750717543157813e-07,True,CONVERGED,float64,cuda:0
adjoint,2,293,9.745808027305134e-07,True,CONVERGED,float64,cuda:0
forward,0,275,9.587080947439952e-07,True,CONVERGED,float64,cuda:0
forward,1,305,9.388135244377326e-07,True,CONVERGED,float64,cuda:0
forward,2,305,9.387409746783004e-07,True,CONVERGED,float64,cuda:0
adjoint,0,271,9.074812035210951e-07,True,CONVERGED,float64,cuda:0
adjoint,1,295,9.601070301774979e-07,True,CONVERGED,float64,cuda:0
adjoint,2,295,9.576970137917302e-07,True,CONVERGED,float64,cuda:0
forward,0,276,9.137080753629503e-07,True,CONVERGED,float64,cuda:0
forward,1,305,9.034062827291548e-07,True,CONVERGED,float64,cuda:0
forward,2,305,9.034422013536481e-07,True,CONVERGED,float64,cuda:0
adjoint,0,272,9.737216973802065e-07,True,CONVERGED,float64,cuda:0
adjoint,1,296,9.413843244756352e-07,True,CONVERGED,float64,cuda:0
adjoint,2,295,9.991093957196637e-07,True,CONVERGED,float64,cuda:0
forward,0,276,9.608575983133623e-07,True,CONVERGED,float64,cuda:0
forward,1,304,9.371875547720364e-07,True,CONVERGED,float64,cuda:0
forward,2,304,9.383535600911731e-07,True,CONVERGED,float64,cuda:0
adjoint,0,276,9.709952272734608e-07,True,CONVERGED,float64,cuda:0
adjoint,1,293,9.249513724306912e-07,True,CONVERGED,float64,cuda:0
adjoint,2,292,9.87040204097917e-07,True,CONVERGED,float64,cuda:0
forward,0,277,9.557202678984647e-07,True,CONVERGED,float64,cuda:0
forward,1,303,9.104477714513852e-07,True,CONVERGED,float64,cuda:0
forward,2,303,9.143811639489116e-07,True,CONVERGED,float64,cuda:0
adjoint,0,279,9.394700775877075e-07,True,CONVERGED,float64,cuda:0
adjoint,1,294,9.705797511357893e-07,True,CONVERGED,float64,cuda:0
adjoint,2,296,9.371352363001405e-07,True,CONVERGED,float64,cuda:0
forward,0,278,8.935825846615923e-07,True,CONVERGED,float64,cuda:0
forward,1,300,9.434007204709391e-07,True,CONVERGED,float64,cuda:0
forward,2,300,9.514297064353368e-07,True,CONVERGED,float64,cuda:0
adjoint,0,279,9.039731650530565e-07,True,CONVERGED,float64,cuda:0
adjoint,1,295,9.687882016611963e-07,True,CONVERGED,float64,cuda:0
adjoint,2,295,9.872606075219417e-07,True,CONVERGED,float64,cuda:0
forward,0,278,9.824297918079359e-07,True,CONVERGED,float64,cuda:0
forward,1,298,9.448991109158032e-07,True,CONVERGED,float64,cuda:0
forward,2,298,9.261043798547013e-07,True,CONVERGED,float64,cuda:0
adjoint,0,279,9.8672779534202e-07,True,CONVERGED,float64,cuda:0
adjoint,1,289,9.556131662557719e-07,True,CONVERGED,float64,cuda:0
adjoint,2,289,9.14338722067046e-07,True,CONVERGED,float64,cuda:0
forward,0,283,9.353247675638111e-07,True,CONVERGED,float64,cuda:0
forward,1,298,9.633946491385667e-07,True,CONVERGED,float64,cuda:0
forward,2,298,8.943254633766339e-07,True,CONVERGED,float64,cuda:0
adjoint,0,282,8.747394217107672e-07,True,CONVERGED,float64,cuda:0
adjoint,1,292,9.49656722221263e-07,True,CONVERGED,float64,cuda:0
adjoint,2,293,9.270568303039031e-07,True,CONVERGED,float64,cuda:0
forward,0,283,9.091820444897538e-07,True,CONVERGED,float64,cuda:0
forward,1,296,9.058833633596933e-07,True,CONVERGED,float64,cuda:0
forward,2,292,9.819058919484981e-07,True,CONVERGED,float64,cuda:0
adjoint,0,282,8.357115557612815e-07,True,CONVERGED,float64,cuda:0
adjoint,1,302,9.316999434724946e-07,True,CONVERGED,float64,cuda:0
adjoint,2,302,8.879033934603065e-07,True,CONVERGED,float64,cuda:0
forward,0,280,9.605536974832527e-07,True,CONVERGED,float64,cuda:0
forward,1,293,8.53611076552293e-07,True,CONVERGED,float64,cuda:0
forward,2,279,9.854405845744111e-07,True,CONVERGED,float64,cuda:0
adjoint,0,293,9.10526490376266e-07,True,CONVERGED,float64,cuda:0
adjoint,1,298,9.546790823132782e-07,True,CONVERGED,float64,cuda:0
adjoint,2,298,9.101539347030325e-07,True,CONVERGED,float64,cuda:0
forward,0,279,9.913783475939874e-07,True,CONVERGED,float64,cuda:0
forward,1,289,9.86014940012432e-07,True,CONVERGED,float64,cuda:0
forward,2,277,8.801375608970204e-07,True,CONVERGED,float64,cuda:0
adjoint,0,289,9.193721880034121e-07,True,CONVERGED,float64,cuda:0
adjoint,1,296,9.036190482278112e-07,True,CONVERGED,float64,cuda:0
adjoint,2,295,9.870951844840945e-07,True,CONVERGED,float64,cuda:0
forward,0,281,8.891076533805421e-07,True,CONVERGED,float64,cuda:0
forward,1,287,9.463180747951827e-07,True,CONVERGED,float64,cuda:0
forward,2,275,9.822517837024057e-07,True,CONVERGED,float64,cuda:0
adjoint,0,287,9.606062940415736e-07,True,CONVERGED,float64,cuda:0
adjoint,1,293,9.360933214954672e-07,True,CONVERGED,float64,cuda:0
adjoint,2,291,9.879666958282584e-07,True,CONVERGED,float64,cuda:0
forward,0,277,9.96541678266664e-07,True,CONVERGED,float64,cuda:0
forward,1,284,9.065459455485337e-07,True,CONVERGED,float64,cuda:0
forward,2,276,9.659984985978672e-07,True,CONVERGED,float64,cuda:0
adjoint,0,281,8.877722230531648e-07,True,CONVERGED,float64,cuda:0
adjoint,1,293,9.297860287659642e-07,True,CONVERGED,float64,cuda:0
adjoint,2,292,9.121075837833748e-07,True,CONVERGED,float64,cuda:0
forward,0,276,9.771198968529047e-07,True,CONVERGED,float64,cuda:0
forward,1,281,9.667061182911353e-07,True,CONVERGED,float64,cuda:0
forward,2,277,9.713235756127915e-07,True,CONVERGED,float64,cuda:0
adjoint,0,276,8.630520371287066e-07,True,CONVERGED,float64,cuda:0
adjoint,1,290,9.618447197409172e-07,True,CONVERGED,float64,cuda:0
adjoint,2,288,8.861700003827286e-07,True,CONVERGED,float64,cuda:0
forward,0,274,9.736462563253722e-07,True,CONVERGED,float64,cuda:0
forward,1,279,9.486584799554368e-07,True,CONVERGED,float64,cuda:0
forward,2,278,9.229401898343085e-07,True,CONVERGED,float64,cuda:0
adjoint,0,278,9.102664586981163e-07,True,CONVERGED,float64,cuda:0
adjoint,1,287,9.71441327235523e-07,True,CONVERGED,float64,cuda:0
adjoint,2,284,9.844255507352157e-07,True,CONVERGED,float64,cuda:0
forward,0,274,9.469374954585859e-07,True,CONVERGED,float64,cuda:0
forward,1,279,9.14522513387356e-07,True,CONVERGED,float64,cuda:0
forward,2,277,9.725329878607872e-07,True,CONVERGED,float64,cuda:0
adjoint,0,279,9.328309503867498e-07,True,CONVERGED,float64,cuda:0
adjoint,1,286,9.78342945914075e-07,True,CONVERGED,float64,cuda:0
adjoint,2,284,9.035332175984958e-07,True,CONVERGED,float64,cuda:0
forward,0,273,9.683328475009238e-07,True,CONVERGED,float64,cuda:0
forward,1,279,8.895039196100645e-07,True,CONVERGED,float64,cuda:0
forward,2,276,9.964608681889578e-07,True,CONVERGED,float64,cuda:0
adjoint,0,279,9.505540161515472e-07,True,CONVERGED,float64,cuda:0
adjoint,1,286,9.374274618210774e-07,True,CONVERGED,float64,cuda:0
adjoint,2,284,8.514071321832278e-07,True,CONVERGED,float64,cuda:0
forward,0,272,8.706457625869929e-07,True,CONVERGED,float64,cuda:0
forward,1,277,9.32587581893652e-07,True,CONVERGED,float64,cuda:0
forward,2,275,9.715698749030933e-07,True,CONVERGED,float64,cuda:0
adjoint,0,276,9.486030308266154e-07,True,CONVERGED,float64,cuda:0
adjoint,1,285,9.235989125393385e-07,True,CONVERGED,float64,cuda:0
adjoint,2,282,9.244566603422746e-07,True,CONVERGED,float64,cuda:0
forward,0,270,9.486276664282244e-07,True,CONVERGED,float64,cuda:0
forward,1,277,9.297216033279504e-07,True,CONVERGED,float64,cuda:0
forward,2,273,9.395935755995705e-07,True,CONVERGED,float64,cuda:0
adjoint,0,273,9.61749768853358e-07,True,CONVERGED,float64,cuda:0
adjoint,1,285,9.209391417691109e-07,True,CONVERGED,float64,cuda:0
adjoint,2,283,8.703737639674163e-07,True,CONVERGED,float64,cuda:0
forward,0,270,9.005700108428634e-07,True,CONVERGED,float64,cuda:0
forward,1,276,9.656243052514308e-07,True,CONVERGED,float64,cuda:0
forward,2,271,9.604835114194342e-07,True,CONVERGED,float64,cuda:0
adjoint,0,273,9.588752675946e-07,True,CONVERGED,float64,cuda:0
adjoint,1,284,9.62440041889712e-07,True,CONVERGED,float64,cuda:0
adjoint,2,282,9.256036050306976e-07,True,CONVERGED,float64,cuda:0
forward,0,270,9.245023806818259e-07,True,CONVERGED,float64,cuda:0
forward,1,275,9.87752744706148e-07,True,CONVERGED,float64,cuda:0
forward,2,273,9.584513533415451e-07,True,CONVERGED,float64,cuda:0
adjoint,0,275,8.87454534278933e-07,True,CONVERGED,float64,cuda:0
adjoint,1,283,8.772823004627437e-07,True,CONVERGED,float64,cuda:0
adjoint,2,280,9.685305990583018e-07,True,CONVERGED,float64,cuda:0
forward,0,271,9.862146290623202e-07,True,CONVERGED,float64,cuda:0
forward,1,276,9.996121225652675e-07,True,CONVERGED,float64,cuda:0
forward,2,270,9.80409331897341e-07,True,CONVERGED,float64,cuda:0
adjoint,0,277,9.781725548762255e-07,True,CONVERGED,float64,cuda:0
adjoint,1,284,9.956888697611682e-07,True,CONVERGED,float64,cuda:0
adjoint,2,282,9.448135070328042e-07,True,CONVERGED,float64,cuda:0
forward,0,271,9.353262079605203e-07,True,CONVERGED,float64,cuda:0
forward,1,276,9.600016923962447e-07,True,CONVERGED,float64,cuda:0
forward,2,267,9.825049531355994e-07,True,CONVERGED,float64,cuda:0
adjoint,0,277,9.505811876942379e-07,True,CONVERGED,float64,cuda:0
adjoint,1,284,9.426590331482494e-07,True,CONVERGED,float64,cuda:0
adjoint,2,282,8.681003432011872e-07,True,CONVERGED,float64,cuda:0
forward,0,268,9.316111445313428e-07,True,CONVERGED,float64,cuda:0
forward,1,275,9.348336020329397e-07,True,CONVERGED,float64,cuda:0
forward,2,266,9.9673362119487e-07,True,CONVERGED,float64,cuda:0
adjoint,0,274,8.529692728409403e-07,True,CONVERGED,float64,cuda:0
adjoint,1,281,9.187268593898943e-07,True,CONVERGED,float64,cuda:0
adjoint,2,277,9.02996773469188e-07,True,CONVERGED,float64,cuda:0
forward,0,268,9.193821498887589e-07,True,CONVERGED,float64,cuda:0
forward,1,275,9.669862092618385e-07,True,CONVERGED,float64,cuda:0
forward,2,263,9.48133747516238e-07,True,CONVERGED,float64,cuda:0
adjoint,0,273,9.312880634398905e-07,True,CONVERGED,float64,cuda:0
adjoint,1,281,9.9416887654095e-07,True,CONVERGED,float64,cuda:0
adjoint,2,276,9.53867472655861e-07,True,CONVERGED,float64,cuda:0
forward,0,267,9.99770186735428e-07,True,CONVERGED,float64,cuda:0
forward,1,275,9.209003272343971e-07,True,CONVERGED,float64,cuda:0
forward,2,263,9.787309133924548e-07,True,CONVERGED,float64,cuda:0
adjoint,0,274,8.957937155900623e-07,True,CONVERGED,float64,cuda:0
adjoint,1,281,8.843470800960369e-07,True,CONVERGED,float64,cuda:0
adjoint,2,276,9.076390635088598e-07,True,CONVERGED,float64,cuda:0
forward,0,271,9.241699294462799e-07,True,CONVERGED,float64,cuda:0
forward,1,276,9.231723883052684e-07,True,CONVERGED,float64,cuda:0
forward,2,265,9.743191716597327e-07,True,CONVERGED,float64,cuda:0
adjoint,0,280,9.381707323026696e-07,True,CONVERGED,float64,cuda:0
adjoint,1,284,9.855844197715806e-07,True,CONVERGED,float64,cuda:0
adjoint,2,280,9.930383468148068e-07,True,CONVERGED,float64,cuda:0
forward,0,271,9.692496350045803e-07,True,CONVERGED,float64,cuda:0
forward,1,277,8.902518505570669e-07,True,CONVERGED,float64,cuda:0
forward,2,267,8.667699499369911e-07,True,CONVERGED,float64,cuda:0
adjoint,0,281,9.364366500918298e-07,True,CONVERGED,float64,cuda:0
adjoint,1,285,9.546359553503741e-07,True,CONVERGED,float64,cuda:0
adjoint,2,281,9.625566010261567e-07,True,CONVERGED,float64,cuda:0
forward,0,270,9.371431364882737e-07,True,CONVERGED,float64,cuda:0
forward,1,275,9.837702180696464e-07,True,CONVERGED,float64,cuda:0
forward,2,265,8.825180954599039e-07,True,CONVERGED,float64,cuda:0
adjoint,0,279,9.159619857558844e-07,True,CONVERGED,float64,cuda:0
adjoint,1,283,9.118858751459911e-07,True,CONVERGED,float64,cuda:0
adjoint,2,277,9.735093674439718e-07,True,CONVERGED,float64,cuda:0
forward,0,268,9.118303427458859e-07,True,CONVERGED,float64,cuda:0
forward,1,276,9.290763243580766e-07,True,CONVERGED,float64,cuda:0
forward,2,265,9.08460275288612e-07,True,CONVERGED,float64,cuda:0
adjoint,0,273,8.910949615985969e-07,True,CONVERGED,float64,cuda:0
adjoint,1,282,9.469521089442754e-07,True,CONVERGED,float64,cuda:0
adjoint,2,278,9.740409523254587e-07,True,CONVERGED,float64,cuda:0
forward,0,268,9.458773406223409e-07,True,CONVERGED,float64,cuda:0
forward,1,276,9.11448278151883e-07,True,CONVERGED,float64,cuda:0
forward,2,266,9.982964442333189e-07,True,CONVERGED,float64,cuda:0
adjoint,0,268,9.246168363738216e-07,True,CONVERGED,float64,cuda:0
adjoint,1,283,9.83198724859492e-07,True,CONVERGED,float64,cuda:0
adjoint,2,282,9.413511129902079e-07,True,CONVERGED,float64,cuda:0
forward,0,268,8.865236415032583e-07,True,CONVERGED,float64,cuda:0
forward,1,276,9.37757985562086e-07,True,CONVERGED,float64,cuda:0
forward,2,264,9.94837314743291e-07,True,CONVERGED,float64,cuda:0
adjoint,0,272,9.702093057448996e-07,True,CONVERGED,float64,cuda:0
adjoint,1,282,9.679017595101612e-07,True,CONVERGED,float64,cuda:0
adjoint,2,279,9.584246547178046e-07,True,CONVERGED,float64,cuda:0
forward,0,267,9.711764459447474e-07,True,CONVERGED,float64,cuda:0
forward,1,275,9.70462270748239e-07,True,CONVERGED,float64,cuda:0
forward,2,265,8.475441534273917e-07,True,CONVERGED,float64,cuda:0
adjoint,0,279,9.241457493508692e-07,True,CONVERGED,float64,cuda:0
adjoint,1,280,9.612485184977083e-07,True,CONVERGED,float64,cuda:0
adjoint,2,276,9.185326746321308e-07,True,CONVERGED,float64,cuda:0
forward,0,261,8.652878925294593e-07,True,CONVERGED,float64,cuda:0
forward,1,274,9.669989609718658e-07,True,CONVERGED,float64,cuda:0
forward,2,271,9.81260026924004e-07,True,CONVERGED,float64,cuda:0
adjoint,0,282,8.909788554406043e-07,True,CONVERGED,float64,cuda:0
adjoint,1,281,9.910262503733523e-07,True,CONVERGED,float64,cuda:0
adjoint,2,280,9.748256239400404e-07,True,CONVERGED,float64,cuda:0
forward,0,261,9.503460122926116e-07,True,CONVERGED,float64,cuda:0
forward,1,269,9.373478189452344e-07,True,CONVERGED,float64,cuda:0
forward,2,275,9.068110882846398e-07,True,CONVERGED,float64,cuda:0
adjoint,0,282,9.678774643012946e-07,True,CONVERGED,float64,cuda:0
adjoint,1,280,9.496839093410099e-07,True,CONVERGED,float64,cuda:0
adjoint,2,281,9.018936992514661e-07,True,CONVERGED,float64,cuda:0
forward,0,266,9.740240711965314e-07,True,CONVERGED,float64,cuda:0
forward,1,265,9.581327459221892e-07,True,CONVERGED,float64,cuda:0
forward,2,275,9.532460537079898e-07,True,CONVERGED,float64,cuda:0
adjoint,0,282,8.894139829121025e-07,True,CONVERGED,float64,cuda:0
adjoint,1,280,9.074887621615414e-07,True,CONVERGED,float64,cuda:0
adjoint,2,280,9.457588335819634e-07,True,CONVERGED,float64,cuda:0
forward,0,272,9.386943486069031e-07,True,CONVERGED,float64,cuda:0
forward,1,276,9.720100795581494e-07,True,CONVERGED,float64,cuda:0
forward,2,277,9.297736513955928e-07,True,CONVERGED,float64,cuda:0
adjoint,0,280,9.94539481107207e-07,True,CONVERGED,float64,cuda:0
adjoint,1,281,9.70569461288592e-07,True,CONVERGED,float64,cuda:0
adjoint,2,281,9.306485100511622e-07,True,CONVERGED,float64,cuda:0
forward,0,272,9.623312540289897e-07,True,CONVERGED,float64,cuda:0
forward,1,277,9.544099333442387e-07,True,CONVERGED,float64,cuda:0
forward,2,278,9.808942040310837e-07,True,CONVERGED,float64,cuda:0
adjoint,0,269,9.905338045909134e-07,True,CONVERGED,float64,cuda:0
adjoint,1,282,9.463542680188426e-07,True,CONVERGED,float64,cuda:0
adjoint,2,281,9.086456418809112e-07,True,CONVERGED,float64,cuda:0
forward,0,272,8.323558975781584e-07,True,CONVERGED,float64,cuda:0
forward,1,278,8.914011581021342e-07,True,CONVERGED,float64,cuda:0
forward,2,279,9.031246372299184e-07,True,CONVERGED,float64,cuda:0
adjoint,0,269,9.000629948180137e-07,True,CONVERGED,float64,cuda:0
adjoint,1,281,9.81443860739085e-07,True,CONVERGED,float64,cuda:0
adjoint,2,280,8.956984375776717e-07,True,CONVERGED,float64,cuda:0
forward,0,268,9.404337949833176e-07,True,CONVERGED,float64,cuda:0
forward,1,271,9.07095725313256e-07,True,CONVERGED,float64,cuda:0
forward,2,272,8.729851832327229e-07,True,CONVERGED,float64,cuda:0
adjoint,0,279,8.970679135847036e-07,True,CONVERGED,float64,cuda:0
adjoint,1,275,9.522100276674441e-07,True,CONVERGED,float64,cuda:0
adjoint,2,276,9.265873431855421e-07,True,CONVERGED,float64,cuda:0
forward,0,264,9.808524401471864e-07,True,CONVERGED,float64,cuda:0
forward,1,276,9.59709964878697e-07,True,CONVERGED,float64,cuda:0
forward,2,278,9.370099823139704e-07,True,CONVERGED,float64,cuda:0
adjoint,0,259,9.96092754752893e-07,True,CONVERGED,float64,cuda:0
adjoint,1,282,9.224917023822781e-07,True,CONVERGED,float64,cuda:0
adjoint,2,280,9.568297724203432e-07,True,CONVERGED,float64,cuda:0
forward,0,266,9.639723656069324e-07,True,CONVERGED,float64,cuda:0
forward,1,275,9.762517333347307e-07,True,CONVERGED,float64,cuda:0
forward,2,276,9.392603110063466e-07,True,CONVERGED,float64,cuda:0
adjoint,0,261,9.842219848300226e-07,True,CONVERGED,float64,cuda:0
adjoint,1,280,9.195207770393073e-07,True,CONVERGED,float64,cuda:0
adjoint,2,279,9.58981186710684e-07,True,CONVERGED,float64,cuda:0
forward,0,257,9.017848879496423e-07,True,CONVERGED,float64,cuda:0
forward,1,282,9.13776798749263e-07,True,CONVERGED,float64,cuda:0
forward,2,281,9.891629088200057e-07,True,CONVERGED,float64,cuda:0
adjoint,0,283,9.31823137020399e-07,True,CONVERGED,float64,cuda:0
adjoint,1,283,9.76341365247854e-07,True,CONVERGED,float64,cuda:0
adjoint,2,284,9.438279824039515e-07,True,CONVERGED,float64,cuda:0
forward,0,274,9.978660948223435e-07,True,CONVERGED,float64,cuda:0
forward,1,287,9.362612220123417e-07,True,CONVERGED,float64,cuda:0
forward,2,287,9.500459184998665e-07,True,CONVERGED,float64,cuda:0
adjoint,0,288,9.764228369600338e-07,True,CONVERGED,float64,cuda:0
adjoint,1,292,9.553342667170464e-07,True,CONVERGED,float64,cuda:0
adjoint,2,292,9.336212876635659e-07,True,CONVERGED,float64,cuda:0
forward,0,264,9.464632778988538e-07,True,CONVERGED,float64,cuda:0
forward,1,274,9.87475569094126e-07,True,CONVERGED,float64,cuda:0
forward,2,288,9.753529542920417e-07,True,CONVERGED,float64,cuda:0
adjoint,0,289,9.538255361013826e-07,True,CONVERGED,float64,cuda:0
adjoint,1,294,9.000416888428931e-07,True,CONVERGED,float64,cuda:0
adjoint,2,293,9.558807124248096e-07,True,CONVERGED,float64,cuda:0
forward,0,266,9.504660815979718e-07,True,CONVERGED,float64,cuda:0
forward,1,275,9.75715623422234e-07,True,CONVERGED,float64,cuda:0
forward,2,290,8.881986993887476e-07,True,CONVERGED,float64,cuda:0
adjoint,0,274,8.63289968586015e-07,True,CONVERGED,float64,cuda:0
adjoint,1,291,9.102096581943848e-07,True,CONVERGED,float64,cuda:0
adjoint,2,293,9.99091782706127e-07,True,CONVERGED,float64,cuda:0
forward,0,272,9.013803518977215e-07,True,CONVERGED,float64,cuda:0
forward,1,275,9.917174810274915e-07,True,CONVERGED,float64,cuda:0
forward,2,290,9.335929837730437e-07,True,CONVERGED,float64,cuda:0
adjoint,0,289,9.851505162510241e-07,True,CONVERGED,float64,cuda:0
adjoint,1,294,9.940044604497455e-07,True,CONVERGED,float64,cuda:0
adjoint,2,294,9.247447820998363e-07,True,CONVERGED,float64,cuda:0
forward,0,279,8.809368586266234e-07,True,CONVERGED,float64,cuda:0
forward,1,286,9.945951377213187e-07,True,CONVERGED,float64,cuda:0
forward,2,288,9.054907758430393e-07,True,CONVERGED,float64,cuda:0
adjoint,0,287,8.908668330323077e-07,True,CONVERGED,float64,cuda:0
adjoint,1,290,9.655073719422776e-07,True,CONVERGED,float64,cuda:0
adjoint,2,282,9.025920473084961e-07,True,CONVERGED,float64,cuda:0
forward,0,271,9.455936348782387e-07,True,CONVERGED,float64,cuda:0
forward,1,285,9.146433844686067e-07,True,CONVERGED,float64,cuda:0
forward,2,285,9.109900506968454e-07,True,CONVERGED,float64,cuda:0
adjoint,0,284,9.955486153644725e-07,True,CONVERGED,float64,cuda:0
adjoint,1,289,9.283873926498137e-07,True,CONVERGED,float64,cuda:0
adjoint,2,289,9.829922700432468e-07,True,CONVERGED,float64,cuda:0
forward,0,272,9.362763724086032e-07,True,CONVERGED,float64,cuda:0
forward,1,286,9.410531494901546e-07,True,CONVERGED,float64,cuda:0
forward,2,286,9.208603432735939e-07,True,CONVERGED,float64,cuda:0
adjoint,0,286,7.500790621582893e-07,True,CONVERGED,float64,cuda:0
adjoint,1,290,9.170271765814598e-07,True,CONVERGED,float64,cuda:0
adjoint,2,290,9.06436968915833e-07,True,CONVERGED,float64,cuda:0
forward,0,279,9.750258651919755e-07,True,CONVERGED,float64,cuda:0
forward,1,276,9.972129122874364e-07,True,CONVERGED,float64,cuda:0
forward,2,278,9.67949486236333e-07,True,CONVERGED,float64,cuda:0
adjoint,0,287,9.960644402631673e-07,True,CONVERGED,float64,cuda:0
adjoint,1,295,9.883708722980346e-07,True,CONVERGED,float64,cuda:0
adjoint,2,295,9.788796707614822e-07,True,CONVERGED,float64,cuda:0
forward,0,276,9.154746222230868e-07,True,CONVERGED,float64,cuda:0
forward,1,283,9.670598099143615e-07,True,CONVERGED,float64,cuda:0
forward,2,283,9.140766721429474e-07,True,CONVERGED,float64,cuda:0
adjoint,0,293,8.514431336460684e-07,True,CONVERGED,float64,cuda:0
adjoint,1,304,8.940458982799647e-07,True,CONVERGED,float64,cuda:0
adjoint,2,304,8.705524864797323e-07,True,CONVERGED,float64,cuda:0
forward,0,277,9.418197253351256e-07,True,CONVERGED,float64,cuda:0
forward,1,284,9.875475305973987e-07,True,CONVERGED,float64,cuda:0
forward,2,285,9.128577399727844e-07,True,CONVERGED,float64,cuda:0
adjoint,0,293,9.881583469493482e-07,True,CONVERGED,float64,cuda:0
adjoint,1,305,8.679258581280275e-07,True,CONVERGED,float64,cuda:0
adjoint,2,304,9.89208727575445e-07,True,CONVERGED,float64,cuda:0
forward,0,272,9.74745620437114e-07,True,CONVERGED,float64,cuda:0
forward,1,280,8.989383570161153e-07,True,CONVERGED,float64,cuda:0
forward,2,280,9.420644544203433e-07,True,CONVERGED,float64,cuda:0
adjoint,0,287,8.527894879832472e-07,True,CONVERGED,float64,cuda:0
adjoint,1,294,9.983538800903132e-07,True,CONVERGED,float64,cuda:0
adjoint,2,295,9.326133977819084e-07,True,CONVERGED,float64,cuda:0
forward,0,269,9.886730936379304e-07,True,CONVERGED,float64,cuda:0
forward,1,284,8.935738164906378e-07,True,CONVERGED,float64,cuda:0
forward,2,284,9.154618601538669e-07,True,CONVERGED,float64,cuda:0
adjoint,0,288,9.599991217172296e-07,True,CONVERGED,float64,cuda:0
adjoint,1,297,8.809310833017483e-07,True,CONVERGED,float64,cuda:0
adjoint,2,297,9.4330445315518e-07,True,CONVERGED,float64,cuda:0
forward,0,277,9.527006014466565e-07,True,CONVERGED,float64,cuda:0
forward,1,302,9.424329690141155e-07,True,CONVERGED,float64,cuda:0
forward,2,302,9.431264023962275e-07,True,CONVERGED,float64,cuda:0
adjoint,0,296,9.420176998858504e-07,True,CONVERGED,float64,cuda:0
adjoint,1,306,9.555852843291763e-07,True,CONVERGED,float64,cuda:0
adjoint,2,307,8.67203948018738e-07,True,CONVERGED,float64,cuda:0
forward,0,277,8.596816645467727e-07,True,CONVERGED,float64,cuda:0
forward,1,301,9.606789268910754e-07,True,CONVERGED,float64,cuda:0
forward,2,301,9.69563095080885e-07,True,CONVERGED,float64,cuda:0
adjoint,0,295,9.569519458447095e-07,True,CONVERGED,float64,cuda:0
adjoint,1,304,9.70247339149578e-07,True,CONVERGED,float64,cuda:0
adjoint,2,304,9.684591435428387e-07,True,CONVERGED,float64,cuda:0
forward,0,277,9.598216237979161e-07,True,CONVERGED,float64,cuda:0
forward,1,297,9.372195073500827e-07,True,CONVERGED,float64,cuda:0
forward,2,296,9.594460679485933e-07,True,CONVERGED,float64,cuda:0
adjoint,0,292,9.906440768302436e-07,True,CONVERGED,float64,cuda:0
adjoint,1,302,9.570667838370295e-07,True,CONVERGED,float64,cuda:0
adjoint,2,300,9.789176095368102e-07,True,CONVERGED,float64,cuda:0
forward,0,278,9.261092133092602e-07,True,CONVERGED,float64,cuda:0
forward,1,301,9.090429782416021e-07,True,CONVERGED,float64,cuda:0
forward,2,300,9.523875546830616e-07,True,CONVERGED,float64,cuda:0
adjoint,0,293,9.202544558630405e-07,True,CONVERGED,float64,cuda:0
adjoint,1,303,9.493005273381287e-07,True,CONVERGED,float64,cuda:0
adjoint,2,289,9.45075365211026e-07,True,CONVERGED,float64,cuda:0
forward,0,281,9.835056363098644e-07,True,CONVERGED,float64,cuda:0
forward,1,301,9.92044665527722e-07,True,CONVERGED,float64,cuda:0
forward,2,301,8.979400909172286e-07,True,CONVERGED,float64,cuda:0
adjoint,0,294,9.760357799127525e-07,True,CONVERGED,float64,cuda:0
adjoint,1,303,9.832103542309324e-07,True,CONVERGED,float64,cuda:0
adjoint,2,304,9.309767209895389e-07,True,CONVERGED,float64,cuda:0
forward,0,290,9.762060900388114e-07,True,CONVERGED,float64,cuda:0
forward,1,302,9.259684514981246e-07,True,CONVERGED,float64,cuda:0
forward,2,301,9.455624714906088e-07,True,CONVERGED,float64,cuda:0
adjoint,0,295,8.710186589912148e-07,True,CONVERGED,float64,cuda:0
adjoint,1,304,9.883010153606814e-07,True,CONVERGED,float64,cuda:0
adjoint,2,304,9.932666969512644e-07,True,CONVERGED,float64,cuda:0
forward,0,277,9.039327072267637e-07,True,CONVERGED,float64,cuda:0
forward,1,302,8.76741969273082e-07,True,CONVERGED,float64,cuda:0
forward,2,302,8.9007305783928e-07,True,CONVERGED,float64,cuda:0
adjoint,0,294,9.439887671168215e-07,True,CONVERGED,float64,cuda:0
adjoint,1,305,9.069426721643213e-07,True,CONVERGED,float64,cuda:0
adjoint,2,305,9.364295280938448e-07,True,CONVERGED,float64,cuda:0
forward,0,276,8.7652883794224e-07,True,CONVERGED,float64,cuda:0
forward,1,302,9.205391743957688e-07,True,CONVERGED,float64,cuda:0
forward,2,302,9.242382773972569e-07,True,CONVERGED,float64,cuda:0
adjoint,0,294,9.856256700635885e-07,True,CONVERGED,float64,cuda:0
adjoint,1,305,9.282397803357891e-07,True,CONVERGED,float64,cuda:0
adjoint,2,305,9.92420908111384e-07,True,CONVERGED,float64,cuda:0
forward,0,282,9.786549140364385e-07,True,CONVERGED,float64,cuda:0
forward,1,301,9.582902907312636e-07,True,CONVERGED,float64,cuda:0
forward,2,301,9.156927185795358e-07,True,CONVERGED,float64,cuda:0
adjoint,0,293,9.582512091551232e-07,True,CONVERGED,float64,cuda:0
adjoint,1,304,9.980619182281409e-07,True,CONVERGED,float64,cuda:0
adjoint,2,304,9.60961007218269e-07,True,CONVERGED,float64,cuda:0
forward,0,284,8.206837586197088e-07,True,CONVERGED,float64,cuda:0
forward,1,306,9.335385761091821e-07,True,CONVERGED,float64,cuda:0
forward,2,305,9.90660219526664e-07,True,CONVERGED,float64,cuda:0
adjoint,0,300,9.501605540094835e-07,True,CONVERGED,float64,cuda:0
adjoint,1,307,9.943904337000048e-07,True,CONVERGED,float64,cuda:0
adjoint,2,308,9.743451468677006e-07,True,CONVERGED,float64,cuda:0
forward,0,284,9.293315933774373e-07,True,CONVERGED,float64,cuda:0
forward,1,305,9.397764365583386e-07,True,CONVERGED,float64,cuda:0
forward,2,305,9.6980988165471e-07,True,CONVERGED,float64,cuda:0
adjoint,0,300,9.335105609894188e-07,True,CONVERGED,float64,cuda:0
adjoint,1,306,9.682612792294084e-07,True,CONVERGED,float64,cuda:0
adjoint,2,307,9.342110879873333e-07,True,CONVERGED,float64,cuda:0
forward,0,289,9.753445092291309e-07,True,CONVERGED,float64,cuda:0
forward,1,304,9.206940573830432e-07,True,CONVERGED,float64,cuda:0
forward,2,303,9.41158367511339e-07,True,CONVERGED,float64,cuda:0
adjoint,0,292,9.614253730774697e-07,True,CONVERGED,float64,cuda:0
adjoint,1,304,8.943364960469283e-07,True,CONVERGED,float64,cuda:0
adjoint,2,301,9.81955329909126e-07,True,CONVERGED,float64,cuda:0
forward,0,288,9.790740671519098e-07,True,CONVERGED,float64,cuda:0
forward,1,305,9.062680960453277e-07,True,CONVERGED,float64,cuda:0
forward,2,303,9.815002008507077e-07,True,CONVERGED,float64,cuda:0
adjoint,0,294,9.899940476598759e-07,True,CONVERGED,float64,cuda:0
adjoint,1,304,8.999261088444512e-07,True,CONVERGED,float64,cuda:0
adjoint,2,303,9.028181383061222e-07,True,CONVERGED,float64,cuda:0
forward,0,285,9.12523534577057e-07,True,CONVERGED,float64,cuda:0
forward,1,306,8.424757314312492e-07,True,CONVERGED,float64,cuda:0
forward,2,301,9.87178821169373e-07,True,CONVERGED,float64,cuda:0
adjoint,0,300,9.367021626404348e-07,True,CONVERGED,float64,cuda:0
adjoint,1,302,9.643834353503362e-07,True,CONVERGED,float64,cuda:0
adjoint,2,306,8.947782410069292e-07,True,CONVERGED,float64,cuda:0
forward,0,285,9.453763828016332e-07,True,CONVERGED,float64,cuda:0
forward,1,305,9.526478551837898e-07,True,CONVERGED,float64,cuda:0
forward,2,298,9.9292014405618e-07,True,CONVERGED,float64,cuda:0
adjoint,0,300,9.395455199685287e-07,True,CONVERGED,float64,cuda:0
adjoint,1,296,9.89401252321702e-07,True,CONVERGED,float64,cuda:0
adjoint,2,305,9.986546913723435e-07,True,CONVERGED,float64,cuda:0
forward,0,289,9.488716098239471e-07,True,CONVERGED,float64,cuda:0
forward,1,303,9.657752849354266e-07,True,CONVERGED,float64,cuda:0
forward,2,303,9.556515270765047e-07,True,CONVERGED,float64,cuda:0
adjoint,0,295,9.770626743458938e-07,True,CONVERGED,float64,cuda:0
adjoint,1,305,9.713523603437373e-07,True,CONVERGED,float64,cuda:0
adjoint,2,306,9.362193086274746e-07,True,CONVERGED,float64,cuda:0
forward,0,289,9.6540094291007e-07,True,CONVERGED,float64,cuda:0
forward,1,303,9.322981357684831e-07,True,CONVERGED,float64,cuda:0
forward,2,303,9.287948574138544e-07,True,CONVERGED,float64,cuda:0
adjoint,0,296,8.281686772011961e-07,True,CONVERGED,float64,cuda:0
adjoint,1,304,9.805660395585282e-07,True,CONVERGED,float64,cuda:0
adjoint,2,306,8.985761608172934e-07,True,CONVERGED,float64,cuda:0
forward,0,282,9.4687326553654e-07,True,CONVERGED,float64,cuda:0
forward,1,304,9.996580176053996e-07,True,CONVERGED,float64,cuda:0
forward,2,294,9.557009547988847e-07,True,CONVERGED,float64,cuda:0
adjoint,0,300,8.985617541818439e-07,True,CONVERGED,float64,cuda:0
adjoint,1,296,9.487923249207561e-07,True,CONVERGED,float64,cuda:0
adjoint,2,305,9.030891963521392e-07,True,CONVERGED,float64,cuda:0
forward,0,282,9.398478919937446e-07,True,CONVERGED,float64,cuda:0
forward,1,304,9.565761670879797e-07,True,CONVERGED,float64,cuda:0
forward,2,293,9.697089336651133e-07,True,CONVERGED,float64,cuda:0
adjoint,0,299,9.483369573068259e-07,True,CONVERGED,float64,cuda:0
adjoint,1,297,9.074034622853352e-07,True,CONVERGED,float64,cuda:0
adjoint,2,304,9.197426646217962e-07,True,CONVERGED,float64,cuda:0
forward,0,288,9.820734378304849e-07,True,CONVERGED,float64,cuda:0
forward,1,304,9.428164886213314e-07,True,CONVERGED,float64,cuda:0
forward,2,304,9.218602720133111e-07,True,CONVERGED,float64,cuda:0
adjoint,0,296,9.46452092504515e-07,True,CONVERGED,float64,cuda:0
adjoint,1,293,9.951921707395777e-07,True,CONVERGED,float64,cuda:0
adjoint,2,307,8.764146293726519e-07,True,CONVERGED,float64,cuda:0
forward,0,286,9.801489869946307e-07,True,CONVERGED,float64,cuda:0
forward,1,303,9.582422452387246e-07,True,CONVERGED,float64,cuda:0
forward,2,303,8.976781032045557e-07,True,CONVERGED,float64,cuda:0
adjoint,0,296,9.99294838186318e-07,True,CONVERGED,float64,cuda:0
adjoint,1,295,9.931626894936382e-07,True,CONVERGED,float64,cuda:0
adjoint,2,304,9.784831652659375e-07,True,CONVERGED,float64,cuda:0
forward,0,283,8.734763803259209e-07,True,CONVERGED,float64,cuda:0
forward,1,303,9.259097571384912e-07,True,CONVERGED,float64,cuda:0
forward,2,293,9.5248444104394e-07,True,CONVERGED,float64,cuda:0
adjoint,0,298,9.794767817019555e-07,True,CONVERGED,float64,cuda:0
adjoint,1,298,9.308670057204265e-07,True,CONVERGED,float64,cuda:0
adjoint,2,301,9.259867971308e-07,True,CONVERGED,float64,cuda:0
forward,0,283,8.42616469459908e-07,True,CONVERGED,float64,cuda:0
forward,1,302,9.456161527912669e-07,True,CONVERGED,float64,cuda:0
forward,2,291,9.925839096021034e-07,True,CONVERGED,float64,cuda:0
adjoint,0,298,9.151887584254139e-07,True,CONVERGED,float64,cuda:0
adjoint,1,297,9.92897396117807e-07,True,CONVERGED,float64,cuda:0
adjoint,2,298,9.935409986691947e-07,True,CONVERGED,float64,cuda:0
forward,0,289,9.315957094388431e-07,True,CONVERGED,float64,cuda:0
forward,1,299,9.809601224137254e-07,True,CONVERGED,float64,cuda:0
forward,2,297,9.309925272708717e-07,True,CONVERGED,float64,cuda:0
adjoint,0,298,8.651509600011868e-07,True,CONVERGED,float64,cuda:0
adjoint,1,297,9.56993115352259e-07,True,CONVERGED,float64,cuda:0
adjoint,2,306,9.424091724658728e-07,True,CONVERGED,float64,cuda:0
forward,0,289,9.216688431382515e-07,True,CONVERGED,float64,cuda:0
forward,1,294,9.841789802012807e-07,True,CONVERGED,float64,cuda:0
forward,2,298,9.851848319836348e-07,True,CONVERGED,float64,cuda:0
adjoint,0,298,8.767832927569746e-07,True,CONVERGED,float64,cuda:0
adjoint,1,297,8.811848040879747e-07,True,CONVERGED,float64,cuda:0
adjoint,2,305,9.283580520318592e-07,True,CONVERGED,float64,cuda:0
forward,0,283,8.760272448667193e-07,True,CONVERGED,float64,cuda:0
forward,1,292,9.44451665392265e-07,True,CONVERGED,float64,cuda:0
forward,2,283,9.451950470662085e-07,True,CONVERGED,float64,cuda:0
adjoint,0,285,9.83591069150343e-07,True,CONVERGED,float64,cuda:0
adjoint,1,299,9.633045469560255e-07,True,CONVERGED,float64,cuda:0
adjoint,2,297,9.851005514991827e-07,True,CONVERGED,float64,cuda:0
forward,0,283,9.793164611716086e-07,True,CONVERGED,float64,cuda:0
forward,1,295,9.157662179972734e-07,True,CONVERGED,float64,cuda:0
forward,2,285,9.800833524852843e-07,True,CONVERGED,float64,cuda:0
adjoint,0,286,9.404039618536889e-07,True,CONVERGED,float64,cuda:0
adjoint,1,300,9.126551539314128e-07,True,CONVERGED,float64,cuda:0
adjoint,2,299,9.334548244261776e-07,True,CONVERGED,float64,cuda:0
forward,0,280,8.541135408360498e-07,True,CONVERGED,float64,cuda:0
forward,1,290,9.709156612612235e-07,True,CONVERGED,float64,cuda:0
forward,2,289,9.412474873632074e-07,True,CONVERGED,float64,cuda:0
adjoint,0,280,9.311141724866592e-07,True,CONVERGED,float64,cuda:0
adjoint,1,292,9.415139075242272e-07,True,CONVERGED,float64,cuda:0
adjoint,2,288,9.443322901560821e-07,True,CONVERGED,float64,cuda:0
forward,0,282,8.947081617837249e-07,True,CONVERGED,float64,cuda:0
forward,1,295,9.465129042141757e-07,True,CONVERGED,float64,cuda:0
forward,2,290,9.605547804398492e-07,True,CONVERGED,float64,cuda:0
adjoint,0,283,9.578071520739384e-07,True,CONVERGED,float64,cuda:0
adjoint,1,293,8.784171079881348e-07,True,CONVERGED,float64,cuda:0
adjoint,2,292,9.721642222857834e-07,True,CONVERGED,float64,cuda:0
forward,0,276,9.791175528089338e-07,True,CONVERGED,float64,cuda:0
forward,1,303,9.744824803634207e-07,True,CONVERGED,float64,cuda:0
forward,2,297,9.65646460532423e-07,True,CONVERGED,float64,cuda:0
adjoint,0,295,9.40793624643696e-07,True,CONVERGED,float64,cuda:0
adjoint,1,296,9.635140725044312e-07,True,CONVERGED,float64,cuda:0
adjoint,2,293,9.443942351716713e-07,True,CONVERGED,float64,cuda:0
forward,0,280,9.453037245570935e-07,True,CONVERGED,float64,cuda:0
forward,1,298,9.998960771156503e-07,True,CONVERGED,float64,cuda:0
forward,2,293,9.84748054268656e-07,True,CONVERGED,float64,cuda:0
adjoint,0,279,8.974326498709054e-07,True,CONVERGED,float64,cuda:0
adjoint,1,294,9.80362235191084e-07,True,CONVERGED,float64,cuda:0
adjoint,2,291,9.601886250865433e-07,True,CONVERGED,float64,cuda:0
forward,0,284,8.573256443659361e-07,True,CONVERGED,float64,cuda:0
forward,1,298,9.30381032139866e-07,True,CONVERGED,float64,cuda:0
forward,2,295,8.970602561276844e-07,True,CONVERGED,float64,cuda:0
adjoint,0,286,8.8080105587221e-07,True,CONVERGED,float64,cuda:0
adjoint,1,297,9.342784023447393e-07,True,CONVERGED,float64,cuda:0
adjoint,2,300,8.908270779571162e-07,True,CONVERGED,float64,cuda:0
forward,0,284,8.921224348650353e-07,True,CONVERGED,float64,cuda:0
forward,1,297,9.836981011180906e-07,True,CONVERGED,float64,cuda:0
forward,2,295,9.064320223071947e-07,True,CONVERGED,float64,cuda:0
adjoint,0,286,9.029787201724744e-07,True,CONVERGED,float64,cuda:0
adjoint,1,299,9.56873702540947e-07,True,CONVERGED,float64,cuda:0
adjoint,2,300,8.838346859366738e-07,True,CONVERGED,float64,cuda:0
forward,0,283,9.515000309190543e-07,True,CONVERGED,float64,cuda:0
forward,1,298,9.535502029039971e-07,True,CONVERGED,float64,cuda:0
forward,2,294,9.615998836933887e-07,True,CONVERGED,float64,cuda:0
adjoint,0,283,9.440402364282729e-07,True,CONVERGED,float64,cuda:0
adjoint,1,293,9.851490105891025e-07,True,CONVERGED,float64,cuda:0
adjoint,2,299,9.532422713046505e-07,True,CONVERGED,float64,cuda:0
forward,0,281,9.118556255419095e-07,True,CONVERGED,float64,cuda:0
forward,1,306,8.740717674403268e-07,True,CONVERGED,float64,cuda:0
forward,2,305,9.88111836047196e-07,True,CONVERGED,float64,cuda:0
adjoint,0,296,9.003874738897568e-07,True,CONVERGED,float64,cuda:0
adjoint,1,299,9.375603482971639e-07,True,CONVERGED,float64,cuda:0
adjoint,2,294,9.236078493402309e-07,True,CONVERGED,float64,cuda:0
forward,0,279,8.612033297943324e-07,True,CONVERGED,float64,cuda:0
forward,1,306,8.737167978000286e-07,True,CONVERGED,float64,cuda:0
forward,2,306,8.609818844140417e-07,True,CONVERGED,float64,cuda:0
adjoint,0,282,8.813885542373451e-07,True,CONVERGED,float64,cuda:0
adjoint,1,307,9.47520602470164e-07,True,CONVERGED,float64,cuda:0
adjoint,2,294,8.87178070055807e-07,True,CONVERGED,float64,cuda:0
forward,0,280,9.727818867565764e-07,True,CONVERGED,float64,cuda:0
forward,1,305,9.94497950247552e-07,True,CONVERGED,float64,cuda:0
forward,2,305,9.656069538594096e-07,True,CONVERGED,float64,cuda:0
adjoint,0,296,9.098966629568213e-07,True,CONVERGED,float64,cuda:0
adjoint,1,305,9.389614830597392e-07,True,CONVERGED,float64,cuda:0
adjoint,2,293,9.72482968682197e-07,True,CONVERGED,float64,cuda:0
forward,0,282,9.649084371559719e-07,True,CONVERGED,float64,cuda:0
forward,1,293,9.538599779263022e-07,True,CONVERGED,float64,cuda:0
forward,2,291,9.469177187700266e-07,True,CONVERGED,float64,cuda:0
adjoint,0,284,9.74990301896814e-07,True,CONVERGED,float64,cuda:0
adjoint,1,291,8.922777151781872e-07,True,CONVERGED,float64,cuda:0
adjoint,2,290,9.570824128349206e-07,True,CONVERGED,float64,cuda:0
forward,0,285,9.328699113351412e-07,True,CONVERGED,float64,cuda:0
forward,1,297,9.069489405696056e-07,True,CONVERGED,float64,cuda:0
forward,2,293,9.628429516369723e-07,True,CONVERGED,float64,cuda:0
adjoint,0,286,9.748940925372714e-07,True,CONVERGED,float64,cuda:0
adjoint,1,300,9.394010968316019e-07,True,CONVERGED,float64,cuda:0
adjoint,2,297,9.971991609028478e-07,True,CONVERGED,float64,cuda:0
forward,0,285,8.944869164365676e-07,True,CONVERGED,float64,cuda:0
forward,1,296,9.214523685808847e-07,True,CONVERGED,float64,cuda:0
forward,2,295,8.86006590626878e-07,True,CONVERGED,float64,cuda:0
adjoint,0,286,9.669213061395084e-07,True,CONVERGED,float64,cuda:0
adjoint,1,301,8.908051273242411e-07,True,CONVERGED,float64,cuda:0
adjoint,2,299,9.505292555934608e-07,True,CONVERGED,float64,cuda:0
forward,0,285,8.883263852595603e-07,True,CONVERGED,float64,cuda:0
forward,1,294,9.117962480724584e-07,True,CONVERGED,float64,cuda:0
forward,2,294,9.595919776880697e-07,True,CONVERGED,float64,cuda:0
adjoint,0,287,9.854318267597432e-07,True,CONVERGED,float64,cuda:0
adjoint,1,298,9.757547784858879e-07,True,CONVERGED,float64,cuda:0
adjoint,2,294,9.880595828834948e-07,True,CONVERGED,float64,cuda:0
forward,0,282,9.828887626084674e-07,True,CONVERGED,float64,cuda:0
forward,1,291,8.298987296941331e-07,True,CONVERGED,float64,cuda:0
forward,2,291,8.862498238582909e-07,True,CONVERGED,float64,cuda:0
adjoint,0,291,8.924916552748636e-07,True,CONVERGED,float64,cuda:0
adjoint,1,288,9.179462292851657e-07,True,CONVERGED,float64,cuda:0
adjoint,2,288,9.046459543534354e-07,True,CONVERGED,float64,cuda:0
forward,0,281,8.959385974038055e-07,True,CONVERGED,float64,cuda:0
forward,1,289,9.277925000285403e-07,True,CONVERGED,float64,cuda:0
forward,2,290,9.771485629289854e-07,True,CONVERGED,float64,cuda:0
adjoint,0,279,9.903474675495776e-07,True,CONVERGED,float64,cuda:0
adjoint,1,296,9.377338257479169e-07,True,CONVERGED,float64,cuda:0
adjoint,2,295,9.935675006878746e-07,True,CONVERGED,float64,cuda:0
forward,0,281,9.866666394450565e-07,True,CONVERGED,float64,cuda:0
forward,1,290,9.248335228647513e-07,True,CONVERGED,float64,cuda:0
forward,2,294,9.521799112624208e-07,True,CONVERGED,float64,cuda:0
adjoint,0,280,9.570435235231842e-07,True,CONVERGED,float64,cuda:0
adjoint,1,299,9.091511162661023e-07,True,CONVERGED,float64,cuda:0
adjoint,2,296,9.485736395213052e-07,True,CONVERGED,float64,cuda:0
forward,0,281,9.634035673592496e-07,True,CONVERGED,float64,cuda:0
forward,1,281,9.130742151907322e-07,True,CONVERGED,float64,cuda:0
forward,2,284,9.55102377168157e-07,True,CONVERGED,float64,cuda:0
adjoint,0,291,9.098190702763421e-07,True,CONVERGED,float64,cuda:0
adjoint,1,284,9.650408051998197e-07,True,CONVERGED,float64,cuda:0
adjoint,2,284,9.878248470909698e-07,True,CONVERGED,float64,cuda:0
forward,0,285,9.678255165178157e-07,True,CONVERGED,float64,cuda:0
forward,1,293,9.377936689214649e-07,True,CONVERGED,float64,cuda:0
forward,2,293,9.516238924735059e-07,True,CONVERGED,float64,cuda:0
adjoint,0,291,9.349380127463857e-07,True,CONVERGED,float64,cuda:0
adjoint,1,290,9.336533826739281e-07,True,CONVERGED,float64,cuda:0
adjoint,2,289,9.727945352466844e-07,True,CONVERGED,float64,cuda:0
forward,0,285,9.955552115771504e-07,True,CONVERGED,float64,cuda:0
forward,1,294,9.348488479326564e-07,True,CONVERGED,float64,cuda:0
forward,2,294,9.491514584075369e-07,True,CONVERGED,float64,cuda:0
adjoint,0,292,9.63955063936621e-07,True,CONVERGED,float64,cuda:0
adjoint,1,292,9.025466911056446e-07,True,CONVERGED,float64,cuda:0
adjoint,2,292,9.120221336534794e-07,True,CONVERGED,float64,cuda:0
forward,0,286,9.364241084610933e-07,True,CONVERGED,float64,cuda:0
forward,1,295,9.333619806314323e-07,True,CONVERGED,float64,cuda:0
forward,2,295,9.583098324595254e-07,True,CONVERGED,float64,cuda:0
adjoint,0,292,9.622749372300763e-07,True,CONVERGED,float64,cuda:0
adjoint,1,293,9.017202712258403e-07,True,CONVERGED,float64,cuda:0
adjoint,2,292,9.818412978164896e-07,True,CONVERGED,float64,cuda:0
forward,0,286,9.69617011611484e-07,True,CONVERGED,float64,cuda:0
forward,1,295,8.951271849875931e-07,True,CONVERGED,float64,cuda:0
forward,2,295,9.173132393616219e-07,True,CONVERGED,float64,cuda:0
adjoint,0,292,9.434752924532432e-07,True,CONVERGED,float64,cuda:0
adjoint,1,292,9.971819179099386e-07,True,CONVERGED,float64,cuda:0
adjoint,2,292,9.405152503386974e-07,True,CONVERGED,float64,cuda:0
forward,0,287,9.509956221232387e-07,True,CONVERGED,float64,cuda:0
forward,1,293,9.98688597964231e-07,True,CONVERGED,float64,cuda:0
forward,2,294,9.045584849569431e-07,True,CONVERGED,float64,cuda:0
adjoint,0,292,9.861016494480187e-07,True,CONVERGED,float64,cuda:0
adjoint,1,290,9.874659215584022e-07,True,CONVERGED,float64,cuda:0
adjoint,2,289,9.96990847562947e-07,True,CONVERGED,float64,cuda:0
forward,0,287,9.984220333295727e-07,True,CONVERGED,float64,cuda:0
forward,1,291,9.323010719363956e-07,True,CONVERGED,float64,cuda:0
forward,2,291,9.844706136137752e-07,True,CONVERGED,float64,cuda:0
adjoint,0,293,9.20445532102217e-07,True,CONVERGED,float64,cuda:0
adjoint,1,287,9.770651084995614e-07,True,CONVERGED,float64,cuda:0
adjoint,2,285,9.863352559306712e-07,True,CONVERGED,float64,cuda:0
forward,0,288,9.886432832507465e-07,True,CONVERGED,float64,cuda:0
forward,1,282,9.833529476132568e-07,True,CONVERGED,float64,cuda:0
forward,2,285,9.566379609629246e-07,True,CONVERGED,float64,cuda:0
adjoint,0,292,9.962593349128404e-07,True,CONVERGED,float64,cuda:0
adjoint,1,286,8.863534698496139e-07,True,CONVERGED,float64,cuda:0
adjoint,2,284,9.523047751590441e-07,True,CONVERGED,float64,cuda:0
forward,0,289,9.868781359846157e-07,True,CONVERGED,float64,cuda:0
forward,1,287,9.915129813867617e-07,True,CONVERGED,float64,cuda:0
forward,2,289,9.308230264194436e-07,True,CONVERGED,float64,cuda:0
adjoint,0,292,9.88004840967873e-07,True,CONVERGED,float64,cuda:0
adjoint,1,286,9.301447737585152e-07,True,CONVERGED,float64,cuda:0
adjoint,2,281,9.945219995259459e-07,True,CONVERGED,float64,cuda:0
forward,0,289,9.690705349310802e-07,True,CONVERGED,float64,cuda:0
forward,1,292,8.9021292733563e-07,True,CONVERGED,float64,cuda:0
forward,2,292,8.777850389899877e-07,True,CONVERGED,float64,cuda:0
adjoint,0,293,8.932756139303886e-07,True,CONVERGED,float64,cuda:0
adjoint,1,288,8.975944907169163e-07,True,CONVERGED,float64,cuda:0
adjoint,2,285,9.771110758629116e-07,True,CONVERGED,float64,cuda:0
forward,0,289,9.670892690226517e-07,True,CONVERGED,float64,cuda:0
forward,1,292,9.551578598515467e-07,True,CONVERGED,float64,cuda:0
forward,2,292,9.364373195392242e-07,True,CONVERGED,float64,cuda:0
adjoint,0,293,9.41456234601654e-07,True,CONVERGED,float64,cuda:0
adjoint,1,289,9.110323301117576e-07,True,CONVERGED,float64,cuda:0
adjoint,2,288,9.219143990512084e-07,True,CONVERGED,float64,cuda:0
forward,0,290,9.462216062667153e-07,True,CONVERGED,float64,cuda:0
forward,1,292,9.624591118714285e-07,True,CONVERGED,float64,cuda:0
forward,2,292,9.401363738399375e-07,True,CONVERGED,float64,cuda:0
adjoint,0,292,9.558859139281385e-07,True,CONVERGED,float64,cuda:0
adjoint,1,289,9.73286189402719e-07,True,CONVERGED,float64,cuda:0
adjoint,2,289,8.873221256321472e-07,True,CONVERGED,float64,cuda:0
forward,0,290,9.985335753595178e-07,True,CONVERGED,float64,cuda:0
forward,1,292,9.359323593672586e-07,True,CONVERGED,float64,cuda:0
forward,2,292,9.069219565866597e-07,True,CONVERGED,float64,cuda:0
adjoint,0,290,9.850188236005441e-07,True,CONVERGED,float64,cuda:0
adjoint,1,289,9.963612032814564e-07,True,CONVERGED,float64,cuda:0
adjoint,2,289,9.205425729644072e-07,True,CONVERGED,float64,cuda:0
forward,0,291,8.553908268013699e-07,True,CONVERGED,float64,cuda:0
forward,1,292,8.898582951583502e-07,True,CONVERGED,float64,cuda:0
forward,2,291,9.844778854884898e-07,True,CONVERGED,float64,cuda:0
adjoint,0,288,9.367615145962915e-07,True,CONVERGED,float64,cuda:0
adjoint,1,289,9.87387077080477e-07,True,CONVERGED,float64,cuda:0
adjoint,2,289,9.143080577533678e-07,True,CONVERGED,float64,cuda:0
forward,0,290,9.840813239318471e-07,True,CONVERGED,float64,cuda:0
forward,1,291,9.520233842675381e-07,True,CONVERGED,float64,cuda:0
forward,2,291,9.174668780244498e-07,True,CONVERGED,float64,cuda:0
adjoint,0,292,8.613165071409927e-07,True,CONVERGED,float64,cuda:0
adjoint,1,289,9.559403220336056e-07,True,CONVERGED,float64,cuda:0
adjoint,2,289,8.765906725413274e-07,True,CONVERGED,float64,cuda:0
forward,0,290,9.30764451849702e-07,True,CONVERGED,float64,cuda:0
forward,1,291,8.800820033907702e-07,True,CONVERGED,float64,cuda:0
forward,2,291,8.425795831044846e-07,True,CONVERGED,float64,cuda:0
adjoint,0,292,8.539899550857788e-07,True,CONVERGED,float64,cuda:0
adjoint,1,289,9.189355921544251e-07,True,CONVERGED,float64,cuda:0
adjoint,2,288,9.556818995574975e-07,True,CONVERGED,float64,cuda:0
forward,0,290,8.961445823278435e-07,True,CONVERGED,float64,cuda:0
forward,1,290,9.590342340981886e-07,True,CONVERGED,float64,cuda:0
forward,2,290,9.245346423686089e-07,True,CONVERGED,float64,cuda:0
adjoint,0,291,9.479052143508214e-07,True,CONVERGED,float64,cuda:0
adjoint,1,289,8.818300508070857e-07,True,CONVERGED,float64,cuda:0
adjoint,2,285,9.978534928213493e-07,True,CONVERGED,float64,cuda:0
forward,0,290,8.76096167351688e-07,True,CONVERGED,float64,cuda:0
forward,1,290,8.685015417305926e-07,True,CONVERGED,float64,cuda:0
forward,2,289,9.785045676206032e-07,True,CONVERGED,float64,cuda:0
adjoint,0,291,8.627596396871223e-07,True,CONVERGED,float64,cuda:0
adjoint,1,288,9.55898551737729e-07,True,CONVERGED,float64,cuda:0
adjoint,2,283,9.174993380153178e-07,True,CONVERGED,float64,cuda:0
forward,0,284,9.983314134741972e-07,True,CONVERGED,float64,cuda:0
forward,1,288,9.856403222347989e-07,True,CONVERGED,float64,cuda:0
forward,2,288,9.70298217178993e-07,True,CONVERGED,float64,cuda:0
adjoint,0,290,8.923698720066195e-07,True,CONVERGED,float64,cuda:0
adjoint,1,285,9.502072229630865e-07,True,CONVERGED,float64,cuda:0
adjoint,2,281,9.9963423647029e-07,True,CONVERGED,float64,cuda:0
forward,0,284,9.387054125653623e-07,True,CONVERGED,float64,cuda:0
forward,1,287,9.383210136889813e-07,True,CONVERGED,float64,cuda:0
forward,2,287,9.521931427934624e-07,True,CONVERGED,float64,cuda:0
adjoint,0,287,9.96361386348041e-07,True,CONVERGED,float64,cuda:0
adjoint,1,283,9.661297365651845e-07,True,CONVERGED,float64,cuda:0
adjoint,2,282,8.889155925316267e-07,True,CONVERGED,float64,cuda:0
forward,0,279,9.7420294311494e-07,True,CONVERGED,float64,cuda:0
forward,1,287,9.067912962532859e-07,True,CONVERGED,float64,cuda:0
forward,2,287,9.214380459629198e-07,True,CONVERGED,float64,cuda:0
adjoint,0,285,9.786757358754871e-07,True,CONVERGED,float64,cuda:0
adjoint,1,283,8.906492798034164e-07,True,CONVERGED,float64,cuda:0
adjoint,2,282,9.924823401870222e-07,True,CONVERGED,float64,cuda:0
forward,0,262,9.55077158888125e-07,True,CONVERGED,float64,cuda:0
forward,1,288,9.06054102029419e-07,True,CONVERGED,float64,cuda:0
forward,2,288,9.188735135159647e-07,True,CONVERGED,float64,cuda:0
adjoint,0,285,8.941464685642215e-07,True,CONVERGED,float64,cuda:0
adjoint,1,283,8.73480613286057e-07,True,CONVERGED,float64,cuda:0
adjoint,2,283,9.07295616422379e-07,True,CONVERGED,float64,cuda:0
forward,0,276,9.622574189961533e-07,True,CONVERGED,float64,cuda:0
forward,1,289,9.339295653915027e-07,True,CONVERGED,float64,cuda:0
forward,2,288,9.750761725558012e-07,True,CONVERGED,float64,cuda:0
adjoint,0,285,8.801909269234342e-07,True,CONVERGED,float64,cuda:0
adjoint,1,283,8.80958113098397e-07,True,CONVERGED,float64,cuda:0
adjoint,2,283,9.594700736515857e-07,True,CONVERGED,float64,cuda:0
forward,0,277,9.731655857128266e-07,True,CONVERGED,float64,cuda:0
forward,1,291,9.467232534537551e-07,True,CONVERGED,float64,cuda:0
forward,2,288,9.580547371336048e-07,True,CONVERGED,float64,cuda:0
adjoint,0,285,9.866802251661605e-07,True,CONVERGED,float64,cuda:0
adjoint,1,283,9.119366878248981e-07,True,CONVERGED,float64,cuda:0
adjoint,2,283,9.782721979238517e-07,True,CONVERGED,float64,cuda:0
forward,0,277,9.237301164827321e-07,True,CONVERGED,float64,cuda:0
forward,1,294,9.48773956175889e-07,True,CONVERGED,float64,cuda:0
forward,2,288,9.448532869717884e-07,True,CONVERGED,float64,cuda:0
adjoint,0,290,9.648887115881973e-07,True,CONVERGED,float64,cuda:0
adjoint,1,283,9.354505482845322e-07,True,CONVERGED,float64,cuda:0
adjoint,2,283,9.703192930905998e-07,True,CONVERGED,float64,cuda:0
forward,0,276,9.946244023035465e-07,True,CONVERGED,float64,cuda:0
forward,1,295,9.132313139444308e-07,True,CONVERGED,float64,cuda:0
forward,2,294,9.186119786255965e-07,True,CONVERGED,float64,cuda:0
adjoint,0,291,9.562081232188472e-07,True,CONVERGED,float64,cuda:0
adjoint,1,283,9.955174611527715e-07,True,CONVERGED,float64,cuda:0
adjoint,2,284,8.982907684612384e-07,True,CONVERGED,float64,cuda:0
forward,0,269,9.787756190590996e-07,True,CONVERGED,float64,cuda:0
forward,1,295,9.957892527487331e-07,True,CONVERGED,float64,cuda:0
forward,2,295,9.924328291810054e-07,True,CONVERGED,float64,cuda:0
adjoint,0,289,9.73486991982564e-07,True,CONVERGED,float64,cuda:0
adjoint,1,285,8.855807560409484e-07,True,CONVERGED,float64,cuda:0
adjoint,2,285,8.839251578281755e-07,True,CONVERGED,float64,cuda:0
forward,0,270,8.689813630489384e-07,True,CONVERGED,float64,cuda:0
forward,1,296,8.772912874619973e-07,True,CONVERGED,float64,cuda:0
forward,2,296,8.857437430393309e-07,True,CONVERGED,float64,cuda:0
adjoint,0,279,9.651803232786058e-07,True,CONVERGED,float64,cuda:0
adjoint,1,288,9.202260410474744e-07,True,CONVERGED,float64,cuda:0
adjoint,2,288,9.195670799011442e-07,True,CONVERGED,float64,cuda:0
forward,0,278,8.740547596058456e-07,True,CONVERGED,float64,cuda:0
forward,1,297,9.023309654316864e-07,True,CONVERGED,float64,cuda:0
forward,2,297,9.161434098567443e-07,True,CONVERGED,float64,cuda:0
adjoint,0,271,9.13534362711738e-07,True,CONVERGED,float64,cuda:0
adjoint,1,291,9.054125771381787e-07,True,CONVERGED,float64,cuda:0
adjoint,2,290,9.927598328289077e-07,True,CONVERGED,float64,cuda:0
forward,0,280,9.972379317658688e-07,True,CONVERGED,float64,cuda:0
forward,1,298,9.37182948297422e-07,True,CONVERGED,float64,cuda:0
forward,2,298,9.149559738979789e-07,True,CONVERGED,float64,cuda:0
adjoint,0,279,9.112876736700622e-07,True,CONVERGED,float64,cuda:0
adjoint,1,294,9.072137948634586e-07,True,CONVERGED,float64,cuda:0
adjoint,2,293,9.88960175142408e-07,True,CONVERGED,float64,cuda:0
forward,0,283,9.208790108058019e-07,True,CONVERGED,float64,cuda:0
forward,1,298,9.913931023456076e-07,True,CONVERGED,float64,cuda:0
forward,2,298,9.426779902746835e-07,True,CONVERGED,float64,cuda:0
adjoint,0,279,9.743906626157988e-07,True,CONVERGED,float64,cuda:0
adjoint,1,297,9.880204180095982e-07,True,CONVERGED,float64,cuda:0
adjoint,2,297,9.66257200260401e-07,True,CONVERGED,float64,cuda:0
forward,0,284,8.871519386798721e-07,True,CONVERGED,float64,cuda:0
forward,1,299,9.73474701050967e-07,True,CONVERGED,float64,cuda:0
forward,2,298,9.965320067679617e-07,True,CONVERGED,float64,cuda:0
adjoint,0,280,9.99457179260736e-07,True,CONVERGED,float64,cuda:0
adjoint,1,298,9.732417951497886e-07,True,CONVERGED,float64,cuda:0
adjoint,2,297,9.98098091388618e-07,True,CONVERGED,float64,cuda:0
forward,0,283,9.84743564464133e-07,True,CONVERGED,float64,cuda:0
forward,1,300,9.769573820079112e-07,True,CONVERGED,float64,cuda:0
forward,2,300,9.377881426017269e-07,True,CONVERGED,float64,cuda:0
adjoint,0,283,9.346681855232871e-07,True,CONVERGED,float64,cuda:0
adjoint,1,295,9.36568430779507e-07,True,CONVERGED,float64,cuda:0
adjoint,2,294,9.71714316830734e-07,True,CONVERGED,float64,cuda:0
forward,0,283,9.416519185948449e-07,True,CONVERGED,float64,cuda:0
forward,1,303,9.49644165488483e-07,True,CONVERGED,float64,cuda:0
forward,2,303,9.509558498887222e-07,True,CONVERGED,float64,cuda:0
adjoint,0,286,9.530046978823476e-07,True,CONVERGED,float64,cuda:0
adjoint,1,293,9.450336689195326e-07,True,CONVERGED,float64,cuda:0
adjoint,2,293,9.065522243416328e-07,True,CONVERGED,float64,cuda:0
forward,0,280,9.526169615879353e-07,True,CONVERGED,float64,cuda:0
forward,1,304,8.568653712555967e-07,True,CONVERGED,float64,cuda:0
forward,2,304,8.641171381736962e-07,True,CONVERGED,float64,cuda:0
adjoint,0,284,9.498346406036469e-07,True,CONVERGED,float64,cuda:0
adjoint,1,292,9.195695514360418e-07,True,CONVERGED,float64,cuda:0
adjoint,2,292,8.916756958619335e-07,True,CONVERGED,float64,cuda:0
forward,0,274,9.951852676617566e-07,True,CONVERGED,float64,cuda:0
forward,1,293,9.416854990820694e-07,True,CONVERGED,float64,cuda:0
forward,2,291,9.952954006778666e-07,True,CONVERGED,float64,cuda:0
adjoint,0,288,9.986438928300536e-07,True,CONVERGED,float64,cuda:0
adjoint,1,292,9.022584340695456e-07,True,CONVERGED,float64,cuda:0
adjoint,2,292,8.812602499377286e-07,True,CONVERGED,float64,cuda:0
forward,0,278,8.926346760301664e-07,True,CONVERGED,float64,cuda:0
forward,1,294,9.924049361206953e-07,True,CONVERGED,float64,cuda:0
forward,2,299,9.930345265952928e-07,True,CONVERGED,float64,cuda:0
adjoint,0,289,8.375180226161165e-07,True,CONVERGED,float64,cuda:0
adjoint,1,292,9.287586988432013e-07,True,CONVERGED,float64,cuda:0
adjoint,2,292,9.207822553503205e-07,True,CONVERGED,float64,cuda:0
forward,0,278,9.600681655822263e-07,True,CONVERGED,float64,cuda:0
forward,1,302,9.5340630903305e-07,True,CONVERGED,float64,cuda:0
forward,2,303,9.72740697764362e-07,True,CONVERGED,float64,cuda:0
adjoint,0,290,7.922017702022456e-07,True,CONVERGED,float64,cuda:0
adjoint,1,293,8.519046742443295e-07,True,CONVERGED,float64,cuda:0
adjoint,2,293,8.634950246244135e-07,True,CONVERGED,float64,cuda:0
forward,0,279,9.755453423970615e-07,True,CONVERGED,float64,cuda:0
forward,1,303,9.969682283396144e-07,True,CONVERGED,float64,cuda:0
forward,2,305,9.276012802768466e-07,True,CONVERGED,float64,cuda:0
adjoint,0,290,9.130921247160102e-07,True,CONVERGED,float64,cuda:0
adjoint,1,293,9.783652599806298e-07,True,CONVERGED,float64,cuda:0
adjoint,2,294,8.61764645760192e-07,True,CONVERGED,float64,cuda:0
forward,0,283,9.74921122261612e-07,True,CONVERGED,float64,cuda:0
forward,1,304,9.941776072848304e-07,True,CONVERGED,float64,cuda:0
forward,2,306,9.26684367591599e-07,True,CONVERGED,float64,cuda:0
adjoint,0,291,9.60547369179351e-07,True,CONVERGED,float64,cuda:0
adjoint,1,294,9.456300543580085e-07,True,CONVERGED,float64,cuda:0
adjoint,2,294,9.850886639573945e-07,True,CONVERGED,float64,cuda:0
forward,0,292,9.285551625189011e-07,True,CONVERGED,float64,cuda:0
forward,1,306,9.397043278439174e-07,True,CONVERGED,float64,cuda:0
forward,2,307,9.86328250007486e-07,True,CONVERGED,float64,cuda:0
adjoint,0,295,9.470604618637667e-07,True,CONVERGED,float64,cuda:0
adjoint,1,295,8.884347781545245e-07,True,CONVERGED,float64,cuda:0
adjoint,2,295,9.251620869435799e-07,True,CONVERGED,float64,cuda:0
forward,0,290,9.995046975298135e-07,True,CONVERGED,float64,cuda:0
forward,1,306,9.805969158142906e-07,True,CONVERGED,float64,cuda:0
forward,2,308,9.015050084270092e-07,True,CONVERGED,float64,cuda:0
adjoint,0,293,9.635829352430028e-07,True,CONVERGED,float64,cuda:0
adjoint,1,296,9.492927396614969e-07,True,CONVERGED,float64,cuda:0
adjoint,2,296,9.734368219362172e-07,True,CONVERGED,float64,cuda:0
forward,0,294,8.951943959241558e-07,True,CONVERGED,float64,cuda:0
forward,1,307,9.186818323201969e-07,True,CONVERGED,float64,cuda:0
forward,2,308,9.052139464411432e-07,True,CONVERGED,float64,cuda:0
adjoint,0,286,9.99124429477696e-07,True,CONVERGED,float64,cuda:0
adjoint,1,297,8.761063293410649e-07,True,CONVERGED,float64,cuda:0
adjoint,2,297,9.285714880524142e-07,True,CONVERGED,float64,cuda:0
forward,0,294,8.763710133893321e-07,True,CONVERGED,float64,cuda:0
forward,1,306,9.555367926094479e-07,True,CONVERGED,float64,cuda:0
forward,2,308,9.119987944395671e-07,True,CONVERGED,float64,cuda:0
adjoint,0,290,9.757547485759555e-07,True,CONVERGED,float64,cuda:0
adjoint,1,298,8.612576269687477e-07,True,CONVERGED,float64,cuda:0
adjoint,2,298,9.319009572596858e-07,True,CONVERGED,float64,cuda:0
forward,0,295,8.532866515673951e-07,True,CONVERGED,float64,cuda:0
forward,1,305,9.937785146041182e-07,True,CONVERGED,float64,cuda:0
forward,2,308,8.98951096358122e-07,True,CONVERGED,float64,cuda:0
adjoint,0,291,9.02564158823345e-07,True,CONVERGED,float64,cuda:0
adjoint,1,297,9.472773221661756e-07,True,CONVERGED,float64,cuda:0
adjoint,2,298,8.8903594919228e-07,True,CONVERGED,float64,cuda:0
forward,0,294,9.282778934619837e-07,True,CONVERGED,float64,cuda:0
forward,1,305,9.545837143597257e-07,True,CONVERGED,float64,cuda:0
forward,2,308,8.819812740413506e-07,True,CONVERGED,float64,cuda:0
adjoint,0,287,9.730754520199586e-07,True,CONVERGED,float64,cuda:0
adjoint,1,297,9.506479177825059e-07,True,CONVERGED,float64,cuda:0
adjoint,2,298,9.861201171051037e-07,True,CONVERGED,float64,cuda:0
forward,0,272,9.491247201308884e-07,True,CONVERGED,float64,cuda:0
forward,1,301,9.89006874078138e-07,True,CONVERGED,float64,cuda:0
forward,2,308,9.159667911813504e-07,True,CONVERGED,float64,cuda:0
adjoint,0,288,9.78438637185534e-07,True,CONVERGED,float64,cuda:0
adjoint,1,298,8.908722202596244e-07,True,CONVERGED,float64,cuda:0
adjoint,2,300,9.386116532959609e-07,True,CONVERGED,float64,cuda:0
forward,0,294,9.115999186318927e-07,True,CONVERGED,float64,cuda:0
forward,1,293,9.786936907518883e-07,True,CONVERGED,float64,cuda:0
forward,2,308,9.016169878798659e-07,True,CONVERGED,float64,cuda:0
adjoint,0,280,8.966669659506584e-07,True,CONVERGED,float64,cuda:0
adjoint,1,298,9.982732391979006e-07,True,CONVERGED,float64,cuda:0
adjoint,2,302,9.318586489668661e-07,True,CONVERGED,float64,cuda:0
forward,0,294,8.920377304540326e-07,True,CONVERGED,float64,cuda:0
forward,1,290,9.628065165562667e-07,True,CONVERGED,float64,cuda:0
forward,2,306,9.365689964157504e-07,True,CONVERGED,float64,cuda:0
adjoint,0,275,9.710840849592527e-07,True,CONVERGED,float64,cuda:0
adjoint,1,299,8.840007609848247e-07,True,CONVERGED,float64,cuda:0
adjoint,2,302,9.423416512263259e-07,True,CONVERGED,float64,cuda:0
forward,0,287,9.725359633045095e-07,True,CONVERGED,float64,cuda:0
forward,1,296,9.359005007165453e-07,True,CONVERGED,float64,cuda:0
forward,2,305,9.701600386575772e-07,True,CONVERGED,float64,cuda:0
adjoint,0,276,9.503213962445262e-07,True,CONVERGED,float64,cuda:0
adjoint,1,298,9.996074361597428e-07,True,CONVERGED,float64,cuda:0
adjoint,2,299,9.445741688838255e-07,True,CONVERGED,float64,cuda:0
forward,0,282,9.227022735353743e-07,True,CONVERGED,float64,cuda:0
forward,1,297,9.998075670220254e-07,True,CONVERGED,float64,cuda:0
forward,2,297,9.83355190697735e-07,True,CONVERGED,float64,cuda:0
adjoint,0,280,9.096893190116973e-07,True,CONVERGED,float64,cuda:0
adjoint,1,298,9.78111407834276e-07,True,CONVERGED,float64,cuda:0
adjoint,2,298,9.657391015673014e-07,True,CONVERGED,float64,cuda:0
forward,0,279,9.268721823982169e-07,True,CONVERGED,float64,cuda:0
forward,1,306,9.497016816194514e-07,True,CONVERGED,float64,cuda:0
forward,2,297,9.080495105505759e-07,True,CONVERGED,float64,cuda:0
adjoint,0,282,9.748970229253993e-07,True,CONVERGED,float64,cuda:0
adjoint,1,299,8.799067613959735e-07,True,CONVERGED,float64,cuda:0
adjoint,2,298,9.305026761872273e-07,True,CONVERGED,float64,cuda:0
forward,0,280,8.728803047423552e-07,True,CONVERGED,float64,cuda:0
forward,1,307,9.85440231777483e-07,True,CONVERGED,float64,cuda:0
forward,2,298,9.421997328791418e-07,True,CONVERGED,float64,cuda:0
adjoint,0,284,9.440376443740321e-07,True,CONVERGED,float64,cuda:0
adjoint,1,299,9.587374171529804e-07,True,CONVERGED,float64,cuda:0
adjoint,2,298,9.72185701880933e-07,True,CONVERGED,float64,cuda:0
forward,0,283,9.127835886837155e-07,True,CONVERGED,float64,cuda:0
forward,1,307,9.609336798590414e-07,True,CONVERGED,float64,cuda:0
forward,2,298,9.875175563651036e-07,True,CONVERGED,float64,cuda:0
adjoint,0,284,9.770406263154396e-07,True,CONVERGED,float64,cuda:0
adjoint,1,300,9.862372698594843e-07,True,CONVERGED,float64,cuda:0
adjoint,2,299,9.30348411825996e-07,True,CONVERGED,float64,cuda:0
forward,0,285,9.602372194723826e-07,True,CONVERGED,float64,cuda:0
forward,1,301,9.619750692325827e-07,True,CONVERGED,float64,cuda:0
forward,2,297,9.65519780695534e-07,True,CONVERGED,float64,cuda:0
adjoint,0,283,9.842634414174217e-07,True,CONVERGED,float64,cuda:0
adjoint,1,302,9.440298023123444e-07,True,CONVERGED,float64,cuda:0
adjoint,2,300,9.327854535015539e-07,True,CONVERGED,float64,cuda:0
forward,0,295,9.878538781357884e-07,True,CONVERGED,float64,cuda:0
forward,1,293,9.786901142688108e-07,True,CONVERGED,float64,cuda:0
forward,2,284,9.741464508953808e-07,True,CONVERGED,float64,cuda:0
adjoint,0,279,9.222704965117963e-07,True,CONVERGED,float64,cuda:0
adjoint,1,304,9.908317636620852e-07,True,CONVERGED,float64,cuda:0
adjoint,2,301,9.4154037507686e-07,True,CONVERGED,float64,cuda:0
forward,0,287,9.953591394118428e-07,True,CONVERGED,float64,cuda:0
forward,1,297,9.682327347352988e-07,True,CONVERGED,float64,cuda:0
forward,2,283,9.586799354398972e-07,True,CONVERGED,float64,cuda:0
adjoint,0,276,9.938669495638645e-07,True,CONVERGED,float64,cuda:0
adjoint,1,305,9.984563218426315e-07,True,CONVERGED,float64,cuda:0
adjoint,2,302,9.350375022247326e-07,True,CONVERGED,float64,cuda:0
forward,0,282,9.723363144604003e-07,True,CONVERGED,float64,cuda:0
forward,1,303,9.883859905001674e-07,True,CONVERGED,float64,cuda:0
forward,2,297,9.674957526463165e-07,True,CONVERGED,float64,cuda:0
adjoint,0,284,9.602754725363511e-07,True,CONVERGED,float64,cuda:0
adjoint,1,307,9.715523153789268e-07,True,CONVERGED,float64,cuda:0
adjoint,2,304,9.82432917548471e-07,True,CONVERGED,float64,cuda:0
forward,0,281,9.568727490727356e-07,True,CONVERGED,float64,cuda:0
forward,1,304,9.537072056330987e-07,True,CONVERGED,float64,cuda:0
forward,2,300,9.158435090097389e-07,True,CONVERGED,float64,cuda:0
adjoint,0,289,8.957898895073159e-07,True,CONVERGED,float64,cuda:0
adjoint,1,310,9.825467818738524e-07,True,CONVERGED,float64,cuda:0
adjoint,2,306,9.961589583670934e-07,True,CONVERGED,float64,cuda:0
forward,0,279,9.76039751276822e-07,True,CONVERGED,float64,cuda:0
forward,1,302,9.812365934741465e-07,True,CONVERGED,float64,cuda:0
forward,2,298,9.873963912267111e-07,True,CONVERGED,float64,cuda:0
adjoint,0,291,9.343309635533407e-07,True,CONVERGED,float64,cuda:0
adjoint,1,311,9.564488773384994e-07,True,CONVERGED,float64,cuda:0
adjoint,2,309,9.43210600884397e-07,True,CONVERGED,float64,cuda:0
forward,0,280,9.892476091765183e-07,True,CONVERGED,float64,cuda:0
forward,1,302,9.13880728930554e-07,True,CONVERGED,float64,cuda:0
forward,2,299,9.329816005046348e-07,True,CONVERGED,float64,cuda:0
adjoint,0,294,9.544382672309625e-07,True,CONVERGED,float64,cuda:0
adjoint,1,311,9.705507237027207e-07,True,CONVERGED,float64,cuda:0
adjoint,2,311,9.229249212465237e-07,True,CONVERGED,float64,cuda:0
forward,0,298,8.614464918286268e-07,True,CONVERGED,float64,cuda:0
forward,1,303,8.927619211341752e-07,True,CONVERGED,float64,cuda:0
forward,2,301,9.380075929545139e-07,True,CONVERGED,float64,cuda:0
adjoint,0,292,8.991868537466103e-07,True,CONVERGED,float64,cuda:0
adjoint,1,313,9.439878754266126e-07,True,CONVERGED,float64,cuda:0
adjoint,2,313,9.206824251503305e-07,True,CONVERGED,float64,cuda:0
forward,0,295,9.914757347730108e-07,True,CONVERGED,float64,cuda:0
forward,1,301,9.675516066844287e-07,True,CONVERGED,float64,cuda:0
forward,2,301,8.952868816147161e-07,True,CONVERGED,float64,cuda:0
adjoint,0,298,9.261402651440256e-07,True,CONVERGED,float64,cuda:0
adjoint,1,312,9.421775222524557e-07,True,CONVERGED,float64,cuda:0
adjoint,2,312,9.378018929700314e-07,True,CONVERGED,float64,cuda:0
forward,0,291,8.487930568228582e-07,True,CONVERGED,float64,cuda:0
forward,1,301,8.864350335307742e-07,True,CONVERGED,float64,cuda:0
forward,2,300,9.9214823704196e-07,True,CONVERGED,float64,cuda:0
adjoint,0,297,9.93814680417676e-07,True,CONVERGED,float64,cuda:0
adjoint,1,312,8.931244834956992e-07,True,CONVERGED,float64,cuda:0
adjoint,2,312,9.136590294365967e-07,True,CONVERGED,float64,cuda:0
forward,0,293,9.423969926870117e-07,True,CONVERGED,float64,cuda:0
forward,1,301,9.509273967144569e-07,True,CONVERGED,float64,cuda:0
forward,2,301,9.487619769973675e-07,True,CONVERGED,float64,cuda:0
adjoint,0,298,9.374430030871044e-07,True,CONVERGED,float64,cuda:0
adjoint,1,312,9.797143233254399e-07,True,CONVERGED,float64,cuda:0
adjoint,2,312,9.855863554393828e-07,True,CONVERGED,float64,cuda:0
forward,0,294,9.127529589955946e-07,True,CONVERGED,float64,cuda:0
forward,1,300,9.517327103394803e-07,True,CONVERGED,float64,cuda:0
forward,2,297,9.533174381995521e-07,True,CONVERGED,float64,cuda:0
adjoint,0,297,8.641846261320064e-07,True,CONVERGED,float64,cuda:0
adjoint,1,311,9.016348298012574e-07,True,CONVERGED,float64,cuda:0
adjoint,2,311,9.077915191045966e-07,True,CONVERGED,float64,cuda:0
forward,0,292,8.928523025397295e-07,True,CONVERGED,float64,cuda:0
forward,1,300,9.231963331702448e-07,True,CONVERGED,float64,cuda:0
forward,2,299,9.340382675928412e-07,True,CONVERGED,float64,cuda:0
adjoint,0,293,9.643347292663346e-07,True,CONVERGED,float64,cuda:0
adjoint,1,305,9.97308014648081e-07,True,CONVERGED,float64,cuda:0
adjoint,2,304,9.909432658984695e-07,True,CONVERGED,float64,cuda:0
forward,0,282,9.293366510066576e-07,True,CONVERGED,float64,cuda:0
forward,1,299,8.834790846234982e-07,True,CONVERGED,float64,cuda:0
forward,2,299,9.383093679741649e-07,True,CONVERGED,float64,cuda:0
adjoint,0,292,9.483877779207276e-07,True,CONVERGED,float64,cuda:0
adjoint,1,300,9.085305722953017e-07,True,CONVERGED,float64,cuda:0
adjoint,2,300,9.233457368700054e-07,True,CONVERGED,float64,cuda:0
forward,0,275,9.975975652898832e-07,True,CONVERGED,float64,cuda:0
forward,1,297,9.761424375781275e-07,True,CONVERGED,float64,cuda:0
forward,2,297,9.918928027827337e-07,True,CONVERGED,float64,cuda:0
adjoint,0,290,9.27231384593109e-07,True,CONVERGED,float64,cuda:0
adjoint,1,298,9.177916362234529e-07,True,CONVERGED,float64,cuda:0
adjoint,2,298,9.294532139745911e-07,True,CONVERGED,float64,cuda:0
forward,0,282,9.846076211137735e-07,True,CONVERGED,float64,cuda:0
forward,1,303,8.75616891929986e-07,True,CONVERGED,float64,cuda:0
forward,2,302,9.492432793084343e-07,True,CONVERGED,float64,cuda:0
adjoint,0,291,9.799629734315641e-07,True,CONVERGED,float64,cuda:0
adjoint,1,297,9.916470747967493e-07,True,CONVERGED,float64,cuda:0
adjoint,2,297,9.637336053570767e-07,True,CONVERGED,float64,cuda:0
forward,0,281,8.788912977526086e-07,True,CONVERGED,float64,cuda:0
forward,1,300,9.191344968639616e-07,True,CONVERGED,float64,cuda:0
forward,2,300,9.251612815961201e-07,True,CONVERGED,float64,cuda:0
adjoint,0,290,9.46468146835218e-07,True,CONVERGED,float64,cuda:0
adjoint,1,301,8.811144926009214e-07,True,CONVERGED,float64,cuda:0
adjoint,2,300,9.88909040340327e-07,True,CONVERGED,float64,cuda:0
forward,0,275,9.799471911884861e-07,True,CONVERGED,float64,cuda:0
forward,1,300,9.755106452061532e-07,True,CONVERGED,float64,cuda:0
forward,2,299,9.85074895338883e-07,True,CONVERGED,float64,cuda:0
adjoint,0,288,9.274986566360408e-07,True,CONVERGED,float64,cuda:0
adjoint,1,299,9.279646495784038e-07,True,CONVERGED,float64,cuda:0
adjoint,2,298,9.869883577497623e-07,True,CONVERGED,float64,cuda:0
forward,0,276,9.742236911406826e-07,True,CONVERGED,float64,cuda:0
forward,1,302,9.907302018230135e-07,True,CONVERGED,float64,cuda:0
forward,2,300,9.369358956498032e-07,True,CONVERGED,float64,cuda:0
adjoint,0,289,9.196713928242335e-07,True,CONVERGED,float64,cuda:0
adjoint,1,299,9.790534875712577e-07,True,CONVERGED,float64,cuda:0
adjoint,2,299,9.436956231945543e-07,True,CONVERGED,float64,cuda:0
forward,0,281,9.734055147263945e-07,True,CONVERGED,float64,cuda:0
forward,1,300,9.821703899373999e-07,True,CONVERGED,float64,cuda:0
forward,2,300,9.427952564200468e-07,True,CONVERGED,float64,cuda:0
adjoint,0,290,9.554665045054439e-07,True,CONVERGED,float64,cuda:0
adjoint,1,300,9.304129483284601e-07,True,CONVERGED,float64,cuda:0
adjoint,2,300,8.857169489839425e-07,True,CONVERGED,float64,cuda:0
forward,0,273,9.031291457332827e-07,True,CONVERGED,float64,cuda:0
forward,1,293,9.188111687681648e-07,True,CONVERGED,float64,cuda:0
forward,2,293,9.251053763992769e-07,True,CONVERGED,float64,cuda:0
adjoint,0,282,9.957980016620224e-07,True,CONVERGED,float64,cuda:0
adjoint,1,296,9.47023666152977e-07,True,CONVERGED,float64,cuda:0
adjoint,2,296,9.150042800924479e-07,True,CONVERGED,float64,cuda:0
forward,0,273,9.749202701562736e-07,True,CONVERGED,float64,cuda:0
forward,1,293,9.453439731320325e-07,True,CONVERGED,float64,cuda:0
forward,2,293,9.669644291215006e-07,True,CONVERGED,float64,cuda:0
adjoint,0,282,9.783473004884556e-07,True,CONVERGED,float64,cuda:0
adjoint,1,296,9.161326203826113e-07,True,CONVERGED,float64,cuda:0
adjoint,2,295,9.949556544218822e-07,True,CONVERGED,float64,cuda:0
forward,0,288,8.762351266929419e-07,True,CONVERGED,float64,cuda:0
forward,1,303,9.756828071376677e-07,True,CONVERGED,float64,cuda:0
forward,2,303,9.68728838527846e-07,True,CONVERGED,float64,cuda:0
adjoint,0,290,9.679089428885214e-07,True,CONVERGED,float64,cuda:0
adjoint,1,300,9.875218194962731e-07,True,CONVERGED,float64,cuda:0
adjoint,2,300,9.387598802879233e-07,True,CONVERGED,float64,cuda:0
forward,0,278,9.704512216572917e-07,True,CONVERGED,float64,cuda:0
forward,1,299,9.67009989229831e-07,True,CONVERGED,float64,cuda:0
forward,2,298,9.312234883122521e-07,True,CONVERGED,float64,cuda:0
adjoint,0,286,9.427234947481041e-07,True,CONVERGED,float64,cuda:0
adjoint,1,298,9.167577273850598e-07,True,CONVERGED,float64,cuda:0
adjoint,2,298,9.09539889663593e-07,True,CONVERGED,float64,cuda:0
forward,0,279,9.933481655515925e-07,True,CONVERGED,float64,cuda:0
forward,1,300,8.803636774070523e-07,True,CONVERGED,float64,cuda:0
forward,2,299,9.601515307633608e-07,True,CONVERGED,float64,cuda:0
adjoint,0,284,8.289550099732479e-07,True,CONVERGED,float64,cuda:0
adjoint,1,296,9.169893838348505e-07,True,CONVERGED,float64,cuda:0
adjoint,2,297,9.054128800549459e-07,True,CONVERGED,float64,cuda:0
forward,0,285,9.963145462347405e-07,True,CONVERGED,float64,cuda:0
forward,1,301,9.65711856461094e-07,True,CONVERGED,float64,cuda:0
forward,2,301,9.192208618264542e-07,True,CONVERGED,float64,cuda:0
adjoint,0,289,9.190235936496738e-07,True,CONVERGED,float64,cuda:0
adjoint,1,299,9.465921263607481e-07,True,CONVERGED,float64,cuda:0
adjoint,2,299,9.363143094771463e-07,True,CONVERGED,float64,cuda:0
forward,0,272,9.82844111710197e-07,True,CONVERGED,float64,cuda:0
forward,1,294,9.80781413343651e-07,True,CONVERGED,float64,cuda:0
forward,2,295,9.571802951784814e-07,True,CONVERGED,float64,cuda:0
adjoint,0,282,9.084003275458245e-07,True,CONVERGED,float64,cuda:0
adjoint,1,293,9.403315049504389e-07,True,CONVERGED,float64,cuda:0
adjoint,2,293,9.889132037402707e-07,True,CONVERGED,float64,cuda:0
forward,0,272,9.833453371834315e-07,True,CONVERGED,float64,cuda:0
forward,1,292,9.61124431482897e-07,True,CONVERGED,float64,cuda:0
forward,2,296,9.65780091656818e-07,True,CONVERGED,float64,cuda:0
adjoint,0,283,9.17070910061957e-07,True,CONVERGED,float64,cuda:0
adjoint,1,296,9.737200938884588e-07,True,CONVERGED,float64,cuda:0
adjoint,2,297,9.255863675435119e-07,True,CONVERGED,float64,cuda:0
forward,0,284,9.723473562227218e-07,True,CONVERGED,float64,cuda:0
forward,1,300,9.60368917721826e-07,True,CONVERGED,float64,cuda:0
forward,2,300,9.930821148265633e-07,True,CONVERGED,float64,cuda:0
adjoint,0,288,9.961935166562153e-07,True,CONVERGED,float64,cuda:0
adjoint,1,300,9.132678128896071e-07,True,CONVERGED,float64,cuda:0
adjoint,2,300,9.53744420431751e-07,True,CONVERGED,float64,cuda:0
forward,0,284,9.728424062115777e-07,True,CONVERGED,float64,cuda:0
forward,1,298,9.270811154281546e-07,True,CONVERGED,float64,cuda:0
forward,2,298,9.382363269597019e-07,True,CONVERGED,float64,cuda:0
adjoint,0,284,9.050956906304099e-07,True,CONVERGED,float64,cuda:0
adjoint,1,297,9.203988374669682e-07,True,CONVERGED,float64,cuda:0
adjoint,2,297,9.625412570511118e-07,True,CONVERGED,float64,cuda:0
forward,0,267,9.80100080420622e-07,True,CONVERGED,float64,cuda:0
forward,1,286,9.466063809002834e-07,True,CONVERGED,float64,cuda:0
forward,2,285,9.665549770129967e-07,True,CONVERGED,float64,cuda:0
adjoint,0,270,9.126042586648556e-07,True,CONVERGED,float64,cuda:0
adjoint,1,295,9.665744539034171e-07,True,CONVERGED,float64,cuda:0
adjoint,2,295,9.685197733153743e-07,True,CONVERGED,float64,cuda:0
forward,0,270,8.102149840441852e-07,True,CONVERGED,float64,cuda:0
forward,1,288,9.024003030194432e-07,True,CONVERGED,float64,cuda:0
forward,2,286,9.165097773350963e-07,True,CONVERGED,float64,cuda:0
adjoint,0,269,9.627058144621505e-07,True,CONVERGED,float64,cuda:0
adjoint,1,294,9.252296936630631e-07,True,CONVERGED,float64,cuda:0
adjoint,2,290,9.20591018553067e-07,True,CONVERGED,float64,cuda:0
forward,0,282,9.48794373639982e-07,True,CONVERGED,float64,cuda:0
forward,1,300,9.502038685207255e-07,True,CONVERGED,float64,cuda:0
forward,2,298,9.540133818135102e-07,True,CONVERGED,float64,cuda:0
adjoint,0,285,9.030851773186196e-07,True,CONVERGED,float64,cuda:0
adjoint,1,298,9.657436018895527e-07,True,CONVERGED,float64,cuda:0
adjoint,2,299,9.168375352705662e-07,True,CONVERGED,float64,cuda:0
forward,0,277,9.485761759144724e-07,True,CONVERGED,float64,cuda:0
forward,1,299,9.961412032537757e-07,True,CONVERGED,float64,cuda:0
forward,2,299,9.083116964276397e-07,True,CONVERGED,float64,cuda:0
adjoint,0,284,8.39049403406134e-07,True,CONVERGED,float64,cuda:0
adjoint,1,297,9.414295579977852e-07,True,CONVERGED,float64,cuda:0
adjoint,2,299,9.568284934084996e-07,True,CONVERGED,float64,cuda:0
forward,0,272,9.80722835766623e-07,True,CONVERGED,float64,cuda:0
forward,1,290,9.284723599056475e-07,True,CONVERGED,float64,cuda:0
forward,2,288,9.457778594178393e-07,True,CONVERGED,float64,cuda:0
adjoint,0,282,8.953394593213086e-07,True,CONVERGED,float64,cuda:0
adjoint,1,296,9.684919046263963e-07,True,CONVERGED,float64,cuda:0
adjoint,2,286,9.402522245136104e-07,True,CONVERGED,float64,cuda:0
forward,0,270,9.822345876316654e-07,True,CONVERGED,float64,cuda:0
forward,1,287,9.753180630706535e-07,True,CONVERGED,float64,cuda:0
forward,2,288,9.55283798142047e-07,True,CONVERGED,float64,cuda:0
adjoint,0,282,8.703745200582939e-07,True,CONVERGED,float64,cuda:0
adjoint,1,297,9.478506163071226e-07,True,CONVERGED,float64,cuda:0
adjoint,2,297,9.433629229948837e-07,True,CONVERGED,float64,cuda:0
forward,0,280,9.98791264652308e-07,True,CONVERGED,float64,cuda:0
forward,1,291,9.59596877868545e-07,True,CONVERGED,float64,cuda:0
forward,2,290,9.734717265945487e-07,True,CONVERGED,float64,cuda:0
adjoint,0,284,7.916480951216072e-07,True,CONVERGED,float64,cuda:0
adjoint,1,299,9.603983640431887e-07,True,CONVERGED,float64,cuda:0
adjoint,2,300,8.84661015078336e-07,True,CONVERGED,float64,cuda:0
forward,0,274,9.97468230708181e-07,True,CONVERGED,float64,cuda:0
forward,1,287,9.822105167506608e-07,True,CONVERGED,float64,cuda:0
forward,2,292,9.234510059616763e-07,True,CONVERGED,float64,cuda:0
adjoint,0,272,9.952267895001722e-07,True,CONVERGED,float64,cuda:0
adjoint,1,298,9.550857391532602e-07,True,CONVERGED,float64,cuda:0
adjoint,2,298,9.280296996204492e-07,True,CONVERGED,float64,cuda:0
forward,0,265,9.76596425275042e-07,True,CONVERGED,float64,cuda:0
forward,1,281,9.004455067962923e-07,True,CONVERGED,float64,cuda:0
forward,2,289,9.804423321339165e-07,True,CONVERGED,float64,cuda:0
adjoint,0,270,8.642259088534713e-07,True,CONVERGED,float64,cuda:0
adjoint,1,281,9.348242929302943e-07,True,CONVERGED,float64,cuda:0
adjoint,2,293,9.364528411323326e-07,True,CONVERGED,float64,cuda:0
forward,0,275,9.983069573933638e-07,True,CONVERGED,float64,cuda:0
forward,1,281,9.840974738056796e-07,True,CONVERGED,float64,cuda:0
forward,2,295,9.734643044765183e-07,True,CONVERGED,float64,cuda:0
adjoint,0,276,9.614893663678e-07,True,CONVERGED,float64,cuda:0
adjoint,1,300,9.603063896068364e-07,True,CONVERGED,float64,cuda:0
adjoint,2,299,9.731729288826567e-07,True,CONVERGED,float64,cuda:0
forward,0,270,9.542300390981304e-07,True,CONVERGED,float64,cuda:0
forward,1,281,9.47349344330244e-07,True,CONVERGED,float64,cuda:0
forward,2,282,9.988420772227213e-07,True,CONVERGED,float64,cuda:0
adjoint,0,270,9.750239621364626e-07,True,CONVERGED,float64,cuda:0
adjoint,1,287,9.58409714859141e-07,True,CONVERGED,float64,cuda:0
adjoint,2,293,8.839165176885338e-07,True,CONVERGED,float64,cuda:0
forward,0,284,8.724497920842095e-07,True,CONVERGED,float64,cuda:0
forward,1,285,9.573832796718216e-07,True,CONVERGED,float64,cuda:0
forward,2,288,9.36413742753605e-07,True,CONVERGED,float64,cuda:0
adjoint,0,286,9.098852801586618e-07,True,CONVERGED,float64,cuda:0
adjoint,1,298,9.629771247916158e-07,True,CONVERGED,float64,cuda:0
adjoint,2,299,9.729631357211654e-07,True,CONVERGED,float64,cuda:0
forward,0,268,9.534201044056356e-07,True,CONVERGED,float64,cuda:0
forward,1,289,9.226342712269158e-07,True,CONVERGED,float64,cuda:0
forward,2,290,9.597745652128063e-07,True,CONVERGED,float64,cuda:0
adjoint,0,284,8.73508665273432e-07,True,CONVERGED,float64,cuda:0
adjoint,1,305,9.445100463177059e-07,True,CONVERGED,float64,cuda:0
adjoint,2,305,9.60084547050733e-07,True,CONVERGED,float64,cuda:0
forward,0,269,9.77482616933646e-07,True,CONVERGED,float64,cuda:0
forward,1,296,9.536061776889957e-07,True,CONVERGED,float64,cuda:0
forward,2,285,9.724833206017011e-07,True,CONVERGED,float64,cuda:0
adjoint,0,270,9.98352143740635e-07,True,CONVERGED,float64,cuda:0
adjoint,1,295,9.63852699657889e-07,True,CONVERGED,float64,cuda:0
adjoint,2,293,9.77001165089417e-07,True,CONVERGED,float64,cuda:0
forward,0,270,9.317282492730114e-07,True,CONVERGED,float64,cuda:0
forward,1,295,9.868681768542406e-07,True,CONVERGED,float64,cuda:0
forward,2,286,9.902412683122755e-07,True,CONVERGED,float64,cuda:0
adjoint,0,270,9.2916100622341e-07,True,CONVERGED,float64,cuda:0
adjoint,1,294,9.76333852131249e-07,True,CONVERGED,float64,cuda:0
adjoint,2,293,9.762803364979454e-07,True,CONVERGED,float64,cuda:0
forward,0,273,9.236918128519482e-07,True,CONVERGED,float64,cuda:0
forward,1,291,9.868338159654278e-07,True,CONVERGED,float64,cuda:0
forward,2,284,9.300328392175997e-07,True,CONVERGED,float64,cuda:0
adjoint,0,276,9.72784049782147e-07,True,CONVERGED,float64,cuda:0
adjoint,1,292,9.42750955027184e-07,True,CONVERGED,float64,cuda:0
adjoint,2,292,9.552408343830155e-07,True,CONVERGED,float64,cuda:0
forward,0,288,9.656926801406382e-07,True,CONVERGED,float64,cuda:0
forward,1,295,9.928280944569795e-07,True,CONVERGED,float64,cuda:0
forward,2,295,9.939671845989612e-07,True,CONVERGED,float64,cuda:0
adjoint,0,288,8.894334796105399e-07,True,CONVERGED,float64,cuda:0
adjoint,1,318,9.152823613657761e-07,True,CONVERGED,float64,cuda:0
adjoint,2,317,9.530218905477507e-07,True,CONVERGED,float64,cuda:0
forward,0,288,9.742373527652681e-07,True,CONVERGED,float64,cuda:0
forward,1,297,9.811610010951054e-07,True,CONVERGED,float64,cuda:0
forward,2,291,9.457409523339367e-07,True,CONVERGED,float64,cuda:0
adjoint,0,288,8.82282544638302e-07,True,CONVERGED,float64,cuda:0
adjoint,1,314,9.201791837170098e-07,True,CONVERGED,float64,cuda:0
adjoint,2,314,9.523952167757e-07,True,CONVERGED,float64,cuda:0
forward,0,288,8.89705462097992e-07,True,CONVERGED,float64,cuda:0
forward,1,297,9.298795737460831e-07,True,CONVERGED,float64,cuda:0
forward,2,293,9.755054550101007e-07,True,CONVERGED,float64,cuda:0
adjoint,0,286,9.76097252719907e-07,True,CONVERGED,float64,cuda:0
adjoint,1,307,9.60475064653374e-07,True,CONVERGED,float64,cuda:0
adjoint,2,307,9.092890526631354e-07,True,CONVERGED,float64,cuda:0
forward,0,283,9.740777443786628e-07,True,CONVERGED,float64,cuda:0
forward,1,286,9.43759720167941e-07,True,CONVERGED,float64,cuda:0
forward,2,296,9.891602943880416e-07,True,CONVERGED,float64,cuda:0
adjoint,0,283,9.942255088968895e-07,True,CONVERGED,float64,cuda:0
adjoint,1,291,9.514910820528415e-07,True,CONVERGED,float64,cuda:0
adjoint,2,294,9.266398975097091e-07,True,CONVERGED,float64,cuda:0
forward,0,273,9.302017156974885e-07,True,CONVERGED,float64,cuda:0
forward,1,272,9.962820372888468e-07,True,CONVERGED,float64,cuda:0
forward,2,298,9.450448788043089e-07,True,CONVERGED,float64,cuda:0
adjoint,0,284,9.897336728920307e-07,True,CONVERGED,float64,cuda:0
adjoint,1,289,9.615779746413695e-07,True,CONVERGED,float64,cuda:0
adjoint,2,292,9.447578556787752e-07,True,CONVERGED,float64,cuda:0
forward,0,272,9.369079082488575e-07,True,CONVERGED,float64,cuda:0
forward,1,292,9.966838055907605e-07,True,CONVERGED,float64,cuda:0
forward,2,289,9.76980568972212e-07,True,CONVERGED,float64,cuda:0
adjoint,0,273,9.137985192201529e-07,True,CONVERGED,float64,cuda:0
adjoint,1,291,8.763465115717548e-07,True,CONVERGED,float64,cuda:0
adjoint,2,290,9.4286323068191e-07,True,CONVERGED,float64,cuda:0
forward,0,258,9.84371486353307e-07,True,CONVERGED,float64,cuda:0
forward,1,296,9.601190589649753e-07,True,CONVERGED,float64,cuda:0
forward,2,293,9.939981004271077e-07,True,CONVERGED,float64,cuda:0
adjoint,0,273,8.966603335938842e-07,True,CONVERGED,float64,cuda:0
adjoint,1,294,9.87086638196976e-07,True,CONVERGED,float64,cuda:0
adjoint,2,295,9.52830379196332e-07,True,CONVERGED,float64,cuda:0
forward,0,290,9.639147678653205e-07,True,CONVERGED,float64,cuda:0
forward,1,296,9.904464790229934e-07,True,CONVERGED,float64,cuda:0
forward,2,295,9.4730038300521e-07,True,CONVERGED,float64,cuda:0
adjoint,0,288,8.747647875029895e-07,True,CONVERGED,float64,cuda:0
adjoint,1,318,9.370356195914193e-07,True,CONVERGED,float64,cuda:0
adjoint,2,318,9.205769850886086e-07,True,CONVERGED,float64,cuda:0
forward,0,290,9.867566794940973e-07,True,CONVERGED,float64,cuda:0
forward,1,297,9.394107917633182e-07,True,CONVERGED,float64,cuda:0
forward,2,296,9.111718093327405e-07,True,CONVERGED,float64,cuda:0
adjoint,0,288,9.70157136242626e-07,True,CONVERGED,float64,cuda:0
adjoint,1,318,9.381929883787638e-07,True,CONVERGED,float64,cuda:0
adjoint,2,318,9.414530805765985e-07,True,CONVERGED,float64,cuda:0
forward,0,271,9.695827462592045e-07,True,CONVERGED,float64,cuda:0
forward,1,294,9.93305499507209e-07,True,CONVERGED,float64,cuda:0
forward,2,294,9.852337396022214e-07,True,CONVERGED,float64,cuda:0
adjoint,0,277,9.961094241415921e-07,True,CONVERGED,float64,cuda:0
adjoint,1,310,8.851410430210284e-07,True,CONVERGED,float64,cuda:0
adjoint,2,309,9.961962404362529e-07,True,CONVERGED,float64,cuda:0
forward,0,266,9.80967541149138e-07,True,CONVERGED,float64,cuda:0
forward,1,294,9.616778574575012e-07,True,CONVERGED,float64,cuda:0
forward,2,295,9.680544914244496e-07,True,CONVERGED,float64,cuda:0
adjoint,0,270,9.89832519969908e-07,True,CONVERGED,float64,cuda:0
adjoint,1,296,9.772878642377363e-07,True,CONVERGED,float64,cuda:0
adjoint,2,296,9.81140648739996e-07,True,CONVERGED,float64,cuda:0
forward,0,272,9.724909494083475e-07,True,CONVERGED,float64,cuda:0
forward,1,292,9.803558192747782e-07,True,CONVERGED,float64,cuda:0
forward,2,293,9.784489481062242e-07,True,CONVERGED,float64,cuda:0
adjoint,0,276,9.270483488540011e-07,True,CONVERGED,float64,cuda:0
adjoint,1,290,9.343076640305823e-07,True,CONVERGED,float64,cuda:0
adjoint,2,290,9.233013194672918e-07,True,CONVERGED,float64,cuda:0
forward,0,272,9.094158175166631e-07,True,CONVERGED,float64,cuda:0
forward,1,293,9.961959488912828e-07,True,CONVERGED,float64,cuda:0
forward,2,295,9.186625643264373e-07,True,CONVERGED,float64,cuda:0
adjoint,0,272,9.866564428826788e-07,True,CONVERGED,float64,cuda:0
adjoint,1,292,9.78789028140815e-07,True,CONVERGED,float64,cuda:0
adjoint,2,292,9.519513950990745e-07,True,CONVERGED,float64,cuda:0
forward,0,267,9.323010194927181e-07,True,CONVERGED,float64,cuda:0
forward,1,293,9.89170235912155e-07,True,CONVERGED,float64,cuda:0
forward,2,295,9.867304266169109e-07,True,CONVERGED,float64,cuda:0
adjoint,0,270,9.015805208938587e-07,True,CONVERGED,float64,cuda:0
adjoint,1,297,9.29205379315461e-07,True,CONVERGED,float64,cuda:0
adjoint,2,296,9.608313602822562e-07,True,CONVERGED,float64,cuda:0
forward,0,274,8.98823297879693e-07,True,CONVERGED,float64,cuda:0
forward,1,296,8.967635663749333e-07,True,CONVERGED,float64,cuda:0
forward,2,297,9.824624478165948e-07,True,CONVERGED,float64,cuda:0
adjoint,0,277,9.349258332748106e-07,True,CONVERGED,float64,cuda:0
adjoint,1,303,8.882133651889469e-07,True,CONVERGED,float64,cuda:0
adjoint,2,303,8.939697493911123e-07,True,CONVERGED,float64,cuda:0
forward,0,272,9.980566207421927e-07,True,CONVERGED,float64,cuda:0
forward,1,294,9.938358305173343e-07,True,CONVERGED,float64,cuda:0
forward,2,295,9.53938101177734e-07,True,CONVERGED,float64,cuda:0
adjoint,0,274,9.896080242736898e-07,True,CONVERGED,float64,cuda:0
adjoint,1,293,9.6274786860219e-07,True,CONVERGED,float64,cuda:0
adjoint,2,294,8.929016446506219e-07,True,CONVERGED,float64,cuda:0
forward,0,277,9.834377021672955e-07,True,CONVERGED,float64,cuda:0
forward,1,297,9.82546925415701e-07,True,CONVERGED,float64,cuda:0
forward,2,290,9.724544898062879e-07,True,CONVERGED,float64,cuda:0
adjoint,0,280,9.59159365024027e-07,True,CONVERGED,float64,cuda:0
adjoint,1,294,9.75538443324078e-07,True,CONVERGED,float64,cuda:0
adjoint,2,298,9.52871430324543e-07,True,CONVERGED,float64,cuda:0
forward,0,281,9.060293409671513e-07,True,CONVERGED,float64,cuda:0
forward,1,302,9.806633185324105e-07,True,CONVERGED,float64,cuda:0
forward,2,299,9.886144235923954e-07,True,CONVERGED,float64,cuda:0
adjoint,0,280,9.502466304485716e-07,True,CONVERGED,float64,cuda:0
adjoint,1,315,9.58709733961844e-07,True,CONVERGED,float64,cuda:0
adjoint,2,314,9.843706747633516e-07,True,CONVERGED,float64,cuda:0
forward,0,276,9.747530102792534e-07,True,CONVERGED,float64,cuda:0
forward,1,300,9.28896232556119e-07,True,CONVERGED,float64,cuda:0
forward,2,299,9.726227054611058e-07,True,CONVERGED,float64,cuda:0
adjoint,0,277,9.374178324541155e-07,True,CONVERGED,float64,cuda:0
adjoint,1,310,8.894884974768453e-07,True,CONVERGED,float64,cuda:0
adjoint,2,295,9.513628344000294e-07,True,CONVERGED,float64,cuda:0
forward,0,273,9.367750346420848e-07,True,CONVERGED,float64,cuda:0
forward,1,297,9.841493495884958e-07,True,CONVERGED,float64,cuda:0
forward,2,298,9.89107260976243e-07,True,CONVERGED,float64,cuda:0
adjoint,0,275,9.616692458764377e-07,True,CONVERGED,float64,cuda:0
adjoint,1,301,9.772472053074094e-07,True,CONVERGED,float64,cuda:0
adjoint,2,303,9.678030883062442e-07,True,CONVERGED,float64,cuda:0
forward,0,272,9.697224144839413e-07,True,CONVERGED,float64,cuda:0
forward,1,296,8.886322318619477e-07,True,CONVERGED,float64,cuda:0
forward,2,296,9.5491999968897e-07,True,CONVERGED,float64,cuda:0
adjoint,0,273,9.814595809322042e-07,True,CONVERGED,float64,cuda:0
adjoint,1,293,9.222885881496873e-07,True,CONVERGED,float64,cuda:0
adjoint,2,292,9.817211383481675e-07,True,CONVERGED,float64,cuda:0
forward,0,274,9.05103890502269e-07,True,CONVERGED,float64,cuda:0
forward,1,295,9.057968210819739e-07,True,CONVERGED,float64,cuda:0
forward,2,295,9.662227722259388e-07,True,CONVERGED,float64,cuda:0
adjoint,0,275,9.524677907766558e-07,True,CONVERGED,float64,cuda:0
adjoint,1,293,9.70756782622455e-07,True,CONVERGED,float64,cuda:0
adjoint,2,293,9.848696780146446e-07,True,CONVERGED,float64,cuda:0
forward,0,275,9.191349443290063e-07,True,CONVERGED,float64,cuda:0
forward,1,297,9.500881429169543e-07,True,CONVERGED,float64,cuda:0
forward,2,297,9.779630719621417e-07,True,CONVERGED,float64,cuda:0
adjoint,0,278,9.76375215280104e-07,True,CONVERGED,float64,cuda:0
adjoint,1,295,9.451288837003764e-07,True,CONVERGED,float64,cuda:0
adjoint,2,295,9.49493457141035e-07,True,CONVERGED,float64,cuda:0
forward,0,276,9.513898171697624e-07,True,CONVERGED,float64,cuda:0
forward,1,298,9.090591652474964e-07,True,CONVERGED,float64,cuda:0
forward,2,298,9.241068569545311e-07,True,CONVERGED,float64,cuda:0
adjoint,0,279,9.466940357582328e-07,True,CONVERGED,float64,cuda:0
adjoint,1,298,9.750346619714719e-07,True,CONVERGED,float64,cuda:0
adjoint,2,297,9.791203947095571e-07,True,CONVERGED,float64,cuda:0
forward,0,278,9.756946446071506e-07,True,CONVERGED,float64,cuda:0
forward,1,301,9.940783398191669e-07,True,CONVERGED,float64,cuda:0
forward,2,299,9.565652862416614e-07,True,CONVERGED,float64,cuda:0
adjoint,0,282,9.690457175651055e-07,True,CONVERGED,float64,cuda:0
adjoint,1,295,8.604146742028208e-07,True,CONVERGED,float64,cuda:0
adjoint,2,309,9.178738773732178e-07,True,CONVERGED,float64,cuda:0
forward,0,303,9.20406058841476e-07,True,CONVERGED,float64,cuda:0
forward,1,311,9.504327358137785e-07,True,CONVERGED,float64,cuda:0
forward,2,313,9.672359911909473e-07,True,CONVERGED,float64,cuda:0
adjoint,0,304,9.77954508962422e-07,True,CONVERGED,float64,cuda:0
adjoint,1,324,9.549763248861356e-07,True,CONVERGED,float64,cuda:0
adjoint,2,324,9.389590216664831e-07,True,CONVERGED,float64,cuda:0
forward,0,302,9.694539314096413e-07,True,CONVERGED,float64,cuda:0
forward,1,312,8.876273018891415e-07,True,CONVERGED,float64,cuda:0
forward,2,312,9.506823659277173e-07,True,CONVERGED,float64,cuda:0
adjoint,0,305,9.646572025564407e-07,True,CONVERGED,float64,cuda:0
adjoint,1,315,9.617005128893134e-07,True,CONVERGED,float64,cuda:0
adjoint,2,318,9.606437232623632e-07,True,CONVERGED,float64,cuda:0
forward,0,295,9.464013344504757e-07,True,CONVERGED,float64,cuda:0
forward,1,305,9.078985650828811e-07,True,CONVERGED,float64,cuda:0
forward,2,307,9.53932544196491e-07,True,CONVERGED,float64,cuda:0
adjoint,0,295,9.84670426300498e-07,True,CONVERGED,float64,cuda:0
adjoint,1,320,9.517287934927088e-07,True,CONVERGED,float64,cuda:0
adjoint,2,320,9.661169435645063e-07,True,CONVERGED,float64,cuda:0
forward,0,284,9.968751403500982e-07,True,CONVERGED,float64,cuda:0
forward,1,305,9.892456731306101e-07,True,CONVERGED,float64,cuda:0
forward,2,306,8.840821547876837e-07,True,CONVERGED,float64,cuda:0
adjoint,0,285,9.31040109220005e-07,True,CONVERGED,float64,cuda:0
adjoint,1,317,9.745248156932065e-07,True,CONVERGED,float64,cuda:0
adjoint,2,317,9.747698862497955e-07,True,CONVERGED,float64,cuda:0
forward,0,277,9.993835477178361e-07,True,CONVERGED,float64,cuda:0
forward,1,301,9.456294856674122e-07,True,CONVERGED,float64,cuda:0
forward,2,300,9.868706738435083e-07,True,CONVERGED,float64,cuda:0
adjoint,0,290,9.826677891302392e-07,True,CONVERGED,float64,cuda:0
adjoint,1,310,8.916182011144353e-07,True,CONVERGED,float64,cuda:0
adjoint,2,309,8.820992623586922e-07,True,CONVERGED,float64,cuda:0
forward,0,274,9.990690498263346e-07,True,CONVERGED,float64,cuda:0
forward,1,296,9.9448628308046e-07,True,CONVERGED,float64,cuda:0
forward,2,298,9.858902645840474e-07,True,CONVERGED,float64,cuda:0
adjoint,0,288,9.735900794846943e-07,True,CONVERGED,float64,cuda:0
adjoint,1,306,9.804306578140614e-07,True,CONVERGED,float64,cuda:0
adjoint,2,306,9.379131609677396e-07,True,CONVERGED,float64,cuda:0
forward,0,284,9.688922396085032e-07,True,CONVERGED,float64,cuda:0
forward,1,292,9.251036801140843e-07,True,CONVERGED,float64,cuda:0
forward,2,301,9.975185636220128e-07,True,CONVERGED,float64,cuda:0
adjoint,0,295,9.815586667151794e-07,True,CONVERGED,float64,cuda:0
adjoint,1,308,9.535237605877723e-07,True,CONVERGED,float64,cuda:0
adjoint,2,308,8.873772267124473e-07,True,CONVERGED,float64,cuda:0
forward,0,285,9.106450888709385e-07,True,CONVERGED,float64,cuda:0
forward,1,290,9.920735598487458e-07,True,CONVERGED,float64,cuda:0
forward,2,298,9.850435383242985e-07,True,CONVERGED,float64,cuda:0
adjoint,0,295,9.725083629212712e-07,True,CONVERGED,float64,cuda:0
adjoint,1,306,9.833702361632478e-07,True,CONVERGED,float64,cuda:0
adjoint,2,307,9.585693727603538e-07,True,CONVERGED,float64,cuda:0
forward,0,286,9.54527064310677e-07,True,CONVERGED,float64,cuda:0
forward,1,296,9.580243887622159e-07,True,CONVERGED,float64,cuda:0
forward,2,298,9.138296582221566e-07,True,CONVERGED,float64,cuda:0
adjoint,0,289,9.260834789188239e-07,True,CONVERGED,float64,cuda:0
adjoint,1,295,8.934266021253171e-07,True,CONVERGED,float64,cuda:0
adjoint,2,295,9.6697837787386e-07,True,CONVERGED,float64,cuda:0
forward,0,302,9.91610723237546e-07,True,CONVERGED,float64,cuda:0
forward,1,293,9.907165902955318e-07,True,CONVERGED,float64,cuda:0
forward,2,300,9.361270749405213e-07,True,CONVERGED,float64,cuda:0
adjoint,0,298,9.78556569605949e-07,True,CONVERGED,float64,cuda:0
adjoint,1,296,8.712875298169992e-07,True,CONVERGED,float64,cuda:0
adjoint,2,298,9.214883787472015e-07,True,CONVERGED,float64,cuda:0
forward,0,296,9.775366875385907e-07,True,CONVERGED,float64,cuda:0
forward,1,291,9.36003492752098e-07,True,CONVERGED,float64,cuda:0
forward,2,304,9.95412216727761e-07,True,CONVERGED,float64,cuda:0
adjoint,0,297,9.646042148975825e-07,True,CONVERGED,float64,cuda:0
adjoint,1,299,9.801160692648724e-07,True,CONVERGED,float64,cuda:0
adjoint,2,310,9.206071316677521e-07,True,CONVERGED,float64,cuda:0
forward,0,284,9.771978917212376e-07,True,CONVERGED,float64,cuda:0
forward,1,307,9.215485907591144e-07,True,CONVERGED,float64,cuda:0
forward,2,307,9.012838709290509e-07,True,CONVERGED,float64,cuda:0
adjoint,0,306,8.917670633331201e-07,True,CONVERGED,float64,cuda:0
adjoint,1,318,9.315019932567495e-07,True,CONVERGED,float64,cuda:0
adjoint,2,292,9.830616473105467e-07,True,CONVERGED,float64,cuda:0
forward,0,281,9.597382586203828e-07,True,CONVERGED,float64,cuda:0
forward,1,305,9.932059569693963e-07,True,CONVERGED,float64,cuda:0
forward,2,309,9.755147539805167e-07,True,CONVERGED,float64,cuda:0
adjoint,0,305,9.055706913381016e-07,True,CONVERGED,float64,cuda:0
adjoint,1,316,9.888576294924818e-07,True,CONVERGED,float64,cuda:0
adjoint,2,314,9.707706808174902e-07,True,CONVERGED,float64,cuda:0
forward,0,289,9.810377303727e-07,True,CONVERGED,float64,cuda:0
forward,1,304,9.211313062840354e-07,True,CONVERGED,float64,cuda:0
forward,2,307,9.216061079236455e-07,True,CONVERGED,float64,cuda:0
adjoint,0,286,9.64032234049172e-07,True,CONVERGED,float64,cuda:0
adjoint,1,312,9.554507115316659e-07,True,CONVERGED,float64,cuda:0
adjoint,2,311,9.135018998939527e-07,True,CONVERGED,float64,cuda:0
forward,0,279,9.947907841367569e-07,True,CONVERGED,float64,cuda:0
forward,1,304,9.667220936390124e-07,True,CONVERGED,float64,cuda:0
forward,2,305,9.70682450997796e-07,True,CONVERGED,float64,cuda:0
adjoint,0,286,8.86264452629139e-07,True,CONVERGED,float64,cuda:0
adjoint,1,313,9.507740852104541e-07,True,CONVERGED,float64,cuda:0
adjoint,2,312,9.95668021642755e-07,True,CONVERGED,float64,cuda:0
forward,0,265,9.888087206499369e-07,True,CONVERGED,float64,cuda:0
forward,1,300,9.743486120033251e-07,True,CONVERGED,float64,cuda:0
forward,2,300,9.063076187159812e-07,True,CONVERGED,float64,cuda:0
adjoint,0,285,9.803686942072703e-07,True,CONVERGED,float64,cuda:0
adjoint,1,294,9.586141023197949e-07,True,CONVERGED,float64,cuda:0
adjoint,2,301,9.144818631736366e-07,True,CONVERGED,float64,cuda:0
forward,0,276,8.984797877652027e-07,True,CONVERGED,float64,cuda:0
forward,1,300,8.773551942475972e-07,True,CONVERGED,float64,cuda:0
forward,2,299,9.93914394578239e-07,True,CONVERGED,float64,cuda:0
adjoint,0,287,9.551408310195427e-07,True,CONVERGED,float64,cuda:0
adjoint,1,295,9.562197989630245e-07,True,CONVERGED,float64,cuda:0
adjoint,2,300,9.413476246430298e-07,True,CONVERGED,float64,cuda:0
forward,0,286,9.993604691460407e-07,True,CONVERGED,float64,cuda:0
forward,1,299,8.990155949464149e-07,True,CONVERGED,float64,cuda:0
forward,2,299,9.007131224594551e-07,True,CONVERGED,float64,cuda:0
adjoint,0,289,9.941449075300494e-07,True,CONVERGED,float64,cuda:0
adjoint,1,294,9.439843447508531e-07,True,CONVERGED,float64,cuda:0
adjoint,2,298,9.509258015773072e-07,True,CONVERGED,float64,cuda:0
forward,0,280,9.849511509328214e-07,True,CONVERGED,float64,cuda:0
forward,1,300,8.680431556943659e-07,True,CONVERGED,float64,cuda:0
forward,2,300,8.816699255083807e-07,True,CONVERGED,float64,cuda:0
adjoint,0,288,9.481351151389335e-07,True,CONVERGED,float64,cuda:0
adjoint,1,292,9.847184709617898e-07,True,CONVERGED,float64,cuda:0
adjoint,2,300,9.039462588937156e-07,True,CONVERGED,float64,cuda:0
forward,0,275,9.324772298683453e-07,True,CONVERGED,float64,cuda:0
forward,1,301,9.56946776643806e-07,True,CONVERGED,float64,cuda:0
forward,2,301,9.760317247194375e-07,True,CONVERGED,float64,cuda:0
adjoint,0,288,9.697466051132568e-07,True,CONVERGED,float64,cuda:0
adjoint,1,302,9.911519070278562e-07,True,CONVERGED,float64,cuda:0
adjoint,2,301,9.290566870502146e-07,True,CONVERGED,float64,cuda:0
forward,0,253,9.736189549151056e-07,True,CONVERGED,float64,cuda:0
forward,1,300,9.349510279470236e-07,True,CONVERGED,float64,cuda:0
forward,2,300,9.75745473100932e-07,True,CONVERGED,float64,cuda:0
adjoint,0,290,9.856252630866176e-07,True,CONVERGED,float64,cuda:0
adjoint,1,305,9.631811711379295e-07,True,CONVERGED,float64,cuda:0
adjoint,2,304,9.759478185568194e-07,True,CONVERGED,float64,cuda:0
forward,0,276,9.319763794941418e-07,True,CONVERGED,float64,cuda:0
forward,1,302,9.491841867645522e-07,True,CONVERGED,float64,cuda:0
forward,2,302,9.688737150715453e-07,True,CONVERGED,float64,cuda:0
adjoint,0,287,8.72479727319148e-07,True,CONVERGED,float64,cuda:0
adjoint,1,310,9.932770405196221e-07,True,CONVERGED,float64,cuda:0
adjoint,2,310,9.947984044504294e-07,True,CONVERGED,float64,cuda:0
forward,0,286,8.530367999110592e-07,True,CONVERGED,float64,cuda:0
forward,1,297,9.55010791458459e-07,True,CONVERGED,float64,cuda:0
forward,2,303,9.592363033603318e-07,True,CONVERGED,float64,cuda:0
adjoint,0,303,9.166354992476496e-07,True,CONVERGED,float64,cuda:0
adjoint,1,307,9.961409980806902e-07,True,CONVERGED,float64,cuda:0
adjoint,2,307,9.65034771529973e-07,True,CONVERGED,float64,cuda:0
forward,0,277,9.936524786580697e-07,True,CONVERGED,float64,cuda:0
forward,1,304,9.589230064959938e-07,True,CONVERGED,float64,cuda:0
forward,2,304,9.629015722006417e-07,True,CONVERGED,float64,cuda:0
adjoint,0,279,9.234595769147844e-07,True,CONVERGED,float64,cuda:0
adjoint,1,293,9.94565549488255e-07,True,CONVERGED,float64,cuda:0
adjoint,2,300,9.339516429146847e-07,True,CONVERGED,float64,cuda:0
forward,0,286,9.537247956765116e-07,True,CONVERGED,float64,cuda:0
forward,1,303,8.808698306401417e-07,True,CONVERGED,float64,cuda:0
forward,2,303,9.301587877439485e-07,True,CONVERGED,float64,cuda:0
adjoint,0,273,9.774813579347985e-07,True,CONVERGED,float64,cuda:0
adjoint,1,280,9.717506016780414e-07,True,CONVERGED,float64,cuda:0
adjoint,2,294,9.836153560428611e-07,True,CONVERGED,float64,cuda:0
forward,0,285,9.005982300691009e-07,True,CONVERGED,float64,cuda:0
forward,1,292,9.74042749851285e-07,True,CONVERGED,float64,cuda:0
forward,2,291,9.627264316423493e-07,True,CONVERGED,float64,cuda:0
adjoint,0,276,9.574775859033573e-07,True,CONVERGED,float64,cuda:0
adjoint,1,290,9.874440709302347e-07,True,CONVERGED,float64,cuda:0
adjoint,2,291,9.746218826470327e-07,True,CONVERGED,float64,cuda:0
forward,0,285,9.887593147939563e-07,True,CONVERGED,float64,cuda:0
forward,1,302,8.995455866962247e-07,True,CONVERGED,float64,cuda:0
forward,2,302,9.129529223052154e-07,True,CONVERGED,float64,cuda:0
adjoint,0,279,9.811210493754427e-07,True,CONVERGED,float64,cuda:0
adjoint,1,291,8.747510033133256e-07,True,CONVERGED,float64,cuda:0
adjoint,2,292,8.579304363103917e-07,True,CONVERGED,float64,cuda:0
forward,0,286,9.788207978230943e-07,True,CONVERGED,float64,cuda:0
forward,1,302,8.942125690069133e-07,True,CONVERGED,float64,cuda:0
forward,2,302,9.424242398028086e-07,True,CONVERGED,float64,cuda:0
adjoint,0,285,9.910234222334789e-07,True,CONVERGED,float64,cuda:0
adjoint,1,291,9.909533389755014e-07,True,CONVERGED,float64,cuda:0
adjoint,2,292,8.913236037944837e-07,True,CONVERGED,float64,cuda:0
forward,0,287,9.375565544893895e-07,True,CONVERGED,float64,cuda:0
forward,1,300,9.673647048234282e-07,True,CONVERGED,float64,cuda:0
forward,2,301,8.908148778227579e-07,True,CONVERGED,float64,cuda:0
adjoint,0,286,9.80258027892801e-07,True,CONVERGED,float64,cuda:0
adjoint,1,292,9.095469666513184e-07,True,CONVERGED,float64,cuda:0
adjoint,2,291,9.834406594857683e-07,True,CONVERGED,float64,cuda:0
forward,0,287,8.664779333191348e-07,True,CONVERGED,float64,cuda:0
forward,1,300,8.458729421127803e-07,True,CONVERGED,float64,cuda:0
forward,2,300,8.907241625954267e-07,True,CONVERGED,float64,cuda:0
adjoint,0,287,9.696411947334614e-07,True,CONVERGED,float64,cuda:0
adjoint,1,291,9.852170093005469e-07,True,CONVERGED,float64,cuda:0
adjoint,2,291,9.182404367834921e-07,True,CONVERGED,float64,cuda:0
forward,0,278,9.821280851878001e-07,True,CONVERGED,float64,cuda:0
forward,1,299,8.84494176650074e-07,True,CONVERGED,float64,cuda:0
forward,2,299,9.268060936058492e-07,True,CONVERGED,float64,cuda:0
adjoint,0,277,9.235809123960393e-07,True,CONVERGED,float64,cuda:0
adjoint,1,290,9.807996500830687e-07,True,CONVERGED,float64,cuda:0
adjoint,2,290,9.861205914285157e-07,True,CONVERGED,float64,cuda:0
forward,0,272,9.660751422447885e-07,True,CONVERGED,float64,cuda:0
forward,1,298,9.158159393498302e-07,True,CONVERGED,float64,cuda:0
forward,2,298,9.320213042998218e-07,True,CONVERGED,float64,cuda:0
adjoint,0,275,9.46558434780852e-07,True,CONVERGED,float64,cuda:0
adjoint,1,289,9.294466416249132e-07,True,CONVERGED,float64,cuda:0
adjoint,2,290,9.747676973895208e-07,True,CONVERGED,float64,cuda:0
forward,0,273,9.521830701131602e-07,True,CONVERGED,float64,cuda:0
forward,1,298,9.226394694787644e-07,True,CONVERGED,float64,cuda:0
forward,2,298,8.728012755447771e-07,True,CONVERGED,float64,cuda:0
adjoint,0,274,9.76943607884728e-07,True,CONVERGED,float64,cuda:0
adjoint,1,288,9.379610276932308e-07,True,CONVERGED,float64,cuda:0
adjoint,2,291,8.924841358611664e-07,True,CONVERGED,float64,cuda:0
forward,0,277,9.119150774386397e-07,True,CONVERGED,float64,cuda:0
forward,1,299,8.726351728682422e-07,True,CONVERGED,float64,cuda:0
forward,2,298,8.857867927940652e-07,True,CONVERGED,float64,cuda:0
adjoint,0,278,9.138762443076e-07,True,CONVERGED,float64,cuda:0
adjoint,1,289,9.665368398416144e-07,True,CONVERGED,float64,cuda:0
adjoint,2,292,8.5233884822351e-07,True,CONVERGED,float64,cuda:0
forward,0,279,9.606999639080877e-07,True,CONVERGED,float64,cuda:0
forward,1,300,9.224329870539745e-07,True,CONVERGED,float64,cuda:0
forward,2,299,8.70840626875294e-07,True,CONVERGED,float64,cuda:0
adjoint,0,286,9.546199982196071e-07,True,CONVERGED,float64,cuda:0
adjoint,1,291,8.566354933647017e-07,True,CONVERGED,float64,cuda:0
adjoint,2,295,9.996648529752864e-07,True,CONVERGED,float64,cuda:0
forward,0,284,9.236017277988331e-07,True,CONVERGED,float64,cuda:0
forward,1,301,9.82532795386037e-07,True,CONVERGED,float64,cuda:0
forward,2,300,8.912461323552323e-07,True,CONVERGED,float64,cuda:0
adjoint,0,287,9.405784835056e-07,True,CONVERGED,float64,cuda:0
adjoint,1,291,9.731516861078996e-07,True,CONVERGED,float64,cuda:0
adjoint,2,300,9.805932749652526e-07,True,CONVERGED,float64,cuda:0
forward,0,279,9.85457868687466e-07,True,CONVERGED,float64,cuda:0
forward,1,303,8.813905444209403e-07,True,CONVERGED,float64,cuda:0
forward,2,301,8.810846265434478e-07,True,CONVERGED,float64,cuda:0
adjoint,0,288,8.572565851005534e-07,True,CONVERGED,float64,cuda:0
adjoint,1,292,9.501826701539217e-07,True,CONVERGED,float64,cuda:0
adjoint,2,301,9.930479868657819e-07,True,CONVERGED,float64,cuda:0
forward,0,277,9.83342324123705e-07,True,CONVERGED,float64,cuda:0
forward,1,303,9.174889442132436e-07,True,CONVERGED,float64,cuda:0
forward,2,301,8.735776203070555e-07,True,CONVERGED,float64,cuda:0
adjoint,0,288,8.755361136972052e-07,True,CONVERGED,float64,cuda:0
adjoint,1,292,9.964928269448453e-07,True,CONVERGED,float64,cuda:0
adjoint,2,302,9.328454090976834e-07,True,CONVERGED,float64,cuda:0
forward,0,276,9.181808039791299e-07,True,CONVERGED,float64,cuda:0
forward,1,303,8.916277965998193e-07,True,CONVERGED,float64,cuda:0
forward,2,300,9.272607911794543e-07,True,CONVERGED,float64,cuda:0
adjoint,0,288,8.610031808854468e-07,True,CONVERGED,float64,cuda:0
adjoint,1,292,9.97252446062636e-07,True,CONVERGED,float64,cuda:0
adjoint,2,301,9.742020559065741e-07,True,CONVERGED,float64,cuda:0
forward,0,274,9.247611521500789e-07,True,CONVERGED,float64,cuda:0
forward,1,303,9.204737276459929e-07,True,CONVERGED,float64,cuda:0
forward,2,300,8.757606883964978e-07,True,CONVERGED,float64,cuda:0
adjoint,0,288,8.45907542350283e-07,True,CONVERGED,float64,cuda:0
adjoint,1,292,9.896472827181965e-07,True,CONVERGED,float64,cuda:0
adjoint,2,301,9.159503466626419e-07,True,CONVERGED,float64,cuda:0
forward,0,274,9.036403884056717e-07,True,CONVERGED,float64,cuda:0
forward,1,303,9.979235757422038e-07,True,CONVERGED,float64,cuda:0
forward,2,300,9.310783508275447e-07,True,CONVERGED,float64,cuda:0
adjoint,0,288,8.460660722030632e-07,True,CONVERGED,float64,cuda:0
adjoint,1,299,9.700881594471063e-07,True,CONVERGED,float64,cuda:0
adjoint,2,301,9.065403438373384e-07,True,CONVERGED,float64,cuda:0
forward,0,274,9.362065396470586e-07,True,CONVERGED,float64,cuda:0
forward,1,304,8.807179834056709e-07,True,CONVERGED,float64,cuda:0
forward,2,300,9.562111386465051e-07,True,CONVERGED,float64,cuda:0
adjoint,0,288,8.56819929458331e-07,True,CONVERGED,float64,cuda:0
adjoint,1,299,9.96663343116743e-07,True,CONVERGED,float64,cuda:0
adjoint,2,301,8.992341811655405e-07,True,CONVERGED,float64,cuda:0
forward,0,274,9.416546648798666e-07,True,CONVERGED,float64,cuda:0
forward,1,304,8.595563557464793e-07,True,CONVERGED,float64,cuda:0
forward,2,300,9.350046935276923e-07,True,CONVERGED,float64,cuda:0
adjoint,0,288,8.618226428930422e-07,True,CONVERGED,float64,cuda:0
adjoint,1,299,9.931284397652773e-07,True,CONVERGED,float64,cuda:0
adjoint,2,301,8.821429291797579e-07,True,CONVERGED,float64,cuda:0
forward,0,274,9.36600855327025e-07,True,CONVERGED,float64,cuda:0
forward,1,303,9.719844622847218e-07,True,CONVERGED,float64,cuda:0
forward,2,300,8.994951624012481e-07,True,CONVERGED,float64,cuda:0
adjoint,0,288,8.76410285571967e-07,True,CONVERGED,float64,cuda:0
adjoint,1,299,9.737334923865403e-07,True,CONVERGED,float64,cuda:0
adjoint,2,300,9.956758951248761e-07,True,CONVERGED,float64,cuda:0
forward,0,275,9.273401923943992e-07,True,CONVERGED,float64,cuda:0
forward,1,303,9.69332948827457e-07,True,CONVERGED,float64,cuda:0
forward,2,300,9.058622069309903e-07,True,CONVERGED,float64,cuda:0
adjoint,0,288,9.039665932517761e-07,True,CONVERGED,float64,cuda:0
adjoint,1,296,9.933138195473143e-07,True,CONVERGED,float64,cuda:0
adjoint,2,301,8.94403913802389e-07,True,CONVERGED,float64,cuda:0
forward,0,276,9.382557481783806e-07,True,CONVERGED,float64,cuda:0
forward,1,303,9.776852385579794e-07,True,CONVERGED,float64,cuda:0
forward,2,300,9.332044695330759e-07,True,CONVERGED,float64,cuda:0
adjoint,0,288,9.257203233478803e-07,True,CONVERGED,float64,cuda:0
adjoint,1,296,9.77724753297315e-07,True,CONVERGED,float64,cuda:0
adjoint,2,301,9.139161845829487e-07,True,CONVERGED,float64,cuda:0
forward,0,276,9.532800038390404e-07,True,CONVERGED,float64,cuda:0
forward,1,303,9.790631534407904e-07,True,CONVERGED,float64,cuda:0
forward,2,300,9.296523742214485e-07,True,CONVERGED,float64,cuda:0
adjoint,0,288,9.398534129882399e-07,True,CONVERGED,float64,cuda:0
adjoint,1,296,9.74859595112625e-07,True,CONVERGED,float64,cuda:0
adjoint,2,301,9.109317561805458e-07,True,CONVERGED,float64,cuda:0
forward,0,275,9.34105813111669e-07,True,CONVERGED,float64,cuda:0
forward,1,303,9.718163615009826e-07,True,CONVERGED,float64,cuda:0
forward,2,300,9.264125529916857e-07,True,CONVERGED,float64,cuda:0
adjoint,0,288,9.704761783915537e-07,True,CONVERGED,float64,cuda:0
adjoint,1,293,9.697763762935224e-07,True,CONVERGED,float64,cuda:0
adjoint,2,301,8.889896251721079e-07,True,CONVERGED,float64,cuda:0
forward,0,274,9.523271130718792e-07,True,CONVERGED,float64,cuda:0
forward,1,303,9.90808423449161e-07,True,CONVERGED,float64,cuda:0
forward,2,300,9.252022711839789e-07,True,CONVERGED,float64,cuda:0
adjoint,0,288,9.70906933991442e-07,True,CONVERGED,float64,cuda:0
adjoint,1,292,9.207259227421442e-07,True,CONVERGED,float64,cuda:0
adjoint,2,301,8.781987050092858e-07,True,CONVERGED,float64,cuda:0
forward,0,274,9.322208674474154e-07,True,CONVERGED,float64,cuda:0
forward,1,304,8.590401079088946e-07,True,CONVERGED,float64,cuda:0
forward,2,300,9.21960533938599e-07,True,CONVERGED,float64,cuda:0
adjoint,0,288,9.571057126658211e-07,True,CONVERGED,float64,cuda:0
adjoint,1,291,9.28305620743586e-07,True,CONVERGED,float64,cuda:0
adjoint,2,301,8.719512144961988e-07,True,CONVERGED,float64,cuda:0
forward,0,274,9.615841830154244e-07,True,CONVERGED,float64,cuda:0
forward,1,304,8.703918058900422e-07,True,CONVERGED,float64,cuda:0
forward,2,300,8.975032346675165e-07,True,CONVERGED,float64,cuda:0
adjoint,0,288,9.50003095988785e-07,True,CONVERGED,float64,cuda:0
adjoint,1,291,9.19983624885307e-07,True,CONVERGED,float64,cuda:0
adjoint,2,301,8.713770708812647e-07,True,CONVERGED,float64,cuda:0
forward,0,274,9.960929773814148e-07,True,CONVERGED,float64,cuda:0
forward,1,304,8.796657883777807e-07,True,CONVERGED,float64,cuda:0
forward,2,300,9.049615733663237e-07,True,CONVERGED,float64,cuda:0
adjoint,0,288,9.404003484229541e-07,True,CONVERGED,float64,cuda:0
adjoint,1,291,9.383551306304884e-07,True,CONVERGED,float64,cuda:0
adjoint,2,301,8.827734663481637e-07,True,CONVERGED,float64,cuda:0
forward,0,275,9.285981526929119e-07,True,CONVERGED,float64,cuda:0
forward,1,304,8.941134668478197e-07,True,CONVERGED,float64,cuda:0
forward,2,300,9.576694735878166e-07,True,CONVERGED,float64,cuda:0
adjoint,0,288,9.310787628390489e-07,True,CONVERGED,float64,cuda:0
adjoint,1,291,9.719334312917692e-07,True,CONVERGED,float64,cuda:0
adjoint,2,301,9.053871602268378e-07,True,CONVERGED,float64,cuda:0
forward,0,275,9.779114364682313e-07,True,CONVERGED,float64,cuda:0
forward,1,304,9.220180463697119e-07,True,CONVERGED,float64,cuda:0
forward,2,301,9.372702892437538e-07,True,CONVERGED,float64,cuda:0
adjoint,0,288,8.982767636669684e-07,True,CONVERGED,float64,cuda:0
adjoint,1,292,9.440181901073792e-07,True,CONVERGED,float64,cuda:0
adjoint,2,301,9.251333084765473e-07,True,CONVERGED,float64,cuda:0
forward,0,253,8.713271302096965e-07,True,CONVERGED,float64,cuda:0
forward,1,304,9.348631763286398e-07,True,CONVERGED,float64,cuda:0
forward,2,300,9.923311739197256e-07,True,CONVERGED,float64,cuda:0
adjoint,0,287,9.809562483941267e-07,True,CONVERGED,float64,cuda:0
adjoint,1,292,9.900095071441325e-07,True,CONVERGED,float64,cuda:0
adjoint,2,301,9.199647642039987e-07,True,CONVERGED,float64,cuda:0
forward,0,275,9.520779800874397e-07,True,CONVERGED,float64,cuda:0
forward,1,304,9.154965626718176e-07,True,CONVERGED,float64,cuda:0
forward,2,300,9.558108329605806e-07,True,CONVERGED,float64,cuda:0
adjoint,0,287,9.326740640874317e-07,True,CONVERGED,float64,cuda:0
adjoint,1,293,9.777267496740704e-07,True,CONVERGED,float64,cuda:0
adjoint,2,301,8.859603617221587e-07,True,CONVERGED,float64,cuda:0
forward,0,274,9.87795859168014e-07,True,CONVERGED,float64,cuda:0
forward,1,304,8.831306691660001e-07,True,CONVERGED,float64,cuda:0
forward,2,300,9.033935059741551e-07,True,CONVERGED,float64,cuda:0
adjoint,0,287,9.026313908437811e-07,True,CONVERGED,float64,cuda:0
adjoint,1,292,9.837293103254333e-07,True,CONVERGED,float64,cuda:0
adjoint,2,300,9.527058019668631e-07,True,CONVERGED,float64,cuda:0
forward,0,273,9.505051352045986e-07,True,CONVERGED,float64,cuda:0
forward,1,304,8.741635011165508e-07,True,CONVERGED,float64,cuda:0
forward,2,299,9.840717098054724e-07,True,CONVERGED,float64,cuda:0
adjoint,0,287,8.758084548572199e-07,True,CONVERGED,float64,cuda:0
adjoint,1,292,9.447449934351092e-07,True,CONVERGED,float64,cuda:0
adjoint,2,300,8.992867017660645e-07,True,CONVERGED,float64,cuda:0
forward,0,273,8.923638028090756e-07,True,CONVERGED,float64,cuda:0
forward,1,304,8.718446293524578e-07,True,CONVERGED,float64,cuda:0
forward,2,299,9.963418559156862e-07,True,CONVERGED,float64,cuda:0
adjoint,0,286,9.845349423418659e-07,True,CONVERGED,float64,cuda:0
adjoint,1,291,9.847277386169162e-07,True,CONVERGED,float64,cuda:0
adjoint,2,299,9.843515095961763e-07,True,CONVERGED,float64,cuda:0
forward,0,274,8.463097813313893e-07,True,CONVERGED,float64,cuda:0
forward,1,303,9.97022083075536e-07,True,CONVERGED,float64,cuda:0
forward,2,300,9.734189098580075e-07,True,CONVERGED,float64,cuda:0
adjoint,0,286,9.875090632349488e-07,True,CONVERGED,float64,cuda:0
adjoint,1,291,9.671518352294067e-07,True,CONVERGED,float64,cuda:0
adjoint,2,298,9.855071243151697e-07,True,CONVERGED,float64,cuda:0
forward,0,274,9.006316780151637e-07,True,CONVERGED,float64,cuda:0
forward,1,303,9.72241960608932e-07,True,CONVERGED,float64,cuda:0
forward,2,302,9.270640995416967e-07,True,CONVERGED,float64,cuda:0
adjoint,0,287,8.826105937886433e-07,True,CONVERGED,float64,cuda:0
adjoint,1,291,9.572722943083285e-07,True,CONVERGED,float64,cuda:0
adjoint,2,292,9.399477503703756e-07,True,CONVERGED,float64,cuda:0
forward,0,274,8.843992016252091e-07,True,CONVERGED,float64,cuda:0
forward,1,303,9.65703002278144e-07,True,CONVERGED,float64,cuda:0
forward,2,303,8.856807018754969e-07,True,CONVERGED,float64,cuda:0
adjoint,0,287,9.541829760808309e-07,True,CONVERGED,float64,cuda:0
adjoint,1,291,9.276534196274795e-07,True,CONVERGED,float64,cuda:0
adjoint,2,290,9.989672024688278e-07,True,CONVERGED,float64,cuda:0
forward,0,274,8.968927547211987e-07,True,CONVERGED,float64,cuda:0
forward,1,303,9.7537109206616e-07,True,CONVERGED,float64,cuda:0
forward,2,303,9.205549309594297e-07,True,CONVERGED,float64,cuda:0
adjoint,0,288,8.751193173426583e-07,True,CONVERGED,float64,cuda:0
adjoint,1,290,9.751820615480333e-07,True,CONVERGED,float64,cuda:0
adjoint,2,290,9.480558141442159e-07,True,CONVERGED,float64,cuda:0
forward,0,274,9.400125180643043e-07,True,CONVERGED,float64,cuda:0
forward,1,303,9.817892604738604e-07,True,CONVERGED,float64,cuda:0
forward,2,303,9.390788075423426e-07,True,CONVERGED,float64,cuda:0
adjoint,0,288,9.20265698889334e-07,True,CONVERGED,float64,cuda:0
adjoint,1,290,9.474747760116308e-07,True,CONVERGED,float64,cuda:0
adjoint,2,290,9.192587993646737e-07,True,CONVERGED,float64,cuda:0
forward,0,274,9.80353202116473e-07,True,CONVERGED,float64,cuda:0
forward,1,303,9.800998047406192e-07,True,CONVERGED,float64,cuda:0
forward,2,303,9.31434935974797e-07,True,CONVERGED,float64,cuda:0
adjoint,0,288,9.482790329383039e-07,True,CONVERGED,float64,cuda:0
adjoint,1,290,9.288441201230524e-07,True,CONVERGED,float64,cuda:0
adjoint,2,290,9.08244661961106e-07,True,CONVERGED,float64,cuda:0
forward,0,253,9.598368925312734e-07,True,CONVERGED,float64,cuda:0
forward,1,303,9.923563578608144e-07,True,CONVERGED,float64,cuda:0
forward,2,303,8.945965751372418e-07,True,CONVERGED,float64,cuda:0
adjoint,0,288,9.541933002165818e-07,True,CONVERGED,float64,cuda:0
adjoint,1,290,9.020927998945729e-07,True,CONVERGED,float64,cuda:0
adjoint,2,290,9.118433853408098e-07,True,CONVERGED,float64,cuda:0
forward,0,274,9.992877703780249e-07,True,CONVERGED,float64,cuda:0
forward,1,303,9.99456676255178e-07,True,CONVERGED,float64,cuda:0
forward,2,302,9.8965044083744e-07,True,CONVERGED,float64,cuda:0
adjoint,0,288,9.537736591128584e-07,True,CONVERGED,float64,cuda:0
adjoint,1,290,8.828977482473818e-07,True,CONVERGED,float64,cuda:0
adjoint,2,290,9.092404691928228e-07,True,CONVERGED,float64,cuda:0
forward,0,275,8.818217749172055e-07,True,CONVERGED,float64,cuda:0
forward,1,303,9.975765303917612e-07,True,CONVERGED,float64,cuda:0
forward,2,302,9.859904247731848e-07,True,CONVERGED,float64,cuda:0
adjoint,0,288,9.533250343406665e-07,True,CONVERGED,float64,cuda:0
adjoint,1,290,8.784205789529371e-07,True,CONVERGED,float64,cuda:0
adjoint,2,290,9.030856260025208e-07,True,CONVERGED,float64,cuda:0
forward,0,275,9.81940370853716e-07,True,CONVERGED,float64,cuda:0
forward,1,304,8.439709280044994e-07,True,CONVERGED,float64,cuda:0
forward,2,303,8.807937943128511e-07,True,CONVERGED,float64,cuda:0
adjoint,0,288,9.547611331250471e-07,True,CONVERGED,float64,cuda:0
adjoint,1,290,8.989056358224515e-07,True,CONVERGED,float64,cuda:0
adjoint,2,290,9.115451070292901e-07,True,CONVERGED,float64,cuda:0
forward,0,254,9.263088386122405e-07,True,CONVERGED,float64,cuda:0
forward,1,304,8.455612081177574e-07,True,CONVERGED,float64,cuda:0
forward,2,303,9.045795243443603e-07,True,CONVERGED,float64,cuda:0
adjoint,0,288,9.307143070048593e-07,True,CONVERGED,float64,cuda:0
adjoint,1,290,9.235739799498027e-07,True,CONVERGED,float64,cuda:0
adjoint,2,290,9.260383597754091e-07,True,CONVERGED,float64,cuda:0
forward,0,278,9.360113053605147e-07,True,CONVERGED,float64,cuda:0
forward,1,303,9.89888867807026e-07,True,CONVERGED,float64,cuda:0
forward,2,303,9.327005600190712e-07,True,CONVERGED,float64,cuda:0
adjoint,0,287,9.798663999757594e-07,True,CONVERGED,float64,cuda:0
adjoint,1,290,9.225231768248792e-07,True,CONVERGED,float64,cuda:0
adjoint,2,290,9.359559053295074e-07,True,CONVERGED,float64,cuda:0
forward,0,279,9.72043516990293e-07,True,CONVERGED,float64,cuda:0
forward,1,303,9.879324786689713e-07,True,CONVERGED,float64,cuda:0
forward,2,303,9.460170496617414e-07,True,CONVERGED,float64,cuda:0
adjoint,0,287,9.392655378781336e-07,True,CONVERGED,float64,cuda:0
adjoint,1,290,8.960157054310033e-07,True,CONVERGED,float64,cuda:0
adjoint,2,290,9.426508442533055e-07,True,CONVERGED,float64,cuda:0
forward,0,278,9.423261901003319e-07,True,CONVERGED,float64,cuda:0
forward,1,303,9.943711712938007e-07,True,CONVERGED,float64,cuda:0
forward,2,303,9.31014377330492e-07,True,CONVERGED,float64,cuda:0
adjoint,0,288,9.211552942374315e-07,True,CONVERGED,float64,cuda:0
adjoint,1,290,8.992990674057095e-07,True,CONVERGED,float64,cuda:0
adjoint,2,290,9.400475071062497e-07,True,CONVERGED,float64,cuda:0
forward,0,277,9.286961523858967e-07,True,CONVERGED,float64,cuda:0
forward,1,303,9.995650909764629e-07,True,CONVERGED,float64,cuda:0
forward,2,303,9.166955527835207e-07,True,CONVERGED,float64,cuda:0
adjoint,0,288,9.938057217706967e-07,True,CONVERGED,float64,cuda:0
adjoint,1,290,8.930302942187161e-07,True,CONVERGED,float64,cuda:0
adjoint,2,290,9.225822548314653e-07,True,CONVERGED,float64,cuda:0
forward,0,276,9.234155529077913e-07,True,CONVERGED,float64,cuda:0
forward,1,303,9.929429916911343e-07,True,CONVERGED,float64,cuda:0
forward,2,303,9.089434127770043e-07,True,CONVERGED,float64,cuda:0
adjoint,0,289,9.475308633509871e-07,True,CONVERGED,float64,cuda:0
adjoint,1,290,8.739206646276209e-07,True,CONVERGED,float64,cuda:0
adjoint,2,290,8.931106829232884e-07,True,CONVERGED,float64,cuda:0
forward,0,276,9.053695902428311e-07,True,CONVERGED,float64,cuda:0
forward,1,303,9.958403694406723e-07,True,CONVERGED,float64,cuda:0
forward,2,303,9.069128450567517e-07,True,CONVERGED,float64,cuda:0
adjoint,0,290,9.45282991805748e-07,True,CONVERGED,float64,cuda:0
adjoint,1,290,8.436609846876919e-07,True,CONVERGED,float64,cuda:0
adjoint,2,290,8.613445257648526e-07,True,CONVERGED,float64,cuda:0
forward,0,277,9.20530222859246e-07,True,CONVERGED,float64,cuda:0
forward,1,303,9.921006605697576e-07,True,CONVERGED,float64,cuda:0
forward,2,303,9.170492519221366e-07,True,CONVERGED,float64,cuda:0
adjoint,0,291,9.96031688842507e-07,True,CONVERGED,float64,cuda:0
adjoint,1,289,9.857611082538557e-07,True,CONVERGED,float64,cuda:0
adjoint,2,289,9.963973348848695e-07,True,CONVERGED,float64,cuda:0
forward,0,278,9.335879644579754e-07,True,CONVERGED,float64,cuda:0
forward,1,303,9.858161983363083e-07,True,CONVERGED,float64,cuda:0
forward,2,303,9.266774839315249e-07,True,CONVERGED,float64,cuda:0
adjoint,0,291,9.953992946995586e-07,True,CONVERGED,float64,cuda:0
adjoint,1,289,9.747294698292936e-07,True,CONVERGED,float64,cuda:0
adjoint,2,289,9.880075718829668e-07,True,CONVERGED,float64,cuda:0
forward,0,278,9.088729595001259e-07,True,CONVERGED,float64,cuda:0
forward,1,303,9.823914969051595e-07,True,CONVERGED,float64,cuda:0
forward,2,303,9.210839388949934e-07,True,CONVERGED,float64,cuda:0
adjoint,0,292,9.230885791620987e-07,True,CONVERGED,float64,cuda:0
adjoint,1,289,9.56908576306933e-07,True,CONVERGED,float64,cuda:0
adjoint,2,289,9.776600533135674e-07,True,CONVERGED,float64,cuda:0
forward,0,277,9.189215774059768e-07,True,CONVERGED,float64,cuda:0
forward,1,303,9.8435624779748e-07,True,CONVERGED,float64,cuda:0
forward,2,303,9.090820694198391e-07,True,CONVERGED,float64,cuda:0
adjoint,0,292,9.458235408115248e-07,True,CONVERGED,float64,cuda:0
adjoint,1,289,9.449656412226168e-07,True,CONVERGED,float64,cuda:0
adjoint,2,289,9.715072626158984e-07,True,CONVERGED,float64,cuda:0
forward,0,276,9.149234960435846e-07,True,CONVERGED,float64,cuda:0
forward,1,303,9.86360907799538e-07,True,CONVERGED,float64,cuda:0
forward,2,303,8.929076438897529e-07,True,CONVERGED,float64,cuda:0
adjoint,0,292,9.65745156631784e-07,True,CONVERGED,float64,cuda:0
adjoint,1,289,9.363818455892991e-07,True,CONVERGED,float64,cuda:0
adjoint,2,289,9.673716796749556e-07,True,CONVERGED,float64,cuda:0
forward,0,275,9.984577591372645e-07,True,CONVERGED,float64,cuda:0
forward,1,303,9.847217374770778e-07,True,CONVERGED,float64,cuda:0
forward,2,303,8.861843353316943e-07,True,CONVERGED,float64,cuda:0
adjoint,0,292,9.659683462046903e-07,True,CONVERGED,float64,cuda:0
adjoint,1,289,9.406026014385371e-07,True,CONVERGED,float64,cuda:0
adjoint,2,289,9.70041073688085e-07,True,CONVERGED,float64,cuda:0
forward,0,276,9.374287472494395e-07,True,CONVERGED,float64,cuda:0
forward,1,303,9.806222713531697e-07,True,CONVERGED,float64,cuda:0
forward,2,303,8.943180506874461e-07,True,CONVERGED,float64,cuda:0
adjoint,0,292,9.390554152201796e-07,True,CONVERGED,float64,cuda:0
adjoint,1,289,9.564457864623594e-07,True,CONVERGED,float64,cuda:0
adjoint,2,289,9.777129371737464e-07,True,CONVERGED,float64,cuda:0
forward,0,277,9.013618761337545e-07,True,CONVERGED,float64,cuda:0
forward,1,303,9.73125400902182e-07,True,CONVERGED,float64,cuda:0
forward,2,303,9.069355687331808e-07,True,CONVERGED,float64,cuda:0
adjoint,0,291,9.819617496115342e-07,True,CONVERGED,float64,cuda:0
adjoint,1,289,9.712746166949037e-07,True,CONVERGED,float64,cuda:0
adjoint,2,289,9.848525622083275e-07,True,CONVERGED,float64,cuda:0
forward,0,277,9.472385623073037e-07,True,CONVERGED,float64,cuda:0
forward,1,303,9.616020266974482e-07,True,CONVERGED,float64,cuda:0
forward,2,303,9.1615908615889e-07,True,CONVERGED,float64,cuda:0
adjoint,0,290,9.780765443567616e-07,True,CONVERGED,float64,cuda:0
adjoint,1,289,9.815276213374312e-07,True,CONVERGED,float64,cuda:0
adjoint,2,289,9.991808073419057e-07,True,CONVERGED,float64,cuda:0
forward,0,276,9.490030802378927e-07,True,CONVERGED,float64,cuda:0
forward,1,303,9.539837585187546e-07,True,CONVERGED,float64,cuda:0
forward,2,303,9.0356685750682e-07,True,CONVERGED,float64,cuda:0
adjoint,0,290,9.973217152236121e-07,True,CONVERGED,float64,cuda:0
adjoint,1,289,9.792532192073248e-07,True,CONVERGED,float64,cuda:0
adjoint,2,289,9.972363034682206e-07,True,CONVERGED,float64,cuda:0
forward,0,275,9.952792678228081e-07,True,CONVERGED,float64,cuda:0
forward,1,303,9.59589887894285e-07,True,CONVERGED,float64,cuda:0
forward,2,303,8.852379063901659e-07,True,CONVERGED,float64,cuda:0
adjoint,0,292,9.163981641191533e-07,True,CONVERGED,float64,cuda:0
adjoint,1,289,9.676317677382159e-07,True,CONVERGED,float64,cuda:0
adjoint,2,289,9.911654847426114e-07,True,CONVERGED,float64,cuda:0
forward,0,275,9.408218550527955e-07,True,CONVERGED,float64,cuda:0
forward,1,303,9.585605254531273e-07,True,CONVERGED,float64,cuda:0
forward,2,303,8.775992284542658e-07,True,CONVERGED,float64,cuda:0
adjoint,0,292,9.363190447321744e-07,True,CONVERGED,float64,cuda:0
adjoint,1,289,9.6034597862258e-07,True,CONVERGED,float64,cuda:0
adjoint,2,289,9.863297688565675e-07,True,CONVERGED,float64,cuda:0
forward,0,276,9.154898985669928e-07,True,CONVERGED,float64,cuda:0
forward,1,303,9.48427798435205e-07,True,CONVERGED,float64,cuda:0
forward,2,303,8.824398517621905e-07,True,CONVERGED,float64,cuda:0
adjoint,0,292,9.292168747086608e-07,True,CONVERGED,float64,cuda:0
adjoint,1,289,9.574411734845527e-07,True,CONVERGED,float64,cuda:0
adjoint,2,289,9.802996677272325e-07,True,CONVERGED,float64,cuda:0
forward,0,276,9.689101631562652e-07,True,CONVERGED,float64,cuda:0
forward,1,303,9.40346473238233e-07,True,CONVERGED,float64,cuda:0
forward,2,303,8.891279557086645e-07,True,CONVERGED,float64,cuda:0
adjoint,0,292,9.143536045530545e-07,True,CONVERGED,float64,cuda:0
adjoint,1,289,9.578557102859543e-07,True,CONVERGED,float64,cuda:0
adjoint,2,289,9.773302892487636e-07,True,CONVERGED,float64,cuda:0
forward,0,276,9.61132860607754e-07,True,CONVERGED,float64,cuda:0
forward,1,303,9.314686369962348e-07,True,CONVERGED,float64,cuda:0
forward,2,303,8.858869356283958e-07,True,CONVERGED,float64,cuda:0
adjoint,0,292,9.20122711364936e-07,True,CONVERGED,float64,cuda:0
adjoint,1,289,9.542432643328602e-07,True,CONVERGED,float64,cuda:0
adjoint,2,289,9.729975324855703e-07,True,CONVERGED,float64,cuda:0
forward,0,276,9.095295888248824e-07,True,CONVERGED,float64,cuda:0
forward,1,303,9.429509970824482e-07,True,CONVERGED,float64,cuda:0
forward,2,303,8.746029245514663e-07,True,CONVERGED,float64,cuda:0
adjoint,0,292,9.401838852071993e-07,True,CONVERGED,float64,cuda:0
adjoint,1,289,9.464660202540828e-07,True,CONVERGED,float64,cuda:0
adjoint,2,289,9.67925931714059e-07,True,CONVERGED,float64,cuda:0
forward,0,275,9.924058739216113e-07,True,CONVERGED,float64,cuda:0
forward,1,303,9.58571772277188e-07,True,CONVERGED,float64,cuda:0
forward,2,303,8.654360508802626e-07,True,CONVERGED,float64,cuda:0
adjoint,0,292,9.526932147364303e-07,True,CONVERGED,float64,cuda:0
adjoint,1,289,9.422745229801351e-07,True,CONVERGED,float64,cuda:0
adjoint,2,289,9.676149681394239e-07,True,CONVERGED,float64,cuda:0
forward,0,275,9.808468429323756e-07,True,CONVERGED,float64,cuda:0
forward,1,303,9.617005964055667e-07,True,CONVERGED,float64,cuda:0
forward,2,302,9.963768465442112e-07,True,CONVERGED,float64,cuda:0
adjoint,0,292,9.600066736170371e-07,True,CONVERGED,float64,cuda:0
adjoint,1,289,9.384119260146245e-07,True,CONVERGED,float64,cuda:0
adjoint,2,289,9.65250510937497e-07,True,CONVERGED,float64,cuda:0
forward,0,275,9.989112405824105e-07,True,CONVERGED,float64,cuda:0
forward,1,303,9.598392299261388e-07,True,CONVERGED,float64,cuda:0
forward,2,303,8.638205522195064e-07,True,CONVERGED,float64,cuda:0
adjoint,0,292,9.546980759518737e-07,True,CONVERGED,float64,cuda:0
adjoint,1,289,9.385357911112171e-07,True,CONVERGED,float64,cuda:0
adjoint,2,289,9.63140455593463e-07,True,CONVERGED,float64,cuda:0
forward,0,276,9.105117663704364e-07,True,CONVERGED,float64,cuda:0
forward,1,303,9.580572830755188e-07,True,CONVERGED,float64,cuda:0
forward,2,303,8.686459693467418e-07,True,CONVERGED,float64,cuda:0
adjoint,0,292,9.44462903833392e-07,True,CONVERGED,float64,cuda:0
adjoint,1,289,9.400811999898287e-07,True,CONVERGED,float64,cuda:0
adjoint,2,289,9.622983702610167e-07,True,CONVERGED,float64,cuda:0
forward,0,276,9.23355389388829e-07,True,CONVERGED,float64,cuda:0
forward,1,303,9.556130061513696e-07,True,CONVERGED,float64,cuda:0
forward,2,303,8.675540111795797e-07,True,CONVERGED,float64,cuda:0
adjoint,0,292,9.484158314938107e-07,True,CONVERGED,float64,cuda:0
adjoint,1,289,9.351161350316061e-07,True,CONVERGED,float64,cuda:0
adjoint,2,289,9.584616026684018e-07,True,CONVERGED,float64,cuda:0
forward,0,276,9.26219800005646e-07,True,CONVERGED,float64,cuda:0
forward,1,303,9.519595377406528e-07,True,CONVERGED,float64,cuda:0
forward,2,303,8.638134468493653e-07,True,CONVERGED,float64,cuda:0
adjoint,0,292,9.55664616163318e-07,True,CONVERGED,float64,cuda:0
adjoint,1,289,9.287408312044056e-07,True,CONVERGED,float64,cuda:0
adjoint,2,289,9.55148774406675e-07,True,CONVERGED,float64,cuda:0
forward,0,276,9.309613249202796e-07,True,CONVERGED,float64,cuda:0
forward,1,303,9.411914780180858e-07,True,CONVERGED,float64,cuda:0
forward,2,302,9.938860689751225e-07,True,CONVERGED,float64,cuda:0
adjoint,0,292,9.745291243874423e-07,True,CONVERGED,float64,cuda:0
adjoint,1,289,9.175546359418469e-07,True,CONVERGED,float64,cuda:0
adjoint,2,289,9.491525690921191e-07,True,CONVERGED,float64,cuda:0
forward,0,276,9.441353115598988e-07,True,CONVERGED,float64,cuda:0
forward,1,303,9.207074600476365e-07,True,CONVERGED,float64,cuda:0
forward,2,302,9.905181024809835e-07,True,CONVERGED,float64,cuda:0
adjoint,0,292,9.836355923034751e-07,True,CONVERGED,float64,cuda:0
adjoint,1,289,9.115069497495421e-07,True,CONVERGED,float64,cuda:0
adjoint,2,289,9.451869969820996e-07,True,CONVERGED,float64,cuda:0
forward,0,276,9.646888133026676e-07,True,CONVERGED,float64,cuda:0
forward,1,303,9.205752512284015e-07,True,CONVERGED,float64,cuda:0
forward,2,302,9.904702355793693e-07,True,CONVERGED,float64,cuda:0
adjoint,0,292,9.868603758028788e-07,True,CONVERGED,float64,cuda:0
adjoint,1,289,9.06120075154632e-07,True,CONVERGED,float64,cuda:0
adjoint,2,289,9.414536295181777e-07,True,CONVERGED,float64,cuda:0
forward,0,276,9.81067985793859e-07,True,CONVERGED,float64,cuda:0
forward,1,303,9.31454905728052e-07,True,CONVERGED,float64,cuda:0
forward,2,302,9.98127390087373e-07,True,CONVERGED,float64,cuda:0
adjoint,0,292,9.726531948257382e-07,True,CONVERGED,float64,cuda:0
adjoint,1,289,9.08444362727688e-07,True,CONVERGED,float64,cuda:0
adjoint,2,289,9.438115543409121e-07,True,CONVERGED,float64,cuda:0
forward,0,276,9.8795108218257e-07,True,CONVERGED,float64,cuda:0
forward,1,303,9.324310755533246e-07,True,CONVERGED,float64,cuda:0
forward,2,303,8.59349823972753e-07,True,CONVERGED,float64,cuda:0
adjoint,0,292,9.680508447652683e-07,True,CONVERGED,float64,cuda:0
adjoint,1,289,9.068703293638775e-07,True,CONVERGED,float64,cuda:0
adjoint,2,289,9.434825581004851e-07,True,CONVERGED,float64,cuda:0
forward,0,276,9.851268043804975e-07,True,CONVERGED,float64,cuda:0
forward,1,303,9.315173573810836e-07,True,CONVERGED,float64,cuda:0
forward,2,303,8.598714319054066e-07,True,CONVERGED,float64,cuda:0
adjoint,0,292,9.656252429878515e-07,True,CONVERGED,float64,cuda:0
adjoint,1,289,9.062569017979586e-07,True,CONVERGED,float64,cuda:0
adjoint,2,289,9.43807894740769e-07,True,CONVERGED,float64,cuda:0
forward,0,276,9.82969465741302e-07,True,CONVERGED,float64,cuda:0
forward,1,303,9.315297664677067e-07,True,CONVERGED,float64,cuda:0
forward,2,303,8.576793963325324e-07,True,CONVERGED,float64,cuda:0
adjoint,0,292,9.686624998395693e-07,True,CONVERGED,float64,cuda:0
adjoint,1,289,9.04944751000674e-07,True,CONVERGED,float64,cuda:0
adjoint,2,289,9.438230518794078e-07,True,CONVERGED,float64,cuda:0
forward,0,276,9.914136122013573e-07,True,CONVERGED,float64,cuda:0
forward,1,303,9.356636010256038e-07,True,CONVERGED,float64,cuda:0
forward,2,302,9.977889525939066e-07,True,CONVERGED,float64,cuda:0
adjoint,0,292,9.757868638176563e-07,True,CONVERGED,float64,cuda:0
adjoint,1,289,9.008093832691105e-07,True,CONVERGED,float64,cuda:0
adjoint,2,289,9.417320873121685e-07,True,CONVERGED,float64,cuda:0
forward,0,277,9.187327847058975e-07,True,CONVERGED,float64,cuda:0
forward,1,303,9.403952641260634e-07,True,CONVERGED,float64,cuda:0
forward,2,302,9.969547052954788e-07,True,CONVERGED,float64,cuda:0
adjoint,0,292,9.801484471459444e-07,True,CONVERGED,float64,cuda:0
adjoint,1,289,8.964853718744363e-07,True,CONVERGED,float64,cuda:0
adjoint,2,289,9.392987306139024e-07,True,CONVERGED,float64,cuda:0
forward,0,277,9.386662590742545e-07,True,CONVERGED,float64,cuda:0
forward,1,303,9.415076338617791e-07,True,CONVERGED,float64,cuda:0
forward,2,302,9.985350665581494e-07,True,CONVERGED,float64,cuda:0
adjoint,0,292,9.802754595985556e-07,True,CONVERGED,float64,cuda:0
adjoint,1,289,8.940302276284934e-07,True,CONVERGED,float64,cuda:0
adjoint,2,289,9.392181091881426e-07,True,CONVERGED,float64,cuda:0
forward,0,277,9.543018086726578e-07,True,CONVERGED,float64,cuda:0
forward,1,303,9.412281319343802e-07,True,CONVERGED,float64,cuda:0
forward,2,303,8.556419092816459e-07,True,CONVERGED,float64,cuda:0
adjoint,0,292,9.811010110670392e-07,True,CONVERGED,float64,cuda:0
adjoint,1,289,8.935273817194042e-07,True,CONVERGED,float64,cuda:0
adjoint,2,289,9.411570364385351e-07,True,CONVERGED,float64,cuda:0
forward,0,277,9.673875522552383e-07,True,CONVERGED,float64,cuda:0
forward,1,303,9.406699881698926e-07,True,CONVERGED,float64,cuda:0
forward,2,302,9.996084688265336e-07,True,CONVERGED,float64,cuda:0
adjoint,0,292,9.898123052025985e-07,True,CONVERGED,float64,cuda:0
adjoint,1,289,8.918199304254265e-07,True,CONVERGED,float64,cuda:0
adjoint,2,289,9.40984286364473e-07,True,CONVERGED,float64,cuda:0
forward,0,277,9.710226963341626e-07,True,CONVERGED,float64,cuda:0
forward,1,303,9.402977263109624e-07,True,CONVERGED,float64,cuda:0
forward,2,302,9.96918447290865e-07,True,CONVERGED,float64,cuda:0
adjoint,0,292,9.922863434178214e-07,True,CONVERGED,float64,cuda:0
adjoint,1,289,8.891251207300662e-07,True,CONVERGED,float64,cuda:0
adjoint,2,289,9.38784097245359e-07,True,CONVERGED,float64,cuda:0
forward,0,277,9.840258209019455e-07,True,CONVERGED,float64,cuda:0
forward,1,303,9.396795584675528e-07,True,CONVERGED,float64,cuda:0
forward,2,302,9.946885630020088e-07,True,CONVERGED,float64,cuda:0
adjoint,0,292,9.913869803676586e-07,True,CONVERGED,float64,cuda:0
adjoint,1,289,8.856286873990943e-07,True,CONVERGED,float64,cuda:0
adjoint,2,289,9.360551671410032e-07,True,CONVERGED,float64,cuda:0
forward,0,277,9.901780820765866e-07,True,CONVERGED,float64,cuda:0
forward,1,303,9.391345769060456e-07,True,CONVERGED,float64,cuda:0
forward,2,302,9.961467776905826e-07,True,CONVERGED,float64,cuda:0
adjoint,0,292,9.850360486219242e-07,True,CONVERGED,float64,cuda:0
adjoint,1,289,8.85067186002201e-07,True,CONVERGED,float64,cuda:0
adjoint,2,289,9.368747602773301e-07,True,CONVERGED,float64,cuda:0
forward,0,278,9.236813756682461e-07,True,CONVERGED,float64,cuda:0
forward,1,303,9.377637154126251e-07,True,CONVERGED,float64,cuda:0
forward,2,302,9.958511798414244e-07,True,CONVERGED,float64,cuda:0
adjoint,0,292,9.849090055282204e-07,True,CONVERGED,float64,cuda:0
adjoint,1,289,8.829996027199847e-07,True,CONVERGED,float64,cuda:0
adjoint,2,289,9.380908782648026e-07,True,CONVERGED,float64,cuda:0
forward,0,278,9.310160993420005e-07,True,CONVERGED,float64,cuda:0
forward,1,303,9.364094595305294e-07,True,CONVERGED,float64,cuda:0
forward,2,302,9.967798017080577e-07,True,CONVERGED,float64,cuda:0
adjoint,0,292,9.801171133096501e-07,True,CONVERGED,float64,cuda:0
adjoint,1,289,8.855223064457088e-07,True,CONVERGED,float64,cuda:0
adjoint,2,289,9.432994688409679e-07,True,CONVERGED,float64,cuda:0
forward,0,278,9.420086684887688e-07,True,CONVERGED,float64,cuda:0
forward,1,303,9.351844670743153e-07,True,CONVERGED,float64,cuda:0
forward,2,302,9.95166064494605e-07,True,CONVERGED,float64,cuda:0
adjoint,0,292,9.833311241870801e-07,True,CONVERGED,float64,cuda:0
adjoint,1,289,8.860689722155315e-07,True,CONVERGED,float64,cuda:0
adjoint,2,289,9.448822661070708e-07,True,CONVERGED,float64,cuda:0
forward,0,278,9.442836166115922e-07,True,CONVERGED,float64,cuda:0
forward,1,303,9.343635262822477e-07,True,CONVERGED,float64,cuda:0
forward,2,302,9.939899752697593e-07,True,CONVERGED,float64,cuda:0
adjoint,0,292,9.83749594433887e-07,True,CONVERGED,float64,cuda:0
adjoint,1,289,8.873241943172243e-07,True,CONVERGED,float64,cuda:0
adjoint,2,289,9.452833814747097e-07,True,CONVERGED,float64,cuda:0
forward,0,278,9.548645841427414e-07,True,CONVERGED,float64,cuda:0
forward,1,303,9.338707760423552e-07,True,CONVERGED,float64,cuda:0
forward,2,302,9.929779359760307e-07,True,CONVERGED,float64,cuda:0
adjoint,0,292,9.866885946519989e-07,True,CONVERGED,float64,cuda:0
adjoint,1,289,8.847081881093796e-07,True,CONVERGED,float64,cuda:0
adjoint,2,289,9.42409841105212e-07,True,CONVERGED,float64,cuda:0
forward,0,278,9.605407156520497e-07,True,CONVERGED,float64,cuda:0
forward,1,303,9.33745145358284e-07,True,CONVERGED,float64,cuda:0
forward,2,302,9.94660869604324e-07,True,CONVERGED,float64,cuda:0
adjoint,0,292,9.81720309676689e-07,True,CONVERGED,float64,cuda:0
adjoint,1,289,8.854507147880165e-07,True,CONVERGED,float64,cuda:0
adjoint,2,289,9.440564962098176e-07,True,CONVERGED,float64,cuda:0
forward,0,278,9.7247283173406e-07,True,CONVERGED,float64,cuda:0
forward,1,303,9.32627594173703e-07,True,CONVERGED,float64,cuda:0
forward,2,302,9.96061378726753e-07,True,CONVERGED,float64,cuda:0
adjoint,0,292,9.77423333634574e-07,True,CONVERGED,float64,cuda:0
adjoint,1,289,8.866065283825949e-07,True,CONVERGED,float64,cuda:0
adjoint,2,289,9.48247860830032e-07,True,CONVERGED,float64,cuda:0
forward,0,278,9.79448605201197e-07,True,CONVERGED,float64,cuda:0
forward,1,303,9.309746202779363e-07,True,CONVERGED,float64,cuda:0
forward,2,302,9.954416841001816e-07,True,CONVERGED,float64,cuda:0
adjoint,0,292,9.760051345813423e-07,True,CONVERGED,float64,cuda:0
adjoint,1,289,8.907515991355866e-07,True,CONVERGED,float64,cuda:0
adjoint,2,289,9.54516418611613e-07,True,CONVERGED,float64,cuda:0
forward,0,278,9.810573747098928e-07,True,CONVERGED,float64,cuda:0
forward,1,303,9.295781675238711e-07,True,CONVERGED,float64,cuda:0
forward,2,302,9.952645961801662e-07,True,CONVERGED,float64,cuda:0
adjoint,0,292,9.71828905192742e-07,True,CONVERGED,float64,cuda:0
adjoint,1,289,8.963665798900365e-07,True,CONVERGED,float64,cuda:0
adjoint,2,289,9.608948028638423e-07,True,CONVERGED,float64,cuda:0
forward,0,278,9.934886532240598e-07,True,CONVERGED,float64,cuda:0
forward,1,303,9.285192758431715e-07,True,CONVERGED,float64,cuda:0
forward,2,302,9.9296576145592e-07,True,CONVERGED,float64,cuda:0
adjoint,0,292,9.77996047271503e-07,True,CONVERGED,float64,cuda:0
adjoint,1,289,8.95429236967514e-07,True,CONVERGED,float64,cuda:0
adjoint,2,289,9.589092450972447e-07,True,CONVERGED,float64,cuda:0
forward,0,279,9.55768177224721e-07,True,CONVERGED,float64,cuda:0
forward,1,303,9.282092836949969e-07,True,CONVERGED,float64,cuda:0
forward,2,302,9.922845088213877e-07,True,CONVERGED,float64,cuda:0
adjoint,0,292,9.786236330334655e-07,True,CONVERGED,float64,cuda:0
adjoint,1,289,8.956882287206139e-07,True,CONVERGED,float64,cuda:0
adjoint,2,289,9.57156018238387e-07,True,CONVERGED,float64,cuda:0
forward,0,279,9.610560356508744e-07,True,CONVERGED,float64,cuda:0
forward,1,303,9.27523467203828e-07,True,CONVERGED,float64,cuda:0
forward,2,302,9.934167082340883e-07,True,CONVERGED,float64,cuda:0
adjoint,0,292,9.741710224723088e-07,True,CONVERGED,float64,cuda:0
adjoint,1,289,8.969215941108548e-07,True,CONVERGED,float64,cuda:0
adjoint,2,289,9.602723437380913e-07,True,CONVERGED,float64,cuda:0
forward,0,279,9.70716232831977e-07,True,CONVERGED,float64,cuda:0
forward,1,303,9.263375504856995e-07,True,CONVERGED,float64,cuda:0
forward,2,302,9.934758134782652e-07,True,CONVERGED,float64,cuda:0
adjoint,0,292,9.712061515499868e-07,True,CONVERGED,float64,cuda:0
adjoint,1,289,9.004859718417204e-07,True,CONVERGED,float64,cuda:0
adjoint,2,289,9.66015016085661e-07,True,CONVERGED,float64,cuda:0
forward,0,279,9.77575403414574e-07,True,CONVERGED,float64,cuda:0
forward,1,303,9.251567847741186e-07,True,CONVERGED,float64,cuda:0
forward,2,302,9.93355565465736e-07,True,CONVERGED,float64,cuda:0
adjoint,0,292,9.682492438555091e-07,True,CONVERGED,float64,cuda:0
adjoint,1,289,9.046334930809795e-07,True,CONVERGED,float64,cuda:0
adjoint,2,289,9.724646082201235e-07,True,CONVERGED,float64,cuda:0
forward,0,279,9.864186141592775e-07,True,CONVERGED,float64,cuda:0
forward,1,303,9.237112508247607e-07,True,CONVERGED,float64,cuda:0
forward,2,302,9.92198467039035e-07,True,CONVERGED,float64,cuda:0
adjoint,0,292,9.682128698953004e-07,True,CONVERGED,float64,cuda:0
adjoint,1,289,9.078611625811493e-07,True,CONVERGED,float64,cuda:0
adjoint,2,289,9.76414125768128e-07,True,CONVERGED,float64,cuda:0
forward,0,279,9.945595778172923e-07,True,CONVERGED,float64,cuda:0
forward,1,303,9.230461873801732e-07,True,CONVERGED,float64,cuda:0
forward,2,302,9.91312608944855e-07,True,CONVERGED,float64,cuda:0
adjoint,0,292,9.721781656312253e-07,True,CONVERGED,float64,cuda:0
adjoint,1,289,9.100641461100882e-07,True,CONVERGED,float64,cuda:0
adjoint,2,289,9.775593139187746e-07,True,CONVERGED,float64,cuda:0
forward,0,280,9.38385571435878e-07,True,CONVERGED,float64,cuda:0
forward,1,303,9.220585417748251e-07,True,CONVERGED,float64,cuda:0
forward,2,302,9.905881932577252e-07,True,CONVERGED,float64,cuda:0
adjoint,0,292,9.740063142405838e-07,True,CONVERGED,float64,cuda:0
adjoint,1,289,9.135293698176148e-07,True,CONVERGED,float64,cuda:0
adjoint,2,289,9.808035133860083e-07,True,CONVERGED,float64,cuda:0
forward,0,280,9.446044220134223e-07,True,CONVERGED,float64,cuda:0
forward,1,303,9.213371880539003e-07,True,CONVERGED,float64,cuda:0
forward,2,302,9.89681148501694e-07,True,CONVERGED,float64,cuda:0
adjoint,0,292,9.782407297532461e-07,True,CONVERGED,float64,cuda:0
adjoint,1,289,9.152737708387111e-07,True,CONVERGED,float64,cuda:0
adjoint,2,289,9.821650828402415e-07,True,CONVERGED,float64,cuda:0
forward,0,280,9.524820472886524e-07,True,CONVERGED,float64,cuda:0
forward,1,303,9.200062355816458e-07,True,CONVERGED,float64,cuda:0
forward,2,302,9.88551636793678e-07,True,CONVERGED,float64,cuda:0
adjoint,0,292,9.809087645206955e-07,True,CONVERGED,float64,cuda:0
adjoint,1,289,9.210107690561613e-07,True,CONVERGED,float64,cuda:0
adjoint,2,289,9.890256796982627e-07,True,CONVERGED,float64,cuda:0
forward,0,280,9.610307922523714e-07,True,CONVERGED,float64,cuda:0
forward,1,303,9.191563342499097e-07,True,CONVERGED,float64,cuda:0
forward,2,302,9.885898917528541e-07,True,CONVERGED,float64,cuda:0
adjoint,0,292,9.803232901544723e-07,True,CONVERGED,float64,cuda:0
adjoint,1,289,9.276187150679741e-07,True,CONVERGED,float64,cuda:0
adjoint,2,289,9.985200205349789e-07,True,CONVERGED,float64,cuda:0
forward,0,280,9.67144085291517e-07,True,CONVERGED,float64,cuda:0
forward,1,303,9.185485277802791e-07,True,CONVERGED,float64,cuda:0
forward,2,302,9.876833744739837e-07,True,CONVERGED,float64,cuda:0
adjoint,0,292,9.785774801951453e-07,True,CONVERGED,float64,cuda:0
adjoint,1,289,9.311739679051277e-07,True,CONVERGED,float64,cuda:0
adjoint,2,290,8.616704565016663e-07,True,CONVERGED,float64,cuda:0
forward,0,280,9.747431795383208e-07,True,CONVERGED,float64,cuda:0
forward,1,303,9.179585044434167e-07,True,CONVERGED,float64,cuda:0
forward,2,302,9.873788478613892e-07,True,CONVERGED,float64,cuda:0
adjoint,0,292,9.770873434584999e-07,True,CONVERGED,float64,cuda:0
adjoint,1,289,9.351581840930567e-07,True,CONVERGED,float64,cuda:0
adjoint,2,290,8.666732615612226e-07,True,CONVERGED,float64,cuda:0
forward,0,280,9.815505237474691e-07,True,CONVERGED,float64,cuda:0
forward,1,303,9.172401778319126e-07,True,CONVERGED,float64,cuda:0
forward,2,302,9.867355096389366e-07,True,CONVERGED,float64,cuda:0
adjoint,0,292,9.750386332557513e-07,True,CONVERGED,float64,cuda:0
adjoint,1,289,9.401874690855239e-07,True,CONVERGED,float64,cuda:0
adjoint,2,290,8.71193537702451e-07,True,CONVERGED,float64,cuda:0
forward,0,280,9.842616544928513e-07,True,CONVERGED,float64,cuda:0
forward,1,303,9.162692211441106e-07,True,CONVERGED,float64,cuda:0
forward,2,302,9.859166435269336e-07,True,CONVERGED,float64,cuda:0
adjoint,0,292,9.714530427873805e-07,True,CONVERGED,float64,cuda:0
adjoint,1,289,9.455934371059211e-07,True,CONVERGED,float64,cuda:0
adjoint,2,290,8.778242868714108e-07,True,CONVERGED,float64,cuda:0
forward,0,280,9.911702613713428e-07,True,CONVERGED,float64,cuda:0
forward,1,303,9.155444509225272e-07,True,CONVERGED,float64,cuda:0
forward,2,302,9.848539470518092e-07,True,CONVERGED,float64,cuda:0
adjoint,0,292,9.681021007054966e-07,True,CONVERGED,float64,cuda:0
adjoint,1,289,9.51349423535872e-07,True,CONVERGED,float64,cuda:0
adjoint,2,290,8.848985241460329e-07,True,CONVERGED,float64,cuda:0
forward,0,280,9.976373222516817e-07,True,CONVERGED,float64,cuda:0
forward,1,303,9.152775049243135e-07,True,CONVERGED,float64,cuda:0
forward,2,302,9.853154593064065e-07,True,CONVERGED,float64,cuda:0
adjoint,0,292,9.567229256769465e-07,True,CONVERGED,float64,cuda:0
adjoint,1,289,9.57666198347598e-07,True,CONVERGED,float64,cuda:0
adjoint,2,290,8.968727317333478e-07,True,CONVERGED,float64,cuda:0
forward,0,281,9.744616981155619e-07,True,CONVERGED,float64,cuda:0
forward,1,303,9.147290348059606e-07,True,CONVERGED,float64,cuda:0
forward,2,302,9.844687280984027e-07,True,CONVERGED,float64,cuda:0
adjoint,0,292,9.531072317672009e-07,True,CONVERGED,float64,cuda:0
adjoint,1,289,9.624660933764922e-07,True,CONVERGED,float64,cuda:0
adjoint,2,290,9.042026905196375e-07,True,CONVERGED,float64,cuda:0
forward,0,281,9.895999709157215e-07,True,CONVERGED,float64,cuda:0
forward,1,303,9.135193253216144e-07,True,CONVERGED,float64,cuda:0
forward,2,302,9.826597269515578e-07,True,CONVERGED,float64,cuda:0
adjoint,0,292,9.53693328173917e-07,True,CONVERGED,float64,cuda:0
adjoint,1,289,9.687833151147398e-07,True,CONVERGED,float64,cuda:0
adjoint,2,290,9.109647037551056e-07,True,CONVERGED,float64,cuda:0
forward,0,282,8.790775694566505e-07,True,CONVERGED,float64,cuda:0
forward,1,303,9.121364711120935e-07,True,CONVERGED,float64,cuda:0
forward,2,302,9.806924537085852e-07,True,CONVERGED,float64,cuda:0
adjoint,0,292,9.517630125266905e-07,True,CONVERGED,float64,cuda:0
adjoint,1,289,9.758306024111823e-07,True,CONVERGED,float64,cuda:0
adjoint,2,290,9.183255930337351e-07,True,CONVERGED,float64,cuda:0
forward,0,282,8.786411237052912e-07,True,CONVERGED,float64,cuda:0
forward,1,303,9.112723674988029e-07,True,CONVERGED,float64,cuda:0
forward,2,302,9.796273800972948e-07,True,CONVERGED,float64,cuda:0
adjoint,0,292,9.493284998610234e-07,True,CONVERGED,float64,cuda:0
adjoint,1,289,9.823704435902445e-07,True,CONVERGED,float64,cuda:0
adjoint,2,290,9.278803973562106e-07,True,CONVERGED,float64,cuda:0
forward,0,282,8.85801348745012e-07,True,CONVERGED,float64,cuda:0
forward,1,303,9.108899469721272e-07,True,CONVERGED,float64,cuda:0
forward,2,302,9.796538613348602e-07,True,CONVERGED,float64,cuda:0
adjoint,0,291,9.99204763355513e-07,True,CONVERGED,float64,cuda:0
adjoint,1,289,9.864701833223775e-07,True,CONVERGED,float64,cuda:0
adjoint,2,290,9.379101210788009e-07,True,CONVERGED,float64,cuda:0
forward,0,282,8.807701995831087e-07,True,CONVERGED,float64,cuda:0
forward,1,303,9.103989341142448e-07,True,CONVERGED,float64,cuda:0
forward,2,302,9.780158675117301e-07,True,CONVERGED,float64,cuda:0
adjoint,0,291,9.979187408438932e-07,True,CONVERGED,float64,cuda:0
adjoint,1,289,9.923725137917104e-07,True,CONVERGED,float64,cuda:0
adjoint,2,290,9.448573560106858e-07,True,CONVERGED,float64,cuda:0
forward,0,282,8.81169731884273e-07,True,CONVERGED,float64,cuda:0
forward,1,303,9.087976773807272e-07,True,CONVERGED,float64,cuda:0
forward,2,302,9.764210689999227e-07,True,CONVERGED,float64,cuda:0
adjoint,0,291,9.934449734073787e-07,True,CONVERGED,float64,cuda:0
adjoint,1,289,9.985359694266939e-07,True,CONVERGED,float64,cuda:0
adjoint,2,290,9.564867808694814e-07,True,CONVERGED,float64,cuda:0
forward,0,282,8.661500298716532e-07,True,CONVERGED,float64,cuda:0
forward,1,303,9.070207330386596e-07,True,CONVERGED,float64,cuda:0
forward,2,302,9.738525588502421e-07,True,CONVERGED,float64,cuda:0
adjoint,0,291,9.936956869895432e-07,True,CONVERGED,float64,cuda:0
adjoint,1,290,8.643492069107106e-07,True,CONVERGED,float64,cuda:0
adjoint,2,290,9.643315915673596e-07,True,CONVERGED,float64,cuda:0
forward,0,281,9.930478555080033e-07,True,CONVERGED,float64,cuda:0
forward,1,303,9.054790417624027e-07,True,CONVERGED,float64,cuda:0
forward,2,302,9.713702153798712e-07,True,CONVERGED,float64,cuda:0
adjoint,0,291,9.929220954987748e-07,True,CONVERGED,float64,cuda:0
adjoint,1,290,8.744368299835585e-07,True,CONVERGED,float64,cuda:0
adjoint,2,290,9.749392342560246e-07,True,CONVERGED,float64,cuda:0
forward,0,281,9.947537679842776e-07,True,CONVERGED,float64,cuda:0
forward,1,303,9.044481505006376e-07,True,CONVERGED,float64,cuda:0
forward,2,302,9.70091279370251e-07,True,CONVERGED,float64,cuda:0
adjoint,0,291,9.867993581664509e-07,True,CONVERGED,float64,cuda:0
adjoint,1,290,8.817728588653495e-07,True,CONVERGED,float64,cuda:0
adjoint,2,290,9.8635009797136e-07,True,CONVERGED,float64,cuda:0
forward,0,281,9.94948442712977e-07,True,CONVERGED,float64,cuda:0
forward,1,303,9.035679457407126e-07,True,CONVERGED,float64,cuda:0
forward,2,302,9.685797809275604e-07,True,CONVERGED,float64,cuda:0
adjoint,0,291,9.825845952191597e-07,True,CONVERGED,float64,cuda:0
adjoint,1,290,8.907439992028547e-07,True,CONVERGED,float64,cuda:0
adjoint,2,290,9.966993483383542e-07,True,CONVERGED,float64,cuda:0
forward,0,281,9.90193924911825e-07,True,CONVERGED,float64,cuda:0
forward,1,303,9.026601673469343e-07,True,CONVERGED,float64,cuda:0
forward,2,302,9.664126191920617e-07,True,CONVERGED,float64,cuda:0
adjoint,0,290,9.999387085586684e-07,True,CONVERGED,float64,cuda:0
adjoint,1,290,9.024705249660767e-07,True,CONVERGED,float64,cuda:0
adjoint,2,291,8.995901038027067e-07,True,CONVERGED,float64,cuda:0
forward,0,281,9.871154117213982e-07,True,CONVERGED,float64,cuda:0
forward,1,303,9.012153330077534e-07,True,CONVERGED,float64,cuda:0
forward,2,302,9.644910297016893e-07,True,CONVERGED,float64,cuda:0
adjoint,0,290,9.940913623071807e-07,True,CONVERGED,float64,cuda:0
adjoint,1,290,9.129221872367003e-07,True,CONVERGED,float64,cuda:0
adjoint,2,291,9.104503642212047e-07,True,CONVERGED,float64,cuda:0
forward,0,281,9.829381273157826e-07,True,CONVERGED,float64,cuda:0
forward,1,303,8.998426668992707e-07,True,CONVERGED,float64,cuda:0
forward,2,302,9.628052444241743e-07,True,CONVERGED,float64,cuda:0
adjoint,0,290,9.885212990760966e-07,True,CONVERGED,float64,cuda:0
adjoint,1,290,9.236904229879992e-07,True,CONVERGED,float64,cuda:0
adjoint,2,291,9.22064450561191e-07,True,CONVERGED,float64,cuda:0
forward,0,281,9.802375846982077e-07,True,CONVERGED,float64,cuda:0
forward,1,303,8.98655018153044e-07,True,CONVERGED,float64,cuda:0
forward,2,302,9.612765877129109e-07,True,CONVERGED,float64,cuda:0
adjoint,0,290,9.823886928642823e-07,True,CONVERGED,float64,cuda:0
adjoint,1,290,9.360701852635148e-07,True,CONVERGED,float64,cuda:0
adjoint,2,291,9.320330094107552e-07,True,CONVERGED,float64,cuda:0
forward,0,281,9.759509071802937e-07,True,CONVERGED,float64,cuda:0
forward,1,303,8.969692939147774e-07,True,CONVERGED,float64,cuda:0
forward,2,302,9.587277776808573e-07,True,CONVERGED,float64,cuda:0
adjoint,0,290,9.7460674109161e-07,True,CONVERGED,float64,cuda:0
adjoint,1,290,9.51140719226783e-07,True,CONVERGED,float64,cuda:0
adjoint,2,291,9.44844644856641e-07,True,CONVERGED,float64,cuda:0
forward,0,281,9.677037519372238e-07,True,CONVERGED,float64,cuda:0
forward,1,303,8.95026872484913e-07,True,CONVERGED,float64,cuda:0
forward,2,302,9.566103383189084e-07,True,CONVERGED,float64,cuda:0
adjoint,0,290,9.645270942870773e-07,True,CONVERGED,float64,cuda:0
adjoint,1,290,9.648330649726098e-07,True,CONVERGED,float64,cuda:0
adjoint,2,291,9.594813869272958e-07,True,CONVERGED,float64,cuda:0
forward,0,280,9.96290434241642e-07,True,CONVERGED,float64,cuda:0
forward,1,303,8.932579517444499e-07,True,CONVERGED,float64,cuda:0
forward,2,302,9.548672006668394e-07,True,CONVERGED,float64,cuda:0
adjoint,0,290,9.563363554967604e-07,True,CONVERGED,float64,cuda:0
adjoint,1,290,9.776129200367219e-07,True,CONVERGED,float64,cuda:0
adjoint,2,291,9.712535262947004e-07,True,CONVERGED,float64,cuda:0
forward,0,280,9.859570932939527e-07,True,CONVERGED,float64,cuda:0
forward,1,303,8.907003683013836e-07,True,CONVERGED,float64,cuda:0
forward,2,302,9.522898779266392e-07,True,CONVERGED,float64,cuda:0
adjoint,0,290,9.492339273030197e-07,True,CONVERGED,float64,cuda:0
adjoint,1,290,9.95621984235451e-07,True,CONVERGED,float64,cuda:0
adjoint,2,291,9.836129616960833e-07,True,CONVERGED,float64,cuda:0
forward,0,280,9.710013485072206e-07,True,CONVERGED,float64,cuda:0
forward,1,303,8.867178998770614e-07,True,CONVERGED,float64,cuda:0
forward,2,302,9.478679998805637e-07,True,CONVERGED,float64,cuda:0
adjoint,0,290,9.402250575812108e-07,True,CONVERGED,float64,cuda:0
adjoint,1,291,9.279931154962934e-07,True,CONVERGED,float64,cuda:0
adjoint,2,291,9.987546873460654e-07,True,CONVERGED,float64,cuda:0
forward,0,280,9.537203420384942e-07,True,CONVERGED,float64,cuda:0
forward,1,303,8.819829319778708e-07,True,CONVERGED,float64,cuda:0
forward,2,302,9.439464557490949e-07,True,CONVERGED,float64,cuda:0
adjoint,0,289,9.906032517188986e-07,True,CONVERGED,float64,cuda:0
adjoint,1,291,9.441617446945479e-07,True,CONVERGED,float64,cuda:0
adjoint,2,292,9.348746575087857e-07,True,CONVERGED,float64,cuda:0
forward,0,280,9.403489245202026e-07,True,CONVERGED,float64,cuda:0
forward,1,303,8.768622251853158e-07,True,CONVERGED,float64,cuda:0
forward,2,302,9.390741193629177e-07,True,CONVERGED,float64,cuda:0
adjoint,0,289,9.736007329709257e-07,True,CONVERGED,float64,cuda:0
adjoint,1,291,9.62147203666089e-07,True,CONVERGED,float64,cuda:0
adjoint,2,292,9.528003410142951e-07,True,CONVERGED,float64,cuda:0
forward,0,279,9.849159760115912e-07,True,CONVERGED,float64,cuda:0
forward,1,303,8.718123677846417e-07,True,CONVERGED,float64,cuda:0
forward,2,302,9.353466060758761e-07,True,CONVERGED,float64,cuda:0
adjoint,0,289,9.50872146878188e-07,True,CONVERGED,float64,cuda:0
adjoint,1,291,9.767429586039795e-07,True,CONVERGED,float64,cuda:0
adjoint,2,292,9.772351813002852e-07,True,CONVERGED,float64,cuda:0
forward,0,276,9.730192346467174e-07,True,CONVERGED,float64,cuda:0
forward,1,303,8.646027490925111e-07,True,CONVERGED,float64,cuda:0
forward,2,302,9.297047336362522e-07,True,CONVERGED,float64,cuda:0
adjoint,0,289,9.242240404472052e-07,True,CONVERGED,float64,cuda:0
adjoint,1,291,9.91648890371195e-07,True,CONVERGED,float64,cuda:0
adjoint,2,293,9.821812508100545e-07,True,CONVERGED,float64,cuda:0
forward,0,274,9.782768094204477e-07,True,CONVERGED,float64,cuda:0
forward,1,302,9.99621415770501e-07,True,CONVERGED,float64,cuda:0
forward,2,302,9.225059047745324e-07,True,CONVERGED,float64,cuda:0
adjoint,0,289,8.914638694516299e-07,True,CONVERGED,float64,cuda:0
adjoint,1,292,9.233358061110894e-07,True,CONVERGED,float64,cuda:0
adjoint,2,300,9.416204439290632e-07,True,CONVERGED,float64,cuda:0
forward,0,273,9.968359052535475e-07,True,CONVERGED,float64,cuda:0
forward,1,302,9.858069842646155e-07,True,CONVERGED,float64,cuda:0
forward,2,302,9.132442385039851e-07,True,CONVERGED,float64,cuda:0
adjoint,0,288,9.621216181651987e-07,True,CONVERGED,float64,cuda:0
adjoint,1,292,9.254460297730063e-07,True,CONVERGED,float64,cuda:0
adjoint,2,300,9.60190953401221e-07,True,CONVERGED,float64,cuda:0
forward,0,273,9.170958090805753e-07,True,CONVERGED,float64,cuda:0
forward,1,302,9.700618693956803e-07,True,CONVERGED,float64,cuda:0
forward,2,302,9.04845533065317e-07,True,CONVERGED,float64,cuda:0
adjoint,0,288,9.073473533891198e-07,True,CONVERGED,float64,cuda:0
adjoint,1,292,9.198202444553586e-07,True,CONVERGED,float64,cuda:0
adjoint,2,300,9.61675280842972e-07,True,CONVERGED,float64,cuda:0
forward,0,273,9.037658497738264e-07,True,CONVERGED,float64,cuda:0
forward,1,302,9.532610415866467e-07,True,CONVERGED,float64,cuda:0
forward,2,302,8.995150023399305e-07,True,CONVERGED,float64,cuda:0
adjoint,0,287,9.414638221602899e-07,True,CONVERGED,float64,cuda:0
adjoint,1,292,9.108478642016011e-07,True,CONVERGED,float64,cuda:0
adjoint,2,300,9.509613430785897e-07,True,CONVERGED,float64,cuda:0
forward,0,273,9.297771573055028e-07,True,CONVERGED,float64,cuda:0
forward,1,302,9.362123493526796e-07,True,CONVERGED,float64,cuda:0
forward,2,302,8.971046171999812e-07,True,CONVERGED,float64,cuda:0
adjoint,0,286,9.930839626530464e-07,True,CONVERGED,float64,cuda:0
adjoint,1,291,9.927026817154522e-07,True,CONVERGED,float64,cuda:0
adjoint,2,300,9.64045799003011e-07,True,CONVERGED,float64,cuda:0
forward,0,273,9.752472085201368e-07,True,CONVERGED,float64,cuda:0
forward,1,302,9.223474895228966e-07,True,CONVERGED,float64,cuda:0
forward,2,302,8.97455454495524e-07,True,CONVERGED,float64,cuda:0
adjoint,0,286,9.515108041175652e-07,True,CONVERGED,float64,cuda:0
adjoint,1,291,9.880170599908704e-07,True,CONVERGED,float64,cuda:0
adjoint,2,300,9.895930929427967e-07,True,CONVERGED,float64,cuda:0
forward,0,274,8.459555623256767e-07,True,CONVERGED,float64,cuda:0
forward,1,302,9.135527872208262e-07,True,CONVERGED,float64,cuda:0
forward,2,302,9.007394635886695e-07,True,CONVERGED,float64,cuda:0
adjoint,0,285,9.822721158434886e-07,True,CONVERGED,float64,cuda:0
adjoint,1,291,9.868865802855632e-07,True,CONVERGED,float64,cuda:0
adjoint,2,300,9.967996873372254e-07,True,CONVERGED,float64,cuda:0
forward,0,274,8.501697975114603e-07,True,CONVERGED,float64,cuda:0
forward,1,302,9.075147937654399e-07,True,CONVERGED,float64,cuda:0
forward,2,302,9.040975299540672e-07,True,CONVERGED,float64,cuda:0
adjoint,0,285,9.590637079378565e-07,True,CONVERGED,float64,cuda:0
adjoint,1,291,9.874429442977873e-07,True,CONVERGED,float64,cuda:0
adjoint,2,300,9.87139528702036e-07,True,CONVERGED,float64,cuda:0
forward,0,273,9.871596537350898e-07,True,CONVERGED,float64,cuda:0
forward,1,302,9.033564171854044e-07,True,CONVERGED,float64,cuda:0
forward,2,302,9.048104929557556e-07,True,CONVERGED,float64,cuda:0
adjoint,0,285,9.37528811680167e-07,True,CONVERGED,float64,cuda:0
adjoint,1,291,9.921890584375536e-07,True,CONVERGED,float64,cuda:0
adjoint,2,300,9.690484841285428e-07,True,CONVERGED,float64,cuda:0
forward,0,274,8.797433086246702e-07,True,CONVERGED,float64,cuda:0
forward,1,302,9.0223330930978e-07,True,CONVERGED,float64,cuda:0
forward,2,302,9.01414271499298e-07,True,CONVERGED,float64,cuda:0
adjoint,0,285,9.155048647450864e-07,True,CONVERGED,float64,cuda:0
adjoint,1,291,9.992451732227533e-07,True,CONVERGED,float64,cuda:0
adjoint,2,291,9.953788243471002e-07,True,CONVERGED,float64,cuda:0
forward,0,274,9.207754298391173e-07,True,CONVERGED,float64,cuda:0
forward,1,302,9.051901019037267e-07,True,CONVERGED,float64,cuda:0
forward,2,302,8.962382990031946e-07,True,CONVERGED,float64,cuda:0
adjoint,0,284,9.98588328617002e-07,True,CONVERGED,float64,cuda:0
adjoint,1,292,9.331620211283545e-07,True,CONVERGED,float64,cuda:0
adjoint,2,290,9.992436066294576e-07,True,CONVERGED,float64,cuda:0
forward,0,274,9.312751608815737e-07,True,CONVERGED,float64,cuda:0
forward,1,302,9.121782265494848e-07,True,CONVERGED,float64,cuda:0
forward,2,302,8.98209010471774e-07,True,CONVERGED,float64,cuda:0
adjoint,0,284,9.964907088341312e-07,True,CONVERGED,float64,cuda:0
adjoint,1,292,9.4622812820278e-07,True,CONVERGED,float64,cuda:0
adjoint,2,290,9.202109717898258e-07,True,CONVERGED,float64,cuda:0
forward,0,274,9.426419858008621e-07,True,CONVERGED,float64,cuda:0
forward,1,302,9.180508369134782e-07,True,CONVERGED,float64,cuda:0
forward,2,302,9.038509495825107e-07,True,CONVERGED,float64,cuda:0
adjoint,0,284,9.772639266847744e-07,True,CONVERGED,float64,cuda:0
adjoint,1,292,9.532471230226076e-07,True,CONVERGED,float64,cuda:0
adjoint,2,289,9.90726584621303e-07,True,CONVERGED,float64,cuda:0
forward,0,274,9.430928577006853e-07,True,CONVERGED,float64,cuda:0
forward,1,302,9.231059124692818e-07,True,CONVERGED,float64,cuda:0
forward,2,302,9.058927831432243e-07,True,CONVERGED,float64,cuda:0
adjoint,0,284,9.966366415306451e-07,True,CONVERGED,float64,cuda:0
adjoint,1,292,9.629540462253077e-07,True,CONVERGED,float64,cuda:0
adjoint,2,289,9.705507919933439e-07,True,CONVERGED,float64,cuda:0
forward,0,274,9.258735091824667e-07,True,CONVERGED,float64,cuda:0
forward,1,302,9.269114341609362e-07,True,CONVERGED,float64,cuda:0
forward,2,302,9.107713684432027e-07,True,CONVERGED,float64,cuda:0
adjoint,0,284,9.824072348597769e-07,True,CONVERGED,float64,cuda:0
adjoint,1,292,9.683998584923924e-07,True,CONVERGED,float64,cuda:0
adjoint,2,289,9.781884244036442e-07,True,CONVERGED,float64,cuda:0
forward,0,274,9.002055629314458e-07,True,CONVERGED,float64,cuda:0
forward,1,302,9.300288826188126e-07,True,CONVERGED,float64,cuda:0
forward,2,302,9.189544710146615e-07,True,CONVERGED,float64,cuda:0
adjoint,0,284,9.56580322927009e-07,True,CONVERGED,float64,cuda:0
adjoint,1,292,9.669665009259574e-07,True,CONVERGED,float64,cuda:0
adjoint,2,289,9.838636911121248e-07,True,CONVERGED,float64,cuda:0
forward,0,274,8.678138888219123e-07,True,CONVERGED,float64,cuda:0
forward,1,302,9.290224310653524e-07,True,CONVERGED,float64,cuda:0
forward,2,302,9.227203048164248e-07,True,CONVERGED,float64,cuda:0
adjoint,0,284,9.454030025646664e-07,True,CONVERGED,float64,cuda:0
adjoint,1,292,9.632230984691191e-07,True,CONVERGED,float64,cuda:0
adjoint,2,290,8.978085570959404e-07,True,CONVERGED,float64,cuda:0
forward,0,274,8.384557176501318e-07,True,CONVERGED,float64,cuda:0
forward,1,302,9.263569700118723e-07,True,CONVERGED,float64,cuda:0
forward,2,302,9.22392384639751e-07,True,CONVERGED,float64,cuda:0
adjoint,0,284,9.486065921038604e-07,True,CONVERGED,float64,cuda:0
adjoint,1,292,9.643540369625366e-07,True,CONVERGED,float64,cuda:0
adjoint,2,290,9.55995373276493e-07,True,CONVERGED,float64,cuda:0
forward,0,273,9.814717032617537e-07,True,CONVERGED,float64,cuda:0
forward,1,302,9.18763686859208e-07,True,CONVERGED,float64,cuda:0
forward,2,302,9.179016809807972e-07,True,CONVERGED,float64,cuda:0
adjoint,0,284,9.641552796108328e-07,True,CONVERGED,float64,cuda:0
adjoint,1,292,9.75454241906475e-07,True,CONVERGED,float64,cuda:0
adjoint,2,291,9.981711439107729e-07,True,CONVERGED,float64,cuda:0
forward,0,273,9.538684747505325e-07,True,CONVERGED,float64,cuda:0
forward,1,302,9.09266274917859e-07,True,CONVERGED,float64,cuda:0
forward,2,302,9.104028819526737e-07,True,CONVERGED,float64,cuda:0
adjoint,0,284,9.778836794831425e-07,True,CONVERGED,float64,cuda:0
adjoint,1,292,9.852176492676854e-07,True,CONVERGED,float64,cuda:0
adjoint,2,301,9.318006524917385e-07,True,CONVERGED,float64,cuda:0
forward,0,273,9.234771224610582e-07,True,CONVERGED,float64,cuda:0
forward,1,302,9.022630157903269e-07,True,CONVERGED,float64,cuda:0
forward,2,302,9.036693087096989e-07,True,CONVERGED,float64,cuda:0
adjoint,0,284,9.876808155906842e-07,True,CONVERGED,float64,cuda:0
adjoint,1,292,9.820219313527199e-07,True,CONVERGED,float64,cuda:0
adjoint,2,301,9.525346563553237e-07,True,CONVERGED,float64,cuda:0
forward,0,273,8.985298998542818e-07,True,CONVERGED,float64,cuda:0
forward,1,302,8.944249997019729e-07,True,CONVERGED,float64,cuda:0
forward,2,302,8.999490148642186e-07,True,CONVERGED,float64,cuda:0
adjoint,0,284,9.948328945716448e-07,True,CONVERGED,float64,cuda:0
adjoint,1,292,9.76192440786307e-07,True,CONVERGED,float64,cuda:0
adjoint,2,301,9.682916939537364e-07,True,CONVERGED,float64,cuda:0
forward,0,273,8.769520147816076e-07,True,CONVERGED,float64,cuda:0
forward,1,302,8.866551291403927e-07,True,CONVERGED,float64,cuda:0
forward,2,302,8.984169573291544e-07,True,CONVERGED,float64,cuda:0
adjoint,0,285,9.189585966762661e-07,True,CONVERGED,float64,cuda:0
adjoint,1,291,9.902700339510315e-07,True,CONVERGED,float64,cuda:0
adjoint,2,301,9.810218457361436e-07,True,CONVERGED,float64,cuda:0
forward,0,273,8.49258066270646e-07,True,CONVERGED,float64,cuda:0
forward,1,302,8.768203706139468e-07,True,CONVERGED,float64,cuda:0
forward,2,302,8.855773083258066e-07,True,CONVERGED,float64,cuda:0
adjoint,0,285,9.208529302866248e-07,True,CONVERGED,float64,cuda:0
adjoint,1,291,9.602478024317154e-07,True,CONVERGED,float64,cuda:0
adjoint,2,301,9.885678251839656e-07,True,CONVERGED,float64,cuda:0
forward,0,272,9.510348504197499e-07,True,CONVERGED,float64,cuda:0
forward,1,302,8.701640311224785e-07,True,CONVERGED,float64,cuda:0
forward,2,302,8.826405682469099e-07,True,CONVERGED,float64,cuda:0
adjoint,0,284,9.991124274957806e-07,True,CONVERGED,float64,cuda:0
adjoint,1,290,9.601349398079785e-07,True,CONVERGED,float64,cuda:0
adjoint,2,301,9.875774715313863e-07,True,CONVERGED,float64,cuda:0
forward,0,272,9.857060124990084e-07,True,CONVERGED,float64,cuda:0
forward,1,302,8.625884347192717e-07,True,CONVERGED,float64,cuda:0
forward,2,302,8.779114847782712e-07,True,CONVERGED,float64,cuda:0
adjoint,0,284,9.955252892870592e-07,True,CONVERGED,float64,cuda:0
adjoint,1,289,9.158264304996928e-07,True,CONVERGED,float64,cuda:0
adjoint,2,301,9.857352243021428e-07,True,CONVERGED,float64,cuda:0
forward,0,274,9.594304080931546e-07,True,CONVERGED,float64,cuda:0
forward,1,301,9.85013136515149e-07,True,CONVERGED,float64,cuda:0
forward,2,301,9.566931861933953e-07,True,CONVERGED,float64,cuda:0
adjoint,0,285,9.222233145353111e-07,True,CONVERGED,float64,cuda:0
adjoint,1,287,9.994025379813094e-07,True,CONVERGED,float64,cuda:0
adjoint,2,301,9.806490040952837e-07,True,CONVERGED,float64,cuda:0
forward,0,274,9.931556865283246e-07,True,CONVERGED,float64,cuda:0
forward,1,301,9.652124114573894e-07,True,CONVERGED,float64,cuda:0
forward,2,301,9.07675242268908e-07,True,CONVERGED,float64,cuda:0
adjoint,0,285,9.873777777553306e-07,True,CONVERGED,float64,cuda:0
adjoint,1,286,9.689607811651408e-07,True,CONVERGED,float64,cuda:0
adjoint,2,301,9.557286885226832e-07,True,CONVERGED,float64,cuda:0
forward,0,274,9.425376110312562e-07,True,CONVERGED,float64,cuda:0
forward,1,301,9.060853228104326e-07,True,CONVERGED,float64,cuda:0
forward,2,301,8.775515972861988e-07,True,CONVERGED,float64,cuda:0
adjoint,0,286,9.584058080592185e-07,True,CONVERGED,float64,cuda:0
adjoint,1,285,9.72764046883704e-07,True,CONVERGED,float64,cuda:0
adjoint,2,291,9.915126556408012e-07,True,CONVERGED,float64,cuda:0
forward,0,274,9.897233257138127e-07,True,CONVERGED,float64,cuda:0
forward,1,301,8.887427780341815e-07,True,CONVERGED,float64,cuda:0
forward,2,301,8.556415890837952e-07,True,CONVERGED,float64,cuda:0
adjoint,0,287,9.165888681294928e-07,True,CONVERGED,float64,cuda:0
adjoint,1,285,9.496753594415598e-07,True,CONVERGED,float64,cuda:0
adjoint,2,300,9.920998648454716e-07,True,CONVERGED,float64,cuda:0
forward,0,274,9.558865985886361e-07,True,CONVERGED,float64,cuda:0
forward,1,301,8.608077418278879e-07,True,CONVERGED,float64,cuda:0
forward,2,300,9.982240214223415e-07,True,CONVERGED,float64,cuda:0
adjoint,0,288,9.115017037218294e-07,True,CONVERGED,float64,cuda:0
adjoint,1,286,9.473350967130323e-07,True,CONVERGED,float64,cuda:0
adjoint,2,301,9.671984692022703e-07,True,CONVERGED,float64,cuda:0
forward,0,274,8.890155162037028e-07,True,CONVERGED,float64,cuda:0
forward,1,301,8.3246425995004e-07,True,CONVERGED,float64,cuda:0
forward,2,300,9.614300485241721e-07,True,CONVERGED,float64,cuda:0
adjoint,0,288,9.898272678299419e-07,True,CONVERGED,float64,cuda:0
adjoint,1,291,9.70785621223554e-07,True,CONVERGED,float64,cuda:0
adjoint,2,301,9.837467101449392e-07,True,CONVERGED,float64,cuda:0
forward,0,272,8.613870829820026e-07,True,CONVERGED,float64,cuda:0
forward,1,300,9.920327872426015e-07,True,CONVERGED,float64,cuda:0
forward,2,300,9.336315581045431e-07,True,CONVERGED,float64,cuda:0
adjoint,0,289,9.468527912227064e-07,True,CONVERGED,float64,cuda:0
adjoint,1,300,9.508701410302356e-07,True,CONVERGED,float64,cuda:0
adjoint,2,301,9.737394972016744e-07,True,CONVERGED,float64,cuda:0
forward,0,255,9.616892818027232e-07,True,CONVERGED,float64,cuda:0
forward,1,300,9.81258773738159e-07,True,CONVERGED,float64,cuda:0
forward,2,300,9.194841537382342e-07,True,CONVERGED,float64,cuda:0
adjoint,0,289,9.643734746191656e-07,True,CONVERGED,float64,cuda:0
adjoint,1,300,9.535875117780697e-07,True,CONVERGED,float64,cuda:0
adjoint,2,301,9.672765716424373e-07,True,CONVERGED,float64,cuda:0
forward,0,254,9.782546386917443e-07,True,CONVERGED,float64,cuda:0
forward,1,300,9.771318691707924e-07,True,CONVERGED,float64,cuda:0
forward,2,300,9.197276423902302e-07,True,CONVERGED,float64,cuda:0
adjoint,0,289,9.436004942904086e-07,True,CONVERGED,float64,cuda:0
adjoint,1,300,9.168100575048795e-07,True,CONVERGED,float64,cuda:0
adjoint,2,301,9.697810767709336e-07,True,CONVERGED,float64,cuda:0
forward,0,275,8.968111468818773e-07,True,CONVERGED,float64,cuda:0
forward,1,300,9.777208277039507e-07,True,CONVERGED,float64,cuda:0
forward,2,300,9.251082356430706e-07,True,CONVERGED,float64,cuda:0
adjoint,0,289,9.057371428257844e-07,True,CONVERGED,float64,cuda:0
adjoint,1,291,9.077934495282754e-07,True,CONVERGED,float64,cuda:0
adjoint,2,301,9.676113877490441e-07,True,CONVERGED,float64,cuda:0
forward,0,276,9.531694871014592e-07,True,CONVERGED,float64,cuda:0
forward,1,300,9.863911621797007e-07,True,CONVERGED,float64,cuda:0
forward,2,300,9.303482940018847e-07,True,CONVERGED,float64,cuda:0
adjoint,0,288,9.858715401179102e-07,True,CONVERGED,float64,cuda:0
adjoint,1,286,9.954269256083437e-07,True,CONVERGED,float64,cuda:0
adjoint,2,301,9.601587543336308e-07,True,CONVERGED,float64,cuda:0
forward,0,277,9.982936246634549e-07,True,CONVERGED,float64,cuda:0
forward,1,300,9.994618321508176e-07,True,CONVERGED,float64,cuda:0
forward,2,300,9.435675865422321e-07,True,CONVERGED,float64,cuda:0
adjoint,0,288,9.28573107074068e-07,True,CONVERGED,float64,cuda:0
adjoint,1,285,9.141705470075004e-07,True,CONVERGED,float64,cuda:0
adjoint,2,301,9.47791254901036e-07,True,CONVERGED,float64,cuda:0
forward,0,277,9.572646076928325e-07,True,CONVERGED,float64,cuda:0
forward,1,301,8.389864251778245e-07,True,CONVERGED,float64,cuda:0
forward,2,300,9.529349369178347e-07,True,CONVERGED,float64,cuda:0
adjoint,0,287,9.61571598171724e-07,True,CONVERGED,float64,cuda:0
adjoint,1,285,8.733063883975571e-07,True,CONVERGED,float64,cuda:0
adjoint,2,301,9.318572025391529e-07,True,CONVERGED,float64,cuda:0
forward,0,275,9.666673873694315e-07,True,CONVERGED,float64,cuda:0
forward,1,301,8.457456889299981e-07,True,CONVERGED,float64,cuda:0
forward,2,300,9.593102261388631e-07,True,CONVERGED,float64,cuda:0
adjoint,0,287,9.037665436262408e-07,True,CONVERGED,float64,cuda:0
adjoint,1,285,8.943378535444399e-07,True,CONVERGED,float64,cuda:0
adjoint,2,300,9.946803562219594e-07,True,CONVERGED,float64,cuda:0
forward,0,274,9.340559861655804e-07,True,CONVERGED,float64,cuda:0
forward,1,301,8.584270178272827e-07,True,CONVERGED,float64,cuda:0
forward,2,300,9.602144507109408e-07,True,CONVERGED,float64,cuda:0
adjoint,0,287,8.833488413374549e-07,True,CONVERGED,float64,cuda:0
adjoint,1,285,9.0096958951616e-07,True,CONVERGED,float64,cuda:0
adjoint,2,300,9.853155413217218e-07,True,CONVERGED,float64,cuda:0
forward,0,273,8.66296805053442e-07,True,CONVERGED,float64,cuda:0
forward,1,301,8.565747273965523e-07,True,CONVERGED,float64,cuda:0
forward,2,300,9.481689137120548e-07,True,CONVERGED,float64,cuda:0
adjoint,0,287,8.938005224845593e-07,True,CONVERGED,float64,cuda:0
adjoint,1,285,9.357606714261196e-07,True,CONVERGED,float64,cuda:0
adjoint,2,300,9.925339742387608e-07,True,CONVERGED,float64,cuda:0
forward,0,255,9.568720999884163e-07,True,CONVERGED,float64,cuda:0
forward,1,300,9.786377339611016e-07,True,CONVERGED,float64,cuda:0
forward,2,300,9.282930826809898e-07,True,CONVERGED,float64,cuda:0
adjoint,0,287,9.280055779419138e-07,True,CONVERGED,float64,cuda:0
adjoint,1,287,9.41624525362233e-07,True,CONVERGED,float64,cuda:0
adjoint,2,301,9.388579031674359e-07,True,CONVERGED,float64,cuda:0
forward,0,268,9.92495744369918e-07,True,CONVERGED,float64,cuda:0
forward,1,300,9.537001958065944e-07,True,CONVERGED,float64,cuda:0
forward,2,300,9.114245374434726e-07,True,CONVERGED,float64,cuda:0
adjoint,0,287,9.445892660036511e-07,True,CONVERGED,float64,cuda:0
adjoint,1,290,9.744429847597466e-07,True,CONVERGED,float64,cuda:0
adjoint,2,301,9.519251813180574e-07,True,CONVERGED,float64,cuda:0
forward,0,272,8.390139364913106e-07,True,CONVERGED,float64,cuda:0
forward,1,300,9.378806896833107e-07,True,CONVERGED,float64,cuda:0
forward,2,300,9.046040992266037e-07,True,CONVERGED,float64,cuda:0
adjoint,0,287,9.284462468926111e-07,True,CONVERGED,float64,cuda:0
adjoint,1,291,9.57283946158395e-07,True,CONVERGED,float64,cuda:0
adjoint,2,301,9.636991219140503e-07,True,CONVERGED,float64,cuda:0
forward,0,272,9.88017129722288e-07,True,CONVERGED,float64,cuda:0
forward,1,300,9.330632925283953e-07,True,CONVERGED,float64,cuda:0
forward,2,300,9.103854231051785e-07,True,CONVERGED,float64,cuda:0
adjoint,0,286,9.924354230768423e-07,True,CONVERGED,float64,cuda:0
adjoint,1,291,9.143699927902858e-07,True,CONVERGED,float64,cuda:0
adjoint,2,301,9.786091609694464e-07,True,CONVERGED,float64,cuda:0
forward,0,273,9.848275490533397e-07,True,CONVERGED,float64,cuda:0
forward,1,300,9.349793120878991e-07,True,CONVERGED,float64,cuda:0
forward,2,300,9.241741891482088e-07,True,CONVERGED,float64,cuda:0
adjoint,0,286,9.558715606514295e-07,True,CONVERGED,float64,cuda:0
adjoint,1,289,9.996243606283652e-07,True,CONVERGED,float64,cuda:0
adjoint,2,301,9.924675128482674e-07,True,CONVERGED,float64,cuda:0
forward,0,274,9.469575860555683e-07,True,CONVERGED,float64,cuda:0
forward,1,300,9.41256080825284e-07,True,CONVERGED,float64,cuda:0
forward,2,300,9.371961413896392e-07,True,CONVERGED,float64,cuda:0
adjoint,0,286,9.950074787208405e-07,True,CONVERGED,float64,cuda:0
adjoint,1,287,9.030632985656723e-07,True,CONVERGED,float64,cuda:0
adjoint,2,301,9.93674855038218e-07,True,CONVERGED,float64,cuda:0
forward,0,273,9.703772336287277e-07,True,CONVERGED,float64,cuda:0
forward,1,300,9.458230162438862e-07,True,CONVERGED,float64,cuda:0
forward,2,300,9.381035368728665e-07,True,CONVERGED,float64,cuda:0
adjoint,0,287,9.249130818423096e-07,True,CONVERGED,float64,cuda:0
adjoint,1,286,9.06678040289745e-07,True,CONVERGED,float64,cuda:0
adjoint,2,301,9.840964443295816e-07,True,CONVERGED,float64,cuda:0
forward,0,272,9.980183538136598e-07,True,CONVERGED,float64,cuda:0
forward,1,300,9.434178507185717e-07,True,CONVERGED,float64,cuda:0
forward,2,300,9.296898179389211e-07,True,CONVERGED,float64,cuda:0
adjoint,0,287,9.255265984746347e-07,True,CONVERGED,float64,cuda:0
adjoint,1,286,9.391876573522091e-07,True,CONVERGED,float64,cuda:0
adjoint,2,301,9.770596388010522e-07,True,CONVERGED,float64,cuda:0
forward,0,272,9.402058861507401e-07,True,CONVERGED,float64,cuda:0
forward,1,300,9.350187503674416e-07,True,CONVERGED,float64,cuda:0
forward,2,300,9.177706560676304e-07,True,CONVERGED,float64,cuda:0
adjoint,0,287,8.977834777988286e-07,True,CONVERGED,float64,cuda:0
adjoint,1,288,9.55406040501209e-07,True,CONVERGED,float64,cuda:0
adjoint,2,301,9.772186582763024e-07,True,CONVERGED,float64,cuda:0
forward,0,271,9.93161585928285e-07,True,CONVERGED,float64,cuda:0
forward,1,300,9.258304383890497e-07,True,CONVERGED,float64,cuda:0
forward,2,300,9.050983309042369e-07,True,CONVERGED,float64,cuda:0
adjoint,0,286,9.95527357632173e-07,True,CONVERGED,float64,cuda:0
adjoint,1,289,9.955273517220378e-07,True,CONVERGED,float64,cuda:0
adjoint,2,301,9.793723813973948e-07,True,CONVERGED,float64,cuda:0
forward,0,271,8.761079021925591e-07,True,CONVERGED,float64,cuda:0
forward,1,300,9.167874926920656e-07,True,CONVERGED,float64,cuda:0
forward,2,300,8.961119202227831e-07,True,CONVERGED,float64,cuda:0
adjoint,0,287,8.97165226474861e-07,True,CONVERGED,float64,cuda:0
adjoint,1,290,9.17608357729992e-07,True,CONVERGED,float64,cuda:0
adjoint,2,301,9.804604634460592e-07,True,CONVERGED,float64,cuda:0
forward,0,271,8.89049808324269e-07,True,CONVERGED,float64,cuda:0
forward,1,300,9.136095637290514e-07,True,CONVERGED,float64,cuda:0
forward,2,300,8.939843604243622e-07,True,CONVERGED,float64,cuda:0
adjoint,0,287,9.160955049174455e-07,True,CONVERGED,float64,cuda:0
adjoint,1,289,9.678272706112845e-07,True,CONVERGED,float64,cuda:0
adjoint,2,301,9.683884931017405e-07,True,CONVERGED,float64,cuda:0
forward,0,271,9.152880238154871e-07,True,CONVERGED,float64,cuda:0
forward,1,300,9.183802492224985e-07,True,CONVERGED,float64,cuda:0
forward,2,300,8.998866206184049e-07,True,CONVERGED,float64,cuda:0
adjoint,0,287,9.21933892560583e-07,True,CONVERGED,float64,cuda:0
adjoint,1,288,9.660810748666599e-07,True,CONVERGED,float64,cuda:0
adjoint,2,301,9.421423997041729e-07,True,CONVERGED,float64,cuda:0
forward,0,271,9.035565110526397e-07,True,CONVERGED,float64,cuda:0
forward,1,300,9.306126138620122e-07,True,CONVERGED,float64,cuda:0
forward,2,300,9.117920142416896e-07,True,CONVERGED,float64,cuda:0
adjoint,0,287,9.048220006869805e-07,True,CONVERGED,float64,cuda:0
adjoint,1,288,9.424259072987247e-07,True,CONVERGED,float64,cuda:0
adjoint,2,300,9.700491563720823e-07,True,CONVERGED,float64,cuda:0
forward,0,271,8.815564897358058e-07,True,CONVERGED,float64,cuda:0
forward,1,300,9.380968621687598e-07,True,CONVERGED,float64,cuda:0
forward,2,300,9.216574140459057e-07,True,CONVERGED,float64,cuda:0
adjoint,0,287,9.147806402410499e-07,True,CONVERGED,float64,cuda:0
adjoint,1,286,9.481383026890734e-07,True,CONVERGED,float64,cuda:0
adjoint,2,300,9.295092235288507e-07,True,CONVERGED,float64,cuda:0
forward,0,271,8.491941505157088e-07,True,CONVERGED,float64,cuda:0
forward,1,300,9.43022190905671e-07,True,CONVERGED,float64,cuda:0
forward,2,300,9.285580938136671e-07,True,CONVERGED,float64,cuda:0
adjoint,0,287,9.304535178883659e-07,True,CONVERGED,float64,cuda:0
adjoint,1,285,9.672520905360108e-07,True,CONVERGED,float64,cuda:0
adjoint,2,299,9.535467287899353e-07,True,CONVERGED,float64,cuda:0
forward,0,270,9.820600053367718e-07,True,CONVERGED,float64,cuda:0
forward,1,300,9.490908030651644e-07,True,CONVERGED,float64,cuda:0
forward,2,300,9.337377627399786e-07,True,CONVERGED,float64,cuda:0
adjoint,0,287,9.158400931396646e-07,True,CONVERGED,float64,cuda:0
adjoint,1,285,9.595385143941099e-07,True,CONVERGED,float64,cuda:0
adjoint,2,298,9.858492088859036e-07,True,CONVERGED,float64,cuda:0
forward,0,270,9.412281092760519e-07,True,CONVERGED,float64,cuda:0
forward,1,300,9.539030611469105e-07,True,CONVERGED,float64,cuda:0
forward,2,300,9.360365571211016e-07,True,CONVERGED,float64,cuda:0
adjoint,0,286,9.87710178662327e-07,True,CONVERGED,float64,cuda:0
adjoint,1,285,9.792098995849462e-07,True,CONVERGED,float64,cuda:0
adjoint,2,298,9.750484794324838e-07,True,CONVERGED,float64,cuda:0
forward,0,268,9.587685017194228e-07,True,CONVERGED,float64,cuda:0
forward,1,300,9.470472147323653e-07,True,CONVERGED,float64,cuda:0
forward,2,300,9.254069780615152e-07,True,CONVERGED,float64,cuda:0
adjoint,0,287,9.175255180922744e-07,True,CONVERGED,float64,cuda:0
adjoint,1,285,9.088939384041659e-07,True,CONVERGED,float64,cuda:0
adjoint,2,290,9.656175942090132e-07,True,CONVERGED,float64,cuda:0
forward,0,253,9.751224246564558e-07,True,CONVERGED,float64,cuda:0
forward,1,300,9.511392894952997e-07,True,CONVERGED,float64,cuda:0
forward,2,300,9.244827161803115e-07,True,CONVERGED,float64,cuda:0
adjoint,0,286,9.781743451226671e-07,True,CONVERGED,float64,cuda:0
adjoint,1,285,9.143182099785425e-07,True,CONVERGED,float64,cuda:0
adjoint,2,290,9.94536747934644e-07,True,CONVERGED,float64,cuda:0
forward,0,253,9.143923920943104e-07,True,CONVERGED,float64,cuda:0
forward,1,300,9.560744444504708e-07,True,CONVERGED,float64,cuda:0
forward,2,300,9.286745912136689e-07,True,CONVERGED,float64,cuda:0
adjoint,0,286,9.637150736023943e-07,True,CONVERGED,float64,cuda:0
adjoint,1,285,9.051047660518068e-07,True,CONVERGED,float64,cuda:0
adjoint,2,290,9.641838305507953e-07,True,CONVERGED,float64,cuda:0
forward,0,254,9.988757928254727e-07,True,CONVERGED,float64,cuda:0
forward,1,300,9.539936237941674e-07,True,CONVERGED,float64,cuda:0
forward,2,300,9.267598056261767e-07,True,CONVERGED,float64,cuda:0
adjoint,0,286,9.874731631448316e-07,True,CONVERGED,float64,cuda:0
adjoint,1,285,9.962241380767223e-07,True,CONVERGED,float64,cuda:0
adjoint,2,287,9.68173320100817e-07,True,CONVERGED,float64,cuda:0
forward,0,253,9.412489224326729e-07,True,CONVERGED,float64,cuda:0
forward,1,300,9.714537033535888e-07,True,CONVERGED,float64,cuda:0
forward,2,300,9.483635667890168e-07,True,CONVERGED,float64,cuda:0
adjoint,0,286,9.665766928850085e-07,True,CONVERGED,float64,cuda:0
adjoint,1,285,9.108702834936576e-07,True,CONVERGED,float64,cuda:0
adjoint,2,288,9.57608183603356e-07,True,CONVERGED,float64,cuda:0
forward,0,253,9.58943194161316e-07,True,CONVERGED,float64,cuda:0
forward,1,300,9.746617515016936e-07,True,CONVERGED,float64,cuda:0
forward,2,300,9.530509561897612e-07,True,CONVERGED,float64,cuda:0
adjoint,0,286,9.74927160656753e-07,True,CONVERGED,float64,cuda:0
adjoint,1,286,9.594622743386792e-07,True,CONVERGED,float64,cuda:0
adjoint,2,286,9.635663800547992e-07,True,CONVERGED,float64,cuda:0
forward,0,255,9.438357734467497e-07,True,CONVERGED,float64,cuda:0
forward,1,300,9.733735483526756e-07,True,CONVERGED,float64,cuda:0
forward,2,300,9.513501251288091e-07,True,CONVERGED,float64,cuda:0
adjoint,0,286,9.817555573066063e-07,True,CONVERGED,float64,cuda:0
adjoint,1,288,9.80664182852415e-07,True,CONVERGED,float64,cuda:0
adjoint,2,286,8.627165128569365e-07,True,CONVERGED,float64,cuda:0
forward,0,258,9.659643627380122e-07,True,CONVERGED,float64,cuda:0
forward,1,300,9.795833642613695e-07,True,CONVERGED,float64,cuda:0
forward,2,300,9.591981594640604e-07,True,CONVERGED,float64,cuda:0
adjoint,0,286,9.563549170331811e-07,True,CONVERGED,float64,cuda:0
adjoint,1,285,9.253575799077247e-07,True,CONVERGED,float64,cuda:0
adjoint,2,288,9.26806526362478e-07,True,CONVERGED,float64,cuda:0
forward,0,271,9.501198062424743e-07,True,CONVERGED,float64,cuda:0
forward,1,300,9.53346968795289e-07,True,CONVERGED,float64,cuda:0
forward,2,300,9.247175043470152e-07,True,CONVERGED,float64,cuda:0
adjoint,0,287,9.309488320701888e-07,True,CONVERGED,float64,cuda:0
adjoint,1,291,9.946420726376071e-07,True,CONVERGED,float64,cuda:0
adjoint,2,287,9.180180190833461e-07,True,CONVERGED,float64,cuda:0
forward,0,271,9.89482665464063e-07,True,CONVERGED,float64,cuda:0
forward,1,300,9.536038492820771e-07,True,CONVERGED,float64,cuda:0
forward,2,300,9.183602161300768e-07,True,CONVERGED,float64,cuda:0
adjoint,0,286,9.742858461252207e-07,True,CONVERGED,float64,cuda:0
adjoint,1,289,9.410124274922741e-07,True,CONVERGED,float64,cuda:0
adjoint,2,285,9.766627106798326e-07,True,CONVERGED,float64,cuda:0
forward,0,255,9.585768535532131e-07,True,CONVERGED,float64,cuda:0
forward,1,300,9.8995701696361e-07,True,CONVERGED,float64,cuda:0
forward,2,300,9.79049450179778e-07,True,CONVERGED,float64,cuda:0
adjoint,0,286,9.359964304634789e-07,True,CONVERGED,float64,cuda:0
adjoint,1,287,9.620293053941233e-07,True,CONVERGED,float64,cuda:0
adjoint,2,296,9.965619641220005e-07,True,CONVERGED,float64,cuda:0
forward,0,271,9.357568715450269e-07,True,CONVERGED,float64,cuda:0
forward,1,300,9.52290672301414e-07,True,CONVERGED,float64,cuda:0
forward,2,300,9.368993177543633e-07,True,CONVERGED,float64,cuda:0
adjoint,0,287,9.761651720760906e-07,True,CONVERGED,float64,cuda:0
adjoint,1,299,9.786135860421246e-07,True,CONVERGED,float64,cuda:0
adjoint,2,289,9.908400460147215e-07,True,CONVERGED,float64,cuda:0
forward,0,272,9.183162493467197e-07,True,CONVERGED,float64,cuda:0
forward,1,300,9.347121095916835e-07,True,CONVERGED,float64,cuda:0
forward,2,300,9.115072138906396e-07,True,CONVERGED,float64,cuda:0
adjoint,0,287,9.614962849202453e-07,True,CONVERGED,float64,cuda:0
adjoint,1,291,9.804155896850998e-07,True,CONVERGED,float64,cuda:0
adjoint,2,286,9.147802320500633e-07,True,CONVERGED,float64,cuda:0
forward,0,272,9.279143067630747e-07,True,CONVERGED,float64,cuda:0
forward,1,300,9.487039500040622e-07,True,CONVERGED,float64,cuda:0
forward,2,299,9.937832116132748e-07,True,CONVERGED,float64,cuda:0
adjoint,0,286,9.412271441737565e-07,True,CONVERGED,float64,cuda:0
adjoint,1,289,9.284482878140867e-07,True,CONVERGED,float64,cuda:0
adjoint,2,298,9.272589306412797e-07,True,CONVERGED,float64,cuda:0
forward,0,269,9.516389768827736e-07,True,CONVERGED,float64,cuda:0
forward,1,300,9.516931965516652e-07,True,CONVERGED,float64,cuda:0
forward,2,300,9.550128754973256e-07,True,CONVERGED,float64,cuda:0
adjoint,0,287,9.66896528445775e-07,True,CONVERGED,float64,cuda:0
adjoint,1,291,9.30033168883146e-07,True,CONVERGED,float64,cuda:0
adjoint,2,286,8.697356572303665e-07,True,CONVERGED,float64,cuda:0
forward,0,270,9.61668270587086e-07,True,CONVERGED,float64,cuda:0
forward,1,300,9.629956565704306e-07,True,CONVERGED,float64,cuda:0
forward,2,300,9.533094544170419e-07,True,CONVERGED,float64,cuda:0
adjoint,0,288,9.454148577444764e-07,True,CONVERGED,float64,cuda:0
adjoint,1,300,9.096938106218162e-07,True,CONVERGED,float64,cuda:0
adjoint,2,290,9.430158453149858e-07,True,CONVERGED,float64,cuda:0
forward,0,270,9.157999381710061e-07,True,CONVERGED,float64,cuda:0
forward,1,300,9.651637365112679e-07,True,CONVERGED,float64,cuda:0
forward,2,300,9.662844649046474e-07,True,CONVERGED,float64,cuda:0
adjoint,0,287,9.790325360312737e-07,True,CONVERGED,float64,cuda:0
adjoint,1,290,9.37986394628048e-07,True,CONVERGED,float64,cuda:0
adjoint,2,287,9.459625216594092e-07,True,CONVERGED,float64,cuda:0
forward,0,272,9.204743673252197e-07,True,CONVERGED,float64,cuda:0
forward,1,300,9.505476778803612e-07,True,CONVERGED,float64,cuda:0
forward,2,300,9.346336130376716e-07,True,CONVERGED,float64,cuda:0
adjoint,0,288,9.526851811977049e-07,True,CONVERGED,float64,cuda:0
adjoint,1,293,9.968824096103865e-07,True,CONVERGED,float64,cuda:0
adjoint,2,286,9.079856013377027e-07,True,CONVERGED,float64,cuda:0
forward,0,272,9.82603830924124e-07,True,CONVERGED,float64,cuda:0
forward,1,300,9.368489965933582e-07,True,CONVERGED,float64,cuda:0
forward,2,299,9.97433148059145e-07,True,CONVERGED,float64,cuda:0
adjoint,0,288,9.653117318763816e-07,True,CONVERGED,float64,cuda:0
adjoint,1,290,9.69420469035347e-07,True,CONVERGED,float64,cuda:0
adjoint,2,288,9.143349711801367e-07,True,CONVERGED,float64,cuda:0
forward,0,272,9.919016778338049e-07,True,CONVERGED,float64,cuda:0
forward,1,300,9.311162781892858e-07,True,CONVERGED,float64,cuda:0
forward,2,299,9.902642379406646e-07,True,CONVERGED,float64,cuda:0
adjoint,0,288,9.687065967539954e-07,True,CONVERGED,float64,cuda:0
adjoint,1,286,9.944853432601355e-07,True,CONVERGED,float64,cuda:0
adjoint,2,293,9.97155743209798e-07,True,CONVERGED,float64,cuda:0
forward,0,273,8.990621193540115e-07,True,CONVERGED,float64,cuda:0
forward,1,300,9.350727145695213e-07,True,CONVERGED,float64,cuda:0
forward,2,299,9.90544289398156e-07,True,CONVERGED,float64,cuda:0
adjoint,0,288,9.970129911075418e-07,True,CONVERGED,float64,cuda:0
adjoint,1,289,9.605631170347674e-07,True,CONVERGED,float64,cuda:0
adjoint,2,290,9.390017890488325e-07,True,CONVERGED,float64,cuda:0
forward,0,273,8.811837524494739e-07,True,CONVERGED,float64,cuda:0
forward,1,300,9.403467939588713e-07,True,CONVERGED,float64,cuda:0
forward,2,299,9.70346115831713e-07,True,CONVERGED,float64,cuda:0
adjoint,0,289,9.938825881272045e-07,True,CONVERGED,float64,cuda:0
adjoint,1,288,9.091141364566807e-07,True,CONVERGED,float64,cuda:0
adjoint,2,298,9.875652728110513e-07,True,CONVERGED,float64,cuda:0
forward,0,271,9.835457114762903e-07,True,CONVERGED,float64,cuda:0
forward,1,300,9.392815550039662e-07,True,CONVERGED,float64,cuda:0
forward,2,299,9.785538276223803e-07,True,CONVERGED,float64,cuda:0
adjoint,0,289,9.83592704843633e-07,True,CONVERGED,float64,cuda:0
adjoint,1,286,9.177601603693309e-07,True,CONVERGED,float64,cuda:0
adjoint,2,300,9.087298374443749e-07,True,CONVERGED,float64,cuda:0
forward,0,254,9.04899079581985e-07,True,CONVERGED,float64,cuda:0
forward,1,300,9.371471133844612e-07,True,CONVERGED,float64,cuda:0
forward,2,299,9.521343067278712e-07,True,CONVERGED,float64,cuda:0
adjoint,0,291,9.904103652246817e-07,True,CONVERGED,float64,cuda:0
adjoint,1,288,9.163264782552257e-07,True,CONVERGED,float64,cuda:0
adjoint,2,300,9.189246054482569e-07,True,CONVERGED,float64,cuda:0
forward,0,254,8.797000086084904e-07,True,CONVERGED,float64,cuda:0
forward,1,300,9.269443655204762e-07,True,CONVERGED,float64,cuda:0
forward,2,299,9.467873110930224e-07,True,CONVERGED,float64,cuda:0
adjoint,0,292,9.614972202007512e-07,True,CONVERGED,float64,cuda:0
adjoint,1,289,9.260504809574158e-07,True,CONVERGED,float64,cuda:0
adjoint,2,300,9.406267080748701e-07,True,CONVERGED,float64,cuda:0
forward,0,254,9.55288706754645e-07,True,CONVERGED,float64,cuda:0
forward,1,300,9.305718767416015e-07,True,CONVERGED,float64,cuda:0
forward,2,299,9.528127235104962e-07,True,CONVERGED,float64,cuda:0
adjoint,0,292,9.36168026766715e-07,True,CONVERGED,float64,cuda:0
adjoint,1,285,9.73839988530369e-07,True,CONVERGED,float64,cuda:0
adjoint,2,300,9.6641502210505e-07,True,CONVERGED,float64,cuda:0
forward,0,271,9.11857640771881e-07,True,CONVERGED,float64,cuda:0
forward,1,300,9.175539181891198e-07,True,CONVERGED,float64,cuda:0
forward,2,299,9.427570925089751e-07,True,CONVERGED,float64,cuda:0
adjoint,0,292,9.869672008519073e-07,True,CONVERGED,float64,cuda:0
adjoint,1,291,9.367964996317102e-07,True,CONVERGED,float64,cuda:0
adjoint,2,300,9.599729634250506e-07,True,CONVERGED,float64,cuda:0
forward,0,273,9.23107573032007e-07,True,CONVERGED,float64,cuda:0
forward,1,300,9.19328891307965e-07,True,CONVERGED,float64,cuda:0
forward,2,299,9.435624740662747e-07,True,CONVERGED,float64,cuda:0
adjoint,0,292,9.82089431033595e-07,True,CONVERGED,float64,cuda:0
adjoint,1,296,9.949312351429753e-07,True,CONVERGED,float64,cuda:0
adjoint,2,300,9.522197291558645e-07,True,CONVERGED,float64,cuda:0
forward,0,270,9.687433567745353e-07,True,CONVERGED,float64,cuda:0
forward,1,300,9.265390175830358e-07,True,CONVERGED,float64,cuda:0
forward,2,299,9.486089406682616e-07,True,CONVERGED,float64,cuda:0
adjoint,0,292,9.591469137377486e-07,True,CONVERGED,float64,cuda:0
adjoint,1,290,9.425142183083866e-07,True,CONVERGED,float64,cuda:0
adjoint,2,300,9.867829341516885e-07,True,CONVERGED,float64,cuda:0
forward,0,284,9.85236367309943e-07,True,CONVERGED,float64,cuda:0
forward,1,300,9.11030401987668e-07,True,CONVERGED,float64,cuda:0
forward,2,299,9.309035758542337e-07,True,CONVERGED,float64,cuda:0
adjoint,0,292,9.851388537290187e-07,True,CONVERGED,float64,cuda:0
adjoint,1,300,9.412435705512794e-07,True,CONVERGED,float64,cuda:0
adjoint,2,291,9.88045980980009e-07,True,CONVERGED,float64,cuda:0
forward,0,271,9.965316800215968e-07,True,CONVERGED,float64,cuda:0
forward,1,300,9.192794288263725e-07,True,CONVERGED,float64,cuda:0
forward,2,299,9.266258902592096e-07,True,CONVERGED,float64,cuda:0
adjoint,0,292,9.518750651393081e-07,True,CONVERGED,float64,cuda:0
adjoint,1,299,9.22926605099114e-07,True,CONVERGED,float64,cuda:0
adjoint,2,300,9.471641814377316e-07,True,CONVERGED,float64,cuda:0
forward,0,268,8.615204390509659e-07,True,CONVERGED,float64,cuda:0
forward,1,300,9.213120565386915e-07,True,CONVERGED,float64,cuda:0
forward,2,299,9.209851456025103e-07,True,CONVERGED,float64,cuda:0
adjoint,0,292,9.386498441984654e-07,True,CONVERGED,float64,cuda:0
adjoint,1,296,9.965422176066645e-07,True,CONVERGED,float64,cuda:0
adjoint,2,300,9.594831623833582e-07,True,CONVERGED,float64,cuda:0
forward,0,273,9.521925295570497e-07,True,CONVERGED,float64,cuda:0
forward,1,300,9.059367521687619e-07,True,CONVERGED,float64,cuda:0
forward,2,299,8.925835573164463e-07,True,CONVERGED,float64,cuda:0
adjoint,0,292,9.593168763161532e-07,True,CONVERGED,float64,cuda:0
adjoint,1,300,9.845788187317934e-07,True,CONVERGED,float64,cuda:0
adjoint,2,289,9.189336216325093e-07,True,CONVERGED,float64,cuda:0
forward,0,268,8.708580026589572e-07,True,CONVERGED,float64,cuda:0
forward,1,300,9.194253464376763e-07,True,CONVERGED,float64,cuda:0
forward,2,299,8.994213258287057e-07,True,CONVERGED,float64,cuda:0
adjoint,0,291,9.856777501881543e-07,True,CONVERGED,float64,cuda:0
adjoint,1,299,9.453384887649119e-07,True,CONVERGED,float64,cuda:0
adjoint,2,299,9.46394521472709e-07,True,CONVERGED,float64,cuda:0
forward,0,270,8.945549842557503e-07,True,CONVERGED,float64,cuda:0
forward,1,300,9.19726518540741e-07,True,CONVERGED,float64,cuda:0
forward,2,299,8.923340976357344e-07,True,CONVERGED,float64,cuda:0
adjoint,0,291,9.78927499780909e-07,True,CONVERGED,float64,cuda:0
adjoint,1,299,9.910411936219322e-07,True,CONVERGED,float64,cuda:0
adjoint,2,290,9.73499709868504e-07,True,CONVERGED,float64,cuda:0
forward,0,273,9.070029633557386e-07,True,CONVERGED,float64,cuda:0
forward,1,300,9.123518798996265e-07,True,CONVERGED,float64,cuda:0
forward,2,299,8.77377732712191e-07,True,CONVERGED,float64,cuda:0
adjoint,0,291,9.891350613829544e-07,True,CONVERGED,float64,cuda:0
adjoint,1,301,9.69378459181463e-07,True,CONVERGED,float64,cuda:0
adjoint,2,285,9.893377013068587e-07,True,CONVERGED,float64,cuda:0
forward,0,268,9.3946072744502e-07,True,CONVERGED,float64,cuda:0
forward,1,300,9.413507515144373e-07,True,CONVERGED,float64,cuda:0
forward,2,299,9.230474702625851e-07,True,CONVERGED,float64,cuda:0
adjoint,0,291,9.681765838690583e-07,True,CONVERGED,float64,cuda:0
adjoint,1,291,9.914719114490793e-07,True,CONVERGED,float64,cuda:0
adjoint,2,299,9.76346996614963e-07,True,CONVERGED,float64,cuda:0
forward,0,271,9.444527285257682e-07,True,CONVERGED,float64,cuda:0
forward,1,300,9.288622031001481e-07,True,CONVERGED,float64,cuda:0
forward,2,299,8.917485296367006e-07,True,CONVERGED,float64,cuda:0
adjoint,0,291,9.565626014777935e-07,True,CONVERGED,float64,cuda:0
adjoint,1,300,9.221875531099665e-07,True,CONVERGED,float64,cuda:0
adjoint,2,285,9.766093376221872e-07,True,CONVERGED,float64,cuda:0
forward,0,271,9.993400727048898e-07,True,CONVERGED,float64,cuda:0
forward,1,300,9.145540709402648e-07,True,CONVERGED,float64,cuda:0
forward,2,298,9.887651665722212e-07,True,CONVERGED,float64,cuda:0
adjoint,0,291,9.519133551473528e-07,True,CONVERGED,float64,cuda:0
adjoint,1,303,9.773214301696255e-07,True,CONVERGED,float64,cuda:0
adjoint,2,304,8.835247825698112e-07,True,CONVERGED,float64,cuda:0
forward,0,268,9.296831347171079e-07,True,CONVERGED,float64,cuda:0
forward,1,300,9.164517732793802e-07,True,CONVERGED,float64,cuda:0
forward,2,298,9.965545865277876e-07,True,CONVERGED,float64,cuda:0
adjoint,0,291,9.404392323373601e-07,True,CONVERGED,float64,cuda:0
adjoint,1,299,9.93645976988187e-07,True,CONVERGED,float64,cuda:0
adjoint,2,285,9.662848622084441e-07,True,CONVERGED,float64,cuda:0
forward,0,274,9.84787778773589e-07,True,CONVERGED,float64,cuda:0
forward,1,300,9.162330962266217e-07,True,CONVERGED,float64,cuda:0
forward,2,298,9.957551659785157e-07,True,CONVERGED,float64,cuda:0
adjoint,0,290,9.98566943024493e-07,True,CONVERGED,float64,cuda:0
adjoint,1,298,9.85268118520202e-07,True,CONVERGED,float64,cuda:0
adjoint,2,286,9.807326404206764e-07,True,CONVERGED,float64,cuda:0
forward,0,267,9.889341738745322e-07,True,CONVERGED,float64,cuda:0
forward,1,300,9.003418942478487e-07,True,CONVERGED,float64,cuda:0
forward,2,298,9.68985037621827e-07,True,CONVERGED,float64,cuda:0
adjoint,0,291,9.550358784589064e-07,True,CONVERGED,float64,cuda:0
adjoint,1,302,9.533041081590292e-07,True,CONVERGED,float64,cuda:0
adjoint,2,290,9.80165370285749e-07,True,CONVERGED,float64,cuda:0
forward,0,267,9.74136008757402e-07,True,CONVERGED,float64,cuda:0
forward,1,300,9.341966971258845e-07,True,CONVERGED,float64,cuda:0
forward,2,299,8.907105736971898e-07,True,CONVERGED,float64,cuda:0
adjoint,0,291,9.473591521560335e-07,True,CONVERGED,float64,cuda:0
adjoint,1,299,9.499667111089491e-07,True,CONVERGED,float64,cuda:0
adjoint,2,285,9.577448067082155e-07,True,CONVERGED,float64,cuda:0
forward,0,273,9.147410307979272e-07,True,CONVERGED,float64,cuda:0
forward,1,300,9.363286227290422e-07,True,CONVERGED,float64,cuda:0
forward,2,299,8.969551287796344e-07,True,CONVERGED,float64,cuda:0
adjoint,0,291,9.435503303462546e-07,True,CONVERGED,float64,cuda:0
adjoint,1,300,9.26464106293681e-07,True,CONVERGED,float64,cuda:0
adjoint,2,286,9.992215487984716e-07,True,CONVERGED,float64,cuda:0
forward,0,284,9.698705595572018e-07,True,CONVERGED,float64,cuda:0
forward,1,300,9.312168195134845e-07,True,CONVERGED,float64,cuda:0
forward,2,299,8.913065821533757e-07,True,CONVERGED,float64,cuda:0
adjoint,0,291,9.56795514183751e-07,True,CONVERGED,float64,cuda:0
adjoint,1,302,9.393492518144374e-07,True,CONVERGED,float64,cuda:0
adjoint,2,301,9.872441172736415e-07,True,CONVERGED,float64,cuda:0
forward,0,251,9.342295665368307e-07,True,CONVERGED,float64,cuda:0
forward,1,300,9.62540367599341e-07,True,CONVERGED,float64,cuda:0
forward,2,299,9.456230234357062e-07,True,CONVERGED,float64,cuda:0
adjoint,0,291,9.848721474010804e-07,True,CONVERGED,float64,cuda:0
adjoint,1,291,9.19154493487106e-07,True,CONVERGED,float64,cuda:0
adjoint,2,295,9.91587160238917e-07,True,CONVERGED,float64,cuda:0
forward,0,269,9.357489655674286e-07,True,CONVERGED,float64,cuda:0
forward,1,300,9.418784685770811e-07,True,CONVERGED,float64,cuda:0
forward,2,299,9.028812069006135e-07,True,CONVERGED,float64,cuda:0
adjoint,0,291,9.797439036644817e-07,True,CONVERGED,float64,cuda:0
adjoint,1,291,9.559983615537924e-07,True,CONVERGED,float64,cuda:0
adjoint,2,298,9.51620633268352e-07,True,CONVERGED,float64,cuda:0
forward,0,270,9.706120559962019e-07,True,CONVERGED,float64,cuda:0
forward,1,300,8.904053503662142e-07,True,CONVERGED,float64,cuda:0
forward,2,298,9.535681067938056e-07,True,CONVERGED,float64,cuda:0
adjoint,0,291,9.804472180054417e-07,True,CONVERGED,float64,cuda:0
adjoint,1,302,9.706830097018894e-07,True,CONVERGED,float64,cuda:0
adjoint,2,290,9.323489367589316e-07,True,CONVERGED,float64,cuda:0
forward,0,271,9.250280722100016e-07,True,CONVERGED,float64,cuda:0
forward,1,300,8.828110531433514e-07,True,CONVERGED,float64,cuda:0
forward,2,298,9.437904282477448e-07,True,CONVERGED,float64,cuda:0
adjoint,0,291,9.83627851882916e-07,True,CONVERGED,float64,cuda:0
adjoint,1,302,9.685534545733516e-07,True,CONVERGED,float64,cuda:0
adjoint,2,288,9.8358313634258e-07,True,CONVERGED,float64,cuda:0
forward,0,268,9.794826869455435e-07,True,CONVERGED,float64,cuda:0
forward,1,299,9.983978432671037e-07,True,CONVERGED,float64,cuda:0
forward,2,298,9.654238137376848e-07,True,CONVERGED,float64,cuda:0
adjoint,0,287,9.039515024832863e-07,True,CONVERGED,float64,cuda:0
adjoint,1,285,9.732137074404378e-07,True,CONVERGED,float64,cuda:0
adjoint,2,301,9.236676222411956e-07,True,CONVERGED,float64,cuda:0
forward,0,270,9.541211058862926e-07,True,CONVERGED,float64,cuda:0
forward,1,300,8.599355479673819e-07,True,CONVERGED,float64,cuda:0
forward,2,298,9.768666960289768e-07,True,CONVERGED,float64,cuda:0
adjoint,0,287,9.188997270031797e-07,True,CONVERGED,float64,cuda:0
adjoint,1,286,9.36819496968694e-07,True,CONVERGED,float64,cuda:0
adjoint,2,301,9.464671809480314e-07,True,CONVERGED,float64,cuda:0
forward,0,271,9.841939603824448e-07,True,CONVERGED,float64,cuda:0
forward,1,300,8.687085586316521e-07,True,CONVERGED,float64,cuda:0
forward,2,298,9.846546720329241e-07,True,CONVERGED,float64,cuda:0
adjoint,0,287,9.198884513142057e-07,True,CONVERGED,float64,cuda:0
adjoint,1,284,9.869174330608556e-07,True,CONVERGED,float64,cuda:0
adjoint,2,301,9.54077211942008e-07,True,CONVERGED,float64,cuda:0
forward,0,271,9.66472359006891e-07,True,CONVERGED,float64,cuda:0
forward,1,300,8.780086499088266e-07,True,CONVERGED,float64,cuda:0
forward,2,298,9.939569292048596e-07,True,CONVERGED,float64,cuda:0
adjoint,0,287,9.393935163084768e-07,True,CONVERGED,float64,cuda:0
adjoint,1,284,9.923286113924775e-07,True,CONVERGED,float64,cuda:0
adjoint,2,301,9.76394484126627e-07,True,CONVERGED,float64,cuda:0
forward,0,270,9.734054761845742e-07,True,CONVERGED,float64,cuda:0
forward,1,300,8.854460653744052e-07,True,CONVERGED,float64,cuda:0
forward,2,299,8.57489130942089e-07,True,CONVERGED,float64,cuda:0
adjoint,0,287,9.547550454268797e-07,True,CONVERGED,float64,cuda:0
adjoint,1,285,9.14362358077285e-07,True,CONVERGED,float64,cuda:0
adjoint,2,301,9.927866219725168e-07,True,CONVERGED,float64,cuda:0
forward,0,270,9.276999390789258e-07,True,CONVERGED,float64,cuda:0
forward,1,300,8.956356802315471e-07,True,CONVERGED,float64,cuda:0
forward,2,299,8.706328449502205e-07,True,CONVERGED,float64,cuda:0
adjoint,0,287,9.54394569256588e-07,True,CONVERGED,float64,cuda:0
adjoint,1,284,9.467430344014243e-07,True,CONVERGED,float64,cuda:0
adjoint,2,301,9.948331153099183e-07,True,CONVERGED,float64,cuda:0
forward,0,271,8.961289306209972e-07,True,CONVERGED,float64,cuda:0
forward,1,300,9.085170315899385e-07,True,CONVERGED,float64,cuda:0
forward,2,299,8.814589876040778e-07,True,CONVERGED,float64,cuda:0
adjoint,0,287,9.472088072096521e-07,True,CONVERGED,float64,cuda:0
adjoint,1,283,9.481569572772189e-07,True,CONVERGED,float64,cuda:0
adjoint,2,301,9.910774137477012e-07,True,CONVERGED,float64,cuda:0
forward,0,270,9.346831061465829e-07,True,CONVERGED,float64,cuda:0
forward,1,300,9.205207962644433e-07,True,CONVERGED,float64,cuda:0
forward,2,299,8.888767099234295e-07,True,CONVERGED,float64,cuda:0
adjoint,0,287,9.424643946308889e-07,True,CONVERGED,float64,cuda:0
adjoint,1,283,9.128954021603963e-07,True,CONVERGED,float64,cuda:0
adjoint,2,301,9.90402864290993e-07,True,CONVERGED,float64,cuda:0
forward,0,269,9.942618380988075e-07,True,CONVERGED,float64,cuda:0
forward,1,300,9.351947739091363e-07,True,CONVERGED,float64,cuda:0
forward,2,299,8.923898312764166e-07,True,CONVERGED,float64,cuda:0
adjoint,0,287,9.245001860140803e-07,True,CONVERGED,float64,cuda:0
adjoint,1,282,9.894145303769781e-07,True,CONVERGED,float64,cuda:0
adjoint,2,301,9.86851567343269e-07,True,CONVERGED,float64,cuda:0
forward,0,269,9.300256795283068e-07,True,CONVERGED,float64,cuda:0
forward,1,300,9.402631964600459e-07,True,CONVERGED,float64,cuda:0
forward,2,299,8.993856007006517e-07,True,CONVERGED,float64,cuda:0
adjoint,0,287,9.159590259844623e-07,True,CONVERGED,float64,cuda:0
adjoint,1,282,9.845504461796274e-07,True,CONVERGED,float64,cuda:0
adjoint,2,301,9.85680416911742e-07,True,CONVERGED,float64,cuda:0
forward,0,269,8.977238680589141e-07,True,CONVERGED,float64,cuda:0
forward,1,300,9.350616206087388e-07,True,CONVERGED,float64,cuda:0
forward,2,299,9.020955853195616e-07,True,CONVERGED,float64,cuda:0
adjoint,0,287,9.221563901122875e-07,True,CONVERGED,float64,cuda:0
adjoint,1,282,9.78675181242763e-07,True,CONVERGED,float64,cuda:0
adjoint,2,301,9.891158521998861e-07,True,CONVERGED,float64,cuda:0
forward,0,270,9.586537836727671e-07,True,CONVERGED,float64,cuda:0
forward,1,300,9.296963969132924e-07,True,CONVERGED,float64,cuda:0
forward,2,299,8.925011925509897e-07,True,CONVERGED,float64,cuda:0
adjoint,0,287,9.070037367745344e-07,True,CONVERGED,float64,cuda:0
adjoint,1,283,8.962147440734846e-07,True,CONVERGED,float64,cuda:0
adjoint,2,301,9.871112761808312e-07,True,CONVERGED,float64,cuda:0
forward,0,271,9.100341321378469e-07,True,CONVERGED,float64,cuda:0
forward,1,300,9.118043428813261e-07,True,CONVERGED,float64,cuda:0
forward,2,299,8.879960931266211e-07,True,CONVERGED,float64,cuda:0
adjoint,0,287,9.260118586002835e-07,True,CONVERGED,float64,cuda:0
adjoint,1,282,9.972132083381057e-07,True,CONVERGED,float64,cuda:0
adjoint,2,301,9.957506216609868e-07,True,CONVERGED,float64,cuda:0
forward,0,271,9.280494754269368e-07,True,CONVERGED,float64,cuda:0
forward,1,300,9.059279309929254e-07,True,CONVERGED,float64,cuda:0
forward,2,299,8.840594003502425e-07,True,CONVERGED,float64,cuda:0
adjoint,0,287,9.361905000648915e-07,True,CONVERGED,float64,cuda:0
adjoint,1,283,8.944687171456466e-07,True,CONVERGED,float64,cuda:0
adjoint,2,302,8.845615753352297e-07,True,CONVERGED,float64,cuda:0
forward,0,270,9.920020645831649e-07,True,CONVERGED,float64,cuda:0
forward,1,300,9.065203084437473e-07,True,CONVERGED,float64,cuda:0
forward,2,298,9.94233890228369e-07,True,CONVERGED,float64,cuda:0
adjoint,0,287,9.362049585363153e-07,True,CONVERGED,float64,cuda:0
adjoint,1,283,8.956230079694044e-07,True,CONVERGED,float64,cuda:0
adjoint,2,302,8.861915933681889e-07,True,CONVERGED,float64,cuda:0
forward,0,270,9.2754849502495e-07,True,CONVERGED,float64,cuda:0
forward,1,300,9.124323734837886e-07,True,CONVERGED,float64,cuda:0
forward,2,298,9.875449888104687e-07,True,CONVERGED,float64,cuda:0
adjoint,0,287,9.22796397857592e-07,True,CONVERGED,float64,cuda:0
adjoint,1,283,8.900550455672274e-07,True,CONVERGED,float64,cuda:0
adjoint,2,302,8.84028334821124e-07,True,CONVERGED,float64,cuda:0
forward,0,269,9.523162356085032e-07,True,CONVERGED,float64,cuda:0
forward,1,300,9.108804987830038e-07,True,CONVERGED,float64,cuda:0
forward,2,298,9.81144817978341e-07,True,CONVERGED,float64,cuda:0
adjoint,0,287,9.293998837646881e-07,True,CONVERGED,float64,cuda:0
adjoint,1,282,9.987131659910437e-07,True,CONVERGED,float64,cuda:0
adjoint,2,302,8.875090159382678e-07,True,CONVERGED,float64,cuda:0
forward,0,269,9.280175448991438e-07,True,CONVERGED,float64,cuda:0
forward,1,300,9.0739062816865e-07,True,CONVERGED,float64,cuda:0
forward,2,298,9.749188034878405e-07,True,CONVERGED,float64,cuda:0
adjoint,0,287,9.320870004255615e-07,True,CONVERGED,float64,cuda:0
adjoint,1,283,8.951406409454076e-07,True,CONVERGED,float64,cuda:0
adjoint,2,302,8.89613990200769e-07,True,CONVERGED,float64,cuda:0
forward,0,269,9.509693412102897e-07,True,CONVERGED,float64,cuda:0
forward,1,300,9.009386081520874e-07,True,CONVERGED,float64,cuda:0
forward,2,298,9.696566718879796e-07,True,CONVERGED,float64,cuda:0
adjoint,0,287,9.382433696759636e-07,True,CONVERGED,float64,cuda:0
adjoint,1,283,9.163364938620578e-07,True,CONVERGED,float64,cuda:0
adjoint,2,302,8.920402101580109e-07,True,CONVERGED,float64,cuda:0
forward,0,269,9.125310025148438e-07,True,CONVERGED,float64,cuda:0
forward,1,300,8.946785603441816e-07,True,CONVERGED,float64,cuda:0
forward,2,298,9.654713074482432e-07,True,CONVERGED,float64,cuda:0
adjoint,0,287,9.491107055287662e-07,True,CONVERGED,float64,cuda:0
adjoint,1,283,9.447530584832544e-07,True,CONVERGED,float64,cuda:0
adjoint,2,302,8.969780781647252e-07,True,CONVERGED,float64,cuda:0
forward,0,268,9.776041935020915e-07,True,CONVERGED,float64,cuda:0
forward,1,300,8.980222722852217e-07,True,CONVERGED,float64,cuda:0
forward,2,298,9.630079711905362e-07,True,CONVERGED,float64,cuda:0
adjoint,0,287,9.403682688774777e-07,True,CONVERGED,float64,cuda:0
adjoint,1,283,9.260154459051041e-07,True,CONVERGED,float64,cuda:0
adjoint,2,302,8.947951771282182e-07,True,CONVERGED,float64,cuda:0
forward,0,268,8.916206430994679e-07,True,CONVERGED,float64,cuda:0
forward,1,300,9.028321462037646e-07,True,CONVERGED,float64,cuda:0
forward,2,298,9.618611766357648e-07,True,CONVERGED,float64,cuda:0
adjoint,0,287,9.331416819055976e-07,True,CONVERGED,float64,cuda:0
adjoint,1,283,9.060519184182016e-07,True,CONVERGED,float64,cuda:0
adjoint,2,302,8.940498321396957e-07,True,CONVERGED,float64,cuda:0
forward,0,267,9.811477532864974e-07,True,CONVERGED,float64,cuda:0
forward,1,300,9.02391662632595e-07,True,CONVERGED,float64,cuda:0
forward,2,298,9.609947087906592e-07,True,CONVERGED,float64,cuda:0
adjoint,0,287,9.306085145710779e-07,True,CONVERGED,float64,cuda:0
adjoint,1,283,9.011130924016664e-07,True,CONVERGED,float64,cuda:0
adjoint,2,302,8.9430356924667e-07,True,CONVERGED,float64,cuda:0
forward,0,268,9.042760202479411e-07,True,CONVERGED,float64,cuda:0
forward,1,300,8.979448175709485e-07,True,CONVERGED,float64,cuda:0
forward,2,298,9.598917101908083e-07,True,CONVERGED,float64,cuda:0
adjoint,0,287,9.272033492904682e-07,True,CONVERGED,float64,cuda:0
adjoint,1,283,9.038981380756255e-07,True,CONVERGED,float64,cuda:0
adjoint,2,302,8.936942715113807e-07,True,CONVERGED,float64,cuda:0
forward,0,268,9.506263508610552e-07,True,CONVERGED,float64,cuda:0
forward,1,300,8.944710491257751e-07,True,CONVERGED,float64,cuda:0
forward,2,298,9.593878663792775e-07,True,CONVERGED,float64,cuda:0
adjoint,0,287,9.319061536162857e-07,True,CONVERGED,float64,cuda:0
adjoint,1,283,9.07918078729527e-07,True,CONVERGED,float64,cuda:0
adjoint,2,302,8.956573267845641e-07,True,CONVERGED,float64,cuda:0
forward,0,268,9.815013224654266e-07,True,CONVERGED,float64,cuda:0
forward,1,300,8.976868508885734e-07,True,CONVERGED,float64,cuda:0
forward,2,298,9.606737058831494e-07,True,CONVERGED,float64,cuda:0
adjoint,0,287,9.214477552907154e-07,True,CONVERGED,float64,cuda:0
adjoint,1,283,8.987421473438976e-07,True,CONVERGED,float64,cuda:0
adjoint,2,302,8.925366502655486e-07,True,CONVERGED,float64,cuda:0
forward,0,268,9.323930112615854e-07,True,CONVERGED,float64,cuda:0
forward,1,300,9.020602680436153e-07,True,CONVERGED,float64,cuda:0
forward,2,298,9.616014258141882e-07,True,CONVERGED,float64,cuda:0
adjoint,0,287,9.110917920821048e-07,True,CONVERGED,float64,cuda:0
adjoint,1,283,8.96172582790099e-07,True,CONVERGED,float64,cuda:0
adjoint,2,302,8.897958644573674e-07,True,CONVERGED,float64,cuda:0
forward,0,268,9.431755134214181e-07,True,CONVERGED,float64,cuda:0
forward,1,300,9.020127930814957e-07,True,CONVERGED,float64,cuda:0
forward,2,298,9.60484855005415e-07,True,CONVERGED,float64,cuda:0
adjoint,0,287,9.095739826523497e-07,True,CONVERGED,float64,cuda:0
adjoint,1,283,8.970680052562696e-07,True,CONVERGED,float64,cuda:0
adjoint,2,302,8.884878779585184e-07,True,CONVERGED,float64,cuda:0
forward,0,269,9.068593946000119e-07,True,CONVERGED,float64,cuda:0
forward,1,300,8.99129794970127e-07,True,CONVERGED,float64,cuda:0
forward,2,298,9.57637633324095e-07,True,CONVERGED,float64,cuda:0
adjoint,0,287,9.122468813691114e-07,True,CONVERGED,float64,cuda:0
adjoint,1,283,8.99988572863621e-07,True,CONVERGED,float64,cuda:0
adjoint,2,302,8.878480929707177e-07,True,CONVERGED,float64,cuda:0
forward,0,268,9.778710664894362e-07,True,CONVERGED,float64,cuda:0
forward,1,300,8.951537929334085e-07,True,CONVERGED,float64,cuda:0
forward,2,298,9.541247532455625e-07,True,CONVERGED,float64,cuda:0
adjoint,0,287,9.210591941343663e-07,True,CONVERGED,float64,cuda:0
adjoint,1,283,9.062021677476523e-07,True,CONVERGED,float64,cuda:0
adjoint,2,302,8.8878329433729e-07,True,CONVERGED,float64,cuda:0
forward,0,268,8.777162386019513e-07,True,CONVERGED,float64,cuda:0
forward,1,300,8.967108527088991e-07,True,CONVERGED,float64,cuda:0
forward,2,298,9.521428297104101e-07,True,CONVERGED,float64,cuda:0
adjoint,0,287,9.138264747987874e-07,True,CONVERGED,float64,cuda:0
adjoint,1,283,9.038976507351377e-07,True,CONVERGED,float64,cuda:0
adjoint,2,302,8.85308871938713e-07,True,CONVERGED,float64,cuda:0
forward,0,267,9.62416768094647e-07,True,CONVERGED,float64,cuda:0
forward,1,300,8.971499911263668e-07,True,CONVERGED,float64,cuda:0
forward,2,298,9.503047811684383e-07,True,CONVERGED,float64,cuda:0
adjoint,0,287,9.144645835551786e-07,True,CONVERGED,float64,cuda:0
adjoint,1,283,9.015631974991396e-07,True,CONVERGED,float64,cuda:0
adjoint,2,302,8.84402209644897e-07,True,CONVERGED,float64,cuda:0
forward,0,267,9.761844155691112e-07,True,CONVERGED,float64,cuda:0
forward,1,300,8.961236040487007e-07,True,CONVERGED,float64,cuda:0
forward,2,298,9.48759286162969e-07,True,CONVERGED,float64,cuda:0
adjoint,0,287,9.119341723893154e-07,True,CONVERGED,float64,cuda:0
adjoint,1,283,9.047265378522665e-07,True,CONVERGED,float64,cuda:0
adjoint,2,301,9.996878361928237e-07,True,CONVERGED,float64,cuda:0
forward,0,267,9.746944412102954e-07,True,CONVERGED,float64,cuda:0
forward,1,299,9.996083749480613e-07,True,CONVERGED,float64,cuda:0
forward,2,298,9.474126277169529e-07,True,CONVERGED,float64,cuda:0
adjoint,0,287,9.171590667893551e-07,True,CONVERGED,float64,cuda:0
adjoint,1,283,9.148826886912482e-07,True,CONVERGED,float64,cuda:0
adjoint,2,301,9.988379736451198e-07,True,CONVERGED,float64,cuda:0
forward,0,267,9.684544983199004e-07,True,CONVERGED,float64,cuda:0
forward,1,299,9.998160308570013e-07,True,CONVERGED,float64,cuda:0
forward,2,298,9.474421759160706e-07,True,CONVERGED,float64,cuda:0
adjoint,0,287,9.142888034857735e-07,True,CONVERGED,float64,cuda:0
adjoint,1,283,9.129561621741118e-07,True,CONVERGED,float64,cuda:0
adjoint,2,301,9.95345236870789e-07,True,CONVERGED,float64,cuda:0
forward,0,268,8.937744075866718e-07,True,CONVERGED,float64,cuda:0
forward,1,300,8.96943303173966e-07,True,CONVERGED,float64,cuda:0
forward,2,298,9.48346201174235e-07,True,CONVERGED,float64,cuda:0
adjoint,0,287,9.056474363176155e-07,True,CONVERGED,float64,cuda:0
adjoint,1,283,9.04297606776268e-07,True,CONVERGED,float64,cuda:0
adjoint,2,301,9.901109593902142e-07,True,CONVERGED,float64,cuda:0
forward,0,268,9.006667720992191e-07,True,CONVERGED,float64,cuda:0
forward,1,300,8.990652895156711e-07,True,CONVERGED,float64,cuda:0
forward,2,298,9.49283919908071e-07,True,CONVERGED,float64,cuda:0
adjoint,0,287,9.010795561239463e-07,True,CONVERGED,float64,cuda:0
adjoint,1,283,9.022548641466163e-07,True,CONVERGED,float64,cuda:0
adjoint,2,301,9.861229613547682e-07,True,CONVERGED,float64,cuda:0
forward,0,267,9.806318446400756e-07,True,CONVERGED,float64,cuda:0
forward,1,300,8.995629441164325e-07,True,CONVERGED,float64,cuda:0
forward,2,298,9.499446009677556e-07,True,CONVERGED,float64,cuda:0
adjoint,0,287,8.986325021955977e-07,True,CONVERGED,float64,cuda:0
adjoint,1,283,9.037896986596696e-07,True,CONVERGED,float64,cuda:0
adjoint,2,301,9.824810299896216e-07,True,CONVERGED,float64,cuda:0
forward,0,267,9.581521879848838e-07,True,CONVERGED,float64,cuda:0
forward,1,300,8.985383664293649e-07,True,CONVERGED,float64,cuda:0
forward,2,298,9.502349097976169e-07,True,CONVERGED,float64,cuda:0
adjoint,0,287,9.018335791099706e-07,True,CONVERGED,float64,cuda:0
adjoint,1,283,9.052224447609663e-07,True,CONVERGED,float64,cuda:0
adjoint,2,301,9.819758586952865e-07,True,CONVERGED,float64,cuda:0
forward,0,267,9.522476605988917e-07,True,CONVERGED,float64,cuda:0
forward,1,300,9.009082814539391e-07,True,CONVERGED,float64,cuda:0
forward,2,298,9.508842187131655e-07,True,CONVERGED,float64,cuda:0
adjoint,0,287,8.952431953901077e-07,True,CONVERGED,float64,cuda:0
adjoint,1,283,9.047626256571218e-07,True,CONVERGED,float64,cuda:0
adjoint,2,301,9.772814269147949e-07,True,CONVERGED,float64,cuda:0
forward,0,267,9.714140849619543e-07,True,CONVERGED,float64,cuda:0
forward,1,300,9.034869604272871e-07,True,CONVERGED,float64,cuda:0
forward,2,298,9.513241001773121e-07,True,CONVERGED,float64,cuda:0
adjoint,0,287,8.883862327901277e-07,True,CONVERGED,float64,cuda:0
adjoint,1,283,9.060318922033865e-07,True,CONVERGED,float64,cuda:0
adjoint,2,301,9.73084298863922e-07,True,CONVERGED,float64,cuda:0
forward,0,268,8.905004537998266e-07,True,CONVERGED,float64,cuda:0
forward,1,300,9.037396568813253e-07,True,CONVERGED,float64,cuda:0
forward,2,298,9.50748809692876e-07,True,CONVERGED,float64,cuda:0
adjoint,0,287,8.870668123074838e-07,True,CONVERGED,float64,cuda:0
adjoint,1,283,9.057704692770076e-07,True,CONVERGED,float64,cuda:0
adjoint,2,301,9.71387008377147e-07,True,CONVERGED,float64,cuda:0
forward,0,268,9.217902773222426e-07,True,CONVERGED,float64,cuda:0
forward,1,300,9.024143999928084e-07,True,CONVERGED,float64,cuda:0
forward,2,298,9.498630230565515e-07,True,CONVERGED,float64,cuda:0
adjoint,0,287,8.885344532316886e-07,True,CONVERGED,float64,cuda:0
adjoint,1,283,9.056066143151113e-07,True,CONVERGED,float64,cuda:0
adjoint,2,301,9.705980641011862e-07,True,CONVERGED,float64,cuda:0
forward,0,268,9.75387676959457e-07,True,CONVERGED,float64,cuda:0
forward,1,300,9.010198422461131e-07,True,CONVERGED,float64,cuda:0
forward,2,298,9.487473284665666e-07,True,CONVERGED,float64,cuda:0
adjoint,0,287,8.903847203507729e-07,True,CONVERGED,float64,cuda:0
adjoint,1,283,9.049793890217298e-07,True,CONVERGED,float64,cuda:0
adjoint,2,301,9.707794799305585e-07,True,CONVERGED,float64,cuda:0
forward,0,269,9.651696902250027e-07,True,CONVERGED,float64,cuda:0
forward,1,300,9.013133898352219e-07,True,CONVERGED,float64,cuda:0
forward,2,298,9.477830693104184e-07,True,CONVERGED,float64,cuda:0
adjoint,0,287,8.87626112166049e-07,True,CONVERGED,float64,cuda:0
adjoint,1,283,9.045463954334741e-07,True,CONVERGED,float64,cuda:0
adjoint,2,301,9.691151336161088e-07,True,CONVERGED,float64,cuda:0
forward,0,270,9.200116398415494e-07,True,CONVERGED,float64,cuda:0
forward,1,300,9.022619923571555e-07,True,CONVERGED,float64,cuda:0
forward,2,298,9.472662907225491e-07,True,CONVERGED,float64,cuda:0
adjoint,0,287,8.842048774105443e-07,True,CONVERGED,float64,cuda:0
adjoint,1,283,9.047049831099164e-07,True,CONVERGED,float64,cuda:0
adjoint,2,301,9.675160046720832e-07,True,CONVERGED,float64,cuda:0
forward,0,270,9.142930394114444e-07,True,CONVERGED,float64,cuda:0
forward,1,300,9.025070963138754e-07,True,CONVERGED,float64,cuda:0
forward,2,298,9.466685490976835e-07,True,CONVERGED,float64,cuda:0
adjoint,0,287,8.824112055248967e-07,True,CONVERGED,float64,cuda:0
adjoint,1,283,9.055761376079816e-07,True,CONVERGED,float64,cuda:0
adjoint,2,301,9.667480269039654e-07,True,CONVERGED,float64,cuda:0
forward,0,269,9.81025970629909e-07,True,CONVERGED,float64,cuda:0
forward,1,300,9.026148823945259e-07,True,CONVERGED,float64,cuda:0
forward,2,298,9.462519133626271e-07,True,CONVERGED,float64,cuda:0
adjoint,0,287,8.815005006503365e-07,True,CONVERGED,float64,cuda:0
adjoint,1,283,9.065567980515311e-07,True,CONVERGED,float64,cuda:0
adjoint,2,301,9.659133904846428e-07,True,CONVERGED,float64,cuda:0
forward,0,269,9.366686642986469e-07,True,CONVERGED,float64,cuda:0
forward,1,300,9.041442471645987e-07,True,CONVERGED,float64,cuda:0
forward,2,298,9.462184529555816e-07,True,CONVERGED,float64,cuda:0
adjoint,0,287,8.77472416105935e-07,True,CONVERGED,float64,cuda:0
adjoint,1,283,9.095078731882196e-07,True,CONVERGED,float64,cuda:0
adjoint,2,301,9.644570485037335e-07,True,CONVERGED,float64,cuda:0
forward,0,269,9.343520746137066e-07,True,CONVERGED,float64,cuda:0
forward,1,300,9.0608341335969e-07,True,CONVERGED,float64,cuda:0
forward,2,298,9.463232294787526e-07,True,CONVERGED,float64,cuda:0
adjoint,0,287,8.726620917287518e-07,True,CONVERGED,float64,cuda:0
adjoint,1,283,9.137318719762607e-07,True,CONVERGED,float64,cuda:0
adjoint,2,301,9.630517027412837e-07,True,CONVERGED,float64,cuda:0
forward,0,269,9.066550190171092e-07,True,CONVERGED,float64,cuda:0
forward,1,300,9.073072387278537e-07,True,CONVERGED,float64,cuda:0
forward,2,298,9.46087862261641e-07,True,CONVERGED,float64,cuda:0
adjoint,0,287,8.688966862319479e-07,True,CONVERGED,float64,cuda:0
adjoint,1,283,9.182788348891662e-07,True,CONVERGED,float64,cuda:0
adjoint,2,301,9.61867643206003e-07,True,CONVERGED,float64,cuda:0
forward,0,268,9.813515635451868e-07,True,CONVERGED,float64,cuda:0
forward,1,300,9.076749420831715e-07,True,CONVERGED,float64,cuda:0
forward,2,298,9.457112642985444e-07,True,CONVERGED,float64,cuda:0
adjoint,0,287,8.667266242021318e-07,True,CONVERGED,float64,cuda:0
adjoint,1,283,9.215746469022929e-07,True,CONVERGED,float64,cuda:0
adjoint,2,301,9.612092300877139e-07,True,CONVERGED,float64,cuda:0
forward,0,268,9.812257615404119e-07,True,CONVERGED,float64,cuda:0
forward,1,300,9.074283192078844e-07,True,CONVERGED,float64,cuda:0
forward,2,298,9.447417382846801e-07,True,CONVERGED,float64,cuda:0
adjoint,0,287,8.658879205719088e-07,True,CONVERGED,float64,cuda:0
adjoint,1,283,9.218508904427985e-07,True,CONVERGED,float64,cuda:0
adjoint,2,301,9.618183101054643e-07,True,CONVERGED,float64,cuda:0
forward,0,268,9.943221341609672e-07,True,CONVERGED,float64,cuda:0
forward,1,300,9.074922466880716e-07,True,CONVERGED,float64,cuda:0
forward,2,298,9.439543288853974e-07,True,CONVERGED,float64,cuda:0
adjoint,0,287,8.646464785075145e-07,True,CONVERGED,float64,cuda:0
adjoint,1,283,9.223493676002184e-07,True,CONVERGED,float64,cuda:0
adjoint,2,301,9.619498174349538e-07,True,CONVERGED,float64,cuda:0
forward,0,269,9.41345851673467e-07,True,CONVERGED,float64,cuda:0
forward,1,300,9.079323643847526e-07,True,CONVERGED,float64,cuda:0
forward,2,298,9.429481470542755e-07,True,CONVERGED,float64,cuda:0
adjoint,0,287,8.618790652536053e-07,True,CONVERGED,float64,cuda:0
adjoint,1,283,9.244899155820307e-07,True,CONVERGED,float64,cuda:0
adjoint,2,301,9.619349448672512e-07,True,CONVERGED,float64,cuda:0
forward,0,269,9.602146648512052e-07,True,CONVERGED,float64,cuda:0
forward,1,300,9.080294850469729e-07,True,CONVERGED,float64,cuda:0
forward,2,298,9.420511298604627e-07,True,CONVERGED,float64,cuda:0
adjoint,0,287,8.600343529490446e-07,True,CONVERGED,float64,cuda:0
adjoint,1,283,9.259823196298871e-07,True,CONVERGED,float64,cuda:0
adjoint,2,301,9.621648776811086e-07,True,CONVERGED,float64,cuda:0
forward,0,269,9.422305258594983e-07,True,CONVERGED,float64,cuda:0
forward,1,300,9.07525248284124e-07,True,CONVERGED,float64,cuda:0
forward,2,298,9.411920731119689e-07,True,CONVERGED,float64,cuda:0
adjoint,0,287,8.599945762243731e-07,True,CONVERGED,float64,cuda:0
adjoint,1,283,9.247771610148871e-07,True,CONVERGED,float64,cuda:0
adjoint,2,301,9.62740093552182e-07,True,CONVERGED,float64,cuda:0
forward,0,269,9.167874254673268e-07,True,CONVERGED,float64,cuda:0
forward,1,300,9.073236614233295e-07,True,CONVERGED,float64,cuda:0
forward,2,298,9.40764019591835e-07,True,CONVERGED,float64,cuda:0
adjoint,0,287,8.594968670231148e-07,True,CONVERGED,float64,cuda:0
adjoint,1,283,9.256281157636411e-07,True,CONVERGED,float64,cuda:0
adjoint,2,301,9.628707757658665e-07,True,CONVERGED,float64,cuda:0
forward,0,269,9.207130480525483e-07,True,CONVERGED,float64,cuda:0
forward,1,300,9.079734202578549e-07,True,CONVERGED,float64,cuda:0
forward,2,298,9.405595789084995e-07,True,CONVERGED,float64,cuda:0
adjoint,0,287,8.572539926774023e-07,True,CONVERGED,float64,cuda:0
adjoint,1,283,9.290713921027075e-07,True,CONVERGED,float64,cuda:0
adjoint,2,301,9.628773067336726e-07,True,CONVERGED,float64,cuda:0
forward,0,269,9.325778434528748e-07,True,CONVERGED,float64,cuda:0
forward,1,300,9.093984650277367e-07,True,CONVERGED,float64,cuda:0
forward,2,298,9.40652625370762e-07,True,CONVERGED,float64,cuda:0
adjoint,0,287,8.533126279766417e-07,True,CONVERGED,float64,cuda:0
adjoint,1,283,9.367144697602072e-07,True,CONVERGED,float64,cuda:0
adjoint,2,301,9.621572796978525e-07,True,CONVERGED,float64,cuda:0
forward,0,269,9.041773507187448e-07,True,CONVERGED,float64,cuda:0
forward,1,300,9.103355287691484e-07,True,CONVERGED,float64,cuda:0
forward,2,298,9.40991951691825e-07,True,CONVERGED,float64,cuda:0
adjoint,0,286,9.999111792641584e-07,True,CONVERGED,float64,cuda:0
adjoint,1,283,9.426231341564243e-07,True,CONVERGED,float64,cuda:0
adjoint,2,301,9.615662217102814e-07,True,CONVERGED,float64,cuda:0
forward,0,268,9.78903342129604e-07,True,CONVERGED,float64,cuda:0
forward,1,300,9.10878921259374e-07,True,CONVERGED,float64,cuda:0
forward,2,298,9.411604437779139e-07,True,CONVERGED,float64,cuda:0
adjoint,0,286,9.983052668317943e-07,True,CONVERGED,float64,cuda:0
adjoint,1,283,9.480370398067578e-07,True,CONVERGED,float64,cuda:0
adjoint,2,301,9.610094002783018e-07,True,CONVERGED,float64,cuda:0
forward,0,268,9.589003076833858e-07,True,CONVERGED,float64,cuda:0
forward,1,300,9.1096356629114e-07,True,CONVERGED,float64,cuda:0
forward,2,298,9.410692598282342e-07,True,CONVERGED,float64,cuda:0
adjoint,0,286,9.978505281208408e-07,True,CONVERGED,float64,cuda:0
adjoint,1,283,9.490853982952794e-07,True,CONVERGED,float64,cuda:0
adjoint,2,301,9.614094223400436e-07,True,CONVERGED,float64,cuda:0
forward,0,268,9.658977268025145e-07,True,CONVERGED,float64,cuda:0
forward,1,300,9.117119470763808e-07,True,CONVERGED,float64,cuda:0
forward,2,298,9.410725208215992e-07,True,CONVERGED,float64,cuda:0
adjoint,0,286,9.957099409196932e-07,True,CONVERGED,float64,cuda:0
adjoint,1,283,9.54690286405261e-07,True,CONVERGED,float64,cuda:0
adjoint,2,301,9.605438759998423e-07,True,CONVERGED,float64,cuda:0
forward,0,268,9.902750091169631e-07,True,CONVERGED,float64,cuda:0
forward,1,300,9.120336591180225e-07,True,CONVERGED,float64,cuda:0
forward,2,298,9.408709369369469e-07,True,CONVERGED,float64,cuda:0
adjoint,0,286,9.94367370190779e-07,True,CONVERGED,float64,cuda:0
adjoint,1,283,9.570568664481733e-07,True,CONVERGED,float64,cuda:0
adjoint,2,301,9.605925108280485e-07,True,CONVERGED,float64,cuda:0
forward,0,269,8.955623304173086e-07,True,CONVERGED,float64,cuda:0
forward,1,300,9.119730796064437e-07,True,CONVERGED,float64,cuda:0
forward,2,298,9.405327542308839e-07,True,CONVERGED,float64,cuda:0
adjoint,0,286,9.93907714276285e-07,True,CONVERGED,float64,cuda:0
adjoint,1,283,9.574377096483265e-07,True,CONVERGED,float64,cuda:0
adjoint,2,301,9.604692457486235e-07,True,CONVERGED,float64,cuda:0
forward,0,269,8.96022360819351e-07,True,CONVERGED,float64,cuda:0
forward,1,300,9.114104652765358e-07,True,CONVERGED,float64,cuda:0
forward,2,298,9.401424972727033e-07,True,CONVERGED,float64,cuda:0
adjoint,0,286,9.94461403519148e-07,True,CONVERGED,float64,cuda:0
adjoint,1,283,9.55641209513938e-07,True,CONVERGED,float64,cuda:0
adjoint,2,301,9.609420403702352e-07,True,CONVERGED,float64,cuda:0
forward,0,268,9.999530255249594e-07,True,CONVERGED,float64,cuda:0
forward,1,300,9.112498846382913e-07,True,CONVERGED,float64,cuda:0
forward,2,298,9.39936704109972e-07,True,CONVERGED,float64,cuda:0
adjoint,0,286,9.947340319335233e-07,True,CONVERGED,float64,cuda:0
adjoint,1,283,9.543068055937656e-07,True,CONVERGED,float64,cuda:0
adjoint,2,301,9.61388181715421e-07,True,CONVERGED,float64,cuda:0
forward,0,269,8.985119877199263e-07,True,CONVERGED,float64,cuda:0
forward,1,300,9.115864141228335e-07,True,CONVERGED,float64,cuda:0
forward,2,298,9.399773232921175e-07,True,CONVERGED,float64,cuda:0
adjoint,0,286,9.938697367923716e-07,True,CONVERGED,float64,cuda:0
adjoint,1,283,9.566271535643124e-07,True,CONVERGED,float64,cuda:0
adjoint,2,301,9.612006549789355e-07,True,CONVERGED,float64,cuda:0
forward,0,269,8.949786095988057e-07,True,CONVERGED,float64,cuda:0
forward,1,300,9.123827976505494e-07,True,CONVERGED,float64,cuda:0
forward,2,298,9.402919160584243e-07,True,CONVERGED,float64,cuda:0
adjoint,0,286,9.91993940950269e-07,True,CONVERGED,float64,cuda:0
adjoint,1,283,9.625966274223726e-07,True,CONVERGED,float64,cuda:0
adjoint,2,301,9.605130229567328e-07,True,CONVERGED,float64,cuda:0
forward,0,268,9.83815079777301e-07,True,CONVERGED,float64,cuda:0
forward,1,300,9.13181006805362e-07,True,CONVERGED,float64,cuda:0
forward,2,298,9.404932230981654e-07,True,CONVERGED,float64,cuda:0
adjoint,0,286,9.900058331387422e-07,True,CONVERGED,float64,cuda:0
adjoint,1,283,9.69006716576676e-07,True,CONVERGED,float64,cuda:0
adjoint,2,301,9.596629523361793e-07,True,CONVERGED,float64,cuda:0
forward,0,268,9.804313351365538e-07,True,CONVERGED,float64,cuda:0
forward,1,300,9.129320848815761e-07,True,CONVERGED,float64,cuda:0
forward,2,298,9.403815152775292e-07,True,CONVERGED,float64,cuda:0
adjoint,0,286,9.906679320909504e-07,True,CONVERGED,float64,cuda:0
adjoint,1,283,9.671608718795028e-07,True,CONVERGED,float64,cuda:0
adjoint,2,301,9.60617332127332e-07,True,CONVERGED,float64,cuda:0
forward,0,268,9.599695624398668e-07,True,CONVERGED,float64,cuda:0
forward,1,300,9.134591076224517e-07,True,CONVERGED,float64,cuda:0
forward,2,298,9.404895129372685e-07,True,CONVERGED,float64,cuda:0
adjoint,0,286,9.885765816572285e-07,True,CONVERGED,float64,cuda:0
adjoint,1,283,9.74334490026383e-07,True,CONVERGED,float64,cuda:0
adjoint,2,301,9.592303891826888e-07,True,CONVERGED,float64,cuda:0
forward,0,268,9.772563319150838e-07,True,CONVERGED,float64,cuda:0
forward,1,300,9.135015400501758e-07,True,CONVERGED,float64,cuda:0
forward,2,298,9.403674465779174e-07,True,CONVERGED,float64,cuda:0
adjoint,0,286,9.886824168494899e-07,True,CONVERGED,float64,cuda:0
adjoint,1,283,9.727344946144013e-07,True,CONVERGED,float64,cuda:0
adjoint,2,301,9.596946739843263e-07,True,CONVERGED,float64,cuda:0
forward,0,268,9.692803808417152e-07,True,CONVERGED,float64,cuda:0
forward,1,300,9.136143634640469e-07,True,CONVERGED,float64,cuda:0
forward,2,298,9.40069507780614e-07,True,CONVERGED,float64,cuda:0
adjoint,0,286,9.877725863888275e-07,True,CONVERGED,float64,cuda:0
adjoint,1,283,9.72916986571687e-07,True,CONVERGED,float64,cuda:0
adjoint,2,301,9.590909161391713e-07,True,CONVERGED,float64,cuda:0
forward,0,268,9.63538845929049e-07,True,CONVERGED,float64,cuda:0
forward,1,300,9.13072876204087e-07,True,CONVERGED,float64,cuda:0
forward,2,298,9.397372749743051e-07,True,CONVERGED,float64,cuda:0
adjoint,0,286,9.887899242753e-07,True,CONVERGED,float64,cuda:0
adjoint,1,283,9.687212428409406e-07,True,CONVERGED,float64,cuda:0
adjoint,2,301,9.597051321162897e-07,True,CONVERGED,float64,cuda:0
forward,0,268,9.69206909296015e-07,True,CONVERGED,float64,cuda:0
forward,1,300,9.127464640709772e-07,True,CONVERGED,float64,cuda:0
forward,2,298,9.395902693614888e-07,True,CONVERGED,float64,cuda:0
adjoint,0,286,9.89331974029821e-07,True,CONVERGED,float64,cuda:0
adjoint,1,283,9.663143908450599e-07,True,CONVERGED,float64,cuda:0
adjoint,2,301,9.601360778218193e-07,True,CONVERGED,float64,cuda:0
forward,0,268,9.737448219666492e-07,True,CONVERGED,float64,cuda:0
forward,1,300,9.132264751676401e-07,True,CONVERGED,float64,cuda:0
forward,2,298,9.396126424679777e-07,True,CONVERGED,float64,cuda:0
adjoint,0,286,9.8768068476367e-07,True,CONVERGED,float64,cuda:0
adjoint,1,283,9.703033474629056e-07,True,CONVERGED,float64,cuda:0
adjoint,2,301,9.590119006495887e-07,True,CONVERGED,float64,cuda:0
forward,0,268,9.774835020021737e-07,True,CONVERGED,float64,cuda:0
forward,1,300,9.129846253300774e-07,True,CONVERGED,float64,cuda:0
forward,2,298,9.394731186506901e-07,True,CONVERGED,float64,cuda:0
adjoint,0,286,9.882644077778548e-07,True,CONVERGED,float64,cuda:0
adjoint,1,283,9.678628972965975e-07,True,CONVERGED,float64,cuda:0
adjoint,2,301,9.598451527120566e-07,True,CONVERGED,float64,cuda:0
forward,0,268,9.542374825455527e-07,True,CONVERGED,float64,cuda:0
forward,1,300,9.131250330764526e-07,True,CONVERGED,float64,cuda:0
forward,2,298,9.395246245538846e-07,True,CONVERGED,float64,cuda:0
adjoint,0,286,9.876589961429076e-07,True,CONVERGED,float64,cuda:0
adjoint,1,283,9.694728687889439e-07,True,CONVERGED,float64,cuda:0
adjoint,2,301,9.598530737499427e-07,True,CONVERGED,float64,cuda:0
forward,0,268,9.484451611403895e-07,True,CONVERGED,float64,cuda:0
forward,1,300,9.135025055067183e-07,True,CONVERGED,float64,cuda:0
forward,2,298,9.396455430001178e-07,True,CONVERGED,float64,cuda:0
adjoint,0,286,9.869566457153716e-07,True,CONVERGED,float64,cuda:0
adjoint,1,283,9.719482856934874e-07,True,CONVERGED,float64,cuda:0
adjoint,2,301,9.596611230112554e-07,True,CONVERGED,float64,cuda:0
forward,0,268,9.445835118218962e-07,True,CONVERGED,float64,cuda:0
forward,1,300,9.134385372851762e-07,True,CONVERGED,float64,cuda:0
forward,2,298,9.394913548720914e-07,True,CONVERGED,float64,cuda:0
adjoint,0,286,9.87125640263495e-07,True,CONVERGED,float64,cuda:0
adjoint,1,283,9.705016817015778e-07,True,CONVERGED,float64,cuda:0
adjoint,2,301,9.60115189423697e-07,True,CONVERGED,float64,cuda:0
forward,0,268,9.34980961370872e-07,True,CONVERGED,float64,cuda:0
forward,1,300,9.132073312499368e-07,True,CONVERGED,float64,cuda:0
forward,2,298,9.394222754189483e-07,True,CONVERGED,float64,cuda:0
adjoint,0,286,9.87392716147896e-07,True,CONVERGED,float64,cuda:0
adjoint,1,283,9.688037157220443e-07,True,CONVERGED,float64,cuda:0
adjoint,2,301,9.605213600231758e-07,True,CONVERGED,float64,cuda:0
forward,0,268,9.256649298447511e-07,True,CONVERGED,float64,cuda:0
forward,1,300,9.132073016190097e-07,True,CONVERGED,float64,cuda:0
forward,2,298,9.393606320017322e-07,True,CONVERGED,float64,cuda:0
adjoint,0,286,9.871947445393745e-07,True,CONVERGED,float64,cuda:0
adjoint,1,283,9.690937927703694e-07,True,CONVERGED,float64,cuda:0
adjoint,2,301,9.603001827751348e-07,True,CONVERGED,float64,cuda:0
forward,0,268,9.263128255658511e-07,True,CONVERGED,float64,cuda:0
forward,1,300,9.131550427680019e-07,True,CONVERGED,float64,cuda:0
forward,2,298,9.390667463556413e-07,True,CONVERGED,float64,cuda:0
adjoint,0,286,9.868643230809292e-07,True,CONVERGED,float64,cuda:0
adjoint,1,283,9.685962604724605e-07,True,CONVERGED,float64,cuda:0
adjoint,2,301,9.608587252967418e-07,True,CONVERGED,float64,cuda:0
forward,0,268,9.272455305888494e-07,True,CONVERGED,float64,cuda:0
forward,1,300,9.134243100553643e-07,True,CONVERGED,float64,cuda:0
forward,2,298,9.390026230437104e-07,True,CONVERGED,float64,cuda:0
adjoint,0,286,9.863704657420296e-07,True,CONVERGED,float64,cuda:0
adjoint,1,283,9.68486470958425e-07,True,CONVERGED,float64,cuda:0
adjoint,2,301,9.60599499671269e-07,True,CONVERGED,float64,cuda:0
forward,0,268,9.276199761761702e-07,True,CONVERGED,float64,cuda:0
forward,1,300,9.137732868270749e-07,True,CONVERGED,float64,cuda:0
forward,2,298,9.390138779308608e-07,True,CONVERGED,float64,cuda:0
adjoint,0,286,9.853235404341406e-07,True,CONVERGED,float64,cuda:0
adjoint,1,283,9.712448922063983e-07,True,CONVERGED,float64,cuda:0
adjoint,2,301,9.601395673559076e-07,True,CONVERGED,float64,cuda:0
forward,0,268,9.321694195902825e-07,True,CONVERGED,float64,cuda:0
forward,1,300,9.132168734218329e-07,True,CONVERGED,float64,cuda:0
forward,2,298,9.386885615238252e-07,True,CONVERGED,float64,cuda:0
adjoint,0,286,9.86863078921063e-07,True,CONVERGED,float64,cuda:0
adjoint,1,283,9.649775720138433e-07,True,CONVERGED,float64,cuda:0
adjoint,2,301,9.614256520388525e-07,True,CONVERGED,float64,cuda:0
forward,0,268,9.183344567251422e-07,True,CONVERGED,float64,cuda:0
forward,1,300,9.128625912185634e-07,True,CONVERGED,float64,cuda:0
forward,2,298,9.387155492217867e-07,True,CONVERGED,float64,cuda:0
adjoint,0,286,9.877798786704272e-07,True,CONVERGED,float64,cuda:0
adjoint,1,283,9.628251022850892e-07,True,CONVERGED,float64,cuda:0
adjoint,2,301,9.619639716555827e-07,True,CONVERGED,float64,cuda:0
forward,0,268,9.106237587948692e-07,True,CONVERGED,float64,cuda:0
forward,1,300,9.13478759888576e-07,True,CONVERGED,float64,cuda:0
forward,2,298,9.389163304639655e-07,True,CONVERGED,float64,cuda:0
adjoint,0,286,9.865717412564493e-07,True,CONVERGED,float64,cuda:0
adjoint,1,283,9.674309746760474e-07,True,CONVERGED,float64,cuda:0
adjoint,2,301,9.615436020446812e-07,True,CONVERGED,float64,cuda:0
forward,0,268,9.14648962722347e-07,True,CONVERGED,float64,cuda:0
forward,1,300,9.140424774161477e-07,True,CONVERGED,float64,cuda:0
forward,2,298,9.391801740775617e-07,True,CONVERGED,float64,cuda:0
adjoint,0,286,9.85530195126088e-07,True,CONVERGED,float64,cuda:0
adjoint,1,283,9.71236375996039e-07,True,CONVERGED,float64,cuda:0
adjoint,2,301,9.612359083552293e-07,True,CONVERGED,float64,cuda:0
forward,0,268,9.198176846683202e-07,True,CONVERGED,float64,cuda:0
forward,1,300,9.142998243159001e-07,True,CONVERGED,float64,cuda:0
forward,2,298,9.393078687534947e-07,True,CONVERGED,float64,cuda:0
adjoint,0,286,9.85373817034122e-07,True,CONVERGED,float64,cuda:0
adjoint,1,283,9.7204087469475e-07,True,CONVERGED,float64,cuda:0
adjoint,2,301,9.613118381899585e-07,True,CONVERGED,float64,cuda:0
forward,0,268,9.171843610368867e-07,True,CONVERGED,float64,cuda:0
forward,1,300,9.140946155942209e-07,True,CONVERGED,float64,cuda:0
forward,2,298,9.393977886340319e-07,True,CONVERGED,float64,cuda:0
adjoint,0,286,9.861873840772887e-07,True,CONVERGED,float64,cuda:0
adjoint,1,283,9.70111775335365e-07,True,CONVERGED,float64,cuda:0
adjoint,2,301,9.61685475071856e-07,True,CONVERGED,float64,cuda:0
forward,0,268,9.113350120937308e-07,True,CONVERGED,float64,cuda:0
forward,1,300,9.142632076413868e-07,True,CONVERGED,float64,cuda:0
forward,2,298,9.393912933906474e-07,True,CONVERGED,float64,cuda:0
adjoint,0,286,9.857968269668458e-07,True,CONVERGED,float64,cuda:0
adjoint,1,283,9.712048603023706e-07,True,CONVERGED,float64,cuda:0
adjoint,2,301,9.610364911981971e-07,True,CONVERGED,float64,cuda:0
forward,0,268,9.146014362618254e-07,True,CONVERGED,float64,cuda:0
forward,1,300,9.141426424334993e-07,True,CONVERGED,float64,cuda:0
forward,2,298,9.392920619092905e-07,True,CONVERGED,float64,cuda:0
adjoint,0,286,9.862158206487726e-07,True,CONVERGED,float64,cuda:0
adjoint,1,283,9.691723535106465e-07,True,CONVERGED,float64,cuda:0
adjoint,2,301,9.614922069616856e-07,True,CONVERGED,float64,cuda:0
forward,0,268,9.190065323557287e-07,True,CONVERGED,float64,cuda:0
forward,1,300,9.142844384790096e-07,True,CONVERGED,float64,cuda:0
forward,2,298,9.392728127694956e-07,True,CONVERGED,float64,cuda:0
adjoint,0,286,9.859147219029546e-07,True,CONVERGED,float64,cuda:0
adjoint,1,283,9.689579338894123e-07,True,CONVERGED,float64,cuda:0
adjoint,2,301,9.614495836499743e-07,True,CONVERGED,float64,cuda:0
forward,0,268,9.179043472364306e-07,True,CONVERGED,float64,cuda:0
forward,1,300,9.140427260318024e-07,True,CONVERGED,float64,cuda:0
forward,2,298,9.391630655502818e-07,True,CONVERGED,float64,cuda:0
adjoint,0,286,9.864426741695019e-07,True,CONVERGED,float64,cuda:0
adjoint,1,283,9.66196658595883e-07,True,CONVERGED,float64,cuda:0
adjoint,2,301,9.617535793389158e-07,True,CONVERGED,float64,cuda:0
forward,0,268,9.127549696914467e-07,True,CONVERGED,float64,cuda:0
forward,1,300,9.141360350906361e-07,True,CONVERGED,float64,cuda:0
forward,2,298,9.390881079914996e-07,True,CONVERGED,float64,cuda:0
adjoint,0,286,9.86036701926455e-07,True,CONVERGED,float64,cuda:0
adjoint,1,283,9.671083697559424e-07,True,CONVERGED,float64,cuda:0
adjoint,2,301,9.613738147485509e-07,True,CONVERGED,float64,cuda:0
forward,0,268,9.096152746513904e-07,True,CONVERGED,float64,cuda:0
forward,1,300,9.139677527492316e-07,True,CONVERGED,float64,cuda:0
forward,2,298,9.390695130007735e-07,True,CONVERGED,float64,cuda:0
adjoint,0,286,9.86592191565819e-07,True,CONVERGED,float64,cuda:0
adjoint,1,283,9.651343583393955e-07,True,CONVERGED,float64,cuda:0
adjoint,2,301,9.614873335060305e-07,True,CONVERGED,float64,cuda:0
forward,0,268,9.163468637383394e-07,True,CONVERGED,float64,cuda:0
forward,1,300,9.140491469807568e-07,True,CONVERGED,float64,cuda:0
forward,2,298,9.390424716276387e-07,True,CONVERGED,float64,cuda:0
adjoint,0,286,9.865873183256841e-07,True,CONVERGED,float64,cuda:0
adjoint,1,283,9.643769153261378e-07,True,CONVERGED,float64,cuda:0
adjoint,2,301,9.620581566433108e-07,True,CONVERGED,float64,cuda:0
forward,0,268,9.103910404145919e-07,True,CONVERGED,float64,cuda:0
forward,1,300,9.14350880411507e-07,True,CONVERGED,float64,cuda:0
forward,2,298,9.391638719448466e-07,True,CONVERGED,float64,cuda:0
adjoint,0,286,9.85950112825735e-07,True,CONVERGED,float64,cuda:0
adjoint,1,283,9.660438732891048e-07,True,CONVERGED,float64,cuda:0
adjoint,2,301,9.616489810959256e-07,True,CONVERGED,float64,cuda:0
forward,0,268,9.032152940935411e-07,True,CONVERGED,float64,cuda:0
forward,1,300,9.144829850335901e-07,True,CONVERGED,float64,cuda:0
forward,2,298,9.390697340963372e-07,True,CONVERGED,float64,cuda:0
adjoint,0,286,9.856396456905634e-07,True,CONVERGED,float64,cuda:0
adjoint,1,283,9.659890649268055e-07,True,CONVERGED,float64,cuda:0
adjoint,2,301,9.616085992809695e-07,True,CONVERGED,float64,cuda:0
forward,0,268,8.979331256067674e-07,True,CONVERGED,float64,cuda:0
forward,1,300,9.144059767219101e-07,True,CONVERGED,float64,cuda:0
forward,2,298,9.392153694083593e-07,True,CONVERGED,float64,cuda:0
adjoint,0,286,9.862634438628981e-07,True,CONVERGED,float64,cuda:0
adjoint,1,283,9.645862423835195e-07,True,CONVERGED,float64,cuda:0
adjoint,2,301,9.621173756766399e-07,True,CONVERGED,float64,cuda:0
forward,0,268,8.967297776186279e-07,True,CONVERGED,float64,cuda:0
forward,1,300,9.143612688342403e-07,True,CONVERGED,float64,cuda:0
forward,2,298,9.391257775714433e-07,True,CONVERGED,float64,cuda:0
adjoint,0,286,9.864531730171997e-07,True,CONVERGED,float64,cuda:0
adjoint,1,283,9.635628495062294e-07,True,CONVERGED,float64,cuda:0
adjoint,2,301,9.62202763238933e-07,True,CONVERGED,float64,cuda:0
forward,0,268,8.981581249744641e-07,True,CONVERGED,float64,cuda:0
forward,1,300,9.144463570921627e-07,True,CONVERGED,float64,cuda:0
forward,2,298,9.389717146514276e-07,True,CONVERGED,float64,cuda:0
adjoint,0,286,9.860932705605695e-07,True,CONVERGED,float64,cuda:0
adjoint,1,283,9.631546033257622e-07,True,CONVERGED,float64,cuda:0
adjoint,2,301,9.62126960371469e-07,True,CONVERGED,float64,cuda:0
forward,0,268,8.969438881767519e-07,True,CONVERGED,float64,cuda:0
forward,1,300,9.143132454626389e-07,True,CONVERGED,float64,cuda:0
forward,2,298,9.39007057855836e-07,True,CONVERGED,float64,cuda:0
adjoint,0,286,9.864016508926178e-07,True,CONVERGED,float64,cuda:0
adjoint,1,283,9.62025924917375e-07,True,CONVERGED,float64,cuda:0
adjoint,2,301,9.62079268616123e-07,True,CONVERGED,float64,cuda:0
forward,0,268,9.072470802347756e-07,True,CONVERGED,float64,cuda:0
forward,1,300,9.14506953866808e-07,True,CONVERGED,float64,cuda:0
forward,2,298,9.388679377742475e-07,True,CONVERGED,float64,cuda:0
adjoint,0,286,9.861641228115048e-07,True,CONVERGED,float64,cuda:0
adjoint,1,283,9.61525994773608e-07,True,CONVERGED,float64,cuda:0
adjoint,2,301,9.620859706343385e-07,True,CONVERGED,float64,cuda:0
forward,0,268,9.076291108981954e-07,True,CONVERGED,float64,cuda:0
forward,1,300,9.14537825609793e-07,True,CONVERGED,float64,cuda:0
forward,2,298,9.388767211463908e-07,True,CONVERGED,float64,cuda:0
adjoint,0,286,9.860220390007886e-07,True,CONVERGED,float64,cuda:0
adjoint,1,283,9.606744610372751e-07,True,CONVERGED,float64,cuda:0
adjoint,2,301,9.619418400617426e-07,True,CONVERGED,float64,cuda:0
forward,0,268,8.979189631625562e-07,True,CONVERGED,float64,cuda:0
forward,1,300,9.140958605450227e-07,True,CONVERGED,float64,cuda:0
forward,2,298,9.38872825790747e-07,True,CONVERGED,float64,cuda:0
adjoint,0,286,9.8720028472094e-07,True,CONVERGED,float64,cuda:0
adjoint,1,283,9.573742976097155e-07,True,CONVERGED,float64,cuda:0
adjoint,2,301,9.62445816610979e-07,True,CONVERGED,float64,cuda:0
forward,0,268,8.851417395509888e-07,True,CONVERGED,float64,cuda:0
forward,1,300,9.143842063453779e-07,True,CONVERGED,float64,cuda:0
forward,2,298,9.390525652064695e-07,True,CONVERGED,float64,cuda:0
adjoint,0,286,9.864650431525518e-07,True,CONVERGED,float64,cuda:0
adjoint,1,283,9.604796040194166e-07,True,CONVERGED,float64,cuda:0
adjoint,2,301,9.613301102697516e-07,True,CONVERGED,float64,cuda:0
forward,0,268,8.866269055818752e-07,True,CONVERGED,float64,cuda:0
forward,1,300,9.146966002497485e-07,True,CONVERGED,float64,cuda:0
forward,2,298,9.390946584800937e-07,True,CONVERGED,float64,cuda:0
adjoint,0,286,9.85900886377481e-07,True,CONVERGED,float64,cuda:0
adjoint,1,283,9.617240043562655e-07,True,CONVERGED,float64,cuda:0
adjoint,2,301,9.612987748968764e-07,True,CONVERGED,float64,cuda:0
forward,0,268,9.038909157526907e-07,True,CONVERGED,float64,cuda:0
forward,1,300,9.153182474139918e-07,True,CONVERGED,float64,cuda:0
forward,2,298,9.39102145901186e-07,True,CONVERGED,float64,cuda:0
adjoint,0,286,9.849071221279736e-07,True,CONVERGED,float64,cuda:0
adjoint,1,283,9.62661861343305e-07,True,CONVERGED,float64,cuda:0
adjoint,2,301,9.61473280098611e-07,True,CONVERGED,float64,cuda:0
forward,0,268,9.047891013666598e-07,True,CONVERGED,float64,cuda:0
forward,1,300,9.151087278613926e-07,True,CONVERGED,float64,cuda:0
forward,2,298,9.38930119348311e-07,True,CONVERGED,float64,cuda:0
adjoint,0,286,9.854504443873091e-07,True,CONVERGED,float64,cuda:0
adjoint,1,283,9.5993482045586e-07,True,CONVERGED,float64,cuda:0
adjoint,2,301,9.618396955018212e-07,True,CONVERGED,float64,cuda:0
forward,0,268,8.937011929996403e-07,True,CONVERGED,float64,cuda:0
forward,1,300,9.142836977681519e-07,True,CONVERGED,float64,cuda:0
forward,2,298,9.386783793835384e-07,True,CONVERGED,float64,cuda:0
adjoint,0,286,9.862928966777302e-07,True,CONVERGED,float64,cuda:0
adjoint,1,283,9.573466568897687e-07,True,CONVERGED,float64,cuda:0
adjoint,2,301,9.61668642867364e-07,True,CONVERGED,float64,cuda:0
forward,0,268,8.901026170860692e-07,True,CONVERGED,float64,cuda:0
forward,1,300,9.141286345049476e-07,True,CONVERGED,float64,cuda:0
forward,2,298,9.386660412027552e-07,True,CONVERGED,float64,cuda:0
adjoint,0,286,9.865969232589142e-07,True,CONVERGED,float64,cuda:0
adjoint,1,283,9.563365121767188e-07,True,CONVERGED,float64,cuda:0
adjoint,2,301,9.61509481854891e-07,True,CONVERGED,float64,cuda:0
forward,0,268,8.924940531634717e-07,True,CONVERGED,float64,cuda:0
forward,1,300,9.145977649907605e-07,True,CONVERGED,float64,cuda:0
forward,2,298,9.387957648455606e-07,True,CONVERGED,float64,cuda:0
adjoint,0,286,9.858590410013924e-07,True,CONVERGED,float64,cuda:0
adjoint,1,283,9.580258591756707e-07,True,CONVERGED,float64,cuda:0
adjoint,2,301,9.610365324987465e-07,True,CONVERGED,float64,cuda:0
forward,0,268,9.048730116798584e-07,True,CONVERGED,float64,cuda:0
forward,1,300,9.150887425683025e-07,True,CONVERGED,float64,cuda:0
forward,2,298,9.38913326423332e-07,True,CONVERGED,float64,cuda:0
adjoint,0,286,9.85540148415717e-07,True,CONVERGED,float64,cuda:0
adjoint,1,283,9.57579076963828e-07,True,CONVERGED,float64,cuda:0
adjoint,2,301,9.61828315657713e-07,True,CONVERGED,float64,cuda:0
forward,0,268,9.003751400266391e-07,True,CONVERGED,float64,cuda:0
forward,1,300,9.152069184372386e-07,True,CONVERGED,float64,cuda:0
forward,2,298,9.390679086652352e-07,True,CONVERGED,float64,cuda:0
adjoint,0,286,9.851825742328248e-07,True,CONVERGED,float64,cuda:0
adjoint,1,283,9.590477038496625e-07,True,CONVERGED,float64,cuda:0
adjoint,2,301,9.61201767731562e-07,True,CONVERGED,float64,cuda:0
forward,0,268,8.914239411175417e-07,True,CONVERGED,float64,cuda:0
forward,1,300,9.148384646450789e-07,True,CONVERGED,float64,cuda:0
forward,2,298,9.389580718606138e-07,True,CONVERGED,float64,cuda:0
adjoint,0,286,9.853683690038843e-07,True,CONVERGED,float64,cuda:0
adjoint,1,283,9.580477926312241e-07,True,CONVERGED,float64,cuda:0
adjoint,2,301,9.604720468457482e-07,True,CONVERGED,float64,cuda:0
forward,0,268,8.889648475407416e-07,True,CONVERGED,float64,cuda:0
forward,1,300,9.146039876737263e-07,True,CONVERGED,float64,cuda:0
forward,2,298,9.389137099558827e-07,True,CONVERGED,float64,cuda:0
adjoint,0,286,9.858916558509025e-07,True,CONVERGED,float64,cuda:0
adjoint,1,283,9.56221608953823e-07,True,CONVERGED,float64,cuda:0
adjoint,2,301,9.601458980697383e-07,True,CONVERGED,float64,cuda:0
forward,0,268,8.933877210268922e-07,True,CONVERGED,float64,cuda:0
forward,1,300,9.147246336264087e-07,True,CONVERGED,float64,cuda:0
forward,2,298,9.389054407887547e-07,True,CONVERGED,float64,cuda:0
adjoint,0,286,9.856615165364367e-07,True,CONVERGED,float64,cuda:0
adjoint,1,283,9.561421214835273e-07,True,CONVERGED,float64,cuda:0
adjoint,2,301,9.602479848673176e-07,True,CONVERGED,float64,cuda:0
forward,0,268,8.950037407057229e-07,True,CONVERGED,float64,cuda:0
forward,1,300,9.151571958542299e-07,True,CONVERGED,float64,cuda:0
forward,2,298,9.388835361285899e-07,True,CONVERGED,float64,cuda:0
adjoint,0,286,9.847928234483976e-07,True,CONVERGED,float64,cuda:0
adjoint,1,283,9.575521702319122e-07,True,CONVERGED,float64,cuda:0
adjoint,2,301,9.598203839588255e-07,True,CONVERGED,float64,cuda:0
forward,0,268,8.961980696108636e-07,True,CONVERGED,float64,cuda:0
forward,1,300,9.151151930775701e-07,True,CONVERGED,float64,cuda:0
forward,2,298,9.388313749490171e-07,True,CONVERGED,float64,cuda:0
adjoint,0,286,9.849625279594016e-07,True,CONVERGED,float64,cuda:0
adjoint,1,283,9.56256951511548e-07,True,CONVERGED,float64,cuda:0
adjoint,2,301,9.601636150515417e-07,True,CONVERGED,float64,cuda:0
forward,0,268,8.881053303479242e-07,True,CONVERGED,float64,cuda:0
forward,1,300,9.152431408807906e-07,True,CONVERGED,float64,cuda:0
forward,2,298,9.389901035968501e-07,True,CONVERGED,float64,cuda:0
adjoint,0,286,9.844565625379096e-07,True,CONVERGED,float64,cuda:0
adjoint,1,283,9.582714591883002e-07,True,CONVERGED,float64,cuda:0
adjoint,2,301,9.589434923271106e-07,True,CONVERGED,float64,cuda:0
forward,0,268,8.900195849851428e-07,True,CONVERGED,float64,cuda:0
forward,1,300,9.148283793252777e-07,True,CONVERGED,float64,cuda:0
forward,2,298,9.387911424867045e-07,True,CONVERGED,float64,cuda:0
adjoint,0,286,9.852181429127638e-07,True,CONVERGED,float64,cuda:0
adjoint,1,283,9.55382332116842e-07,True,CONVERGED,float64,cuda:0
adjoint,2,301,9.594904757366232e-07,True,CONVERGED,float64,cuda:0
forward,0,268,8.936936666193371e-07,True,CONVERGED,float64,cuda:0
forward,1,300,9.146062286006854e-07,True,CONVERGED,float64,cuda:0
forward,2,298,9.385216998188704e-07,True,CONVERGED,float64,cuda:0
adjoint,0,286,9.85664264060448e-07,True,CONVERGED,float64,cuda:0
adjoint,1,283,9.522797027370012e-07,True,CONVERGED,float64,cuda:0
adjoint,2,301,9.598954891315912e-07,True,CONVERGED,float64,cuda:0
forward,0,268,8.94573244775967e-07,True,CONVERGED,float64,cuda:0
forward,1,300,9.14912397711765e-07,True,CONVERGED,float64,cuda:0
forward,2,298,9.384875385253929e-07,True,CONVERGED,float64,cuda:0
adjoint,0,286,9.845453923337026e-07,True,CONVERGED,float64,cuda:0
adjoint,1,283,9.546232600505933e-07,True,CONVERGED,float64,cuda:0
adjoint,2,301,9.596732656419445e-07,True,CONVERGED,float64,cuda:0
forward,0,268,8.915307203526358e-07,True,CONVERGED,float64,cuda:0
forward,1,300,9.148280046939869e-07,True,CONVERGED,float64,cuda:0
forward,2,298,9.383414610977153e-07,True,CONVERGED,float64,cuda:0
adjoint,0,286,9.846242958999128e-07,True,CONVERGED,float64,cuda:0
adjoint,1,283,9.533221621858074e-07,True,CONVERGED,float64,cuda:0
adjoint,2,301,9.597748096577026e-07,True,CONVERGED,float64,cuda:0
forward,0,268,8.896309824856046e-07,True,CONVERGED,float64,cuda:0
forward,1,300,9.148006786043411e-07,True,CONVERGED,float64,cuda:0
forward,2,298,9.384939864033702e-07,True,CONVERGED,float64,cuda:0
adjoint,0,286,9.846925335834268e-07,True,CONVERGED,float64,cuda:0
adjoint,1,283,9.536097135830455e-07,True,CONVERGED,float64,cuda:0
adjoint,2,301,9.595569078297646e-07,True,CONVERGED,float64,cuda:0
forward,0,268,8.87692019919399e-07,True,CONVERGED,float64,cuda:0
forward,1,300,9.150391684034399e-07,True,CONVERGED,float64,cuda:0
forward,2,298,9.385095678088703e-07,True,CONVERGED,float64,cuda:0
adjoint,0,286,9.844111649390988e-07,True,CONVERGED,float64,cuda:0
adjoint,1,283,9.54178272985676e-07,True,CONVERGED,float64,cuda:0
adjoint,2,301,9.593418772393254e-07,True,CONVERGED,float64,cuda:0
forward,0,268,8.873785372917394e-07,True,CONVERGED,float64,cuda:0
forward,1,300,9.154313513922293e-07,True,CONVERGED,float64,cuda:0
forward,2,298,9.386964572241158e-07,True,CONVERGED,float64,cuda:0
adjoint,0,286,9.83283767332625e-07,True,CONVERGED,float64,cuda:0
adjoint,1,283,9.570418802284748e-07,True,CONVERGED,float64,cuda:0
adjoint,2,301,9.583787962977627e-07,True,CONVERGED,float64,cuda:0
forward,0,268,8.867283145984955e-07,True,CONVERGED,float64,cuda:0
forward,1,300,9.154489330985748e-07,True,CONVERGED,float64,cuda:0
forward,2,298,9.385590357951398e-07,True,CONVERGED,float64,cuda:0
adjoint,0,286,9.834785036684253e-07,True,CONVERGED,float64,cuda:0
adjoint,1,283,9.552236508887735e-07,True,CONVERGED,float64,cuda:0
adjoint,2,301,9.587261238620661e-07,True,CONVERGED,float64,cuda:0
forward,0,268,8.881413824030416e-07,True,CONVERGED,float64,cuda:0
forward,1,300,9.150469973918144e-07,True,CONVERGED,float64,cuda:0
forward,2,298,9.384449198830875e-07,True,CONVERGED,float64,cuda:0
adjoint,0,286,9.842430107190018e-07,True,CONVERGED,float64,cuda:0
adjoint,1,283,9.522756408652663e-07,True,CONVERGED,float64,cuda:0
adjoint,2,301,9.591459689135919e-07,True,CONVERGED,float64,cuda:0
forward,0,268,8.84436021974116e-07,True,CONVERGED,float64,cuda:0
forward,1,300,9.147784299901582e-07,True,CONVERGED,float64,cuda:0
forward,2,298,9.383496712353258e-07,True,CONVERGED,float64,cuda:0
adjoint,0,286,9.845786380440797e-07,True,CONVERGED,float64,cuda:0
adjoint,1,283,9.507805162907445e-07,True,CONVERGED,float64,cuda:0
adjoint,2,301,9.590538471403102e-07,True,CONVERGED,float64,cuda:0
forward,0,268,8.832284272454277e-07,True,CONVERGED,float64,cuda:0
forward,1,300,9.145483810760343e-07,True,CONVERGED,float64,cuda:0
forward,2,298,9.382440813210948e-07,True,CONVERGED,float64,cuda:0
adjoint,0,286,9.853077813139948e-07,True,CONVERGED,float64,cuda:0
adjoint,1,283,9.480380273107687e-07,True,CONVERGED,float64,cuda:0
adjoint,2,301,9.593861114432242e-07,True,CONVERGED,float64,cuda:0
forward,0,268,8.828394112076028e-07,True,CONVERGED,float64,cuda:0
forward,1,300,9.149759403287477e-07,True,CONVERGED,float64,cuda:0
forward,2,298,9.384768999584555e-07,True,CONVERGED,float64,cuda:0
adjoint,0,286,9.840320689451699e-07,True,CONVERGED,float64,cuda:0
adjoint,1,283,9.516303345761261e-07,True,CONVERGED,float64,cuda:0
adjoint,2,301,9.581523449970163e-07,True,CONVERGED,float64,cuda:0
forward,0,268,8.879108103845158e-07,True,CONVERGED,float64,cuda:0
forward,1,300,9.147675698953982e-07,True,CONVERGED,float64,cuda:0
forward,2,298,9.383880982694147e-07,True,CONVERGED,float64,cuda:0
adjoint,0,286,9.848783205238808e-07,True,CONVERGED,float64,cuda:0
adjoint,1,283,9.482398816158368e-07,True,CONVERGED,float64,cuda:0
adjoint,2,301,9.590242832318153e-07,True,CONVERGED,float64,cuda:0
forward,0,268,8.863364972432422e-07,True,CONVERGED,float64,cuda:0
forward,1,300,9.150908558898123e-07,True,CONVERGED,float64,cuda:0
forward,2,298,9.384861523970005e-07,True,CONVERGED,float64,cuda:0
adjoint,0,286,9.838496082306007e-07,True,CONVERGED,float64,cuda:0
adjoint,1,283,9.508273745119166e-07,True,CONVERGED,float64,cuda:0
adjoint,2,301,9.580201671535889e-07,True,CONVERGED,float64,cuda:0
forward,0,268,8.869261328437589e-07,True,CONVERGED,float64,cuda:0
forward,1,300,9.148946092499828e-07,True,CONVERGED,float64,cuda:0
forward,2,298,9.385278050158684e-07,True,CONVERGED,float64,cuda:0
adjoint,0,286,9.84369952145344e-07,True,CONVERGED,float64,cuda:0
adjoint,1,283,9.493645235467157e-07,True,CONVERGED,float64,cuda:0
adjoint,2,301,9.582242824248971e-07,True,CONVERGED,float64,cuda:0
forward,0,268,8.86321181842898e-07,True,CONVERGED,float64,cuda:0
forward,1,300,9.148079517942121e-07,True,CONVERGED,float64,cuda:0
forward,2,298,9.384752652566925e-07,True,CONVERGED,float64,cuda:0
adjoint,0,286,9.844901563344735e-07,True,CONVERGED,float64,cuda:0
adjoint,1,283,9.488481082386674e-07,True,CONVERGED,float64,cuda:0
adjoint,2,301,9.57970702016708e-07,True,CONVERGED,float64,cuda:0
forward,0,268,8.862133771351044e-07,True,CONVERGED,float64,cuda:0
forward,1,300,9.146866350631529e-07,True,CONVERGED,float64,cuda:0
forward,2,298,9.383473956033045e-07,True,CONVERGED,float64,cuda:0
adjoint,0,286,9.846703753639909e-07,True,CONVERGED,float64,cuda:0
adjoint,1,283,9.477255331018136e-07,True,CONVERGED,float64,cuda:0
adjoint,2,301,9.58474412817776e-07,True,CONVERGED,float64,cuda:0
forward,0,268,8.8847677628376e-07,True,CONVERGED,float64,cuda:0
forward,1,300,9.150730780814954e-07,True,CONVERGED,float64,cuda:0
forward,2,298,9.384232006389676e-07,True,CONVERGED,float64,cuda:0
adjoint,0,286,9.837868837661978e-07,True,CONVERGED,float64,cuda:0
adjoint,1,283,9.497932460255088e-07,True,CONVERGED,float64,cuda:0
adjoint,2,301,9.583839671307355e-07,True,CONVERGED,float64,cuda:0
forward,0,268,8.868046487901039e-07,True,CONVERGED,float64,cuda:0
forward,1,300,9.152105644482354e-07,True,CONVERGED,float64,cuda:0
forward,2,298,9.384469785330174e-07,True,CONVERGED,float64,cuda:0
adjoint,0,286,9.838437405612655e-07,True,CONVERGED,float64,cuda:0
adjoint,1,283,9.484848024214177e-07,True,CONVERGED,float64,cuda:0
adjoint,2,301,9.583962129411424e-07,True,CONVERGED,float64,cuda:0
forward,0,268,8.857978676270867e-07,True,CONVERGED,float64,cuda:0
forward,1,300,9.153887803994555e-07,True,CONVERGED,float64,cuda:0
forward,2,298,9.386418338012641e-07,True,CONVERGED,float64,cuda:0
adjoint,0,286,9.832133091752097e-07,True,CONVERGED,float64,cuda:0
adjoint,1,283,9.506201543241821e-07,True,CONVERGED,float64,cuda:0
adjoint,2,301,9.574192862461107e-07,True,CONVERGED,float64,cuda:0
forward,0,268,8.842288540234031e-07,True,CONVERGED,float64,cuda:0
forward,1,300,9.152263820032971e-07,True,CONVERGED,float64,cuda:0
forward,2,298,9.385021054635942e-07,True,CONVERGED,float64,cuda:0
adjoint,0,286,9.831288811691942e-07,True,CONVERGED,float64,cuda:0
adjoint,1,283,9.500787679412753e-07,True,CONVERGED,float64,cuda:0
adjoint,2,301,9.56993504797836e-07,True,CONVERGED,float64,cuda:0
forward,0,268,8.846746732720889e-07,True,CONVERGED,float64,cuda:0
forward,1,300,9.149768623878495e-07,True,CONVERGED,float64,cuda:0
forward,2,298,9.383967765108327e-07,True,CONVERGED,float64,cuda:0
adjoint,0,286,9.833795562403299e-07,True,CONVERGED,float64,cuda:0
adjoint,1,283,9.486612388820504e-07,True,CONVERGED,float64,cuda:0
adjoint,2,301,9.569155002846935e-07,True,CONVERGED,float64,cuda:0
forward,0,268,8.867883367641846e-07,True,CONVERGED,float64,cuda:0
forward,1,300,9.150720256694494e-07,True,CONVERGED,float64,cuda:0
forward,2,298,9.382575923486384e-07,True,CONVERGED,float64,cuda:0
adjoint,0,286,9.83110744089032e-07,True,CONVERGED,float64,cuda:0
adjoint,1,283,9.481913345696137e-07,True,CONVERGED,float64,cuda:0
adjoint,2,301,9.568726176206418e-07,True,CONVERGED,float64,cuda:0
forward,0,268,8.944765656865676e-07,True,CONVERGED,float64,cuda:0
forward,1,300,9.147069656797742e-07,True,CONVERGED,float64,cuda:0
forward,2,298,9.381260075080877e-07,True,CONVERGED,float64,cuda:0
adjoint,0,286,9.839270103369376e-07,True,CONVERGED,float64,cuda:0
adjoint,1,283,9.44777152641001e-07,True,CONVERGED,float64,cuda:0
adjoint,2,301,9.575221883283171e-07,True,CONVERGED,float64,cuda:0
forward,0,268,8.888717466689032e-07,True,CONVERGED,float64,cuda:0
forward,1,300,9.148109598553825e-07,True,CONVERGED,float64,cuda:0
forward,2,298,9.38124554713946e-07,True,CONVERGED,float64,cuda:0
adjoint,0,286,9.834026742765835e-07,True,CONVERGED,float64,cuda:0
adjoint,1,283,9.459557048495559e-07,True,CONVERGED,float64,cuda:0
adjoint,2,301,9.569540148349324e-07,True,CONVERGED,float64,cuda:0
forward,0,268,8.868549851192252e-07,True,CONVERGED,float64,cuda:0
forward,1,300,9.146884477548111e-07,True,CONVERGED,float64,cuda:0
forward,2,298,9.382503636236821e-07,True,CONVERGED,float64,cuda:0
adjoint,0,286,9.839043723562072e-07,True,CONVERGED,float64,cuda:0
adjoint,1,283,9.453226551276894e-07,True,CONVERGED,float64,cuda:0
adjoint,2,301,9.569705667463771e-07,True,CONVERGED,float64,cuda:0
forward,0,268,8.852390350728758e-07,True,CONVERGED,float64,cuda:0
forward,1,300,9.147191783065759e-07,True,CONVERGED,float64,cuda:0
forward,2,298,9.382187111865303e-07,True,CONVERGED,float64,cuda:0
adjoint,0,286,9.841744322223803e-07,True,CONVERGED,float64,cuda:0
adjoint,1,283,9.442738506272939e-07,True,CONVERGED,float64,cuda:0
adjoint,2,301,9.570877728374164e-07,True,CONVERGED,float64,cuda:0
forward,0,268,8.853167070546708e-07,True,CONVERGED,float64,cuda:0
forward,1,300,9.151752706761414e-07,True,CONVERGED,float64,cuda:0
forward,2,298,9.383567159524969e-07,True,CONVERGED,float64,cuda:0
adjoint,0,286,9.834352796650506e-07,True,CONVERGED,float64,cuda:0
adjoint,1,283,9.460366526080297e-07,True,CONVERGED,float64,cuda:0
adjoint,2,301,9.565370968821121e-07,True,CONVERGED,float64,cuda:0
forward,0,268,8.856285809115686e-07,True,CONVERGED,float64,cuda:0
forward,1,300,9.155279820678165e-07,True,CONVERGED,float64,cuda:0
forward,2,298,9.384769596076944e-07,True,CONVERGED,float64,cuda:0
adjoint,0,286,9.827765291596602e-07,True,CONVERGED,float64,cuda:0
adjoint,1,283,9.477515025833008e-07,True,CONVERGED,float64,cuda:0
adjoint,2,301,9.563919150809866e-07,True,CONVERGED,float64,cuda:0
forward,0,268,8.860265039055411e-07,True,CONVERGED,float64,cuda:0
forward,1,300,9.155827044473694e-07,True,CONVERGED,float64,cuda:0
forward,2,298,9.385734500833068e-07,True,CONVERGED,float64,cuda:0
adjoint,0,286,9.825654004673961e-07,True,CONVERGED,float64,cuda:0
adjoint,1,283,9.481862734628482e-07,True,CONVERGED,float64,cuda:0
adjoint,2,301,9.562741878887973e-07,True,CONVERGED,float64,cuda:0
forward,0,268,8.864378458020349e-07,True,CONVERGED,float64,cuda:0
forward,1,300,9.155206856643646e-07,True,CONVERGED,float64,cuda:0
forward,2,298,9.384777758797295e-07,True,CONVERGED,float64,cuda:0
adjoint,0,286,9.824559510729072e-07,True,CONVERGED,float64,cuda:0
adjoint,1,283,9.478837980888007e-07,True,CONVERGED,float64,cuda:0
adjoint,2,301,9.56099806094689e-07,True,CONVERGED,float64,cuda:0
forward,0,268,8.871613020390125e-07,True,CONVERGED,float64,cuda:0
forward,1,300,9.152125111421511e-07,True,CONVERGED,float64,cuda:0
forward,2,298,9.382557140923966e-07,True,CONVERGED,float64,cuda:0
adjoint,0,286,9.827263756104249e-07,True,CONVERGED,float64,cuda:0
adjoint,1,283,9.455779763493626e-07,True,CONVERGED,float64,cuda:0
adjoint,2,301,9.562197251475833e-07,True,CONVERGED,float64,cuda:0
forward,0,268,8.878053264666306e-07,True,CONVERGED,float64,cuda:0
forward,1,300,9.146798403148905e-07,True,CONVERGED,float64,cuda:0
forward,2,298,9.380495570903537e-07,True,CONVERGED,float64,cuda:0
adjoint,0,286,9.835505108824803e-07,True,CONVERGED,float64,cuda:0
adjoint,1,283,9.426344451382224e-07,True,CONVERGED,float64,cuda:0
adjoint,2,301,9.564132147484266e-07,True,CONVERGED,float64,cuda:0
forward,0,268,8.879371165411985e-07,True,CONVERGED,float64,cuda:0
forward,1,300,9.149414299607629e-07,True,CONVERGED,float64,cuda:0
forward,2,298,9.380486175920851e-07,True,CONVERGED,float64,cuda:0
adjoint,0,286,9.82663304173755e-07,True,CONVERGED,float64,cuda:0
adjoint,1,283,9.442185282600644e-07,True,CONVERGED,float64,cuda:0
adjoint,2,301,9.556486578439805e-07,True,CONVERGED,float64,cuda:0
forward,0,268,8.886283988231214e-07,True,CONVERGED,float64,cuda:0
forward,1,300,9.148093764627673e-07,True,CONVERGED,float64,cuda:0
forward,2,298,9.379229692588775e-07,True,CONVERGED,float64,cuda:0
adjoint,0,286,9.832492180450283e-07,True,CONVERGED,float64,cuda:0
adjoint,1,283,9.41867011468669e-07,True,CONVERGED,float64,cuda:0
adjoint,2,301,9.562282811985323e-07,True,CONVERGED,float64,cuda:0
forward,0,268,8.880849767823927e-07,True,CONVERGED,float64,cuda:0
forward,1,300,9.149496234314004e-07,True,CONVERGED,float64,cuda:0
forward,2,298,9.380585110857138e-07,True,CONVERGED,float64,cuda:0
adjoint,0,286,9.82720442444682e-07,True,CONVERGED,float64,cuda:0
adjoint,1,283,9.431032354860025e-07,True,CONVERGED,float64,cuda:0
adjoint,2,301,9.55969055814723e-07,True,CONVERGED,float64,cuda:0
forward,0,268,8.896588848899066e-07,True,CONVERGED,float64,cuda:0
forward,1,300,9.148821126779788e-07,True,CONVERGED,float64,cuda:0
forward,2,298,9.379996349894194e-07,True,CONVERGED,float64,cuda:0
adjoint,0,286,9.824855832129022e-07,True,CONVERGED,float64,cuda:0
adjoint,1,283,9.435977707028494e-07,True,CONVERGED,float64,cuda:0
adjoint,2,301,9.551662122433083e-07,True,CONVERGED,float64,cuda:0
forward,0,268,8.913168728900737e-07,True,CONVERGED,float64,cuda:0
forward,1,300,9.151653909054561e-07,True,CONVERGED,float64,cuda:0
forward,2,298,9.381575510249015e-07,True,CONVERGED,float64,cuda:0
adjoint,0,286,9.818951416928453e-07,True,CONVERGED,float64,cuda:0
adjoint,1,283,9.45253402623774e-07,True,CONVERGED,float64,cuda:0
adjoint,2,301,9.54601660739524e-07,True,CONVERGED,float64,cuda:0
forward,0,268,8.907890469790031e-07,True,CONVERGED,float64,cuda:0
forward,1,300,9.153941752426369e-07,True,CONVERGED,float64,cuda:0
forward,2,298,9.382360705964089e-07,True,CONVERGED,float64,cuda:0
adjoint,0,286,9.8178827216268e-07,True,CONVERGED,float64,cuda:0
adjoint,1,283,9.450177665812105e-07,True,CONVERGED,float64,cuda:0
adjoint,2,301,9.547422649897202e-07,True,CONVERGED,float64,cuda:0
forward,0,268,8.900449390349716e-07,True,CONVERGED,float64,cuda:0
forward,1,300,9.153436960560862e-07,True,CONVERGED,float64,cuda:0
forward,2,298,9.381284113909142e-07,True,CONVERGED,float64,cuda:0
adjoint,0,286,9.823612562848904e-07,True,CONVERGED,float64,cuda:0
adjoint,1,283,9.424274084320042e-07,True,CONVERGED,float64,cuda:0
adjoint,2,301,9.552599188962005e-07,True,CONVERGED,float64,cuda:0
forward,0,268,8.912808846464274e-07,True,CONVERGED,float64,cuda:0
forward,1,300,9.150974033352683e-07,True,CONVERGED,float64,cuda:0
forward,2,298,9.380608046836612e-07,True,CONVERGED,float64,cuda:0
adjoint,0,286,9.823370589133678e-07,True,CONVERGED,float64,cuda:0
adjoint,1,283,9.423138035225572e-07,True,CONVERGED,float64,cuda:0
adjoint,2,301,9.547637856113092e-07,True,CONVERGED,float64,cuda:0
forward,0,268,8.916832641377095e-07,True,CONVERGED,float64,cuda:0
forward,1,300,9.147808161397727e-07,True,CONVERGED,float64,cuda:0
forward,2,298,9.379743861863263e-07,True,CONVERGED,float64,cuda:0
adjoint,0,286,9.830249123952735e-07,True,CONVERGED,float64,cuda:0
adjoint,1,283,9.401928575417704e-07,True,CONVERGED,float64,cuda:0
adjoint,2,301,9.553103573458797e-07,True,CONVERGED,float64,cuda:0
forward,0,268,8.920251292438794e-07,True,CONVERGED,float64,cuda:0
forward,1,300,9.148448038192635e-07,True,CONVERGED,float64,cuda:0
forward,2,298,9.379978857040564e-07,True,CONVERGED,float64,cuda:0
adjoint,0,286,9.824665281791905e-07,True,CONVERGED,float64,cuda:0
adjoint,1,283,9.410611858139504e-07,True,CONVERGED,float64,cuda:0
adjoint,2,301,9.54610766882479e-07,True,CONVERGED,float64,cuda:0
forward,0,268,8.927668133745455e-07,True,CONVERGED,float64,cuda:0
forward,1,300,9.148690034158571e-07,True,CONVERGED,float64,cuda:0
forward,2,298,9.379297841747085e-07,True,CONVERGED,float64,cuda:0
adjoint,0,286,9.821020334403298e-07,True,CONVERGED,float64,cuda:0
adjoint,1,283,9.404546152590068e-07,True,CONVERGED,float64,cuda:0
adjoint,2,301,9.539710567615274e-07,True,CONVERGED,float64,cuda:0
forward,0,268,8.929518610878129e-07,True,CONVERGED,float64,cuda:0
forward,1,300,9.151574934401306e-07,True,CONVERGED,float64,cuda:0
forward,2,298,9.379891636711154e-07,True,CONVERGED,float64,cuda:0
adjoint,0,286,9.813849342815512e-07,True,CONVERGED,float64,cuda:0
adjoint,1,283,9.416000644483935e-07,True,CONVERGED,float64,cuda:0
adjoint,2,301,9.532874844984373e-07,True,CONVERGED,float64,cuda:0
forward,0,268,8.928154385137435e-07,True,CONVERGED,float64,cuda:0
forward,1,300,9.150563306578887e-07,True,CONVERGED,float64,cuda:0
forward,2,298,9.379805712027651e-07,True,CONVERGED,float64,cuda:0
adjoint,0,286,9.815554407771485e-07,True,CONVERGED,float64,cuda:0
adjoint,1,283,9.409499111270065e-07,True,CONVERGED,float64,cuda:0
adjoint,2,301,9.534991066405896e-07,True,CONVERGED,float64,cuda:0
forward,0,268,8.925876046620347e-07,True,CONVERGED,float64,cuda:0
forward,1,300,9.150461267666441e-07,True,CONVERGED,float64,cuda:0
forward,2,298,9.378619141878536e-07,True,CONVERGED,float64,cuda:0
adjoint,0,286,9.818460458994693e-07,True,CONVERGED,float64,cuda:0
adjoint,1,283,9.395507379698972e-07,True,CONVERGED,float64,cuda:0
adjoint,2,301,9.536854699930457e-07,True,CONVERGED,float64,cuda:0
forward,0,268,8.935373146104153e-07,True,CONVERGED,float64,cuda:0
forward,1,300,9.146579715295966e-07,True,CONVERGED,float64,cuda:0
forward,2,298,9.376346531212136e-07,True,CONVERGED,float64,cuda:0
adjoint,0,286,9.82541177446776e-07,True,CONVERGED,float64,cuda:0
adjoint,1,283,9.3706804938381e-07,True,CONVERGED,float64,cuda:0
adjoint,2,301,9.54320437732387e-07,True,CONVERGED,float64,cuda:0
forward,0,268,8.921801087528009e-07,True,CONVERGED,float64,cuda:0
forward,1,300,9.146917032090927e-07,True,CONVERGED,float64,cuda:0
forward,2,298,9.378074373552592e-07,True,CONVERGED,float64,cuda:0
adjoint,0,286,9.818006437756077e-07,True,CONVERGED,float64,cuda:0
adjoint,1,283,9.394869257487536e-07,True,CONVERGED,float64,cuda:0
adjoint,2,301,9.531673411767795e-07,True,CONVERGED,float64,cuda:0
forward,0,268,8.93061475791204e-07,True,CONVERGED,float64,cuda:0
forward,1,300,9.149242247358995e-07,True,CONVERGED,float64,cuda:0
forward,2,298,9.377961830553914e-07,True,CONVERGED,float64,cuda:0
adjoint,0,286,9.820425934944647e-07,True,CONVERGED,float64,cuda:0
adjoint,1,283,9.381105301332637e-07,True,CONVERGED,float64,cuda:0
adjoint,2,301,9.540092403625582e-07,True,CONVERGED,float64,cuda:0
forward,0,268,8.900913389548086e-07,True,CONVERGED,float64,cuda:0
forward,1,300,9.157290903669374e-07,True,CONVERGED,float64,cuda:0
forward,2,298,9.380369666363322e-07,True,CONVERGED,float64,cuda:0
adjoint,0,286,9.804095563698014e-07,True,CONVERGED,float64,cuda:0
adjoint,1,283,9.422933673610025e-07,True,CONVERGED,float64,cuda:0
adjoint,2,301,9.529815048630407e-07,True,CONVERGED,float64,cuda:0
forward,0,268,8.899460043448449e-07,True,CONVERGED,float64,cuda:0
forward,1,300,9.159328833139289e-07,True,CONVERGED,float64,cuda:0
forward,2,298,9.381809104706697e-07,True,CONVERGED,float64,cuda:0
adjoint,0,286,9.802197827826728e-07,True,CONVERGED,float64,cuda:0
adjoint,1,283,9.431285081249555e-07,True,CONVERGED,float64,cuda:0
adjoint,2,301,9.524883313525534e-07,True,CONVERGED,float64,cuda:0
forward,0,268,8.902049175366963e-07,True,CONVERGED,float64,cuda:0
forward,1,300,9.153542719075405e-07,True,CONVERGED,float64,cuda:0
forward,2,298,9.379838795039694e-07,True,CONVERGED,float64,cuda:0
adjoint,0,286,9.814000768336423e-07,True,CONVERGED,float64,cuda:0
adjoint,1,283,9.392966048811967e-07,True,CONVERGED,float64,cuda:0
adjoint,2,301,9.529781501432865e-07,True,CONVERGED,float64,cuda:0
forward,0,268,8.913402825541784e-07,True,CONVERGED,float64,cuda:0
forward,1,300,9.148035658953792e-07,True,CONVERGED,float64,cuda:0
forward,2,298,9.378009672797632e-07,True,CONVERGED,float64,cuda:0
adjoint,0,286,9.820795433230288e-07,True,CONVERGED,float64,cuda:0
adjoint,1,283,9.370636390660819e-07,True,CONVERGED,float64,cuda:0
adjoint,2,301,9.528400242262959e-07,True,CONVERGED,float64,cuda:0
forward,0,268,8.939553091616091e-07,True,CONVERGED,float64,cuda:0
forward,1,300,9.150846335651956e-07,True,CONVERGED,float64,cuda:0
forward,2,298,9.378596760775346e-07,True,CONVERGED,float64,cuda:0
adjoint,0,286,9.810177368123156e-07,True,CONVERGED,float64,cuda:0
adjoint,1,283,9.389226229620176e-07,True,CONVERGED,float64,cuda:0
adjoint,2,301,9.522429110338449e-07,True,CONVERGED,float64,cuda:0
forward,0,268,8.940893408908115e-07,True,CONVERGED,float64,cuda:0
forward,1,300,9.151202808900021e-07,True,CONVERGED,float64,cuda:0
forward,2,298,9.378133576621277e-07,True,CONVERGED,float64,cuda:0
adjoint,0,286,9.813192771775017e-07,True,CONVERGED,float64,cuda:0
adjoint,1,283,9.375614981228127e-07,True,CONVERGED,float64,cuda:0
adjoint,2,301,9.525327390713835e-07,True,CONVERGED,float64,cuda:0
forward,0,268,8.933228645717689e-07,True,CONVERGED,float64,cuda:0
forward,1,300,9.156050506704418e-07,True,CONVERGED,float64,cuda:0
forward,2,298,9.380088858876165e-07,True,CONVERGED,float64,cuda:0
adjoint,0,286,9.799508355420689e-07,True,CONVERGED,float64,cuda:0
adjoint,1,283,9.407493589821388e-07,True,CONVERGED,float64,cuda:0
adjoint,2,301,9.51394019714395e-07,True,CONVERGED,float64,cuda:0
forward,0,268,8.906728530497868e-07,True,CONVERGED,float64,cuda:0
forward,1,300,9.154663868899773e-07,True,CONVERGED,float64,cuda:0
forward,2,298,9.379557797702207e-07,True,CONVERGED,float64,cuda:0
adjoint,0,286,9.800795798302876e-07,True,CONVERGED,float64,cuda:0
adjoint,1,283,9.397896647607734e-07,True,CONVERGED,float64,cuda:0
adjoint,2,301,9.509756825553106e-07,True,CONVERGED,float64,cuda:0
forward,0,268,8.914969258318628e-07,True,CONVERGED,float64,cuda:0
forward,1,300,9.153108080987882e-07,True,CONVERGED,float64,cuda:0
forward,2,298,9.378755767794338e-07,True,CONVERGED,float64,cuda:0
adjoint,0,286,9.79994084327815e-07,True,CONVERGED,float64,cuda:0
adjoint,1,283,9.392808588978927e-07,True,CONVERGED,float64,cuda:0
adjoint,2,301,9.508297386695107e-07,True,CONVERGED,float64,cuda:0
forward,0,268,8.91686761268528e-07,True,CONVERGED,float64,cuda:0
forward,1,300,9.150375077908552e-07,True,CONVERGED,float64,cuda:0
forward,2,298,9.377232512957328e-07,True,CONVERGED,float64,cuda:0
adjoint,0,286,9.803691310388182e-07,True,CONVERGED,float64,cuda:0
adjoint,1,283,9.373601338101958e-07,True,CONVERGED,float64,cuda:0
adjoint,2,301,9.510023187379324e-07,True,CONVERGED,float64,cuda:0
forward,0,268,8.919180913962908e-07,True,CONVERGED,float64,cuda:0
forward,1,300,9.147984885694757e-07,True,CONVERGED,float64,cuda:0
forward,2,298,9.376170578233456e-07,True,CONVERGED,float64,cuda:0
adjoint,0,286,9.809072564735226e-07,True,CONVERGED,float64,cuda:0
adjoint,1,283,9.355309576249358e-07,True,CONVERGED,float64,cuda:0
adjoint,2,301,9.510856797069436e-07,True,CONVERGED,float64,cuda:0
forward,0,268,8.948308086105013e-07,True,CONVERGED,float64,cuda:0
forward,1,300,9.147564252995488e-07,True,CONVERGED,float64,cuda:0
forward,2,298,9.375473508569357e-07,True,CONVERGED,float64,cuda:0
adjoint,0,286,9.811963232932436e-07,True,CONVERGED,float64,cuda:0
adjoint,1,283,9.337498502507218e-07,True,CONVERGED,float64,cuda:0
adjoint,2,301,9.51599331962535e-07,True,CONVERGED,float64,cuda:0
forward,0,268,8.916929465747266e-07,True,CONVERGED,float64,cuda:0
forward,1,300,9.149509674502226e-07,True,CONVERGED,float64,cuda:0
forward,2,298,9.376101352186315e-07,True,CONVERGED,float64,cuda:0
adjoint,0,286,9.808588088272474e-07,True,CONVERGED,float64,cuda:0
adjoint,1,283,9.346710404675278e-07,True,CONVERGED,float64,cuda:0
adjoint,2,301,9.512274469119185e-07,True,CONVERGED,float64,cuda:0
forward,0,268,8.97086893893608e-07,True,CONVERGED,float64,cuda:0
forward,1,300,9.153754389053033e-07,True,CONVERGED,float64,cuda:0
forward,2,298,9.37885866027299e-07,True,CONVERGED,float64,cuda:0
adjoint,0,286,9.800232229284823e-07,True,CONVERGED,float64,cuda:0
adjoint,1,283,9.3708900681913e-07,True,CONVERGED,float64,cuda:0
adjoint,2,301,9.504509976702427e-07,True,CONVERGED,float64,cuda:0
forward,0,268,9.04046539250817e-07,True,CONVERGED,float64,cuda:0
forward,1,300,9.157042294319545e-07,True,CONVERGED,float64,cuda:0
forward,2,298,9.380751083620155e-07,True,CONVERGED,float64,cuda:0
adjoint,0,286,9.790637648302002e-07,True,CONVERGED,float64,cuda:0
adjoint,1,283,9.400539990019484e-07,True,CONVERGED,float64,cuda:0
adjoint,2,301,9.496930867451514e-07,True,CONVERGED,float64,cuda:0
forward,0,268,9.058163979587866e-07,True,CONVERGED,float64,cuda:0
forward,1,300,9.156391482593762e-07,True,CONVERGED,float64,cuda:0
forward,2,298,9.378223346834274e-07,True,CONVERGED,float64,cuda:0
adjoint,0,286,9.790940592430347e-07,True,CONVERGED,float64,cuda:0
adjoint,1,283,9.385083704583835e-07,True,CONVERGED,float64,cuda:0
adjoint,2,301,9.500319401810871e-07,True,CONVERGED,float64,cuda:0
forward,0,268,8.960559565437127e-07,True,CONVERGED,float64,cuda:0
forward,1,300,9.154656982677736e-07,True,CONVERGED,float64,cuda:0
forward,2,298,9.375780295085713e-07,True,CONVERGED,float64,cuda:0
adjoint,0,286,9.791570907912826e-07,True,CONVERGED,float64,cuda:0
adjoint,1,283,9.366387762430096e-07,True,CONVERGED,float64,cuda:0
adjoint,2,301,9.502479285959804e-07,True,CONVERGED,float64,cuda:0
forward,0,268,8.954555595683458e-07,True,CONVERGED,float64,cuda:0
forward,1,300,9.148516781567756e-07,True,CONVERGED,float64,cuda:0
forward,2,298,9.373701893231748e-07,True,CONVERGED,float64,cuda:0
adjoint,0,286,9.803747634574457e-07,True,CONVERGED,float64,cuda:0
adjoint,1,283,9.330804105397738e-07,True,CONVERGED,float64,cuda:0
adjoint,2,301,9.506219442595469e-07,True,CONVERGED,float64,cuda:0
forward,0,268,8.985613686772808e-07,True,CONVERGED,float64,cuda:0
forward,1,300,9.145725729425718e-07,True,CONVERGED,float64,cuda:0
forward,2,298,9.37307924731449e-07,True,CONVERGED,float64,cuda:0
adjoint,0,286,9.806031206382108e-07,True,CONVERGED,float64,cuda:0
adjoint,1,283,9.321637077124586e-07,True,CONVERGED,float64,cuda:0
adjoint,2,301,9.502828256178753e-07,True,CONVERGED,float64,cuda:0
forward,0,268,8.938569351025311e-07,True,CONVERGED,float64,cuda:0
forward,1,300,9.147069363588518e-07,True,CONVERGED,float64,cuda:0
forward,2,298,9.37412023386338e-07,True,CONVERGED,float64,cuda:0
adjoint,0,286,9.805574618262922e-07,True,CONVERGED,float64,cuda:0
adjoint,1,283,9.321594087956902e-07,True,CONVERGED,float64,cuda:0
adjoint,2,301,9.50132864898351e-07,True,CONVERGED,float64,cuda:0
forward,0,268,8.979261001544781e-07,True,CONVERGED,float64,cuda:0
forward,1,300,9.150754127010364e-07,True,CONVERGED,float64,cuda:0
forward,2,298,9.376002460994757e-07,True,CONVERGED,float64,cuda:0
adjoint,0,286,9.8038725783057e-07,True,CONVERGED,float64,cuda:0
adjoint,1,283,9.319280244958299e-07,True,CONVERGED,float64,cuda:0
adjoint,2,301,9.502454810422489e-07,True,CONVERGED,float64,cuda:0
forward,0,268,9.05897054374889e-07,True,CONVERGED,float64,cuda:0
forward,1,300,9.155903215690934e-07,True,CONVERGED,float64,cuda:0
forward,2,298,9.378727872267931e-07,True,CONVERGED,float64,cuda:0
adjoint,0,286,9.791307962601213e-07,True,CONVERGED,float64,cuda:0
adjoint,1,283,9.358988427396606e-07,True,CONVERGED,float64,cuda:0
adjoint,2,301,9.488666226016932e-07,True,CONVERGED,float64,cuda:0
forward,0,268,9.121487948515667e-07,True,CONVERGED,float64,cuda:0
forward,1,300,9.152033405107143e-07,True,CONVERGED,float64,cuda:0
forward,2,298,9.37841013930686e-07,True,CONVERGED,float64,cuda:0
adjoint,0,286,9.800676895041542e-07,True,CONVERGED,float64,cuda:0
adjoint,1,283,9.338588406605274e-07,True,CONVERGED,float64,cuda:0
adjoint,2,301,9.49334702167533e-07,True,CONVERGED,float64,cuda:0
forward,0,268,9.145751016104676e-07,True,CONVERGED,float64,cuda:0
forward,1,300,9.15312426132166e-07,True,CONVERGED,float64,cuda:0
forward,2,298,9.37925402630953e-07,True,CONVERGED,float64,cuda:0
adjoint,0,286,9.798949041156573e-07,True,CONVERGED,float64,cuda:0
adjoint,1,283,9.340888283315122e-07,True,CONVERGED,float64,cuda:0
adjoint,2,301,9.489078985331152e-07,True,CONVERGED,float64,cuda:0
forward,0,268,9.072778213355158e-07,True,CONVERGED,float64,cuda:0
forward,1,300,9.154208175501641e-07,True,CONVERGED,float64,cuda:0
forward,2,298,9.377643172436194e-07,True,CONVERGED,float64,cuda:0
adjoint,0,286,9.797116737866664e-07,True,CONVERGED,float64,cuda:0
adjoint,1,283,9.332265459298597e-07,True,CONVERGED,float64,cuda:0
adjoint,2,301,9.495437058140624e-07,True,CONVERGED,float64,cuda:0
forward,0,268,8.98976083187007e-07,True,CONVERGED,float64,cuda:0
forward,1,300,9.153415708960106e-07,True,CONVERGED,float64,cuda:0
forward,2,298,9.375894596126226e-07,True,CONVERGED,float64,cuda:0
adjoint,0,286,9.79548479228911e-07,True,CONVERGED,float64,cuda:0
adjoint,1,283,9.327994854128694e-07,True,CONVERGED,float64,cuda:0
adjoint,2,301,9.493273021934885e-07,True,CONVERGED,float64,cuda:0
