iteration,beta,alpha,binarization_weight,total_objective,thermal_smooth,exact_peak,total_variation,binarization_penalty,continuous_material_fraction,binary_material_fraction,gradient_norm_before_clipping,best_exact_peak,maximum_cg_iterations,maximum_explicit_relative_residual,wall_seconds
0,1.0,50.0,0.0,0.5841045914802756,0.5840990286546816,0.667111191513772,0.005562825594097376,0.18739379942417145,0.2499999701976776,0.0,0.011714638210833073,0.667111191513772,292,9.992462922736879e-07,1.1784595000062836
1,1.0,50.0,0.0,0.5766766000772292,0.5766708571045125,0.6595658510443227,0.00574297271668911,0.18729056417942047,0.24999995529651642,0.0,0.012305348180234432,0.6595658510443227,291,9.36487603037707e-07,0.8530967000115197
2,1.0,50.0,0.0,0.5688567880758943,0.5688507077073606,0.6515871750521856,0.006080368533730507,0.18704326450824738,0.2499999701976776,0.0,0.01286590751260519,0.6515871750521856,283,9.964813181272757e-07,0.7730586999969091
3,1.0,50.0,0.0,0.56067479298758,0.5606682572227965,0.6432747797216726,0.006535764783620834,0.18665820360183716,0.2499999701976776,0.0,0.013401404023170471,0.6432747797216726,283,9.448271553786647e-07,0.7766620000038529
4,1.0,50.0,0.0,0.5521565328095855,0.5521494977315704,0.6348189364632284,0.007035078015178442,0.18614116311073303,0.2499999850988388,0.0,0.013909664005041122,0.6348189364632284,284,9.677031814080044e-07,0.7253204000007827
5,1.0,50.0,0.0,0.5433300545686146,0.5433224875708332,0.626006646635827,0.007566997781395912,0.18549831211566925,0.2499999850988388,0.0,0.01438770443201065,0.626006646635827,285,9.783965135088224e-07,0.8006838000001153
6,1.0,50.0,0.0,0.5342230953718697,0.5342149874079203,0.6168681918857837,0.00810796394944191,0.18473654985427856,0.25,0.0,0.014831086620688438,0.6168681918857837,287,9.665506942232587e-07,0.8250665999948978
7,1.0,50.0,0.0,0.5248646087136661,0.5248559493657743,0.6074335476166722,0.008659347891807556,0.1838633418083191,0.25,0.0,0.015235438011586666,0.6074335476166722,287,9.782373170215243e-07,0.7597165999904973
8,1.0,50.0,0.0,0.5152831995785419,0.5152739871004779,0.5977305270267774,0.009212478064000607,0.18288710713386536,0.2499999850988388,0.0,0.015597826801240444,0.5977305270267774,288,9.116142361996165e-07,0.8379580000037095
9,1.0,50.0,0.0,0.505502303419237,0.5054925424974159,0.5877809510428282,0.009760921820998192,0.18181708455085754,0.2499999850988388,0.0,0.01591704599559307,0.5877809510428282,288,9.891641537429092e-07,0.8044952999916859
10,1.0,50.0,0.0,0.49553808270400707,0.4955277748834932,0.5775995333454191,0.01030782051384449,0.18066200613975525,0.2499999701976776,0.0,0.016192380338907242,0.5775995333454191,288,9.484967563935878e-07,0.8579998999921372
11,1.0,50.0,0.0,0.485400456162146,0.4853895990252259,0.5671954431365002,0.01085713692009449,0.1794290840625763,0.2499999701976776,0.0,0.01642264612019062,0.5671954431365002,288,9.320991528082083e-07,0.8087530000047991
12,1.0,50.0,0.0,0.47509848031402535,0.4750870758108885,0.5565780989843383,0.011404503136873245,0.17812272906303406,0.25,0.0,0.01660584844648838,0.5565780989843383,288,9.801033359961163e-07,0.8380993000027956
13,1.0,50.0,0.0,0.46464559345402834,0.46463364730858325,0.5457624349114943,0.011946145445108414,0.17674469947814941,0.2499999701976776,0.0,0.01673981174826622,0.5457624349114943,288,9.56113115718204e-07,0.897977800006629
14,1.0,50.0,0.0,0.45406132545962424,0.4540488476509923,0.5349520776114411,0.012477808631956577,0.17529502511024475,0.25,0.0,0.016822876408696175,0.5349520776114411,288,9.57856948735162e-07,0.9509113000094658
15,1.0,50.0,0.0,0.44337225490127175,0.4433592575291958,0.5240566684435443,0.012997372075915337,0.17377310991287231,0.2499999701976776,0.0,0.016854075714945793,0.5240566684435443,288,9.817354730908541e-07,0.8669539000111399
16,1.0,50.0,0.0,0.4326114065604143,0.4325979042773925,0.5130498358332314,0.01350228302180767,0.172178715467453,0.2500000298023224,0.0,0.01683310605585575,0.5130498358332314,288,9.509145473641708e-07,0.8754859000036959
17,1.0,50.0,0.0,0.42181723689105577,0.42180324442502326,0.5019734172619402,0.013992466032505035,0.17051267623901367,0.25,0.0,0.01676054485142231,0.5019734172619402,288,9.366118902793825e-07,0.837533900004928
18,1.0,50.0,0.0,0.4110305070422169,0.41101603533435127,0.4908714244147064,0.014471707865595818,0.16877694427967072,0.25,0.0,0.016638191416859627,0.4908714244147064,288,9.299102259928768e-07,0.8827694999927189
19,1.0,50.0,0.0,0.4002918352980195,0.40027688798141015,0.4797874814350034,0.014947316609323025,0.1669745147228241,0.25,0.0,0.016469091176986694,0.4797874814350034,288,9.473891995947897e-07,0.9580440999998245
20,1.0,50.0,0.0,0.3896398141332518,0.3896243936498266,0.4687629419323267,0.01542048342525959,0.16510900855064392,0.2499999701976776,0.0,0.016257479786872864,0.4687629419323267,288,9.84466784937615e-07,0.9244801000022562
21,1.0,50.0,0.0,0.3791088415539101,0.3790929601105139,0.45783472911868645,0.01588144339621067,0.1631845235824585,0.2499999850988388,0.0,0.016008388251066208,0.45783472911868645,288,9.697786332877298e-07,0.8890780999936396
22,1.0,50.0,0.0,0.36872847985457763,0.3687121457902728,0.44703478025007143,0.016334064304828644,0.16120530664920807,0.25,0.0,0.01572730392217636,0.44703478025007143,288,9.61264603895696e-07,0.9118983999942429
23,1.0,50.0,0.0,0.3585235532280981,0.358506777448672,0.4363903247304057,0.01677577942609787,0.1591753512620926,0.2499999701976776,0.0,0.015419657342135906,0.4363903247304057,288,9.792884187624758e-07,0.903411600011168
24,1.0,50.0,0.0,0.34851472613899676,0.3484975249537703,0.4259245917018585,0.01720118522644043,0.15709853172302246,0.2499999701976776,0.001708984375,0.015090418979525566,0.4259245917018585,288,9.62143147042376e-07,0.7029804000048898
25,1.0,50.0,0.0,0.3387205856753776,0.3387029765429238,0.41565898318674455,0.017609132453799248,0.154978409409523,0.2499999701976776,0.007080078125,0.014743846841156483,0.41565898318674455,285,9.677081663905204e-07,0.5589790999947581
26,1.0,50.0,0.0,0.3291590063446012,0.32914100678868563,0.4056143739966885,0.0179995559155941,0.1528186798095703,0.2499999701976776,0.0498046875,0.014383504167199135,0.4056143739966885,287,9.911603182755773e-07,0.5414138000051025
27,1.0,50.0,0.0,0.319848004933589,0.31982963187075486,0.39581181040563607,0.01837306283414364,0.15062342584133148,0.25,0.154052734375,0.014012397266924381,0.39581181040563607,287,9.572197591073103e-07,0.5270134000020334
28,1.0,50.0,0.0,0.31080552550268126,0.31078679411534915,0.3862720423409378,0.018731387332081795,0.14839744567871094,0.25,0.23291015625,0.01363322976976633,0.3862720423409378,286,9.960643199032174e-07,0.5227826000045752
29,1.0,50.0,0.0,0.3020485029951936,0.30202942911025943,0.3770143989158715,0.019073884934186935,0.14614632725715637,0.2499999850988388,0.267333984375,0.013248584233224392,0.3770143989158715,285,9.99458116451368e-07,0.5344593999907374
30,1.0,50.0,0.0,0.29359150107781434,0.29357209945301554,0.3680552989340475,0.01940162479877472,0.14387643337249756,0.25,0.281982421875,0.012861036695539951,0.3680552989340475,284,9.711091890308698e-07,0.531578800000716
31,1.0,50.0,0.0,0.28544589034328127,0.28542617261083686,0.35940744978514744,0.019717732444405556,0.14159449934959412,0.2499999701976776,0.288818359375,0.012473163194954395,0.35940744978514744,283,9.970999652395711e-07,0.5257879999990109
32,1.0,50.0,0.0,0.277618876177519,0.2775988514345879,0.3510789596423105,0.020024742931127548,0.1393073946237564,0.2499999850988388,0.29248046875,0.012087478302419186,0.3510789596423105,283,9.739389815858897e-07,0.5241277000022819
33,1.0,50.0,0.0,0.2701139111273115,0.2700935858987396,0.34307391942103815,0.020325228571891785,0.13702183961868286,0.2499999701976776,0.296630859375,0.011706316843628883,0.34307391942103815,283,9.924111291986898e-07,0.5244622000027448
34,1.0,50.0,0.0,0.26293077622848565,0.2629101586093288,0.3353925691823124,0.020617619156837463,0.13474421203136444,0.2499999701976776,0.2978515625,0.01133173331618309,0.3353925691823124,283,9.663522033178958e-07,0.5423388999915915
35,1.0,50.0,0.0,0.2560662961246545,0.2560453954598034,0.32803206403734986,0.02090066485106945,0.1324804723262787,0.2499999701976776,0.29833984375,0.010965458117425442,0.32803206403734986,283,9.84691161596503e-07,0.5824596000020392
36,1.0,50.0,0.0,0.24951507335755446,0.24949389946501174,0.3209916979178417,0.02117389254271984,0.1302361786365509,0.2499999850988388,0.29833984375,0.010608898475766182,0.3209916979178417,284,9.956375910561167e-07,0.6068190999940271
37,1.0,50.0,0.0,0.24326965308460166,0.2432482154210167,0.3143660229486888,0.021437663584947586,0.1280164271593094,0.25,0.29833984375,0.010263155214488506,0.3143660229486888,286,9.735068944832404e-07,0.5829402999952435
38,1.0,50.0,0.0,0.23732105294832048,0.23729936069467125,0.3080361941881616,0.02169225364923477,0.12582585215568542,0.2499999850988388,0.298095703125,0.0099290506914258,0.3080361941881616,287,9.386757323885648e-07,0.5858041000028607
39,1.0,50.0,0.0,0.2316591069668699,0.23163716735953277,0.30199210564471707,0.021939607337117195,0.12366855889558792,0.25,0.2978515625,0.009607143700122833,0.30199210564471707,287,9.533518569785442e-07,0.5736542999948142
40,1.0,50.0,0.0,0.2262725268275383,0.2262503472928795,0.2962224282346131,0.022179534658789635,0.121548131108284,0.25,0.296630859375,0.009297791868448257,0.2962224282346131,287,9.442350708033946e-07,0.5779208000021754
41,1.0,50.0,0.0,0.22114951186458062,0.2211270996855427,0.29071526225903593,0.02241217903792858,0.1194676011800766,0.2499999701976776,0.297119140625,0.009001122787594795,0.29071526225903593,287,9.328726361472906e-07,0.5767654000082985
42,1.0,50.0,0.0,0.21627757313469823,0.2162549365814256,0.28545795507177535,0.022636553272604942,0.1174294725060463,0.2499999850988388,0.297119140625,0.008717117831110954,0.28545795507177535,287,9.207130019131909e-07,0.5841992999921786
43,1.0,50.0,0.0,0.21164416962858298,0.2116213164813445,0.2804377825271106,0.022853147238492966,0.11543572694063187,0.2499999701976776,0.29736328125,0.00844560842961073,0.2804377825271106,287,9.044571038792704e-07,0.5794042999914382
44,1.0,50.0,0.0,0.20723666812351704,0.20721360531694055,0.2756419094676646,0.023062806576490402,0.11348782479763031,0.2499999701976776,0.29736328125,0.008186288177967072,0.2756419094676646,287,8.805275458049057e-07,0.5825182999979006
45,1.0,50.0,0.0,0.20304244454442713,0.2030191785996333,0.27105749990812855,0.02326594479382038,0.11158676445484161,0.25,0.297119140625,0.00793879572302103,0.27105749990812855,286,9.83589350000158e-07,0.5730361000023549
46,1.0,50.0,0.0,0.19904938076740328,0.19902591787768725,0.26667225225255103,0.023462889716029167,0.10973312705755234,0.2499999850988388,0.296630859375,0.007702695671468973,0.26667225225255103,286,9.750988660593684e-07,0.5740390999999363
47,1.0,50.0,0.0,0.19524558669844788,0.1952219331539623,0.26247410093971163,0.023653544485569,0.10792709141969681,0.2499999850988388,0.296875,0.0074774837121367455,0.26247410093971163,286,9.656448644082316e-07,0.5733634000062011
48,1.0,50.0,0.0,0.19161969341759758,0.19159585489382225,0.25845152624508533,0.023838523775339127,0.10616850852966309,0.25,0.29541015625,0.007262643426656723,0.25845152624508533,285,9.95893987873393e-07,0.6553442000003997
49,1.0,50.0,0.0,0.18816091476735344,0.1881368962748038,0.25459362487110615,0.02401849254965782,0.10445691645145416,0.25,0.293701171875,0.007057648152112961,0.25459362487110615,285,9.720085723717665e-07,0.5737825999967754
50,1.0,50.0,0.0,0.18485912892743725,0.18483493583798188,0.25089019794526113,0.024193089455366135,0.10279165208339691,0.2499999850988388,0.2919921875,0.006861962843686342,0.25089019794526113,285,9.66552118722975e-07,0.6253193000011379
51,1.0,50.0,0.0,0.1817046479860035,0.18168028484263393,0.24733149153484602,0.024363143369555473,0.10117180645465851,0.2499999701976776,0.2890625,0.0066750613041222095,0.24733149153484602,285,9.88651681291162e-07,0.5987772999942536
52,1.0,50.0,0.0,0.17868856080299866,0.17866403214125587,0.24390857922825154,0.024528661742806435,0.09959634393453598,0.2499999701976776,0.288330078125,0.006496439687907696,0.24390857922825154,285,9.756601783574576e-07,0.5733394999988377
53,1.0,50.0,0.0,0.17580258102527943,0.17577789186871734,0.24061319178438215,0.02468915656208992,0.09806410223245621,0.2499999701976776,0.286376953125,0.006325601600110531,0.24061319178438215,285,9.616549171067197e-07,0.5775562999915564
54,1.0,50.0,0.0,0.173038935005212,0.1730140894069465,0.23743759180455157,0.02484559826552868,0.0965738296508789,0.2499999701976776,0.28466796875,0.0061620743945240974,0.23743759180455157,285,9.770724470937653e-07,0.5786685000057332
55,1.0,50.0,0.0,0.17039052970520005,0.1703655309751515,0.2343747643481444,0.024998730048537254,0.09512422978878021,0.2499999850988388,0.28466796875,0.006005408708006144,0.2343747643481444,285,9.9424061136976e-07,0.5796725999971386
56,1.0,50.0,0.0,0.16785075936501564,0.16782561069203258,0.2314182057185648,0.025148672983050346,0.09371396154165268,0.25,0.28466796875,0.005855186376720667,0.2314182057185648,285,9.968252813568235e-07,0.5803117000032216
57,1.0,50.0,0.0,0.1654136237487845,0.16538832891962452,0.22856205747993832,0.025294829159975052,0.09234169125556946,0.2499999701976776,0.28369140625,0.005711006931960583,0.22856205747993832,285,9.9765032879082e-07,0.5845305999973789
58,1.0,50.0,0.0,0.1630734388569628,0.16304800079039083,0.22580078149519844,0.025438066571950912,0.0910060927271843,0.25,0.282958984375,0.005572491325438023,0.22580078149519844,285,9.915861533054215e-07,0.5811775000038324
59,1.0,50.0,0.0,0.16082514603414164,0.1607995681499742,0.22312952087831586,0.025577884167432785,0.08970586955547333,0.25,0.2822265625,0.00543929822742939,0.22312952087831586,285,9.9328590898622e-07,0.5782300999999279
60,1.0,50.0,0.0,0.15866401504895242,0.1586382999548927,0.22054376119255586,0.025715094059705734,0.08843974769115448,0.25,0.281982421875,0.005311093293130398,0.22054376119255586,285,9.919402620931354e-07,0.5880163999972865
61,1.0,50.0,0.0,0.15658569669942324,0.1565598478003866,0.21803939959141314,0.02584889903664589,0.08720649033784866,0.2499999701976776,0.28173828125,0.005187579430639744,0.21803939959141314,285,9.786369628439015e-07,0.575978099994245
62,1.0,50.0,0.0,0.15458615223003178,0.1545601728638783,0.21561266336985296,0.025979366153478622,0.08600492775440216,0.25,0.279296875,0.0050684669986367226,0.21561266336985296,284,9.950181510312897e-07,0.5798320999892894
63,1.0,50.0,0.0,0.15266169860940126,0.15263559237848667,0.21326017233585756,0.026106230914592743,0.08483394980430603,0.25,0.278564453125,0.004953506402671337,0.21326017233585756,284,9.77351559842446e-07,0.582828900005552
64,1.0,50.0,0.0,0.15080892565121945,0.15078269607966838,0.21097883714172713,0.02622957155108452,0.08369247615337372,0.25,0.27734375,0.0048424615524709225,0.21097883714172713,283,9.965072278742208e-07,0.5820226000068942
65,1.0,50.0,0.0,0.149024619173613,0.1489982699736772,0.20876578143312033,0.026349199935793877,0.08257949352264404,0.25,0.275634765625,0.00473511079326272,0.20876578143312033,283,9.735757606442563e-07,0.5833945000049425
66,1.0,50.0,0.0,0.14730587350330795,0.14727940827175523,0.20661846724300437,0.02646523155272007,0.0814940556883812,0.25,0.275634765625,0.004631260875612497,0.20661846724300437,283,9.6750099500265e-07,0.572001900000032
67,1.0,50.0,0.0,0.1456498938746485,0.14562331630882946,0.20453446720136126,0.02657756581902504,0.08043524622917175,0.2499999701976776,0.275146484375,0.004530733451247215,0.20453446720136126,283,9.707378961303782e-07,0.5741721999947913
68,1.0,50.0,0.0,0.144054055166998,0.14402736903504382,0.20251153300577865,0.026686131954193115,0.07940222322940826,0.25,0.27392578125,0.004433368798345327,0.20251153300577865,283,9.851050088517732e-07,0.5795475000049919
69,1.0,50.0,0.0,0.14251598086769657,0.14248918981666642,0.20054768606080012,0.026791051030158997,0.07839416712522507,0.2499999850988388,0.2734375,0.004339019767940044,0.20054768606080012,283,9.625001591070793e-07,0.5675842000055127
70,1.0,50.0,0.0,0.14103334618924354,0.14100645348807966,0.19864098807324163,0.026892701163887978,0.07741032540798187,0.2499999850988388,0.273193359375,0.004247552715241909,0.19864098807324163,282,9.898600513341546e-07,0.5744252000004053
71,1.0,50.0,0.0,0.13960396458983776,0.13957697374403832,0.1967896370312402,0.026990845799446106,0.07644998282194138,0.2499999850988388,0.27294921875,0.0041588544845581055,0.1967896370312402,282,9.937484240621184e-07,0.5730195999931311
72,1.0,50.0,0.0,0.13822572306027636,0.1381986375865154,0.19499189428439218,0.027085473760962486,0.07551246881484985,0.25,0.272705078125,0.004072809591889381,0.19499189428439218,282,9.912906902333136e-07,0.5710048000037204
73,1.0,50.0,0.0,0.1368966850128881,0.13686950818755844,0.19324620295388076,0.02717682532966137,0.07459713518619537,0.2499999701976776,0.2724609375,0.0039893207140266895,0.19324620295388076,282,9.87168158041608e-07,0.5671105999936117
74,1.0,50.0,0.0,0.1356149319247348,0.13558766702795455,0.191551000991046,0.027264896780252457,0.07370336353778839,0.2499999701976776,0.271728515625,0.003908295184373856,0.191551000991046,282,9.82591344808272e-07,0.5704295000032289
75,1.0,50.0,0.0,0.13437861773324147,0.13435126807120576,0.1899047851309683,0.02734966203570366,0.07283059507608414,0.2499999701976776,0.271484375,0.0038296424318104982,0.1899047851309683,282,9.779407574758694e-07,0.566814500009059
76,1.0,50.0,0.0,0.13318598601614998,0.13315855446478292,0.18830613205751742,0.02743155136704445,0.07197826355695724,0.25,0.27001953125,0.0037532837595790625,0.18830613205751742,282,9.781496609348746e-07,0.5715378000022611
77,1.0,50.0,0.0,0.13203537790173125,0.13200786743940246,0.18675370868805471,0.02751046232879162,0.07114584743976593,0.25,0.2685546875,0.003679139306768775,0.18675370868805471,282,9.6930758477793e-07,0.5901030999957584
78,1.0,50.0,0.0,0.13092519185385268,0.13089760522796373,0.18524622551628425,0.027586625888943672,0.0703328549861908,0.25,0.26806640625,0.003607141552492976,0.18524622551628425,282,9.656699734956171e-07,0.5753973000100814
79,1.0,50.0,0.0,0.12985381319910283,0.12982615349233145,0.1837823489480187,0.02765970677137375,0.06953876465559006,0.25,0.267333984375,0.0035372141283005476,0.1837823489480187,282,9.76557157806116e-07,0.5746163000003435
80,1.0,50.0,0.0,0.12881969940030724,0.12879196956122071,0.18236080568497548,0.027729839086532593,0.0687631219625473,0.25,0.2666015625,0.0034692874178290367,0.18236080568497548,282,9.59751099667706e-07,0.5713654999999562
81,1.0,50.0,0.0,0.12782146084744386,0.12779366373706513,0.1809804827999529,0.027797110378742218,0.06800547242164612,0.25,0.265869140625,0.0034033027477562428,0.1809804827999529,282,9.965744858011867e-07,0.5705443000042578
82,1.0,50.0,0.0,0.12685762999835115,0.12682976838643353,0.17964013963558226,0.027861611917614937,0.06726536899805069,0.25,0.265380859375,0.0033391930628567934,0.17964013963558226,283,9.917132698250342e-07,0.5687206000002334
83,1.0,50.0,0.0,0.12592689249277633,0.12589896906152886,0.17833869806205613,0.027923431247472763,0.0665423795580864,0.2499999850988388,0.26513671875,0.0032769038807600737,0.17833869806205613,283,9.964040252945337e-07,0.5702882000041427
84,1.0,50.0,0.0,0.12502790187724008,0.12499991926975623,0.1770750063885693,0.02798260748386383,0.06583607941865921,0.25,0.26513671875,0.003216370940208435,0.1770750063885693,284,9.83752573872971e-07,0.5745576999906916
85,1.0,50.0,0.0,0.12415939860813978,0.12413135923468235,0.17584798947734145,0.028039373457431793,0.0651460587978363,0.2499999850988388,0.265380859375,0.0031575432512909174,0.17584798947734145,284,9.805859694548097e-07,0.5748261000117054
86,1.0,50.0,0.0,0.12332017195729503,0.12329207835851201,0.17465659763286426,0.028093598783016205,0.06447191536426544,0.2499999850988388,0.265380859375,0.0031003663316369057,0.17465659763286426,284,9.778130592650055e-07,0.5864807000034489
87,1.0,50.0,0.0,0.12250902120491551,0.12248087575009153,0.173499758102227,0.028145454823970795,0.0638132393360138,0.2499999850988388,0.265625,0.0030447859317064285,0.173499758102227,284,9.75229414352946e-07,0.5733072000002721
88,1.0,50.0,0.0,0.121724830265134,0.12169663535149339,0.1723764686861777,0.028194913640618324,0.06316966563463211,0.25,0.265869140625,0.002990753622725606,0.1723764686861777,284,9.928015902025337e-07,0.5723825000022771
89,1.0,50.0,0.0,0.12096652919720695,0.12093828714560553,0.17128574800762475,0.028242051601409912,0.06254079937934875,0.2499999850988388,0.265869140625,0.0029382214415818453,0.17128574800762475,285,9.696351520195525e-07,0.574456199989072
90,1.0,50.0,0.0,0.12023300978970107,0.12020472271051583,0.17022652891357515,0.02828707918524742,0.061926260590553284,0.25,0.265869140625,0.0028871383983641863,0.17022652891357515,285,9.66161510736628e-07,0.5799848000024213
91,1.0,50.0,0.0,0.11952332288408678,0.11949499286348025,0.1691979101832053,0.028330020606517792,0.06132569536566734,0.25,0.265869140625,0.002837464679032564,0.1691979101832053,285,9.619937314160485e-07,0.5767200000118464
92,1.0,50.0,0.0,0.11883648972327167,0.11880811839664632,0.16819891687330252,0.028371326625347137,0.06073872745037079,0.2499999701976776,0.26513671875,0.002789150457829237,0.16819891687330252,285,9.586110612308027e-07,0.5783585999888601
93,1.0,50.0,0.0,0.11817153836259353,0.11814312753671515,0.1672285498270504,0.02841082587838173,0.06016501784324646,0.25,0.26513671875,0.002742154523730278,0.1672285498270504,285,9.67120643984887e-07,0.5767760000017006
94,1.0,50.0,0.0,0.11752761958586617,0.11749917086447223,0.16628593339603748,0.028448721393942833,0.059604205191135406,0.25,0.26513671875,0.002696435898542404,0.16628593339603748,285,9.740529639380408e-07,0.5726446000044234
95,1.0,50.0,0.0,0.11690388047619697,0.11687539535126623,0.16537015904286803,0.028485124930739403,0.05905595421791077,0.2499999701976776,0.264892578125,0.002651951275765896,0.16537015904286803,285,9.795058564458205e-07,0.6082258999958867
96,1.0,50.0,0.0,0.1162994458685749,0.11627092579110793,0.1644802599078096,0.02852007746696472,0.05851992964744568,0.25,0.2646484375,0.002608662936836481,0.1644802599078096,285,9.835857865103707e-07,0.7313017999986187
97,1.0,50.0,0.0,0.11571360647139765,0.11568505312522567,0.16361545932111435,0.028553346171975136,0.05799579992890358,0.2499999850988388,0.264404296875,0.0025665329303592443,0.16361545932111435,285,9.86403832834337e-07,0.5939269000082277
98,1.0,50.0,0.0,0.11514557242430877,0.11511698745973539,0.16277485208772266,0.02858496457338333,0.0574832484126091,0.2499999850988388,0.264404296875,0.0025255216751247644,0.16277485208772266,285,9.880735957996096e-07,0.5812630000000354
99,1.0,50.0,0.0,0.11459461333026118,0.11456599829328186,0.16195759116992145,0.028615036979317665,0.05698194354772568,0.25,0.26416015625,0.002485590986907482,0.16195759116992145,285,9.998843872701787e-07,0.5730545000114944
100,1.0,50.0,0.0,0.11406008639053615,0.1140314422422758,0.1611629232346273,0.028644148260354996,0.056491583585739136,0.25,0.263671875,0.002446704776957631,0.1611629232346273,285,9.908719002422565e-07,0.5734147000039229
101,1.0,50.0,0.0,0.11354130545394393,0.11351263258369537,0.16039002292916654,0.028672870248556137,0.056011877954006195,0.25,0.263671875,0.0024088332429528236,0.16039002292916654,285,9.873242014277676e-07,0.6144793999992544
102,1.0,50.0,0.0,0.11303765822629296,0.11300895769203864,0.15963815072139517,0.028700534254312515,0.055542513728141785,0.2499999850988388,0.263427734375,0.002371941227465868,0.15963815072139517,285,9.854969380630256e-07,0.5772706999996444
103,1.0,50.0,0.0,0.11254855261669872,0.11251982527153012,0.15890657881492948,0.028727345168590546,0.05508321523666382,0.2499999701976776,0.263427734375,0.0023359949700534344,0.15890657881492948,285,9.830310612118007e-07,0.5862732999958098
104,1.0,50.0,0.0,0.11207340093481868,0.11204464745673864,0.15819457580863905,0.028753478080034256,0.05463368445634842,0.2499999850988388,0.262939453125,0.002300963969901204,0.15819457580863905,285,9.79998729867519e-07,0.577806099987356
105,1.0,50.0,0.0,0.11161167830605392,0.11158289901543741,0.15750148382625082,0.0287792906165123,0.054193656891584396,0.2499999701976776,0.2626953125,0.0022668219171464443,0.15750148382625082,285,9.764551150428008e-07,0.5865950000006706
106,1.0,50.0,0.0,0.11116285263550021,0.1111340485791538,0.15682662980164497,0.028804056346416473,0.053762856870889664,0.25,0.2626953125,0.0022335355170071125,0.15682662980164497,285,9.72450197218038e-07,0.5802334000036353
107,1.0,50.0,0.0,0.11072644895436623,0.11069762084009506,0.15616940646253996,0.02882811427116394,0.053341031074523926,0.2499999701976776,0.26220703125,0.002201080322265625,0.15616940646253996,285,9.680153262807575e-07,0.5841567000024952
108,1.0,50.0,0.0,0.11030197739011505,0.11027312558672288,0.15552918476289512,0.02885180339217186,0.05292791873216629,0.25,0.261962890625,0.002169425133615732,0.15552918476289512,285,9.63174611623198e-07,0.5759606000065105
109,1.0,50.0,0.0,0.10988899740523818,0.10986012253857377,0.15490539414215768,0.028874866664409637,0.05252326279878616,0.2499999850988388,0.261962890625,0.002138548530638218,0.15490539414215768,285,9.579523290699985e-07,0.5736378000001423
110,1.0,50.0,0.0,0.10948705504093452,0.10945815804604574,0.1542974450598706,0.0288969948887825,0.05212683230638504,0.25,0.261962890625,0.002108421642333269,0.1542974450598706,285,9.523723196616535e-07,0.5785778999998001
111,1.0,50.0,0.0,0.10909578540538538,0.10906686710369873,0.15370485948124807,0.028918301686644554,0.05173838511109352,0.2499999850988388,0.261474609375,0.0020790263079106808,0.15370485948124807,285,9.464675828368184e-07,0.57249839999713
112,1.0,50.0,0.0,0.10871475676276315,0.1086858178043418,0.15312706960359065,0.028938958421349525,0.051357701420784,0.2499999701976776,0.261474609375,0.002050334820523858,0.15312706960359065,285,9.402838622424078e-07,0.577045600002748
113,1.0,50.0,0.0,0.10834357027625062,0.10831461073746301,0.15256354880917405,0.02895953878760338,0.050984546542167664,0.2500000298023224,0.261474609375,0.0020223220344632864,0.15256354880917405,285,9.393460759960821e-07,0.5804676999978255
114,1.0,50.0,0.0,0.10798194160466197,0.10795296221007708,0.15201392029711505,0.02897939458489418,0.05061871558427811,0.25,0.260986328125,0.0019949753768742085,0.15201392029711505,285,9.432631995941608e-07,0.5818647999985842
115,1.0,50.0,0.0,0.10762947244348615,0.10760047393257409,0.15147765472334124,0.028998510912060738,0.050259992480278015,0.25,0.2607421875,0.0019682692363858223,0.15147765472334124,285,9.480862584959756e-07,0.5724571000027936
116,1.0,50.0,0.0,0.10728584963814528,0.10725683269263417,0.15095433319808246,0.029016945511102676,0.049908168613910675,0.25,0.2607421875,0.0019421828910708427,0.15095433319808246,285,9.526810690394437e-07,0.5690628000011202
117,1.0,50.0,0.0,0.10695078542770858,0.1069217505821776,0.15046291868223818,0.029034845530986786,0.04956306517124176,0.25,0.260498046875,0.0019166977144777775,0.15046291868223818,284,9.956927396172768e-07,0.57171410000592
118,1.0,50.0,0.0,0.10662393211196697,0.10659487987119293,0.14999716568195975,0.029052240774035454,0.04922447353601456,0.25,0.260009765625,0.0018917977577075362,0.14999716568195975,284,9.884634159278165e-07,0.5695944000035524
119,1.0,50.0,0.0,0.10630503235349002,0.10627596293353977,0.1495424274787204,0.02906941995024681,0.048892222344875336,0.25,0.260009765625,0.0018674639286473393,0.1495424274787204,284,9.813603477882343e-07,0.5697484999982407
120,1.0,50.0,0.0,0.10599379253366516,0.10596470629775451,0.14909831358868436,0.029086235910654068,0.048566121608018875,0.2499999850988388,0.259765625,0.001843678648583591,0.14909831358868436,284,9.744445224893964e-07,0.574021399996127
121,1.0,50.0,0.0,0.10568996713484322,0.10566086415747795,0.148664495346367,0.029102977365255356,0.048246003687381744,0.2499999850988388,0.259765625,0.0018204267835244536,0.148664495346367,284,9.677632136873547e-07,0.5864540000038687
122,1.0,50.0,0.0,0.10539329356828614,0.10536417414376421,0.14824062150050177,0.029119424521923065,0.04793170094490051,0.25,0.259765625,0.001797692384570837,0.14824062150050177,284,9.613548600556246e-07,0.5719505000015488
123,1.0,50.0,0.0,0.10510353470813305,0.1050743990860489,0.14782637309765817,0.029135622084140778,0.04762304574251175,0.2499999850988388,0.25927734375,0.0017754599684849381,0.14782637309765817,284,9.552486531402055e-07,0.5733444000070449
124,1.0,50.0,0.0,0.10482045563227214,0.10479130408084669,0.1474214351283132,0.029151551425457,0.047319889068603516,0.2499999850988388,0.25927734375,0.001753714750520885,0.1474214351283132,284,9.494633985806377e-07,0.5737265000061598
125,1.0,50.0,0.0,0.10454383791404812,0.10451467030103354,0.14702551157229596,0.02916761301457882,0.047022074460983276,0.2499999701976776,0.259033203125,0.00173244159668684,0.14702551157229596,284,9.440129347311945e-07,0.5716341999941505
126,1.0,50.0,0.0,0.10427344881141462,0.10424426555404344,0.14663828890227923,0.02918325737118721,0.046729445457458496,0.25,0.25830078125,0.001711627934128046,0.14663828890227923,284,9.389035331251133e-07,0.5785906999954022
127,1.0,50.0,0.0,0.10400911868166753,0.10397992011521585,0.1462595372269721,0.02919856645166874,0.046441882848739624,0.2499999701976776,0.25732421875,0.0016912583960220218,0.1462595372269721,284,9.341407800704484e-07,0.5814773000020068
128,1.0,50.0,0.0,0.10375061349899861,0.10372139887654576,0.14588893721541143,0.02921462245285511,0.046159230172634125,0.2499999850988388,0.2568359375,0.0016713261138647795,0.14588893721541143,284,9.297210971559454e-07,0.5772220999933779
129,1.0,50.0,0.0,0.10349777848144424,0.10346854819228304,0.14552627910699995,0.029230289161205292,0.04588136076927185,0.25,0.25634765625,0.0016518151387572289,0.14552627910699995,284,9.256445440480285e-07,0.5742994000029285
130,1.0,50.0,0.0,0.10325039957668775,0.10322115367669754,0.1451712709446293,0.029245899990200996,0.045608144253492355,0.2499999850988388,0.25537109375,0.0016327102202922106,0.1451712709446293,284,9.974849378112164e-07,0.5769297999941045
131,1.0,50.0,0.0,0.10300833551235603,0.10297907326020406,0.14482371572484234,0.029262252151966095,0.04533945769071579,0.2499999850988388,0.255126953125,0.0016140008810907602,0.14482371572484234,284,9.928953675634547e-07,0.567173500006902
132,1.0,50.0,0.0,0.10277139694330034,0.10274211724002598,0.14448335476267418,0.02927970327436924,0.0450751855969429,0.2499999850988388,0.2548828125,0.0015956810675561428,0.14448335476267418,284,9.8851561458297e-07,0.5690796999988379
133,1.0,50.0,0.0,0.10253943120425664,0.10251013353949509,0.14414997890016532,0.029297664761543274,0.044815197587013245,0.2499999701976776,0.254638671875,0.001577736809849739,0.14414997890016532,284,9.842839699574543e-07,0.5735355999931926
134,1.0,50.0,0.0,0.10231226577826721,0.10228294993408901,0.1438233504436247,0.029315844178199768,0.04455939680337906,0.2499999850988388,0.254150390625,0.001560160075314343,0.1438233504436247,284,9.801335899083583e-07,0.5715789999958361
135,1.0,50.0,0.0,0.10208978221908108,0.10206044764228062,0.1435033019528361,0.029334576800465584,0.04430766776204109,0.2499999850988388,0.253662109375,0.001542937126941979,0.1435033019528361,284,9.759957516820714e-07,0.5774568999913754
136,1.0,50.0,0.0,0.10187182727176884,0.10184247339610199,0.1431896225286311,0.029353875666856766,0.04405990242958069,0.2499999850988388,0.25341796875,0.0015260574873536825,0.1431896225286311,284,9.718136409292488e-07,0.5698985000053653
137,1.0,50.0,0.0,0.10165824768953585,0.10162887282744609,0.1428820986943974,0.02937486208975315,0.04381600394845009,0.2499999850988388,0.253173828125,0.0015095154521986842,0.1428820986943974,284,9.674837855836836e-07,0.5695773000043118
138,1.0,50.0,0.0,0.10144893732268245,0.10141954063784213,0.14258058117710207,0.02939668484032154,0.04357587546110153,0.2499999850988388,0.253173828125,0.0014933048514649272,0.14258058117710207,284,9.629244140806909e-07,0.573985700000776
139,1.0,50.0,0.0,0.10124373453444674,0.10121431639379694,0.14228484747583714,0.029418140649795532,0.04333941265940666,0.2499999850988388,0.2529296875,0.0014774136943742633,0.14228484747583714,284,9.58018274568227e-07,0.5854181000031531
140,1.0,50.0,0.0,0.10104253593769087,0.1010130958215536,0.1419947495561248,0.02944011613726616,0.04310653358697891,0.2499999850988388,0.2529296875,0.001461829524487257,0.1419947495561248,284,9.526611921081374e-07,0.5754951999988407
141,1.0,50.0,0.0,0.10084523049719499,0.10081576729170845,0.141710130498503,0.029463205486536026,0.04287714511156082,0.2499999850988388,0.25244140625,0.0014465469866991043,0.141710130498503,284,9.467520256443069e-07,0.5754885000060312
142,1.0,50.0,0.0,0.10065168176858574,0.10062219580343813,0.14143080094314295,0.02948596514761448,0.042651161551475525,0.25,0.252197265625,0.0014315623557195067,0.14143080094314295,284,9.40226128218292e-07,0.5818156000023009
143,1.0,50.0,0.0,0.10046179264125829,0.10043228430201714,0.14115662343010052,0.02950833924114704,0.04242849349975586,0.25,0.25244140625,0.0014168639900162816,0.14115662343010052,284,9.330658737517992e-07,0.5736372000101255
144,1.0,50.0,0.0,0.10027547962568484,0.10024594923458777,0.1408874780156204,0.029530391097068787,0.042209070175886154,0.2499999701976776,0.252685546875,0.0014024447882547975,0.1408874780156204,284,9.253141013533654e-07,0.5776482999935979
145,1.0,50.0,0.0,0.10009259537172789,0.10006304322679813,0.14062315809168807,0.029552144929766655,0.041992802172899246,0.25,0.252197265625,0.001388296950608492,0.14062315809168807,284,9.170554704589845e-07,0.5726703999971505
146,1.0,50.0,0.0,0.09991307461185348,0.09988350106885624,0.1403635696448899,0.02957354299724102,0.04177962243556976,0.2499999850988388,0.251953125,0.0013744140742346644,0.1403635696448899,284,9.9523473957312e-07,0.5746043999970425
147,1.0,50.0,0.0,0.0997368045232666,0.09970720991561537,0.14010855262160163,0.029594607651233673,0.04156944900751114,0.25,0.251953125,0.0013607889413833618,0.14010855262160163,284,9.870921885658217e-07,0.5835548000031849
148,1.0,50.0,0.0,0.09956371636559862,0.09953410102484422,0.1398580072631007,0.029615340754389763,0.0413622222840786,0.2499999850988388,0.251708984375,0.0013474152656272054,0.1398580072631007,284,9.789094579496668e-07,0.579764800000703
149,1.0,50.0,0.0,0.09939368516889749,0.09936404937257406,0.13961175948156443,0.029635796323418617,0.04115786403417587,0.25,0.25146484375,0.0013342855963855982,0.13961175948156443,284,9.708204577018253e-07,0.579333100002259
150,1.0,50.0,0.0,0.09922666757136836,0.09919701163798823,0.13936974342563674,0.029655933380126953,0.04095631092786789,0.25,0.251220703125,0.0013213955098763108,0.13936974342563674,284,9.629880932234124e-07,0.575500999999349
151,1.0,50.0,0.0,0.09906255315972484,0.09903287738917388,0.13913180353232318,0.029675770550966263,0.040757495909929276,0.25,0.251220703125,0.0013087379047647119,0.13913180353232318,284,9.555077013075544e-07,0.5853581999981543
152,1.0,50.0,0.0,0.09890127516620514,0.09887157985464391,0.13889784446386647,0.029695311561226845,0.04056135565042496,0.25,0.251220703125,0.0012963071931153536,0.13889784446386647,284,9.484553483402551e-07,0.5771317000035197
153,1.0,50.0,0.0,0.09874276154100402,0.09871304683744414,0.1386677623564404,0.02971470355987549,0.04036783427000046,0.25,0.25146484375,0.001284097321331501,0.1386677623564404,284,9.41844805785753e-07,0.575258800003212
154,1.0,50.0,0.0,0.09858691344889207,0.09855717959734006,0.13844141850589586,0.029733851552009583,0.0401768684387207,0.25,0.25146484375,0.001272103050723672,0.13844141850589586,284,9.35704614089047e-07,0.5930659000005107
155,1.0,50.0,0.0,0.09843368892889069,0.09840393612864957,0.1382187513927885,0.02975280024111271,0.03998839482665062,0.2499999850988388,0.25146484375,0.0012603197246789932,0.1382187513927885,284,9.300127723269867e-07,0.5947158000053605
156,1.0,50.0,0.0,0.09828299990837573,0.09825322830100655,0.13799963598414194,0.029771607369184494,0.03980236500501633,0.2499999850988388,0.2509765625,0.0012487409403547645,0.13799963598414194,284,9.247526419621475e-07,0.5913005999900633
157,1.0,50.0,0.0,0.0981347930637682,0.0981050028951401,0.13778399623183857,0.02979016862809658,0.039618730545043945,0.2499999850988388,0.2509765625,0.0012373633217066526,0.13778399623183857,284,9.198874508527377e-07,0.5779885999945691
158,1.0,50.0,0.0,0.0979889898225955,0.09795918136651734,0.13757172137999324,0.02980845607817173,0.0394374281167984,0.25,0.2509765625,0.001226180698722601,0.13757172137999324,284,9.199965941667198e-07,0.5821495999989565
159,1.0,50.0,0.0,0.09784554727907513,0.09781572081121837,0.13736274888134123,0.029826467856764793,0.03925841301679611,0.2499999850988388,0.2509765625,0.0012151882983744144,0.13736274888134123,284,9.223490895833467e-07,0.5828016000014031
160,1.0,50.0,0.0,0.09770438656210383,0.09767454233392556,0.1371569682552287,0.02984422817826271,0.0390816330909729,0.2499999701976776,0.2509765625,0.0012043826282024384,0.1371569682552287,284,9.247987105570816e-07,0.5837150000006659
161,1.0,50.0,0.0,0.09756545416686284,0.09753559242609489,0.13695430201360073,0.02986174076795578,0.038907039910554886,0.25,0.2509765625,0.0011937585659325123,0.13695430201360073,284,9.273396903115928e-07,0.5842467000038596
162,1.0,50.0,0.0,0.09742869739449343,0.09739881838886759,0.1367546766558499,0.029879005625844002,0.038734592497348785,0.25,0.250732421875,0.001183312851935625,0.1367546766558499,284,9.299682000779842e-07,0.5825314999965485
163,1.0,50.0,0.0,0.09729407158736851,0.09726417555902865,0.13655802823858867,0.029896028339862823,0.03856423497200012,0.2499999850988388,0.250732421875,0.0011730388505384326,0.13655802823858867,284,9.326794881140302e-07,0.5891803999984404
164,1.0,50.0,0.0,0.09716150051275774,0.09713158767590804,0.13636424963525995,0.029912836849689484,0.03839593380689621,0.2499999850988388,0.250732421875,0.0011629335349425673,0.13636424963525995,284,9.354696553641502e-07,0.5752352000126848
165,1.0,50.0,0.0,0.09703096562889992,0.09700103622568426,0.13617331309506767,0.029929403215646744,0.03822964429855347,0.25,0.250732421875,0.001152994460426271,0.13617331309506767,284,9.383337740931515e-07,0.5894211999984691
166,1.0,50.0,0.0,0.0969023829565284,0.09687243722909065,0.13598510282830764,0.029945727437734604,0.03806532174348831,0.25,0.250732421875,0.0011432166211307049,0.13598510282830764,284,9.412693873969613e-07,0.5755031000007875
167,1.0,50.0,0.0,0.0967757229963753,0.09674576118313405,0.13579957538200954,0.029961813241243362,0.03790292516350746,0.25,0.25048828125,0.001133596058934927,0.13579957538200954,284,9.442731160188143e-07,0.5787941000016872
168,1.0,50.0,0.0,0.09665093621159246,0.09662095853420248,0.13561883581003803,0.029977677389979362,0.03774241358041763,0.2499999850988388,0.25048828125,0.0011241290485486388,0.13561883581003803,284,9.473411359642596e-07,0.5831256000092253
169,1.0,50.0,0.0,0.09652799180389351,0.09649799849518545,0.13544211751166624,0.02999330870807171,0.03758376091718674,0.2499999850988388,0.25048828125,0.0011148134944960475,0.13544211751166624,284,9.504701140153034e-07,0.5813484999962384
170,1.0,50.0,0.0,0.09640683316136951,0.09637682444299812,0.13526783755920835,0.030008718371391296,0.037426915019750595,0.2499999850988388,0.25048828125,0.0011056445073336363,0.13526783755920835,284,9.536584439961899e-07,0.5824404000013601
171,1.0,50.0,0.0,0.09628741470259526,0.09625739078503945,0.1350959330259433,0.03002391755580902,0.03727184981107712,0.25,0.25048828125,0.0010966190602630377,0.1350959330259433,284,9.569011484118438e-07,0.5749936000065645
172,1.0,50.0,0.0,0.09616969987233427,0.09613966094185857,0.1349263545018353,0.030038930475711823,0.03711852431297302,0.2499999850988388,0.25048828125,0.0010877340100705624,0.1349263545018353,284,9.601975067218218e-07,0.5844603999867104
173,1.0,50.0,0.0,0.09605366149611666,0.09602360775574936,0.13475906392401532,0.030053740367293358,0.03696690872311592,0.2499999701976776,0.25048828125,0.0010789864463731647,0.13475906392401532,284,9.635443096997797e-07,0.5844077000074321
174,1.0,50.0,0.0,0.09593924133099174,0.09590917295395887,0.13459398265873662,0.030068377032876015,0.03681696951389313,0.25,0.25048828125,0.0010703725274652243,0.13459398265873662,284,9.669388303670908e-07,0.5853655000100844
175,1.0,50.0,0.0,0.09582641753661598,0.09579633470359411,0.1344310818061036,0.030082833021879196,0.036668673157691956,0.25,0.25048828125,0.0010618895757943392,0.1344310818061036,284,9.703788737044711e-07,0.5843955000018468
176,1.0,50.0,0.0,0.09571514998765512,0.0956850528867714,0.1342703066327158,0.030097100883722305,0.03652198240160942,0.2499999701976776,0.250244140625,0.0010535357287153602,0.1342703066327158,284,9.73862279082267e-07,0.5786386999971
177,1.0,50.0,0.0,0.09560539076374401,0.09557527957753767,0.13411159247862833,0.03011118620634079,0.03637687861919403,0.25,0.25,0.001045307028107345,0.13411159247862833,284,9.77387644715541e-07,0.5909348999994108
178,1.0,50.0,0.0,0.09549713058549979,0.09546700550023535,0.13395492695300584,0.03012508526444435,0.0362333245575428,0.25,0.25,0.0010372013784945011,0.13395492695300584,284,9.809515165020308e-07,0.5757658999937121
179,1.0,50.0,0.0,0.0953903179400145,0.09536017914195646,0.13380024110895153,0.03013879805803299,0.036091290414333344,0.25,0.25,0.001029215520247817,0.13380024110895153,284,9.845532039477738e-07,0.5765175999986241
180,1.0,50.0,0.0,0.09528493821816011,0.09525478588612243,0.13364751476479428,0.0301523320376873,0.03595075011253357,0.2499999701976776,0.249755859375,0.0010213477071374655,0.13364751476479428,284,9.881900916316177e-07,0.5780831000010949
181,1.0,50.0,0.0,0.09518093673681545,0.09515077104029881,0.13349667547368746,0.030165696516633034,0.03581167757511139,0.2499999850988388,0.249755859375,0.001013594213873148,0.13349667547368746,284,9.918614345472954e-07,0.5797104000084801
182,1.0,50.0,0.0,0.09507830809016683,0.09504812918190815,0.13334983503018752,0.03017890825867653,0.035674046725034714,0.25,0.249755859375,0.0010059523629024625,0.13334983503018752,284,9.955643414287098e-07,0.5937970999948448
183,1.0,50.0,0.0,0.09497700227720877,0.09494681029690644,0.13320878396847294,0.030191980302333832,0.03553782403469086,0.25,0.249755859375,0.0009984213393181562,0.13320878396847294,284,9.992979280998275e-07,0.5882015999959549
184,1.0,50.0,0.0,0.09487702400231157,0.09484681910083984,0.1330694749860736,0.030204901471734047,0.03540299832820892,0.2499999701976776,0.249755859375,0.0009909986983984709,0.1330694749860736,285,9.021209576091793e-07,0.5831034000002546
185,1.0,50.0,0.0,0.09477828730358992,0.09474806963554833,0.13293179509498343,0.030217668041586876,0.03526952490210533,0.2499999850988388,0.249755859375,0.000983680598437786,0.13293179509498343,285,9.05255106560652e-07,0.5810669000056805
186,1.0,50.0,0.0,0.09468083593638972,0.09465060566382841,0.1327958056590145,0.030230272561311722,0.03513740003108978,0.25,0.249755859375,0.0009764668066054583,0.1327958056590145,285,9.084078599989946e-07,0.5838522999983979
187,1.0,50.0,0.0,0.09458459089030255,0.09455434817527164,0.13266140178305644,0.030242715030908585,0.03500658646225929,0.2499999850988388,0.249755859375,0.000969353539403528,0.13266140178305644,285,9.115792865875865e-07,0.5775088000082178
188,1.0,50.0,0.0,0.09448955944688725,0.09445930444398629,0.13252859662258232,0.03025500290095806,0.03487706184387207,0.2499999850988388,0.249755859375,0.000962339632678777,0.13252859662258232,285,9.147664909371266e-07,0.5805592999968212
189,1.0,50.0,0.0,0.09439569811524512,0.09436543096603514,0.1323973323961867,0.030267149209976196,0.03474881500005722,0.2499999850988388,0.249755859375,0.000955422583501786,0.1323973323961867,285,9.179688582080016e-07,0.5907654000038747
190,1.0,50.0,0.0,0.09430298272110071,0.09427270357645598,0.13226757976140482,0.030279144644737244,0.03462181240320206,0.2499999850988388,0.249755859375,0.0009486001799814403,0.13226757976140482,285,9.211856323680743e-07,0.583316799995373
191,1.0,50.0,0.0,0.09421140996708495,0.09418111897042913,0.13213933622099724,0.0302909966558218,0.03449603542685509,0.25,0.249755859375,0.0009418713743798435,0.13213933622099724,285,9.244154127967981e-07,0.59337579998828
192,1.0,50.0,0.0,0.0941209420844113,0.09409063936612955,0.13201255261793643,0.03030271828174591,0.03437146916985512,0.25,0.249755859375,0.0009352329652756453,0.13201255261793643,285,9.276563457223327e-07,0.5812657000060426
193,1.0,50.0,0.0,0.09403156265088515,0.09400124835253851,0.1318872100387465,0.03031429834663868,0.03424808755517006,0.2499999701976776,0.249755859375,0.000928684719838202,0.1318872100387465,285,9.309074513845878e-07,0.5773921000072733
194,1.0,50.0,0.0,0.0939432378393383,0.09391291209876251,0.13176326469727348,0.030325740575790405,0.03412587195634842,0.2499999850988388,0.249755859375,0.0009222236694768071,0.13176326469727348,285,9.34169940639033e-07,0.5796792000037385
195,1.0,50.0,0.0,0.09385597150439462,0.09382563445756277,0.1316407236474472,0.030337046831846237,0.034004807472229004,0.2499999701976776,0.249755859375,0.0009158487082459033,0.1316407236474472,285,9.374394439833108e-07,0.5781510999950115
196,1.0,50.0,0.0,0.09376971598108075,0.09373936773975156,0.13151952516511778,0.030348241329193115,0.033884868025779724,0.25,0.249755859375,0.0009095572750084102,0.13151952516511778,285,9.407170345510751e-07,0.5907969000109006
197,1.0,50.0,0.0,0.09368447273974907,0.09365411340823065,0.13139967366544936,0.030359331518411636,0.033766038715839386,0.25,0.249755859375,0.0009033486130647361,0.13139967366544936,285,9.440022114873468e-07,0.5855207999993581
198,1.0,50.0,0.0,0.09360021169434038,0.0935698413862541,0.1312811310885705,0.030370308086276054,0.0336483009159565,0.2499999850988388,0.249755859375,0.0008972205105237663,0.1312811310885705,285,9.472934871117866e-07,0.5817124000022886
199,1.0,50.0,0.0,0.09351691830641894,0.09348653714469937,0.13116387826597864,0.030381161719560623,0.033531639724969864,0.25,0.249755859375,0.0008911717450246215,0.13116387826597864,285,9.505898567740542e-07,0.5809243000112474
200,2.0,200.0,0.005,0.09821958504671358,0.09813167995827399,0.11623467693064764,0.03105565905570984,0.011369885876774788,0.2499999850988388,0.24951171875,0.0006665837718173862,0.11623467693064764,291,9.285451583072995e-07,0.5948924999975134
201,2.0,200.0,0.005,0.0981844271126226,0.098096689528136,0.11618528287662691,0.03106093406677246,0.011335330083966255,0.25,0.24951171875,0.0006620996282435954,0.11618528287662691,291,9.291052318275187e-07,0.5980823999998393
202,2.0,200.0,0.005,0.09814392823085842,0.09805634614650814,0.11612502979857782,0.03106696717441082,0.011303023435175419,0.25,0.24951171875,0.0006559022003784776,0.11612502979857782,291,9.296722562229662e-07,0.5906240999902366
203,2.0,200.0,0.005,0.09809892641303662,0.09801148910184923,0.11605565236716239,0.031073668971657753,0.011272728443145752,0.2499999850988388,0.24951171875,0.0006486254278570414,0.11605565236716239,291,9.304507166921607e-07,0.5966564000118524
204,2.0,200.0,0.005,0.0980502437245503,0.09796294159297197,0.11597879723174202,0.03108094446361065,0.011244237422943115,0.25,0.24951171875,0.000640851678326726,0.11597879723174202,291,9.317497746680765e-07,0.5855704999994487
205,2.0,200.0,0.005,0.09799861397616495,0.09791143839735468,0.11589592599316025,0.031088730320334435,0.011217369697988033,0.25,0.24951171875,0.0006330822361633182,0.11589592599316025,291,9.3389503009114e-07,0.5902247000049101
206,2.0,200.0,0.005,0.09794469031122498,0.09785763352912835,0.11580831321461374,0.031096961349248886,0.011191964149475098,0.2499999850988388,0.24951171875,0.0006257141940295696,0.11580831321461374,291,9.986293332906825e-07,0.5902889000135474
207,2.0,200.0,0.005,0.09788899424443742,0.09780204925830265,0.11571698721545522,0.03110559470951557,0.011167878285050392,0.2499999850988388,0.24951171875,0.0006190165877342224,0.11571698721545522,291,9.916145966758264e-07,0.5825501000072109
208,2.0,200.0,0.005,0.09783196309177257,0.09774512355743029,0.11562277968432715,0.03111458383500576,0.011144990101456642,0.25,0.24951171875,0.0006131089176051319,0.11562277968432715,291,9.841841633537388e-07,0.5944642000104068
209,2.0,200.0,0.005,0.09777396987471787,0.0976872300058609,0.11552635359214251,0.03112390637397766,0.011123192496597767,0.25,0.24951171875,0.0006079434533603489,0.11552635359214251,291,9.765949803372429e-07,0.5941890999965835
210,2.0,200.0,0.005,0.09771528136291427,0.09762863591992182,0.11542815902577083,0.031133532524108887,0.011102382093667984,0.25,0.249267578125,0.0006032980745658278,0.11542815902577083,291,9.690883745537109e-07,0.5904093999997713
211,2.0,200.0,0.005,0.0976561674386189,0.09756961162611102,0.11532856892589617,0.031143441796302795,0.011082474142313004,0.25,0.249267578125,0.0005987879121676087,0.11532856892589617,291,9.621185028762673e-07,0.5886280999984592
212,2.0,200.0,0.005,0.09759686577268759,0.09751039525628905,0.11522785033168331,0.031153615564107895,0.011063380166888237,0.25,0.249755859375,0.000593898759689182,0.11522785033168331,291,9.586114362437263e-07,0.5856589000031818
213,2.0,200.0,0.005,0.09753762622804099,0.09745123710830414,0.11512623227992266,0.031164033338427544,0.011045017279684544,0.2499999850988388,0.24951171875,0.0005880459793843329,0.11512623227992266,291,9.544157677664492e-07,0.590470600000117
214,2.0,200.0,0.005,0.09747873675224013,0.09739242557209558,0.11502395544413423,0.031174667179584503,0.011027302592992783,0.2499999850988388,0.24951171875,0.0005806521512567997,0.11502395544413423,291,9.56672334573147e-07,0.5875245000061113
215,2.0,200.0,0.005,0.09742051925267813,0.09733428299836602,0.1149212903279993,0.031185492873191833,0.011010152287781239,0.2499999850988388,0.24951171875,0.0005712318234145641,0.1149212903279993,291,9.63304735667784e-07,0.5924826000118628
216,2.0,200.0,0.005,0.09736334732221126,0.09727718349219917,0.11481858224514789,0.031196463853120804,0.01099347323179245,0.25,0.24951171875,0.0005594704998657107,0.11481858224514789,291,9.697823392745263e-07,0.6005568000109633
217,2.0,200.0,0.005,0.09730761852044548,0.09722152506489243,0.11471624281388328,0.031207561492919922,0.010977178812026978,0.25,0.249267578125,0.0005452768527902663,0.11471624281388328,291,9.748753125213524e-07,0.5981357999989996
218,2.0,200.0,0.005,0.09725373864278593,0.09716771405388065,0.11461475024100252,0.031218700110912323,0.010961177758872509,0.25,0.249267578125,0.000528799369931221,0.11461475024100252,291,9.775353188730578e-07,0.5870995000004768
219,2.0,200.0,0.005,0.0972020783954033,0.0971161216580042,0.11451461030295726,0.031229838728904724,0.010945379734039307,0.2499999850988388,0.249267578125,0.0005104026640765369,0.11451461030295726,291,9.764309727723888e-07,0.5831443999923067
220,2.0,200.0,0.005,0.09715296641642798,0.09706707700061251,0.11441635303454915,0.031240906566381454,0.01092970184981823,0.25,0.2490234375,0.0004906152607873082,0.11441635303454915,291,9.705815912851986e-07,0.5880258999968646
221,2.0,200.0,0.005,0.097106668938989,0.09702084673206712,0.11432050276133311,0.03125184029340744,0.010914073325693607,0.2499999850988388,0.2490234375,0.0004700536374002695,0.11432050276133311,291,9.653568554060521e-07,0.581394699998782
222,2.0,200.0,0.005,0.09706334403772439,0.09697758931350495,0.11422751224933711,0.03126256540417671,0.01089843176305294,0.25,0.249267578125,0.00044934620382264256,0.11422751224933711,291,9.647210716584656e-07,0.5883872999984305
223,2.0,200.0,0.005,0.09702309103375677,0.09693740434265141,0.11413780248416122,0.0312730148434639,0.010882735252380371,0.2499999701976776,0.249755859375,0.0004290715151000768,0.11413780248416122,291,9.654329572364534e-07,0.5940088000061223
224,2.0,200.0,0.005,0.09698588241560835,0.09690026454179067,0.11405166450894191,0.031283117830753326,0.010866951197385788,0.2499999850988388,0.25,0.00040970873669721186,0.11405166450894191,291,9.61408781466269e-07,0.5897065000026487
225,2.0,200.0,0.005,0.0969516630127516,0.09686611483166482,0.11396935626665676,0.03129282966256142,0.010851070284843445,0.2499999850988388,0.25048828125,0.0003916196874342859,0.11396935626665676,291,9.56205277820077e-07,0.590842599995085
226,2.0,200.0,0.005,0.09692028583115798,0.09683480826388013,0.11389101102078787,0.03130212798714638,0.010835087858140469,0.2499999850988388,0.25048828125,0.0003750394971575588,0.11389101102078787,291,9.627679289071753e-07,0.6236796000011964
227,2.0,200.0,0.005,0.09689158348726229,0.09680617736080782,0.11381671018237566,0.0313110277056694,0.010819019749760628,0.25,0.25048828125,0.00036009083851240575,0.11381671018237566,291,9.83343193170705e-07,0.7053217999928165
228,2.0,200.0,0.005,0.09686535048425794,0.09678001659490765,0.11374645423386032,0.03131946176290512,0.01080288551747799,0.25,0.25048828125,0.00034679987584240735,0.11374645423386032,291,9.81613904091531e-07,0.6175339000037638
229,2.0,200.0,0.005,0.09684136452965399,0.09675610356844921,0.11368018445049692,0.031327418982982635,0.010786708444356918,0.25,0.25048828125,0.00033511832589283586,0.11368018445049692,291,9.747752632888767e-07,0.5905963000113843
230,2.0,200.0,0.005,0.09681941190456712,0.09673422441540026,0.11361781153057583,0.03133488819003105,0.010770520195364952,0.25,0.250732421875,0.00032494799233973026,0.11361781153057583,291,9.689184279872597e-07,0.590351599996211
231,2.0,200.0,0.005,0.09679927540380547,0.09671416176013688,0.11355920171504258,0.03134189546108246,0.010754349641501904,0.25,0.250732421875,0.00031615738407708704,0.11355920171504258,291,9.647369238017009e-07,0.5951582999987295
232,2.0,200.0,0.005,0.09678074739538303,0.09669570783563128,0.11350419719843588,0.031348440796136856,0.010738223791122437,0.2499999850988388,0.250732421875,0.00030860048718750477,0.11350419719843588,291,9.635316723465511e-07,0.6141564999998081
233,2.0,200.0,0.005,0.09676365262871141,0.09667868724880273,0.11345264509529296,0.03135451301932335,0.010722173377871513,0.2499999701976776,0.250732421875,0.00030212741694413126,0.11345264509529296,291,9.624630228745069e-07,0.5979140999988886
234,2.0,200.0,0.005,0.09674778781008919,0.09666289657090804,0.11340432929039893,0.03136014938354492,0.010706217959523201,0.25,0.25048828125,0.00029659215942956507,0.11340432929039893,291,9.55004616234822e-07,0.5990214999910677
235,2.0,200.0,0.005,0.09673301510647829,0.09664819784411187,0.11335908832381164,0.031365372240543365,0.010690378025174141,0.2499999850988388,0.25048828125,0.000291859993012622,0.11335908832381164,291,9.517248864519724e-07,0.5937698000052478
236,2.0,200.0,0.005,0.09671918211236545,0.09663443856604347,0.11331672229891973,0.03137020394206047,0.010674668475985527,0.25,0.25048828125,0.00028780815773643553,0.11331672229891973,291,9.941063619464507e-07,0.5858686999999918
237,2.0,200.0,0.005,0.09670617033356062,0.096621500162419,0.11327705422083416,0.03137464076280594,0.010659106075763702,0.2499999850988388,0.25048828125,0.0002843281836248934,0.11327705422083416,291,9.945669916415086e-07,0.5912756000034278
238,2.0,200.0,0.005,0.09669386882883829,0.09660927163613361,0.11324547933365041,0.031378719955682755,0.010643694549798965,0.2499999701976776,0.250732421875,0.0002813256869558245,0.11324547933365041,291,9.981170333591639e-07,0.5851822000113316
239,2.0,200.0,0.005,0.09668214989595221,0.09659762524582552,0.11321637590657098,0.03138245269656181,0.010628439486026764,0.25,0.250732421875,0.00027871859492734075,0.11321637590657098,291,9.980733596079247e-07,0.5833001999999397
240,2.0,200.0,0.005,0.09667097087868169,0.09658651826263086,0.11318895004326299,0.031385865062475204,0.010613350197672844,0.2499999850988388,0.2509765625,0.0002764388918876648,0.11318895004326299,291,9.955875207159926e-07,0.6059534999949392
241,2.0,200.0,0.005,0.09666023628137786,0.09657585519462605,0.11316306123100808,0.03138897195458412,0.010598422959446907,0.25,0.2509765625,0.00027442764258012176,0.11316306123100808,291,9.966170004002827e-07,0.5872596999979578
242,2.0,200.0,0.005,0.09664987826455143,0.09656556816320624,0.11313859738459493,0.03139180317521095,0.010583659633994102,0.2499999850988388,0.2509765625,0.00027263598167337477,0.11313859738459493,291,9.932380208731552e-07,0.5999115000013262
243,2.0,200.0,0.005,0.09663985123745333,0.0965556115897296,0.11311546804564333,0.03139436990022659,0.010569055564701557,0.2499999850988388,0.2509765625,0.0002710235130507499,0.11311546804564333,291,9.905857790614527e-07,0.5895427999930689
244,2.0,200.0,0.005,0.09663009661263974,0.09654592688582093,0.1130935654356669,0.031396687030792236,0.010554607957601547,0.25,0.2509765625,0.00026955612702295184,0.1130935654356669,291,9.887120603303436e-07,0.5827869000058854
245,2.0,200.0,0.005,0.09662057939381564,0.0965364790523913,0.11307280788206034,0.03139878064393997,0.0105403121560812,0.25,0.2509765625,0.00026820629136636853,0.11307280788206034,291,9.87494322269005e-07,0.5880204999994021
246,2.0,200.0,0.005,0.09661126796031011,0.0965272364631818,0.1130531169413716,0.031400665640830994,0.010526166297495365,0.2499999850988388,0.2509765625,0.00026695107226260006,0.1130531169413716,291,9.867676414993097e-07,0.5803193000028841
247,2.0,200.0,0.005,0.09660213249495556,0.09651816933082719,0.1130344160871488,0.0314023494720459,0.010512162931263447,0.2499999850988388,0.2509765625,0.0002657719305716455,0.1130344160871488,291,9.86368113082055e-07,0.5859681000001729
248,2.0,200.0,0.005,0.09659313748829144,0.09650924216915,0.11301662167343092,0.03140385076403618,0.010498293675482273,0.25,0.2509765625,0.00026465323753654957,0.11301662167343092,291,9.861667211729093e-07,0.596920299998601
249,2.0,200.0,0.005,0.09658427233827577,0.09650044437517688,0.112999679939415,0.03140518441796303,0.01048455573618412,0.2499999850988388,0.2509765625,0.0002635829441715032,0.112999679939415,291,9.860779228823385e-07,0.5972127999993972
250,2.0,200.0,0.005,0.0965755190617741,0.09649175798253723,0.1129835290765571,0.03140636160969734,0.01047094352543354,0.25,0.2509765625,0.00026255109696649015,0.1129835290765571,291,9.860486369516769e-07,0.5891707999981008
251,2.0,200.0,0.005,0.09656685813579118,0.09648316348220562,0.11296810691183949,0.03140740096569061,0.010457450523972511,0.25,0.2509765625,0.0002615496632643044,0.11296810691183949,291,9.860448361402049e-07,0.5840570000000298
252,2.0,200.0,0.005,0.09655827864212697,0.09647464998764699,0.11295336182359676,0.03140829876065254,0.010444071143865585,0.25,0.2509765625,0.0002605723275337368,0.11295336182359676,291,9.860561201792193e-07,0.595742200006498
253,2.0,200.0,0.005,0.09654977795722151,0.09646621487157608,0.11293925396951618,0.03140907734632492,0.010430801659822464,0.2499999850988388,0.2509765625,0.00025961390929296613,0.11293925396951618,291,9.860819853234162e-07,0.584321500005899
254,2.0,200.0,0.005,0.09654134025166813,0.09645784234742705,0.11292572852788255,0.03140974044799805,0.010417632758617401,0.2499999850988388,0.2509765625,0.0002586703922133893,0.11292572852788255,291,9.86123988592289e-07,0.5898487999947974
255,2.0,200.0,0.005,0.09653295510805654,0.0964495219968583,0.11291273851817445,0.031410302966833115,0.010404561646282673,0.2499999850988388,0.2509765625,0.00025773857487365603,0.11291273851817445,291,9.861995985061539e-07,0.5825161000102526
256,2.0,200.0,0.005,0.09652462186181397,0.09644125317485483,0.11290025101456294,0.03141076862812042,0.010391583666205406,0.25,0.2509765625,0.00025681612896732986,0.11290025101456294,291,9.863123441633445e-07,0.5852512999990722
257,2.0,200.0,0.005,0.09651633328230765,0.09643302867127296,0.11288822524796398,0.03141114488244057,0.010378693230450153,0.25,0.2509765625,0.00025590125005692244,0.11288822524796398,291,9.864826181179193e-07,0.5982932000042638
258,2.0,200.0,0.005,0.09650809159941653,0.0964248507131977,0.11287663377854175,0.031411439180374146,0.01036588940769434,0.25,0.2509765625,0.00025499274488538504,0.11287663377854175,291,9.86708417810887e-07,0.5818089000094915
259,2.0,200.0,0.005,0.0964998963301559,0.09641671884372133,0.1128654477660778,0.03141166269779205,0.010353164747357368,0.25,0.2509765625,0.0002540895948186517,0.1128654477660778,291,9.870003857879508e-07,0.5892628000001423
260,2.0,200.0,0.005,0.09649173154002842,0.09640861714697298,0.11285462125570676,0.03141181543469429,0.010340515524148941,0.25,0.2509765625,0.0002531910431571305,0.11285462125570676,291,9.873579996608291e-07,0.592115699997521
261,2.0,200.0,0.005,0.09648360623440494,0.09640055462180426,0.11284413911474374,0.03141190856695175,0.010327940806746483,0.25,0.2509765625,0.0002522965078242123,0.11284413911474374,291,9.877752122978064e-07,0.5891793999908259
262,2.0,200.0,0.005,0.09647550788305742,0.09639251876685812,0.11283396211191535,0.031411945819854736,0.010315434075891972,0.25,0.2509765625,0.0002514058433007449,0.11283396211191535,291,9.882241197209386e-07,0.5999826000042958
263,2.0,200.0,0.005,0.09646745453426846,0.09638452762762316,0.11282408864692856,0.03141193464398384,0.010302994400262833,0.2499999850988388,0.2509765625,0.0002505193988326937,0.11282408864692856,291,9.886809069884268e-07,0.5900885000010021
264,2.0,200.0,0.005,0.09645942564125624,0.09637656067966936,0.11281447301238894,0.03141187131404877,0.010290618054568768,0.25,0.2509765625,0.0002496367378626019,0.11281447301238894,291,9.89096511278723e-07,0.5938081999920541
265,2.0,200.0,0.005,0.0964514332810239,0.09636862998789261,0.11280510827454987,0.031411781907081604,0.010278302244842052,0.2499999850988388,0.2509765625,0.0002487578894942999,0.11280510827454987,291,9.893927778901994e-07,0.5830714999901829
266,2.0,200.0,0.005,0.09644346988455968,0.09636072800097631,0.11279596725140863,0.03141166269779205,0.010266044177114964,0.2499999850988388,0.2509765625,0.0002478836104273796,0.11279596725140863,291,9.89492734232197e-07,0.5932198999944376
267,2.0,200.0,0.005,0.09643553643810152,0.0963528557219222,0.11278703230398672,0.03141150623559952,0.010253841988742352,0.25,0.2509765625,0.0002470138424541801,0.11278703230398672,291,9.892816419637556e-07,0.5889335999963805
268,2.0,200.0,0.005,0.09642764152383117,0.09634502172639278,0.11277829671454571,0.03141132369637489,0.010241694748401642,0.2499999850988388,0.250732421875,0.0002461487893015146,0.11277829671454571,291,9.886705025506401e-07,0.5870905999909155
269,2.0,200.0,0.005,0.09641977384579632,0.09633721474078749,0.11276973165657617,0.03141111135482788,0.010229598730802536,0.25,0.250732421875,0.0002452886838000268,0.11276973165657617,291,9.875840951957725e-07,0.5988916999922367
270,2.0,200.0,0.005,0.09641194248033891,0.09632944384796747,0.11276133294713012,0.03141087666153908,0.01021755114197731,0.2499999850988388,0.25048828125,0.0002444339042995125,0.11276133294713012,291,9.859794042532717e-07,0.58426309999777
271,2.0,200.0,0.005,0.09640413327996263,0.09632169490043649,0.11275306976955178,0.031410619616508484,0.010205551981925964,0.25,0.25048828125,0.00024358436348848045,0.11275306976955178,291,9.838909710892656e-07,0.5891976999992039
272,2.0,200.0,0.005,0.09639636102417226,0.09631398268328722,0.11274494678701859,0.0314103439450264,0.01019359938800335,0.25,0.25048828125,0.00024274075985886157,0.11274494678701859,291,9.814129118323244e-07,0.5838344000076177
273,2.0,200.0,0.005,0.09638862961706508,0.096306311095029,0.1127369565418868,0.03141006454825401,0.010181691497564316,0.2499999850988388,0.25048828125,0.0002419029042357579,0.1127369565418868,291,9.7870511629575e-07,0.590331100000185
274,2.0,200.0,0.005,0.09638091308698887,0.09629865418077344,0.11272905782300001,0.03140977397561073,0.010169826447963715,0.2499999850988388,0.25048828125,0.00024107101489789784,0.11272905782300001,291,9.992483173741924e-07,0.587810900004115
275,2.0,200.0,0.005,0.09637323249512206,0.09629103299052308,0.11272126374428554,0.03140948340296745,0.010158004239201546,0.2499999850988388,0.25048828125,0.00024024581944104284,0.11272126374428554,291,9.96491372717973e-07,0.5891163000051165
276,2.0,200.0,0.005,0.0963655790219027,0.0962834387345183,0.11271355563069019,0.03140918165445328,0.01014622114598751,0.25,0.25048828125,0.00023942695406731218,0.11271355563069019,291,9.941046115818714e-07,0.5936796999885701
277,2.0,200.0,0.005,0.0963579656067769,0.096275884342892,0.1127059386151866,0.03140886873006821,0.010134479030966759,0.25,0.25048828125,0.00023861491354182363,0.1127059386151866,291,9.922119450521374e-07,0.5933411000005435
278,2.0,200.0,0.005,0.09635038145940415,0.096268359023441,0.11269839292897395,0.031408555805683136,0.01012277603149414,0.25,0.25048828125,0.0002378097124164924,0.11269839292897395,291,9.9087049697814e-07,0.5846022000041557
279,2.0,200.0,0.005,0.09634281759807571,0.0962608538205336,0.11269089984536211,0.03140823543071747,0.010111108422279358,0.2499999850988388,0.25048828125,0.0002370112488279119,0.11269089984536211,291,9.901086877732112e-07,0.5895368999917991
280,2.0,200.0,0.005,0.09633529186959118,0.0962533865809694,0.11268347358346255,0.031407907605171204,0.01009947620332241,0.25,0.25048828125,0.0002362198574701324,0.11268347358346255,291,9.899121631107877e-07,0.5820562000008067
281,2.0,200.0,0.005,0.09632779592515264,0.09624594893918667,0.1126760979028565,0.03140757977962494,0.010087881237268448,0.25,0.25048828125,0.00023543545103166252,0.1126760979028565,291,9.902397677280536e-07,0.5812861000013072
282,2.0,200.0,0.005,0.09632032577358911,0.09623853691798429,0.11266876183920978,0.031407251954078674,0.010076320730149746,0.25,0.25048828125,0.00023465814592782408,0.11266876183920978,291,9.910454119233e-07,0.583602200000314
283,2.0,200.0,0.005,0.09631289183973045,0.09623116094219208,0.11266147294590519,0.03140692412853241,0.010064794681966305,0.2499999850988388,0.25048828125,0.000233888000366278,0.11266147294590519,291,9.922780655513991e-07,0.5931643999938387
284,2.0,200.0,0.005,0.09630547682734679,0.09622380373420666,0.11265420558464978,0.031406596302986145,0.010053299367427826,0.2499999850988388,0.25048828125,0.00023312475241255015,0.11265420558464978,291,9.9387473034746e-07,0.5853255999973044
285,2.0,200.0,0.005,0.09629809977270344,0.09621648429862836,0.11264697810200647,0.03140627220273018,0.010041840374469757,0.2499999850988388,0.25048828125,0.00023236882407218218,0.11264697810200647,291,9.95771513436115e-07,0.5878575999959139
286,2.0,200.0,0.005,0.09629075166121215,0.09620919367022902,0.11263977612578964,0.031405944377183914,0.010030409321188927,0.2499999701976776,0.25048828125,0.00023161988065112382,0.11263977612578964,291,9.979298883501124e-07,0.5901811999938218
287,2.0,200.0,0.005,0.09628341980889023,0.09620191912218512,0.11263258040451693,0.031405627727508545,0.010019011795520782,0.25,0.25048828125,0.0002308777766302228,0.11263258040451693,291,9.743898227222835e-07,0.5812278000084916
288,2.0,200.0,0.005,0.09627613106866201,0.09619468753722331,0.11262541978387285,0.031405311077833176,0.010007644072175026,0.2499999701976776,0.25048828125,0.00023014280304778367,0.11262541978387285,291,9.764582676687107e-07,0.59179989999393
289,2.0,200.0,0.005,0.09626885557713415,0.09618746905195022,0.11261825666208271,0.031404994428157806,0.009996306151151657,0.25,0.25048828125,0.00022941455245018005,0.11261825666208271,291,9.78610379264938e-07,0.5871465999953216
290,2.0,200.0,0.005,0.09626162703524246,0.09618029734308733,0.11261112762923428,0.03140469267964363,0.009984999895095825,0.2499999701976776,0.25048828125,0.0002286935632582754,0.11261112762923428,291,9.80795286201234e-07,0.5893005999969319
291,2.0,200.0,0.005,0.09625441079189244,0.09617313780238095,0.1126039899008783,0.031404390931129456,0.009973719716072083,0.2499999850988388,0.25048828125,0.00022797884594183415,0.1126039899008783,291,9.828762569550254e-07,0.5823584999889135
292,2.0,200.0,0.005,0.09624721543344378,0.09616599899570166,0.1125968519971097,0.031404100358486176,0.009962467476725578,0.2499999850988388,0.25048828125,0.00022727085161022842,0.1125968519971097,291,9.843048350071395e-07,0.5868351999961305
293,2.0,200.0,0.005,0.09624005249521705,0.09615889245650741,0.11258972564720748,0.031403813511133194,0.009951245039701462,0.2499999850988388,0.25048828125,0.0002265694784000516,0.11258972564720748,291,9.83748661675126e-07,0.5890810999990208
294,2.0,200.0,0.005,0.09623292039088123,0.0961518166040551,0.11258260753540868,0.03140353411436081,0.009940050542354584,0.2499999850988388,0.25048828125,0.00022587459534406662,0.11258260753540868,291,9.84432572897929e-07,0.5887337000021944
295,2.0,200.0,0.005,0.09622580990001278,0.0961447622272344,0.11257548549176782,0.03140326216816902,0.009928882122039795,0.2499999850988388,0.25048828125,0.00022518605692312121,0.11257548549176782,291,9.874487760836648e-07,0.5907282000116538
296,2.0,200.0,0.005,0.09621872744541149,0.09613773573021869,0.11256836625375789,0.03140299767255783,0.009917743504047394,0.25,0.25048828125,0.00022450400865636766,0.11256836625375789,291,9.902329849424428e-07,0.5858244999981252
297,2.0,200.0,0.005,0.09621166756738828,0.09613073167753325,0.11256124253356269,0.031402744352817535,0.009906629100441933,0.2499999850988388,0.25048828125,0.00022382798488251865,0.11256124253356269,291,9.92594931850614e-07,0.5907041000027675
298,2.0,200.0,0.005,0.09620462952953804,0.09612374931880313,0.11255411323155598,0.031402502208948135,0.009895541705191135,0.25,0.25048828125,0.00022315808746498078,0.11255411323155598,291,9.946840312585208e-07,0.5852000000013504
299,2.0,200.0,0.005,0.09619762430652243,0.0961167996407972,0.11254699080474882,0.031402263790369034,0.009884480386972427,0.2499999701976776,0.25048828125,0.000222494185436517,0.11254699080474882,291,9.965759018966456e-07,0.5860193000116851
300,2.0,200.0,0.005,0.09619063416886806,0.09610986491124807,0.11253985430337635,0.03140203654766083,0.009873444214463234,0.25,0.25048828125,0.00022183595865499228,0.11253985430337635,291,9.983255129995775e-07,0.589750200000708
301,2.0,200.0,0.005,0.09618366922213459,0.09610295523478411,0.112532714813624,0.03140181675553322,0.00986243411898613,0.25,0.25048828125,0.00022118368360679597,0.112532714813624,291,9.99938103220736e-07,0.5838645000039833
302,2.0,200.0,0.005,0.0961767325936752,0.09609607374807172,0.11252557766621359,0.031401604413986206,0.009851448237895966,0.2499999850988388,0.25048828125,0.0002205369237344712,0.11252557766621359,291,9.338995576236616e-07,0.593074999997043
303,2.0,200.0,0.005,0.09616981608328955,0.09608921222855882,0.1125184307379543,0.03140140324831009,0.00984049029648304,0.25,0.25048828125,0.00021989581000525504,0.1125184307379543,291,9.347599778764009e-07,0.5971687999990536
304,2.0,200.0,0.005,0.09616292392585024,0.09608237494650826,0.11251128098453571,0.03140120580792427,0.009829554706811905,0.25,0.25048828125,0.0002192599349655211,0.11251128098453571,291,9.355498564055624e-07,0.5884139999980107
305,2.0,200.0,0.005,0.09615605582504422,0.09607556158418656,0.11250412800771431,0.03140101954340935,0.009818644262850285,0.25,0.25048828125,0.00021862960420548916,0.11250412800771431,291,9.362756741085043e-07,0.5833079000003636
306,2.0,200.0,0.005,0.09614920644379084,0.09606876680916969,0.11249696565965457,0.03140084445476532,0.009807758033275604,0.25,0.25048828125,0.00021800438116770238,0.11249696565965457,291,9.3694456689885e-07,0.5856514000042807
307,2.0,200.0,0.005,0.09614237908222371,0.09606199393369846,0.11248979889047583,0.03140067309141159,0.00979689508676529,0.2499999850988388,0.25048828125,0.00021738441137131304,0.11248979889047583,291,9.375633266492207e-07,0.5961699999897974
308,2.0,200.0,0.005,0.0961355727756995,0.09605524198474764,0.11248262668852374,0.03140050917863846,0.009786056354641914,0.25,0.25048828125,0.00021676930191460997,0.11248262668852374,291,9.381376892437999e-07,0.5845830000034766
309,2.0,200.0,0.005,0.09612879618838435,0.09604851962182677,0.11247545968217658,0.03140035271644592,0.009775242768228054,0.25,0.25048828125,0.00021615938749164343,0.11247545968217658,291,9.386685888250526e-07,0.5918225000059465
310,2.0,200.0,0.005,0.09612202790490527,0.09604180543980737,0.1124682739051255,0.03140020743012428,0.009764451533555984,0.25,0.25048828125,0.00021555408602580428,0.1124682739051255,291,9.391655590660675e-07,0.5934345999994548
311,2.0,200.0,0.005,0.09611529023683338,0.09603512174653528,0.11246109614988717,0.03140007704496384,0.009753682650625706,0.2499999850988388,0.25048828125,0.00021495347027666867,0.11246109614988717,291,9.396304813390407e-07,0.5849080999905709
312,2.0,200.0,0.005,0.09610857296312598,0.0960284583116546,0.11245391506399673,0.031399961560964584,0.009742937982082367,0.25,0.25048828125,0.00021435777307488024,0.11245391506399673,291,9.400676952259375e-07,0.5960274000099162
313,2.0,200.0,0.005,0.09610187363860939,0.09602181269371693,0.11244672828559765,0.03139985725283623,0.009732217527925968,0.2499999850988388,0.25048828125,0.000213766485103406,0.11244672828559765,291,9.40480480285287e-07,0.5842841999983648
314,2.0,200.0,0.005,0.09609519576063241,0.09601518840869751,0.11243954101249287,0.031399764120578766,0.009721517562866211,0.25,0.25048828125,0.00021317973732948303,0.11243954101249287,291,9.408747179055656e-07,0.5855468000081601
315,2.0,200.0,0.005,0.09608853328131914,0.09600857939754456,0.11243234674409978,0.0313996747136116,0.009710841812193394,0.25,0.25048828125,0.00021259754430502653,0.11243234674409978,291,9.412481002498312e-07,0.5891623000061372
316,2.0,200.0,0.005,0.09608189755405933,0.0960019970192358,0.11242516008043525,0.03139959275722504,0.009700188413262367,0.25,0.25048828125,0.0002120196440955624,0.11242516008043525,291,9.416077555283773e-07,0.6003236999968067
317,2.0,200.0,0.005,0.0960752815132249,0.09599543421279974,0.11241797311333002,0.03139951825141907,0.009689556434750557,0.2499999850988388,0.25048828125,0.00021144621132407337,0.11241797311333002,291,9.419556420485715e-07,0.610964999999851
318,2.0,200.0,0.005,0.0960686834350307,0.09598888923675608,0.11241078533733655,0.031399454921483994,0.009678948670625687,0.2499999850988388,0.25048828125,0.00021087689674459398,0.11241078533733655,291,9.422940664081941e-07,0.5859717999992426
319,2.0,200.0,0.005,0.09606210479961955,0.09598236359173679,0.11240359851038034,0.03139939159154892,0.009668363258242607,0.25,0.25048828125,0.00021031175856478512,0.11240359851038034,291,9.426217200249592e-07,0.5862720000004629
320,2.0,200.0,0.005,0.09605554578418424,0.09597585745307198,0.11239641421203396,0.03139933943748474,0.009657798334956169,0.25,0.25048828125,0.000209750491194427,0.11239641421203396,291,9.429461817864081e-07,0.5919963999913307
321,2.0,200.0,0.005,0.09604900863212884,0.09596937306230308,0.11238923564911904,0.03139929100871086,0.009647255763411522,0.25,0.25048828125,0.00020919360395055264,0.11238923564911904,291,9.432638978239956e-07,0.5927783000079216
322,2.0,200.0,0.005,0.09604248352095336,0.09596290059786142,0.11238205200201276,0.03139925003051758,0.00963673461228609,0.2499999850988388,0.25048828125,0.0002086403692374006,0.11238205200201276,291,9.435790107712337e-07,0.5920157000073232
323,2.0,200.0,0.005,0.09603597855318352,0.09595644815761611,0.1123748735406906,0.03139921650290489,0.00962623581290245,0.2499999850988388,0.25048828125,0.00020809107809327543,0.1123748735406906,291,9.43891287102876e-07,0.5927070000034291
324,2.0,200.0,0.005,0.09602950125576332,0.09595002326757981,0.11236771091693017,0.031399186700582504,0.009615760296583176,0.2499999701976776,0.25048828125,0.00020754568686243147,0.11236771091693017,291,9.442021449677313e-07,0.5945273999968776
325,2.0,200.0,0.005,0.09602303640654129,0.09594361072143359,0.1123605465500091,0.03139916807413101,0.009605303406715393,0.2499999850988388,0.25048828125,0.0002070039336103946,0.1123605465500091,291,9.445128935629997e-07,0.5875039999955334
326,2.0,200.0,0.005,0.09601658894233549,0.09593721545320147,0.11235338640625775,0.03139914944767952,0.009594867937266827,0.25,0.25048828125,0.00020646597840823233,0.11235338640625775,291,9.448257976710561e-07,0.5928808000026038
327,2.0,200.0,0.005,0.09601016107863194,0.09593083965322383,0.11234623434095214,0.03139914199709892,0.0095844566822052,0.25,0.25048828125,0.00020593161752913147,0.11234623434095214,291,9.451379517856887e-07,0.5890617999975802
328,2.0,200.0,0.005,0.09600374879242789,0.09592447933016282,0.11233908672243156,0.03139914199709892,0.009574064053595066,0.2499999850988388,0.25048828125,0.00020540088007692248,0.11233908672243156,291,9.454564877361923e-07,0.5853558999951929
329,2.0,200.0,0.005,0.09599735734402365,0.09591813973034895,0.11233194969640284,0.03139914944767952,0.009563692845404148,0.2499999850988388,0.25048828125,0.00020487367874011397,0.11233194969640284,291,9.457734008304098e-07,0.5969192000047769
330,2.0,200.0,0.005,0.09599098247242373,0.09591181659278672,0.1123248199886672,0.031399164348840714,0.009553343057632446,0.2499999850988388,0.25048828125,0.0002043498825514689,0.1123248199886672,291,9.460920762115392e-07,0.5882204999943497
331,2.0,200.0,0.005,0.09598462884710797,0.09590551459068128,0.11231770329637926,0.031399182975292206,0.00954301469027996,0.2499999850988388,0.25048828125,0.00020382968068588525,0.11231770329637926,291,9.464199497813946e-07,0.5924047999869799
332,2.0,200.0,0.005,0.09597829150548264,0.0958992287623702,0.11231059383473381,0.031399209052324295,0.009532706812024117,0.2499999850988388,0.25048828125,0.00020331289852038026,0.11231059383473381,291,9.467492384679191e-07,0.583874999996624
333,2.0,200.0,0.005,0.09597197128859727,0.09589295995262831,0.1123034941675241,0.03139923885464668,0.009522419422864914,0.25,0.25048828125,0.0002027993614319712,0.1123034941675241,291,9.470760096932896e-07,0.5892856999998912
334,2.0,200.0,0.005,0.09596566247042285,0.0958867024363579,0.11229639789046407,0.03139927610754967,0.009512151591479778,0.2499999850988388,0.25048828125,0.00020228901121299714,0.11229639789046407,291,9.474091220732461e-07,0.5902811999985715
335,2.0,200.0,0.005,0.09595938175711659,0.09588047290574638,0.11228932546309069,0.03139932081103325,0.009501906111836433,0.2499999850988388,0.25048828125,0.00020178208069410175,0.11228932546309069,291,9.477476129979925e-07,0.5893842000077711
336,2.0,200.0,0.005,0.09595310840413876,0.09587425063488045,0.11228225258482141,0.03139937296509743,0.00949167925864458,0.25,0.25048828125,0.0002012781915254891,0.11228225258482141,290,9.992289949502895e-07,0.5920545000117272
337,2.0,200.0,0.005,0.09594685753791166,0.09586805073528123,0.11227519795389494,0.031399428844451904,0.009481474757194519,0.25,0.25048828125,0.00020077750377822667,0.11227519795389494,290,9.978880500371372e-07,0.5929281999997329
338,2.0,200.0,0.005,0.09594061905834522,0.09586186312641647,0.11226815020751785,0.03139949217438698,0.009471287950873375,0.25,0.25048828125,0.0002002799737965688,0.11226815020751785,290,9.965000719154027e-07,0.59968050000316
339,2.0,200.0,0.005,0.09593440889251346,0.09585570371114577,0.11226112857653336,0.03139955922961235,0.009461124427616596,0.2499999850988388,0.25048828125,0.00019978568889200687,0.11226112857653336,290,9.950911989652407e-07,0.5852223999972921
340,2.0,200.0,0.005,0.09592820348786936,0.09584954896020517,0.11225410595878202,0.03139963001012802,0.00945097953081131,0.2499999850988388,0.25048828125,0.0001992942561628297,0.11225410595878202,290,9.937008202298004e-07,0.58487970000715
341,2.0,200.0,0.005,0.09592201574609009,0.09584341177061526,0.11224709751281649,0.03139970451593399,0.00944085419178009,0.2499999850988388,0.25048828125,0.00019880580657627434,0.11224709751281649,290,9.923883423888219e-07,0.5907830000069225
342,2.0,200.0,0.005,0.095915848352724,0.09583729482792436,0.11224010780323983,0.03139978274703026,0.009430748410522938,0.2499999850988388,0.25048828125,0.00019832042744383216,0.11224010780323983,290,9.912186686101442e-07,0.589262499997858
343,2.0,200.0,0.005,0.09590969649867344,0.09583119331837821,0.11223313105329111,0.031399864703416824,0.009420663118362427,0.2499999850988388,0.25048828125,0.00019783785683102906,0.11223313105329111,290,9.902660158634069e-07,0.5998020000115503
344,2.0,200.0,0.005,0.09590355388976007,0.0958251009487298,0.11222616010657224,0.03139995411038399,0.009410597383975983,0.2499999850988388,0.25048828125,0.00019735825480893254,0.11222616010657224,290,9.895819253681739e-07,0.5914703999878839
345,2.0,200.0,0.005,0.09589743962085859,0.09581903681292252,0.11221921800725104,0.03140004724264145,0.00940055213868618,0.2499999850988388,0.25048828125,0.00019688153406605124,0.11221921800725104,290,9.89179036929247e-07,0.5904833999957191
346,2.0,200.0,0.005,0.09589133500814921,0.09581298223644978,0.1122122834973219,0.03140014410018921,0.00939052551984787,0.2499999850988388,0.25048828125,0.00019640743266791105,0.1122122834973219,290,9.890087045383174e-07,0.5977788000018336
347,2.0,200.0,0.005,0.09588524788794957,0.09580694505935453,0.11220536557933986,0.03140024095773697,0.009380517527461052,0.2499999850988388,0.25048828125,0.0001959363726200536,0.11220536557933986,290,9.889558838989753e-07,0.5878370999998879
348,2.0,200.0,0.005,0.09587917329983359,0.09580092029606496,0.1121984591030415,0.031400348991155624,0.00937053095549345,0.25,0.25048828125,0.00019546784460544586,0.1121984591030415,290,9.888648944763805e-07,0.5908536000060849
349,2.0,200.0,0.005,0.09587311690440406,0.09579491364164283,0.11219157047500139,0.03140045702457428,0.009360561147332191,0.2499999850988388,0.25048828125,0.00019500215421430767,0.11219157047500139,290,9.885973586087407e-07,0.5870729999878677
350,4.0,500.0,0.01,0.10035237045471876,0.10028372810387373,0.10935340168151474,0.031446076929569244,0.0037196273915469646,0.2499999701976776,0.25048828125,0.0003065978817176074,0.10935340168151474,291,9.77379430786148e-07,0.5971646000107285
351,4.0,500.0,0.01,0.10034666369761934,0.10027809764258226,0.10934439523964491,0.03144649416208267,0.003711956087499857,0.25,0.25048828125,0.0003033530374523252,0.10934439523964491,291,9.78794471556168e-07,0.5979938000091352
352,4.0,500.0,0.01,0.10033893495266105,0.10027046293140168,0.10933098739908727,0.03144717589020729,0.0037024845369160175,0.2499999850988388,0.25048828125,0.00029778474709019065,0.10933098739908727,291,9.818650486522024e-07,0.5875098999968031
353,4.0,500.0,0.01,0.10032957326677958,0.10026121091899792,0.10931390688964909,0.03144809231162071,0.003691425547003746,0.25,0.25048828125,0.00029020628426223993,0.10931390688964909,291,9.863485995604357e-07,0.5892329000052996
354,4.0,500.0,0.01,0.10031899838805208,0.10025075931245471,0.10929392438405221,0.03144922852516174,0.003678984707221389,0.2499999850988388,0.25048828125,0.00028096733149141073,0.10929392438405221,291,9.92071229534822e-07,0.5895114000013564
355,4.0,500.0,0.01,0.10030762968006181,0.10023952547161477,0.10927181210534205,0.031450532376766205,0.0036653676070272923,0.2499999850988388,0.25048828125,0.0002704485668800771,0.10927181210534205,291,9.990217801004525e-07,0.5996145000099204
356,4.0,500.0,0.01,0.10029583837813559,0.10022787867183658,0.10924828184744992,0.03145197778940201,0.003650772850960493,0.2499999850988388,0.25048828125,0.00025905220536515117,0.10924828184744992,292,9.846771494052952e-07,0.6451759000046877
357,4.0,500.0,0.01,0.10028396088047224,0.10021615332108262,0.10922399419210765,0.031453557312488556,0.0036354002077132463,0.2499999701976776,0.25048828125,0.0002471802581567317,0.10922399419210765,292,9.882886606010606e-07,0.6969692999991821
358,4.0,500.0,0.01,0.1002722584714294,0.10020460883966839,0.10919950161734983,0.03145521879196167,0.003619441296905279,0.2499999850988388,0.25048828125,0.00023521034745499492,0.10919950161734983,292,9.620235198919741e-07,0.6039639999944484
359,4.0,500.0,0.01,0.10026094596725128,0.10019345816768876,0.10917527644179936,0.03145695477724075,0.0036030844785273075,0.25,0.250244140625,0.00022347130288835615,0.10917527644179936,292,9.95784983679573e-07,0.5953241999959573
360,4.0,500.0,0.01,0.10025017373704435,0.10018284994944084,0.1091516829282797,0.031458739191293716,0.003586504841223359,0.2499999850988388,0.25048828125,0.00021222875511739403,0.1091516829282797,292,9.917499285173976e-07,0.5928863999870373
361,4.0,500.0,0.01,0.10024005138673851,0.10017289200783738,0.1091290039663342,0.03146069496870041,0.003569868393242359,0.2499999850988388,0.25048828125,0.00020167266484349966,0.1091290039663342,292,9.964258268214392e-07,0.6093952000082936
362,4.0,500.0,0.01,0.10023060647072561,0.10016361025395162,0.10910739255234275,0.03146300092339516,0.003553321585059166,0.2499999850988388,0.25048828125,0.000191934232134372,0.10910739255234275,293,9.681704065474085e-07,0.6381771000014851
363,4.0,500.0,0.01,0.10022185953324843,0.10015502412934038,0.10908696226029863,0.03146541863679886,0.003536998527124524,0.2499999850988388,0.25048828125,0.00018307608843315393,0.10908696226029863,293,9.74443066090044e-07,0.6122598000074504
364,4.0,500.0,0.01,0.1002137864532839,0.10014710849783899,0.10906774716081101,0.03146785497665405,0.003521010046824813,0.2499999850988388,0.25048828125,0.00017510377801954746,0.10906774716081101,293,9.804160919977874e-07,0.5974191000132123
365,4.0,500.0,0.01,0.10020636646481607,0.10013984167887274,0.10904976235220794,0.03147028386592865,0.0035054502077400684,0.2499999701976776,0.25048828125,0.00016798808064777404,0.10904976235220794,293,9.860265076994477e-07,0.5945405999955256
366,4.0,500.0,0.01,0.10019954007829904,0.10013316342992142,0.1090329619230497,0.031472738832235336,0.00349039095453918,0.2499999850988388,0.25048828125,0.00016167090507224202,0.1090329619230497,293,9.9096620801981e-07,0.5927781000063987
367,4.0,500.0,0.01,0.10019327057495268,0.10012703621543499,0.10901731088586797,0.031475454568862915,0.0034758904948830605,0.2499999850988388,0.25048828125,0.0001560734526719898,0.10901731088586797,293,9.94872966416115e-07,0.5908136000070954
368,4.0,500.0,0.01,0.1001874858799815,0.10012138769146575,0.10900272600637202,0.03147832304239273,0.0034619865473359823,0.2499999701976776,0.25048828125,0.0001511254522483796,0.10900272600637202,292,9.972504883348448e-07,0.5959341999987373
369,4.0,500.0,0.01,0.10018214924099061,0.10011618098827216,0.10898915833772861,0.03148121014237404,0.00344870425760746,0.2499999701976776,0.25048828125,0.00014674507838208228,0.10898915833772861,292,9.9755170917434e-07,0.6197888999886345
370,4.0,500.0,0.01,0.10017719559611972,0.10011135109940762,0.10897652106197993,0.03148393705487251,0.003436055965721607,0.25,0.25048828125,0.00014285213546827435,0.10897652106197993,292,9.97306313230919e-07,0.6082461999903899
371,4.0,500.0,0.01,0.10017259556115389,0.10010686859362543,0.10896476611049598,0.03148652985692024,0.0034240437671542168,0.25,0.25048828125,0.0001393759885104373,0.10896476611049598,292,9.742537630391459e-07,0.6068793000013102
372,4.0,500.0,0.01,0.10016828899343945,0.1001026734423589,0.1089538098292814,0.03148895129561424,0.003412659978494048,0.2499999850988388,0.25048828125,0.00013625476276502013,0.1089538098292814,292,9.976030046535127e-07,0.5921038000087719
373,4.0,500.0,0.01,0.1001642526268666,0.10009874250196715,0.1089436071581939,0.031491197645664215,0.003401892725378275,0.2499999850988388,0.250244140625,0.00013343321916181594,0.1089436071581939,292,9.868236407461103e-07,0.5942171999922721
374,4.0,500.0,0.01,0.10016045405869327,0.10009504356761417,0.10893410368275593,0.03149326890707016,0.0033917222172021866,0.25,0.250244140625,0.00013086423859931529,0.10893410368275593,292,9.981717990300448e-07,0.588477099998272
375,4.0,500.0,0.01,0.10015685592542854,0.10009153940898817,0.10892523808618164,0.03149525076150894,0.0033821265678852797,0.2499999850988388,0.250244140625,0.00012850624625571072,0.10892523808618164,293,9.631308538425949e-07,0.594126399999368
376,4.0,500.0,0.01,0.10015343674285192,0.10008820881428052,0.10891696680388883,0.03149712458252907,0.003373080398887396,0.25,0.250244140625,0.00012632507423404604,0.10891696680388883,293,9.707783217787114e-07,0.5887665000045672
377,4.0,500.0,0.01,0.10015017282463064,0.10008502839890694,0.10890924316771028,0.031498849391937256,0.003364557633176446,0.2499999850988388,0.250244140625,0.00012429639173205942,0.10890924316771028,293,9.774480218358504e-07,0.5949304999958258
378,4.0,500.0,0.01,0.10014706071068483,0.10008199484295162,0.10890204371427509,0.031500548124313354,0.003356531960889697,0.25,0.250244140625,0.0001223893923452124,0.10890204371427509,293,9.8289060901041e-07,0.6032180000038352
379,4.0,500.0,0.01,0.10014406343814708,0.1000790715113727,0.10889530564643995,0.031502190977334976,0.0033489735797047615,0.2499999850988388,0.250244140625,0.00012059650907758623,0.10889530564643995,293,9.873977036766359e-07,0.5876917999994475
380,4.0,500.0,0.01,0.10014117758571786,0.1000762553526057,0.10888900575517388,0.031503673642873764,0.0033418559469282627,0.2499999850988388,0.250244140625,0.0001188966998597607,0.10888900575517388,293,9.911739359474865e-07,0.5984770999930333
381,4.0,500.0,0.01,0.10013840080414553,0.100073544277238,0.10888312123046075,0.03150501102209091,0.0033351515885442495,0.2499999850988388,0.250244140625,0.0001172778574982658,0.10888312123046075,293,9.943707363102564e-07,0.5932561999943573
382,4.0,500.0,0.01,0.10013570820598641,0.10007091364462639,0.10887760326577592,0.03150622174143791,0.0033288339618593454,0.25,0.250244140625,0.00011573021038202569,0.10887760326577592,293,9.970951810575632e-07,0.5912965000024997
383,4.0,500.0,0.01,0.10013310610544902,0.10006837000134436,0.10887243993749285,0.031507331877946854,0.003322877222672105,0.2499999850988388,0.250244140625,0.00011425021511968225,0.10887243993749285,293,9.994313952525215e-07,0.594043299992336
384,4.0,500.0,0.01,0.10013058304071534,0.10006590209558713,0.1088675992871601,0.031508371233940125,0.0033172573894262314,0.2499999701976776,0.250244140625,0.00011282408377155662,0.1088675992871601,294,9.493290462005833e-07,0.5953834999963874
385,4.0,500.0,0.01,0.10012812399303646,0.10006349497566104,0.10886304473255883,0.031509533524513245,0.003311948385089636,0.25,0.250244140625,0.0001114600891014561,0.10886304473255883,294,9.50925703687737e-07,0.602490699995542
386,4.0,500.0,0.01,0.10012573634890756,0.10006115646019495,0.10885876702216826,0.03151059150695801,0.0033069297205656767,0.25,0.250244140625,0.00011015325435437262,0.10885876702216826,294,9.517657217621706e-07,0.5930094000068493
387,4.0,500.0,0.01,0.10012340509385836,0.10005887173541855,0.1088547315526798,0.0315115749835968,0.003302178345620632,0.25,0.250244140625,0.0001088978024199605,0.1088547315526798,294,9.520653805469509e-07,0.5989168000087375
388,4.0,500.0,0.01,0.10012113579620356,0.10005664649863476,0.10885092831969831,0.031512562185525894,0.003297673538327217,0.25,0.250244140625,0.00010768977517727762,0.10885092831969831,294,9.520445215902117e-07,0.6009090999868931
389,4.0,500.0,0.01,0.10011892028251958,0.100054472603894,0.1088473318888826,0.03151370957493782,0.003293396905064583,0.25,0.250244140625,0.00010654157085809857,0.1088473318888826,294,9.51887383560277e-07,0.5973806999973021
390,4.0,500.0,0.01,0.10011676642022965,0.10005235839033438,0.10884393708812862,0.0315147340297699,0.0032893295865505934,0.2499999850988388,0.250244140625,0.00010544583346927539,0.10884393708812862,294,9.517264642676365e-07,0.5993276999943191
391,4.0,500.0,0.01,0.10011464980594623,0.10005027962267209,0.10884070179354222,0.03151566535234451,0.003285451792180538,0.25,0.25,0.00010439638572279364,0.10884070179354222,294,9.51643833766175e-07,0.5988547000015387
392,4.0,500.0,0.01,0.10011258325900148,0.1000482490489931,0.10883762727694772,0.03151673078536987,0.0032817479223012924,0.2499999850988388,0.25,0.00010340240260120481,0.10883762727694772,294,9.516934489597108e-07,0.6013650999957463
393,4.0,500.0,0.01,0.1001105605582426,0.10004626084628503,0.108834694814065,0.03151768818497658,0.0032782023772597313,0.2499999701976776,0.25,0.0001024599841912277,0.108834694814065,294,9.519130945879249e-07,0.6056731999997282
394,4.0,500.0,0.01,0.10010857792569991,0.10004431138465847,0.10883188810045742,0.03151853382587433,0.0032748007215559483,0.2499999701976776,0.25,0.00010156747157452628,0.10883188810045742,294,9.523409863554147e-07,0.5943538999999873
395,4.0,500.0,0.01,0.10010663566217773,0.10004240109995953,0.10882919834583178,0.03151928633451462,0.003271527588367462,0.2499999850988388,0.25,0.00010072101576952264,0.10882919834583178,294,9.530352022301991e-07,0.5979785000090487
396,4.0,500.0,0.01,0.10010473194185865,0.10004052802667243,0.10882661244679191,0.03152020648121834,0.003268370870500803,0.2499999701976776,0.25,9.992052218876779e-05,0.10882661244679191,294,9.540730775076164e-07,0.5943836999940686
397,4.0,500.0,0.01,0.10010285056763285,0.10003867630389475,0.10882410399878434,0.03152109310030937,0.003265317063778639,0.2499999850988388,0.25,9.917058196151629e-05,0.10882410399878434,294,9.555690435125899e-07,0.6135884999966947
398,4.0,500.0,0.01,0.10010101660802481,0.1000368711542849,0.10882169369825952,0.031521882861852646,0.003262357087805867,0.25,0.25,9.846562898019329e-05,0.10882169369825952,294,9.576509805225215e-07,0.5992955000110669
399,4.0,500.0,0.01,0.10009920497556136,0.10003508760119709,0.10881934513930386,0.031522590667009354,0.0032594783697277308,0.2499999850988388,0.25,9.780266555026174e-05,0.10881934513930386,294,9.604463791130706e-07,0.5932965000101831
400,4.0,500.0,0.01,0.10009742535032175,0.10003333537500195,0.1088170635860334,0.03152325004339218,0.003256672527641058,0.25,0.25,9.717610373627394e-05,0.1088170635860334,294,9.640734330501023e-07,0.6014398999977857
401,4.0,500.0,0.01,0.10009566952213583,0.1000316062916064,0.10881483282150112,0.0315239280462265,0.0032539302483201027,0.2499999850988388,0.25,9.659176430432126e-05,0.10881483282150112,294,9.685279894571544e-07,0.5981418000010308
402,4.0,500.0,0.01,0.10009393671588475,0.10002989968811596,0.10881264713811044,0.031524598598480225,0.0032512429170310497,0.2499999850988388,0.25,9.603877697372809e-05,0.10881264713811044,294,9.736765828868613e-07,0.6157974999950966
403,4.0,500.0,0.01,0.10009222858553993,0.10002821724923568,0.10881050385322207,0.03152529150247574,0.003248604480177164,0.25,0.25,9.552356641506776e-05,0.10881050385322207,294,9.791200450539347e-07,0.6070627000008244
404,4.0,500.0,0.01,0.10009054180941375,0.10002655580322088,0.1088083948367267,0.03152593597769737,0.0032460070215165615,0.25,0.25,9.503938781563193e-05,0.1088083948367267,294,9.84294899281386e-07,0.5987905000074534
405,4.0,500.0,0.01,0.1000888753152607,0.10002491432811748,0.10880631506687549,0.03152652829885483,0.003243445884436369,0.25,0.25,9.45845094975084e-05,0.10880631506687549,294,9.883917193023491e-07,0.6111253999988548
406,4.0,500.0,0.01,0.10008722581029361,0.10002328956280326,0.10880425759739018,0.03152710199356079,0.003240914549678564,0.2499999850988388,0.25,9.415499516762793e-05,0.10880425759739018,294,9.904040175603753e-07,0.5946754999895347
407,4.0,500.0,0.01,0.10008559764491906,0.10002168588283053,0.10880222491101982,0.03152766451239586,0.0032384097576141357,0.25,0.25,9.374829824082553e-05,0.10880222491101982,294,9.890117831991282e-07,0.6001156999991508
408,4.0,500.0,0.01,0.10008398106890516,0.10002009356404441,0.10880020237466637,0.03152824565768242,0.0032359259203076363,0.2499999850988388,0.25,9.33670744416304e-05,0.10880020237466637,294,9.825804418360594e-07,0.6000268000061624
409,4.0,500.0,0.01,0.10008237356262108,0.10001851017203009,0.10879818579044133,0.031528785824775696,0.0032334604766219854,0.25,0.25,9.300627425545827e-05,0.10879818579044133,294,9.696798480725642e-07,0.5903064999874914
410,4.0,500.0,0.01,0.1000807880341216,0.10001694864511033,0.10879618814837062,0.03152928501367569,0.0032310103997588158,0.25,0.25,9.266328561352566e-05,0.10879618814837062,294,9.51312186141262e-07,0.6046152000053553
411,4.0,500.0,0.01,0.10007921450910648,0.10001539899315243,0.10879419639237552,0.03152979165315628,0.003228572430089116,0.25,0.25,9.233885066350922e-05,0.10879419639237552,294,9.81873934562476e-07,0.5954077999922447
412,4.0,500.0,0.01,0.10007765114225528,0.10001385943323454,0.10879220640784491,0.03153025731444359,0.0032261451706290245,0.25,0.25,9.20302773010917e-05,0.10879220640784491,294,9.711054823826707e-07,0.6022846999985632
413,4.0,500.0,0.01,0.10007609913786951,0.10001233116639856,0.10879021934950049,0.0315307155251503,0.0032237255945801735,0.2499999850988388,0.25,9.173477883450687e-05,0.10879021934950049,294,9.688680092797748e-07,0.5971585999941453
414,4.0,500.0,0.01,0.10007455517327363,0.10001081086624364,0.1087882302678228,0.03153117001056671,0.003221313701942563,0.2499999850988388,0.25,9.145397780230269e-05,0.1087882302678228,294,9.722325921189408e-07,0.598497099999804
415,4.0,500.0,0.01,0.10007302390435945,0.10000930325525116,0.10878624377560203,0.03153157979249954,0.003218906931579113,0.25,0.25,9.118537855101749e-05,0.10878624377560203,294,9.772320517583787e-07,0.5950856000126805
416,4.0,500.0,0.01,0.10007150545077884,0.1000078084372405,0.10878425960040615,0.03153195604681969,0.0032165057491511106,0.2499999850988388,0.25,9.092831896850839e-05,0.10878425960040615,294,9.79646714108019e-07,0.5887848999991547
417,4.0,500.0,0.01,0.10006998050490727,0.10000630713252684,0.10878225471027207,0.031532298773527145,0.003214107360690832,0.25,0.25,9.06812128960155e-05,0.10878225471027207,294,9.770363046292706e-07,0.5965748000016902
418,4.0,500.0,0.01,0.10006847334071482,0.10000482358248393,0.10878025677365323,0.03153262659907341,0.0032117131631821394,0.25,0.25,9.044369653565809e-05,0.10878025677365323,294,9.817751878944555e-07,0.6017705999984173
419,4.0,500.0,0.01,0.10006696831366738,0.10000334216912037,0.10877824788127542,0.03153292462229729,0.003209321992471814,0.25,0.25,9.021571895573288e-05,0.10877824788127542,294,9.839684467232538e-07,0.5940429999900516
420,4.0,500.0,0.01,0.10006548157060462,0.10000187904858904,0.1087762467727331,0.031533192843198776,0.003206932917237282,0.25,0.25,8.999607234727591e-05,0.1087762467727331,294,9.852450474187953e-07,0.5984969999990426
421,4.0,500.0,0.01,0.10006398758708052,0.10000040869178733,0.10877422324832779,0.03153343126177788,0.0032045464031398296,0.25,0.25,8.97843056009151e-05,0.10877422324832779,294,9.860347974030738e-07,0.5956052999972599
422,4.0,500.0,0.01,0.1000625063209628,0.09999895104680408,0.10877220048752363,0.03153364732861519,0.0032021626830101013,0.2499999850988388,0.25,8.957996760727838e-05,0.10877220048752363,294,9.865047806685677e-07,0.602975100002368
423,4.0,500.0,0.01,0.10006102678523458,0.09999749513640128,0.10877016611080094,0.03153383359313011,0.003199781524017453,0.25,0.25,8.938263636082411e-05,0.10877016611080094,294,9.867512329614037e-07,0.5961586000048555
424,4.0,500.0,0.01,0.10005955755301234,0.09999604951460328,0.10876812977389556,0.031534016132354736,0.0031974022276699543,0.25,0.25,8.919095853343606e-05,0.10876812977389556,294,9.868306703202379e-07,0.6053984000027413
425,4.0,500.0,0.01,0.10005808864933009,0.099994604188749,0.10876608018501371,0.03153419867157936,0.0031950261909514666,0.25,0.25,8.900590910343453e-05,0.10876608018501371,294,9.867773655845654e-07,0.6046618999971543
426,4.0,500.0,0.01,0.10005662597364771,0.09999316504991639,0.10876402396368284,0.031534403562545776,0.003192652016878128,0.2499999850988388,0.25,8.882633119355887e-05,0.10876402396368284,294,9.86621418551754e-07,0.5988930000021355
427,4.0,500.0,0.01,0.10005517228383279,0.09999173486575191,0.10876196501850648,0.03153460472822189,0.0031902813352644444,0.25,0.25,8.865198469720781e-05,0.10876196501850648,294,9.863828110865363e-07,0.5973197999992408
428,4.0,500.0,0.01,0.10005371465330408,0.09999030071852193,0.10875988765747967,0.03153480961918831,0.00318791251629591,0.2499999850988388,0.25,8.848369907354936e-05,0.10875988765747967,294,9.860835659523687e-07,0.5878583000012441
429,4.0,500.0,0.01,0.10005226135292164,0.09998887089212498,0.1087578021579387,0.03153499588370323,0.0031855464912950993,0.2499999850988388,0.25,8.831932063912973e-05,0.1087578021579387,294,9.857385350628393e-07,0.5935523000080138
430,4.0,500.0,0.01,0.10005081758331846,0.09998745054528456,0.10875571469072794,0.03153520077466965,0.0031831837259233,0.2499999850988388,0.25,8.816039917292073e-05,0.10875571469072794,294,9.853562210826808e-07,0.6309117000055267
431,4.0,500.0,0.01,0.10004937303462626,0.09998602940398828,0.10875361308448517,0.03153539076447487,0.003180823987349868,0.2499999850988388,0.25,8.800582145340741e-05,0.10875361308448517,294,9.849493863924417e-07,0.6168607999861706
432,4.0,500.0,0.01,0.10004793236674099,0.09998461211835324,0.10875150305078438,0.03153557330369949,0.003178467508405447,0.25,0.25,8.785529644228518e-05,0.10875150305078438,294,9.845340321222549e-07,0.5971946999925422
433,4.0,500.0,0.01,0.10004649177804721,0.09998319490166513,0.10874937952304795,0.03153573349118233,0.0031761142890900373,0.2499999850988388,0.25,8.770832937443629e-05,0.10874937952304795,294,9.841140115841575e-07,0.5953889999946114
434,4.0,500.0,0.01,0.10004506700101955,0.09998179345845891,0.10874726218232578,0.031535908579826355,0.0031737633980810642,0.2499999850988388,0.25,8.75642872415483e-05,0.10874726218232578,294,9.836950736392469e-07,0.597522600000957
435,4.0,500.0,0.01,0.10004363307830547,0.09998038283836698,0.10874512054591667,0.031536079943180084,0.003171415999531746,0.2499999701976776,0.25,8.742404315853491e-05,0.10874512054591667,294,9.832876848121818e-07,0.599847100005718
436,4.0,500.0,0.01,0.10004219782206121,0.09997897085959914,0.10874296408438473,0.03153624385595322,0.0031690718606114388,0.2499999850988388,0.25,8.728756802156568e-05,0.10874296408438473,294,9.828924466307067e-07,0.5924778999906266
437,4.0,500.0,0.01,0.10004076940841204,0.09997756570945657,0.10874080300059094,0.03153638914227486,0.0031667309813201427,0.2499999850988388,0.25,8.71540978550911e-05,0.10874080300059094,294,9.82515149903355e-07,0.603120100000524
438,4.0,500.0,0.01,0.10003934618184912,0.09997616572591114,0.10873863464104143,0.0315365269780159,0.0031643928959965706,0.2499999850988388,0.25,8.702328341314569e-05,0.10873863464104143,294,9.821611560318258e-07,0.5986950999940746
439,4.0,500.0,0.01,0.10003792689122926,0.09997476967132385,0.10873645766788563,0.03153664618730545,0.0031620573718100786,0.2499999850988388,0.25,8.689513924764469e-05,0.10873645766788563,294,9.81830691561245e-07,0.6060193000012077
440,4.0,500.0,0.01,0.10003650157001968,0.09997336756100114,0.10873426029706532,0.031536757946014404,0.003159725107252598,0.2499999850988388,0.25,8.67696144268848e-05,0.10873426029706532,294,9.815265685207265e-07,0.5956632000015816
441,4.0,500.0,0.01,0.10003508096895543,0.09997197016011354,0.10873205461734493,0.031536854803562164,0.003157395403832197,0.2499999850988388,0.25,8.664637425681576e-05,0.10873205461734493,294,9.812506301322666e-07,0.5895497000019532
442,4.0,500.0,0.01,0.10003366708093078,0.09997057944805116,0.10872984333124218,0.031536947935819626,0.0031550684943795204,0.2499999850988388,0.25,8.652509131934494e-05,0.10872984333124218,294,9.810023499216442e-07,0.601274700005888
443,4.0,500.0,0.01,0.10003225069827094,0.0999691862269181,0.10872761534063909,0.03153702989220619,0.003152744146063924,0.25,0.25,8.64063113112934e-05,0.10872761534063909,294,9.807831479082378e-07,0.591483900003368
444,4.0,500.0,0.01,0.10003083640910153,0.0999677950867026,0.10872537554143395,0.03153710812330246,0.003150421427562833,0.25,0.25,8.62896122271195e-05,0.10872537554143395,294,9.8059304603362e-07,0.6025470999884419
445,4.0,500.0,0.01,0.10002942283066292,0.0999664046381258,0.1087231222893444,0.03153717517852783,0.0031481017358601093,0.2499999850988388,0.25,8.617476123617962e-05,0.1087231222893444,294,9.804310873691166e-07,0.6011989999969956
446,4.0,500.0,0.01,0.10002801099795597,0.09996501593108968,0.10872085664018857,0.03153723478317261,0.003145783208310604,0.25,0.25,8.606178016634658e-05,0.10872085664018857,294,9.80298037293953e-07,0.5935981000075117
447,4.0,500.0,0.01,0.10002659742990895,0.09996362546170517,0.10871857389315413,0.03153729811310768,0.0031434670090675354,0.25,0.25,8.594973769504577e-05,0.10871857389315413,294,9.801914732837084e-07,0.5925305999990087
448,4.0,500.0,0.01,0.10002519146300148,0.09996224256132956,0.10871628504213511,0.03153737261891365,0.0031411529053002596,0.2499999850988388,0.25,8.583983435528353e-05,0.10871628504213511,294,9.801108204892128e-07,0.6006751999957487
449,4.0,500.0,0.01,0.10002378020808039,0.09996085435151991,0.10871397428832069,0.03153745457530022,0.0031388401985168457,0.2499999850988388,0.25,8.573194645578042e-05,0.10871397428832069,294,9.800557653552544e-07,0.597130099995411
450,4.0,500.0,0.01,0.10002238345381487,0.09995948063538092,0.10871166550819818,0.03153753653168678,0.0031365281902253628,0.25,0.250244140625,8.562563743907958e-05,0.10871166550819818,294,9.800232407289745e-07,0.6016049000027124
451,4.0,500.0,0.01,0.10002097714675906,0.0999580973501535,0.10870932905157957,0.03153761848807335,0.0031342178117483854,0.25,0.250244140625,8.552093640901148e-05,0.10870932905157957,294,9.80013750919921e-07,0.6071392000012565
452,4.0,500.0,0.01,0.10001956520461361,0.09995670843775267,0.10870696930138807,0.03153768554329872,0.003131908131763339,0.2499999850988388,0.250244140625,8.541780698578805e-05,0.10870696930138807,294,9.800270511024964e-07,0.6005681999959052
453,4.0,500.0,0.01,0.10001816570747603,0.09995533195406157,0.10870460720407178,0.031537752598524094,0.0031296000815927982,0.2499999850988388,0.250244140625,8.531602361472324e-05,0.10870460720407178,293,9.998029744422204e-07,0.5922289000009187
454,4.0,500.0,0.01,0.10001676780540954,0.09995395707196082,0.1087022299321202,0.03153780847787857,0.0031272924970835447,0.25,0.250244140625,8.521569543518126e-05,0.1087022299321202,293,9.993204615068754e-07,0.5916565000079572
455,4.0,500.0,0.01,0.1000153595067595,0.09995257179700182,0.10869982250303327,0.03153786063194275,0.0031249849125742912,0.2499999850988388,0.25,8.511657506460324e-05,0.10869982250303327,293,9.988298114532356e-07,0.5919932999968296
456,4.0,500.0,0.01,0.10001396037458861,0.09995119568293402,0.10869740830164352,0.03153790906071663,0.0031226782593876123,0.25,0.25,8.50187279866077e-05,0.10869740830164352,293,9.983331077410875e-07,0.6040710000088438
457,4.0,500.0,0.01,0.10001255788057115,0.09994981620981362,0.10869497117219178,0.03153795003890991,0.0031203720718622208,0.2499999850988388,0.25,8.492229244438931e-05,0.10869497117219178,293,9.978298265642751e-07,0.6167400999984238
458,4.0,500.0,0.01,0.10001115956463734,0.09994844092083047,0.10869252008340839,0.0315379872918129,0.0031180656515061855,0.2499999850988388,0.25,8.482685370836407e-05,0.10869252008340839,293,9.973214598370411e-07,0.5966842000052566
459,4.0,500.0,0.01,0.10000976061063517,0.09994706499517593,0.10869004875966182,0.03153802081942558,0.003115759463980794,0.25,0.25,8.473256457364187e-05,0.10869004875966182,293,9.968056044412831e-07,0.5948465000110446
460,4.0,500.0,0.01,0.10000836493726784,0.09994569235295021,0.10868756165070176,0.03153804689645767,0.0031134537421166897,0.2499999850988388,0.25,8.463933772873133e-05,0.10868756165070176,293,9.962853274810399e-07,0.6026950000086799
461,4.0,500.0,0.01,0.10000695937550215,0.09994430983396767,0.10868504202105994,0.03153807297348976,0.003111146856099367,0.25,0.25,8.454742055619135e-05,0.10868504202105994,293,9.957577615985605e-07,0.5996191000012914
462,4.0,500.0,0.01,0.10000556654167851,0.09994294004572113,0.10868251674742763,0.031538091599941254,0.003108840435743332,0.25,0.25,8.445628918707371e-05,0.10868251674742763,293,9.952252232775186e-07,0.6050577999994857
463,4.0,500.0,0.01,0.10000416694991016,0.09994156350185819,0.10867996159447499,0.031538110226392746,0.003106533782556653,0.25,0.25,8.436636562692001e-05,0.10867996159447499,293,9.946864945704391e-07,0.5948523999977624
464,4.0,500.0,0.01,0.10000277249288016,0.09994019210949742,0.10867739113494171,0.03153812140226364,0.0031042261980473995,0.25,0.25,8.427727152593434e-05,0.10867739113494171,293,9.941419894087862e-07,0.6025100000115344
465,4.0,500.0,0.01,0.10000137488407185,0.09993881756768663,0.10867479377360172,0.03153813257813454,0.0031019183807075024,0.2499999850988388,0.25,8.418903598794714e-05,0.10867479377360172,293,9.935913410332856e-07,0.6065059999964433
466,4.0,500.0,0.01,0.09999997764149508,0.09993744339676401,0.10867217399587106,0.03153814375400543,0.003099610097706318,0.2499999850988388,0.25,8.410174632444978e-05,0.10867217399587106,293,9.930350891347127e-07,0.5986447000032058
467,4.0,500.0,0.01,0.09999857589802581,0.0999360647403157,0.10866952498343457,0.03153815120458603,0.003097300650551915,0.2499999850988388,0.25,8.401551167480648e-05,0.10866952498343457,293,9.924718084502938e-07,0.5995824999990873
468,4.0,500.0,0.01,0.09999718840738725,0.09993470034601133,0.10866686914530238,0.031538158655166626,0.003094990272074938,0.25,0.25,8.392987365368754e-05,0.10866686914530238,293,9.919046439768393e-07,0.5938858000008622
469,4.0,500.0,0.01,0.09999578799286292,0.09993332302921817,0.10866417220164103,0.031538162380456924,0.003092680126428604,0.2499999850988388,0.25,8.384509419556707e-05,0.10866417220164103,293,9.913286846077629e-07,0.5949158999865176
470,4.0,500.0,0.01,0.09999439253989903,0.0999319506916806,0.10866145606612569,0.031538162380456924,0.0030903685837984085,0.25,0.25,8.376105688512325e-05,0.10866145606612569,293,9.907469307275556e-07,0.5959319999965373
471,4.0,500.0,0.01,0.09999299491530128,0.09993057619182237,0.10865871105988033,0.031538162380456924,0.0030880561098456383,0.25,0.25,8.367779082618654e-05,0.10865871105988033,293,9.901580763994705e-07,0.598981700008153
472,4.0,500.0,0.01,0.09999159881861641,0.09992920322360231,0.108655940693789,0.031538158655166626,0.003085743635892868,0.25,0.25,8.359532512258738e-05,0.108655940693789,293,9.895618271695884e-07,0.5995736999902874
473,4.0,500.0,0.01,0.09999020387770434,0.0999278314251249,0.10865314438552172,0.03153815492987633,0.003083429764956236,0.2499999850988388,0.25,8.351348515134305e-05,0.10865314438552172,293,9.889586797437986e-07,0.600591299997177
474,4.0,500.0,0.01,0.09998880756798802,0.09992645826948476,0.10865031822820234,0.03153815120458603,0.0030811147298663855,0.2499999701976776,0.25,8.343232184415683e-05,0.10865031822820234,293,9.883474084818228e-07,0.5959102000051644
475,4.0,500.0,0.01,0.09998741181015286,0.09992508566945109,0.10864746329613972,0.03153814375400543,0.003078799694776535,0.25,0.25,8.335190068464726e-05,0.10864746329613972,293,9.877289153466813e-07,0.5893955000065034
476,4.0,500.0,0.01,0.0999860134948399,0.09992371052823776,0.10864457625689336,0.031538136303424835,0.003076483029872179,0.2499999850988388,0.25,8.327196701429784e-05,0.10864457625689336,293,9.871006878822232e-07,0.5989420999976574
477,4.0,500.0,0.01,0.09998461932281726,0.09992233953497134,0.10864166341682764,0.03153812885284424,0.0030741658993065357,0.25,0.25,8.319266635226086e-05,0.10864166341682764,293,9.864650834952353e-07,0.5966717999981483
478,4.0,500.0,0.01,0.09998321504190279,0.09992095844585162,0.10863870704299725,0.03153811767697334,0.003071847837418318,0.25,0.25,8.311397687066346e-05,0.10863870704299725,293,9.858189015382664e-07,0.5959891999955289
479,4.0,500.0,0.01,0.09998181814221221,0.09991958474726904,0.10863572823697656,0.03153810650110245,0.0030695288442075253,0.2499999850988388,0.25,8.303572394652292e-05,0.10863572823697656,293,9.851647683522823e-07,0.5952758000057656
480,4.0,500.0,0.01,0.09998041690565429,0.09991820671880401,0.1086327112005382,0.03153809532523155,0.0030672091525048018,0.25,0.25,8.295806765090674e-05,0.1086327112005382,293,9.844998252989526e-07,0.5992956999980379
481,4.0,500.0,0.01,0.0999790189890681,0.09991683202195224,0.1086296647814353,0.03153808414936066,0.00306488829664886,0.2499999701976776,0.25,8.288077515317127e-05,0.1086296647814353,293,9.838257379479939e-07,0.7151532999996562
482,4.0,500.0,0.01,0.09997761397007371,0.0999154502380591,0.10862657532653366,0.03153806924819946,0.0030625662766397,0.2499999850988388,0.25,8.280409383587539e-05,0.10862657532653366,293,9.83141030587635e-07,0.631790400002501
483,4.0,500.0,0.01,0.0999762215846324,0.09991408108539075,0.10862346676372894,0.03153805434703827,0.0030602444894611835,0.2499999850988388,0.25,8.272771810879931e-05,0.10862346676372894,293,9.824475034126871e-07,0.6012307000055443
484,4.0,500.0,0.01,0.09997481973306058,0.09991270247683641,0.1086203100930562,0.031538043171167374,0.0030579213052988052,0.25,0.25,8.265165524790064e-05,0.1086203100930562,293,9.827607964307286e-07,0.5955850000027567
485,4.0,500.0,0.01,0.0999734154453701,0.09991132144054533,0.10861711424345802,0.03153802827000618,0.0030555976554751396,0.2499999850988388,0.25,8.257593435700983e-05,0.10861711424345802,293,9.835797059533773e-07,0.5943732999876374
486,4.0,500.0,0.01,0.09997201168513285,0.09990994093729544,0.10861388148900213,0.031538017094135284,0.0030532730743288994,0.2499999850988388,0.25,8.250053360825405e-05,0.10861388148900213,293,9.840821974837104e-07,0.6316197999985889
487,4.0,500.0,0.01,0.09997060653185948,0.0999085590540479,0.10861060896835055,0.03153800219297409,0.0030509475618600845,0.25,0.25,8.242532931035385e-05,0.10861060896835055,293,9.839971247573417e-07,0.6016591999941738
488,4.0,500.0,0.01,0.09996920515015599,0.0999071809516835,0.10860730203704007,0.0315379872918129,0.003048621118068695,0.2499999850988388,0.250244140625,8.235026325564831e-05,0.10860730203704007,293,9.834289375617269e-07,0.5987146999977995
489,4.0,500.0,0.01,0.099967802822094,0.09990580190761719,0.10860395411179696,0.0315379723906517,0.0030462942086160183,0.2499999701976776,0.250244140625,8.227533544413745e-05,0.10860395411179696,293,9.827343189208272e-07,0.6013616999989608
490,4.0,500.0,0.01,0.09996639581321681,0.09990441818972061,0.10860055976995188,0.03153795748949051,0.0030439666006714106,0.2499999850988388,0.250244140625,8.220053132390603e-05,0.10860055976995188,293,9.82181887782547e-07,0.5999472000112291
491,4.0,500.0,0.01,0.09996499222141224,0.09990303789355326,0.10859712851791017,0.031537942588329315,0.0030416385270655155,0.2499999850988388,0.250244140625,8.212579268729314e-05,0.10859712851791017,293,9.818441746006893e-07,0.6139245000085793
492,4.0,500.0,0.01,0.09996357970044566,0.09990164867148352,0.10859364374916297,0.03153793141245842,0.0030393097549676895,0.25,0.250244140625,8.205067570088431e-05,0.10859364374916297,293,9.816829386647133e-07,0.6074373000010382
493,4.0,500.0,0.01,0.09996217533689597,0.09990026761521259,0.10859012632958297,0.031537916511297226,0.003036980517208576,0.2499999850988388,0.250244140625,8.197555871447548e-05,0.10859012632958297,293,9.816386744804544e-07,0.5998748999991221
494,4.0,500.0,0.01,0.09996076222665917,0.09989887781458286,0.1085865545655354,0.03153790161013603,0.0030346510466188192,0.2499999850988388,0.250244140625,8.190023800125346e-05,0.1085865545655354,293,9.816669800284969e-07,0.6019099999975879
495,4.0,500.0,0.01,0.09995934997455705,0.0998974888767444,0.10858293950941836,0.03153788670897484,0.003032321110367775,0.25,0.250244140625,8.182458986993879e-05,0.10858293950941836,293,9.817404982899398e-07,0.5985141999990446
496,4.0,500.0,0.01,0.09995794010620816,0.09989610231660559,0.10857928216660032,0.03153787553310394,0.0030299914069473743,0.2499999850988388,0.25,8.17485197330825e-05,0.10857928216660032,293,9.818441076619235e-07,0.6055705000035232
497,4.0,500.0,0.01,0.09995652870547028,0.0998947142371163,0.10857557754794096,0.03153786063194275,0.003027660772204399,0.2499999850988388,0.25,8.167186751961708e-05,0.10857557754794096,293,9.819697943057952e-07,0.5960795999999391
498,4.0,500.0,0.01,0.09995511974448978,0.09989332859272779,0.10857182992785053,0.031537845730781555,0.003025330603122711,0.25,0.25,8.159449498634785e-05,0.10857182992785053,293,9.821144929098344e-07,0.6021506000106456
499,4.0,500.0,0.01,0.0999537046790176,0.09989193684012228,0.10856802825978584,0.03153783455491066,0.0030230004340410233,0.2499999850988388,0.25,8.151636575348675e-05,0.10856802825978584,293,9.822772342447556e-07,0.6027685000008205
500,8.0,500.0,0.02,0.09919651231374813,0.09914400690719706,0.10789619070963222,0.03150146082043648,0.0010501972865313292,0.2499999701976776,0.25,0.00013841506734024733,0.10789619070963222,292,9.594551327986379e-07,0.5947145999962231
501,8.0,500.0,0.02,0.09919560959515017,0.09914312182319206,0.10789480774854414,0.03150146082043648,0.001049315556883812,0.2499999850988388,0.25,0.00013796798884868622,0.10789480774854414,292,9.59878637812703e-07,0.5988639999995939
502,8.0,500.0,0.02,0.09919435141894771,0.09914188870049818,0.10789358557296506,0.031501464545726776,0.0010480626951903105,0.2499999850988388,0.25,0.00013774228864349425,0.10789358557296506,292,9.60985230993679e-07,0.5975353999965591
503,8.0,500.0,0.02,0.099192784885023,0.09914035425436146,0.10789252179049591,0.03150147944688797,0.0010464575607329607,0.2499999701976776,0.25,0.00013769608631264418,0.10789252179049591,292,9.62959637418246e-07,0.5951643000007607
504,8.0,500.0,0.02,0.09919091307816391,0.09913852137306069,0.1078915578900097,0.03150150179862976,0.0010445101652294397,0.2499999850988388,0.25,0.00013778838911093771,0.1078915578900097,292,9.660423319221017e-07,0.5962422000011429
505,8.0,500.0,0.02,0.09918877303529461,0.09913642694497411,0.10789067498960578,0.03150152415037155,0.00104222830850631,0.2499999701976776,0.25,0.00013798954023513943,0.10789067498960578,292,9.702802617240473e-07,0.5972087999980431
506,8.0,500.0,0.02,0.09918636312491418,0.09913406921706319,0.10788980914637668,0.03150155395269394,0.001039617694914341,0.2499999850988388,0.250244140625,0.00013826662325300276,0.10788980914637668,292,9.740365428076916e-07,0.6317183000064688
507,8.0,500.0,0.02,0.09918369117581394,0.09913145591008585,0.10788891004681767,0.031501587480306625,0.0010366839123889804,0.2499999850988388,0.250244140625,0.0001385874202242121,0.10788891004681767,292,9.68558243841223e-07,0.637378900006297
508,8.0,500.0,0.02,0.09918076534710671,0.09912859497919525,0.1078879305462834,0.03150162845849991,0.0010334369726479053,0.25,0.250244140625,0.00013891617709305137,0.1078879305462834,292,9.536776853871965e-07,0.6264047000004211
509,8.0,500.0,0.02,0.09917757977930136,0.09912548031530581,0.10788681232283874,0.03150166571140289,0.0010298899142071605,0.25,0.250244140625,0.00013920513447374105,0.10788681232283874,292,9.568117217979389e-07,0.6466261000023223
510,8.0,500.0,0.02,0.09917413846443263,0.0991221154205766,0.10788551324363665,0.03150171414017677,0.0010260664857923985,0.2499999850988388,0.250244140625,0.00013939621567260474,0.10788551324363665,292,9.79390205597958e-07,0.5957117999932962
511,8.0,500.0,0.02,0.09917045221722935,0.0991185104308023,0.10788400567980812,0.031501758843660355,0.0010220013791695237,0.2499999850988388,0.250244140625,0.00013941631186753511,0.10788400567980812,292,9.910195843630544e-07,0.6141617999965092
512,8.0,500.0,0.02,0.09916652497542487,0.0991146683123468,0.10788226200999676,0.031501807272434235,0.0010177427902817726,0.25,0.250244140625,0.00013917025353293866,0.10788226200999676,292,9.880857508606404e-07,0.5992876999953296
513,8.0,500.0,0.02,0.09916238367367707,0.09911061469368808,0.10788028954086905,0.03150185942649841,0.00101335602812469,0.25,0.250244140625,0.00013854692224413157,0.10788028954086905,292,9.899044641545527e-07,0.6000662000005832
514,8.0,500.0,0.02,0.09915803342125008,0.0991063530417029,0.10787808056288559,0.03150191158056259,0.0010089233983308077,0.2499999701976776,0.250244140625,0.00013740883150603622,0.10787808056288559,292,9.871871972489822e-07,0.6064412999985507
515,8.0,500.0,0.02,0.09915352241823541,0.09910192951222974,0.10787568559424214,0.03150196373462677,0.0010045471135526896,0.25,0.250244140625,0.00013561564264819026,0.10787568559424214,292,9.76979297752231e-07,0.6020776999939699
516,8.0,500.0,0.02,0.09914889273665523,0.09909738385457223,0.10787315710808519,0.03150201961398125,0.0010003431234508753,0.25,0.250244140625,0.00013302246225066483,0.10787315710808519,292,9.77076984727192e-07,0.5973411000013584
517,8.0,500.0,0.02,0.09914420988729679,0.09909277904538893,0.10787058008896017,0.031502075493335724,0.0009964383207261562,0.25,0.250244140625,0.00012950152449775487,0.10787058008896017,292,9.806198470752105e-07,0.599739999990561
518,8.0,500.0,0.02,0.0991395525133117,0.09908819110476141,0.10786805751596358,0.0315021350979805,0.0009929636726155877,0.2499999701976776,0.250244140625,0.00012495781993493438,0.10786805751596358,292,9.748715000017175e-07,0.5966503000090597
519,8.0,500.0,0.02,0.09913498831399563,0.09908368538738074,0.10786567956591961,0.03150219842791557,0.0009900364093482494,0.25,0.250244140625,0.00011934227222809568,0.10786567956591961,292,9.77719411736121e-07,0.6022621000010986
520,8.0,500.0,0.02,0.09913063110468814,0.09907937364850099,0.1078635830527252,0.03150225803256035,0.0009877599077299237,0.25,0.250244140625,0.00011267611989751458,0.1078635830527252,292,9.792303579581859e-07,0.6018658999964828
521,8.0,500.0,0.02,0.09912655976815335,0.09907533348845504,0.10786185726939274,0.03150232508778572,0.000986197730526328,0.25,0.250244140625,0.0001050489372573793,0.10786185726939274,292,9.802301215892576e-07,0.5980745999986539
522,8.0,500.0,0.02,0.09912285860035511,0.09907164877200442,0.10786058595236547,0.031502388417720795,0.0009853719966486096,0.25,0.250244140625,9.663686796557158e-05,0.10786058595236547,292,9.809929080371904e-07,0.5928870000061579
523,8.0,500.0,0.02,0.09911959581783991,0.09906838827262651,0.10785982188317018,0.031502459198236465,0.0009852543007582426,0.2499999850988388,0.250244140625,8.771521970629692e-05,0.10785982188317018,292,9.81737203004269e-07,0.5953007999924012
524,8.0,500.0,0.02,0.09911683242976531,0.09906561449238896,0.10785959600979858,0.031502529978752136,0.0009857703698799014,0.2499999701976776,0.250244140625,7.86825839895755e-05,0.10785959600979858,292,9.826204146010712e-07,0.6075955999986036
525,8.0,500.0,0.02,0.09911459297597813,0.0990633543972339,0.10785988591293481,0.03150260075926781,0.0009867988992482424,0.2499999850988388,0.250244140625,7.009642285993323e-05,0.10785959600979858,292,9.8371009126113e-07,0.5990733999933582
526,8.0,500.0,0.02,0.0991128804150766,0.0990616139329767,0.10786063586006789,0.03150267153978348,0.0009881905280053616,0.25,0.250244140625,6.269957520999014e-05,0.10785959600979858,292,9.850003192325583e-07,0.6059334000019589
527,8.0,500.0,0.02,0.09911167865602766,0.09906038028544281,0.10786176483713676,0.03150274604558945,0.0009897812269628048,0.25,0.250244140625,5.736622915719636e-05,0.10785959600979858,292,9.86451996130357e-07,0.5963817000010749
528,8.0,500.0,0.02,0.09911091837512387,0.09905958757495564,0.10786313374475821,0.03150281682610512,0.0009913991671055555,0.2499999850988388,0.250244140625,5.484598659677431e-05,0.10785959600979858,292,9.90823351301902e-07,0.5905494999897201
529,8.0,500.0,0.02,0.09911052951467839,0.09905916875851956,0.10786461269144741,0.03150289133191109,0.0009928932413458824,0.2499999850988388,0.250244140625,5.533263902179897e-05,0.10785959600979858,292,9.975470935573162e-07,0.5909211999969557
530,8.0,500.0,0.02,0.0991104107354652,0.09905902514000199,0.10786605265189741,0.03150296211242676,0.0009941316675394773,0.2499999850988388,0.250244140625,5.824544859933667e-05,0.10785959600979858,293,9.918116372279363e-07,0.5949187999940477
531,8.0,500.0,0.02,0.09911044654840864,0.09905904326526709,0.10786730765917037,0.03150302916765213,0.0009950126986950636,0.2499999850988388,0.250244140625,6.251999002415687e-05,0.10785959600979858,293,9.951985524814794e-07,0.6031860999937635
532,8.0,500.0,0.02,0.09911053480962098,0.09905912236040265,0.10786826825484755,0.0315030962228775,0.0009954676497727633,0.25,0.250244140625,6.707567081321031e-05,0.10785959600979858,294,9.970571665759439e-07,0.6154386999987764
533,8.0,500.0,0.02,0.09911058560529902,0.09905917323710575,0.10786885591171726,0.031503159552812576,0.00099546043202281,0.2499999850988388,0.250244140625,7.106809789547697e-05,0.10785959600979858,294,9.404852304011248e-07,0.5985272999969311
534,8.0,500.0,0.02,0.09911051619742198,0.09905911343675239,0.10786901189110167,0.03150321915745735,0.0009949770756065845,0.25,0.250244140625,7.393593841698021e-05,0.10785959600979858,293,9.932994990982144e-07,0.6013387000130024
535,8.0,500.0,0.02,0.09911029686495174,0.09905891292398307,0.10786874475374088,0.03150327503681183,0.0009940332965925336,0.2499999850988388,0.250244140625,7.538234058301896e-05,0.10785959600979858,293,9.92467415306513e-07,0.5912381000089226
536,8.0,500.0,0.02,0.09910989795887512,0.09905854154221383,0.1078680609833181,0.03150332719087601,0.0009926544735208154,0.2499999701976776,0.250244140625,7.531325536547229e-05,0.10785959600979858,294,9.414033546833341e-07,0.6036677999945823
537,8.0,500.0,0.02,0.09910933418811271,0.09905801309558535,0.10786701517014957,0.031503379344940186,0.000990885659120977,0.25,0.250244140625,7.380841998383403e-05,0.10785959600979858,294,9.451698276684807e-07,0.5977278000063961
538,8.0,500.0,0.02,0.09910864304617874,0.0990573639730633,0.10786568186213362,0.031503427773714066,0.0009887822670862079,0.25,0.250244140625,7.107172859832644e-05,0.10785959600979858,294,9.395456298180275e-07,0.599974700002349
539,8.0,500.0,0.02,0.09910786018601678,0.0990566286517965,0.10786412785514404,0.03150347247719765,0.0009864030871540308,0.25,0.250244140625,6.738742376910523e-05,0.10785959600979858,293,9.907403631409417e-07,0.595517399997334
540,8.0,500.0,0.02,0.09910703367925217,0.09905585386882504,0.10786243050248505,0.03150352090597153,0.000983814476057887,0.25,0.250244140625,6.308870069915429e-05,0.10785959600979858,293,9.9032096543455e-07,0.6021622999978717
541,8.0,500.0,0.02,0.09910621629494547,0.0990550910362725,0.10786067079672979,0.03150356560945511,0.0009810846531763673,0.2499999701976776,0.250244140625,5.85266861889977e-05,0.10785959600979858,293,9.997059760249343e-07,0.6043247000052361
542,8.0,500.0,0.02,0.09910542631640837,0.09905435724023537,0.10785888845293404,0.03150361403822899,0.000978273106738925,0.2499999850988388,0.250244140625,5.403067189035937e-05,0.10785888845293404,294,9.418019292140112e-07,0.6062680000031833
543,8.0,500.0,0.02,0.0991047029548234,0.09905369042343484,0.10785714824111711,0.03150365874171257,0.0009754436323419213,0.25,0.250244140625,4.9899615987669677e-05,0.10785714824111711,294,9.988756134878967e-07,0.5961042999988422
544,8.0,500.0,0.02,0.09910406471479664,0.09905310801223832,0.1078554905131775,0.03150370344519615,0.0009726499556563795,0.25,0.250244140625,4.636689482140355e-05,0.1078554905131775,293,9.994750231050012e-07,0.6118188000109512
545,8.0,500.0,0.02,0.09910351028135503,0.09905260783462311,0.1078539328589395,0.03150375187397003,0.000969934742897749,0.2499999850988388,0.250244140625,4.358063597464934e-05,0.1078539328589395,293,9.96270841803475e-07,0.6093514000094729
546,8.0,500.0,0.02,0.09910302608969013,0.09905217569643954,0.10785247723348866,0.03150379657745361,0.0009673298336565495,0.2499999850988388,0.250244140625,4.159132731729187e-05,0.10785247723348866,293,9.941468640937095e-07,0.6086676999984775
547,8.0,500.0,0.02,0.0991026229761881,0.09905182182009939,0.10785115299826277,0.03150384500622749,0.0009648655541241169,0.2499999850988388,0.250244140625,4.0352679206989706e-05,0.10785115299826277,293,9.929685954627478e-07,0.6001611999963643
548,8.0,500.0,0.02,0.0991022788812459,0.09905152385635828,0.10784994847841074,0.03150389343500137,0.0009625565726310015,0.2499999850988388,0.250244140625,3.97393450839445e-05,0.10784994847841074,293,9.920046137472473e-07,0.5928972999972757
549,8.0,500.0,0.02,0.09910197400112718,0.09905126185712486,0.1078488528597851,0.03150394186377525,0.0009604101069271564,0.25,0.250244140625,3.958520755986683e-05,0.1078488528597851,293,9.91245484936215e-07,0.6130191999982344
550,8.0,500.0,0.02,0.09910170704546076,0.09905103442283038,0.1078478734750348,0.031503986567258835,0.0009584318031556904,0.25,0.250244140625,3.971804108005017e-05,0.1078478734750348,293,9.906785083378625e-07,0.5939018999924883
551,8.0,500.0,0.02,0.09910145472876188,0.09905081835623292,0.10784699027693426,0.031504031270742416,0.0009566170629113913,0.25,0.250244140625,3.998662577942014e-05,0.10784699027693426,293,9.90292332834185e-07,0.607474699994782
552,8.0,500.0,0.02,0.0991012058650605,0.09905060257124673,0.10784619411964846,0.031504079699516296,0.0009549607057124376,0.2499999850988388,0.250244140625,4.0272185287903994e-05,0.10784619411964846,293,9.900738670403057e-07,0.597378899998148
553,8.0,500.0,0.02,0.0991009599730785,0.09905038671302079,0.10784548649136301,0.03150412067770958,0.0009534569690003991,0.2499999850988388,0.250244140625,4.0488113882020116e-05,0.10784548649136301,293,9.900108714421565e-07,0.6034734999993816
554,8.0,500.0,0.02,0.09910071077043747,0.09905016465563883,0.10784485993542067,0.03150416538119316,0.0009520974708721042,0.2499999850988388,0.250244140625,4.057938713231124e-05,0.10784485993542067,293,9.90091672019145e-07,0.5979560999985551
555,8.0,500.0,0.02,0.09910044533878887,0.0990499237350034,0.10784429805020769,0.031504206359386444,0.0009508698713034391,0.2499999850988388,0.250244140625,4.051675568916835e-05,0.10784429805020769,293,9.90304876822566e-07,0.5920593999908306
556,8.0,500.0,0.02,0.09910016885437761,0.09904966927264576,0.10784380369098107,0.03150424733757973,0.0009497667197138071,0.2499999850988388,0.250244140625,4.028872353956103e-05,0.10784380369098107,293,9.906380822448621e-07,0.5972283000010066
557,8.0,500.0,0.02,0.09909988039341586,0.09904940054850483,0.10784337179971981,0.03150428831577301,0.0009487778297625482,0.25,0.250244140625,3.989953620475717e-05,0.10784337179971981,293,9.910784596520297e-07,0.6031734999996843
558,8.0,500.0,0.02,0.09909958963279199,0.09904912740035501,0.1078430082088616,0.031504325568675995,0.0009478953434154391,0.2499999850988388,0.250244140625,3.9363567339023575e-05,0.1078430082088616,293,9.916092474931415e-07,0.6020630999992136
559,8.0,500.0,0.02,0.09909928009020269,0.09904883363669842,0.10784268900574615,0.03150436282157898,0.0009471045341342688,0.25,0.250244140625,3.8707083149347454e-05,0.10784268900574615,293,9.922155284687074e-07,0.6037069000012707
560,8.0,500.0,0.02,0.09909897941095415,0.09904854697851126,0.10784243930861936,0.031504400074481964,0.0009464016184210777,0.25,0.250244140625,3.7956480809953064e-05,0.10784243930861936,293,9.92877626881044e-07,0.5939671999949496
561,8.0,500.0,0.02,0.09909867128740131,0.09904825141011803,0.10784223442582591,0.03150444105267525,0.000945771811529994,0.25,0.250244140625,3.714737977134064e-05,0.10784223442582591,293,9.937468998512373e-07,0.6009684000018751
562,8.0,500.0,0.02,0.09909836700482723,0.09904795840120371,0.10784208062522017,0.03150447830557823,0.0009452062658965588,0.25,0.250244140625,3.631348590715788e-05,0.10784208062522017,293,9.951211741185702e-07,0.5886421999894083
563,8.0,500.0,0.02,0.09909807516731288,0.0990476767255828,0.10784198123673115,0.031504515558481216,0.0009446963085792959,0.25,0.250244140625,3.5487501008901745e-05,0.10784198123673115,293,9.96441911729835e-07,0.6022137000109069
564,8.0,500.0,0.02,0.09909778469735725,0.09904739559818959,0.10784191690055471,0.0315045490860939,0.0009442275040782988,0.2499999850988388,0.250244140625,3.4701846743701026e-05,0.10784191690055471,293,9.97669501679896e-07,0.6002161000069464
565,8.0,500.0,0.02,0.0990975116438526,0.09904713118223615,0.10784189928850513,0.031504593789577484,0.0009437933913432062,0.2499999850988388,0.250244140625,3.398054832359776e-05,0.10784189928850513,293,9.987708357245162e-07,0.5975696999958018
566,8.0,500.0,0.02,0.09909724437759525,0.09904687214887037,0.10784190832325502,0.03150463104248047,0.0009433798841200769,0.2499999850988388,0.250244140625,3.334328721393831e-05,0.10784189928850513,293,9.997234662293385e-07,0.6078361999971094
567,8.0,500.0,0.02,0.09909699389046929,0.09904662961873166,0.1078419503217163,0.03150466829538345,0.0009429801721125841,0.25,0.250244140625,3.279980955994688e-05,0.10784189928850513,294,9.974148387817354e-07,0.59001200000057
568,8.0,500.0,0.02,0.09909675048977808,0.09904639413521366,0.10784200757039789,0.031504709273576736,0.0009425822645425797,0.25,0.250244140625,3.2353007554775104e-05,0.10784189928850513,294,9.97843891731186e-07,0.5995891000056872
569,8.0,500.0,0.02,0.09909651884011203,0.09904617050050968,0.1078420790887606,0.03150475025177002,0.0009421794675290585,0.25,0.250244140625,3.199675848009065e-05,0.10784189928850513,294,9.981868474089283e-07,0.5995528000057675
570,8.0,500.0,0.02,0.09909629467363924,0.09904595461908253,0.10784215416545666,0.0315047912299633,0.0009417631663382053,0.2499999850988388,0.250244140625,3.17193080263678e-05,0.10784189928850513,294,9.984421740022355e-07,0.5951242000010097
571,8.0,500.0,0.02,0.09909607933903539,0.0990457479327401,0.10784222835636598,0.031504832208156586,0.0009413287043571472,0.25,0.250244140625,3.150412885588594e-05,0.10784189928850513,294,9.98609897505649e-07,0.6085372999950778
572,8.0,500.0,0.02,0.09909586848551095,0.0990455462161886,0.10784229128566751,0.03150487691164017,0.0009408696205355227,0.2499999850988388,0.250244140625,3.1332998332800344e-05,0.10784189928850513,294,9.98694730176542e-07,0.5971989999961806
573,8.0,500.0,0.02,0.09909566484027851,0.09904535224367242,0.10784234132764685,0.03150491788983345,0.0009403839358128607,0.25,0.250244140625,3.1187530112219974e-05,0.10784189928850513,294,9.987040490492853e-07,0.6085884000058286
574,8.0,500.0,0.02,0.09909545862248527,0.09904515631396682,0.10784236297049381,0.03150496631860733,0.00093986710999161,0.25,0.250244140625,3.10514478769619e-05,0.10784189928850513,294,9.98646705974665e-07,0.6042433999973582
575,8.0,500.0,0.02,0.09909526011778141,0.09904496868198838,0.1078423641849337,0.03150501102209091,0.0009393212385475636,0.25,0.250244140625,3.0911516660125926e-05,0.10784189928850513,294,9.98533068040588e-07,0.595934800003306
576,8.0,500.0,0.02,0.09909506131121458,0.09904478135350661,0.10784233316580992,0.03150505572557449,0.000938745099119842,0.25,0.250244140625,3.075831409660168e-05,0.10784189928850513,294,9.983763744485443e-07,0.6028483999980381
577,8.0,500.0,0.02,0.09909486280878106,0.09904459490890646,0.10784226851680585,0.031505100429058075,0.0009381399722769856,0.25,0.250244140625,3.058614311157726e-05,0.10784189928850513,294,9.981893002479534e-07,0.5957844000076875
578,8.0,500.0,0.02,0.09909466831720729,0.09904441297435496,0.10784217377649667,0.031505148857831955,0.0009375096997246146,0.2499999850988388,0.250244140625,3.039374678337481e-05,0.10784189928850513,293,9.999113321453383e-07,0.6021118000062415
579,8.0,500.0,0.02,0.0990944704205177,0.09904422811664708,0.10784203999164596,0.031505197286605835,0.0009368553292006254,0.25,0.250244140625,3.018172901647631e-05,0.10784189928850513,293,9.99361992771124e-07,0.5990652000036789
580,8.0,500.0,0.02,0.09909427218771656,0.09904404331258615,0.10784187172270752,0.03150524944067001,0.0009361812844872475,0.2499999850988388,0.250244140625,2.995444265252445e-05,0.10784187172270752,293,9.988297679200897e-07,0.5986795000062557
581,8.0,500.0,0.02,0.0990940791022721,0.09904386393318318,0.10784167698502746,0.03150529786944389,0.0009354935609735548,0.25,0.250244140625,2.9716957214986905e-05,0.10784167698502746,293,9.983358706080658e-07,0.6045219000079669
582,8.0,500.0,0.02,0.09909389110663948,0.0990436898368415,0.10784145826155224,0.03150534629821777,0.0009347961749881506,0.2499999850988388,0.250244140625,2.9475324481609277e-05,0.10784145826155224,293,9.97897666259897e-07,0.5983257000043523
583,8.0,500.0,0.02,0.09909370078575963,0.09904351355471813,0.10784120989600537,0.03150539845228195,0.000934091629460454,0.25,0.250244140625,2.923553438449744e-05,0.10784120989600537,293,9.975281866537806e-07,0.602653800000553
584,8.0,500.0,0.02,0.09909351281549644,0.09904333965138394,0.10784094081616415,0.03150544688105583,0.0009333858615718782,0.25,0.250244140625,2.9003078452660702e-05,0.10784094081616415,293,9.972365223768675e-07,0.5968733000045177
585,8.0,500.0,0.02,0.0990933340827877,0.09904317489573157,0.10784066319936184,0.03150549903512001,0.00093268440105021,0.2499999850988388,0.250244140625,2.8782362278434448e-05,0.10784066319936184,293,9.970243785956391e-07,0.6060759000101825
586,8.0,500.0,0.02,0.09909314764671055,0.09904300236593028,0.10784036166747696,0.03150554746389389,0.0009319866658188403,0.25,0.250244140625,2.8576563636306673e-05,0.10784036166747696,293,9.969333925447169e-07,0.5984095000021625
587,8.0,500.0,0.02,0.09909296991876951,0.09904283830212122,0.10784005935354679,0.03150559589266777,0.0009313010377809405,0.25,0.250244140625,2.8387419661157764e-05,0.10784005935354679,293,9.969507638143902e-07,0.5919856999971671
588,8.0,500.0,0.02,0.09909279708974633,0.09904267885177967,0.10783975583974001,0.03150564804673195,0.0009306294959969819,0.25,0.250244140625,2.821504676830955e-05,0.10783975583974001,293,9.9700392995059e-07,0.5997816000017338
589,8.0,500.0,0.02,0.09909261588396738,0.09904251077112976,0.10783944041716018,0.03150569647550583,0.0009299708181060851,0.25,0.250244140625,2.8059117539669387e-05,0.10783944041716018,293,9.970894717091895e-07,0.5934566000069026
590,8.0,500.0,0.02,0.09909245072282348,0.0990423582831906,0.10783914457242569,0.03150574862957001,0.00092933455016464,0.2499999850988388,0.250244140625,2.7917121769860387e-05,0.10783914457242569,293,9.972022182009617e-07,0.6007867000007536
591,8.0,500.0,0.02,0.09909228335666062,0.09904220322608541,0.10783885088623907,0.03150579705834389,0.0009287166758440435,0.25,0.250244140625,2.778721864160616e-05,0.10783885088623907,293,9.973407609979816e-07,0.6072877999977209
592,8.0,500.0,0.02,0.09909211767271942,0.09904204943210668,0.10783856694769343,0.03150584548711777,0.0009281197562813759,0.25,0.250244140625,2.766657416941598e-05,0.10783856694769343,293,9.975105512170814e-07,0.5984037000016542
593,8.0,500.0,0.02,0.0990919464921698,0.0990418897468716,0.1078382868825041,0.03150589391589165,0.0009275425691157579,0.25,0.250244140625,2.7552698156796396e-05,0.1078382868825041,293,9.97768730200164e-07,0.5989512000087416
594,8.0,500.0,0.02,0.09909179079281628,0.09904174501430706,0.1078380370512075,0.03150594234466553,0.0009269918082281947,0.2499999701976776,0.250244140625,2.7442312784842215e-05,0.1078380370512075,293,9.98044198585359e-07,0.5977647999970941
595,8.0,500.0,0.02,0.09909162505980951,0.099041589881381,0.1078377897927317,0.03150599077343941,0.0009264593827538192,0.25,0.250244140625,2.7333944672136568e-05,0.1078377897927317,293,9.983268691257062e-07,0.6037458000064362
596,8.0,500.0,0.02,0.0990914640836184,0.09904143905264781,0.10783756324909385,0.03150603547692299,0.0009259497746825218,0.25,0.250244140625,2.7225472877034917e-05,0.10783756324909385,293,9.986079067129308e-07,0.5969825999927707
597,8.0,500.0,0.02,0.09909130233135792,0.09904128704132298,0.10783735162260334,0.03150608390569687,0.0009254603064619005,0.25,0.250244140625,2.7115911507280543e-05,0.10783735162260334,293,9.988793746952925e-07,0.5971680999937234
598,8.0,500.0,0.02,0.09909115152472076,0.099041145525327,0.10783716881205886,0.03150612860918045,0.0009249935392290354,0.25,0.250244140625,2.7003814466297626e-05,0.10783716881205886,293,9.991325343298841e-07,0.6026227000111248
599,8.0,500.0,0.02,0.09909099685281578,0.09904099980063798,0.10783699745975776,0.03150617331266403,0.0009245439432561398,0.2499999850988388,0.250244140625,2.688992208277341e-05,0.10783699745975776,293,9.993634673220195e-07,0.599838499998441
