role,scenario_index,iterations,relative_residual,converged,reason,dtype,device
forward,0,292,9.932844781372773e-07,True,CONVERGED,float64,cuda:0
forward,1,297,9.976219180600678e-07,True,CONVERGED,float64,cuda:0
forward,2,295,9.457256919248623e-07,True,CONVERGED,float64,cuda:0
adjoint,0,288,9.992462525013425e-07,True,CONVERGED,float64,cuda:0
adjoint,1,293,9.889217933179028e-07,True,CONVERGED,float64,cuda:0
adjoint,2,293,9.409837778160881e-07,True,CONVERGED,float64,cuda:0
forward,0,292,8.882365141863712e-07,True,CONVERGED,float64,cuda:0
forward,1,294,9.004718716748849e-07,True,CONVERGED,float64,cuda:0
forward,2,294,8.771800500370573e-07,True,CONVERGED,float64,cuda:0
adjoint,0,290,9.98530316592746e-07,True,CONVERGED,float64,cuda:0
adjoint,1,291,9.94296707043159e-07,True,CONVERGED,float64,cuda:0
adjoint,2,290,9.654392000180007e-07,True,CONVERGED,float64,cuda:0
forward,0,291,9.246277338998536e-07,True,CONVERGED,float64,cuda:0
forward,1,295,9.307736370586633e-07,True,CONVERGED,float64,cuda:0
forward,2,298,9.550378103485074e-07,True,CONVERGED,float64,cuda:0
adjoint,0,290,9.049933346121763e-07,True,CONVERGED,float64,cuda:0
adjoint,1,292,9.051892853829181e-07,True,CONVERGED,float64,cuda:0
adjoint,2,293,9.59784412358699e-07,True,CONVERGED,float64,cuda:0
forward,0,290,9.95364097885707e-07,True,CONVERGED,float64,cuda:0
forward,1,300,9.691901163442673e-07,True,CONVERGED,float64,cuda:0
forward,2,302,9.60857519682871e-07,True,CONVERGED,float64,cuda:0
adjoint,0,288,9.710340265858131e-07,True,CONVERGED,float64,cuda:0
adjoint,1,293,9.367153608612518e-07,True,CONVERGED,float64,cuda:0
adjoint,2,293,9.964016415222035e-07,True,CONVERGED,float64,cuda:0
forward,0,290,8.953107598016817e-07,True,CONVERGED,float64,cuda:0
forward,1,303,9.261962580444477e-07,True,CONVERGED,float64,cuda:0
forward,2,303,9.547266693993777e-07,True,CONVERGED,float64,cuda:0
adjoint,0,284,9.703382296762678e-07,True,CONVERGED,float64,cuda:0
adjoint,1,293,9.842957999907627e-07,True,CONVERGED,float64,cuda:0
adjoint,2,293,9.774388175414152e-07,True,CONVERGED,float64,cuda:0
forward,0,289,9.771729209520375e-07,True,CONVERGED,float64,cuda:0
forward,1,303,9.721675570249097e-07,True,CONVERGED,float64,cuda:0
forward,2,303,9.770557260352665e-07,True,CONVERGED,float64,cuda:0
adjoint,0,283,9.24490416403867e-07,True,CONVERGED,float64,cuda:0
adjoint,1,293,9.979005925013233e-07,True,CONVERGED,float64,cuda:0
adjoint,2,293,9.499056090544256e-07,True,CONVERGED,float64,cuda:0
forward,0,289,8.999437397100344e-07,True,CONVERGED,float64,cuda:0
forward,1,303,9.812725214909864e-07,True,CONVERGED,float64,cuda:0
forward,2,303,9.73094682069975e-07,True,CONVERGED,float64,cuda:0
adjoint,0,282,9.60906925595269e-07,True,CONVERGED,float64,cuda:0
adjoint,1,293,9.97457174545612e-07,True,CONVERGED,float64,cuda:0
adjoint,2,293,9.249777766126572e-07,True,CONVERGED,float64,cuda:0
forward,0,288,9.182324399111557e-07,True,CONVERGED,float64,cuda:0
forward,1,303,9.654965433731347e-07,True,CONVERGED,float64,cuda:0
forward,2,303,9.513454230090506e-07,True,CONVERGED,float64,cuda:0
adjoint,0,282,9.390798547837995e-07,True,CONVERGED,float64,cuda:0
adjoint,1,293,9.856395429329551e-07,True,CONVERGED,float64,cuda:0
adjoint,2,293,9.01634041501261e-07,True,CONVERGED,float64,cuda:0
forward,0,286,9.63922723767057e-07,True,CONVERGED,float64,cuda:0
forward,1,303,9.300087683968129e-07,True,CONVERGED,float64,cuda:0
forward,2,303,9.131872430363707e-07,True,CONVERGED,float64,cuda:0
adjoint,0,282,9.385439749063563e-07,True,CONVERGED,float64,cuda:0
adjoint,1,293,9.612428829857358e-07,True,CONVERGED,float64,cuda:0
adjoint,2,293,8.760680841108933e-07,True,CONVERGED,float64,cuda:0
forward,0,284,9.555412290696733e-07,True,CONVERGED,float64,cuda:0
forward,1,302,9.549515876860812e-07,True,CONVERGED,float64,cuda:0
forward,2,302,9.346364302518586e-07,True,CONVERGED,float64,cuda:0
adjoint,0,282,9.339670673244248e-07,True,CONVERGED,float64,cuda:0
adjoint,1,293,9.229473590027511e-07,True,CONVERGED,float64,cuda:0
adjoint,2,292,9.773346072899845e-07,True,CONVERGED,float64,cuda:0
forward,0,284,9.143750333045339e-07,True,CONVERGED,float64,cuda:0
forward,1,300,9.874687661860445e-07,True,CONVERGED,float64,cuda:0
forward,2,300,9.60176327532022e-07,True,CONVERGED,float64,cuda:0
adjoint,0,282,8.925438608729622e-07,True,CONVERGED,float64,cuda:0
adjoint,1,292,9.908588501446683e-07,True,CONVERGED,float64,cuda:0
adjoint,2,292,9.427896096859651e-07,True,CONVERGED,float64,cuda:0
forward,0,285,9.474992574002047e-07,True,CONVERGED,float64,cuda:0
forward,1,299,9.229962372045174e-07,True,CONVERGED,float64,cuda:0
forward,2,298,9.182299256958708e-07,True,CONVERGED,float64,cuda:0
adjoint,0,281,9.249947667021666e-07,True,CONVERGED,float64,cuda:0
adjoint,1,292,9.319172337201535e-07,True,CONVERGED,float64,cuda:0
adjoint,2,292,9.157468653390634e-07,True,CONVERGED,float64,cuda:0
forward,0,288,9.117766679514651e-07,True,CONVERGED,float64,cuda:0
forward,1,297,9.860016775862154e-07,True,CONVERGED,float64,cuda:0
forward,2,293,9.662276910372846e-07,True,CONVERGED,float64,cuda:0
adjoint,0,280,9.246307352128598e-07,True,CONVERGED,float64,cuda:0
adjoint,1,291,9.833078590727055e-07,True,CONVERGED,float64,cuda:0
adjoint,2,292,9.029675674136937e-07,True,CONVERGED,float64,cuda:0
forward,0,289,9.245116188655077e-07,True,CONVERGED,float64,cuda:0
forward,1,295,9.212346431754603e-07,True,CONVERGED,float64,cuda:0
forward,2,290,9.640491900080982e-07,True,CONVERGED,float64,cuda:0
adjoint,0,275,9.80455077487204e-07,True,CONVERGED,float64,cuda:0
adjoint,1,291,9.534261013752358e-07,True,CONVERGED,float64,cuda:0
adjoint,2,291,9.985600657140822e-07,True,CONVERGED,float64,cuda:0
forward,0,289,9.988104758662105e-07,True,CONVERGED,float64,cuda:0
forward,1,294,9.634968175050546e-07,True,CONVERGED,float64,cuda:0
forward,2,289,9.663800542530782e-07,True,CONVERGED,float64,cuda:0
adjoint,0,287,8.696254958156699e-07,True,CONVERGED,float64,cuda:0
adjoint,1,291,9.521455984084571e-07,True,CONVERGED,float64,cuda:0
adjoint,2,292,9.155270803871415e-07,True,CONVERGED,float64,cuda:0
forward,0,290,8.812348044739834e-07,True,CONVERGED,float64,cuda:0
forward,1,294,9.700752937325769e-07,True,CONVERGED,float64,cuda:0
forward,2,289,9.815391084174395e-07,True,CONVERGED,float64,cuda:0
adjoint,0,287,9.734489164616167e-07,True,CONVERGED,float64,cuda:0
adjoint,1,291,9.760365774696659e-07,True,CONVERGED,float64,cuda:0
adjoint,2,292,9.306516480008007e-07,True,CONVERGED,float64,cuda:0
forward,0,290,9.106956670806225e-07,True,CONVERGED,float64,cuda:0
forward,1,295,9.460278643210436e-07,True,CONVERGED,float64,cuda:0
forward,2,291,9.84253962832131e-07,True,CONVERGED,float64,cuda:0
adjoint,0,287,9.992860877701795e-07,True,CONVERGED,float64,cuda:0
adjoint,1,292,9.452504249188056e-07,True,CONVERGED,float64,cuda:0
adjoint,2,292,9.443611887873448e-07,True,CONVERGED,float64,cuda:0
forward,0,290,9.299452422395835e-07,True,CONVERGED,float64,cuda:0
forward,1,298,9.22769196152373e-07,True,CONVERGED,float64,cuda:0
forward,2,294,9.647848682516245e-07,True,CONVERGED,float64,cuda:0
adjoint,0,287,9.982594992797366e-07,True,CONVERGED,float64,cuda:0
adjoint,1,293,9.194445052139858e-07,True,CONVERGED,float64,cuda:0
adjoint,2,292,9.524753959616933e-07,True,CONVERGED,float64,cuda:0
forward,0,290,9.41845559628781e-07,True,CONVERGED,float64,cuda:0
forward,1,299,9.149621277385051e-07,True,CONVERGED,float64,cuda:0
forward,2,295,9.869999899612089e-07,True,CONVERGED,float64,cuda:0
adjoint,0,287,9.579116848221397e-07,True,CONVERGED,float64,cuda:0
adjoint,1,293,9.97905737487136e-07,True,CONVERGED,float64,cuda:0
adjoint,2,292,9.529456674392545e-07,True,CONVERGED,float64,cuda:0
forward,0,290,9.495266612580376e-07,True,CONVERGED,float64,cuda:0
forward,1,299,9.938678043858818e-07,True,CONVERGED,float64,cuda:0
forward,2,296,9.600151151205048e-07,True,CONVERGED,float64,cuda:0
adjoint,0,283,9.910938058135478e-07,True,CONVERGED,float64,cuda:0
adjoint,1,295,9.643480162693706e-07,True,CONVERGED,float64,cuda:0
adjoint,2,292,9.451028582237867e-07,True,CONVERGED,float64,cuda:0
forward,0,290,9.559260100073155e-07,True,CONVERGED,float64,cuda:0
forward,1,300,9.97278314926955e-07,True,CONVERGED,float64,cuda:0
forward,2,296,9.524342172841337e-07,True,CONVERGED,float64,cuda:0
adjoint,0,287,9.209357647011407e-07,True,CONVERGED,float64,cuda:0
adjoint,1,296,9.506201261982598e-07,True,CONVERGED,float64,cuda:0
adjoint,2,291,9.951918719818125e-07,True,CONVERGED,float64,cuda:0
forward,0,290,9.611528617246837e-07,True,CONVERGED,float64,cuda:0
forward,1,301,9.872739266913433e-07,True,CONVERGED,float64,cuda:0
forward,2,296,9.542542650946887e-07,True,CONVERGED,float64,cuda:0
adjoint,0,288,8.248731363332396e-07,True,CONVERGED,float64,cuda:0
adjoint,1,297,8.928155495137117e-07,True,CONVERGED,float64,cuda:0
adjoint,2,290,9.889863757024328e-07,True,CONVERGED,float64,cuda:0
forward,0,290,9.676473675707111e-07,True,CONVERGED,float64,cuda:0
forward,1,302,9.142230783984259e-07,True,CONVERGED,float64,cuda:0
forward,2,296,9.706785664154286e-07,True,CONVERGED,float64,cuda:0
adjoint,0,288,8.731685279482713e-07,True,CONVERGED,float64,cuda:0
adjoint,1,297,9.296923590188884e-07,True,CONVERGED,float64,cuda:0
adjoint,2,290,9.392460074222825e-07,True,CONVERGED,float64,cuda:0
forward,0,290,9.729694730897511e-07,True,CONVERGED,float64,cuda:0
forward,1,302,9.298625246631022e-07,True,CONVERGED,float64,cuda:0
forward,2,296,9.963548154606246e-07,True,CONVERGED,float64,cuda:0
adjoint,0,288,9.1891681035006e-07,True,CONVERGED,float64,cuda:0
adjoint,1,297,9.571287770789024e-07,True,CONVERGED,float64,cuda:0
adjoint,2,289,9.50145077020092e-07,True,CONVERGED,float64,cuda:0
forward,0,290,9.754302629658072e-07,True,CONVERGED,float64,cuda:0
forward,1,302,9.395594310194139e-07,True,CONVERGED,float64,cuda:0
forward,2,297,9.158883081241269e-07,True,CONVERGED,float64,cuda:0
adjoint,0,288,9.634700031520656e-07,True,CONVERGED,float64,cuda:0
adjoint,1,297,9.763831538934498e-07,True,CONVERGED,float64,cuda:0
adjoint,2,289,9.095044846410635e-07,True,CONVERGED,float64,cuda:0
forward,0,290,9.735862811137862e-07,True,CONVERGED,float64,cuda:0
forward,1,302,9.436299376669321e-07,True,CONVERGED,float64,cuda:0
forward,2,297,9.359295245924749e-07,True,CONVERGED,float64,cuda:0
adjoint,0,289,9.175674352238529e-07,True,CONVERGED,float64,cuda:0
adjoint,1,297,9.88822795699407e-07,True,CONVERGED,float64,cuda:0
adjoint,2,289,8.998725293807962e-07,True,CONVERGED,float64,cuda:0
forward,0,290,9.674001765116291e-07,True,CONVERGED,float64,cuda:0
forward,1,302,9.422599225259762e-07,True,CONVERGED,float64,cuda:0
forward,2,297,9.481144596408418e-07,True,CONVERGED,float64,cuda:0
adjoint,0,289,9.43600932621199e-07,True,CONVERGED,float64,cuda:0
adjoint,1,297,9.958011758276261e-07,True,CONVERGED,float64,cuda:0
adjoint,2,289,9.335572052936568e-07,True,CONVERGED,float64,cuda:0
forward,0,290,9.57988107332837e-07,True,CONVERGED,float64,cuda:0
forward,1,302,9.357125334486066e-07,True,CONVERGED,float64,cuda:0
forward,2,297,9.501951995883973e-07,True,CONVERGED,float64,cuda:0
adjoint,0,289,9.602583724809833e-07,True,CONVERGED,float64,cuda:0
adjoint,1,297,9.986663887352071e-07,True,CONVERGED,float64,cuda:0
adjoint,2,290,9.38587570324837e-07,True,CONVERGED,float64,cuda:0
forward,0,290,9.467230891620352e-07,True,CONVERGED,float64,cuda:0
forward,1,302,9.243862265994937e-07,True,CONVERGED,float64,cuda:0
forward,2,297,9.416601036146702e-07,True,CONVERGED,float64,cuda:0
adjoint,0,289,9.677683999545302e-07,True,CONVERGED,float64,cuda:0
adjoint,1,297,9.987634435072903e-07,True,CONVERGED,float64,cuda:0
adjoint,2,292,9.524138574203603e-07,True,CONVERGED,float64,cuda:0
forward,0,290,9.350258209344061e-07,True,CONVERGED,float64,cuda:0
forward,1,302,9.087774511621168e-07,True,CONVERGED,float64,cuda:0
forward,2,297,9.230289856480879e-07,True,CONVERGED,float64,cuda:0
adjoint,0,289,9.678171452345906e-07,True,CONVERGED,float64,cuda:0
adjoint,1,297,9.973646836051907e-07,True,CONVERGED,float64,cuda:0
adjoint,2,293,9.66217041160788e-07,True,CONVERGED,float64,cuda:0
forward,0,290,9.244210608191648e-07,True,CONVERGED,float64,cuda:0
forward,1,302,8.893994523677658e-07,True,CONVERGED,float64,cuda:0
forward,2,297,8.956100559049096e-07,True,CONVERGED,float64,cuda:0
adjoint,0,289,9.633966410658549e-07,True,CONVERGED,float64,cuda:0
adjoint,1,297,9.955157892155278e-07,True,CONVERGED,float64,cuda:0
adjoint,2,294,9.627920306965197e-07,True,CONVERGED,float64,cuda:0
forward,0,290,9.140074936446829e-07,True,CONVERGED,float64,cuda:0
forward,1,301,9.806073053769736e-07,True,CONVERGED,float64,cuda:0
forward,2,296,9.767659406410803e-07,True,CONVERGED,float64,cuda:0
adjoint,0,289,9.582311891168585e-07,True,CONVERGED,float64,cuda:0
adjoint,1,297,9.938425104751429e-07,True,CONVERGED,float64,cuda:0
adjoint,2,295,9.72421165083921e-07,True,CONVERGED,float64,cuda:0
forward,0,290,9.091528651559261e-07,True,CONVERGED,float64,cuda:0
forward,1,301,9.550720254915868e-07,True,CONVERGED,float64,cuda:0
forward,2,296,9.375473936004171e-07,True,CONVERGED,float64,cuda:0
adjoint,0,289,9.561547069641546e-07,True,CONVERGED,float64,cuda:0
adjoint,1,297,9.92424062230372e-07,True,CONVERGED,float64,cuda:0
adjoint,2,296,9.429005276392266e-07,True,CONVERGED,float64,cuda:0
forward,0,290,8.993651420369088e-07,True,CONVERGED,float64,cuda:0
forward,1,301,9.255123745589576e-07,True,CONVERGED,float64,cuda:0
forward,2,295,9.625310247072109e-07,True,CONVERGED,float64,cuda:0
adjoint,0,289,9.60859039828264e-07,True,CONVERGED,float64,cuda:0
adjoint,1,297,9.908410342575445e-07,True,CONVERGED,float64,cuda:0
adjoint,2,297,8.66184024854618e-07,True,CONVERGED,float64,cuda:0
forward,0,290,8.821856664335856e-07,True,CONVERGED,float64,cuda:0
forward,1,300,9.931607765961302e-07,True,CONVERGED,float64,cuda:0
forward,2,294,9.876566217198829e-07,True,CONVERGED,float64,cuda:0
adjoint,0,289,9.761091549484264e-07,True,CONVERGED,float64,cuda:0
adjoint,1,297,9.884561875108305e-07,True,CONVERGED,float64,cuda:0
adjoint,2,297,9.092961622707151e-07,True,CONVERGED,float64,cuda:0
forward,0,289,9.474711362575669e-07,True,CONVERGED,float64,cuda:0
forward,1,300,9.512483638743723e-07,True,CONVERGED,float64,cuda:0
forward,2,294,9.633340664789517e-07,True,CONVERGED,float64,cuda:0
adjoint,0,290,9.316475424204244e-07,True,CONVERGED,float64,cuda:0
adjoint,1,297,9.84856257951804e-07,True,CONVERGED,float64,cuda:0
adjoint,2,297,9.458716371208952e-07,True,CONVERGED,float64,cuda:0
forward,0,289,9.212611852863043e-07,True,CONVERGED,float64,cuda:0
forward,1,299,9.890603209531283e-07,True,CONVERGED,float64,cuda:0
forward,2,294,9.513525430730832e-07,True,CONVERGED,float64,cuda:0
adjoint,0,290,9.844446944755783e-07,True,CONVERGED,float64,cuda:0
adjoint,1,297,9.799825684209354e-07,True,CONVERGED,float64,cuda:0
adjoint,2,297,9.768689587538557e-07,True,CONVERGED,float64,cuda:0
forward,0,289,8.960915018104781e-07,True,CONVERGED,float64,cuda:0
forward,1,299,9.22013938603465e-07,True,CONVERGED,float64,cuda:0
forward,2,294,9.498839838081231e-07,True,CONVERGED,float64,cuda:0
adjoint,0,291,9.596634891547715e-07,True,CONVERGED,float64,cuda:0
adjoint,1,297,9.73430978431227e-07,True,CONVERGED,float64,cuda:0
adjoint,2,298,8.769554604870427e-07,True,CONVERGED,float64,cuda:0
forward,0,288,9.65705524559126e-07,True,CONVERGED,float64,cuda:0
forward,1,298,9.262740199372575e-07,True,CONVERGED,float64,cuda:0
forward,2,294,9.55662423392651e-07,True,CONVERGED,float64,cuda:0
adjoint,0,293,9.575336543906874e-07,True,CONVERGED,float64,cuda:0
adjoint,1,297,9.65240359519757e-07,True,CONVERGED,float64,cuda:0
adjoint,2,298,8.964565766358009e-07,True,CONVERGED,float64,cuda:0
forward,0,288,9.328567306570399e-07,True,CONVERGED,float64,cuda:0
forward,1,297,9.640889697016187e-07,True,CONVERGED,float64,cuda:0
forward,2,294,9.649574708283004e-07,True,CONVERGED,float64,cuda:0
adjoint,0,295,9.60543198406808e-07,True,CONVERGED,float64,cuda:0
adjoint,1,297,9.576873369542626e-07,True,CONVERGED,float64,cuda:0
adjoint,2,298,9.131997584739663e-07,True,CONVERGED,float64,cuda:0
forward,0,288,9.085183545609952e-07,True,CONVERGED,float64,cuda:0
forward,1,296,9.599565472496786e-07,True,CONVERGED,float64,cuda:0
forward,2,294,9.742891572276252e-07,True,CONVERGED,float64,cuda:0
adjoint,0,296,8.907152860479521e-07,True,CONVERGED,float64,cuda:0
adjoint,1,297,9.520905943484549e-07,True,CONVERGED,float64,cuda:0
adjoint,2,298,9.272555846903902e-07,True,CONVERGED,float64,cuda:0
forward,0,288,8.985928602451481e-07,True,CONVERGED,float64,cuda:0
forward,1,295,9.80511839055783e-07,True,CONVERGED,float64,cuda:0
forward,2,294,9.809048072601524e-07,True,CONVERGED,float64,cuda:0
adjoint,0,296,9.319663098359876e-07,True,CONVERGED,float64,cuda:0
adjoint,1,297,9.483678207635772e-07,True,CONVERGED,float64,cuda:0
adjoint,2,298,9.385576681260167e-07,True,CONVERGED,float64,cuda:0
forward,0,288,9.02820381530841e-07,True,CONVERGED,float64,cuda:0
forward,1,296,9.188886768891617e-07,True,CONVERGED,float64,cuda:0
forward,2,294,9.83144946971107e-07,True,CONVERGED,float64,cuda:0
adjoint,0,296,9.53984478786467e-07,True,CONVERGED,float64,cuda:0
adjoint,1,297,9.465729208772829e-07,True,CONVERGED,float64,cuda:0
adjoint,2,298,9.471065815819657e-07,True,CONVERGED,float64,cuda:0
forward,0,288,9.151049033870076e-07,True,CONVERGED,float64,cuda:0
forward,1,296,9.141015978464402e-07,True,CONVERGED,float64,cuda:0
forward,2,294,9.806978723730794e-07,True,CONVERGED,float64,cuda:0
adjoint,0,296,9.586876612208832e-07,True,CONVERGED,float64,cuda:0
adjoint,1,297,9.468311062069506e-07,True,CONVERGED,float64,cuda:0
adjoint,2,298,9.530598408097023e-07,True,CONVERGED,float64,cuda:0
forward,0,288,9.387539481966997e-07,True,CONVERGED,float64,cuda:0
forward,1,296,9.155544681256425e-07,True,CONVERGED,float64,cuda:0
forward,2,294,9.746466890452271e-07,True,CONVERGED,float64,cuda:0
adjoint,0,296,9.493850487955991e-07,True,CONVERGED,float64,cuda:0
adjoint,1,297,9.491068737422963e-07,True,CONVERGED,float64,cuda:0
adjoint,2,298,9.566910851251123e-07,True,CONVERGED,float64,cuda:0
forward,0,288,9.711328559926813e-07,True,CONVERGED,float64,cuda:0
forward,1,296,9.197846767613914e-07,True,CONVERGED,float64,cuda:0
forward,2,294,9.671755009354218e-07,True,CONVERGED,float64,cuda:0
adjoint,0,296,9.304730323490242e-07,True,CONVERGED,float64,cuda:0
adjoint,1,297,9.531965181963692e-07,True,CONVERGED,float64,cuda:0
adjoint,2,298,9.582826496216737e-07,True,CONVERGED,float64,cuda:0
forward,0,289,9.594799261938277e-07,True,CONVERGED,float64,cuda:0
forward,1,296,9.251816737890711e-07,True,CONVERGED,float64,cuda:0
forward,2,294,9.607051231510745e-07,True,CONVERGED,float64,cuda:0
adjoint,0,296,9.070041482124045e-07,True,CONVERGED,float64,cuda:0
adjoint,1,297,9.588025042309709e-07,True,CONVERGED,float64,cuda:0
adjoint,2,298,9.58037644873137e-07,True,CONVERGED,float64,cuda:0
forward,0,289,9.855777218740644e-07,True,CONVERGED,float64,cuda:0
forward,1,296,9.323979816202775e-07,True,CONVERGED,float64,cuda:0
forward,2,294,9.558042354699098e-07,True,CONVERGED,float64,cuda:0
adjoint,0,296,8.837397338071137e-07,True,CONVERGED,float64,cuda:0
adjoint,1,297,9.655879320767596e-07,True,CONVERGED,float64,cuda:0
adjoint,2,298,9.560362854067563e-07,True,CONVERGED,float64,cuda:0
forward,0,290,9.328313294721162e-07,True,CONVERGED,float64,cuda:0
forward,1,296,9.431016503327987e-07,True,CONVERGED,float64,cuda:0
forward,2,294,9.458009416875865e-07,True,CONVERGED,float64,cuda:0
adjoint,0,296,8.642844925151368e-07,True,CONVERGED,float64,cuda:0
adjoint,1,297,9.731950572050047e-07,True,CONVERGED,float64,cuda:0
adjoint,2,298,9.522387941899305e-07,True,CONVERGED,float64,cuda:0
forward,0,290,9.536149979501001e-07,True,CONVERGED,float64,cuda:0
forward,1,296,9.587296411604512e-07,True,CONVERGED,float64,cuda:0
forward,2,294,9.001535547166479e-07,True,CONVERGED,float64,cuda:0
adjoint,0,296,8.505903919019902e-07,True,CONVERGED,float64,cuda:0
adjoint,1,297,9.812414507183128e-07,True,CONVERGED,float64,cuda:0
adjoint,2,298,9.465234583665605e-07,True,CONVERGED,float64,cuda:0
forward,0,290,9.893123158549486e-07,True,CONVERGED,float64,cuda:0
forward,1,296,9.798530935166521e-07,True,CONVERGED,float64,cuda:0
forward,2,290,9.416545388917354e-07,True,CONVERGED,float64,cuda:0
adjoint,0,296,8.430823886066613e-07,True,CONVERGED,float64,cuda:0
adjoint,1,297,9.893120983800783e-07,True,CONVERGED,float64,cuda:0
adjoint,2,298,9.387465383803552e-07,True,CONVERGED,float64,cuda:0
forward,0,291,9.732289704464902e-07,True,CONVERGED,float64,cuda:0
forward,1,297,9.069691520112795e-07,True,CONVERGED,float64,cuda:0
forward,2,279,9.318602241109148e-07,True,CONVERGED,float64,cuda:0
adjoint,0,296,8.413069398724112e-07,True,CONVERGED,float64,cuda:0
adjoint,1,297,9.969686772655683e-07,True,CONVERGED,float64,cuda:0
adjoint,2,298,9.288196946299681e-07,True,CONVERGED,float64,cuda:0
forward,0,292,9.837599468582263e-07,True,CONVERGED,float64,cuda:0
forward,1,297,9.401847590181816e-07,True,CONVERGED,float64,cuda:0
forward,2,279,9.87044136845468e-07,True,CONVERGED,float64,cuda:0
adjoint,0,296,8.446435864252468e-07,True,CONVERGED,float64,cuda:0
adjoint,1,298,8.712022553032803e-07,True,CONVERGED,float64,cuda:0
adjoint,2,298,9.167890644883739e-07,True,CONVERGED,float64,cuda:0
forward,0,293,9.118299396622482e-07,True,CONVERGED,float64,cuda:0
forward,1,297,9.72074558850659e-07,True,CONVERGED,float64,cuda:0
forward,2,288,9.633183212531424e-07,True,CONVERGED,float64,cuda:0
adjoint,0,296,8.526846092135652e-07,True,CONVERGED,float64,cuda:0
adjoint,1,298,8.77895962769474e-07,True,CONVERGED,float64,cuda:0
adjoint,2,298,9.029075562439049e-07,True,CONVERGED,float64,cuda:0
forward,0,293,9.108702057887102e-07,True,CONVERGED,float64,cuda:0
forward,1,297,9.948264510029114e-07,True,CONVERGED,float64,cuda:0
forward,2,293,9.8849456715171e-07,True,CONVERGED,float64,cuda:0
adjoint,0,296,8.652487990105368e-07,True,CONVERGED,float64,cuda:0
adjoint,1,298,8.833000660495997e-07,True,CONVERGED,float64,cuda:0
adjoint,2,298,8.87686839395416e-07,True,CONVERGED,float64,cuda:0
forward,0,275,9.864763657088632e-07,True,CONVERGED,float64,cuda:0
forward,1,297,9.884419168929478e-07,True,CONVERGED,float64,cuda:0
forward,2,297,9.817893337863323e-07,True,CONVERGED,float64,cuda:0
adjoint,0,296,8.822381600733381e-07,True,CONVERGED,float64,cuda:0
adjoint,1,298,8.871733569517841e-07,True,CONVERGED,float64,cuda:0
adjoint,2,298,8.719099329785182e-07,True,CONVERGED,float64,cuda:0
forward,0,293,8.933819367960281e-07,True,CONVERGED,float64,cuda:0
forward,1,294,9.746496562890048e-07,True,CONVERGED,float64,cuda:0
forward,2,298,9.441065222663811e-07,True,CONVERGED,float64,cuda:0
adjoint,0,296,9.035118691004057e-07,True,CONVERGED,float64,cuda:0
adjoint,1,298,8.892204253092231e-07,True,CONVERGED,float64,cuda:0
adjoint,2,297,9.99329381024609e-07,True,CONVERGED,float64,cuda:0
forward,0,293,9.42014701292184e-07,True,CONVERGED,float64,cuda:0
forward,1,284,9.945502337148261e-07,True,CONVERGED,float64,cuda:0
forward,2,298,9.910299520432704e-07,True,CONVERGED,float64,cuda:0
adjoint,0,296,9.288335260246245e-07,True,CONVERGED,float64,cuda:0
adjoint,1,298,8.889473221659925e-07,True,CONVERGED,float64,cuda:0
adjoint,2,297,9.83962773285864e-07,True,CONVERGED,float64,cuda:0
forward,0,293,9.55759588578446e-07,True,CONVERGED,float64,cuda:0
forward,1,289,9.519269547693826e-07,True,CONVERGED,float64,cuda:0
forward,2,299,9.303989568437231e-07,True,CONVERGED,float64,cuda:0
adjoint,0,296,9.578876719154546e-07,True,CONVERGED,float64,cuda:0
adjoint,1,298,8.854971701881729e-07,True,CONVERGED,float64,cuda:0
adjoint,2,297,9.720342746263518e-07,True,CONVERGED,float64,cuda:0
forward,0,293,9.642215076073607e-07,True,CONVERGED,float64,cuda:0
forward,1,297,9.763841205474396e-07,True,CONVERGED,float64,cuda:0
forward,2,299,9.444867267510289e-07,True,CONVERGED,float64,cuda:0
adjoint,0,296,9.90292253539044e-07,True,CONVERGED,float64,cuda:0
adjoint,1,297,9.945225387245505e-07,True,CONVERGED,float64,cuda:0
adjoint,2,297,9.6468436313401e-07,True,CONVERGED,float64,cuda:0
forward,0,293,9.71248885533754e-07,True,CONVERGED,float64,cuda:0
forward,1,299,9.717860227332606e-07,True,CONVERGED,float64,cuda:0
forward,2,299,9.515420821353937e-07,True,CONVERGED,float64,cuda:0
adjoint,0,297,9.151295226423336e-07,True,CONVERGED,float64,cuda:0
adjoint,1,297,9.752728298772312e-07,True,CONVERGED,float64,cuda:0
adjoint,2,297,9.628081352892949e-07,True,CONVERGED,float64,cuda:0
forward,0,293,9.776606857612842e-07,True,CONVERGED,float64,cuda:0
forward,1,300,9.287875917741249e-07,True,CONVERGED,float64,cuda:0
forward,2,299,9.534652974951119e-07,True,CONVERGED,float64,cuda:0
adjoint,0,297,9.518277208038922e-07,True,CONVERGED,float64,cuda:0
adjoint,1,297,9.454741412278043e-07,True,CONVERGED,float64,cuda:0
adjoint,2,297,9.669450192995902e-07,True,CONVERGED,float64,cuda:0
forward,0,293,9.8357961076182e-07,True,CONVERGED,float64,cuda:0
forward,1,300,9.490035293848399e-07,True,CONVERGED,float64,cuda:0
forward,2,299,9.517203784889188e-07,True,CONVERGED,float64,cuda:0
adjoint,0,297,9.932843887442783e-07,True,CONVERGED,float64,cuda:0
adjoint,1,296,9.86619513898981e-07,True,CONVERGED,float64,cuda:0
adjoint,2,297,9.77119541766365e-07,True,CONVERGED,float64,cuda:0
forward,0,293,9.890102963388808e-07,True,CONVERGED,float64,cuda:0
forward,1,300,9.617353118058395e-07,True,CONVERGED,float64,cuda:0
forward,2,299,9.474197181202355e-07,True,CONVERGED,float64,cuda:0
adjoint,0,299,9.867675612775547e-07,True,CONVERGED,float64,cuda:0
adjoint,1,295,9.685917723639194e-07,True,CONVERGED,float64,cuda:0
adjoint,2,297,9.927523277183697e-07,True,CONVERGED,float64,cuda:0
forward,0,293,9.940928709237427e-07,True,CONVERGED,float64,cuda:0
forward,1,300,9.773541640108028e-07,True,CONVERGED,float64,cuda:0
forward,2,299,9.413851538623506e-07,True,CONVERGED,float64,cuda:0
adjoint,0,300,9.11337461700279e-07,True,CONVERGED,float64,cuda:0
adjoint,1,294,9.207700811421196e-07,True,CONVERGED,float64,cuda:0
adjoint,2,298,8.688145185025942e-07,True,CONVERGED,float64,cuda:0
forward,0,293,9.991784519524032e-07,True,CONVERGED,float64,cuda:0
forward,1,300,9.706809145583572e-07,True,CONVERGED,float64,cuda:0
forward,2,299,9.342029318590585e-07,True,CONVERGED,float64,cuda:0
adjoint,0,300,9.322795106153102e-07,True,CONVERGED,float64,cuda:0
adjoint,1,292,9.48802452070297e-07,True,CONVERGED,float64,cuda:0
adjoint,2,298,8.924348036853192e-07,True,CONVERGED,float64,cuda:0
forward,0,294,8.441247027734708e-07,True,CONVERGED,float64,cuda:0
forward,1,300,9.745030421796188e-07,True,CONVERGED,float64,cuda:0
forward,2,299,9.262763655800063e-07,True,CONVERGED,float64,cuda:0
adjoint,0,300,9.524857706559579e-07,True,CONVERGED,float64,cuda:0
adjoint,1,291,9.277983039508608e-07,True,CONVERGED,float64,cuda:0
adjoint,2,298,9.221672299637862e-07,True,CONVERGED,float64,cuda:0
forward,0,294,8.488888022191957e-07,True,CONVERGED,float64,cuda:0
forward,1,300,9.742484833805308e-07,True,CONVERGED,float64,cuda:0
forward,2,299,9.178761929770395e-07,True,CONVERGED,float64,cuda:0
adjoint,0,300,9.729851695874918e-07,True,CONVERGED,float64,cuda:0
adjoint,1,290,9.715231060478996e-07,True,CONVERGED,float64,cuda:0
adjoint,2,298,9.573608847906594e-07,True,CONVERGED,float64,cuda:0
forward,0,294,8.541657549603306e-07,True,CONVERGED,float64,cuda:0
forward,1,300,9.706070878104761e-07,True,CONVERGED,float64,cuda:0
forward,2,299,9.091920126819223e-07,True,CONVERGED,float64,cuda:0
adjoint,0,300,9.947201790694734e-07,True,CONVERGED,float64,cuda:0
adjoint,1,290,9.483145889218461e-07,True,CONVERGED,float64,cuda:0
adjoint,2,298,9.95259762703487e-07,True,CONVERGED,float64,cuda:0
forward,0,294,8.60011837330838e-07,True,CONVERGED,float64,cuda:0
forward,1,300,9.637846914207607e-07,True,CONVERGED,float64,cuda:0
forward,2,299,9.003729384381536e-07,True,CONVERGED,float64,cuda:0
adjoint,0,301,9.252914299298119e-07,True,CONVERGED,float64,cuda:0
adjoint,1,290,9.78746298219431e-07,True,CONVERGED,float64,cuda:0
adjoint,2,299,9.551931561107512e-07,True,CONVERGED,float64,cuda:0
forward,0,294,8.667735999131273e-07,True,CONVERGED,float64,cuda:0
forward,1,300,9.53750707831011e-07,True,CONVERGED,float64,cuda:0
forward,2,298,9.98810314225429e-07,True,CONVERGED,float64,cuda:0
adjoint,0,301,9.451198209725538e-07,True,CONVERGED,float64,cuda:0
adjoint,1,291,9.503784559252443e-07,True,CONVERGED,float64,cuda:0
adjoint,2,299,9.876705325012342e-07,True,CONVERGED,float64,cuda:0
forward,0,294,8.748122067141032e-07,True,CONVERGED,float64,cuda:0
forward,1,300,9.40372458332757e-07,True,CONVERGED,float64,cuda:0
forward,2,298,9.907134171933871e-07,True,CONVERGED,float64,cuda:0
adjoint,0,301,9.662242583906246e-07,True,CONVERGED,float64,cuda:0
adjoint,1,293,9.565092792195858e-07,True,CONVERGED,float64,cuda:0
adjoint,2,300,9.59755219853245e-07,True,CONVERGED,float64,cuda:0
forward,0,294,8.843326933165661e-07,True,CONVERGED,float64,cuda:0
forward,1,300,9.234746167430595e-07,True,CONVERGED,float64,cuda:0
forward,2,298,9.831828891443974e-07,True,CONVERGED,float64,cuda:0
adjoint,0,301,9.88073411973336e-07,True,CONVERGED,float64,cuda:0
adjoint,1,296,9.645306565192594e-07,True,CONVERGED,float64,cuda:0
adjoint,2,300,9.661743509561243e-07,True,CONVERGED,float64,cuda:0
forward,0,294,8.95357791024168e-07,True,CONVERGED,float64,cuda:0
forward,1,299,9.897967483884731e-07,True,CONVERGED,float64,cuda:0
forward,2,298,9.764341425993009e-07,True,CONVERGED,float64,cuda:0
adjoint,0,302,8.901650769194886e-07,True,CONVERGED,float64,cuda:0
adjoint,1,298,9.269594362266175e-07,True,CONVERGED,float64,cuda:0
adjoint,2,299,9.8048168593442e-07,True,CONVERGED,float64,cuda:0
forward,0,294,9.07754350006276e-07,True,CONVERGED,float64,cuda:0
forward,1,299,9.634737117549319e-07,True,CONVERGED,float64,cuda:0
forward,2,298,9.708642340912188e-07,True,CONVERGED,float64,cuda:0
adjoint,0,302,9.087144724238287e-07,True,CONVERGED,float64,cuda:0
adjoint,1,299,9.541388885717984e-07,True,CONVERGED,float64,cuda:0
adjoint,2,298,9.276829336291987e-07,True,CONVERGED,float64,cuda:0
forward,0,294,9.212602046054884e-07,True,CONVERGED,float64,cuda:0
forward,1,298,9.850003140632435e-07,True,CONVERGED,float64,cuda:0
forward,2,298,9.672382640092597e-07,True,CONVERGED,float64,cuda:0
adjoint,0,302,9.271985549312985e-07,True,CONVERGED,float64,cuda:0
adjoint,1,300,9.76776257855464e-07,True,CONVERGED,float64,cuda:0
adjoint,2,292,9.89643375669867e-07,True,CONVERGED,float64,cuda:0
forward,0,294,9.354989825957492e-07,True,CONVERGED,float64,cuda:0
forward,1,298,9.481915915141737e-07,True,CONVERGED,float64,cuda:0
forward,2,298,9.667113453304049e-07,True,CONVERGED,float64,cuda:0
adjoint,0,302,9.45460168928394e-07,True,CONVERGED,float64,cuda:0
adjoint,1,301,9.73988305156463e-07,True,CONVERGED,float64,cuda:0
adjoint,2,287,9.853423204269013e-07,True,CONVERGED,float64,cuda:0
forward,0,294,9.499986924374162e-07,True,CONVERGED,float64,cuda:0
forward,1,298,9.062565562882695e-07,True,CONVERGED,float64,cuda:0
forward,2,298,9.699876205943501e-07,True,CONVERGED,float64,cuda:0
adjoint,0,302,9.6333341395232e-07,True,CONVERGED,float64,cuda:0
adjoint,1,302,9.419453159170959e-07,True,CONVERGED,float64,cuda:0
adjoint,2,287,9.621150076487622e-07,True,CONVERGED,float64,cuda:0
forward,0,294,9.642551749484963e-07,True,CONVERGED,float64,cuda:0
forward,1,297,9.620827424101701e-07,True,CONVERGED,float64,cuda:0
forward,2,298,9.75061523461526e-07,True,CONVERGED,float64,cuda:0
adjoint,0,302,9.806371272505795e-07,True,CONVERGED,float64,cuda:0
adjoint,1,302,9.803784143351898e-07,True,CONVERGED,float64,cuda:0
adjoint,2,291,9.314744248954483e-07,True,CONVERGED,float64,cuda:0
forward,0,294,9.778849857716481e-07,True,CONVERGED,float64,cuda:0
forward,1,296,9.916954105483927e-07,True,CONVERGED,float64,cuda:0
forward,2,298,9.770063193705228e-07,True,CONVERGED,float64,cuda:0
adjoint,0,302,9.97181964009609e-07,True,CONVERGED,float64,cuda:0
adjoint,1,303,9.481885260129332e-07,True,CONVERGED,float64,cuda:0
adjoint,2,297,9.83410422351358e-07,True,CONVERGED,float64,cuda:0
forward,0,294,9.908912271181638e-07,True,CONVERGED,float64,cuda:0
forward,1,294,9.958623240074346e-07,True,CONVERGED,float64,cuda:0
forward,2,298,9.741419420128554e-07,True,CONVERGED,float64,cuda:0
adjoint,0,303,9.001584301393148e-07,True,CONVERGED,float64,cuda:0
adjoint,1,303,9.729773228220922e-07,True,CONVERGED,float64,cuda:0
adjoint,2,300,9.753012325085423e-07,True,CONVERGED,float64,cuda:0
forward,0,295,9.184344955664219e-07,True,CONVERGED,float64,cuda:0
forward,1,293,9.807880123401268e-07,True,CONVERGED,float64,cuda:0
forward,2,298,9.702696939581346e-07,True,CONVERGED,float64,cuda:0
adjoint,0,303,9.158319651831432e-07,True,CONVERGED,float64,cuda:0
adjoint,1,303,9.945985115273815e-07,True,CONVERGED,float64,cuda:0
adjoint,2,303,9.786748761256577e-07,True,CONVERGED,float64,cuda:0
forward,0,295,9.306438956060766e-07,True,CONVERGED,float64,cuda:0
forward,1,292,9.96871911267593e-07,True,CONVERGED,float64,cuda:0
forward,2,298,9.68728069328025e-07,True,CONVERGED,float64,cuda:0
adjoint,0,303,9.306846881621821e-07,True,CONVERGED,float64,cuda:0
adjoint,1,304,9.485712174030667e-07,True,CONVERGED,float64,cuda:0
adjoint,2,304,9.63377050731201e-07,True,CONVERGED,float64,cuda:0
forward,0,295,9.451994222367417e-07,True,CONVERGED,float64,cuda:0
forward,1,292,9.441884486390472e-07,True,CONVERGED,float64,cuda:0
forward,2,298,9.700997348280153e-07,True,CONVERGED,float64,cuda:0
adjoint,0,303,9.446904168795468e-07,True,CONVERGED,float64,cuda:0
adjoint,1,304,9.635623422325162e-07,True,CONVERGED,float64,cuda:0
adjoint,2,304,9.810597962539007e-07,True,CONVERGED,float64,cuda:0
forward,0,295,9.604753799405753e-07,True,CONVERGED,float64,cuda:0
forward,1,292,9.050201529904163e-07,True,CONVERGED,float64,cuda:0
forward,2,298,9.737653750442704e-07,True,CONVERGED,float64,cuda:0
adjoint,0,303,9.57887311042979e-07,True,CONVERGED,float64,cuda:0
adjoint,1,304,9.768129787190274e-07,True,CONVERGED,float64,cuda:0
adjoint,2,304,9.930084590889386e-07,True,CONVERGED,float64,cuda:0
forward,0,295,9.702867535658072e-07,True,CONVERGED,float64,cuda:0
forward,1,291,9.86048619547574e-07,True,CONVERGED,float64,cuda:0
forward,2,298,9.790058610697145e-07,True,CONVERGED,float64,cuda:0
adjoint,0,303,9.703650191722635e-07,True,CONVERGED,float64,cuda:0
adjoint,1,304,9.885530522612632e-07,True,CONVERGED,float64,cuda:0
adjoint,2,305,8.960292585111192e-07,True,CONVERGED,float64,cuda:0
forward,0,295,9.71395438382264e-07,True,CONVERGED,float64,cuda:0
forward,1,291,9.837571875361924e-07,True,CONVERGED,float64,cuda:0
forward,2,298,9.852618425599457e-07,True,CONVERGED,float64,cuda:0
adjoint,0,303,9.82243565430172e-07,True,CONVERGED,float64,cuda:0
adjoint,1,304,9.989793081390995e-07,True,CONVERGED,float64,cuda:0
adjoint,2,305,9.07469029872227e-07,True,CONVERGED,float64,cuda:0
forward,0,295,9.732679189337754e-07,True,CONVERGED,float64,cuda:0
forward,1,291,9.96911481065935e-07,True,CONVERGED,float64,cuda:0
forward,2,298,9.921204035598437e-07,True,CONVERGED,float64,cuda:0
adjoint,0,303,9.93645901838551e-07,True,CONVERGED,float64,cuda:0
adjoint,1,305,9.17778890919317e-07,True,CONVERGED,float64,cuda:0
adjoint,2,305,9.131545165444003e-07,True,CONVERGED,float64,cuda:0
forward,0,295,9.780661497722663e-07,True,CONVERGED,float64,cuda:0
forward,1,292,9.021208999931762e-07,True,CONVERGED,float64,cuda:0
forward,2,298,9.992747104609529e-07,True,CONVERGED,float64,cuda:0
adjoint,0,304,9.264927217881067e-07,True,CONVERGED,float64,cuda:0
adjoint,1,305,9.235116488245759e-07,True,CONVERGED,float64,cuda:0
adjoint,2,305,9.170236951399476e-07,True,CONVERGED,float64,cuda:0
forward,0,295,9.825999938497259e-07,True,CONVERGED,float64,cuda:0
forward,1,292,9.351797662274697e-07,True,CONVERGED,float64,cuda:0
forward,2,299,8.601198244134924e-07,True,CONVERGED,float64,cuda:0
adjoint,0,304,9.389794560493569e-07,True,CONVERGED,float64,cuda:0
adjoint,1,305,9.285940879214466e-07,True,CONVERGED,float64,cuda:0
adjoint,2,305,9.203966997394593e-07,True,CONVERGED,float64,cuda:0
forward,0,295,9.882094586917385e-07,True,CONVERGED,float64,cuda:0
forward,1,292,9.773681543996205e-07,True,CONVERGED,float64,cuda:0
forward,2,299,8.646999418288556e-07,True,CONVERGED,float64,cuda:0
adjoint,0,304,9.510751143969217e-07,True,CONVERGED,float64,cuda:0
adjoint,1,305,9.331905295592595e-07,True,CONVERGED,float64,cuda:0
adjoint,2,305,9.238038853117017e-07,True,CONVERGED,float64,cuda:0
forward,0,295,9.957433317635244e-07,True,CONVERGED,float64,cuda:0
forward,1,293,9.170782180532992e-07,True,CONVERGED,float64,cuda:0
forward,2,299,8.693557586749062e-07,True,CONVERGED,float64,cuda:0
adjoint,0,304,9.627381650267615e-07,True,CONVERGED,float64,cuda:0
adjoint,1,305,9.374451226634338e-07,True,CONVERGED,float64,cuda:0
adjoint,2,305,9.27505342170322e-07,True,CONVERGED,float64,cuda:0
forward,0,296,8.752295783763642e-07,True,CONVERGED,float64,cuda:0
forward,1,293,9.656132606944069e-07,True,CONVERGED,float64,cuda:0
forward,2,299,8.741391330908858e-07,True,CONVERGED,float64,cuda:0
adjoint,0,304,9.739056674013592e-07,True,CONVERGED,float64,cuda:0
adjoint,1,305,9.414762277329006e-07,True,CONVERGED,float64,cuda:0
adjoint,2,305,9.316203735880848e-07,True,CONVERGED,float64,cuda:0
forward,0,296,8.869347913272061e-07,True,CONVERGED,float64,cuda:0
forward,1,294,9.472344154692035e-07,True,CONVERGED,float64,cuda:0
forward,2,299,8.791593623381554e-07,True,CONVERGED,float64,cuda:0
adjoint,0,304,9.84504653870786e-07,True,CONVERGED,float64,cuda:0
adjoint,1,305,9.45374851111953e-07,True,CONVERGED,float64,cuda:0
adjoint,2,305,9.361727697777641e-07,True,CONVERGED,float64,cuda:0
forward,0,296,8.991902476871453e-07,True,CONVERGED,float64,cuda:0
forward,1,294,9.949054059775834e-07,True,CONVERGED,float64,cuda:0
forward,2,299,8.845553783873849e-07,True,CONVERGED,float64,cuda:0
adjoint,0,304,9.944554428668996e-07,True,CONVERGED,float64,cuda:0
adjoint,1,305,9.4920535318852e-07,True,CONVERGED,float64,cuda:0
adjoint,2,305,9.411212786668158e-07,True,CONVERGED,float64,cuda:0
forward,0,296,9.116649747110068e-07,True,CONVERGED,float64,cuda:0
forward,1,296,9.533030370447388e-07,True,CONVERGED,float64,cuda:0
forward,2,299,8.904517200900968e-07,True,CONVERGED,float64,cuda:0
adjoint,0,305,9.475034656005026e-07,True,CONVERGED,float64,cuda:0
adjoint,1,305,9.530072090089171e-07,True,CONVERGED,float64,cuda:0
adjoint,2,305,9.46390027228763e-07,True,CONVERGED,float64,cuda:0
forward,0,296,9.241047154037948e-07,True,CONVERGED,float64,cuda:0
forward,1,296,9.916293312027913e-07,True,CONVERGED,float64,cuda:0
forward,2,299,8.969132088476597e-07,True,CONVERGED,float64,cuda:0
adjoint,0,305,9.550362432973596e-07,True,CONVERGED,float64,cuda:0
adjoint,1,305,9.568026063475728e-07,True,CONVERGED,float64,cuda:0
adjoint,2,305,9.518947807328083e-07,True,CONVERGED,float64,cuda:0
forward,0,296,9.363340364495021e-07,True,CONVERGED,float64,cuda:0
forward,1,297,9.091527522200688e-07,True,CONVERGED,float64,cuda:0
forward,2,299,9.039165700528919e-07,True,CONVERGED,float64,cuda:0
adjoint,0,305,9.615461670163608e-07,True,CONVERGED,float64,cuda:0
adjoint,1,305,9.605972402615736e-07,True,CONVERGED,float64,cuda:0
adjoint,2,305,9.575619414713603e-07,True,CONVERGED,float64,cuda:0
forward,0,296,9.482770829625968e-07,True,CONVERGED,float64,cuda:0
forward,1,297,9.341164329136058e-07,True,CONVERGED,float64,cuda:0
forward,2,299,9.113563215867103e-07,True,CONVERGED,float64,cuda:0
adjoint,0,305,9.668911135288656e-07,True,CONVERGED,float64,cuda:0
adjoint,1,305,9.643871155569457e-07,True,CONVERGED,float64,cuda:0
adjoint,2,305,9.633376028965458e-07,True,CONVERGED,float64,cuda:0
forward,0,296,9.600005424386023e-07,True,CONVERGED,float64,cuda:0
forward,1,297,9.558986553145176e-07,True,CONVERGED,float64,cuda:0
forward,2,299,9.190767808409652e-07,True,CONVERGED,float64,cuda:0
adjoint,0,305,9.70915406287027e-07,True,CONVERGED,float64,cuda:0
adjoint,1,305,9.681606452549673e-07,True,CONVERGED,float64,cuda:0
adjoint,2,305,9.691870132990975e-07,True,CONVERGED,float64,cuda:0
forward,0,296,9.718091479079727e-07,True,CONVERGED,float64,cuda:0
forward,1,297,9.748547491212507e-07,True,CONVERGED,float64,cuda:0
forward,2,299,9.269154674999056e-07,True,CONVERGED,float64,cuda:0
adjoint,0,305,9.734729083344987e-07,True,CONVERGED,float64,cuda:0
adjoint,1,305,9.719020813120344e-07,True,CONVERGED,float64,cuda:0
adjoint,2,305,9.750899534058985e-07,True,CONVERGED,float64,cuda:0
forward,0,296,9.844723647727649e-07,True,CONVERGED,float64,cuda:0
forward,1,297,9.913602810466653e-07,True,CONVERGED,float64,cuda:0
forward,2,299,9.347384970830657e-07,True,CONVERGED,float64,cuda:0
adjoint,0,305,9.744809589478927e-07,True,CONVERGED,float64,cuda:0
adjoint,1,305,9.755932812340834e-07,True,CONVERGED,float64,cuda:0
adjoint,2,305,9.81035797952748e-07,True,CONVERGED,float64,cuda:0
forward,0,296,9.997048347495768e-07,True,CONVERGED,float64,cuda:0
forward,1,298,8.796127072790684e-07,True,CONVERGED,float64,cuda:0
forward,2,299,9.424590138788898e-07,True,CONVERGED,float64,cuda:0
adjoint,0,305,9.740117597176134e-07,True,CONVERGED,float64,cuda:0
adjoint,1,305,9.792158993771531e-07,True,CONVERGED,float64,cuda:0
adjoint,2,305,9.870159294509467e-07,True,CONVERGED,float64,cuda:0
forward,0,297,9.376719689423263e-07,True,CONVERGED,float64,cuda:0
forward,1,298,8.912812576984579e-07,True,CONVERGED,float64,cuda:0
forward,2,299,9.500372998948264e-07,True,CONVERGED,float64,cuda:0
adjoint,0,305,9.7238088478222e-07,True,CONVERGED,float64,cuda:0
adjoint,1,305,9.8275057125089e-07,True,CONVERGED,float64,cuda:0
adjoint,2,305,9.930206891127893e-07,True,CONVERGED,float64,cuda:0
forward,0,297,9.571265182108068e-07,True,CONVERGED,float64,cuda:0
forward,1,298,9.018819348109341e-07,True,CONVERGED,float64,cuda:0
forward,2,299,9.574722405167522e-07,True,CONVERGED,float64,cuda:0
adjoint,0,305,9.701563841444448e-07,True,CONVERGED,float64,cuda:0
adjoint,1,305,9.861794142630298e-07,True,CONVERGED,float64,cuda:0
adjoint,2,305,9.990372651096478e-07,True,CONVERGED,float64,cuda:0
forward,0,297,9.630576746230236e-07,True,CONVERGED,float64,cuda:0
forward,1,298,9.116025585789463e-07,True,CONVERGED,float64,cuda:0
forward,2,299,9.647883953134412e-07,True,CONVERGED,float64,cuda:0
adjoint,0,305,9.679815784196794e-07,True,CONVERGED,float64,cuda:0
adjoint,1,305,9.89485990978128e-07,True,CONVERGED,float64,cuda:0
adjoint,2,306,8.988629696569328e-07,True,CONVERGED,float64,cuda:0
forward,0,297,9.715407050462576e-07,True,CONVERGED,float64,cuda:0
forward,1,298,9.205890488312378e-07,True,CONVERGED,float64,cuda:0
forward,2,299,9.720218181462253e-07,True,CONVERGED,float64,cuda:0
adjoint,0,305,9.662243756803879e-07,True,CONVERGED,float64,cuda:0
adjoint,1,305,9.926557084593948e-07,True,CONVERGED,float64,cuda:0
adjoint,2,306,9.047122640528058e-07,True,CONVERGED,float64,cuda:0
forward,0,297,9.8594876302577e-07,True,CONVERGED,float64,cuda:0
forward,1,298,9.289562658587813e-07,True,CONVERGED,float64,cuda:0
forward,2,299,9.792123659911598e-07,True,CONVERGED,float64,cuda:0
adjoint,0,305,9.647273282847209e-07,True,CONVERGED,float64,cuda:0
adjoint,1,305,9.956767715241808e-07,True,CONVERGED,float64,cuda:0
adjoint,2,306,9.104593352114462e-07,True,CONVERGED,float64,cuda:0
forward,0,297,9.997941247871187e-07,True,CONVERGED,float64,cuda:0
forward,1,298,9.367918437247755e-07,True,CONVERGED,float64,cuda:0
forward,2,299,9.863949757118131e-07,True,CONVERGED,float64,cuda:0
adjoint,0,305,9.629163783742887e-07,True,CONVERGED,float64,cuda:0
adjoint,1,305,9.985399079525638e-07,True,CONVERGED,float64,cuda:0
adjoint,2,306,9.160876097205744e-07,True,CONVERGED,float64,cuda:0
forward,0,298,8.593353714618617e-07,True,CONVERGED,float64,cuda:0
forward,1,298,9.441647937861365e-07,True,CONVERGED,float64,cuda:0
forward,2,299,9.935959755315735e-07,True,CONVERGED,float64,cuda:0
adjoint,0,305,9.60165013733183e-07,True,CONVERGED,float64,cuda:0
adjoint,1,306,8.518417060765393e-07,True,CONVERGED,float64,cuda:0
adjoint,2,306,9.215817765260881e-07,True,CONVERGED,float64,cuda:0
forward,0,298,8.595306630395609e-07,True,CONVERGED,float64,cuda:0
forward,1,298,9.511281319542456e-07,True,CONVERGED,float64,cuda:0
forward,2,300,8.904000994769572e-07,True,CONVERGED,float64,cuda:0
adjoint,0,305,9.560417955133061e-07,True,CONVERGED,float64,cuda:0
adjoint,1,306,8.522448561822081e-07,True,CONVERGED,float64,cuda:0
adjoint,2,306,9.269259495930034e-07,True,CONVERGED,float64,cuda:0
forward,0,298,8.654086441280372e-07,True,CONVERGED,float64,cuda:0
forward,1,298,9.577254182302496e-07,True,CONVERGED,float64,cuda:0
forward,2,300,9.006743655121214e-07,True,CONVERGED,float64,cuda:0
adjoint,0,305,9.503811689729105e-07,True,CONVERGED,float64,cuda:0
adjoint,1,306,8.525465443896732e-07,True,CONVERGED,float64,cuda:0
adjoint,2,306,9.321062256321883e-07,True,CONVERGED,float64,cuda:0
forward,0,298,8.725800272656735e-07,True,CONVERGED,float64,cuda:0
forward,1,298,9.639904230002792e-07,True,CONVERGED,float64,cuda:0
forward,2,300,9.107251327205327e-07,True,CONVERGED,float64,cuda:0
adjoint,0,305,9.43147901231545e-07,True,CONVERGED,float64,cuda:0
adjoint,1,306,8.527560874302171e-07,True,CONVERGED,float64,cuda:0
adjoint,2,306,9.371104314647681e-07,True,CONVERGED,float64,cuda:0
forward,0,298,8.789394942260024e-07,True,CONVERGED,float64,cuda:0
forward,1,298,9.699502511210386e-07,True,CONVERGED,float64,cuda:0
forward,2,300,9.205161753366972e-07,True,CONVERGED,float64,cuda:0
adjoint,0,304,9.995474323502395e-07,True,CONVERGED,float64,cuda:0
adjoint,1,306,8.528858625023586e-07,True,CONVERGED,float64,cuda:0
adjoint,2,306,9.419275717798252e-07,True,CONVERGED,float64,cuda:0
forward,0,298,8.84982565783141e-07,True,CONVERGED,float64,cuda:0
forward,1,298,9.756248347086963e-07,True,CONVERGED,float64,cuda:0
forward,2,300,9.300060382949557e-07,True,CONVERGED,float64,cuda:0
adjoint,0,304,9.86909771202638e-07,True,CONVERGED,float64,cuda:0
adjoint,1,306,8.529503067884032e-07,True,CONVERGED,float64,cuda:0
adjoint,2,306,9.465493577730767e-07,True,CONVERGED,float64,cuda:0
forward,0,298,8.908852918914404e-07,True,CONVERGED,float64,cuda:0
forward,1,298,9.81026857141864e-07,True,CONVERGED,float64,cuda:0
forward,2,300,9.391506264557085e-07,True,CONVERGED,float64,cuda:0
adjoint,0,304,9.72064482025302e-07,True,CONVERGED,float64,cuda:0
adjoint,1,306,8.529661423156995e-07,True,CONVERGED,float64,cuda:0
adjoint,2,306,9.509702004712768e-07,True,CONVERGED,float64,cuda:0
forward,0,298,8.967747017273082e-07,True,CONVERGED,float64,cuda:0
forward,1,298,9.861640192875666e-07,True,CONVERGED,float64,cuda:0
forward,2,300,9.479056589637764e-07,True,CONVERGED,float64,cuda:0
adjoint,0,304,9.548536778273068e-07,True,CONVERGED,float64,cuda:0
adjoint,1,306,8.529517669904362e-07,True,CONVERGED,float64,cuda:0
adjoint,2,306,9.551859259503473e-07,True,CONVERGED,float64,cuda:0
forward,0,298,9.028198921723239e-07,True,CONVERGED,float64,cuda:0
forward,1,298,9.910380854983594e-07,True,CONVERGED,float64,cuda:0
forward,2,300,9.562250591680782e-07,True,CONVERGED,float64,cuda:0
adjoint,0,303,9.827221165624327e-07,True,CONVERGED,float64,cuda:0
adjoint,1,306,8.529275303715827e-07,True,CONVERGED,float64,cuda:0
adjoint,2,306,9.591957357040912e-07,True,CONVERGED,float64,cuda:0
forward,0,298,9.091201897822924e-07,True,CONVERGED,float64,cuda:0
forward,1,298,9.95648251376902e-07,True,CONVERGED,float64,cuda:0
forward,2,300,9.640647744990514e-07,True,CONVERGED,float64,cuda:0
adjoint,0,303,9.564637212240392e-07,True,CONVERGED,float64,cuda:0
adjoint,1,306,8.529140393397287e-07,True,CONVERGED,float64,cuda:0
adjoint,2,306,9.629990605103303e-07,True,CONVERGED,float64,cuda:0
forward,0,298,9.156348387179795e-07,True,CONVERGED,float64,cuda:0
forward,1,298,9.999931216008133e-07,True,CONVERGED,float64,cuda:0
forward,2,300,9.713829585808837e-07,True,CONVERGED,float64,cuda:0
adjoint,0,302,9.66732535506594e-07,True,CONVERGED,float64,cuda:0
adjoint,1,306,8.529335351894514e-07,True,CONVERGED,float64,cuda:0
adjoint,2,306,9.665991094288871e-07,True,CONVERGED,float64,cuda:0
forward,0,298,9.222258943977621e-07,True,CONVERGED,float64,cuda:0
forward,1,299,9.280923582725106e-07,True,CONVERGED,float64,cuda:0
forward,2,300,9.78138402758222e-07,True,CONVERGED,float64,cuda:0
adjoint,0,301,9.633012634052644e-07,True,CONVERGED,float64,cuda:0
adjoint,1,306,8.530090943734734e-07,True,CONVERGED,float64,cuda:0
adjoint,2,306,9.699997335948266e-07,True,CONVERGED,float64,cuda:0
forward,0,298,9.287555319071508e-07,True,CONVERGED,float64,cuda:0
forward,1,299,9.330524096003003e-07,True,CONVERGED,float64,cuda:0
forward,2,300,9.842927999657138e-07,True,CONVERGED,float64,cuda:0
adjoint,0,299,9.755137519141777e-07,True,CONVERGED,float64,cuda:0
adjoint,1,306,8.53164268231583e-07,True,CONVERGED,float64,cuda:0
adjoint,2,306,9.732061724899052e-07,True,CONVERGED,float64,cuda:0
forward,0,298,9.351472976403182e-07,True,CONVERGED,float64,cuda:0
forward,1,299,9.376996935544254e-07,True,CONVERGED,float64,cuda:0
forward,2,300,9.89810266850108e-07,True,CONVERGED,float64,cuda:0
adjoint,0,297,9.636650227305805e-07,True,CONVERGED,float64,cuda:0
adjoint,1,306,8.534232104001601e-07,True,CONVERGED,float64,cuda:0
adjoint,2,306,9.762259516515611e-07,True,CONVERGED,float64,cuda:0
forward,0,298,9.413952806921911e-07,True,CONVERGED,float64,cuda:0
forward,1,299,9.420080358002276e-07,True,CONVERGED,float64,cuda:0
forward,2,300,9.946551088124033e-07,True,CONVERGED,float64,cuda:0
adjoint,0,295,9.651644372513102e-07,True,CONVERGED,float64,cuda:0
adjoint,1,306,8.53809972490726e-07,True,CONVERGED,float64,cuda:0
adjoint,2,306,9.790664122236296e-07,True,CONVERGED,float64,cuda:0
forward,0,298,9.475472633351642e-07,True,CONVERGED,float64,cuda:0
forward,1,299,9.45957279988392e-07,True,CONVERGED,float64,cuda:0
forward,2,300,9.987931967219126e-07,True,CONVERGED,float64,cuda:0
adjoint,0,294,9.661131089716013e-07,True,CONVERGED,float64,cuda:0
adjoint,1,306,8.54349807544669e-07,True,CONVERGED,float64,cuda:0
adjoint,2,306,9.817368262511e-07,True,CONVERGED,float64,cuda:0
forward,0,298,9.536732016201893e-07,True,CONVERGED,float64,cuda:0
forward,1,299,9.495326393722203e-07,True,CONVERGED,float64,cuda:0
forward,2,301,9.259224375055319e-07,True,CONVERGED,float64,cuda:0
adjoint,0,293,9.955085676516255e-07,True,CONVERGED,float64,cuda:0
adjoint,1,306,8.550673686027355e-07,True,CONVERGED,float64,cuda:0
adjoint,2,306,9.842463392408806e-07,True,CONVERGED,float64,cuda:0
forward,0,298,9.598414670816062e-07,True,CONVERGED,float64,cuda:0
forward,1,299,9.527271146692608e-07,True,CONVERGED,float64,cuda:0
forward,2,301,9.275803147690954e-07,True,CONVERGED,float64,cuda:0
adjoint,0,293,9.354825231458266e-07,True,CONVERGED,float64,cuda:0
adjoint,1,306,8.559881365248622e-07,True,CONVERGED,float64,cuda:0
adjoint,2,306,9.86605557958395e-07,True,CONVERGED,float64,cuda:0
forward,0,298,9.66096519776725e-07,True,CONVERGED,float64,cuda:0
forward,1,299,9.555397767384423e-07,True,CONVERGED,float64,cuda:0
forward,2,301,9.283951799984641e-07,True,CONVERGED,float64,cuda:0
adjoint,0,292,9.59690735010227e-07,True,CONVERGED,float64,cuda:0
adjoint,1,306,8.57136430788677e-07,True,CONVERGED,float64,cuda:0
adjoint,2,306,9.888249305780767e-07,True,CONVERGED,float64,cuda:0
forward,0,298,9.72451836497537e-07,True,CONVERGED,float64,cuda:0
forward,1,299,9.579760854981387e-07,True,CONVERGED,float64,cuda:0
forward,2,301,9.283155112947407e-07,True,CONVERGED,float64,cuda:0
adjoint,0,291,9.899189233025174e-07,True,CONVERGED,float64,cuda:0
adjoint,1,306,8.585366657895942e-07,True,CONVERGED,float64,cuda:0
adjoint,2,306,9.909153808795952e-07,True,CONVERGED,float64,cuda:0
forward,0,298,9.788912149872238e-07,True,CONVERGED,float64,cuda:0
forward,1,299,9.600463559277232e-07,True,CONVERGED,float64,cuda:0
forward,2,301,9.272873325438664e-07,True,CONVERGED,float64,cuda:0
adjoint,0,291,9.459937097974005e-07,True,CONVERGED,float64,cuda:0
adjoint,1,306,8.602119122709753e-07,True,CONVERGED,float64,cuda:0
adjoint,2,306,9.928893629700564e-07,True,CONVERGED,float64,cuda:0
forward,0,298,9.853766080949503e-07,True,CONVERGED,float64,cuda:0
forward,1,299,9.617639233711956e-07,True,CONVERGED,float64,cuda:0
forward,2,301,9.252561861372684e-07,True,CONVERGED,float64,cuda:0
adjoint,0,290,9.999657653927566e-07,True,CONVERGED,float64,cuda:0
adjoint,1,306,8.621840749248976e-07,True,CONVERGED,float64,cuda:0
adjoint,2,306,9.94757344179644e-07,True,CONVERGED,float64,cuda:0
forward,0,298,9.918654012196339e-07,True,CONVERGED,float64,cuda:0
forward,1,299,9.631440337578697e-07,True,CONVERGED,float64,cuda:0
forward,2,301,9.221745571250259e-07,True,CONVERGED,float64,cuda:0
adjoint,0,290,9.69740860462531e-07,True,CONVERGED,float64,cuda:0
adjoint,1,306,8.644737112076547e-07,True,CONVERGED,float64,cuda:0
adjoint,2,306,9.965323760742575e-07,True,CONVERGED,float64,cuda:0
forward,0,298,9.98322253306921e-07,True,CONVERGED,float64,cuda:0
forward,1,299,9.64202821797557e-07,True,CONVERGED,float64,cuda:0
forward,2,301,9.180080341426171e-07,True,CONVERGED,float64,cuda:0
adjoint,0,290,9.444445652316253e-07,True,CONVERGED,float64,cuda:0
adjoint,1,306,8.67097997702376e-07,True,CONVERGED,float64,cuda:0
adjoint,2,306,9.982264977576702e-07,True,CONVERGED,float64,cuda:0
forward,0,299,9.085471780580896e-07,True,CONVERGED,float64,cuda:0
forward,1,299,9.649559995597734e-07,True,CONVERGED,float64,cuda:0
forward,2,300,9.988400944104834e-07,True,CONVERGED,float64,cuda:0
adjoint,0,290,9.238608380849443e-07,True,CONVERGED,float64,cuda:0
adjoint,1,306,8.700717001516371e-07,True,CONVERGED,float64,cuda:0
adjoint,2,306,9.998526800264442e-07,True,CONVERGED,float64,cuda:0
forward,0,299,9.155095960215386e-07,True,CONVERGED,float64,cuda:0
forward,1,299,9.65418560979881e-07,True,CONVERGED,float64,cuda:0
forward,2,300,9.94366556016413e-07,True,CONVERGED,float64,cuda:0
adjoint,0,290,9.077417910392965e-07,True,CONVERGED,float64,cuda:0
adjoint,1,306,8.734054520915967e-07,True,CONVERGED,float64,cuda:0
adjoint,2,307,8.793904261581372e-07,True,CONVERGED,float64,cuda:0
forward,0,299,9.225491313126705e-07,True,CONVERGED,float64,cuda:0
forward,1,299,9.656048717826003e-07,True,CONVERGED,float64,cuda:0
forward,2,300,9.891049393906148e-07,True,CONVERGED,float64,cuda:0
adjoint,0,290,8.958359209721058e-07,True,CONVERGED,float64,cuda:0
adjoint,1,306,8.771058239127283e-07,True,CONVERGED,float64,cuda:0
adjoint,2,307,8.808136594018577e-07,True,CONVERGED,float64,cuda:0
forward,0,299,9.297358358883089e-07,True,CONVERGED,float64,cuda:0
forward,1,299,9.655281447191157e-07,True,CONVERGED,float64,cuda:0
forward,2,300,9.831941822312974e-07,True,CONVERGED,float64,cuda:0
adjoint,0,290,8.878666691710367e-07,True,CONVERGED,float64,cuda:0
adjoint,1,306,8.811736710808363e-07,True,CONVERGED,float64,cuda:0
adjoint,2,307,8.822161605643178e-07,True,CONVERGED,float64,cuda:0
forward,0,299,9.371901872558552e-07,True,CONVERGED,float64,cuda:0
forward,1,299,9.652014985956317e-07,True,CONVERGED,float64,cuda:0
forward,2,300,9.768371313099834e-07,True,CONVERGED,float64,cuda:0
adjoint,0,290,8.835571819474258e-07,True,CONVERGED,float64,cuda:0
adjoint,1,306,8.856045167025123e-07,True,CONVERGED,float64,cuda:0
adjoint,2,307,8.836085256109554e-07,True,CONVERGED,float64,cuda:0
forward,0,299,9.451038538861009e-07,True,CONVERGED,float64,cuda:0
forward,1,299,9.646365834611845e-07,True,CONVERGED,float64,cuda:0
forward,2,300,9.70302119133018e-07,True,CONVERGED,float64,cuda:0
adjoint,0,290,8.82624031182512e-07,True,CONVERGED,float64,cuda:0
adjoint,1,306,8.903879233556105e-07,True,CONVERGED,float64,cuda:0
adjoint,2,307,8.850001998744017e-07,True,CONVERGED,float64,cuda:0
forward,0,299,9.537730037443659e-07,True,CONVERGED,float64,cuda:0
forward,1,299,9.638439831933264e-07,True,CONVERGED,float64,cuda:0
forward,2,300,9.639154419720772e-07,True,CONVERGED,float64,cuda:0
adjoint,0,290,8.847836265915049e-07,True,CONVERGED,float64,cuda:0
adjoint,1,306,8.955063315957806e-07,True,CONVERGED,float64,cuda:0
adjoint,2,307,8.864017108201207e-07,True,CONVERGED,float64,cuda:0
forward,0,299,9.636121744371119e-07,True,CONVERGED,float64,cuda:0
forward,1,299,9.628340168370355e-07,True,CONVERGED,float64,cuda:0
forward,2,300,9.580424705204114e-07,True,CONVERGED,float64,cuda:0
adjoint,0,290,8.897567147541253e-07,True,CONVERGED,float64,cuda:0
adjoint,1,306,9.009363575847375e-07,True,CONVERGED,float64,cuda:0
adjoint,2,307,8.878216040786508e-07,True,CONVERGED,float64,cuda:0
forward,0,299,9.750002561607915e-07,True,CONVERGED,float64,cuda:0
forward,1,299,9.616143962664547e-07,True,CONVERGED,float64,cuda:0
forward,2,300,9.530499278017946e-07,True,CONVERGED,float64,cuda:0
adjoint,0,290,8.972724463472715e-07,True,CONVERGED,float64,cuda:0
adjoint,1,306,9.066483722999397e-07,True,CONVERGED,float64,cuda:0
adjoint,2,307,8.892696173733744e-07,True,CONVERGED,float64,cuda:0
forward,0,299,9.875109176142234e-07,True,CONVERGED,float64,cuda:0
forward,1,299,9.601913684476266e-07,True,CONVERGED,float64,cuda:0
forward,2,300,9.492615649892936e-07,True,CONVERGED,float64,cuda:0
adjoint,0,290,9.070684129663646e-07,True,CONVERGED,float64,cuda:0
adjoint,1,306,9.126064933919895e-07,True,CONVERGED,float64,cuda:0
adjoint,2,307,8.907536834514149e-07,True,CONVERGED,float64,cuda:0
forward,0,299,9.981465575077e-07,True,CONVERGED,float64,cuda:0
forward,1,299,9.585707668360641e-07,True,CONVERGED,float64,cuda:0
forward,2,300,9.469100869194977e-07,True,CONVERGED,float64,cuda:0
adjoint,0,290,9.18895642393965e-07,True,CONVERGED,float64,cuda:0
adjoint,1,306,9.187702214856072e-07,True,CONVERGED,float64,cuda:0
adjoint,2,307,8.92280948177643e-07,True,CONVERGED,float64,cuda:0
forward,0,300,9.573296360994957e-07,True,CONVERGED,float64,cuda:0
forward,1,299,9.567555239327347e-07,True,CONVERGED,float64,cuda:0
forward,2,300,9.461020292480019e-07,True,CONVERGED,float64,cuda:0
adjoint,0,290,9.325183183606555e-07,True,CONVERGED,float64,cuda:0
adjoint,1,306,9.250946549323012e-07,True,CONVERGED,float64,cuda:0
adjoint,2,307,8.938571729557313e-07,True,CONVERGED,float64,cuda:0
forward,0,299,9.976675144526456e-07,True,CONVERGED,float64,cuda:0
forward,1,299,9.547480948297384e-07,True,CONVERGED,float64,cuda:0
forward,2,300,9.468050145782462e-07,True,CONVERGED,float64,cuda:0
adjoint,0,290,9.477094777362361e-07,True,CONVERGED,float64,cuda:0
adjoint,1,306,9.315327773198402e-07,True,CONVERGED,float64,cuda:0
adjoint,2,307,8.954865193983276e-07,True,CONVERGED,float64,cuda:0
forward,0,299,9.928507408593023e-07,True,CONVERGED,float64,cuda:0
forward,1,299,9.52549918565215e-07,True,CONVERGED,float64,cuda:0
forward,2,300,9.488593606687394e-07,True,CONVERGED,float64,cuda:0
adjoint,0,290,9.642699276203747e-07,True,CONVERGED,float64,cuda:0
adjoint,1,306,9.380338263130052e-07,True,CONVERGED,float64,cuda:0
adjoint,2,307,8.97171457109953e-07,True,CONVERGED,float64,cuda:0
forward,0,299,9.912300110413185e-07,True,CONVERGED,float64,cuda:0
forward,1,299,9.501629320158406e-07,True,CONVERGED,float64,cuda:0
forward,2,300,9.520139843657238e-07,True,CONVERGED,float64,cuda:0
adjoint,0,290,9.820041768613177e-07,True,CONVERGED,float64,cuda:0
adjoint,1,306,9.445486349542991e-07,True,CONVERGED,float64,cuda:0
adjoint,2,307,8.989131902936539e-07,True,CONVERGED,float64,cuda:0
forward,0,299,9.925262167465313e-07,True,CONVERGED,float64,cuda:0
forward,1,299,9.475893817924683e-07,True,CONVERGED,float64,cuda:0
forward,2,300,9.559675472066487e-07,True,CONVERGED,float64,cuda:0
adjoint,0,291,8.691348849735773e-07,True,CONVERGED,float64,cuda:0
adjoint,1,306,9.510274227806586e-07,True,CONVERGED,float64,cuda:0
adjoint,2,307,9.007101744444627e-07,True,CONVERGED,float64,cuda:0
forward,0,299,9.95504394985411e-07,True,CONVERGED,float64,cuda:0
forward,1,299,9.448333382672386e-07,True,CONVERGED,float64,cuda:0
forward,2,300,9.604143560440452e-07,True,CONVERGED,float64,cuda:0
adjoint,0,291,8.873826368417072e-07,True,CONVERGED,float64,cuda:0
adjoint,1,306,9.57423485170239e-07,True,CONVERGED,float64,cuda:0
adjoint,2,307,9.025591134929059e-07,True,CONVERGED,float64,cuda:0
forward,0,299,9.993189703067999e-07,True,CONVERGED,float64,cuda:0
forward,1,299,9.41898765317548e-07,True,CONVERGED,float64,cuda:0
forward,2,300,9.650707609519826e-07,True,CONVERGED,float64,cuda:0
adjoint,0,291,9.064006193647633e-07,True,CONVERGED,float64,cuda:0
adjoint,1,306,9.636914949782104e-07,True,CONVERGED,float64,cuda:0
adjoint,2,307,9.044556625135153e-07,True,CONVERGED,float64,cuda:0
forward,0,300,9.558846636898842e-07,True,CONVERGED,float64,cuda:0
forward,1,299,9.387924833497926e-07,True,CONVERGED,float64,cuda:0
forward,2,300,9.697015285547334e-07,True,CONVERGED,float64,cuda:0
adjoint,0,291,9.260586868970348e-07,True,CONVERGED,float64,cuda:0
adjoint,1,306,9.697907117336e-07,True,CONVERGED,float64,cuda:0
adjoint,2,307,9.06392464539288e-07,True,CONVERGED,float64,cuda:0
forward,0,300,9.594878426677021e-07,True,CONVERGED,float64,cuda:0
forward,1,298,9.971923791095675e-07,True,CONVERGED,float64,cuda:0
forward,2,300,9.741246756840561e-07,True,CONVERGED,float64,cuda:0
adjoint,0,291,9.462377249365482e-07,True,CONVERGED,float64,cuda:0
adjoint,1,306,9.75683934165341e-07,True,CONVERGED,float64,cuda:0
adjoint,2,307,9.083609954687064e-07,True,CONVERGED,float64,cuda:0
forward,0,300,9.631337313098895e-07,True,CONVERGED,float64,cuda:0
forward,1,298,9.928525508204087e-07,True,CONVERGED,float64,cuda:0
forward,2,300,9.78208971603355e-07,True,CONVERGED,float64,cuda:0
adjoint,0,291,9.66839175130425e-07,True,CONVERGED,float64,cuda:0
adjoint,1,306,9.813382247075736e-07,True,CONVERGED,float64,cuda:0
adjoint,2,307,9.103520926490957e-07,True,CONVERGED,float64,cuda:0
forward,0,300,9.667771611212107e-07,True,CONVERGED,float64,cuda:0
forward,1,298,9.884066630681174e-07,True,CONVERGED,float64,cuda:0
forward,2,300,9.818719145673844e-07,True,CONVERGED,float64,cuda:0
adjoint,0,291,9.877658021121505e-07,True,CONVERGED,float64,cuda:0
adjoint,1,306,9.86726189706044e-07,True,CONVERGED,float64,cuda:0
adjoint,2,307,9.123542102455292e-07,True,CONVERGED,float64,cuda:0
forward,0,300,9.70396424953551e-07,True,CONVERGED,float64,cuda:0
forward,1,298,9.838790146929366e-07,True,CONVERGED,float64,cuda:0
forward,2,300,9.85068934455241e-07,True,CONVERGED,float64,cuda:0
adjoint,0,292,9.420294398125456e-07,True,CONVERGED,float64,cuda:0
adjoint,1,306,9.918235860571434e-07,True,CONVERGED,float64,cuda:0
adjoint,2,307,9.143549032327188e-07,True,CONVERGED,float64,cuda:0
forward,0,300,9.739800392266758e-07,True,CONVERGED,float64,cuda:0
forward,1,298,9.79293090810027e-07,True,CONVERGED,float64,cuda:0
forward,2,300,9.877847257790095e-07,True,CONVERGED,float64,cuda:0
adjoint,0,292,9.654667953545416e-07,True,CONVERGED,float64,cuda:0
adjoint,1,306,9.966107293769235e-07,True,CONVERGED,float64,cuda:0
adjoint,2,307,9.163420879688587e-07,True,CONVERGED,float64,cuda:0
forward,0,300,9.77522867497517e-07,True,CONVERGED,float64,cuda:0
forward,1,298,9.746701075314226e-07,True,CONVERGED,float64,cuda:0
forward,2,300,9.900259534177453e-07,True,CONVERGED,float64,cuda:0
adjoint,0,292,9.890283752259718e-07,True,CONVERGED,float64,cuda:0
adjoint,1,307,8.607035550959079e-07,True,CONVERGED,float64,cuda:0
adjoint,2,307,9.183023219371612e-07,True,CONVERGED,float64,cuda:0
forward,0,300,9.810230968120536e-07,True,CONVERGED,float64,cuda:0
forward,1,298,9.700277635014245e-07,True,CONVERGED,float64,cuda:0
forward,2,300,9.918155779062713e-07,True,CONVERGED,float64,cuda:0
adjoint,0,293,9.459310127431068e-07,True,CONVERGED,float64,cuda:0
adjoint,1,307,8.641684465636893e-07,True,CONVERGED,float64,cuda:0
adjoint,2,307,9.202221939427e-07,True,CONVERGED,float64,cuda:0
forward,0,300,9.844789319758738e-07,True,CONVERGED,float64,cuda:0
forward,1,298,9.65380614357172e-07,True,CONVERGED,float64,cuda:0
forward,2,300,9.931837712147648e-07,True,CONVERGED,float64,cuda:0
adjoint,0,293,9.70622304155679e-07,True,CONVERGED,float64,cuda:0
adjoint,1,307,8.673221396438523e-07,True,CONVERGED,float64,cuda:0
adjoint,2,307,9.22088766058959e-07,True,CONVERGED,float64,cuda:0
forward,0,300,9.878901303418268e-07,True,CONVERGED,float64,cuda:0
forward,1,298,9.60739082823894e-07,True,CONVERGED,float64,cuda:0
forward,2,300,9.941687341774524e-07,True,CONVERGED,float64,cuda:0
adjoint,0,293,9.95188506165401e-07,True,CONVERGED,float64,cuda:0
adjoint,1,307,8.701589964620713e-07,True,CONVERGED,float64,cuda:0
adjoint,2,307,9.238885302708606e-07,True,CONVERGED,float64,cuda:0
forward,0,300,9.912562744195324e-07,True,CONVERGED,float64,cuda:0
forward,1,298,9.561113909179652e-07,True,CONVERGED,float64,cuda:0
forward,2,300,9.94810400060421e-07,True,CONVERGED,float64,cuda:0
adjoint,0,294,9.642601547396043e-07,True,CONVERGED,float64,cuda:0
adjoint,1,307,8.726760684481485e-07,True,CONVERGED,float64,cuda:0
adjoint,2,307,9.256095887387768e-07,True,CONVERGED,float64,cuda:0
forward,0,300,9.945768165735666e-07,True,CONVERGED,float64,cuda:0
forward,1,298,9.515022470011854e-07,True,CONVERGED,float64,cuda:0
forward,2,300,9.95148887230337e-07,True,CONVERGED,float64,cuda:0
adjoint,0,294,9.890436556748534e-07,True,CONVERGED,float64,cuda:0
adjoint,1,307,8.748720605190526e-07,True,CONVERGED,float64,cuda:0
adjoint,2,307,9.272406843053504e-07,True,CONVERGED,float64,cuda:0
forward,0,300,9.978510278174452e-07,True,CONVERGED,float64,cuda:0
forward,1,298,9.469146465686605e-07,True,CONVERGED,float64,cuda:0
forward,2,300,9.952231172463959e-07,True,CONVERGED,float64,cuda:0
adjoint,0,295,9.775416381012268e-07,True,CONVERGED,float64,cuda:0
adjoint,1,307,8.767487939683475e-07,True,CONVERGED,float64,cuda:0
adjoint,2,307,9.287706405121864e-07,True,CONVERGED,float64,cuda:0
forward,0,301,9.445746634620569e-07,True,CONVERGED,float64,cuda:0
forward,1,298,9.423509438745058e-07,True,CONVERGED,float64,cuda:0
forward,2,300,9.950692150324357e-07,True,CONVERGED,float64,cuda:0
adjoint,0,296,9.740803966983617e-07,True,CONVERGED,float64,cuda:0
adjoint,1,307,8.783097672602747e-07,True,CONVERGED,float64,cuda:0
adjoint,2,307,9.301898993552542e-07,True,CONVERGED,float64,cuda:0
forward,0,301,9.468175622560771e-07,True,CONVERGED,float64,cuda:0
forward,1,298,9.378136099443776e-07,True,CONVERGED,float64,cuda:0
forward,2,300,9.947208080495725e-07,True,CONVERGED,float64,cuda:0
adjoint,0,296,9.979689991765914e-07,True,CONVERGED,float64,cuda:0
adjoint,1,307,8.795596803194898e-07,True,CONVERGED,float64,cuda:0
adjoint,2,307,9.314903846798683e-07,True,CONVERGED,float64,cuda:0
forward,0,301,9.490054176109103e-07,True,CONVERGED,float64,cuda:0
forward,1,298,9.333068026891688e-07,True,CONVERGED,float64,cuda:0
forward,2,300,9.942072520793486e-07,True,CONVERGED,float64,cuda:0
adjoint,0,297,9.627482191686807e-07,True,CONVERGED,float64,cuda:0
adjoint,1,307,8.805054495637524e-07,True,CONVERGED,float64,cuda:0
adjoint,2,307,9.32664067160881e-07,True,CONVERGED,float64,cuda:0
forward,0,301,9.511378127013453e-07,True,CONVERGED,float64,cuda:0
forward,1,298,9.288351441145441e-07,True,CONVERGED,float64,cuda:0
forward,2,300,9.935541738943203e-07,True,CONVERGED,float64,cuda:0
adjoint,0,297,9.851672272946547e-07,True,CONVERGED,float64,cuda:0
adjoint,1,307,8.811548121093172e-07,True,CONVERGED,float64,cuda:0
adjoint,2,307,9.337045700968716e-07,True,CONVERGED,float64,cuda:0
forward,0,301,9.532147315392073e-07,True,CONVERGED,float64,cuda:0
forward,1,298,9.244059805219633e-07,True,CONVERGED,float64,cuda:0
forward,2,300,9.927837355905046e-07,True,CONVERGED,float64,cuda:0
adjoint,0,300,9.937648745438629e-07,True,CONVERGED,float64,cuda:0
adjoint,1,307,8.815168264527809e-07,True,CONVERGED,float64,cuda:0
adjoint,2,307,9.34607378932962e-07,True,CONVERGED,float64,cuda:0
forward,0,301,9.552365754850697e-07,True,CONVERGED,float64,cuda:0
forward,1,298,9.200281265742138e-07,True,CONVERGED,float64,cuda:0
forward,2,300,9.919133492320076e-07,True,CONVERGED,float64,cuda:0
adjoint,0,301,9.448465662200103e-07,True,CONVERGED,float64,cuda:0
adjoint,1,307,8.816019358197904e-07,True,CONVERGED,float64,cuda:0
adjoint,2,307,9.353678464751282e-07,True,CONVERGED,float64,cuda:0
forward,0,301,9.572038235310726e-07,True,CONVERGED,float64,cuda:0
forward,1,297,9.965732867989916e-07,True,CONVERGED,float64,cuda:0
forward,2,300,9.909571001370393e-07,True,CONVERGED,float64,cuda:0
adjoint,0,301,9.607013326729e-07,True,CONVERGED,float64,cuda:0
adjoint,1,307,8.814205432495766e-07,True,CONVERGED,float64,cuda:0
adjoint,2,307,9.359825941877405e-07,True,CONVERGED,float64,cuda:0
forward,0,301,9.591179414919477e-07,True,CONVERGED,float64,cuda:0
forward,1,297,9.922443735383042e-07,True,CONVERGED,float64,cuda:0
forward,2,300,9.899266237601618e-07,True,CONVERGED,float64,cuda:0
adjoint,0,301,9.75740213556534e-07,True,CONVERGED,float64,cuda:0
adjoint,1,307,8.809854901191631e-07,True,CONVERGED,float64,cuda:0
adjoint,2,307,9.364502153585443e-07,True,CONVERGED,float64,cuda:0
forward,0,301,9.60980142060979e-07,True,CONVERGED,float64,cuda:0
forward,1,297,9.880191029751795e-07,True,CONVERGED,float64,cuda:0
forward,2,300,9.888295314337396e-07,True,CONVERGED,float64,cuda:0
adjoint,0,301,9.89996680535717e-07,True,CONVERGED,float64,cuda:0
adjoint,1,307,8.803089305289965e-07,True,CONVERGED,float64,cuda:0
adjoint,2,307,9.367691763350769e-07,True,CONVERGED,float64,cuda:0
forward,0,301,9.627931404936491e-07,True,CONVERGED,float64,cuda:0
forward,1,297,9.839052048343527e-07,True,CONVERGED,float64,cuda:0
forward,2,300,9.876729994190626e-07,True,CONVERGED,float64,cuda:0
adjoint,0,302,9.283631323242644e-07,True,CONVERGED,float64,cuda:0
adjoint,1,307,8.794047883492765e-07,True,CONVERGED,float64,cuda:0
adjoint,2,307,9.36939078467443e-07,True,CONVERGED,float64,cuda:0
forward,0,301,9.645582810938335e-07,True,CONVERGED,float64,cuda:0
forward,1,297,9.799082262054518e-07,True,CONVERGED,float64,cuda:0
forward,2,300,9.864598773540668e-07,True,CONVERGED,float64,cuda:0
adjoint,0,302,9.387180315466664e-07,True,CONVERGED,float64,cuda:0
adjoint,1,307,8.782857430489121e-07,True,CONVERGED,float64,cuda:0
adjoint,2,307,9.36960421264818e-07,True,CONVERGED,float64,cuda:0
forward,0,301,9.662788046768328e-07,True,CONVERGED,float64,cuda:0
forward,1,297,9.760354650556681e-07,True,CONVERGED,float64,cuda:0
forward,2,300,9.851944505723123e-07,True,CONVERGED,float64,cuda:0
adjoint,0,302,9.484693303640852e-07,True,CONVERGED,float64,cuda:0
adjoint,1,307,8.76966234965287e-07,True,CONVERGED,float64,cuda:0
adjoint,2,307,9.36834311004371e-07,True,CONVERGED,float64,cuda:0
forward,0,301,9.679589614829716e-07,True,CONVERGED,float64,cuda:0
forward,1,297,9.722927702071277e-07,True,CONVERGED,float64,cuda:0
forward,2,300,9.83880470131334e-07,True,CONVERGED,float64,cuda:0
adjoint,0,302,9.576440983848488e-07,True,CONVERGED,float64,cuda:0
adjoint,1,307,8.754616759380468e-07,True,CONVERGED,float64,cuda:0
adjoint,2,307,9.365624065722496e-07,True,CONVERGED,float64,cuda:0
forward,0,301,9.696013112958229e-07,True,CONVERGED,float64,cuda:0
forward,1,297,9.686858646351505e-07,True,CONVERGED,float64,cuda:0
forward,2,300,9.825191637746649e-07,True,CONVERGED,float64,cuda:0
adjoint,0,302,9.662824397906082e-07,True,CONVERGED,float64,cuda:0
adjoint,1,307,8.737853530360146e-07,True,CONVERGED,float64,cuda:0
adjoint,2,307,9.361465046351371e-07,True,CONVERGED,float64,cuda:0
forward,0,301,9.712102980241608e-07,True,CONVERGED,float64,cuda:0
forward,1,297,9.652188374113627e-07,True,CONVERGED,float64,cuda:0
forward,2,300,9.811143468026204e-07,True,CONVERGED,float64,cuda:0
adjoint,0,302,9.74407671062325e-07,True,CONVERGED,float64,cuda:0
adjoint,1,307,8.719535739892127e-07,True,CONVERGED,float64,cuda:0
adjoint,2,307,9.355893983052058e-07,True,CONVERGED,float64,cuda:0
forward,0,301,9.72789774579991e-07,True,CONVERGED,float64,cuda:0
forward,1,297,9.6189518532726e-07,True,CONVERGED,float64,cuda:0
forward,2,300,9.796688415514712e-07,True,CONVERGED,float64,cuda:0
adjoint,0,302,9.820491907733504e-07,True,CONVERGED,float64,cuda:0
adjoint,1,307,8.699793883287536e-07,True,CONVERGED,float64,cuda:0
adjoint,2,307,9.348943595082039e-07,True,CONVERGED,float64,cuda:0
forward,0,301,9.743438165863177e-07,True,CONVERGED,float64,cuda:0
forward,1,297,9.587175229084516e-07,True,CONVERGED,float64,cuda:0
forward,2,300,9.781858722941242e-07,True,CONVERGED,float64,cuda:0
adjoint,0,302,9.892317698379798e-07,True,CONVERGED,float64,cuda:0
adjoint,1,307,8.67878277660037e-07,True,CONVERGED,float64,cuda:0
adjoint,2,307,9.340648099102538e-07,True,CONVERGED,float64,cuda:0
forward,0,301,9.758756051473566e-07,True,CONVERGED,float64,cuda:0
forward,1,297,9.556861714929507e-07,True,CONVERGED,float64,cuda:0
forward,2,300,9.766685105309239e-07,True,CONVERGED,float64,cuda:0
adjoint,0,302,9.959809610147273e-07,True,CONVERGED,float64,cuda:0
adjoint,1,307,8.656643249491379e-07,True,CONVERGED,float64,cuda:0
adjoint,2,307,9.33104453486569e-07,True,CONVERGED,float64,cuda:0
forward,0,301,9.773890090730979e-07,True,CONVERGED,float64,cuda:0
forward,1,297,9.528007390285944e-07,True,CONVERGED,float64,cuda:0
forward,2,300,9.751203132395687e-07,True,CONVERGED,float64,cuda:0
adjoint,0,303,9.276954134775706e-07,True,CONVERGED,float64,cuda:0
adjoint,1,307,8.633515227502027e-07,True,CONVERGED,float64,cuda:0
adjoint,2,307,9.320172186564573e-07,True,CONVERGED,float64,cuda:0
forward,0,301,9.788855678760905e-07,True,CONVERGED,float64,cuda:0
forward,1,297,9.500591326096219e-07,True,CONVERGED,float64,cuda:0
forward,2,300,9.735440186617353e-07,True,CONVERGED,float64,cuda:0
adjoint,0,303,9.328294674062496e-07,True,CONVERGED,float64,cuda:0
adjoint,1,307,8.609528793888166e-07,True,CONVERGED,float64,cuda:0
adjoint,2,307,9.30807093783804e-07,True,CONVERGED,float64,cuda:0
forward,0,301,9.80367962938571e-07,True,CONVERGED,float64,cuda:0
forward,1,297,9.474587956393065e-07,True,CONVERGED,float64,cuda:0
forward,2,300,9.71943719057658e-07,True,CONVERGED,float64,cuda:0
adjoint,0,303,9.376097365201602e-07,True,CONVERGED,float64,cuda:0
adjoint,1,307,8.584825563996314e-07,True,CONVERGED,float64,cuda:0
adjoint,2,307,9.294792107869985e-07,True,CONVERGED,float64,cuda:0
forward,0,301,9.818351313454204e-07,True,CONVERGED,float64,cuda:0
forward,1,297,9.449934495842123e-07,True,CONVERGED,float64,cuda:0
forward,2,300,9.70319747385697e-07,True,CONVERGED,float64,cuda:0
adjoint,0,303,9.42055616944594e-07,True,CONVERGED,float64,cuda:0
adjoint,1,306,9.99820053632761e-07,True,CONVERGED,float64,cuda:0
adjoint,2,307,9.280367960129097e-07,True,CONVERGED,float64,cuda:0
forward,0,301,9.832881456934994e-07,True,CONVERGED,float64,cuda:0
forward,1,297,9.426592189274854e-07,True,CONVERGED,float64,cuda:0
forward,2,300,9.686774756442775e-07,True,CONVERGED,float64,cuda:0
adjoint,0,303,9.461724118710959e-07,True,CONVERGED,float64,cuda:0
adjoint,1,306,9.967076517179407e-07,True,CONVERGED,float64,cuda:0
adjoint,2,307,9.264856029215308e-07,True,CONVERGED,float64,cuda:0
forward,0,301,9.847242263624954e-07,True,CONVERGED,float64,cuda:0
forward,1,297,9.404492109127993e-07,True,CONVERGED,float64,cuda:0
forward,2,300,9.670177676120082e-07,True,CONVERGED,float64,cuda:0
adjoint,0,303,9.499742652799679e-07,True,CONVERGED,float64,cuda:0
adjoint,1,306,9.935139777059957e-07,True,CONVERGED,float64,cuda:0
adjoint,2,307,9.248301000762851e-07,True,CONVERGED,float64,cuda:0
forward,0,301,9.861405183664927e-07,True,CONVERGED,float64,cuda:0
forward,1,297,9.383556283398721e-07,True,CONVERGED,float64,cuda:0
forward,2,300,9.653433085911295e-07,True,CONVERGED,float64,cuda:0
adjoint,0,303,9.534712568856533e-07,True,CONVERGED,float64,cuda:0
adjoint,1,306,9.902511539323192e-07,True,CONVERGED,float64,cuda:0
adjoint,2,307,9.230750046636805e-07,True,CONVERGED,float64,cuda:0
forward,0,301,9.875333222592243e-07,True,CONVERGED,float64,cuda:0
forward,1,297,9.363712723095869e-07,True,CONVERGED,float64,cuda:0
forward,2,300,9.636560991298661e-07,True,CONVERGED,float64,cuda:0
adjoint,0,303,9.566722230839749e-07,True,CONVERGED,float64,cuda:0
adjoint,1,306,9.869301034263467e-07,True,CONVERGED,float64,cuda:0
adjoint,2,307,9.212251006492744e-07,True,CONVERGED,float64,cuda:0
forward,0,301,9.888983635004712e-07,True,CONVERGED,float64,cuda:0
forward,1,297,9.344879930613954e-07,True,CONVERGED,float64,cuda:0
forward,2,300,9.61958255326957e-07,True,CONVERGED,float64,cuda:0
adjoint,0,303,9.595860581592497e-07,True,CONVERGED,float64,cuda:0
adjoint,1,306,9.835613363813555e-07,True,CONVERGED,float64,cuda:0
adjoint,2,307,9.192851917579461e-07,True,CONVERGED,float64,cuda:0
forward,0,301,9.90230945903854e-07,True,CONVERGED,float64,cuda:0
forward,1,297,9.32697414666548e-07,True,CONVERGED,float64,cuda:0
forward,2,300,9.602522064588022e-07,True,CONVERGED,float64,cuda:0
adjoint,0,303,9.622191459973779e-07,True,CONVERGED,float64,cuda:0
adjoint,1,306,9.801538518551993e-07,True,CONVERGED,float64,cuda:0
adjoint,2,307,9.172598448161085e-07,True,CONVERGED,float64,cuda:0
forward,0,301,9.915264373060879e-07,True,CONVERGED,float64,cuda:0
forward,1,297,9.309918162713584e-07,True,CONVERGED,float64,cuda:0
forward,2,300,9.585383956232306e-07,True,CONVERGED,float64,cuda:0
adjoint,0,303,9.645815501827393e-07,True,CONVERGED,float64,cuda:0
adjoint,1,306,9.767161228983167e-07,True,CONVERGED,float64,cuda:0
adjoint,2,307,9.151538899940418e-07,True,CONVERGED,float64,cuda:0
forward,0,301,9.927818044027708e-07,True,CONVERGED,float64,cuda:0
forward,1,297,9.293635888182664e-07,True,CONVERGED,float64,cuda:0
forward,2,300,9.568194246703606e-07,True,CONVERGED,float64,cuda:0
adjoint,0,303,9.666761511872961e-07,True,CONVERGED,float64,cuda:0
adjoint,1,306,9.732565637339794e-07,True,CONVERGED,float64,cuda:0
adjoint,2,307,9.129715852143466e-07,True,CONVERGED,float64,cuda:0
forward,0,301,9.939949479024743e-07,True,CONVERGED,float64,cuda:0
forward,1,297,9.278058261479546e-07,True,CONVERGED,float64,cuda:0
forward,2,300,9.550964969386501e-07,True,CONVERGED,float64,cuda:0
adjoint,0,303,9.68508776600253e-07,True,CONVERGED,float64,cuda:0
adjoint,1,306,9.69782487744814e-07,True,CONVERGED,float64,cuda:0
adjoint,2,307,9.107172197932554e-07,True,CONVERGED,float64,cuda:0
forward,0,301,9.95166223422745e-07,True,CONVERGED,float64,cuda:0
forward,1,297,9.263125810686228e-07,True,CONVERGED,float64,cuda:0
forward,2,300,9.533714676463322e-07,True,CONVERGED,float64,cuda:0
adjoint,0,303,9.700812160032355e-07,True,CONVERGED,float64,cuda:0
adjoint,1,306,9.66301066136594e-07,True,CONVERGED,float64,cuda:0
adjoint,2,307,9.083954841220113e-07,True,CONVERGED,float64,cuda:0
forward,0,301,9.962966393349864e-07,True,CONVERGED,float64,cuda:0
forward,1,297,9.248775421736333e-07,True,CONVERGED,float64,cuda:0
forward,2,300,9.516439174566096e-07,True,CONVERGED,float64,cuda:0
adjoint,0,303,9.713981079418923e-07,True,CONVERGED,float64,cuda:0
adjoint,1,306,9.62817208391542e-07,True,CONVERGED,float64,cuda:0
adjoint,2,307,9.060103848778383e-07,True,CONVERGED,float64,cuda:0
forward,0,301,9.973914000510862e-07,True,CONVERGED,float64,cuda:0
forward,1,297,9.234966084420676e-07,True,CONVERGED,float64,cuda:0
forward,2,300,9.499165193505961e-07,True,CONVERGED,float64,cuda:0
adjoint,0,303,9.724584118545222e-07,True,CONVERGED,float64,cuda:0
adjoint,1,306,9.593377618948625e-07,True,CONVERGED,float64,cuda:0
adjoint,2,307,9.035659575924115e-07,True,CONVERGED,float64,cuda:0
forward,0,301,9.984557948360679e-07,True,CONVERGED,float64,cuda:0
forward,1,297,9.221654336298762e-07,True,CONVERGED,float64,cuda:0
forward,2,300,9.48189150739925e-07,True,CONVERGED,float64,cuda:0
adjoint,0,303,9.73261847957432e-07,True,CONVERGED,float64,cuda:0
adjoint,1,306,9.558662235277303e-07,True,CONVERGED,float64,cuda:0
adjoint,2,307,9.010654224175366e-07,True,CONVERGED,float64,cuda:0
forward,0,301,9.99497422078069e-07,True,CONVERGED,float64,cuda:0
forward,1,297,9.208806068911509e-07,True,CONVERGED,float64,cuda:0
forward,2,300,9.464622310947267e-07,True,CONVERGED,float64,cuda:0
adjoint,0,303,9.738078038175561e-07,True,CONVERGED,float64,cuda:0
adjoint,1,306,9.52406075330683e-07,True,CONVERGED,float64,cuda:0
adjoint,2,307,8.985123085018421e-07,True,CONVERGED,float64,cuda:0
forward,0,305,9.024161150187142e-07,True,CONVERGED,float64,cuda:0
forward,1,299,9.253437262992454e-07,True,CONVERGED,float64,cuda:0
forward,2,296,9.716210064063487e-07,True,CONVERGED,float64,cuda:0
adjoint,0,295,9.6572397907009e-07,True,CONVERGED,float64,cuda:0
adjoint,1,309,9.636835565324882e-07,True,CONVERGED,float64,cuda:0
adjoint,2,308,9.415206222156178e-07,True,CONVERGED,float64,cuda:0
forward,0,304,9.99265351632248e-07,True,CONVERGED,float64,cuda:0
forward,1,299,9.187796063186425e-07,True,CONVERGED,float64,cuda:0
forward,2,296,9.765692488083074e-07,True,CONVERGED,float64,cuda:0
adjoint,0,295,9.642200702457287e-07,True,CONVERGED,float64,cuda:0
adjoint,1,309,9.651792427273042e-07,True,CONVERGED,float64,cuda:0
adjoint,2,308,9.428914809119257e-07,True,CONVERGED,float64,cuda:0
forward,0,304,9.960613160738722e-07,True,CONVERGED,float64,cuda:0
forward,1,299,9.104639344000369e-07,True,CONVERGED,float64,cuda:0
forward,2,296,9.815318859978095e-07,True,CONVERGED,float64,cuda:0
adjoint,0,295,9.616977229000223e-07,True,CONVERGED,float64,cuda:0
adjoint,1,309,9.670570008870882e-07,True,CONVERGED,float64,cuda:0
adjoint,2,308,9.437231050887484e-07,True,CONVERGED,float64,cuda:0
forward,0,304,9.925840009600373e-07,True,CONVERGED,float64,cuda:0
forward,1,299,9.005164836820381e-07,True,CONVERGED,float64,cuda:0
forward,2,296,9.86396642488114e-07,True,CONVERGED,float64,cuda:0
adjoint,0,295,9.59062594129365e-07,True,CONVERGED,float64,cuda:0
adjoint,1,309,9.691658348309903e-07,True,CONVERGED,float64,cuda:0
adjoint,2,308,9.440112390179286e-07,True,CONVERGED,float64,cuda:0
forward,0,304,9.888947321939728e-07,True,CONVERGED,float64,cuda:0
forward,1,299,8.891197249667116e-07,True,CONVERGED,float64,cuda:0
forward,2,296,9.907836601904333e-07,True,CONVERGED,float64,cuda:0
adjoint,0,295,9.56393687536647e-07,True,CONVERGED,float64,cuda:0
adjoint,1,309,9.712856218389262e-07,True,CONVERGED,float64,cuda:0
adjoint,2,308,9.43749041048116e-07,True,CONVERGED,float64,cuda:0
forward,0,304,9.85063898989867e-07,True,CONVERGED,float64,cuda:0
forward,1,299,8.764568459795778e-07,True,CONVERGED,float64,cuda:0
forward,2,296,9.937407079139251e-07,True,CONVERGED,float64,cuda:0
adjoint,0,295,9.538034544339694e-07,True,CONVERGED,float64,cuda:0
adjoint,1,309,9.731495510186376e-07,True,CONVERGED,float64,cuda:0
adjoint,2,308,9.429166760055623e-07,True,CONVERGED,float64,cuda:0
forward,0,304,9.811631399520284e-07,True,CONVERGED,float64,cuda:0
forward,1,299,8.626241219303209e-07,True,CONVERGED,float64,cuda:0
forward,2,296,9.939914043658925e-07,True,CONVERGED,float64,cuda:0
adjoint,0,295,9.514248697718045e-07,True,CONVERGED,float64,cuda:0
adjoint,1,309,9.744846935274769e-07,True,CONVERGED,float64,cuda:0
adjoint,2,308,9.414746989851223e-07,True,CONVERGED,float64,cuda:0
forward,0,304,9.772532542945593e-07,True,CONVERGED,float64,cuda:0
forward,1,299,8.475765915106304e-07,True,CONVERGED,float64,cuda:0
forward,2,296,9.939706597409877e-07,True,CONVERGED,float64,cuda:0
adjoint,0,295,9.49391779167263e-07,True,CONVERGED,float64,cuda:0
adjoint,1,309,9.750598284565365e-07,True,CONVERGED,float64,cuda:0
adjoint,2,308,9.393602885784665e-07,True,CONVERGED,float64,cuda:0
forward,0,304,9.733704578400317e-07,True,CONVERGED,float64,cuda:0
forward,1,298,9.86305838289575e-07,True,CONVERGED,float64,cuda:0
forward,2,296,9.990638009105738e-07,True,CONVERGED,float64,cuda:0
adjoint,0,295,9.478211359448686e-07,True,CONVERGED,float64,cuda:0
adjoint,1,309,9.747289178026956e-07,True,CONVERGED,float64,cuda:0
adjoint,2,308,9.364954979131047e-07,True,CONVERGED,float64,cuda:0
forward,0,304,9.695247096915399e-07,True,CONVERGED,float64,cuda:0
forward,1,298,9.641868377481762e-07,True,CONVERGED,float64,cuda:0
forward,2,294,9.988666012798162e-07,True,CONVERGED,float64,cuda:0
adjoint,0,295,9.468054270570411e-07,True,CONVERGED,float64,cuda:0
adjoint,1,309,9.734602888845815e-07,True,CONVERGED,float64,cuda:0
adjoint,2,308,9.328125625979326e-07,True,CONVERGED,float64,cuda:0
forward,0,304,9.656948016134384e-07,True,CONVERGED,float64,cuda:0
forward,1,298,9.395231608424665e-07,True,CONVERGED,float64,cuda:0
forward,2,294,9.937675201730885e-07,True,CONVERGED,float64,cuda:0
adjoint,0,295,9.464027002416447e-07,True,CONVERGED,float64,cuda:0
adjoint,1,309,9.713535924798282e-07,True,CONVERGED,float64,cuda:0
adjoint,2,308,9.282840546611609e-07,True,CONVERGED,float64,cuda:0
forward,0,304,9.618380010648653e-07,True,CONVERGED,float64,cuda:0
forward,1,298,9.126137527680536e-07,True,CONVERGED,float64,cuda:0
forward,2,294,9.886162402118133e-07,True,CONVERGED,float64,cuda:0
adjoint,0,295,9.466303030459852e-07,True,CONVERGED,float64,cuda:0
adjoint,1,309,9.68640599123576e-07,True,CONVERGED,float64,cuda:0
adjoint,2,308,9.229535271188689e-07,True,CONVERGED,float64,cuda:0
forward,0,304,9.578939468803375e-07,True,CONVERGED,float64,cuda:0
forward,1,297,9.825956822072746e-07,True,CONVERGED,float64,cuda:0
forward,2,293,9.97600466440477e-07,True,CONVERGED,float64,cuda:0
adjoint,0,295,9.474459943247093e-07,True,CONVERGED,float64,cuda:0
adjoint,1,309,9.656686410970623e-07,True,CONVERGED,float64,cuda:0
adjoint,2,308,9.169414102685319e-07,True,CONVERGED,float64,cuda:0
forward,0,304,9.537956005218648e-07,True,CONVERGED,float64,cuda:0
forward,1,297,9.441690207241159e-07,True,CONVERGED,float64,cuda:0
forward,2,292,9.986786056460033e-07,True,CONVERGED,float64,cuda:0
adjoint,0,295,9.487317308948786e-07,True,CONVERGED,float64,cuda:0
adjoint,1,309,9.62877503771731e-07,True,CONVERGED,float64,cuda:0
adjoint,2,308,9.104294466124535e-07,True,CONVERGED,float64,cuda:0
forward,0,304,9.494804783125135e-07,True,CONVERGED,float64,cuda:0
forward,1,296,9.66583349572311e-07,True,CONVERGED,float64,cuda:0
forward,2,293,9.99541486569757e-07,True,CONVERGED,float64,cuda:0
adjoint,0,295,9.503080283363913e-07,True,CONVERGED,float64,cuda:0
adjoint,1,309,9.607556857373636e-07,True,CONVERGED,float64,cuda:0
adjoint,2,308,9.036273983186523e-07,True,CONVERGED,float64,cuda:0
forward,0,304,9.448961680243502e-07,True,CONVERGED,float64,cuda:0
forward,1,294,9.931731234316284e-07,True,CONVERGED,float64,cuda:0
forward,2,298,9.493793472457208e-07,True,CONVERGED,float64,cuda:0
adjoint,0,295,9.519956636508088e-07,True,CONVERGED,float64,cuda:0
adjoint,1,309,9.597969602012577e-07,True,CONVERGED,float64,cuda:0
adjoint,2,308,8.967443548965922e-07,True,CONVERGED,float64,cuda:0
forward,0,304,9.400119682380348e-07,True,CONVERGED,float64,cuda:0
forward,1,294,9.509265535349822e-07,True,CONVERGED,float64,cuda:0
forward,2,298,9.585690914993763e-07,True,CONVERGED,float64,cuda:0
adjoint,0,295,9.536933203283343e-07,True,CONVERGED,float64,cuda:0
adjoint,1,309,9.604650938423798e-07,True,CONVERGED,float64,cuda:0
adjoint,2,308,8.899644263557895e-07,True,CONVERGED,float64,cuda:0
forward,0,304,9.34824492823136e-07,True,CONVERGED,float64,cuda:0
forward,1,293,9.749884924054024e-07,True,CONVERGED,float64,cuda:0
forward,2,298,9.674264333667728e-07,True,CONVERGED,float64,cuda:0
adjoint,0,295,9.553666780352086e-07,True,CONVERGED,float64,cuda:0
adjoint,1,309,9.63163779428601e-07,True,CONVERGED,float64,cuda:0
adjoint,2,308,8.834413106464125e-07,True,CONVERGED,float64,cuda:0
forward,0,304,9.293661293652808e-07,True,CONVERGED,float64,cuda:0
forward,1,292,9.985777629918953e-07,True,CONVERGED,float64,cuda:0
forward,2,298,9.75026883321258e-07,True,CONVERGED,float64,cuda:0
adjoint,0,295,9.569706725000315e-07,True,CONVERGED,float64,cuda:0
adjoint,1,309,9.682339352665512e-07,True,CONVERGED,float64,cuda:0
adjoint,2,308,8.772969432646995e-07,True,CONVERGED,float64,cuda:0
forward,0,304,9.236987413576158e-07,True,CONVERGED,float64,cuda:0
forward,1,292,9.507514248950419e-07,True,CONVERGED,float64,cuda:0
forward,2,298,9.815368282944564e-07,True,CONVERGED,float64,cuda:0
adjoint,0,295,9.584097948290542e-07,True,CONVERGED,float64,cuda:0
adjoint,1,309,9.759473547948418e-07,True,CONVERGED,float64,cuda:0
adjoint,2,308,8.716244440638627e-07,True,CONVERGED,float64,cuda:0
forward,0,304,9.179012795596975e-07,True,CONVERGED,float64,cuda:0
forward,1,291,9.798927441042315e-07,True,CONVERGED,float64,cuda:0
forward,2,298,9.873001523190381e-07,True,CONVERGED,float64,cuda:0
adjoint,0,295,9.595584393401117e-07,True,CONVERGED,float64,cuda:0
adjoint,1,309,9.864581026043549e-07,True,CONVERGED,float64,cuda:0
adjoint,2,307,9.968907196004246e-07,True,CONVERGED,float64,cuda:0
forward,0,304,9.120508058181182e-07,True,CONVERGED,float64,cuda:0
forward,1,290,9.800261235437472e-07,True,CONVERGED,float64,cuda:0
forward,2,298,9.926493276081581e-07,True,CONVERGED,float64,cuda:0
adjoint,0,295,9.6027415132113e-07,True,CONVERGED,float64,cuda:0
adjoint,1,309,9.997007577421074e-07,True,CONVERGED,float64,cuda:0
adjoint,2,307,9.907377434020568e-07,True,CONVERGED,float64,cuda:0
forward,0,304,9.062082950768614e-07,True,CONVERGED,float64,cuda:0
forward,1,290,9.10745902603295e-07,True,CONVERGED,float64,cuda:0
forward,2,298,9.977907684122528e-07,True,CONVERGED,float64,cuda:0
adjoint,0,295,9.60453227831504e-07,True,CONVERGED,float64,cuda:0
adjoint,1,310,8.862173962189734e-07,True,CONVERGED,float64,cuda:0
adjoint,2,307,9.854159848053745e-07,True,CONVERGED,float64,cuda:0
forward,0,304,9.004174165521496e-07,True,CONVERGED,float64,cuda:0
forward,1,288,9.75013988281865e-07,True,CONVERGED,float64,cuda:0
forward,2,298,9.98818992464541e-07,True,CONVERGED,float64,cuda:0
adjoint,0,295,9.60066635205758e-07,True,CONVERGED,float64,cuda:0
adjoint,1,310,9.051777289636672e-07,True,CONVERGED,float64,cuda:0
adjoint,2,307,9.81004251992074e-07,True,CONVERGED,float64,cuda:0
forward,0,303,9.967671935689694e-07,True,CONVERGED,float64,cuda:0
forward,1,287,9.792327240652772e-07,True,CONVERGED,float64,cuda:0
forward,2,299,8.812735950872221e-07,True,CONVERGED,float64,cuda:0
adjoint,0,295,9.590150403050756e-07,True,CONVERGED,float64,cuda:0
adjoint,1,310,9.246119335221108e-07,True,CONVERGED,float64,cuda:0
adjoint,2,307,9.7757006822588e-07,True,CONVERGED,float64,cuda:0
forward,0,303,9.9080034779501e-07,True,CONVERGED,float64,cuda:0
forward,1,285,9.611589591490762e-07,True,CONVERGED,float64,cuda:0
forward,2,299,8.847288218860885e-07,True,CONVERGED,float64,cuda:0
adjoint,0,295,9.574293052979388e-07,True,CONVERGED,float64,cuda:0
adjoint,1,310,9.430560811350198e-07,True,CONVERGED,float64,cuda:0
adjoint,2,307,9.751150991242043e-07,True,CONVERGED,float64,cuda:0
forward,0,303,9.845915021716366e-07,True,CONVERGED,float64,cuda:0
forward,1,281,9.923524664998377e-07,True,CONVERGED,float64,cuda:0
forward,2,299,8.923676162275276e-07,True,CONVERGED,float64,cuda:0
adjoint,0,295,9.555670659233418e-07,True,CONVERGED,float64,cuda:0
adjoint,1,310,9.58841080191567e-07,True,CONVERGED,float64,cuda:0
adjoint,2,307,9.73536610424301e-07,True,CONVERGED,float64,cuda:0
forward,0,303,9.781717594284625e-07,True,CONVERGED,float64,cuda:0
forward,1,278,9.87225541972945e-07,True,CONVERGED,float64,cuda:0
forward,2,299,9.023626238085915e-07,True,CONVERGED,float64,cuda:0
adjoint,0,295,9.543879657739725e-07,True,CONVERGED,float64,cuda:0
adjoint,1,310,9.696091492490718e-07,True,CONVERGED,float64,cuda:0
adjoint,2,307,9.726415125031679e-07,True,CONVERGED,float64,cuda:0
forward,0,303,9.715835845145553e-07,True,CONVERGED,float64,cuda:0
forward,1,277,9.973764720444088e-07,True,CONVERGED,float64,cuda:0
forward,2,299,9.12589084497048e-07,True,CONVERGED,float64,cuda:0
adjoint,0,295,9.55003582047046e-07,True,CONVERGED,float64,cuda:0
adjoint,1,310,9.737232999263568e-07,True,CONVERGED,float64,cuda:0
adjoint,2,307,9.721974299805921e-07,True,CONVERGED,float64,cuda:0
forward,0,303,9.648995512546213e-07,True,CONVERGED,float64,cuda:0
forward,1,277,9.642146817829812e-07,True,CONVERGED,float64,cuda:0
forward,2,299,9.217535195772238e-07,True,CONVERGED,float64,cuda:0
adjoint,0,295,9.574893604825183e-07,True,CONVERGED,float64,cuda:0
adjoint,1,310,9.900430981668578e-07,True,CONVERGED,float64,cuda:0
adjoint,2,307,9.719860303952513e-07,True,CONVERGED,float64,cuda:0
forward,0,303,9.582615531171986e-07,True,CONVERGED,float64,cuda:0
forward,1,276,9.961446517758398e-07,True,CONVERGED,float64,cuda:0
forward,2,299,9.297385556546178e-07,True,CONVERGED,float64,cuda:0
adjoint,0,295,9.606291107317995e-07,True,CONVERGED,float64,cuda:0
adjoint,1,310,9.965797733391964e-07,True,CONVERGED,float64,cuda:0
adjoint,2,307,9.718399084155106e-07,True,CONVERGED,float64,cuda:0
forward,0,303,9.520717275113387e-07,True,CONVERGED,float64,cuda:0
forward,1,277,9.588418163128979e-07,True,CONVERGED,float64,cuda:0
forward,2,299,9.368885144856968e-07,True,CONVERGED,float64,cuda:0
adjoint,0,295,9.616112552109655e-07,True,CONVERGED,float64,cuda:0
adjoint,1,311,9.792968418809742e-07,True,CONVERGED,float64,cuda:0
adjoint,2,307,9.716600690416078e-07,True,CONVERGED,float64,cuda:0
forward,0,303,9.486400563108503e-07,True,CONVERGED,float64,cuda:0
forward,1,277,9.84458437489694e-07,True,CONVERGED,float64,cuda:0
forward,2,299,9.43423259306697e-07,True,CONVERGED,float64,cuda:0
adjoint,0,295,9.603987915549532e-07,True,CONVERGED,float64,cuda:0
adjoint,1,311,9.974657402495778e-07,True,CONVERGED,float64,cuda:0
adjoint,2,307,9.714074113402875e-07,True,CONVERGED,float64,cuda:0
forward,0,302,9.870239353676925e-07,True,CONVERGED,float64,cuda:0
forward,1,278,9.275708898218208e-07,True,CONVERGED,float64,cuda:0
forward,2,299,9.493476096182243e-07,True,CONVERGED,float64,cuda:0
adjoint,0,295,9.588577782491352e-07,True,CONVERGED,float64,cuda:0
adjoint,1,312,9.125929761313855e-07,True,CONVERGED,float64,cuda:0
adjoint,2,307,9.71081515264413e-07,True,CONVERGED,float64,cuda:0
forward,0,302,9.80112666161069e-07,True,CONVERGED,float64,cuda:0
forward,1,278,9.750325435162621e-07,True,CONVERGED,float64,cuda:0
forward,2,299,9.545670192515133e-07,True,CONVERGED,float64,cuda:0
adjoint,0,295,9.566644576900644e-07,True,CONVERGED,float64,cuda:0
adjoint,1,312,9.219183034764404e-07,True,CONVERGED,float64,cuda:0
adjoint,2,307,9.706949208713028e-07,True,CONVERGED,float64,cuda:0
forward,0,302,9.729829881878697e-07,True,CONVERGED,float64,cuda:0
forward,1,279,9.565947404242482e-07,True,CONVERGED,float64,cuda:0
forward,2,299,9.58995754982493e-07,True,CONVERGED,float64,cuda:0
adjoint,0,295,9.526877112981992e-07,True,CONVERGED,float64,cuda:0
adjoint,1,312,9.299272900089018e-07,True,CONVERGED,float64,cuda:0
adjoint,2,307,9.70256408240295e-07,True,CONVERGED,float64,cuda:0
forward,0,302,9.655974250431498e-07,True,CONVERGED,float64,cuda:0
forward,1,280,9.59000841335016e-07,True,CONVERGED,float64,cuda:0
forward,2,299,9.626043081316487e-07,True,CONVERGED,float64,cuda:0
adjoint,0,295,9.424726835430617e-07,True,CONVERGED,float64,cuda:0
adjoint,1,312,9.369807828413783e-07,True,CONVERGED,float64,cuda:0
adjoint,2,307,9.697632909320573e-07,True,CONVERGED,float64,cuda:0
forward,0,302,9.582917702523447e-07,True,CONVERGED,float64,cuda:0
forward,1,281,9.678655213741741e-07,True,CONVERGED,float64,cuda:0
forward,2,299,9.654201301027371e-07,True,CONVERGED,float64,cuda:0
adjoint,0,295,9.38470641786504e-07,True,CONVERGED,float64,cuda:0
adjoint,1,312,9.432414590878977e-07,True,CONVERGED,float64,cuda:0
adjoint,2,307,9.692031821618192e-07,True,CONVERGED,float64,cuda:0
forward,0,302,9.512499770727386e-07,True,CONVERGED,float64,cuda:0
forward,1,282,9.737442208176373e-07,True,CONVERGED,float64,cuda:0
forward,2,299,9.675146296540857e-07,True,CONVERGED,float64,cuda:0
adjoint,0,295,9.672375416311557e-07,True,CONVERGED,float64,cuda:0
adjoint,1,312,9.487973057630476e-07,True,CONVERGED,float64,cuda:0
adjoint,2,307,9.685599499590639e-07,True,CONVERGED,float64,cuda:0
forward,0,302,9.446009828923019e-07,True,CONVERGED,float64,cuda:0
forward,1,283,9.738980290650482e-07,True,CONVERGED,float64,cuda:0
forward,2,299,9.689761890626083e-07,True,CONVERGED,float64,cuda:0
adjoint,0,295,9.47970314612562e-07,True,CONVERGED,float64,cuda:0
adjoint,1,312,9.537108270232592e-07,True,CONVERGED,float64,cuda:0
adjoint,2,307,9.678191683472517e-07,True,CONVERGED,float64,cuda:0
forward,0,301,9.968136348463236e-07,True,CONVERGED,float64,cuda:0
forward,1,285,9.319400362836248e-07,True,CONVERGED,float64,cuda:0
forward,2,299,9.698916011643646e-07,True,CONVERGED,float64,cuda:0
adjoint,0,295,9.321316319255037e-07,True,CONVERGED,float64,cuda:0
adjoint,1,312,9.580386175942349e-07,True,CONVERGED,float64,cuda:0
adjoint,2,307,9.669754037149539e-07,True,CONVERGED,float64,cuda:0
forward,0,301,9.91007185126952e-07,True,CONVERGED,float64,cuda:0
forward,1,286,9.661092263392684e-07,True,CONVERGED,float64,cuda:0
forward,2,299,9.703377596228728e-07,True,CONVERGED,float64,cuda:0
adjoint,0,295,9.237768597001711e-07,True,CONVERGED,float64,cuda:0
adjoint,1,312,9.618360613816403e-07,True,CONVERGED,float64,cuda:0
adjoint,2,307,9.660501988028423e-07,True,CONVERGED,float64,cuda:0
forward,0,301,9.855890651410951e-07,True,CONVERGED,float64,cuda:0
forward,1,287,9.72503034966197e-07,True,CONVERGED,float64,cuda:0
forward,2,299,9.703714302698465e-07,True,CONVERGED,float64,cuda:0
adjoint,0,295,9.193557532515031e-07,True,CONVERGED,float64,cuda:0
adjoint,1,312,9.651543224428182e-07,True,CONVERGED,float64,cuda:0
adjoint,2,307,9.65122030667981e-07,True,CONVERGED,float64,cuda:0
forward,0,301,9.805614102660098e-07,True,CONVERGED,float64,cuda:0
forward,1,288,9.696071014028226e-07,True,CONVERGED,float64,cuda:0
forward,2,299,9.700313258767588e-07,True,CONVERGED,float64,cuda:0
adjoint,0,295,9.175240465825892e-07,True,CONVERGED,float64,cuda:0
adjoint,1,312,9.68031478986039e-07,True,CONVERGED,float64,cuda:0
adjoint,2,307,9.643509613690191e-07,True,CONVERGED,float64,cuda:0
forward,0,301,9.758939097085713e-07,True,CONVERGED,float64,cuda:0
forward,1,293,9.75179127430693e-07,True,CONVERGED,float64,cuda:0
forward,2,299,9.693378758369986e-07,True,CONVERGED,float64,cuda:0
adjoint,0,295,9.183684501548687e-07,True,CONVERGED,float64,cuda:0
adjoint,1,312,9.704802740896456e-07,True,CONVERGED,float64,cuda:0
adjoint,2,307,9.638714041080033e-07,True,CONVERGED,float64,cuda:0
forward,0,301,9.715317765092745e-07,True,CONVERGED,float64,cuda:0
forward,1,294,9.739364190433816e-07,True,CONVERGED,float64,cuda:0
forward,2,299,9.68297327261411e-07,True,CONVERGED,float64,cuda:0
adjoint,0,295,9.168968911746146e-07,True,CONVERGED,float64,cuda:0
adjoint,1,312,9.724683622890813e-07,True,CONVERGED,float64,cuda:0
adjoint,2,307,9.635779652564227e-07,True,CONVERGED,float64,cuda:0
forward,0,301,9.674105115251187e-07,True,CONVERGED,float64,cuda:0
forward,1,295,9.886021590623008e-07,True,CONVERGED,float64,cuda:0
forward,2,299,9.669290991516917e-07,True,CONVERGED,float64,cuda:0
adjoint,0,295,9.144075147959178e-07,True,CONVERGED,float64,cuda:0
adjoint,1,312,9.73900476157545e-07,True,CONVERGED,float64,cuda:0
adjoint,2,307,9.631934937816053e-07,True,CONVERGED,float64,cuda:0
forward,0,301,9.63462512326023e-07,True,CONVERGED,float64,cuda:0
forward,1,296,9.536745952912245e-07,True,CONVERGED,float64,cuda:0
forward,2,299,9.653391963149677e-07,True,CONVERGED,float64,cuda:0
adjoint,0,295,9.116018249143289e-07,True,CONVERGED,float64,cuda:0
adjoint,1,312,9.745855425435322e-07,True,CONVERGED,float64,cuda:0
adjoint,2,307,9.625614642168384e-07,True,CONVERGED,float64,cuda:0
forward,0,301,9.596301392523822e-07,True,CONVERGED,float64,cuda:0
forward,1,296,9.722346946722278e-07,True,CONVERGED,float64,cuda:0
forward,2,299,9.63899600156625e-07,True,CONVERGED,float64,cuda:0
adjoint,0,295,9.079351037370558e-07,True,CONVERGED,float64,cuda:0
adjoint,1,312,9.742113061564945e-07,True,CONVERGED,float64,cuda:0
adjoint,2,307,9.617065462731995e-07,True,CONVERGED,float64,cuda:0
forward,0,300,9.95217704339847e-07,True,CONVERGED,float64,cuda:0
forward,1,296,9.88294217660855e-07,True,CONVERGED,float64,cuda:0
forward,2,299,9.633001015713275e-07,True,CONVERGED,float64,cuda:0
adjoint,0,295,9.037740524319413e-07,True,CONVERGED,float64,cuda:0
adjoint,1,312,9.723303845962433e-07,True,CONVERGED,float64,cuda:0
adjoint,2,307,9.607230872787346e-07,True,CONVERGED,float64,cuda:0
forward,0,300,9.887731062270256e-07,True,CONVERGED,float64,cuda:0
forward,1,297,8.530513408397413e-07,True,CONVERGED,float64,cuda:0
forward,2,299,9.63959006186194e-07,True,CONVERGED,float64,cuda:0
adjoint,0,295,8.97238154738602e-07,True,CONVERGED,float64,cuda:0
adjoint,1,312,9.684207747764491e-07,True,CONVERGED,float64,cuda:0
adjoint,2,307,9.597054797185209e-07,True,CONVERGED,float64,cuda:0
forward,0,300,9.823417554848534e-07,True,CONVERGED,float64,cuda:0
forward,1,297,8.623388745692235e-07,True,CONVERGED,float64,cuda:0
forward,2,299,9.655127031336488e-07,True,CONVERGED,float64,cuda:0
adjoint,0,295,8.926527018992873e-07,True,CONVERGED,float64,cuda:0
adjoint,1,312,9.620973933261609e-07,True,CONVERGED,float64,cuda:0
adjoint,2,307,9.587314161293935e-07,True,CONVERGED,float64,cuda:0
forward,0,300,9.759302495821553e-07,True,CONVERGED,float64,cuda:0
forward,1,297,8.709189531701337e-07,True,CONVERGED,float64,cuda:0
forward,2,299,9.672885137356233e-07,True,CONVERGED,float64,cuda:0
adjoint,0,295,8.929194602056328e-07,True,CONVERGED,float64,cuda:0
adjoint,1,312,9.535318793427559e-07,True,CONVERGED,float64,cuda:0
adjoint,2,307,9.578655526589274e-07,True,CONVERGED,float64,cuda:0
forward,0,300,9.69545464578879e-07,True,CONVERGED,float64,cuda:0
forward,1,297,8.789933440841861e-07,True,CONVERGED,float64,cuda:0
forward,2,299,9.68906496043554e-07,True,CONVERGED,float64,cuda:0
adjoint,0,295,8.974663930907175e-07,True,CONVERGED,float64,cuda:0
adjoint,1,312,9.458633334076044e-07,True,CONVERGED,float64,cuda:0
adjoint,2,307,9.571616364580823e-07,True,CONVERGED,float64,cuda:0
forward,0,300,9.631972635608382e-07,True,CONVERGED,float64,cuda:0
forward,1,297,8.867420012554707e-07,True,CONVERGED,float64,cuda:0
forward,2,299,9.703548432221419e-07,True,CONVERGED,float64,cuda:0
adjoint,0,295,8.944826238560871e-07,True,CONVERGED,float64,cuda:0
adjoint,1,312,9.477607557800269e-07,True,CONVERGED,float64,cuda:0
adjoint,2,307,9.566603913272892e-07,True,CONVERGED,float64,cuda:0
forward,0,300,9.569062600751843e-07,True,CONVERGED,float64,cuda:0
forward,1,297,8.943346097350967e-07,True,CONVERGED,float64,cuda:0
forward,2,299,9.717424790540263e-07,True,CONVERGED,float64,cuda:0
adjoint,0,295,8.82254823588267e-07,True,CONVERGED,float64,cuda:0
adjoint,1,312,9.411649555602368e-07,True,CONVERGED,float64,cuda:0
adjoint,2,307,9.563816243270088e-07,True,CONVERGED,float64,cuda:0
forward,0,300,9.507051176519301e-07,True,CONVERGED,float64,cuda:0
forward,1,297,9.019364716711313e-07,True,CONVERGED,float64,cuda:0
forward,2,299,9.731544604374134e-07,True,CONVERGED,float64,cuda:0
adjoint,0,295,8.707790503784655e-07,True,CONVERGED,float64,cuda:0
adjoint,1,312,9.420570197392276e-07,True,CONVERGED,float64,cuda:0
adjoint,2,307,9.563122608439706e-07,True,CONVERGED,float64,cuda:0
forward,0,299,9.995941670271921e-07,True,CONVERGED,float64,cuda:0
forward,1,297,9.097038997071732e-07,True,CONVERGED,float64,cuda:0
forward,2,299,9.746177866161757e-07,True,CONVERGED,float64,cuda:0
adjoint,0,295,8.656079554968481e-07,True,CONVERGED,float64,cuda:0
adjoint,1,312,9.452056493813423e-07,True,CONVERGED,float64,cuda:0
adjoint,2,307,9.564011565842855e-07,True,CONVERGED,float64,cuda:0
forward,0,299,9.928388067471618e-07,True,CONVERGED,float64,cuda:0
forward,1,297,9.177677216383982e-07,True,CONVERGED,float64,cuda:0
forward,2,299,9.76097024995907e-07,True,CONVERGED,float64,cuda:0
adjoint,0,294,9.987564760761067e-07,True,CONVERGED,float64,cuda:0
adjoint,1,312,9.479049902478092e-07,True,CONVERGED,float64,cuda:0
adjoint,2,307,9.565573474880854e-07,True,CONVERGED,float64,cuda:0
forward,0,299,9.861919946736624e-07,True,CONVERGED,float64,cuda:0
forward,1,297,9.262120724385277e-07,True,CONVERGED,float64,cuda:0
forward,2,299,9.775169391279787e-07,True,CONVERGED,float64,cuda:0
adjoint,0,294,9.95274417938576e-07,True,CONVERGED,float64,cuda:0
adjoint,1,312,9.488395428877262e-07,True,CONVERGED,float64,cuda:0
adjoint,2,307,9.56664500520494e-07,True,CONVERGED,float64,cuda:0
forward,0,299,9.797372204600967e-07,True,CONVERGED,float64,cuda:0
forward,1,297,9.350441871546327e-07,True,CONVERGED,float64,cuda:0
forward,2,299,9.787926653346693e-07,True,CONVERGED,float64,cuda:0
adjoint,0,294,9.932396014975036e-07,True,CONVERGED,float64,cuda:0
adjoint,1,312,9.478365376884672e-07,True,CONVERGED,float64,cuda:0
adjoint,2,307,9.56595168089943e-07,True,CONVERGED,float64,cuda:0
forward,0,299,9.735496180474034e-07,True,CONVERGED,float64,cuda:0
forward,1,297,9.441882666854344e-07,True,CONVERGED,float64,cuda:0
forward,2,299,9.798577279078882e-07,True,CONVERGED,float64,cuda:0
adjoint,0,294,9.929071310249938e-07,True,CONVERGED,float64,cuda:0
adjoint,1,312,9.452701501222047e-07,True,CONVERGED,float64,cuda:0
adjoint,2,307,9.562309711927056e-07,True,CONVERGED,float64,cuda:0
forward,0,299,9.676884489729799e-07,True,CONVERGED,float64,cuda:0
forward,1,297,9.534984102222119e-07,True,CONVERGED,float64,cuda:0
forward,2,299,9.806551284059453e-07,True,CONVERGED,float64,cuda:0
adjoint,0,294,9.984127468879858e-07,True,CONVERGED,float64,cuda:0
adjoint,1,312,9.41627800842003e-07,True,CONVERGED,float64,cuda:0
adjoint,2,307,9.554764852015554e-07,True,CONVERGED,float64,cuda:0
forward,0,299,9.621963724791736e-07,True,CONVERGED,float64,cuda:0
forward,1,297,9.628002895504679e-07,True,CONVERGED,float64,cuda:0
forward,2,299,9.811283740607607e-07,True,CONVERGED,float64,cuda:0
adjoint,0,295,8.670019034307306e-07,True,CONVERGED,float64,cuda:0
adjoint,1,312,9.373267425883197e-07,True,CONVERGED,float64,cuda:0
adjoint,2,307,9.542688165786521e-07,True,CONVERGED,float64,cuda:0
forward,0,299,9.570978520799279e-07,True,CONVERGED,float64,cuda:0
forward,1,297,9.71929628221058e-07,True,CONVERGED,float64,cuda:0
forward,2,299,9.812223857335655e-07,True,CONVERGED,float64,cuda:0
adjoint,0,294,9.994801241125078e-07,True,CONVERGED,float64,cuda:0
adjoint,1,312,9.3267248715395e-07,True,CONVERGED,float64,cuda:0
adjoint,2,307,9.525801881470573e-07,True,CONVERGED,float64,cuda:0
forward,0,299,9.524010355158631e-07,True,CONVERGED,float64,cuda:0
forward,1,297,9.807729729753985e-07,True,CONVERGED,float64,cuda:0
forward,2,299,9.809062856867852e-07,True,CONVERGED,float64,cuda:0
adjoint,0,294,9.970587184621426e-07,True,CONVERGED,float64,cuda:0
adjoint,1,312,9.278734082922375e-07,True,CONVERGED,float64,cuda:0
adjoint,2,307,9.504193349818904e-07,True,CONVERGED,float64,cuda:0
forward,0,298,9.955498152612362e-07,True,CONVERGED,float64,cuda:0
forward,1,297,9.892763327730329e-07,True,CONVERGED,float64,cuda:0
forward,2,299,9.801923771208876e-07,True,CONVERGED,float64,cuda:0
adjoint,0,295,8.643283327294743e-07,True,CONVERGED,float64,cuda:0
adjoint,1,312,9.230628671772927e-07,True,CONVERGED,float64,cuda:0
adjoint,2,307,9.478254078405239e-07,True,CONVERGED,float64,cuda:0
forward,0,298,9.906095003737063e-07,True,CONVERGED,float64,cuda:0
forward,1,297,9.974523648623524e-07,True,CONVERGED,float64,cuda:0
forward,2,299,9.7914467273088e-07,True,CONVERGED,float64,cuda:0
adjoint,0,294,9.983279983503629e-07,True,CONVERGED,float64,cuda:0
adjoint,1,312,9.183193621941021e-07,True,CONVERGED,float64,cuda:0
adjoint,2,307,9.448678501713499e-07,True,CONVERGED,float64,cuda:0
forward,0,298,9.859260264893904e-07,True,CONVERGED,float64,cuda:0
forward,1,298,8.617052402942254e-07,True,CONVERGED,float64,cuda:0
forward,2,299,9.77870882101122e-07,True,CONVERGED,float64,cuda:0
adjoint,0,294,9.920616728509347e-07,True,CONVERGED,float64,cuda:0
adjoint,1,312,9.13681041632089e-07,True,CONVERGED,float64,cuda:0
adjoint,2,307,9.416397397309319e-07,True,CONVERGED,float64,cuda:0
forward,0,298,9.814770188286546e-07,True,CONVERGED,float64,cuda:0
forward,1,298,8.665636164376453e-07,True,CONVERGED,float64,cuda:0
forward,2,299,9.76507674167778e-07,True,CONVERGED,float64,cuda:0
adjoint,0,294,9.885166100528386e-07,True,CONVERGED,float64,cuda:0
adjoint,1,311,9.98733666942184e-07,True,CONVERGED,float64,cuda:0
adjoint,2,307,9.382557340500333e-07,True,CONVERGED,float64,cuda:0
forward,0,298,9.772411662667256e-07,True,CONVERGED,float64,cuda:0
forward,1,298,8.714559653260271e-07,True,CONVERGED,float64,cuda:0
forward,2,299,9.75204762000188e-07,True,CONVERGED,float64,cuda:0
adjoint,0,294,9.879428514152314e-07,True,CONVERGED,float64,cuda:0
adjoint,1,311,9.922250365407316e-07,True,CONVERGED,float64,cuda:0
adjoint,2,307,9.34848300572139e-07,True,CONVERGED,float64,cuda:0
forward,0,298,9.731994585258813e-07,True,CONVERGED,float64,cuda:0
forward,1,298,8.764636407173596e-07,True,CONVERGED,float64,cuda:0
forward,2,299,9.74106720234668e-07,True,CONVERGED,float64,cuda:0
adjoint,0,294,9.888533475123216e-07,True,CONVERGED,float64,cuda:0
adjoint,1,311,9.858520256866999e-07,True,CONVERGED,float64,cuda:0
adjoint,2,307,9.315615117416371e-07,True,CONVERGED,float64,cuda:0
forward,0,298,9.693332437852264e-07,True,CONVERGED,float64,cuda:0
forward,1,298,8.816546985855224e-07,True,CONVERGED,float64,cuda:0
forward,2,299,9.733380425705601e-07,True,CONVERGED,float64,cuda:0
adjoint,0,294,9.899791458339233e-07,True,CONVERGED,float64,cuda:0
adjoint,1,311,9.796477535770143e-07,True,CONVERGED,float64,cuda:0
adjoint,2,307,9.28546128560322e-07,True,CONVERGED,float64,cuda:0
forward,0,298,9.656283873497097e-07,True,CONVERGED,float64,cuda:0
forward,1,298,8.870820148356105e-07,True,CONVERGED,float64,cuda:0
forward,2,299,9.72993400771509e-07,True,CONVERGED,float64,cuda:0
adjoint,0,294,9.90606834551201e-07,True,CONVERGED,float64,cuda:0
adjoint,1,311,9.73632778324911e-07,True,CONVERGED,float64,cuda:0
adjoint,2,307,9.25948454320924e-07,True,CONVERGED,float64,cuda:0
forward,0,298,9.620693211151993e-07,True,CONVERGED,float64,cuda:0
forward,1,298,8.927771277128573e-07,True,CONVERGED,float64,cuda:0
forward,2,299,9.73121016473778e-07,True,CONVERGED,float64,cuda:0
adjoint,0,294,9.904615555037765e-07,True,CONVERGED,float64,cuda:0
adjoint,1,311,9.678108493576818e-07,True,CONVERGED,float64,cuda:0
adjoint,2,307,9.238964052026065e-07,True,CONVERGED,float64,cuda:0
forward,0,298,9.586422537050549e-07,True,CONVERGED,float64,cuda:0
forward,1,298,8.987592465500409e-07,True,CONVERGED,float64,cuda:0
forward,2,299,9.737147642420764e-07,True,CONVERGED,float64,cuda:0
adjoint,0,294,9.89541442356717e-07,True,CONVERGED,float64,cuda:0
adjoint,1,311,9.62172280358259e-07,True,CONVERGED,float64,cuda:0
adjoint,2,307,9.224825838446828e-07,True,CONVERGED,float64,cuda:0
forward,0,298,9.553323760318312e-07,True,CONVERGED,float64,cuda:0
forward,1,298,9.050329804203452e-07,True,CONVERGED,float64,cuda:0
forward,2,299,9.74712038485657e-07,True,CONVERGED,float64,cuda:0
adjoint,0,294,9.87992046169105e-07,True,CONVERGED,float64,cuda:0
adjoint,1,311,9.56698029028447e-07,True,CONVERGED,float64,cuda:0
adjoint,2,307,9.217460706012811e-07,True,CONVERGED,float64,cuda:0
forward,0,298,9.521241743399132e-07,True,CONVERGED,float64,cuda:0
forward,1,298,9.115907538872894e-07,True,CONVERGED,float64,cuda:0
forward,2,299,9.760054525766532e-07,True,CONVERGED,float64,cuda:0
adjoint,0,294,9.860273689233726e-07,True,CONVERGED,float64,cuda:0
adjoint,1,310,9.99098865067515e-07,True,CONVERGED,float64,cuda:0
adjoint,2,307,9.21657143498812e-07,True,CONVERGED,float64,cuda:0
forward,0,298,9.490002843664796e-07,True,CONVERGED,float64,cuda:0
forward,1,298,9.184117736877594e-07,True,CONVERGED,float64,cuda:0
forward,2,299,9.774654381981345e-07,True,CONVERGED,float64,cuda:0
adjoint,0,294,9.838867834061775e-07,True,CONVERGED,float64,cuda:0
adjoint,1,310,9.955502503573924e-07,True,CONVERGED,float64,cuda:0
adjoint,2,307,9.221153364273858e-07,True,CONVERGED,float64,cuda:0
forward,0,298,9.459410372178625e-07,True,CONVERGED,float64,cuda:0
forward,1,298,9.254545388479732e-07,True,CONVERGED,float64,cuda:0
forward,2,299,9.789629595756369e-07,True,CONVERGED,float64,cuda:0
adjoint,0,294,9.817908868472632e-07,True,CONVERGED,float64,cuda:0
adjoint,1,310,9.920303965355878e-07,True,CONVERGED,float64,cuda:0
adjoint,2,307,9.229610998660752e-07,True,CONVERGED,float64,cuda:0
forward,0,298,9.429273090911508e-07,True,CONVERGED,float64,cuda:0
forward,1,298,9.326557378016677e-07,True,CONVERGED,float64,cuda:0
forward,2,299,9.803913015669743e-07,True,CONVERGED,float64,cuda:0
adjoint,0,294,9.799154548170479e-07,True,CONVERGED,float64,cuda:0
adjoint,1,310,9.88485202099888e-07,True,CONVERGED,float64,cuda:0
adjoint,2,307,9.240115299956209e-07,True,CONVERGED,float64,cuda:0
forward,0,298,9.399395386682377e-07,True,CONVERGED,float64,cuda:0
forward,1,298,9.399184149670462e-07,True,CONVERGED,float64,cuda:0
forward,2,299,9.81667655502678e-07,True,CONVERGED,float64,cuda:0
adjoint,0,294,9.783583563923365e-07,True,CONVERGED,float64,cuda:0
adjoint,1,310,9.847609342123101e-07,True,CONVERGED,float64,cuda:0
adjoint,2,307,9.251004191236873e-07,True,CONVERGED,float64,cuda:0
forward,0,298,9.36957968266838e-07,True,CONVERGED,float64,cuda:0
forward,1,298,9.471107991007462e-07,True,CONVERGED,float64,cuda:0
forward,2,299,9.82734474754612e-07,True,CONVERGED,float64,cuda:0
adjoint,0,294,9.771397237805912e-07,True,CONVERGED,float64,cuda:0
adjoint,1,310,9.795739038859859e-07,True,CONVERGED,float64,cuda:0
adjoint,2,307,9.26121692795141e-07,True,CONVERGED,float64,cuda:0
forward,0,298,9.339666955149539e-07,True,CONVERGED,float64,cuda:0
forward,1,298,9.540707852560768e-07,True,CONVERGED,float64,cuda:0
forward,2,299,9.83551239618784e-07,True,CONVERGED,float64,cuda:0
adjoint,0,294,9.76211928389355e-07,True,CONVERGED,float64,cuda:0
adjoint,1,310,9.82377535077391e-07,True,CONVERGED,float64,cuda:0
adjoint,2,307,9.27054753277109e-07,True,CONVERGED,float64,cuda:0
forward,0,298,9.309514497433118e-07,True,CONVERGED,float64,cuda:0
forward,1,298,9.606189818870604e-07,True,CONVERGED,float64,cuda:0
forward,2,299,9.840900036751019e-07,True,CONVERGED,float64,cuda:0
adjoint,0,294,9.75483049633355e-07,True,CONVERGED,float64,cuda:0
adjoint,1,310,9.742231510957858e-07,True,CONVERGED,float64,cuda:0
adjoint,2,307,9.279739883306824e-07,True,CONVERGED,float64,cuda:0
forward,0,298,9.279044644987701e-07,True,CONVERGED,float64,cuda:0
forward,1,298,9.66587597574804e-07,True,CONVERGED,float64,cuda:0
forward,2,299,9.843333969597246e-07,True,CONVERGED,float64,cuda:0
adjoint,0,294,9.74841854037129e-07,True,CONVERGED,float64,cuda:0
adjoint,1,310,9.733932816667e-07,True,CONVERGED,float64,cuda:0
adjoint,2,307,9.290634555565172e-07,True,CONVERGED,float64,cuda:0
forward,0,298,9.248219041108541e-07,True,CONVERGED,float64,cuda:0
forward,1,298,9.718466574371955e-07,True,CONVERGED,float64,cuda:0
forward,2,299,9.84271571533203e-07,True,CONVERGED,float64,cuda:0
adjoint,0,294,9.74187339145313e-07,True,CONVERGED,float64,cuda:0
adjoint,1,310,9.708277664333277e-07,True,CONVERGED,float64,cuda:0
adjoint,2,307,9.306683050247185e-07,True,CONVERGED,float64,cuda:0
forward,0,297,9.99414268929502e-07,True,CONVERGED,float64,cuda:0
forward,1,298,9.763285558387191e-07,True,CONVERGED,float64,cuda:0
forward,2,299,9.839045963501884e-07,True,CONVERGED,float64,cuda:0
adjoint,0,294,9.72781780758459e-07,True,CONVERGED,float64,cuda:0
adjoint,1,310,9.674179220052777e-07,True,CONVERGED,float64,cuda:0
adjoint,2,307,9.334717263295388e-07,True,CONVERGED,float64,cuda:0
forward,0,297,9.954702664239664e-07,True,CONVERGED,float64,cuda:0
forward,1,298,9.800356166212542e-07,True,CONVERGED,float64,cuda:0
forward,2,299,9.832407597076294e-07,True,CONVERGED,float64,cuda:0
adjoint,0,294,9.719826347268691e-07,True,CONVERGED,float64,cuda:0
adjoint,1,310,9.632447959260773e-07,True,CONVERGED,float64,cuda:0
adjoint,2,307,9.388660524688105e-07,True,CONVERGED,float64,cuda:0
forward,0,297,9.915293745191956e-07,True,CONVERGED,float64,cuda:0
forward,1,298,9.830373221626162e-07,True,CONVERGED,float64,cuda:0
forward,2,299,9.823009673520725e-07,True,CONVERGED,float64,cuda:0
adjoint,0,294,9.710918929200452e-07,True,CONVERGED,float64,cuda:0
adjoint,1,310,9.58394873944319e-07,True,CONVERGED,float64,cuda:0
adjoint,2,307,9.472002855148665e-07,True,CONVERGED,float64,cuda:0
forward,0,297,9.876092031430805e-07,True,CONVERGED,float64,cuda:0
forward,1,298,9.854529468450449e-07,True,CONVERGED,float64,cuda:0
forward,2,299,9.811193722165058e-07,True,CONVERGED,float64,cuda:0
adjoint,0,294,9.701513969692034e-07,True,CONVERGED,float64,cuda:0
adjoint,1,310,9.53016598072438e-07,True,CONVERGED,float64,cuda:0
adjoint,2,306,9.869451789972631e-07,True,CONVERGED,float64,cuda:0
forward,0,297,9.837262299120215e-07,True,CONVERGED,float64,cuda:0
forward,1,298,9.87427135763643e-07,True,CONVERGED,float64,cuda:0
forward,2,299,9.797394274945642e-07,True,CONVERGED,float64,cuda:0
adjoint,0,294,9.69199686326427e-07,True,CONVERGED,float64,cuda:0
adjoint,1,310,9.472858097659824e-07,True,CONVERGED,float64,cuda:0
adjoint,2,307,9.371931695780199e-07,True,CONVERGED,float64,cuda:0
forward,0,297,9.79897992219254e-07,True,CONVERGED,float64,cuda:0
forward,1,298,9.891132405107983e-07,True,CONVERGED,float64,cuda:0
forward,2,299,9.782050567095122e-07,True,CONVERGED,float64,cuda:0
adjoint,0,294,9.682643398707537e-07,True,CONVERGED,float64,cuda:0
adjoint,1,310,9.413753725012668e-07,True,CONVERGED,float64,cuda:0
adjoint,2,307,9.429553275066623e-07,True,CONVERGED,float64,cuda:0
forward,0,297,9.76141326534518e-07,True,CONVERGED,float64,cuda:0
forward,1,298,9.906546054723052e-07,True,CONVERGED,float64,cuda:0
forward,2,299,9.765356885591226e-07,True,CONVERGED,float64,cuda:0
adjoint,0,294,9.673574336324061e-07,True,CONVERGED,float64,cuda:0
adjoint,1,310,9.354292332526153e-07,True,CONVERGED,float64,cuda:0
adjoint,2,306,9.933935577570689e-07,True,CONVERGED,float64,cuda:0
forward,0,297,9.724711517977162e-07,True,CONVERGED,float64,cuda:0
forward,1,298,9.921695687481337e-07,True,CONVERGED,float64,cuda:0
forward,2,299,9.747120373639327e-07,True,CONVERGED,float64,cuda:0
adjoint,0,294,9.664804265192703e-07,True,CONVERGED,float64,cuda:0
adjoint,1,309,9.976041620200552e-07,True,CONVERGED,float64,cuda:0
adjoint,2,306,9.84622757099804e-07,True,CONVERGED,float64,cuda:0
forward,0,297,9.689002692086202e-07,True,CONVERGED,float64,cuda:0
forward,1,298,9.937449325284707e-07,True,CONVERGED,float64,cuda:0
forward,2,299,9.726893901001297e-07,True,CONVERGED,float64,cuda:0
adjoint,0,294,9.656292273806428e-07,True,CONVERGED,float64,cuda:0
adjoint,1,309,9.92773515381739e-07,True,CONVERGED,float64,cuda:0
adjoint,2,306,9.788116500649193e-07,True,CONVERGED,float64,cuda:0
forward,0,297,9.654405200127251e-07,True,CONVERGED,float64,cuda:0
forward,1,298,9.954296952490885e-07,True,CONVERGED,float64,cuda:0
forward,2,299,9.70433975196967e-07,True,CONVERGED,float64,cuda:0
adjoint,0,294,9.64797923363947e-07,True,CONVERGED,float64,cuda:0
adjoint,1,309,9.88087974731603e-07,True,CONVERGED,float64,cuda:0
adjoint,2,306,9.744160594682668e-07,True,CONVERGED,float64,cuda:0
forward,0,297,9.621008558291124e-07,True,CONVERGED,float64,cuda:0
forward,1,298,9.97236113334694e-07,True,CONVERGED,float64,cuda:0
forward,2,299,9.679411382333987e-07,True,CONVERGED,float64,cuda:0
adjoint,0,294,9.639805314780425e-07,True,CONVERGED,float64,cuda:0
adjoint,1,309,9.835889415692394e-07,True,CONVERGED,float64,cuda:0
adjoint,2,306,9.707442168614818e-07,True,CONVERGED,float64,cuda:0
forward,0,297,9.588896616754716e-07,True,CONVERGED,float64,cuda:0
forward,1,298,9.99149220590737e-07,True,CONVERGED,float64,cuda:0
forward,2,299,9.65227012771268e-07,True,CONVERGED,float64,cuda:0
adjoint,0,294,9.631714775533854e-07,True,CONVERGED,float64,cuda:0
adjoint,1,309,9.793042033553157e-07,True,CONVERGED,float64,cuda:0
adjoint,2,306,9.674799367350883e-07,True,CONVERGED,float64,cuda:0
forward,0,297,9.55813515953507e-07,True,CONVERGED,float64,cuda:0
forward,1,299,8.504844081904354e-07,True,CONVERGED,float64,cuda:0
forward,2,299,9.623152745755883e-07,True,CONVERGED,float64,cuda:0
adjoint,0,294,9.62366054567424e-07,True,CONVERGED,float64,cuda:0
adjoint,1,309,9.752497618147915e-07,True,CONVERGED,float64,cuda:0
adjoint,2,306,9.64467806867035e-07,True,CONVERGED,float64,cuda:0
forward,0,297,9.528777514772713e-07,True,CONVERGED,float64,cuda:0
forward,1,299,8.5175610988734e-07,True,CONVERGED,float64,cuda:0
forward,2,299,9.592313305869362e-07,True,CONVERGED,float64,cuda:0
adjoint,0,294,9.615581158064067e-07,True,CONVERGED,float64,cuda:0
adjoint,1,309,9.714329701155962e-07,True,CONVERGED,float64,cuda:0
adjoint,2,306,9.616288524541743e-07,True,CONVERGED,float64,cuda:0
forward,0,297,9.500861087636019e-07,True,CONVERGED,float64,cuda:0
forward,1,299,8.530757794870759e-07,True,CONVERGED,float64,cuda:0
forward,2,299,9.560030202452918e-07,True,CONVERGED,float64,cuda:0
adjoint,0,294,9.607412776353809e-07,True,CONVERGED,float64,cuda:0
adjoint,1,309,9.678538737137857e-07,True,CONVERGED,float64,cuda:0
adjoint,2,306,9.5892074886553e-07,True,CONVERGED,float64,cuda:0
forward,0,297,9.474427358031427e-07,True,CONVERGED,float64,cuda:0
forward,1,299,8.544128093253745e-07,True,CONVERGED,float64,cuda:0
forward,2,299,9.526633884739281e-07,True,CONVERGED,float64,cuda:0
adjoint,0,294,9.59908510047832e-07,True,CONVERGED,float64,cuda:0
adjoint,1,309,9.64508161098609e-07,True,CONVERGED,float64,cuda:0
adjoint,2,306,9.56323313559068e-07,True,CONVERGED,float64,cuda:0
forward,0,297,9.44948855495022e-07,True,CONVERGED,float64,cuda:0
forward,1,299,8.557454239402197e-07,True,CONVERGED,float64,cuda:0
forward,2,299,9.49244305903317e-07,True,CONVERGED,float64,cuda:0
adjoint,0,294,9.590518226811005e-07,True,CONVERGED,float64,cuda:0
adjoint,1,309,9.61386293885202e-07,True,CONVERGED,float64,cuda:0
adjoint,2,306,9.538254746508116e-07,True,CONVERGED,float64,cuda:0
forward,0,297,9.426063678134206e-07,True,CONVERGED,float64,cuda:0
forward,1,299,8.570619447212292e-07,True,CONVERGED,float64,cuda:0
forward,2,299,9.457775557568837e-07,True,CONVERGED,float64,cuda:0
adjoint,0,294,9.58166173869508e-07,True,CONVERGED,float64,cuda:0
adjoint,1,309,9.584746363571192e-07,True,CONVERGED,float64,cuda:0
adjoint,2,306,9.514216335014991e-07,True,CONVERGED,float64,cuda:0
forward,0,297,9.404153885973853e-07,True,CONVERGED,float64,cuda:0
forward,1,299,8.583594967245804e-07,True,CONVERGED,float64,cuda:0
forward,2,299,9.422919745459038e-07,True,CONVERGED,float64,cuda:0
adjoint,0,294,9.5724794290033e-07,True,CONVERGED,float64,cuda:0
adjoint,1,309,9.557580989864947e-07,True,CONVERGED,float64,cuda:0
adjoint,2,306,9.491075349532437e-07,True,CONVERGED,float64,cuda:0
forward,0,297,9.383745443901859e-07,True,CONVERGED,float64,cuda:0
forward,1,299,8.59641870622777e-07,True,CONVERGED,float64,cuda:0
forward,2,299,9.388116131462173e-07,True,CONVERGED,float64,cuda:0
adjoint,0,294,9.562982616865236e-07,True,CONVERGED,float64,cuda:0
adjoint,1,309,9.532192999312461e-07,True,CONVERGED,float64,cuda:0
adjoint,2,306,9.468772868861694e-07,True,CONVERGED,float64,cuda:0
forward,0,297,9.364819844838833e-07,True,CONVERGED,float64,cuda:0
forward,1,299,8.60917381206267e-07,True,CONVERGED,float64,cuda:0
forward,2,299,9.353589418655806e-07,True,CONVERGED,float64,cuda:0
adjoint,0,294,9.553258401892106e-07,True,CONVERGED,float64,cuda:0
adjoint,1,309,9.508404780399135e-07,True,CONVERGED,float64,cuda:0
adjoint,2,306,9.447228507906948e-07,True,CONVERGED,float64,cuda:0
forward,0,297,9.347342105877919e-07,True,CONVERGED,float64,cuda:0
forward,1,299,8.62195112329566e-07,True,CONVERGED,float64,cuda:0
forward,2,299,9.319527930955911e-07,True,CONVERGED,float64,cuda:0
adjoint,0,294,9.543479062608248e-07,True,CONVERGED,float64,cuda:0
adjoint,1,309,9.486042230940776e-07,True,CONVERGED,float64,cuda:0
adjoint,2,306,9.426324378717674e-07,True,CONVERGED,float64,cuda:0
forward,0,297,9.331268738112625e-07,True,CONVERGED,float64,cuda:0
forward,1,299,8.634852354767973e-07,True,CONVERGED,float64,cuda:0
forward,2,299,9.28610123166566e-07,True,CONVERGED,float64,cuda:0
adjoint,0,294,9.533942787751522e-07,True,CONVERGED,float64,cuda:0
adjoint,1,309,9.464943012106284e-07,True,CONVERGED,float64,cuda:0
adjoint,2,306,9.405900539315754e-07,True,CONVERGED,float64,cuda:0
forward,0,297,9.316532934477666e-07,True,CONVERGED,float64,cuda:0
forward,1,299,8.64794168416831e-07,True,CONVERGED,float64,cuda:0
forward,2,298,9.973750530360053e-07,True,CONVERGED,float64,cuda:0
adjoint,0,294,9.52505737071931e-07,True,CONVERGED,float64,cuda:0
adjoint,1,309,9.444939113666248e-07,True,CONVERGED,float64,cuda:0
adjoint,2,306,9.385711589217118e-07,True,CONVERGED,float64,cuda:0
forward,0,297,9.30307284303106e-07,True,CONVERGED,float64,cuda:0
forward,1,299,8.661278937039821e-07,True,CONVERGED,float64,cuda:0
forward,2,298,9.9332391948943e-07,True,CONVERGED,float64,cuda:0
adjoint,0,294,9.517379655653525e-07,True,CONVERGED,float64,cuda:0
adjoint,1,309,9.425894626875646e-07,True,CONVERGED,float64,cuda:0
adjoint,2,306,9.365375514155476e-07,True,CONVERGED,float64,cuda:0
forward,0,297,9.290794952458437e-07,True,CONVERGED,float64,cuda:0
forward,1,299,8.674876876846169e-07,True,CONVERGED,float64,cuda:0
forward,2,298,9.89287251594265e-07,True,CONVERGED,float64,cuda:0
adjoint,0,294,9.511538704642347e-07,True,CONVERGED,float64,cuda:0
adjoint,1,309,9.407661499096805e-07,True,CONVERGED,float64,cuda:0
adjoint,2,306,9.344161100023149e-07,True,CONVERGED,float64,cuda:0
forward,0,297,9.27961288798124e-07,True,CONVERGED,float64,cuda:0
forward,1,299,8.688743417510453e-07,True,CONVERGED,float64,cuda:0
forward,2,298,9.852743544790853e-07,True,CONVERGED,float64,cuda:0
adjoint,0,294,9.508180805220394e-07,True,CONVERGED,float64,cuda:0
adjoint,1,309,9.390118583198854e-07,True,CONVERGED,float64,cuda:0
adjoint,2,306,9.320588557790509e-07,True,CONVERGED,float64,cuda:0
forward,0,297,9.269417362036617e-07,True,CONVERGED,float64,cuda:0
forward,1,299,8.702851359096668e-07,True,CONVERGED,float64,cuda:0
forward,2,298,9.812913971636576e-07,True,CONVERGED,float64,cuda:0
adjoint,0,294,9.507849683609543e-07,True,CONVERGED,float64,cuda:0
adjoint,1,309,9.373130476333397e-07,True,CONVERGED,float64,cuda:0
adjoint,2,306,9.291470580543452e-07,True,CONVERGED,float64,cuda:0
forward,0,297,9.26009111412419e-07,True,CONVERGED,float64,cuda:0
forward,1,299,8.717159327168736e-07,True,CONVERGED,float64,cuda:0
forward,2,298,9.773422379869081e-07,True,CONVERGED,float64,cuda:0
adjoint,0,294,9.510864509547539e-07,True,CONVERGED,float64,cuda:0
adjoint,1,309,9.356560205730884e-07,True,CONVERGED,float64,cuda:0
adjoint,2,306,9.250348369647125e-07,True,CONVERGED,float64,cuda:0
forward,0,297,9.251515682252498e-07,True,CONVERGED,float64,cuda:0
forward,1,299,8.73162764571399e-07,True,CONVERGED,float64,cuda:0
forward,2,298,9.734300281363104e-07,True,CONVERGED,float64,cuda:0
adjoint,0,294,9.517210704222395e-07,True,CONVERGED,float64,cuda:0
adjoint,1,309,9.34029944592302e-07,True,CONVERGED,float64,cuda:0
adjoint,2,306,9.187257586119502e-07,True,CONVERGED,float64,cuda:0
forward,0,297,9.243557659801445e-07,True,CONVERGED,float64,cuda:0
forward,1,299,8.746206835916908e-07,True,CONVERGED,float64,cuda:0
forward,2,298,9.69554564325431e-07,True,CONVERGED,float64,cuda:0
adjoint,0,294,9.526453842952147e-07,True,CONVERGED,float64,cuda:0
adjoint,1,309,9.324206646737845e-07,True,CONVERGED,float64,cuda:0
adjoint,2,305,9.972758943831627e-07,True,CONVERGED,float64,cuda:0
forward,0,297,9.236075653462801e-07,True,CONVERGED,float64,cuda:0
forward,1,299,8.760843478776799e-07,True,CONVERGED,float64,cuda:0
forward,2,298,9.657148254038812e-07,True,CONVERGED,float64,cuda:0
adjoint,0,294,9.537757563293105e-07,True,CONVERGED,float64,cuda:0
adjoint,1,309,9.308173937853928e-07,True,CONVERGED,float64,cuda:0
adjoint,2,305,9.915095544254133e-07,True,CONVERGED,float64,cuda:0
forward,0,297,9.22892535163909e-07,True,CONVERGED,float64,cuda:0
forward,1,299,8.775491388668581e-07,True,CONVERGED,float64,cuda:0
forward,2,298,9.619097477432155e-07,True,CONVERGED,float64,cuda:0
adjoint,0,294,9.549947722694192e-07,True,CONVERGED,float64,cuda:0
adjoint,1,309,9.292096757460128e-07,True,CONVERGED,float64,cuda:0
adjoint,2,305,9.982767502129593e-07,True,CONVERGED,float64,cuda:0
forward,0,297,9.22195407366827e-07,True,CONVERGED,float64,cuda:0
forward,1,299,8.790114385284007e-07,True,CONVERGED,float64,cuda:0
forward,2,298,9.581377166051222e-07,True,CONVERGED,float64,cuda:0
adjoint,0,294,9.561645945675165e-07,True,CONVERGED,float64,cuda:0
adjoint,1,309,9.275880682117672e-07,True,CONVERGED,float64,cuda:0
adjoint,2,306,9.198469439872552e-07,True,CONVERGED,float64,cuda:0
forward,0,297,9.215019017290952e-07,True,CONVERGED,float64,cuda:0
forward,1,299,8.804672102174371e-07,True,CONVERGED,float64,cuda:0
forward,2,298,9.543973988367868e-07,True,CONVERGED,float64,cuda:0
adjoint,0,294,9.571456063932591e-07,True,CONVERGED,float64,cuda:0
adjoint,1,309,9.259466627592265e-07,True,CONVERGED,float64,cuda:0
adjoint,2,306,9.239812905216949e-07,True,CONVERGED,float64,cuda:0
forward,0,297,9.207963078464037e-07,True,CONVERGED,float64,cuda:0
forward,1,299,8.819137271866648e-07,True,CONVERGED,float64,cuda:0
forward,2,298,9.506881305365063e-07,True,CONVERGED,float64,cuda:0
adjoint,0,294,9.578099619635057e-07,True,CONVERGED,float64,cuda:0
adjoint,1,309,9.242791263860063e-07,True,CONVERGED,float64,cuda:0
adjoint,2,306,9.238132836021331e-07,True,CONVERGED,float64,cuda:0
forward,0,297,9.200644604469311e-07,True,CONVERGED,float64,cuda:0
forward,1,299,8.833488876920596e-07,True,CONVERGED,float64,cuda:0
forward,2,298,9.470111770506621e-07,True,CONVERGED,float64,cuda:0
adjoint,0,294,9.580592662545074e-07,True,CONVERGED,float64,cuda:0
adjoint,1,309,9.225839969762791e-07,True,CONVERGED,float64,cuda:0
adjoint,2,306,9.221692945256365e-07,True,CONVERGED,float64,cuda:0
forward,0,297,9.192927000580217e-07,True,CONVERGED,float64,cuda:0
forward,1,299,8.847707604383614e-07,True,CONVERGED,float64,cuda:0
forward,2,298,9.433676636966547e-07,True,CONVERGED,float64,cuda:0
adjoint,0,294,9.578280301772368e-07,True,CONVERGED,float64,cuda:0
adjoint,1,309,9.208598272765548e-07,True,CONVERGED,float64,cuda:0
adjoint,2,306,9.203945845680375e-07,True,CONVERGED,float64,cuda:0
forward,0,297,9.184678683557415e-07,True,CONVERGED,float64,cuda:0
forward,1,299,8.861780538142893e-07,True,CONVERGED,float64,cuda:0
forward,2,298,9.397584933294294e-07,True,CONVERGED,float64,cuda:0
adjoint,0,294,9.570852849841567e-07,True,CONVERGED,float64,cuda:0
adjoint,1,309,9.191064008002878e-07,True,CONVERGED,float64,cuda:0
adjoint,2,306,9.18876053748763e-07,True,CONVERGED,float64,cuda:0
forward,0,297,9.175800548387777e-07,True,CONVERGED,float64,cuda:0
forward,1,299,8.875701109737081e-07,True,CONVERGED,float64,cuda:0
forward,2,297,9.978589083484823e-07,True,CONVERGED,float64,cuda:0
adjoint,0,294,9.558337795135201e-07,True,CONVERGED,float64,cuda:0
adjoint,1,308,9.985661112325083e-07,True,CONVERGED,float64,cuda:0
adjoint,2,306,9.176445101879777e-07,True,CONVERGED,float64,cuda:0
forward,0,297,9.166193404126522e-07,True,CONVERGED,float64,cuda:0
forward,1,299,8.889462449785258e-07,True,CONVERGED,float64,cuda:0
forward,2,297,9.935385649369847e-07,True,CONVERGED,float64,cuda:0
adjoint,0,294,9.540972695146704e-07,True,CONVERGED,float64,cuda:0
adjoint,1,308,9.967725698394779e-07,True,CONVERGED,float64,cuda:0
adjoint,2,305,9.988335111012139e-07,True,CONVERGED,float64,cuda:0
forward,0,297,9.155800373947552e-07,True,CONVERGED,float64,cuda:0
forward,1,299,8.903058382654793e-07,True,CONVERGED,float64,cuda:0
forward,2,297,9.892673308678527e-07,True,CONVERGED,float64,cuda:0
adjoint,0,294,9.519143916087952e-07,True,CONVERGED,float64,cuda:0
adjoint,1,308,9.949065198306562e-07,True,CONVERGED,float64,cuda:0
adjoint,2,305,9.966350856029075e-07,True,CONVERGED,float64,cuda:0
forward,0,297,9.144594895390717e-07,True,CONVERGED,float64,cuda:0
forward,1,299,8.916487849780651e-07,True,CONVERGED,float64,cuda:0
forward,2,297,9.85059002071442e-07,True,CONVERGED,float64,cuda:0
adjoint,0,294,9.493279636613e-07,True,CONVERGED,float64,cuda:0
adjoint,1,308,9.929794715105195e-07,True,CONVERGED,float64,cuda:0
adjoint,2,305,9.943771379943594e-07,True,CONVERGED,float64,cuda:0
forward,0,297,9.132566742250041e-07,True,CONVERGED,float64,cuda:0
forward,1,299,8.929738900626322e-07,True,CONVERGED,float64,cuda:0
forward,2,297,9.809230863421802e-07,True,CONVERGED,float64,cuda:0
adjoint,0,294,9.46376896135791e-07,True,CONVERGED,float64,cuda:0
adjoint,1,308,9.91003876793883e-07,True,CONVERGED,float64,cuda:0
adjoint,2,305,9.919826326018003e-07,True,CONVERGED,float64,cuda:0
forward,0,297,9.119757103102383e-07,True,CONVERGED,float64,cuda:0
forward,1,299,8.942807802484833e-07,True,CONVERGED,float64,cuda:0
forward,2,297,9.76870171785531e-07,True,CONVERGED,float64,cuda:0
adjoint,0,294,9.430958213889824e-07,True,CONVERGED,float64,cuda:0
adjoint,1,308,9.88998217837382e-07,True,CONVERGED,float64,cuda:0
adjoint,2,305,9.894204543561565e-07,True,CONVERGED,float64,cuda:0
forward,0,297,9.106232543712432e-07,True,CONVERGED,float64,cuda:0
forward,1,299,8.955672400452754e-07,True,CONVERGED,float64,cuda:0
forward,2,297,9.729050416455937e-07,True,CONVERGED,float64,cuda:0
adjoint,0,294,9.39511345999319e-07,True,CONVERGED,float64,cuda:0
adjoint,1,308,9.869809286726199e-07,True,CONVERGED,float64,cuda:0
adjoint,2,305,9.867171433991146e-07,True,CONVERGED,float64,cuda:0
forward,0,297,9.092102501428864e-07,True,CONVERGED,float64,cuda:0
forward,1,299,8.968314387319811e-07,True,CONVERGED,float64,cuda:0
forward,2,297,9.690313619725193e-07,True,CONVERGED,float64,cuda:0
adjoint,0,294,9.356517236919413e-07,True,CONVERGED,float64,cuda:0
adjoint,1,308,9.849744281121106e-07,True,CONVERGED,float64,cuda:0
adjoint,2,305,9.839585660439196e-07,True,CONVERGED,float64,cuda:0
forward,0,297,9.077511981318766e-07,True,CONVERGED,float64,cuda:0
forward,1,299,8.980689899662759e-07,True,CONVERGED,float64,cuda:0
forward,2,297,9.65248239620195e-07,True,CONVERGED,float64,cuda:0
adjoint,0,294,9.315503025289801e-07,True,CONVERGED,float64,cuda:0
adjoint,1,308,9.829987222894735e-07,True,CONVERGED,float64,cuda:0
adjoint,2,305,9.812724892402347e-07,True,CONVERGED,float64,cuda:0
forward,0,297,9.062623404322716e-07,True,CONVERGED,float64,cuda:0
forward,1,299,8.992755907512698e-07,True,CONVERGED,float64,cuda:0
forward,2,297,9.615544353618442e-07,True,CONVERGED,float64,cuda:0
adjoint,0,294,9.272577475155661e-07,True,CONVERGED,float64,cuda:0
adjoint,1,308,9.810755985950424e-07,True,CONVERGED,float64,cuda:0
adjoint,2,305,9.787956667202207e-07,True,CONVERGED,float64,cuda:0
forward,0,297,9.047632005945312e-07,True,CONVERGED,float64,cuda:0
forward,1,299,9.00445026242842e-07,True,CONVERGED,float64,cuda:0
forward,2,297,9.579465558297556e-07,True,CONVERGED,float64,cuda:0
adjoint,0,294,9.228497873262013e-07,True,CONVERGED,float64,cuda:0
adjoint,1,308,9.7922361283518e-07,True,CONVERGED,float64,cuda:0
adjoint,2,305,9.766409365825852e-07,True,CONVERGED,float64,cuda:0
forward,0,296,9.988704443118293e-07,True,CONVERGED,float64,cuda:0
forward,1,299,9.015693266185232e-07,True,CONVERGED,float64,cuda:0
forward,2,297,9.544217567205623e-07,True,CONVERGED,float64,cuda:0
adjoint,0,294,9.184288636128413e-07,True,CONVERGED,float64,cuda:0
adjoint,1,308,9.774591940169027e-07,True,CONVERGED,float64,cuda:0
adjoint,2,305,9.748730157328008e-07,True,CONVERGED,float64,cuda:0
forward,0,296,9.967823208382297e-07,True,CONVERGED,float64,cuda:0
forward,1,299,9.026381224852016e-07,True,CONVERGED,float64,cuda:0
forward,2,297,9.509786216590146e-07,True,CONVERGED,float64,cuda:0
adjoint,0,294,9.141583866245016e-07,True,CONVERGED,float64,cuda:0
adjoint,1,308,9.757938327484084e-07,True,CONVERGED,float64,cuda:0
adjoint,2,305,9.735037043841732e-07,True,CONVERGED,float64,cuda:0
forward,0,296,9.948092290608552e-07,True,CONVERGED,float64,cuda:0
forward,1,299,9.036399277648228e-07,True,CONVERGED,float64,cuda:0
forward,2,297,9.476186109351651e-07,True,CONVERGED,float64,cuda:0
adjoint,0,294,9.101555722719469e-07,True,CONVERGED,float64,cuda:0
adjoint,1,308,9.742359078229692e-07,True,CONVERGED,float64,cuda:0
adjoint,2,305,9.725008798762214e-07,True,CONVERGED,float64,cuda:0
forward,0,296,9.92979300904272e-07,True,CONVERGED,float64,cuda:0
forward,1,299,9.04562090953463e-07,True,CONVERGED,float64,cuda:0
forward,2,297,9.443445532366028e-07,True,CONVERGED,float64,cuda:0
adjoint,0,294,9.065514619738281e-07,True,CONVERGED,float64,cuda:0
adjoint,1,308,9.727897435200143e-07,True,CONVERGED,float64,cuda:0
adjoint,2,305,9.718052157436468e-07,True,CONVERGED,float64,cuda:0
forward,0,296,9.913167257347834e-07,True,CONVERGED,float64,cuda:0
forward,1,299,9.053890450839145e-07,True,CONVERGED,float64,cuda:0
forward,2,297,9.411594040503017e-07,True,CONVERGED,float64,cuda:0
adjoint,0,294,9.034695439206854e-07,True,CONVERGED,float64,cuda:0
adjoint,1,308,9.714536239223161e-07,True,CONVERGED,float64,cuda:0
adjoint,2,305,9.713433175312532e-07,True,CONVERGED,float64,cuda:0
forward,0,296,9.898438718132559e-07,True,CONVERGED,float64,cuda:0
forward,1,299,9.061058979902307e-07,True,CONVERGED,float64,cuda:0
forward,2,297,9.38068473646831e-07,True,CONVERGED,float64,cuda:0
adjoint,0,294,9.011427958217457e-07,True,CONVERGED,float64,cuda:0
adjoint,1,308,9.702233490354303e-07,True,CONVERGED,float64,cuda:0
adjoint,2,305,9.710436750472134e-07,True,CONVERGED,float64,cuda:0
forward,0,296,9.88576476692603e-07,True,CONVERGED,float64,cuda:0
forward,1,299,9.066973059686106e-07,True,CONVERGED,float64,cuda:0
forward,2,297,9.350755551804854e-07,True,CONVERGED,float64,cuda:0
adjoint,0,294,9.001882884140964e-07,True,CONVERGED,float64,cuda:0
adjoint,1,308,9.690912636435387e-07,True,CONVERGED,float64,cuda:0
adjoint,2,305,9.70841539296087e-07,True,CONVERGED,float64,cuda:0
forward,0,296,9.875281142969702e-07,True,CONVERGED,float64,cuda:0
forward,1,299,9.071500127160595e-07,True,CONVERGED,float64,cuda:0
forward,2,296,9.985375083400329e-07,True,CONVERGED,float64,cuda:0
adjoint,0,294,9.016689485058429e-07,True,CONVERGED,float64,cuda:0
adjoint,1,308,9.680483891081328e-07,True,CONVERGED,float64,cuda:0
adjoint,2,305,9.706835013638464e-07,True,CONVERGED,float64,cuda:0
forward,0,296,9.867053917596678e-07,True,CONVERGED,float64,cuda:0
forward,1,299,9.074526284536773e-07,True,CONVERGED,float64,cuda:0
forward,2,296,9.948329105118353e-07,True,CONVERGED,float64,cuda:0
adjoint,0,294,9.056744937961154e-07,True,CONVERGED,float64,cuda:0
adjoint,1,308,9.670844434484057e-07,True,CONVERGED,float64,cuda:0
adjoint,2,305,9.705263819537472e-07,True,CONVERGED,float64,cuda:0
forward,0,296,9.86111481187182e-07,True,CONVERGED,float64,cuda:0
forward,1,299,9.075987141330305e-07,True,CONVERGED,float64,cuda:0
forward,2,296,9.912670574484808e-07,True,CONVERGED,float64,cuda:0
adjoint,0,294,9.091486811814838e-07,True,CONVERGED,float64,cuda:0
adjoint,1,308,9.661895936695838e-07,True,CONVERGED,float64,cuda:0
adjoint,2,305,9.70338646918709e-07,True,CONVERGED,float64,cuda:0
forward,0,296,9.857433413654546e-07,True,CONVERGED,float64,cuda:0
forward,1,299,9.075867749261358e-07,True,CONVERGED,float64,cuda:0
forward,2,296,9.87841104284586e-07,True,CONVERGED,float64,cuda:0
adjoint,0,294,9.085937432856839e-07,True,CONVERGED,float64,cuda:0
adjoint,1,308,9.653556690545167e-07,True,CONVERGED,float64,cuda:0
adjoint,2,305,9.700956752927508e-07,True,CONVERGED,float64,cuda:0
forward,0,296,9.855944950327014e-07,True,CONVERGED,float64,cuda:0
forward,1,299,9.07421094501429e-07,True,CONVERGED,float64,cuda:0
forward,2,296,9.84556119637332e-07,True,CONVERGED,float64,cuda:0
adjoint,0,294,9.04421325839194e-07,True,CONVERGED,float64,cuda:0
adjoint,1,308,9.645758113405304e-07,True,CONVERGED,float64,cuda:0
adjoint,2,305,9.697799568875098e-07,True,CONVERGED,float64,cuda:0
forward,0,296,9.856542294045555e-07,True,CONVERGED,float64,cuda:0
forward,1,299,9.071138884711194e-07,True,CONVERGED,float64,cuda:0
forward,2,296,9.81415546472818e-07,True,CONVERGED,float64,cuda:0
adjoint,0,294,8.986105281457786e-07,True,CONVERGED,float64,cuda:0
adjoint,1,308,9.638461655318703e-07,True,CONVERGED,float64,cuda:0
adjoint,2,305,9.693773787245667e-07,True,CONVERGED,float64,cuda:0
forward,0,296,9.910851492775987e-07,True,CONVERGED,float64,cuda:0
forward,1,299,9.872347432748516e-07,True,CONVERGED,float64,cuda:0
forward,2,296,9.251762718867757e-07,True,CONVERGED,float64,cuda:0
adjoint,0,289,9.524610103477335e-07,True,CONVERGED,float64,cuda:0
adjoint,1,305,9.086293978262598e-07,True,CONVERGED,float64,cuda:0
adjoint,2,301,9.73174869650327e-07,True,CONVERGED,float64,cuda:0
forward,0,296,9.874762303708774e-07,True,CONVERGED,float64,cuda:0
forward,1,299,9.87762993473689e-07,True,CONVERGED,float64,cuda:0
forward,2,296,9.177009313777519e-07,True,CONVERGED,float64,cuda:0
adjoint,0,289,9.587640624732431e-07,True,CONVERGED,float64,cuda:0
adjoint,1,305,9.093500619215394e-07,True,CONVERGED,float64,cuda:0
adjoint,2,301,9.708540428841587e-07,True,CONVERGED,float64,cuda:0
forward,0,296,9.849216835315516e-07,True,CONVERGED,float64,cuda:0
forward,1,299,9.886868028292092e-07,True,CONVERGED,float64,cuda:0
forward,2,296,9.107651149704079e-07,True,CONVERGED,float64,cuda:0
adjoint,0,289,9.581584107769165e-07,True,CONVERGED,float64,cuda:0
adjoint,1,305,9.095115729611308e-07,True,CONVERGED,float64,cuda:0
adjoint,2,301,9.667242716605905e-07,True,CONVERGED,float64,cuda:0
forward,0,296,9.844876430125982e-07,True,CONVERGED,float64,cuda:0
forward,1,299,9.899625162320718e-07,True,CONVERGED,float64,cuda:0
forward,2,295,9.95283431790909e-07,True,CONVERGED,float64,cuda:0
adjoint,0,289,9.641811187261793e-07,True,CONVERGED,float64,cuda:0
adjoint,1,305,9.089111006277647e-07,True,CONVERGED,float64,cuda:0
adjoint,2,301,9.61173894151262e-07,True,CONVERGED,float64,cuda:0
forward,0,296,9.873574412225344e-07,True,CONVERGED,float64,cuda:0
forward,1,299,9.914156104347962e-07,True,CONVERGED,float64,cuda:0
forward,2,295,9.88036380160269e-07,True,CONVERGED,float64,cuda:0
adjoint,0,289,9.701851943168843e-07,True,CONVERGED,float64,cuda:0
adjoint,1,305,9.07648981092797e-07,True,CONVERGED,float64,cuda:0
adjoint,2,301,9.545498627379499e-07,True,CONVERGED,float64,cuda:0
forward,0,296,9.936367173900807e-07,True,CONVERGED,float64,cuda:0
forward,1,299,9.923661372399783e-07,True,CONVERGED,float64,cuda:0
forward,2,295,9.816543459724139e-07,True,CONVERGED,float64,cuda:0
adjoint,0,289,9.755568425089177e-07,True,CONVERGED,float64,cuda:0
adjoint,1,305,9.07485049009028e-07,True,CONVERGED,float64,cuda:0
adjoint,2,301,9.471813767953228e-07,True,CONVERGED,float64,cuda:0
forward,0,297,9.053379808832958e-07,True,CONVERGED,float64,cuda:0
forward,1,299,9.902409439631735e-07,True,CONVERGED,float64,cuda:0
forward,2,295,9.76093454217899e-07,True,CONVERGED,float64,cuda:0
adjoint,0,289,9.806413148668179e-07,True,CONVERGED,float64,cuda:0
adjoint,1,305,9.007113790265707e-07,True,CONVERGED,float64,cuda:0
adjoint,2,300,9.982229239060998e-07,True,CONVERGED,float64,cuda:0
forward,0,297,9.144080684247523e-07,True,CONVERGED,float64,cuda:0
forward,1,299,9.850751462236734e-07,True,CONVERGED,float64,cuda:0
forward,2,295,9.711744147173933e-07,True,CONVERGED,float64,cuda:0
adjoint,0,289,9.882885623709767e-07,True,CONVERGED,float64,cuda:0
adjoint,1,305,9.130755428334868e-07,True,CONVERGED,float64,cuda:0
adjoint,2,299,9.958454274410011e-07,True,CONVERGED,float64,cuda:0
forward,0,297,9.242539942893783e-07,True,CONVERGED,float64,cuda:0
forward,1,299,9.839597873306962e-07,True,CONVERGED,float64,cuda:0
forward,2,295,9.66618895586526e-07,True,CONVERGED,float64,cuda:0
adjoint,0,289,9.986275918973182e-07,True,CONVERGED,float64,cuda:0
adjoint,1,305,9.053369576833244e-07,True,CONVERGED,float64,cuda:0
adjoint,2,299,9.848805860494766e-07,True,CONVERGED,float64,cuda:0
forward,0,297,9.340412969657114e-07,True,CONVERGED,float64,cuda:0
forward,1,299,9.844271189082094e-07,True,CONVERGED,float64,cuda:0
forward,2,295,9.621527948427304e-07,True,CONVERGED,float64,cuda:0
adjoint,0,290,9.63634785640896e-07,True,CONVERGED,float64,cuda:0
adjoint,1,304,9.932604363885378e-07,True,CONVERGED,float64,cuda:0
adjoint,2,299,9.746014341081088e-07,True,CONVERGED,float64,cuda:0
forward,0,297,9.432618846296311e-07,True,CONVERGED,float64,cuda:0
forward,1,299,9.87122726887754e-07,True,CONVERGED,float64,cuda:0
forward,2,295,9.576001047162078e-07,True,CONVERGED,float64,cuda:0
adjoint,0,290,9.779198284871199e-07,True,CONVERGED,float64,cuda:0
adjoint,1,304,9.797190063245494e-07,True,CONVERGED,float64,cuda:0
adjoint,2,299,9.654133940931886e-07,True,CONVERGED,float64,cuda:0
forward,0,297,9.515846119502957e-07,True,CONVERGED,float64,cuda:0
forward,1,299,9.844246353210703e-07,True,CONVERGED,float64,cuda:0
forward,2,295,9.529398868641689e-07,True,CONVERGED,float64,cuda:0
adjoint,0,290,9.92874120501927e-07,True,CONVERGED,float64,cuda:0
adjoint,1,304,9.667344054431564e-07,True,CONVERGED,float64,cuda:0
adjoint,2,299,9.577118615181537e-07,True,CONVERGED,float64,cuda:0
forward,0,297,9.589916571479891e-07,True,CONVERGED,float64,cuda:0
forward,1,299,9.82099477245595e-07,True,CONVERGED,float64,cuda:0
forward,2,295,9.482945901306313e-07,True,CONVERGED,float64,cuda:0
adjoint,0,291,9.984169627093178e-07,True,CONVERGED,float64,cuda:0
adjoint,1,304,9.538946051051586e-07,True,CONVERGED,float64,cuda:0
adjoint,2,299,9.518275015696942e-07,True,CONVERGED,float64,cuda:0
forward,0,297,9.658874123720306e-07,True,CONVERGED,float64,cuda:0
forward,1,299,9.80298307249172e-07,True,CONVERGED,float64,cuda:0
forward,2,295,9.438539583350971e-07,True,CONVERGED,float64,cuda:0
adjoint,0,293,8.966105649093965e-07,True,CONVERGED,float64,cuda:0
adjoint,1,304,9.411173969262221e-07,True,CONVERGED,float64,cuda:0
adjoint,2,299,9.479221885462372e-07,True,CONVERGED,float64,cuda:0
forward,0,297,9.721903376517482e-07,True,CONVERGED,float64,cuda:0
forward,1,299,9.78767189930574e-07,True,CONVERGED,float64,cuda:0
forward,2,295,9.397838042323364e-07,True,CONVERGED,float64,cuda:0
adjoint,0,293,9.078782328670297e-07,True,CONVERGED,float64,cuda:0
adjoint,1,304,9.284266938832776e-07,True,CONVERGED,float64,cuda:0
adjoint,2,299,9.458716261046604e-07,True,CONVERGED,float64,cuda:0
forward,0,297,9.772701349194179e-07,True,CONVERGED,float64,cuda:0
forward,1,299,9.773132958309256e-07,True,CONVERGED,float64,cuda:0
forward,2,294,9.964619966818743e-07,True,CONVERGED,float64,cuda:0
adjoint,0,293,9.181664409673546e-07,True,CONVERGED,float64,cuda:0
adjoint,1,304,9.158469042747193e-07,True,CONVERGED,float64,cuda:0
adjoint,2,299,9.452080398192944e-07,True,CONVERGED,float64,cuda:0
forward,0,297,9.805913160694961e-07,True,CONVERGED,float64,cuda:0
forward,1,299,9.758150931524063e-07,True,CONVERGED,float64,cuda:0
forward,2,294,9.921864805894766e-07,True,CONVERGED,float64,cuda:0
adjoint,0,293,9.270168759360802e-07,True,CONVERGED,float64,cuda:0
adjoint,1,304,9.033669680890296e-07,True,CONVERGED,float64,cuda:0
adjoint,2,299,9.451873040635118e-07,True,CONVERGED,float64,cuda:0
forward,0,297,9.819937775152735e-07,True,CONVERGED,float64,cuda:0
forward,1,299,9.742168339829446e-07,True,CONVERGED,float64,cuda:0
forward,2,294,9.88387728769057e-07,True,CONVERGED,float64,cuda:0
adjoint,0,293,9.340527440129992e-07,True,CONVERGED,float64,cuda:0
adjoint,1,304,8.909321048254132e-07,True,CONVERGED,float64,cuda:0
adjoint,2,299,9.449413667924163e-07,True,CONVERGED,float64,cuda:0
forward,0,297,9.816295432112667e-07,True,CONVERGED,float64,cuda:0
forward,1,299,9.725178814182437e-07,True,CONVERGED,float64,cuda:0
forward,2,294,9.850882308581606e-07,True,CONVERGED,float64,cuda:0
adjoint,0,293,9.394226108381534e-07,True,CONVERGED,float64,cuda:0
adjoint,1,303,9.97809516568131e-07,True,CONVERGED,float64,cuda:0
adjoint,2,299,9.436660804010931e-07,True,CONVERGED,float64,cuda:0
forward,0,297,9.79838435848733e-07,True,CONVERGED,float64,cuda:0
forward,1,299,9.707450307669493e-07,True,CONVERGED,float64,cuda:0
forward,2,294,9.82283362910786e-07,True,CONVERGED,float64,cuda:0
adjoint,0,293,9.450342825996248e-07,True,CONVERGED,float64,cuda:0
adjoint,1,303,9.82951029464556e-07,True,CONVERGED,float64,cuda:0
adjoint,2,298,9.997422363333333e-07,True,CONVERGED,float64,cuda:0
forward,0,297,9.7706474205021e-07,True,CONVERGED,float64,cuda:0
forward,1,299,9.689335151142536e-07,True,CONVERGED,float64,cuda:0
forward,2,294,9.799467573946708e-07,True,CONVERGED,float64,cuda:0
adjoint,0,293,9.550778237350394e-07,True,CONVERGED,float64,cuda:0
adjoint,1,303,9.6793317611386e-07,True,CONVERGED,float64,cuda:0
adjoint,2,298,9.940460934210835e-07,True,CONVERGED,float64,cuda:0
forward,0,297,9.737855948982782e-07,True,CONVERGED,float64,cuda:0
forward,1,299,9.671162566777309e-07,True,CONVERGED,float64,cuda:0
forward,2,294,9.78035845855971e-07,True,CONVERGED,float64,cuda:0
adjoint,0,293,9.62439649229831e-07,True,CONVERGED,float64,cuda:0
adjoint,1,303,9.527301584123872e-07,True,CONVERGED,float64,cuda:0
adjoint,2,298,9.864959887561957e-07,True,CONVERGED,float64,cuda:0
forward,0,297,9.70438153578463e-07,True,CONVERGED,float64,cuda:0
forward,1,299,9.653176785050964e-07,True,CONVERGED,float64,cuda:0
forward,2,294,9.764930677553243e-07,True,CONVERGED,float64,cuda:0
adjoint,0,293,9.605131329502333e-07,True,CONVERGED,float64,cuda:0
adjoint,1,303,9.37309638097124e-07,True,CONVERGED,float64,cuda:0
adjoint,2,298,9.77304065202093e-07,True,CONVERGED,float64,cuda:0
forward,0,297,9.673755776683944e-07,True,CONVERGED,float64,cuda:0
forward,1,299,9.63558221024664e-07,True,CONVERGED,float64,cuda:0
forward,2,294,9.75259860523244e-07,True,CONVERGED,float64,cuda:0
adjoint,0,293,9.648295795771417e-07,True,CONVERGED,float64,cuda:0
adjoint,1,303,9.216535119212072e-07,True,CONVERGED,float64,cuda:0
adjoint,2,298,9.668977613297595e-07,True,CONVERGED,float64,cuda:0
forward,0,297,9.648130612133707e-07,True,CONVERGED,float64,cuda:0
forward,1,299,9.618538765842668e-07,True,CONVERGED,float64,cuda:0
forward,2,294,9.742762910361713e-07,True,CONVERGED,float64,cuda:0
adjoint,0,293,9.711006149514984e-07,True,CONVERGED,float64,cuda:0
adjoint,1,303,9.057376712679334e-07,True,CONVERGED,float64,cuda:0
adjoint,2,298,9.558567077342577e-07,True,CONVERGED,float64,cuda:0
forward,0,297,9.627735676677295e-07,True,CONVERGED,float64,cuda:0
forward,1,299,9.602159405226917e-07,True,CONVERGED,float64,cuda:0
forward,2,294,9.734876449637917e-07,True,CONVERGED,float64,cuda:0
adjoint,0,293,9.759599253977612e-07,True,CONVERGED,float64,cuda:0
adjoint,1,303,8.895463049262648e-07,True,CONVERGED,float64,cuda:0
adjoint,2,298,9.448391644844634e-07,True,CONVERGED,float64,cuda:0
forward,0,297,9.611272463447093e-07,True,CONVERGED,float64,cuda:0
forward,1,299,9.586492768643042e-07,True,CONVERGED,float64,cuda:0
forward,2,294,9.728430427613605e-07,True,CONVERGED,float64,cuda:0
adjoint,0,293,9.795618286423823e-07,True,CONVERGED,float64,cuda:0
adjoint,1,303,8.730706446397564e-07,True,CONVERGED,float64,cuda:0
adjoint,2,298,9.345120553932228e-07,True,CONVERGED,float64,cuda:0
forward,0,297,9.597322498286721e-07,True,CONVERGED,float64,cuda:0
forward,1,299,9.57149483055359e-07,True,CONVERGED,float64,cuda:0
forward,2,294,9.722946164996496e-07,True,CONVERGED,float64,cuda:0
adjoint,0,293,9.824958210684831e-07,True,CONVERGED,float64,cuda:0
adjoint,1,303,8.563052422793938e-07,True,CONVERGED,float64,cuda:0
adjoint,2,298,9.254837779360525e-07,True,CONVERGED,float64,cuda:0
forward,0,297,9.585198240910308e-07,True,CONVERGED,float64,cuda:0
forward,1,299,9.557045459962258e-07,True,CONVERGED,float64,cuda:0
forward,2,294,9.717929195042565e-07,True,CONVERGED,float64,cuda:0
adjoint,0,293,9.851380509444401e-07,True,CONVERGED,float64,cuda:0
adjoint,1,302,9.808249124841248e-07,True,CONVERGED,float64,cuda:0
adjoint,2,298,9.182572029880019e-07,True,CONVERGED,float64,cuda:0
forward,0,297,9.574779312895947e-07,True,CONVERGED,float64,cuda:0
forward,1,299,9.542998117426151e-07,True,CONVERGED,float64,cuda:0
forward,2,293,9.994480072594662e-07,True,CONVERGED,float64,cuda:0
adjoint,0,293,9.876542219291983e-07,True,CONVERGED,float64,cuda:0
adjoint,1,302,9.613864624763157e-07,True,CONVERGED,float64,cuda:0
adjoint,2,298,9.131933254311702e-07,True,CONVERGED,float64,cuda:0
forward,0,297,9.566010658349492e-07,True,CONVERGED,float64,cuda:0
forward,1,299,9.529189231110321e-07,True,CONVERGED,float64,cuda:0
forward,2,293,9.980827928223744e-07,True,CONVERGED,float64,cuda:0
adjoint,0,293,9.900733163067348e-07,True,CONVERGED,float64,cuda:0
adjoint,1,302,9.418003091347657e-07,True,CONVERGED,float64,cuda:0
adjoint,2,298,9.104958125771786e-07,True,CONVERGED,float64,cuda:0
forward,0,297,9.55877197785193e-07,True,CONVERGED,float64,cuda:0
forward,1,299,9.515510160438207e-07,True,CONVERGED,float64,cuda:0
forward,2,293,9.967158009208178e-07,True,CONVERGED,float64,cuda:0
adjoint,0,293,9.92349229200193e-07,True,CONVERGED,float64,cuda:0
adjoint,1,302,9.221750054345361e-07,True,CONVERGED,float64,cuda:0
adjoint,2,298,9.102034227524879e-07,True,CONVERGED,float64,cuda:0
forward,0,297,9.552873123564373e-07,True,CONVERGED,float64,cuda:0
forward,1,299,9.501883689026663e-07,True,CONVERGED,float64,cuda:0
forward,2,293,9.952874402634205e-07,True,CONVERGED,float64,cuda:0
adjoint,0,293,9.943744359491598e-07,True,CONVERGED,float64,cuda:0
adjoint,1,302,9.026443489154849e-07,True,CONVERGED,float64,cuda:0
adjoint,2,298,9.122006455536044e-07,True,CONVERGED,float64,cuda:0
forward,0,297,9.548145980698861e-07,True,CONVERGED,float64,cuda:0
forward,1,299,9.488288702264977e-07,True,CONVERGED,float64,cuda:0
forward,2,293,9.937453775819032e-07,True,CONVERGED,float64,cuda:0
adjoint,0,293,9.958822442024665e-07,True,CONVERGED,float64,cuda:0
adjoint,1,301,9.98077693847457e-07,True,CONVERGED,float64,cuda:0
adjoint,2,298,9.162387103044706e-07,True,CONVERGED,float64,cuda:0
forward,0,297,9.544477310055304e-07,True,CONVERGED,float64,cuda:0
forward,1,299,9.474733195587216e-07,True,CONVERGED,float64,cuda:0
forward,2,293,9.920455403992174e-07,True,CONVERGED,float64,cuda:0
adjoint,0,293,9.952477092093727e-07,True,CONVERGED,float64,cuda:0
adjoint,1,301,9.789058326372274e-07,True,CONVERGED,float64,cuda:0
adjoint,2,298,9.219656680632194e-07,True,CONVERGED,float64,cuda:0
forward,0,297,9.54178153940681e-07,True,CONVERGED,float64,cuda:0
forward,1,299,9.461227125205233e-07,True,CONVERGED,float64,cuda:0
forward,2,293,9.901407039932982e-07,True,CONVERGED,float64,cuda:0
adjoint,0,294,8.76614228224709e-07,True,CONVERGED,float64,cuda:0
adjoint,1,301,9.604562283423533e-07,True,CONVERGED,float64,cuda:0
adjoint,2,298,9.289649243111014e-07,True,CONVERGED,float64,cuda:0
forward,0,297,9.540032135507546e-07,True,CONVERGED,float64,cuda:0
forward,1,299,9.447785160205731e-07,True,CONVERGED,float64,cuda:0
forward,2,293,9.879945991340365e-07,True,CONVERGED,float64,cuda:0
adjoint,0,294,8.760856424422616e-07,True,CONVERGED,float64,cuda:0
adjoint,1,301,9.429260890620156e-07,True,CONVERGED,float64,cuda:0
adjoint,2,298,9.367888823457166e-07,True,CONVERGED,float64,cuda:0
forward,0,297,9.539220364220606e-07,True,CONVERGED,float64,cuda:0
forward,1,299,9.434429150630477e-07,True,CONVERGED,float64,cuda:0
forward,2,293,9.85577928075789e-07,True,CONVERGED,float64,cuda:0
adjoint,0,294,8.772591921213685e-07,True,CONVERGED,float64,cuda:0
adjoint,1,301,9.265040310776614e-07,True,CONVERGED,float64,cuda:0
adjoint,2,298,9.449989566924759e-07,True,CONVERGED,float64,cuda:0
forward,0,297,9.539315732023267e-07,True,CONVERGED,float64,cuda:0
forward,1,299,9.421132646655261e-07,True,CONVERGED,float64,cuda:0
forward,2,293,9.828563582948914e-07,True,CONVERGED,float64,cuda:0
adjoint,0,294,8.789423014806984e-07,True,CONVERGED,float64,cuda:0
adjoint,1,300,9.93486528512715e-07,True,CONVERGED,float64,cuda:0
adjoint,2,298,9.531855823177442e-07,True,CONVERGED,float64,cuda:0
forward,0,297,9.54029250609174e-07,True,CONVERGED,float64,cuda:0
forward,1,299,9.407876481845175e-07,True,CONVERGED,float64,cuda:0
forward,2,293,9.798050699196832e-07,True,CONVERGED,float64,cuda:0
adjoint,0,294,8.808636417677427e-07,True,CONVERGED,float64,cuda:0
adjoint,1,300,9.804430318313564e-07,True,CONVERGED,float64,cuda:0
adjoint,2,298,9.609922547004565e-07,True,CONVERGED,float64,cuda:0
forward,0,297,9.542086227245254e-07,True,CONVERGED,float64,cuda:0
forward,1,299,9.394609692590802e-07,True,CONVERGED,float64,cuda:0
forward,2,293,9.76392762134644e-07,True,CONVERGED,float64,cuda:0
adjoint,0,294,8.828009716566786e-07,True,CONVERGED,float64,cuda:0
adjoint,1,300,9.688302012034604e-07,True,CONVERGED,float64,cuda:0
adjoint,2,298,9.681208432675934e-07,True,CONVERGED,float64,cuda:0
forward,0,297,9.544616864650152e-07,True,CONVERGED,float64,cuda:0
forward,1,299,9.38128966819034e-07,True,CONVERGED,float64,cuda:0
forward,2,293,9.725897432038836e-07,True,CONVERGED,float64,cuda:0
adjoint,0,294,8.845091325518668e-07,True,CONVERGED,float64,cuda:0
adjoint,1,300,9.586677988708556e-07,True,CONVERGED,float64,cuda:0
adjoint,2,298,9.74335347314855e-07,True,CONVERGED,float64,cuda:0
forward,0,297,9.547778032524366e-07,True,CONVERGED,float64,cuda:0
forward,1,299,9.36789072584537e-07,True,CONVERGED,float64,cuda:0
forward,2,293,9.68365045540723e-07,True,CONVERGED,float64,cuda:0
adjoint,0,294,8.858046466080146e-07,True,CONVERGED,float64,cuda:0
adjoint,1,300,9.499365050133585e-07,True,CONVERGED,float64,cuda:0
adjoint,2,298,9.794615999114064e-07,True,CONVERGED,float64,cuda:0
forward,0,297,9.551446101305875e-07,True,CONVERGED,float64,cuda:0
forward,1,298,9.993288806173204e-07,True,CONVERGED,float64,cuda:0
forward,2,293,9.63681492435363e-07,True,CONVERGED,float64,cuda:0
adjoint,0,294,8.865930389094485e-07,True,CONVERGED,float64,cuda:0
adjoint,1,300,9.425762654773717e-07,True,CONVERGED,float64,cuda:0
adjoint,2,298,9.833770866621194e-07,True,CONVERGED,float64,cuda:0
forward,0,297,9.555479013722121e-07,True,CONVERGED,float64,cuda:0
forward,1,298,9.983031189285835e-07,True,CONVERGED,float64,cuda:0
forward,2,292,9.967989712131661e-07,True,CONVERGED,float64,cuda:0
adjoint,0,294,8.868304456891527e-07,True,CONVERGED,float64,cuda:0
adjoint,1,300,9.36501472667883e-07,True,CONVERGED,float64,cuda:0
adjoint,2,298,9.860093405293528e-07,True,CONVERGED,float64,cuda:0
forward,0,297,9.559727760046364e-07,True,CONVERGED,float64,cuda:0
forward,1,298,9.97346300462392e-07,True,CONVERGED,float64,cuda:0
forward,2,292,9.90522559091449e-07,True,CONVERGED,float64,cuda:0
adjoint,0,294,8.864858733592932e-07,True,CONVERGED,float64,cuda:0
adjoint,1,300,9.316036957909643e-07,True,CONVERGED,float64,cuda:0
adjoint,2,298,9.873226353986411e-07,True,CONVERGED,float64,cuda:0
forward,0,297,9.564040187751965e-07,True,CONVERGED,float64,cuda:0
forward,1,298,9.964786133817873e-07,True,CONVERGED,float64,cuda:0
forward,2,292,9.836412224390733e-07,True,CONVERGED,float64,cuda:0
adjoint,0,294,8.855299239526898e-07,True,CONVERGED,float64,cuda:0
adjoint,1,300,9.277607488984551e-07,True,CONVERGED,float64,cuda:0
adjoint,2,298,9.873178970780046e-07,True,CONVERGED,float64,cuda:0
forward,0,297,9.568272187465951e-07,True,CONVERGED,float64,cuda:0
forward,1,298,9.95721727618511e-07,True,CONVERGED,float64,cuda:0
forward,2,292,9.760920184427955e-07,True,CONVERGED,float64,cuda:0
adjoint,0,294,8.839329250782404e-07,True,CONVERGED,float64,cuda:0
adjoint,1,300,9.24847685556637e-07,True,CONVERGED,float64,cuda:0
adjoint,2,298,9.860176237684622e-07,True,CONVERGED,float64,cuda:0
forward,0,297,9.572262785976598e-07,True,CONVERGED,float64,cuda:0
forward,1,298,9.950923525391593e-07,True,CONVERGED,float64,cuda:0
forward,2,292,9.677911050320205e-07,True,CONVERGED,float64,cuda:0
adjoint,0,294,8.816677783332486e-07,True,CONVERGED,float64,cuda:0
adjoint,1,300,9.227363589685769e-07,True,CONVERGED,float64,cuda:0
adjoint,2,298,9.834702318700624e-07,True,CONVERGED,float64,cuda:0
forward,0,297,9.575871144745462e-07,True,CONVERGED,float64,cuda:0
forward,1,298,9.946088103647463e-07,True,CONVERGED,float64,cuda:0
forward,2,291,9.991297437569204e-07,True,CONVERGED,float64,cuda:0
adjoint,0,294,8.787182858882145e-07,True,CONVERGED,float64,cuda:0
adjoint,1,300,9.213076462704e-07,True,CONVERGED,float64,cuda:0
adjoint,2,298,9.797381667633328e-07,True,CONVERGED,float64,cuda:0
forward,0,297,9.578944564356703e-07,True,CONVERGED,float64,cuda:0
forward,1,298,9.942857504543374e-07,True,CONVERGED,float64,cuda:0
forward,2,291,9.881128419499117e-07,True,CONVERGED,float64,cuda:0
adjoint,0,294,8.750808277974704e-07,True,CONVERGED,float64,cuda:0
adjoint,1,300,9.204492738983488e-07,True,CONVERGED,float64,cuda:0
adjoint,2,298,9.748988141684072e-07,True,CONVERGED,float64,cuda:0
forward,0,297,9.581345294844812e-07,True,CONVERGED,float64,cuda:0
forward,1,298,9.941372976861444e-07,True,CONVERGED,float64,cuda:0
forward,2,290,9.981672318569012e-07,True,CONVERGED,float64,cuda:0
adjoint,0,293,9.97879441415366e-07,True,CONVERGED,float64,cuda:0
adjoint,1,300,9.200621989462942e-07,True,CONVERGED,float64,cuda:0
adjoint,2,298,9.690399313732043e-07,True,CONVERGED,float64,cuda:0
forward,0,297,9.58292823625039e-07,True,CONVERGED,float64,cuda:0
forward,1,298,9.94174989878214e-07,True,CONVERGED,float64,cuda:0
forward,2,290,9.844352352220794e-07,True,CONVERGED,float64,cuda:0
adjoint,0,293,9.925203222191675e-07,True,CONVERGED,float64,cuda:0
adjoint,1,300,9.200575612975422e-07,True,CONVERGED,float64,cuda:0
adjoint,2,298,9.622566177850318e-07,True,CONVERGED,float64,cuda:0
forward,0,297,9.583532430812007e-07,True,CONVERGED,float64,cuda:0
forward,1,298,9.944051192761094e-07,True,CONVERGED,float64,cuda:0
forward,2,290,9.692677730198247e-07,True,CONVERGED,float64,cuda:0
adjoint,0,293,9.866853784000428e-07,True,CONVERGED,float64,cuda:0
adjoint,1,300,9.203602598277024e-07,True,CONVERGED,float64,cuda:0
adjoint,2,298,9.546501718142055e-07,True,CONVERGED,float64,cuda:0
forward,0,297,9.583003574462234e-07,True,CONVERGED,float64,cuda:0
forward,1,298,9.948272370911503e-07,True,CONVERGED,float64,cuda:0
forward,2,289,9.842536071964282e-07,True,CONVERGED,float64,cuda:0
adjoint,0,293,9.804995408175183e-07,True,CONVERGED,float64,cuda:0
adjoint,1,300,9.209061095705723e-07,True,CONVERGED,float64,cuda:0
adjoint,2,298,9.463278093533956e-07,True,CONVERGED,float64,cuda:0
forward,0,297,9.581171685890417e-07,True,CONVERGED,float64,cuda:0
forward,1,298,9.954318304113729e-07,True,CONVERGED,float64,cuda:0
forward,2,289,9.649533862169626e-07,True,CONVERGED,float64,cuda:0
adjoint,0,293,9.741964300315292e-07,True,CONVERGED,float64,cuda:0
adjoint,1,300,9.216421516170924e-07,True,CONVERGED,float64,cuda:0
adjoint,2,298,9.374055663857986e-07,True,CONVERGED,float64,cuda:0
forward,0,297,9.577862596220243e-07,True,CONVERGED,float64,cuda:0
forward,1,298,9.962044258272324e-07,True,CONVERGED,float64,cuda:0
forward,2,288,9.866515712671726e-07,True,CONVERGED,float64,cuda:0
adjoint,0,293,9.682098435869182e-07,True,CONVERGED,float64,cuda:0
adjoint,1,300,9.225254660299973e-07,True,CONVERGED,float64,cuda:0
adjoint,2,298,9.280007162338927e-07,True,CONVERGED,float64,cuda:0
forward,0,297,9.57288417657853e-07,True,CONVERGED,float64,cuda:0
forward,1,298,9.971320975037593e-07,True,CONVERGED,float64,cuda:0
forward,2,288,9.614562985272838e-07,True,CONVERGED,float64,cuda:0
adjoint,0,293,9.631925382167043e-07,True,CONVERGED,float64,cuda:0
adjoint,1,300,9.235204707869161e-07,True,CONVERGED,float64,cuda:0
adjoint,2,298,9.182499564124309e-07,True,CONVERGED,float64,cuda:0
forward,0,297,9.566050431464067e-07,True,CONVERGED,float64,cuda:0
forward,1,298,9.982275437276505e-07,True,CONVERGED,float64,cuda:0
forward,2,288,9.331499082354914e-07,True,CONVERGED,float64,cuda:0
adjoint,0,293,9.596653532644753e-07,True,CONVERGED,float64,cuda:0
adjoint,1,300,9.245991417895739e-07,True,CONVERGED,float64,cuda:0
adjoint,2,298,9.08309899644322e-07,True,CONVERGED,float64,cuda:0
forward,0,297,9.55717277890303e-07,True,CONVERGED,float64,cuda:0
forward,1,298,9.995461660967598e-07,True,CONVERGED,float64,cuda:0
forward,2,288,9.012273620640844e-07,True,CONVERGED,float64,cuda:0
adjoint,0,293,9.560815307067247e-07,True,CONVERGED,float64,cuda:0
adjoint,1,300,9.257379241188087e-07,True,CONVERGED,float64,cuda:0
adjoint,2,298,8.98376395837365e-07,True,CONVERGED,float64,cuda:0
forward,0,297,9.546061390959145e-07,True,CONVERGED,float64,cuda:0
forward,1,299,9.27816746586623e-07,True,CONVERGED,float64,cuda:0
forward,2,287,9.753898643016086e-07,True,CONVERGED,float64,cuda:0
adjoint,0,293,9.426084873540546e-07,True,CONVERGED,float64,cuda:0
adjoint,1,300,9.269173731436906e-07,True,CONVERGED,float64,cuda:0
adjoint,2,298,8.887134320098714e-07,True,CONVERGED,float64,cuda:0
forward,0,297,9.532542270298534e-07,True,CONVERGED,float64,cuda:0
forward,1,299,9.296200697617685e-07,True,CONVERGED,float64,cuda:0
forward,2,286,9.815827635174926e-07,True,CONVERGED,float64,cuda:0
adjoint,0,293,9.285308211469103e-07,True,CONVERGED,float64,cuda:0
adjoint,1,300,9.281206402311449e-07,True,CONVERGED,float64,cuda:0
adjoint,2,297,9.98556624089689e-07,True,CONVERGED,float64,cuda:0
forward,0,297,9.516485395420895e-07,True,CONVERGED,float64,cuda:0
forward,1,299,9.318375599190027e-07,True,CONVERGED,float64,cuda:0
forward,2,285,9.97599277642592e-07,True,CONVERGED,float64,cuda:0
adjoint,0,293,9.142682291384079e-07,True,CONVERGED,float64,cuda:0
adjoint,1,300,9.293322700324651e-07,True,CONVERGED,float64,cuda:0
adjoint,2,297,9.910761234664414e-07,True,CONVERGED,float64,cuda:0
forward,0,297,9.497795074411977e-07,True,CONVERGED,float64,cuda:0
forward,1,299,9.343302089596025e-07,True,CONVERGED,float64,cuda:0
forward,2,283,9.909502668392224e-07,True,CONVERGED,float64,cuda:0
adjoint,0,293,9.015691819295387e-07,True,CONVERGED,float64,cuda:0
adjoint,1,300,9.305383036416026e-07,True,CONVERGED,float64,cuda:0
adjoint,2,297,9.85619095631946e-07,True,CONVERGED,float64,cuda:0
forward,0,297,9.4764411906542e-07,True,CONVERGED,float64,cuda:0
forward,1,299,9.368788753646341e-07,True,CONVERGED,float64,cuda:0
forward,2,282,9.860984100686708e-07,True,CONVERGED,float64,cuda:0
adjoint,0,292,9.98565265778353e-07,True,CONVERGED,float64,cuda:0
adjoint,1,300,9.317259014870998e-07,True,CONVERGED,float64,cuda:0
adjoint,2,297,9.833517492498779e-07,True,CONVERGED,float64,cuda:0
forward,0,297,9.452508626235049e-07,True,CONVERGED,float64,cuda:0
forward,1,299,9.392585315542663e-07,True,CONVERGED,float64,cuda:0
forward,2,282,9.259763795338029e-07,True,CONVERGED,float64,cuda:0
adjoint,0,292,9.89466083017148e-07,True,CONVERGED,float64,cuda:0
adjoint,1,300,9.32883985274309e-07,True,CONVERGED,float64,cuda:0
adjoint,2,297,9.85913118706041e-07,True,CONVERGED,float64,cuda:0
forward,0,297,9.426220301449886e-07,True,CONVERGED,float64,cuda:0
forward,1,299,9.412923571059152e-07,True,CONVERGED,float64,cuda:0
forward,2,281,9.484067353992844e-07,True,CONVERGED,float64,cuda:0
adjoint,0,292,9.78346165784012e-07,True,CONVERGED,float64,cuda:0
adjoint,1,300,9.340047782556856e-07,True,CONVERGED,float64,cuda:0
adjoint,2,297,9.954770746079688e-07,True,CONVERGED,float64,cuda:0
forward,0,297,9.397965727665531e-07,True,CONVERGED,float64,cuda:0
forward,1,299,9.428815422216203e-07,True,CONVERGED,float64,cuda:0
forward,2,281,8.942925292798464e-07,True,CONVERGED,float64,cuda:0
adjoint,0,291,9.922213581566704e-07,True,CONVERGED,float64,cuda:0
adjoint,1,300,9.350859801070424e-07,True,CONVERGED,float64,cuda:0
adjoint,2,298,8.938282180155929e-07,True,CONVERGED,float64,cuda:0
forward,0,297,9.368352070742871e-07,True,CONVERGED,float64,cuda:0
forward,1,299,9.440071387914598e-07,True,CONVERGED,float64,cuda:0
forward,2,280,9.69864867457379e-07,True,CONVERGED,float64,cuda:0
adjoint,0,291,9.76551965444677e-07,True,CONVERGED,float64,cuda:0
adjoint,1,300,9.361316628857612e-07,True,CONVERGED,float64,cuda:0
adjoint,2,298,9.250412425838171e-07,True,CONVERGED,float64,cuda:0
forward,0,297,9.338170192359139e-07,True,CONVERGED,float64,cuda:0
forward,1,299,9.447079684971627e-07,True,CONVERGED,float64,cuda:0
forward,2,280,9.407416999383229e-07,True,CONVERGED,float64,cuda:0
adjoint,0,291,9.596479885188868e-07,True,CONVERGED,float64,cuda:0
adjoint,1,300,9.371534549842203e-07,True,CONVERGED,float64,cuda:0
adjoint,2,298,9.70946706937657e-07,True,CONVERGED,float64,cuda:0
forward,0,297,9.308377942887239e-07,True,CONVERGED,float64,cuda:0
forward,1,299,9.450640529860794e-07,True,CONVERGED,float64,cuda:0
forward,2,280,9.307254023225474e-07,True,CONVERGED,float64,cuda:0
adjoint,0,290,9.85499165165264e-07,True,CONVERGED,float64,cuda:0
adjoint,1,300,9.381658735424451e-07,True,CONVERGED,float64,cuda:0
adjoint,2,299,9.829209760761165e-07,True,CONVERGED,float64,cuda:0
forward,0,297,9.280025127103435e-07,True,CONVERGED,float64,cuda:0
forward,1,299,9.451716645945129e-07,True,CONVERGED,float64,cuda:0
forward,2,280,9.393037536897837e-07,True,CONVERGED,float64,cuda:0
adjoint,0,290,9.682412468250613e-07,True,CONVERGED,float64,cuda:0
adjoint,1,300,9.391832479961841e-07,True,CONVERGED,float64,cuda:0
adjoint,2,302,9.118519466704272e-07,True,CONVERGED,float64,cuda:0
forward,0,297,9.254129292366448e-07,True,CONVERGED,float64,cuda:0
forward,1,299,9.451263673974873e-07,True,CONVERGED,float64,cuda:0
forward,2,280,9.623852370198943e-07,True,CONVERGED,float64,cuda:0
adjoint,0,290,9.6309962556344e-07,True,CONVERGED,float64,cuda:0
adjoint,1,300,9.402135928619652e-07,True,CONVERGED,float64,cuda:0
adjoint,2,302,9.418081445117725e-07,True,CONVERGED,float64,cuda:0
forward,0,297,9.231573749198631e-07,True,CONVERGED,float64,cuda:0
forward,1,299,9.450093337076553e-07,True,CONVERGED,float64,cuda:0
forward,2,280,9.955242875743364e-07,True,CONVERGED,float64,cuda:0
adjoint,0,290,9.493931272701243e-07,True,CONVERGED,float64,cuda:0
adjoint,1,300,9.412553564391035e-07,True,CONVERGED,float64,cuda:0
adjoint,2,302,9.948401837182837e-07,True,CONVERGED,float64,cuda:0
forward,0,297,9.213028382223203e-07,True,CONVERGED,float64,cuda:0
forward,1,299,9.448819019246722e-07,True,CONVERGED,float64,cuda:0
forward,2,281,9.236968235669318e-07,True,CONVERGED,float64,cuda:0
adjoint,0,290,9.385248939541555e-07,True,CONVERGED,float64,cuda:0
adjoint,1,300,9.422977109064949e-07,True,CONVERGED,float64,cuda:0
adjoint,2,303,9.200859899339954e-07,True,CONVERGED,float64,cuda:0
forward,0,297,9.198875556890468e-07,True,CONVERGED,float64,cuda:0
forward,1,299,9.447837961332307e-07,True,CONVERGED,float64,cuda:0
forward,2,281,9.722001226725884e-07,True,CONVERGED,float64,cuda:0
adjoint,0,289,9.904880107469257e-07,True,CONVERGED,float64,cuda:0
adjoint,1,300,9.433230692788018e-07,True,CONVERGED,float64,cuda:0
adjoint,2,303,9.50328333525797e-07,True,CONVERGED,float64,cuda:0
forward,0,297,9.18923741935165e-07,True,CONVERGED,float64,cuda:0
forward,1,299,9.447392309529211e-07,True,CONVERGED,float64,cuda:0
forward,2,282,9.516656711716036e-07,True,CONVERGED,float64,cuda:0
adjoint,0,289,9.967873540026163e-07,True,CONVERGED,float64,cuda:0
adjoint,1,300,9.443099062819474e-07,True,CONVERGED,float64,cuda:0
adjoint,2,303,9.76468357305021e-07,True,CONVERGED,float64,cuda:0
forward,0,297,9.183947939800589e-07,True,CONVERGED,float64,cuda:0
forward,1,299,9.447571912670412e-07,True,CONVERGED,float64,cuda:0
forward,2,282,9.966085936675338e-07,True,CONVERGED,float64,cuda:0
adjoint,0,289,9.973522933303126e-07,True,CONVERGED,float64,cuda:0
adjoint,1,300,9.452380314139615e-07,True,CONVERGED,float64,cuda:0
adjoint,2,303,9.985180934613508e-07,True,CONVERGED,float64,cuda:0
forward,0,297,9.182643453215784e-07,True,CONVERGED,float64,cuda:0
forward,1,299,9.448391996082404e-07,True,CONVERGED,float64,cuda:0
forward,2,283,9.659716026448687e-07,True,CONVERGED,float64,cuda:0
adjoint,0,289,9.9494954733e-07,True,CONVERGED,float64,cuda:0
adjoint,1,300,9.460897144747144e-07,True,CONVERGED,float64,cuda:0
adjoint,2,304,9.019230496576352e-07,True,CONVERGED,float64,cuda:0
forward,0,297,9.184829835517579e-07,True,CONVERGED,float64,cuda:0
forward,1,299,9.449812060353783e-07,True,CONVERGED,float64,cuda:0
forward,2,284,9.71071463856172e-07,True,CONVERGED,float64,cuda:0
adjoint,0,289,9.90468276529374e-07,True,CONVERGED,float64,cuda:0
adjoint,1,300,9.46851670557671e-07,True,CONVERGED,float64,cuda:0
adjoint,2,304,9.133438521565684e-07,True,CONVERGED,float64,cuda:0
forward,0,297,9.189927236303644e-07,True,CONVERGED,float64,cuda:0
forward,1,299,9.451753657948924e-07,True,CONVERGED,float64,cuda:0
forward,2,285,9.773384026151108e-07,True,CONVERGED,float64,cuda:0
adjoint,0,289,9.846408239977763e-07,True,CONVERGED,float64,cuda:0
adjoint,1,300,9.475167660083659e-07,True,CONVERGED,float64,cuda:0
adjoint,2,304,9.226156089721763e-07,True,CONVERGED,float64,cuda:0
forward,0,297,9.197358426260498e-07,True,CONVERGED,float64,cuda:0
forward,1,299,9.454134848353035e-07,True,CONVERGED,float64,cuda:0
forward,2,286,9.175122049465006e-07,True,CONVERGED,float64,cuda:0
adjoint,0,289,9.802247126157021e-07,True,CONVERGED,float64,cuda:0
adjoint,1,300,9.480819639645675e-07,True,CONVERGED,float64,cuda:0
adjoint,2,304,9.300200041007168e-07,True,CONVERGED,float64,cuda:0
forward,0,297,9.206567077410345e-07,True,CONVERGED,float64,cuda:0
forward,1,299,9.456863146865611e-07,True,CONVERGED,float64,cuda:0
forward,2,286,9.376053698462895e-07,True,CONVERGED,float64,cuda:0
adjoint,0,289,9.797612859912352e-07,True,CONVERGED,float64,cuda:0
adjoint,1,300,9.485503808129471e-07,True,CONVERGED,float64,cuda:0
adjoint,2,304,9.357780432326326e-07,True,CONVERGED,float64,cuda:0
forward,0,297,9.217053736585395e-07,True,CONVERGED,float64,cuda:0
forward,1,299,9.45984551263021e-07,True,CONVERGED,float64,cuda:0
forward,2,286,9.54733299401589e-07,True,CONVERGED,float64,cuda:0
adjoint,0,289,9.76133026464054e-07,True,CONVERGED,float64,cuda:0
adjoint,1,300,9.489293385387818e-07,True,CONVERGED,float64,cuda:0
adjoint,2,304,9.400580889902334e-07,True,CONVERGED,float64,cuda:0
forward,0,297,9.228417292669299e-07,True,CONVERGED,float64,cuda:0
forward,1,299,9.463004426125594e-07,True,CONVERGED,float64,cuda:0
forward,2,286,9.693753818563054e-07,True,CONVERGED,float64,cuda:0
adjoint,0,289,9.731630894345276e-07,True,CONVERGED,float64,cuda:0
adjoint,1,300,9.49229530984456e-07,True,CONVERGED,float64,cuda:0
adjoint,2,304,9.429882470726117e-07,True,CONVERGED,float64,cuda:0
forward,0,297,9.240305626827255e-07,True,CONVERGED,float64,cuda:0
forward,1,299,9.466248871358042e-07,True,CONVERGED,float64,cuda:0
forward,2,286,9.819756735862923e-07,True,CONVERGED,float64,cuda:0
adjoint,0,289,9.707010883209205e-07,True,CONVERGED,float64,cuda:0
adjoint,1,300,9.494654237406504e-07,True,CONVERGED,float64,cuda:0
adjoint,2,304,9.446642107944895e-07,True,CONVERGED,float64,cuda:0
forward,0,297,9.252467341564701e-07,True,CONVERGED,float64,cuda:0
forward,1,299,9.469513880455086e-07,True,CONVERGED,float64,cuda:0
forward,2,286,9.928985810281553e-07,True,CONVERGED,float64,cuda:0
adjoint,0,289,9.680784465470827e-07,True,CONVERGED,float64,cuda:0
adjoint,1,300,9.496529935723046e-07,True,CONVERGED,float64,cuda:0
adjoint,2,304,9.451536686941981e-07,True,CONVERGED,float64,cuda:0
forward,0,297,9.264715365188561e-07,True,CONVERGED,float64,cuda:0
forward,1,299,9.472741746293372e-07,True,CONVERGED,float64,cuda:0
forward,2,287,9.405861465916375e-07,True,CONVERGED,float64,cuda:0
adjoint,0,289,9.650578411321932e-07,True,CONVERGED,float64,cuda:0
adjoint,1,300,9.498097831414028e-07,True,CONVERGED,float64,cuda:0
adjoint,2,304,9.445063554239396e-07,True,CONVERGED,float64,cuda:0
forward,0,297,9.27690758850127e-07,True,CONVERGED,float64,cuda:0
forward,1,299,9.47587471574176e-07,True,CONVERGED,float64,cuda:0
forward,2,287,9.486054320935594e-07,True,CONVERGED,float64,cuda:0
adjoint,0,289,9.615996814272896e-07,True,CONVERGED,float64,cuda:0
adjoint,1,300,9.499534151819645e-07,True,CONVERGED,float64,cuda:0
adjoint,2,304,9.427534352662959e-07,True,CONVERGED,float64,cuda:0
forward,0,297,9.288971070043877e-07,True,CONVERGED,float64,cuda:0
forward,1,299,9.478875537989242e-07,True,CONVERGED,float64,cuda:0
forward,2,287,9.559103522735174e-07,True,CONVERGED,float64,cuda:0
adjoint,0,289,9.57506290636473e-07,True,CONVERGED,float64,cuda:0
adjoint,1,300,9.501011924075556e-07,True,CONVERGED,float64,cuda:0
adjoint,2,304,9.399151406105634e-07,True,CONVERGED,float64,cuda:0
forward,0,297,9.300852792310484e-07,True,CONVERGED,float64,cuda:0
forward,1,299,9.481709446276342e-07,True,CONVERGED,float64,cuda:0
forward,2,287,9.626833640205256e-07,True,CONVERGED,float64,cuda:0
adjoint,0,289,9.524166474799377e-07,True,CONVERGED,float64,cuda:0
adjoint,1,300,9.50269520563228e-07,True,CONVERGED,float64,cuda:0
adjoint,2,304,9.360013629031553e-07,True,CONVERGED,float64,cuda:0
forward,0,297,9.312537953063568e-07,True,CONVERGED,float64,cuda:0
forward,1,299,9.484365406957434e-07,True,CONVERGED,float64,cuda:0
forward,2,287,9.690741349668633e-07,True,CONVERGED,float64,cuda:0
adjoint,0,289,9.461636040764541e-07,True,CONVERGED,float64,cuda:0
adjoint,1,300,9.504724839115218e-07,True,CONVERGED,float64,cuda:0
adjoint,2,304,9.310201190715294e-07,True,CONVERGED,float64,cuda:0
forward,0,297,9.324029141236783e-07,True,CONVERGED,float64,cuda:0
forward,1,299,9.48683268777052e-07,True,CONVERGED,float64,cuda:0
forward,2,287,9.751905083314485e-07,True,CONVERGED,float64,cuda:0
adjoint,0,289,9.397611252171248e-07,True,CONVERGED,float64,cuda:0
adjoint,1,300,9.507227172110737e-07,True,CONVERGED,float64,cuda:0
adjoint,2,304,9.249797819127647e-07,True,CONVERGED,float64,cuda:0
forward,0,297,9.335338148579229e-07,True,CONVERGED,float64,cuda:0
forward,1,299,9.489109562246489e-07,True,CONVERGED,float64,cuda:0
forward,2,287,9.811229443747744e-07,True,CONVERGED,float64,cuda:0
adjoint,0,289,9.363549057072025e-07,True,CONVERGED,float64,cuda:0
adjoint,1,300,9.510297942696403e-07,True,CONVERGED,float64,cuda:0
adjoint,2,304,9.178934226619472e-07,True,CONVERGED,float64,cuda:0
forward,0,297,9.346495534299617e-07,True,CONVERGED,float64,cuda:0
forward,1,299,9.491210923098533e-07,True,CONVERGED,float64,cuda:0
forward,2,287,9.869341133740491e-07,True,CONVERGED,float64,cuda:0
adjoint,0,289,9.378628914981547e-07,True,CONVERGED,float64,cuda:0
adjoint,1,300,9.514006851619815e-07,True,CONVERGED,float64,cuda:0
adjoint,2,304,9.097872394246725e-07,True,CONVERGED,float64,cuda:0
forward,0,297,9.357522221052995e-07,True,CONVERGED,float64,cuda:0
forward,1,299,9.493153364077486e-07,True,CONVERGED,float64,cuda:0
forward,2,287,9.926640514952047e-07,True,CONVERGED,float64,cuda:0
adjoint,0,289,9.395130177190666e-07,True,CONVERGED,float64,cuda:0
adjoint,1,300,9.518395768712672e-07,True,CONVERGED,float64,cuda:0
adjoint,2,304,9.007070736507945e-07,True,CONVERGED,float64,cuda:0
forward,0,297,9.368457427945747e-07,True,CONVERGED,float64,cuda:0
forward,1,299,9.494958540424156e-07,True,CONVERGED,float64,cuda:0
forward,2,287,9.98342478852002e-07,True,CONVERGED,float64,cuda:0
adjoint,0,289,9.378113691093134e-07,True,CONVERGED,float64,cuda:0
adjoint,1,300,9.523477165096591e-07,True,CONVERGED,float64,cuda:0
adjoint,2,303,9.996548507288884e-07,True,CONVERGED,float64,cuda:0
forward,0,297,9.379326843103561e-07,True,CONVERGED,float64,cuda:0
forward,1,299,9.49664661204986e-07,True,CONVERGED,float64,cuda:0
forward,2,288,8.817089029482968e-07,True,CONVERGED,float64,cuda:0
adjoint,0,289,9.355305940830181e-07,True,CONVERGED,float64,cuda:0
adjoint,1,300,9.52923140601201e-07,True,CONVERGED,float64,cuda:0
adjoint,2,303,9.855397588959999e-07,True,CONVERGED,float64,cuda:0
forward,0,297,9.390161004087752e-07,True,CONVERGED,float64,cuda:0
forward,1,299,9.4982440749918e-07,True,CONVERGED,float64,cuda:0
forward,2,288,8.874477984642972e-07,True,CONVERGED,float64,cuda:0
adjoint,0,289,9.348181121717007e-07,True,CONVERGED,float64,cuda:0
adjoint,1,300,9.535615981686581e-07,True,CONVERGED,float64,cuda:0
adjoint,2,303,9.706710381653398e-07,True,CONVERGED,float64,cuda:0
forward,0,297,9.400986093613641e-07,True,CONVERGED,float64,cuda:0
forward,1,299,9.499770645222342e-07,True,CONVERGED,float64,cuda:0
forward,2,288,8.931574730519891e-07,True,CONVERGED,float64,cuda:0
adjoint,0,289,9.355703660685639e-07,True,CONVERGED,float64,cuda:0
adjoint,1,300,9.542561567488776e-07,True,CONVERGED,float64,cuda:0
adjoint,2,303,9.552831204506958e-07,True,CONVERGED,float64,cuda:0
forward,0,297,9.411822512027605e-07,True,CONVERGED,float64,cuda:0
forward,1,299,9.501241395437055e-07,True,CONVERGED,float64,cuda:0
forward,2,288,8.988270434858017e-07,True,CONVERGED,float64,cuda:0
adjoint,0,289,9.371055106976669e-07,True,CONVERGED,float64,cuda:0
adjoint,1,300,9.54997696602237e-07,True,CONVERGED,float64,cuda:0
adjoint,2,303,9.396498127798252e-07,True,CONVERGED,float64,cuda:0
forward,0,297,9.422685214115897e-07,True,CONVERGED,float64,cuda:0
forward,1,299,9.502670576816652e-07,True,CONVERGED,float64,cuda:0
forward,2,288,9.044429340950749e-07,True,CONVERGED,float64,cuda:0
adjoint,0,289,9.389187746152956e-07,True,CONVERGED,float64,cuda:0
adjoint,1,300,9.557759991060186e-07,True,CONVERGED,float64,cuda:0
adjoint,2,303,9.240709399780943e-07,True,CONVERGED,float64,cuda:0
forward,0,297,9.433593526073387e-07,True,CONVERGED,float64,cuda:0
forward,1,299,9.504064753223739e-07,True,CONVERGED,float64,cuda:0
forward,2,288,9.099946389450647e-07,True,CONVERGED,float64,cuda:0
adjoint,0,289,9.407387416790675e-07,True,CONVERGED,float64,cuda:0
adjoint,1,300,9.565801861681756e-07,True,CONVERGED,float64,cuda:0
adjoint,2,303,9.088600368789055e-07,True,CONVERGED,float64,cuda:0
forward,0,297,9.444547478849981e-07,True,CONVERGED,float64,cuda:0
forward,1,299,9.505425619958412e-07,True,CONVERGED,float64,cuda:0
forward,2,288,9.154764864680561e-07,True,CONVERGED,float64,cuda:0
adjoint,0,289,9.424419070446027e-07,True,CONVERGED,float64,cuda:0
adjoint,1,300,9.573989072792391e-07,True,CONVERGED,float64,cuda:0
adjoint,2,302,9.970550678845886e-07,True,CONVERGED,float64,cuda:0
forward,0,297,9.455543615583841e-07,True,CONVERGED,float64,cuda:0
forward,1,299,9.506741468828292e-07,True,CONVERGED,float64,cuda:0
forward,2,288,9.208878351095237e-07,True,CONVERGED,float64,cuda:0
adjoint,0,289,9.439824262907937e-07,True,CONVERGED,float64,cuda:0
adjoint,1,300,9.58220488429666e-07,True,CONVERGED,float64,cuda:0
adjoint,2,302,9.810084645594754e-07,True,CONVERGED,float64,cuda:0
forward,0,297,9.466565035200721e-07,True,CONVERGED,float64,cuda:0
forward,1,299,9.50800513873129e-07,True,CONVERGED,float64,cuda:0
forward,2,288,9.262359163055349e-07,True,CONVERGED,float64,cuda:0
adjoint,0,289,9.453518694032185e-07,True,CONVERGED,float64,cuda:0
adjoint,1,300,9.590350850841777e-07,True,CONVERGED,float64,cuda:0
adjoint,2,302,9.664400487339225e-07,True,CONVERGED,float64,cuda:0
forward,0,297,9.477598664499239e-07,True,CONVERGED,float64,cuda:0
forward,1,299,9.509195787579098e-07,True,CONVERGED,float64,cuda:0
forward,2,288,9.31526926107638e-07,True,CONVERGED,float64,cuda:0
adjoint,0,289,9.465594005627668e-07,True,CONVERGED,float64,cuda:0
adjoint,1,300,9.598339450568117e-07,True,CONVERGED,float64,cuda:0
adjoint,2,302,9.535630970639783e-07,True,CONVERGED,float64,cuda:0
forward,0,297,9.4886167517563e-07,True,CONVERGED,float64,cuda:0
forward,1,299,9.510293146159146e-07,True,CONVERGED,float64,cuda:0
forward,2,288,9.367776529428484e-07,True,CONVERGED,float64,cuda:0
adjoint,0,289,9.476203006686826e-07,True,CONVERGED,float64,cuda:0
adjoint,1,300,9.606096988105968e-07,True,CONVERGED,float64,cuda:0
adjoint,2,302,9.425330674935958e-07,True,CONVERGED,float64,cuda:0
forward,0,297,9.499571204276611e-07,True,CONVERGED,float64,cuda:0
forward,1,299,9.511267774433921e-07,True,CONVERGED,float64,cuda:0
forward,2,288,9.420131157102472e-07,True,CONVERGED,float64,cuda:0
adjoint,0,289,9.485511439758524e-07,True,CONVERGED,float64,cuda:0
adjoint,1,300,9.61356761529142e-07,True,CONVERGED,float64,cuda:0
adjoint,2,302,9.33424829293656e-07,True,CONVERGED,float64,cuda:0
forward,0,297,9.510424107858053e-07,True,CONVERGED,float64,cuda:0
forward,1,299,9.512089669186491e-07,True,CONVERGED,float64,cuda:0
forward,2,288,9.472565380326947e-07,True,CONVERGED,float64,cuda:0
adjoint,0,289,9.493681246316925e-07,True,CONVERGED,float64,cuda:0
adjoint,1,300,9.62072200267978e-07,True,CONVERGED,float64,cuda:0
adjoint,2,302,9.262630641848437e-07,True,CONVERGED,float64,cuda:0
forward,0,297,9.521131324094956e-07,True,CONVERGED,float64,cuda:0
forward,1,299,9.512733362488224e-07,True,CONVERGED,float64,cuda:0
forward,2,288,9.525299598714738e-07,True,CONVERGED,float64,cuda:0
adjoint,0,289,9.500861483415642e-07,True,CONVERGED,float64,cuda:0
adjoint,1,300,9.627548520731314e-07,True,CONVERGED,float64,cuda:0
adjoint,2,302,9.210206592004294e-07,True,CONVERGED,float64,cuda:0
forward,0,297,9.531633856170754e-07,True,CONVERGED,float64,cuda:0
forward,1,299,9.513161977750194e-07,True,CONVERGED,float64,cuda:0
forward,2,288,9.578662273101127e-07,True,CONVERGED,float64,cuda:0
adjoint,0,289,9.507171145188867e-07,True,CONVERGED,float64,cuda:0
adjoint,1,300,9.63404866892775e-07,True,CONVERGED,float64,cuda:0
adjoint,2,302,9.176210871017522e-07,True,CONVERGED,float64,cuda:0
forward,0,297,9.541881323993026e-07,True,CONVERGED,float64,cuda:0
forward,1,299,9.513352033622086e-07,True,CONVERGED,float64,cuda:0
forward,2,288,9.632890527970636e-07,True,CONVERGED,float64,cuda:0
adjoint,0,289,9.512714314016629e-07,True,CONVERGED,float64,cuda:0
adjoint,1,300,9.640247352160112e-07,True,CONVERGED,float64,cuda:0
adjoint,2,302,9.159513815978824e-07,True,CONVERGED,float64,cuda:0
forward,0,297,9.551818597149466e-07,True,CONVERGED,float64,cuda:0
forward,1,299,9.513262972129063e-07,True,CONVERGED,float64,cuda:0
forward,2,288,9.688302840608086e-07,True,CONVERGED,float64,cuda:0
adjoint,0,289,9.51756967421731e-07,True,CONVERGED,float64,cuda:0
adjoint,1,300,9.646171156332577e-07,True,CONVERGED,float64,cuda:0
adjoint,2,302,9.158726485074745e-07,True,CONVERGED,float64,cuda:0
forward,0,297,9.561394291102678e-07,True,CONVERGED,float64,cuda:0
forward,1,299,9.512878596912944e-07,True,CONVERGED,float64,cuda:0
forward,2,288,9.745104335819015e-07,True,CONVERGED,float64,cuda:0
adjoint,0,289,9.521808655110299e-07,True,CONVERGED,float64,cuda:0
adjoint,1,300,9.651870640595208e-07,True,CONVERGED,float64,cuda:0
adjoint,2,302,9.172307095203452e-07,True,CONVERGED,float64,cuda:0
forward,0,297,9.57056075458158e-07,True,CONVERGED,float64,cuda:0
forward,1,299,9.512176227413707e-07,True,CONVERGED,float64,cuda:0
forward,2,288,9.80347262675772e-07,True,CONVERGED,float64,cuda:0
adjoint,0,289,9.525488263089452e-07,True,CONVERGED,float64,cuda:0
adjoint,1,300,9.65739322283704e-07,True,CONVERGED,float64,cuda:0
adjoint,2,302,9.19850317017189e-07,True,CONVERGED,float64,cuda:0
forward,0,297,9.579279059396008e-07,True,CONVERGED,float64,cuda:0
forward,1,299,9.511148353902701e-07,True,CONVERGED,float64,cuda:0
forward,2,288,9.863545468420908e-07,True,CONVERGED,float64,cuda:0
adjoint,0,289,9.528658545355971e-07,True,CONVERGED,float64,cuda:0
adjoint,1,300,9.662804497424783e-07,True,CONVERGED,float64,cuda:0
adjoint,2,302,9.235600488026147e-07,True,CONVERGED,float64,cuda:0
forward,0,297,9.58750195616494e-07,True,CONVERGED,float64,cuda:0
forward,1,299,9.509776576836139e-07,True,CONVERGED,float64,cuda:0
forward,2,288,9.925477900546442e-07,True,CONVERGED,float64,cuda:0
adjoint,0,289,9.53134873543242e-07,True,CONVERGED,float64,cuda:0
adjoint,1,300,9.668150658718308e-07,True,CONVERGED,float64,cuda:0
adjoint,2,302,9.281722086147257e-07,True,CONVERGED,float64,cuda:0
forward,0,297,9.595205958394132e-07,True,CONVERGED,float64,cuda:0
forward,1,299,9.508071206293263e-07,True,CONVERGED,float64,cuda:0
forward,2,288,9.98927563742382e-07,True,CONVERGED,float64,cuda:0
adjoint,0,289,9.533601203893691e-07,True,CONVERGED,float64,cuda:0
adjoint,1,300,9.673496272852542e-07,True,CONVERGED,float64,cuda:0
adjoint,2,302,9.335133413658598e-07,True,CONVERGED,float64,cuda:0
forward,0,297,9.602368862190646e-07,True,CONVERGED,float64,cuda:0
forward,1,299,9.506049022263889e-07,True,CONVERGED,float64,cuda:0
forward,2,289,9.919148628209173e-07,True,CONVERGED,float64,cuda:0
adjoint,0,289,9.535450202834661e-07,True,CONVERGED,float64,cuda:0
adjoint,1,300,9.67890314675697e-07,True,CONVERGED,float64,cuda:0
adjoint,2,302,9.394115473951721e-07,True,CONVERGED,float64,cuda:0
forward,0,297,9.608972698173795e-07,True,CONVERGED,float64,cuda:0
forward,1,299,9.503725723690707e-07,True,CONVERGED,float64,cuda:0
forward,2,289,9.986695270916487e-07,True,CONVERGED,float64,cuda:0
adjoint,0,289,9.5369242118856e-07,True,CONVERGED,float64,cuda:0
adjoint,1,300,9.684422889483442e-07,True,CONVERGED,float64,cuda:0
adjoint,2,302,9.45703414958199e-07,True,CONVERGED,float64,cuda:0
forward,0,297,9.61501184257053e-07,True,CONVERGED,float64,cuda:0
forward,1,299,9.501139715909784e-07,True,CONVERGED,float64,cuda:0
forward,2,290,9.746270907970345e-07,True,CONVERGED,float64,cuda:0
adjoint,0,289,9.538058701831378e-07,True,CONVERGED,float64,cuda:0
adjoint,1,300,9.69010768321416e-07,True,CONVERGED,float64,cuda:0
adjoint,2,302,9.522401900917913e-07,True,CONVERGED,float64,cuda:0
forward,0,297,9.620484498420172e-07,True,CONVERGED,float64,cuda:0
forward,1,299,9.498322196399608e-07,True,CONVERGED,float64,cuda:0
forward,2,290,9.81545764342361e-07,True,CONVERGED,float64,cuda:0
adjoint,0,289,9.538884420841124e-07,True,CONVERGED,float64,cuda:0
adjoint,1,300,9.696004399969218e-07,True,CONVERGED,float64,cuda:0
adjoint,2,302,9.58884769549398e-07,True,CONVERGED,float64,cuda:0
forward,0,297,9.625399880733004e-07,True,CONVERGED,float64,cuda:0
forward,1,299,9.495321880029938e-07,True,CONVERGED,float64,cuda:0
forward,2,290,9.885577791120913e-07,True,CONVERGED,float64,cuda:0
adjoint,0,289,9.53943874949733e-07,True,CONVERGED,float64,cuda:0
adjoint,1,300,9.702165317541744e-07,True,CONVERGED,float64,cuda:0
adjoint,2,302,9.6551808720293e-07,True,CONVERGED,float64,cuda:0
forward,0,297,9.629775764409096e-07,True,CONVERGED,float64,cuda:0
forward,1,299,9.49219207025617e-07,True,CONVERGED,float64,cuda:0
forward,2,290,9.956366120056979e-07,True,CONVERGED,float64,cuda:0
adjoint,0,289,9.539765801965712e-07,True,CONVERGED,float64,cuda:0
adjoint,1,300,9.708631638239443e-07,True,CONVERGED,float64,cuda:0
adjoint,2,302,9.720372524745845e-07,True,CONVERGED,float64,cuda:0
forward,0,297,9.633628224059738e-07,True,CONVERGED,float64,cuda:0
forward,1,299,9.488978329433021e-07,True,CONVERGED,float64,cuda:0
forward,2,291,9.87771935304463e-07,True,CONVERGED,float64,cuda:0
adjoint,0,289,9.539894407346993e-07,True,CONVERGED,float64,cuda:0
adjoint,1,300,9.71543083900645e-07,True,CONVERGED,float64,cuda:0
adjoint,2,302,9.783531660431309e-07,True,CONVERGED,float64,cuda:0
forward,0,297,9.636985918864202e-07,True,CONVERGED,float64,cuda:0
forward,1,299,9.485723840129974e-07,True,CONVERGED,float64,cuda:0
forward,2,291,9.946259470013643e-07,True,CONVERGED,float64,cuda:0
adjoint,0,289,9.539866556765344e-07,True,CONVERGED,float64,cuda:0
adjoint,1,300,9.722596826113357e-07,True,CONVERGED,float64,cuda:0
adjoint,2,302,9.843933412358946e-07,True,CONVERGED,float64,cuda:0
forward,0,297,9.639875620704708e-07,True,CONVERGED,float64,cuda:0
forward,1,299,9.482466796818102e-07,True,CONVERGED,float64,cuda:0
forward,2,292,9.810692500755107e-07,True,CONVERGED,float64,cuda:0
adjoint,0,289,9.539708427536615e-07,True,CONVERGED,float64,cuda:0
adjoint,1,300,9.730151808749252e-07,True,CONVERGED,float64,cuda:0
adjoint,2,302,9.900994099738091e-07,True,CONVERGED,float64,cuda:0
forward,0,297,9.642334952957499e-07,True,CONVERGED,float64,cuda:0
forward,1,299,9.479253535054415e-07,True,CONVERGED,float64,cuda:0
forward,2,292,9.873984796815407e-07,True,CONVERGED,float64,cuda:0
adjoint,0,289,9.539468298396805e-07,True,CONVERGED,float64,cuda:0
adjoint,1,300,9.738118684988916e-07,True,CONVERGED,float64,cuda:0
adjoint,2,302,9.954310875694266e-07,True,CONVERGED,float64,cuda:0
forward,0,297,9.644396958343452e-07,True,CONVERGED,float64,cuda:0
forward,1,299,9.476120118157319e-07,True,CONVERGED,float64,cuda:0
forward,2,292,9.936627525081434e-07,True,CONVERGED,float64,cuda:0
adjoint,0,289,9.53917703569061e-07,True,CONVERGED,float64,cuda:0
adjoint,1,300,9.746521979924002e-07,True,CONVERGED,float64,cuda:0
adjoint,2,303,8.978071096742354e-07,True,CONVERGED,float64,cuda:0
forward,0,297,9.646101579758403e-07,True,CONVERGED,float64,cuda:0
forward,1,299,9.473073485491144e-07,True,CONVERGED,float64,cuda:0
forward,2,292,9.998456440587228e-07,True,CONVERGED,float64,cuda:0
adjoint,0,289,9.538858343143688e-07,True,CONVERGED,float64,cuda:0
adjoint,1,300,9.755362291043185e-07,True,CONVERGED,float64,cuda:0
adjoint,2,303,9.016738855769505e-07,True,CONVERGED,float64,cuda:0
forward,0,297,9.647488918272607e-07,True,CONVERGED,float64,cuda:0
forward,1,299,9.470139003477765e-07,True,CONVERGED,float64,cuda:0
forward,2,293,9.579405190998693e-07,True,CONVERGED,float64,cuda:0
adjoint,0,289,9.538543187019527e-07,True,CONVERGED,float64,cuda:0
adjoint,1,300,9.764642525139199e-07,True,CONVERGED,float64,cuda:0
adjoint,2,303,9.051769376096868e-07,True,CONVERGED,float64,cuda:0
forward,0,297,9.648597912412915e-07,True,CONVERGED,float64,cuda:0
forward,1,299,9.467328773727799e-07,True,CONVERGED,float64,cuda:0
forward,2,293,9.632601512039218e-07,True,CONVERGED,float64,cuda:0
adjoint,0,289,9.5382577912918e-07,True,CONVERGED,float64,cuda:0
adjoint,1,300,9.774376604485996e-07,True,CONVERGED,float64,cuda:0
adjoint,2,303,9.083122557762342e-07,True,CONVERGED,float64,cuda:0
forward,0,297,9.649471779563733e-07,True,CONVERGED,float64,cuda:0
forward,1,299,9.46464644330457e-07,True,CONVERGED,float64,cuda:0
forward,2,293,9.684550318418114e-07,True,CONVERGED,float64,cuda:0
adjoint,0,289,9.538025212619278e-07,True,CONVERGED,float64,cuda:0
adjoint,1,300,9.78455896472574e-07,True,CONVERGED,float64,cuda:0
adjoint,2,303,9.110910315676104e-07,True,CONVERGED,float64,cuda:0
forward,0,297,9.650146428461017e-07,True,CONVERGED,float64,cuda:0
forward,1,299,9.462092451014625e-07,True,CONVERGED,float64,cuda:0
forward,2,293,9.735113787229221e-07,True,CONVERGED,float64,cuda:0
adjoint,0,289,9.537858541372378e-07,True,CONVERGED,float64,cuda:0
adjoint,1,300,9.7951860302172e-07,True,CONVERGED,float64,cuda:0
adjoint,2,303,9.135266919880286e-07,True,CONVERGED,float64,cuda:0
forward,0,297,9.650658207692486e-07,True,CONVERGED,float64,cuda:0
forward,1,299,9.459657112167684e-07,True,CONVERGED,float64,cuda:0
forward,2,293,9.784206157265507e-07,True,CONVERGED,float64,cuda:0
adjoint,0,289,9.537769610085284e-07,True,CONVERGED,float64,cuda:0
adjoint,1,300,9.806239895810081e-07,True,CONVERGED,float64,cuda:0
adjoint,2,303,9.156306438020056e-07,True,CONVERGED,float64,cuda:0
forward,0,297,9.65104366001681e-07,True,CONVERGED,float64,cuda:0
forward,1,299,9.457340833790091e-07,True,CONVERGED,float64,cuda:0
forward,2,293,9.831714918747555e-07,True,CONVERGED,float64,cuda:0
adjoint,0,289,9.537771078443419e-07,True,CONVERGED,float64,cuda:0
adjoint,1,300,9.817709871717467e-07,True,CONVERGED,float64,cuda:0
adjoint,2,303,9.174253149645331e-07,True,CONVERGED,float64,cuda:0
forward,0,297,9.651333371819355e-07,True,CONVERGED,float64,cuda:0
forward,1,299,9.455133283949623e-07,True,CONVERGED,float64,cuda:0
forward,2,293,9.877568083417671e-07,True,CONVERGED,float64,cuda:0
adjoint,0,289,9.537870376672063e-07,True,CONVERGED,float64,cuda:0
adjoint,1,300,9.829585422288045e-07,True,CONVERGED,float64,cuda:0
adjoint,2,303,9.189298102988167e-07,True,CONVERGED,float64,cuda:0
forward,0,297,9.651556657557767e-07,True,CONVERGED,float64,cuda:0
forward,1,299,9.453027811135559e-07,True,CONVERGED,float64,cuda:0
forward,2,293,9.92172241724897e-07,True,CONVERGED,float64,cuda:0
adjoint,0,289,9.538067722462925e-07,True,CONVERGED,float64,cuda:0
adjoint,1,300,9.841837273518274e-07,True,CONVERGED,float64,cuda:0
adjoint,2,303,9.201662880594765e-07,True,CONVERGED,float64,cuda:0
forward,0,297,9.651741063224542e-07,True,CONVERGED,float64,cuda:0
forward,1,299,9.451007664692991e-07,True,CONVERGED,float64,cuda:0
forward,2,293,9.96416061404831e-07,True,CONVERGED,float64,cuda:0
adjoint,0,289,9.538359674945008e-07,True,CONVERGED,float64,cuda:0
adjoint,1,300,9.854442829384727e-07,True,CONVERGED,float64,cuda:0
adjoint,2,303,9.211580066177901e-07,True,CONVERGED,float64,cuda:0
forward,0,297,9.65190501651677e-07,True,CONVERGED,float64,cuda:0
forward,1,299,9.449067997883383e-07,True,CONVERGED,float64,cuda:0
forward,2,294,9.449613764881743e-07,True,CONVERGED,float64,cuda:0
adjoint,0,289,9.538752704919141e-07,True,CONVERGED,float64,cuda:0
adjoint,1,300,9.867375512281032e-07,True,CONVERGED,float64,cuda:0
adjoint,2,303,9.219300643165851e-07,True,CONVERGED,float64,cuda:0
forward,0,297,9.652068454902108e-07,True,CONVERGED,float64,cuda:0
forward,1,299,9.447201226717688e-07,True,CONVERGED,float64,cuda:0
forward,2,294,9.483863689866271e-07,True,CONVERGED,float64,cuda:0
adjoint,0,289,9.539239978320028e-07,True,CONVERGED,float64,cuda:0
adjoint,1,300,9.880612389555913e-07,True,CONVERGED,float64,cuda:0
adjoint,2,303,9.225010974933053e-07,True,CONVERGED,float64,cuda:0
forward,0,297,9.652249794823151e-07,True,CONVERGED,float64,cuda:0
forward,1,299,9.445394408823042e-07,True,CONVERGED,float64,cuda:0
forward,2,294,9.51662111205921e-07,True,CONVERGED,float64,cuda:0
adjoint,0,289,9.539815207753231e-07,True,CONVERGED,float64,cuda:0
adjoint,1,300,9.894119520025002e-07,True,CONVERGED,float64,cuda:0
adjoint,2,303,9.228943694134844e-07,True,CONVERGED,float64,cuda:0
forward,0,297,9.652453865261847e-07,True,CONVERGED,float64,cuda:0
forward,1,299,9.443644607638831e-07,True,CONVERGED,float64,cuda:0
forward,2,294,9.547913773869857e-07,True,CONVERGED,float64,cuda:0
adjoint,0,289,9.540475287860094e-07,True,CONVERGED,float64,cuda:0
adjoint,1,300,9.90787493895743e-07,True,CONVERGED,float64,cuda:0
adjoint,2,303,9.231360416129824e-07,True,CONVERGED,float64,cuda:0
forward,0,297,9.65269546086641e-07,True,CONVERGED,float64,cuda:0
forward,1,299,9.441952435742114e-07,True,CONVERGED,float64,cuda:0
forward,2,294,9.577738811052995e-07,True,CONVERGED,float64,cuda:0
adjoint,0,289,9.541219864217856e-07,True,CONVERGED,float64,cuda:0
adjoint,1,300,9.921857254326098e-07,True,CONVERGED,float64,cuda:0
adjoint,2,303,9.23245568014038e-07,True,CONVERGED,float64,cuda:0
forward,0,297,9.65297416902843e-07,True,CONVERGED,float64,cuda:0
forward,1,299,9.440296045494294e-07,True,CONVERGED,float64,cuda:0
forward,2,294,9.606187824518835e-07,True,CONVERGED,float64,cuda:0
adjoint,0,289,9.542027557680184e-07,True,CONVERGED,float64,cuda:0
adjoint,1,300,9.936010525122054e-07,True,CONVERGED,float64,cuda:0
adjoint,2,303,9.232406078798578e-07,True,CONVERGED,float64,cuda:0
forward,0,297,9.653294254403388e-07,True,CONVERGED,float64,cuda:0
forward,1,299,9.438686573574387e-07,True,CONVERGED,float64,cuda:0
forward,2,294,9.633273170591649e-07,True,CONVERGED,float64,cuda:0
adjoint,0,289,9.542904396484324e-07,True,CONVERGED,float64,cuda:0
adjoint,1,300,9.950338795793606e-07,True,CONVERGED,float64,cuda:0
adjoint,2,303,9.231397676500167e-07,True,CONVERGED,float64,cuda:0
forward,0,297,9.653655308693629e-07,True,CONVERGED,float64,cuda:0
forward,1,299,9.437113515137161e-07,True,CONVERGED,float64,cuda:0
forward,2,294,9.65905725254859e-07,True,CONVERGED,float64,cuda:0
adjoint,0,289,9.543837034191252e-07,True,CONVERGED,float64,cuda:0
adjoint,1,300,9.964790918875992e-07,True,CONVERGED,float64,cuda:0
adjoint,2,303,9.229625014203495e-07,True,CONVERGED,float64,cuda:0
forward,0,297,9.654054927131148e-07,True,CONVERGED,float64,cuda:0
forward,1,299,9.43557385066027e-07,True,CONVERGED,float64,cuda:0
forward,2,294,9.683609562944604e-07,True,CONVERGED,float64,cuda:0
adjoint,0,289,9.5448174351063e-07,True,CONVERGED,float64,cuda:0
adjoint,1,300,9.979349879400134e-07,True,CONVERGED,float64,cuda:0
adjoint,2,303,9.227230120339266e-07,True,CONVERGED,float64,cuda:0
forward,0,297,9.654486265761528e-07,True,CONVERGED,float64,cuda:0
forward,1,299,9.434076165216642e-07,True,CONVERGED,float64,cuda:0
forward,2,294,9.706972258044696e-07,True,CONVERGED,float64,cuda:0
adjoint,0,289,9.545845001549302e-07,True,CONVERGED,float64,cuda:0
adjoint,1,300,9.993991634538298e-07,True,CONVERGED,float64,cuda:0
adjoint,2,303,9.224371636628365e-07,True,CONVERGED,float64,cuda:0
forward,0,297,9.755752597438577e-07,True,CONVERGED,float64,cuda:0
forward,1,298,9.778951659046887e-07,True,CONVERGED,float64,cuda:0
forward,2,294,9.992872760116204e-07,True,CONVERGED,float64,cuda:0
adjoint,0,289,9.31879235329044e-07,True,CONVERGED,float64,cuda:0
adjoint,1,301,9.164258920418604e-07,True,CONVERGED,float64,cuda:0
adjoint,2,305,9.111874729814294e-07,True,CONVERGED,float64,cuda:0
forward,0,297,9.754608053061785e-07,True,CONVERGED,float64,cuda:0
forward,1,298,9.77712046417684e-07,True,CONVERGED,float64,cuda:0
forward,2,295,9.499540391260166e-07,True,CONVERGED,float64,cuda:0
adjoint,0,289,9.319086064421128e-07,True,CONVERGED,float64,cuda:0
adjoint,1,301,9.157622054935356e-07,True,CONVERGED,float64,cuda:0
adjoint,2,305,9.05823768278875e-07,True,CONVERGED,float64,cuda:0
forward,0,297,9.751401808164773e-07,True,CONVERGED,float64,cuda:0
forward,1,298,9.771971968731196e-07,True,CONVERGED,float64,cuda:0
forward,2,295,9.583124904557283e-07,True,CONVERGED,float64,cuda:0
adjoint,0,289,9.318559803500225e-07,True,CONVERGED,float64,cuda:0
adjoint,1,301,9.15087491458661e-07,True,CONVERGED,float64,cuda:0
adjoint,2,305,8.957187258913174e-07,True,CONVERGED,float64,cuda:0
forward,0,297,9.746100170149889e-07,True,CONVERGED,float64,cuda:0
forward,1,298,9.764259888237886e-07,True,CONVERGED,float64,cuda:0
forward,2,295,9.692372102158967e-07,True,CONVERGED,float64,cuda:0
adjoint,0,289,9.317499780323579e-07,True,CONVERGED,float64,cuda:0
adjoint,1,301,9.14453556072442e-07,True,CONVERGED,float64,cuda:0
adjoint,2,304,9.863103371473428e-07,True,CONVERGED,float64,cuda:0
forward,0,297,9.738742979525122e-07,True,CONVERGED,float64,cuda:0
forward,1,298,9.754829262510645e-07,True,CONVERGED,float64,cuda:0
forward,2,295,9.818011287612104e-07,True,CONVERGED,float64,cuda:0
adjoint,0,289,9.316241723753961e-07,True,CONVERGED,float64,cuda:0
adjoint,1,301,9.139157366130176e-07,True,CONVERGED,float64,cuda:0
adjoint,2,304,9.621513045522107e-07,True,CONVERGED,float64,cuda:0
forward,0,297,9.729531138645798e-07,True,CONVERGED,float64,cuda:0
forward,1,298,9.7442742990448e-07,True,CONVERGED,float64,cuda:0
forward,2,295,9.95098748660058e-07,True,CONVERGED,float64,cuda:0
adjoint,0,289,9.3151152785543e-07,True,CONVERGED,float64,cuda:0
adjoint,1,301,9.135245045875465e-07,True,CONVERGED,float64,cuda:0
adjoint,2,304,9.335795584794594e-07,True,CONVERGED,float64,cuda:0
forward,0,297,9.718919520098112e-07,True,CONVERGED,float64,cuda:0
forward,1,298,9.732733716432122e-07,True,CONVERGED,float64,cuda:0
forward,2,296,9.504154213066654e-07,True,CONVERGED,float64,cuda:0
adjoint,0,289,9.314385074831037e-07,True,CONVERGED,float64,cuda:0
adjoint,1,301,9.1331646935668e-07,True,CONVERGED,float64,cuda:0
adjoint,2,303,9.79409586612795e-07,True,CONVERGED,float64,cuda:0
forward,0,297,9.707608098322117e-07,True,CONVERGED,float64,cuda:0
forward,1,298,9.720011025411333e-07,True,CONVERGED,float64,cuda:0
forward,2,296,9.617827454594671e-07,True,CONVERGED,float64,cuda:0
adjoint,0,289,9.314146157744858e-07,True,CONVERGED,float64,cuda:0
adjoint,1,301,9.133035178752557e-07,True,CONVERGED,float64,cuda:0
adjoint,2,303,9.409114483365528e-07,True,CONVERGED,float64,cuda:0
forward,0,297,9.6964773275652e-07,True,CONVERGED,float64,cuda:0
forward,1,298,9.706054527866439e-07,True,CONVERGED,float64,cuda:0
forward,2,296,9.721644440456434e-07,True,CONVERGED,float64,cuda:0
adjoint,0,289,9.314315274257584e-07,True,CONVERGED,float64,cuda:0
adjoint,1,301,9.134687946509156e-07,True,CONVERGED,float64,cuda:0
adjoint,2,303,9.032109409641263e-07,True,CONVERGED,float64,cuda:0
forward,0,297,9.686464459104373e-07,True,CONVERGED,float64,cuda:0
forward,1,298,9.691296453577577e-07,True,CONVERGED,float64,cuda:0
forward,2,296,9.813512320472286e-07,True,CONVERGED,float64,cuda:0
adjoint,0,289,9.314677702904259e-07,True,CONVERGED,float64,cuda:0
adjoint,1,301,9.137696265766069e-07,True,CONVERGED,float64,cuda:0
adjoint,2,302,9.69961554058622e-07,True,CONVERGED,float64,cuda:0
forward,0,297,9.678465087767644e-07,True,CONVERGED,float64,cuda:0
forward,1,298,9.67654909823154e-07,True,CONVERGED,float64,cuda:0
forward,2,296,9.892650223768443e-07,True,CONVERGED,float64,cuda:0
adjoint,0,289,9.314941530777542e-07,True,CONVERGED,float64,cuda:0
adjoint,1,301,9.141474374937058e-07,True,CONVERGED,float64,cuda:0
adjoint,2,302,9.349014238636953e-07,True,CONVERGED,float64,cuda:0
forward,0,297,9.673211317293482e-07,True,CONVERGED,float64,cuda:0
forward,1,298,9.66278461306593e-07,True,CONVERGED,float64,cuda:0
forward,2,296,9.959123329137958e-07,True,CONVERGED,float64,cuda:0
adjoint,0,289,9.314843771056645e-07,True,CONVERGED,float64,cuda:0
adjoint,1,301,9.145422768550949e-07,True,CONVERGED,float64,cuda:0
adjoint,2,302,9.063297833671285e-07,True,CONVERGED,float64,cuda:0
forward,0,297,9.671206338621364e-07,True,CONVERGED,float64,cuda:0
forward,1,298,9.651051420540501e-07,True,CONVERGED,float64,cuda:0
forward,2,297,9.142445593913047e-07,True,CONVERGED,float64,cuda:0
adjoint,0,289,9.314238071142001e-07,True,CONVERGED,float64,cuda:0
adjoint,1,301,9.14905326819818e-07,True,CONVERGED,float64,cuda:0
adjoint,2,301,9.779621974236602e-07,True,CONVERGED,float64,cuda:0
forward,0,297,9.67268997598448e-07,True,CONVERGED,float64,cuda:0
forward,1,298,9.642447029789587e-07,True,CONVERGED,float64,cuda:0
forward,2,297,9.176225357675867e-07,True,CONVERGED,float64,cuda:0
adjoint,0,289,9.313109614630384e-07,True,CONVERGED,float64,cuda:0
adjoint,1,301,9.152073646619909e-07,True,CONVERGED,float64,cuda:0
adjoint,2,301,9.609262536626678e-07,True,CONVERGED,float64,cuda:0
forward,0,297,9.677599338790397e-07,True,CONVERGED,float64,cuda:0
forward,1,298,9.63795962657649e-07,True,CONVERGED,float64,cuda:0
forward,2,297,9.202393913735307e-07,True,CONVERGED,float64,cuda:0
adjoint,0,289,9.311609036647144e-07,True,CONVERGED,float64,cuda:0
adjoint,1,301,9.154414553621521e-07,True,CONVERGED,float64,cuda:0
adjoint,2,301,9.506582042706476e-07,True,CONVERGED,float64,cuda:0
forward,0,297,9.685629757111917e-07,True,CONVERGED,float64,cuda:0
forward,1,298,9.638132356590366e-07,True,CONVERGED,float64,cuda:0
forward,2,297,9.221587448006089e-07,True,CONVERGED,float64,cuda:0
adjoint,0,289,9.309981841097012e-07,True,CONVERGED,float64,cuda:0
adjoint,1,301,9.156185948444493e-07,True,CONVERGED,float64,cuda:0
adjoint,2,301,9.464153802224141e-07,True,CONVERGED,float64,cuda:0
forward,0,297,9.69626715167241e-07,True,CONVERGED,float64,cuda:0
forward,1,298,9.64281556938508e-07,True,CONVERGED,float64,cuda:0
forward,2,297,9.234354314684843e-07,True,CONVERGED,float64,cuda:0
adjoint,0,289,9.308542313883915e-07,True,CONVERGED,float64,cuda:0
adjoint,1,301,9.15764604577665e-07,True,CONVERGED,float64,cuda:0
adjoint,2,301,9.474552308770396e-07,True,CONVERGED,float64,cuda:0
forward,0,297,9.708851646698075e-07,True,CONVERGED,float64,cuda:0
forward,1,298,9.651280862076818e-07,True,CONVERGED,float64,cuda:0
forward,2,297,9.241198671674936e-07,True,CONVERGED,float64,cuda:0
adjoint,0,289,9.307572564661937e-07,True,CONVERGED,float64,cuda:0
adjoint,1,301,9.159142023342387e-07,True,CONVERGED,float64,cuda:0
adjoint,2,301,9.530487056111653e-07,True,CONVERGED,float64,cuda:0
forward,0,297,9.722645874297383e-07,True,CONVERGED,float64,cuda:0
forward,1,298,9.662499590217368e-07,True,CONVERGED,float64,cuda:0
forward,2,297,9.242619616851996e-07,True,CONVERGED,float64,cuda:0
adjoint,0,289,9.307330043481981e-07,True,CONVERGED,float64,cuda:0
adjoint,1,301,9.161117628039021e-07,True,CONVERGED,float64,cuda:0
adjoint,2,301,9.624521999406034e-07,True,CONVERGED,float64,cuda:0
forward,0,297,9.736911829307898e-07,True,CONVERGED,float64,cuda:0
forward,1,298,9.675504376034245e-07,True,CONVERGED,float64,cuda:0
forward,2,297,9.239152331636747e-07,True,CONVERGED,float64,cuda:0
adjoint,0,289,9.307992337104398e-07,True,CONVERGED,float64,cuda:0
adjoint,1,301,9.16411367492792e-07,True,CONVERGED,float64,cuda:0
adjoint,2,301,9.749004975173315e-07,True,CONVERGED,float64,cuda:0
forward,0,297,9.750943050013495e-07,True,CONVERGED,float64,cuda:0
forward,1,298,9.689500922627155e-07,True,CONVERGED,float64,cuda:0
forward,2,297,9.231417936834342e-07,True,CONVERGED,float64,cuda:0
adjoint,0,289,9.309665376702e-07,True,CONVERGED,float64,cuda:0
adjoint,1,301,9.168812151824466e-07,True,CONVERGED,float64,cuda:0
adjoint,2,301,9.895611345234931e-07,True,CONVERGED,float64,cuda:0
forward,0,297,9.764153484314778e-07,True,CONVERGED,float64,cuda:0
forward,1,298,9.703916971114546e-07,True,CONVERGED,float64,cuda:0
forward,2,297,9.220180826563344e-07,True,CONVERGED,float64,cuda:0
adjoint,0,289,9.312344763423107e-07,True,CONVERGED,float64,cuda:0
adjoint,1,301,9.176005018942319e-07,True,CONVERGED,float64,cuda:0
adjoint,2,302,9.081614502583713e-07,True,CONVERGED,float64,cuda:0
forward,0,297,9.77605991803041e-07,True,CONVERGED,float64,cuda:0
forward,1,298,9.71831477534152e-07,True,CONVERGED,float64,cuda:0
forward,2,297,9.206304095639895e-07,True,CONVERGED,float64,cuda:0
adjoint,0,289,9.315986297205307e-07,True,CONVERGED,float64,cuda:0
adjoint,1,301,9.186614744977383e-07,True,CONVERGED,float64,cuda:0
adjoint,2,302,9.22516449374025e-07,True,CONVERGED,float64,cuda:0
forward,0,297,9.786327413855257e-07,True,CONVERGED,float64,cuda:0
forward,1,298,9.732344429088116e-07,True,CONVERGED,float64,cuda:0
forward,2,297,9.190765231065619e-07,True,CONVERGED,float64,cuda:0
adjoint,0,289,9.320497573411242e-07,True,CONVERGED,float64,cuda:0
adjoint,1,301,9.201637626313024e-07,True,CONVERGED,float64,cuda:0
adjoint,2,302,9.362924289873029e-07,True,CONVERGED,float64,cuda:0
forward,0,297,9.794754102328653e-07,True,CONVERGED,float64,cuda:0
forward,1,298,9.745710576441248e-07,True,CONVERGED,float64,cuda:0
forward,2,297,9.174620188501878e-07,True,CONVERGED,float64,cuda:0
adjoint,0,289,9.325760454990587e-07,True,CONVERGED,float64,cuda:0
adjoint,1,301,9.222046871422267e-07,True,CONVERGED,float64,cuda:0
adjoint,2,302,9.486942203572346e-07,True,CONVERGED,float64,cuda:0
forward,0,297,9.801264274535196e-07,True,CONVERGED,float64,cuda:0
forward,1,298,9.75814953365532e-07,True,CONVERGED,float64,cuda:0
forward,2,297,9.158931754921486e-07,True,CONVERGED,float64,cuda:0
adjoint,0,289,9.331648807252333e-07,True,CONVERGED,float64,cuda:0
adjoint,1,301,9.248685741483307e-07,True,CONVERGED,float64,cuda:0
adjoint,2,302,9.590216468599763e-07,True,CONVERGED,float64,cuda:0
forward,0,297,9.805892316543043e-07,True,CONVERGED,float64,cuda:0
forward,1,298,9.769430042450185e-07,True,CONVERGED,float64,cuda:0
forward,2,297,9.144689450193502e-07,True,CONVERGED,float64,cuda:0
adjoint,0,289,9.338048166955732e-07,True,CONVERGED,float64,cuda:0
adjoint,1,301,9.282176004861572e-07,True,CONVERGED,float64,cuda:0
adjoint,2,302,9.667191729491085e-07,True,CONVERGED,float64,cuda:0
forward,0,297,9.80875693928085e-07,True,CONVERGED,float64,cuda:0
forward,1,298,9.77934386881823e-07,True,CONVERGED,float64,cuda:0
forward,2,296,9.986304059058117e-07,True,CONVERGED,float64,cuda:0
adjoint,0,289,9.34484781016078e-07,True,CONVERGED,float64,cuda:0
adjoint,1,301,9.322799504912893e-07,True,CONVERGED,float64,cuda:0
adjoint,2,302,9.713892356647838e-07,True,CONVERGED,float64,cuda:0
forward,0,297,9.810023496316987e-07,True,CONVERGED,float64,cuda:0
forward,1,298,9.787709416759041e-07,True,CONVERGED,float64,cuda:0
forward,2,296,9.975616774362565e-07,True,CONVERGED,float64,cuda:0
adjoint,0,289,9.351973764262622e-07,True,CONVERGED,float64,cuda:0
adjoint,1,301,9.370486366387795e-07,True,CONVERGED,float64,cuda:0
adjoint,2,302,9.728266791863133e-07,True,CONVERGED,float64,cuda:0
forward,0,297,9.809904824492538e-07,True,CONVERGED,float64,cuda:0
forward,1,298,9.794381480893565e-07,True,CONVERGED,float64,cuda:0
forward,2,296,9.969288463249182e-07,True,CONVERGED,float64,cuda:0
adjoint,0,289,9.359331726607389e-07,True,CONVERGED,float64,cuda:0
adjoint,1,301,9.424690224314872e-07,True,CONVERGED,float64,cuda:0
adjoint,2,302,9.709859815453469e-07,True,CONVERGED,float64,cuda:0
forward,0,297,9.808644649851483e-07,True,CONVERGED,float64,cuda:0
forward,1,298,9.799258304137062e-07,True,CONVERGED,float64,cuda:0
forward,2,296,9.96740188621609e-07,True,CONVERGED,float64,cuda:0
adjoint,0,289,9.366827555732025e-07,True,CONVERGED,float64,cuda:0
adjoint,1,301,9.484411982393113e-07,True,CONVERGED,float64,cuda:0
adjoint,2,302,9.65998270836641e-07,True,CONVERGED,float64,cuda:0
forward,0,297,9.80648091146486e-07,True,CONVERGED,float64,cuda:0
forward,1,298,9.802299131764043e-07,True,CONVERGED,float64,cuda:0
forward,2,296,9.969694196187248e-07,True,CONVERGED,float64,cuda:0
adjoint,0,289,9.374384179504849e-07,True,CONVERGED,float64,cuda:0
adjoint,1,301,9.54830547485961e-07,True,CONVERGED,float64,cuda:0
adjoint,2,302,9.581647653443491e-07,True,CONVERGED,float64,cuda:0
forward,0,297,9.803666078799258e-07,True,CONVERGED,float64,cuda:0
forward,1,298,9.803593214339192e-07,True,CONVERGED,float64,cuda:0
forward,2,296,9.975646580381608e-07,True,CONVERGED,float64,cuda:0
adjoint,0,289,9.38188372073003e-07,True,CONVERGED,float64,cuda:0
adjoint,1,301,9.614633117917725e-07,True,CONVERGED,float64,cuda:0
adjoint,2,302,9.479224519562062e-07,True,CONVERGED,float64,cuda:0
forward,0,297,9.800451688615946e-07,True,CONVERGED,float64,cuda:0
forward,1,298,9.803375187330984e-07,True,CONVERGED,float64,cuda:0
forward,2,296,9.984576171853013e-07,True,CONVERGED,float64,cuda:0
adjoint,0,289,9.389188497361205e-07,True,CONVERGED,float64,cuda:0
adjoint,1,301,9.681427542370116e-07,True,CONVERGED,float64,cuda:0
adjoint,2,302,9.357988665270477e-07,True,CONVERGED,float64,cuda:0
forward,0,297,9.797079154846792e-07,True,CONVERGED,float64,cuda:0
forward,1,298,9.802076921517727e-07,True,CONVERGED,float64,cuda:0
forward,2,296,9.995661011765379e-07,True,CONVERGED,float64,cuda:0
adjoint,0,289,9.396142787277187e-07,True,CONVERGED,float64,cuda:0
adjoint,1,301,9.74659620385987e-07,True,CONVERGED,float64,cuda:0
adjoint,2,302,9.224056517895736e-07,True,CONVERGED,float64,cuda:0
forward,0,297,9.793783538987268e-07,True,CONVERGED,float64,cuda:0
forward,1,298,9.800288513836749e-07,True,CONVERGED,float64,cuda:0
forward,2,297,9.143352732893774e-07,True,CONVERGED,float64,cuda:0
adjoint,0,289,9.402572917762859e-07,True,CONVERGED,float64,cuda:0
adjoint,1,301,9.80807411836684e-07,True,CONVERGED,float64,cuda:0
adjoint,2,302,9.083859006287206e-07,True,CONVERGED,float64,cuda:0
forward,0,297,9.790784462212918e-07,True,CONVERGED,float64,cuda:0
forward,1,298,9.798703987399012e-07,True,CONVERGED,float64,cuda:0
forward,2,297,9.152904647118467e-07,True,CONVERGED,float64,cuda:0
adjoint,0,289,9.408284079397341e-07,True,CONVERGED,float64,cuda:0
adjoint,1,301,9.8639103567014e-07,True,CONVERGED,float64,cuda:0
adjoint,2,301,9.925746936292358e-07,True,CONVERGED,float64,cuda:0
forward,0,297,9.788276495500027e-07,True,CONVERGED,float64,cuda:0
forward,1,298,9.797980249329445e-07,True,CONVERGED,float64,cuda:0
forward,2,297,9.162469195071801e-07,True,CONVERGED,float64,cuda:0
adjoint,0,289,9.41308468118929e-07,True,CONVERGED,float64,cuda:0
adjoint,1,301,9.912422270920237e-07,True,CONVERGED,float64,cuda:0
adjoint,2,301,9.776003588911017e-07,True,CONVERGED,float64,cuda:0
forward,0,297,9.786420903475627e-07,True,CONVERGED,float64,cuda:0
forward,1,298,9.798572742478625e-07,True,CONVERGED,float64,cuda:0
forward,2,297,9.171599694755554e-07,True,CONVERGED,float64,cuda:0
adjoint,0,289,9.416828059714096e-07,True,CONVERGED,float64,cuda:0
adjoint,1,301,9.952371986249473e-07,True,CONVERGED,float64,cuda:0
adjoint,2,301,9.638204190423358e-07,True,CONVERGED,float64,cuda:0
forward,0,297,9.785348453675383e-07,True,CONVERGED,float64,cuda:0
forward,1,298,9.800507714777098e-07,True,CONVERGED,float64,cuda:0
forward,2,297,9.179958073477258e-07,True,CONVERGED,float64,cuda:0
adjoint,0,289,9.419389311145574e-07,True,CONVERGED,float64,cuda:0
adjoint,1,301,9.982911690679772e-07,True,CONVERGED,float64,cuda:0
adjoint,2,301,9.516420882423067e-07,True,CONVERGED,float64,cuda:0
forward,0,297,9.785137648464714e-07,True,CONVERGED,float64,cuda:0
forward,1,298,9.80330608156944e-07,True,CONVERGED,float64,cuda:0
forward,2,297,9.187261883732291e-07,True,CONVERGED,float64,cuda:0
adjoint,0,289,9.420732674935223e-07,True,CONVERGED,float64,cuda:0
adjoint,1,302,8.743134778166447e-07,True,CONVERGED,float64,cuda:0
adjoint,2,301,9.41352936237735e-07,True,CONVERGED,float64,cuda:0
forward,0,297,9.785830149771245e-07,True,CONVERGED,float64,cuda:0
forward,1,298,9.806128171965248e-07,True,CONVERGED,float64,cuda:0
forward,2,297,9.193366971673477e-07,True,CONVERGED,float64,cuda:0
adjoint,0,289,9.420839059487866e-07,True,CONVERGED,float64,cuda:0
adjoint,1,302,8.754707580490184e-07,True,CONVERGED,float64,cuda:0
adjoint,2,301,9.331150631849641e-07,True,CONVERGED,float64,cuda:0
forward,0,297,9.787411003409692e-07,True,CONVERGED,float64,cuda:0
forward,1,298,9.808158376313442e-07,True,CONVERGED,float64,cuda:0
forward,2,297,9.198146090423224e-07,True,CONVERGED,float64,cuda:0
adjoint,0,289,9.419806081899788e-07,True,CONVERGED,float64,cuda:0
adjoint,1,302,8.75731064466635e-07,True,CONVERGED,float64,cuda:0
adjoint,2,301,9.27003145659217e-07,True,CONVERGED,float64,cuda:0
forward,0,297,9.789832810614115e-07,True,CONVERGED,float64,cuda:0
forward,1,298,9.80885327632227e-07,True,CONVERGED,float64,cuda:0
forward,2,297,9.201549986117074e-07,True,CONVERGED,float64,cuda:0
adjoint,0,289,9.417767144765209e-07,True,CONVERGED,float64,cuda:0
adjoint,1,302,8.751903969682116e-07,True,CONVERGED,float64,cuda:0
adjoint,2,301,9.230049205205052e-07,True,CONVERGED,float64,cuda:0
forward,0,297,9.793004494653717e-07,True,CONVERGED,float64,cuda:0
forward,1,298,9.80802983226104e-07,True,CONVERGED,float64,cuda:0
forward,2,297,9.203587917693208e-07,True,CONVERGED,float64,cuda:0
adjoint,0,289,9.414897218495542e-07,True,CONVERGED,float64,cuda:0
adjoint,1,301,9.99906611878723e-07,True,CONVERGED,float64,cuda:0
adjoint,2,301,9.21038237466538e-07,True,CONVERGED,float64,cuda:0
forward,0,297,9.796801439932685e-07,True,CONVERGED,float64,cuda:0
forward,1,298,9.80588467401218e-07,True,CONVERGED,float64,cuda:0
forward,2,297,9.204295297862357e-07,True,CONVERGED,float64,cuda:0
adjoint,0,289,9.411423484211673e-07,True,CONVERGED,float64,cuda:0
adjoint,1,301,9.981253516870165e-07,True,CONVERGED,float64,cuda:0
adjoint,2,301,9.209746639442734e-07,True,CONVERGED,float64,cuda:0
forward,0,297,9.80108434839597e-07,True,CONVERGED,float64,cuda:0
forward,1,298,9.80279080547829e-07,True,CONVERGED,float64,cuda:0
forward,2,297,9.203761700105053e-07,True,CONVERGED,float64,cuda:0
adjoint,0,289,9.407555073486138e-07,True,CONVERGED,float64,cuda:0
adjoint,1,301,9.959595120830039e-07,True,CONVERGED,float64,cuda:0
adjoint,2,301,9.226390659578029e-07,True,CONVERGED,float64,cuda:0
forward,0,297,9.805684433938506e-07,True,CONVERGED,float64,cuda:0
forward,1,298,9.79926530588298e-07,True,CONVERGED,float64,cuda:0
forward,2,297,9.202068903410677e-07,True,CONVERGED,float64,cuda:0
adjoint,0,289,9.403550400165671e-07,True,CONVERGED,float64,cuda:0
adjoint,1,301,9.935734610649332e-07,True,CONVERGED,float64,cuda:0
adjoint,2,301,9.258316098749716e-07,True,CONVERGED,float64,cuda:0
forward,0,297,9.810443551252978e-07,True,CONVERGED,float64,cuda:0
forward,1,298,9.795708631610205e-07,True,CONVERGED,float64,cuda:0
forward,2,297,9.199381913111606e-07,True,CONVERGED,float64,cuda:0
adjoint,0,289,9.399586007029494e-07,True,CONVERGED,float64,cuda:0
adjoint,1,301,9.910999612146997e-07,True,CONVERGED,float64,cuda:0
adjoint,2,301,9.303114897613197e-07,True,CONVERGED,float64,cuda:0
forward,0,297,9.815204183939184e-07,True,CONVERGED,float64,cuda:0
forward,1,298,9.792463062376115e-07,True,CONVERGED,float64,cuda:0
forward,2,297,9.195854254350953e-07,True,CONVERGED,float64,cuda:0
adjoint,0,289,9.395849764579028e-07,True,CONVERGED,float64,cuda:0
adjoint,1,301,9.886697827385107e-07,True,CONVERGED,float64,cuda:0
adjoint,2,301,9.358284206563212e-07,True,CONVERGED,float64,cuda:0
forward,0,297,9.819813880027716e-07,True,CONVERGED,float64,cuda:0
forward,1,298,9.78971334270497e-07,True,CONVERGED,float64,cuda:0
forward,2,297,9.19165746777844e-07,True,CONVERGED,float64,cuda:0
adjoint,0,289,9.392487035496342e-07,True,CONVERGED,float64,cuda:0
adjoint,1,301,9.863929067446886e-07,True,CONVERGED,float64,cuda:0
adjoint,2,301,9.421206498528634e-07,True,CONVERGED,float64,cuda:0
forward,0,297,9.824145703606823e-07,True,CONVERGED,float64,cuda:0
forward,1,298,9.787523670702213e-07,True,CONVERGED,float64,cuda:0
forward,2,297,9.186989806877018e-07,True,CONVERGED,float64,cuda:0
adjoint,0,289,9.389608639756266e-07,True,CONVERGED,float64,cuda:0
adjoint,1,301,9.843560116762798e-07,True,CONVERGED,float64,cuda:0
adjoint,2,301,9.48913447153911e-07,True,CONVERGED,float64,cuda:0
forward,0,297,9.82809708840117e-07,True,CONVERGED,float64,cuda:0
forward,1,298,9.785873335830781e-07,True,CONVERGED,float64,cuda:0
forward,2,297,9.182050645698537e-07,True,CONVERGED,float64,cuda:0
adjoint,0,289,9.38727772980076e-07,True,CONVERGED,float64,cuda:0
adjoint,1,301,9.82622502024494e-07,True,CONVERGED,float64,cuda:0
adjoint,2,301,9.559418660896147e-07,True,CONVERGED,float64,cuda:0
forward,0,297,9.83159072463118e-07,True,CONVERGED,float64,cuda:0
forward,1,298,9.784713012656725e-07,True,CONVERGED,float64,cuda:0
forward,2,297,9.177018467328396e-07,True,CONVERGED,float64,cuda:0
adjoint,0,289,9.385548877264134e-07,True,CONVERGED,float64,cuda:0
adjoint,1,301,9.812408278290248e-07,True,CONVERGED,float64,cuda:0
adjoint,2,301,9.629616280353715e-07,True,CONVERGED,float64,cuda:0
forward,0,297,9.83457195708885e-07,True,CONVERGED,float64,cuda:0
forward,1,298,9.78395815387635e-07,True,CONVERGED,float64,cuda:0
forward,2,297,9.172088125481096e-07,True,CONVERGED,float64,cuda:0
adjoint,0,289,9.384422538182303e-07,True,CONVERGED,float64,cuda:0
adjoint,1,301,9.802322744567967e-07,True,CONVERGED,float64,cuda:0
adjoint,2,301,9.697462241226503e-07,True,CONVERGED,float64,cuda:0
forward,0,297,9.837022043122519e-07,True,CONVERGED,float64,cuda:0
forward,1,298,9.78355164635705e-07,True,CONVERGED,float64,cuda:0
forward,2,297,9.167417697031598e-07,True,CONVERGED,float64,cuda:0
adjoint,0,289,9.383901089007317e-07,True,CONVERGED,float64,cuda:0
adjoint,1,301,9.79610540738674e-07,True,CONVERGED,float64,cuda:0
adjoint,2,301,9.761035285969945e-07,True,CONVERGED,float64,cuda:0
forward,0,297,9.838946967016303e-07,True,CONVERGED,float64,cuda:0
forward,1,298,9.783444699742697e-07,True,CONVERGED,float64,cuda:0
forward,2,297,9.163160199767974e-07,True,CONVERGED,float64,cuda:0
adjoint,0,289,9.3839368013895e-07,True,CONVERGED,float64,cuda:0
adjoint,1,301,9.793630267425906e-07,True,CONVERGED,float64,cuda:0
adjoint,2,301,9.81875789150711e-07,True,CONVERGED,float64,cuda:0
forward,0,297,9.840370866317111e-07,True,CONVERGED,float64,cuda:0
forward,1,298,9.783619192363098e-07,True,CONVERGED,float64,cuda:0
forward,2,297,9.159411554143434e-07,True,CONVERGED,float64,cuda:0
adjoint,0,289,9.384504220836356e-07,True,CONVERGED,float64,cuda:0
adjoint,1,301,9.79477948972747e-07,True,CONVERGED,float64,cuda:0
adjoint,2,301,9.86962814263546e-07,True,CONVERGED,float64,cuda:0
forward,0,297,9.84134555838569e-07,True,CONVERGED,float64,cuda:0
forward,1,298,9.784059245157754e-07,True,CONVERGED,float64,cuda:0
forward,2,297,9.15626839803232e-07,True,CONVERGED,float64,cuda:0
adjoint,0,289,9.385530384103406e-07,True,CONVERGED,float64,cuda:0
adjoint,1,301,9.799215653507558e-07,True,CONVERGED,float64,cuda:0
adjoint,2,301,9.91284536349136e-07,True,CONVERGED,float64,cuda:0
forward,0,297,9.841928378637432e-07,True,CONVERGED,float64,cuda:0
forward,1,298,9.784776613131407e-07,True,CONVERGED,float64,cuda:0
forward,2,297,9.153765317325479e-07,True,CONVERGED,float64,cuda:0
adjoint,0,289,9.386971924963888e-07,True,CONVERGED,float64,cuda:0
adjoint,1,301,9.806636152637373e-07,True,CONVERGED,float64,cuda:0
adjoint,2,301,9.94816145720749e-07,True,CONVERGED,float64,cuda:0
forward,0,297,9.84219807146779e-07,True,CONVERGED,float64,cuda:0
forward,1,298,9.785774939854623e-07,True,CONVERGED,float64,cuda:0
forward,2,297,9.151936003282411e-07,True,CONVERGED,float64,cuda:0
adjoint,0,289,9.388735715426725e-07,True,CONVERGED,float64,cuda:0
adjoint,1,301,9.816555081818984e-07,True,CONVERGED,float64,cuda:0
adjoint,2,301,9.975627426248015e-07,True,CONVERGED,float64,cuda:0
forward,0,297,9.842236154249702e-07,True,CONVERGED,float64,cuda:0
forward,1,298,9.78706099361667e-07,True,CONVERGED,float64,cuda:0
forward,2,297,9.15077123341291e-07,True,CONVERGED,float64,cuda:0
adjoint,0,289,9.390752335757551e-07,True,CONVERGED,float64,cuda:0
adjoint,1,301,9.828508191653312e-07,True,CONVERGED,float64,cuda:0
adjoint,2,301,9.995604238001705e-07,True,CONVERGED,float64,cuda:0
forward,0,297,9.842128425056349e-07,True,CONVERGED,float64,cuda:0
forward,1,298,9.78863595081691e-07,True,CONVERGED,float64,cuda:0
forward,2,297,9.150232330049359e-07,True,CONVERGED,float64,cuda:0
adjoint,0,289,9.392944940998479e-07,True,CONVERGED,float64,cuda:0
adjoint,1,301,9.841983855987284e-07,True,CONVERGED,float64,cuda:0
adjoint,2,302,9.019437006529049e-07,True,CONVERGED,float64,cuda:0
forward,0,297,9.841953131786794e-07,True,CONVERGED,float64,cuda:0
forward,1,298,9.790476430922828e-07,True,CONVERGED,float64,cuda:0
forward,2,297,9.150272971970078e-07,True,CONVERGED,float64,cuda:0
adjoint,0,289,9.395233553180803e-07,True,CONVERGED,float64,cuda:0
adjoint,1,301,9.85645149951791e-07,True,CONVERGED,float64,cuda:0
adjoint,2,302,9.026405477871273e-07,True,CONVERGED,float64,cuda:0
forward,0,297,9.841796563216984e-07,True,CONVERGED,float64,cuda:0
forward,1,298,9.792549909916218e-07,True,CONVERGED,float64,cuda:0
forward,2,297,9.150837321593472e-07,True,CONVERGED,float64,cuda:0
adjoint,0,289,9.397535625284001e-07,True,CONVERGED,float64,cuda:0
adjoint,1,301,9.871370352948499e-07,True,CONVERGED,float64,cuda:0
adjoint,2,302,9.028785324374484e-07,True,CONVERGED,float64,cuda:0
forward,0,297,9.841731384433072e-07,True,CONVERGED,float64,cuda:0
forward,1,298,9.794792129634249e-07,True,CONVERGED,float64,cuda:0
forward,2,297,9.151853083284595e-07,True,CONVERGED,float64,cuda:0
adjoint,0,289,9.399777978300462e-07,True,CONVERGED,float64,cuda:0
adjoint,1,301,9.88624038426504e-07,True,CONVERGED,float64,cuda:0
adjoint,2,302,9.027480058618395e-07,True,CONVERGED,float64,cuda:0
forward,0,297,9.841823123555032e-07,True,CONVERGED,float64,cuda:0
forward,1,298,9.79711711014607e-07,True,CONVERGED,float64,cuda:0
forward,2,297,9.153252652358893e-07,True,CONVERGED,float64,cuda:0
adjoint,0,289,9.401890029414982e-07,True,CONVERGED,float64,cuda:0
adjoint,1,301,9.900574508553763e-07,True,CONVERGED,float64,cuda:0
adjoint,2,302,9.023351033299996e-07,True,CONVERGED,float64,cuda:0
forward,0,297,9.84212266872649e-07,True,CONVERGED,float64,cuda:0
forward,1,298,9.799443816645544e-07,True,CONVERGED,float64,cuda:0
forward,2,297,9.154974842785583e-07,True,CONVERGED,float64,cuda:0
adjoint,0,289,9.40380786868655e-07,True,CONVERGED,float64,cuda:0
adjoint,1,301,9.91396340850767e-07,True,CONVERGED,float64,cuda:0
adjoint,2,302,9.017149301635239e-07,True,CONVERGED,float64,cuda:0
forward,0,297,9.842672900552276e-07,True,CONVERGED,float64,cuda:0
forward,1,298,9.801685288569273e-07,True,CONVERGED,float64,cuda:0
forward,2,297,9.156943316610382e-07,True,CONVERGED,float64,cuda:0
adjoint,0,289,9.40549960605232e-07,True,CONVERGED,float64,cuda:0
adjoint,1,301,9.926104984541052e-07,True,CONVERGED,float64,cuda:0
adjoint,2,301,9.994298915353994e-07,True,CONVERGED,float64,cuda:0
forward,0,297,9.843500918602678e-07,True,CONVERGED,float64,cuda:0
forward,1,298,9.80374313812782e-07,True,CONVERGED,float64,cuda:0
forward,2,297,9.15911855072386e-07,True,CONVERGED,float64,cuda:0
adjoint,0,289,9.406914822706139e-07,True,CONVERGED,float64,cuda:0
adjoint,1,301,9.93669307427583e-07,True,CONVERGED,float64,cuda:0
adjoint,2,301,9.984629087183119e-07,True,CONVERGED,float64,cuda:0
forward,0,297,9.844625892962174e-07,True,CONVERGED,float64,cuda:0
forward,1,298,9.80555694481703e-07,True,CONVERGED,float64,cuda:0
forward,2,297,9.16144871983989e-07,True,CONVERGED,float64,cuda:0
adjoint,0,289,9.40803580804289e-07,True,CONVERGED,float64,cuda:0
adjoint,1,301,9.945560346551308e-07,True,CONVERGED,float64,cuda:0
adjoint,2,301,9.974784798922352e-07,True,CONVERGED,float64,cuda:0
forward,0,297,9.846046402605098e-07,True,CONVERGED,float64,cuda:0
forward,1,298,9.807079531934165e-07,True,CONVERGED,float64,cuda:0
forward,2,297,9.163888437297798e-07,True,CONVERGED,float64,cuda:0
adjoint,0,289,9.408860347949682e-07,True,CONVERGED,float64,cuda:0
adjoint,1,301,9.952642018550036e-07,True,CONVERGED,float64,cuda:0
adjoint,2,301,9.965244036274132e-07,True,CONVERGED,float64,cuda:0
forward,0,297,9.847754731804777e-07,True,CONVERGED,float64,cuda:0
forward,1,298,9.808304513744796e-07,True,CONVERGED,float64,cuda:0
forward,2,297,9.166401861935758e-07,True,CONVERGED,float64,cuda:0
adjoint,0,289,9.409405616550709e-07,True,CONVERGED,float64,cuda:0
adjoint,1,301,9.957959884594376e-07,True,CONVERGED,float64,cuda:0
adjoint,2,301,9.956332295862999e-07,True,CONVERGED,float64,cuda:0
forward,0,297,9.849741163834343e-07,True,CONVERGED,float64,cuda:0
forward,1,298,9.809214895412084e-07,True,CONVERGED,float64,cuda:0
forward,2,297,9.1689890871839e-07,True,CONVERGED,float64,cuda:0
adjoint,0,289,9.409667428905373e-07,True,CONVERGED,float64,cuda:0
adjoint,1,301,9.961523328557288e-07,True,CONVERGED,float64,cuda:0
adjoint,2,301,9.948116223783366e-07,True,CONVERGED,float64,cuda:0
forward,0,297,9.851976763790211e-07,True,CONVERGED,float64,cuda:0
forward,1,298,9.809840882050428e-07,True,CONVERGED,float64,cuda:0
forward,2,297,9.171630544111261e-07,True,CONVERGED,float64,cuda:0
adjoint,0,289,9.409680791872889e-07,True,CONVERGED,float64,cuda:0
adjoint,1,301,9.963486920410694e-07,True,CONVERGED,float64,cuda:0
adjoint,2,301,9.94074467165422e-07,True,CONVERGED,float64,cuda:0
forward,0,297,9.854437913936086e-07,True,CONVERGED,float64,cuda:0
forward,1,298,9.810216149170492e-07,True,CONVERGED,float64,cuda:0
forward,2,297,9.174327616611729e-07,True,CONVERGED,float64,cuda:0
adjoint,0,289,9.409472828515063e-07,True,CONVERGED,float64,cuda:0
adjoint,1,301,9.96400845453603e-07,True,CONVERGED,float64,cuda:0
adjoint,2,301,9.934131611042275e-07,True,CONVERGED,float64,cuda:0
forward,0,297,9.857086119966666e-07,True,CONVERGED,float64,cuda:0
forward,1,298,9.81038521134175e-07,True,CONVERGED,float64,cuda:0
forward,2,297,9.177077914941922e-07,True,CONVERGED,float64,cuda:0
adjoint,0,289,9.409090150413325e-07,True,CONVERGED,float64,cuda:0
adjoint,1,301,9.963334100528254e-07,True,CONVERGED,float64,cuda:0
adjoint,2,301,9.928188181498443e-07,True,CONVERGED,float64,cuda:0
forward,0,297,9.859891962396533e-07,True,CONVERGED,float64,cuda:0
forward,1,298,9.810406023531845e-07,True,CONVERGED,float64,cuda:0
forward,2,297,9.179877911597374e-07,True,CONVERGED,float64,cuda:0
adjoint,0,289,9.408577832009346e-07,True,CONVERGED,float64,cuda:0
adjoint,1,301,9.96172477353648e-07,True,CONVERGED,float64,cuda:0
adjoint,2,301,9.922827614970066e-07,True,CONVERGED,float64,cuda:0
forward,0,297,9.862819650665627e-07,True,CONVERGED,float64,cuda:0
forward,1,298,9.810312493214848e-07,True,CONVERGED,float64,cuda:0
forward,2,297,9.182748824313856e-07,True,CONVERGED,float64,cuda:0
adjoint,0,289,9.407971607567103e-07,True,CONVERGED,float64,cuda:0
adjoint,1,301,9.959399233885947e-07,True,CONVERGED,float64,cuda:0
adjoint,2,301,9.917758802149127e-07,True,CONVERGED,float64,cuda:0
forward,0,297,9.865839162100768e-07,True,CONVERGED,float64,cuda:0
forward,1,298,9.810141872426708e-07,True,CONVERGED,float64,cuda:0
forward,2,297,9.185695230098769e-07,True,CONVERGED,float64,cuda:0
adjoint,0,289,9.407308257456212e-07,True,CONVERGED,float64,cuda:0
adjoint,1,301,9.956591465748475e-07,True,CONVERGED,float64,cuda:0
adjoint,2,301,9.912851605428557e-07,True,CONVERGED,float64,cuda:0
forward,0,297,9.868927000294497e-07,True,CONVERGED,float64,cuda:0
forward,1,298,9.809917076076916e-07,True,CONVERGED,float64,cuda:0
forward,2,297,9.188741833218071e-07,True,CONVERGED,float64,cuda:0
adjoint,0,289,9.4066112478568e-07,True,CONVERGED,float64,cuda:0
adjoint,1,301,9.953488758535466e-07,True,CONVERGED,float64,cuda:0
adjoint,2,301,9.907823161910025e-07,True,CONVERGED,float64,cuda:0
forward,0,297,9.872054166761498e-07,True,CONVERGED,float64,cuda:0
forward,1,298,9.80967527316612e-07,True,CONVERGED,float64,cuda:0
forward,2,297,9.19188659021684e-07,True,CONVERGED,float64,cuda:0
adjoint,0,289,9.405931959188752e-07,True,CONVERGED,float64,cuda:0
adjoint,1,301,9.95036106027546e-07,True,CONVERGED,float64,cuda:0
adjoint,2,301,9.902541878741727e-07,True,CONVERGED,float64,cuda:0
forward,0,297,9.87520226134055e-07,True,CONVERGED,float64,cuda:0
forward,1,298,9.80944576692818e-07,True,CONVERGED,float64,cuda:0
forward,2,297,9.19512503758292e-07,True,CONVERGED,float64,cuda:0
adjoint,0,289,9.405302731777934e-07,True,CONVERGED,float64,cuda:0
adjoint,1,301,9.947409787574916e-07,True,CONVERGED,float64,cuda:0
adjoint,2,301,9.896945017208918e-07,True,CONVERGED,float64,cuda:0
forward,0,297,9.878360272887347e-07,True,CONVERGED,float64,cuda:0
forward,1,298,9.809235092857189e-07,True,CONVERGED,float64,cuda:0
forward,2,297,9.198482456963705e-07,True,CONVERGED,float64,cuda:0
adjoint,0,289,9.404734865495238e-07,True,CONVERGED,float64,cuda:0
adjoint,1,301,9.944754205436232e-07,True,CONVERGED,float64,cuda:0
adjoint,2,301,9.890752930157294e-07,True,CONVERGED,float64,cuda:0
forward,0,297,9.88152437646933e-07,True,CONVERGED,float64,cuda:0
forward,1,298,9.809050821750919e-07,True,CONVERGED,float64,cuda:0
forward,2,297,9.201951876808254e-07,True,CONVERGED,float64,cuda:0
adjoint,0,289,9.404243106027842e-07,True,CONVERGED,float64,cuda:0
adjoint,1,301,9.942487806715903e-07,True,CONVERGED,float64,cuda:0
adjoint,2,301,9.884028472510396e-07,True,CONVERGED,float64,cuda:0
forward,0,297,9.884691024024587e-07,True,CONVERGED,float64,cuda:0
forward,1,298,9.808907687610364e-07,True,CONVERGED,float64,cuda:0
forward,2,297,9.205545212617052e-07,True,CONVERGED,float64,cuda:0
adjoint,0,289,9.403841959753622e-07,True,CONVERGED,float64,cuda:0
adjoint,1,301,9.940709095266383e-07,True,CONVERGED,float64,cuda:0
adjoint,2,301,9.876656683107832e-07,True,CONVERGED,float64,cuda:0
forward,0,297,9.887866433937317e-07,True,CONVERGED,float64,cuda:0
forward,1,298,9.80880845480602e-07,True,CONVERGED,float64,cuda:0
forward,2,297,9.209255932925094e-07,True,CONVERGED,float64,cuda:0
adjoint,0,289,9.403533950973468e-07,True,CONVERGED,float64,cuda:0
adjoint,1,301,9.939454937246834e-07,True,CONVERGED,float64,cuda:0
adjoint,2,301,9.868688269219924e-07,True,CONVERGED,float64,cuda:0
forward,0,297,9.891061502374405e-07,True,CONVERGED,float64,cuda:0
forward,1,298,9.80875965754976e-07,True,CONVERGED,float64,cuda:0
forward,2,297,9.21308734213371e-07,True,CONVERGED,float64,cuda:0
adjoint,0,289,9.403315282024926e-07,True,CONVERGED,float64,cuda:0
adjoint,1,301,9.938723685719768e-07,True,CONVERGED,float64,cuda:0
adjoint,2,301,9.860136390171585e-07,True,CONVERGED,float64,cuda:0
forward,0,297,9.894288532900228e-07,True,CONVERGED,float64,cuda:0
forward,1,298,9.808769073444192e-07,True,CONVERGED,float64,cuda:0
forward,2,297,9.217034324240628e-07,True,CONVERGED,float64,cuda:0
adjoint,0,289,9.403188959763134e-07,True,CONVERGED,float64,cuda:0
adjoint,1,301,9.9385336935731e-07,True,CONVERGED,float64,cuda:0
adjoint,2,301,9.85107639797017e-07,True,CONVERGED,float64,cuda:0
forward,0,297,9.897563909032482e-07,True,CONVERGED,float64,cuda:0
forward,1,298,9.808840357630045e-07,True,CONVERGED,float64,cuda:0
forward,2,297,9.221083203653512e-07,True,CONVERGED,float64,cuda:0
adjoint,0,289,9.403151039463425e-07,True,CONVERGED,float64,cuda:0
adjoint,1,301,9.938845882395531e-07,True,CONVERGED,float64,cuda:0
adjoint,2,301,9.841674242828713e-07,True,CONVERGED,float64,cuda:0
forward,0,297,9.900905186731495e-07,True,CONVERGED,float64,cuda:0
forward,1,298,9.80896452880966e-07,True,CONVERGED,float64,cuda:0
forward,2,297,9.225253950047481e-07,True,CONVERGED,float64,cuda:0
adjoint,0,289,9.403170969678701e-07,True,CONVERGED,float64,cuda:0
adjoint,1,301,9.939547714881371e-07,True,CONVERGED,float64,cuda:0
adjoint,2,301,9.831881919153413e-07,True,CONVERGED,float64,cuda:0
forward,0,297,9.90433421369317e-07,True,CONVERGED,float64,cuda:0
forward,1,298,9.809151249106231e-07,True,CONVERGED,float64,cuda:0
forward,2,297,9.229518525059702e-07,True,CONVERGED,float64,cuda:0
adjoint,0,289,9.403252430256994e-07,True,CONVERGED,float64,cuda:0
adjoint,1,301,9.94060848815932e-07,True,CONVERGED,float64,cuda:0
adjoint,2,301,9.821951363767844e-07,True,CONVERGED,float64,cuda:0
forward,0,297,9.907865352251442e-07,True,CONVERGED,float64,cuda:0
forward,1,298,9.809400576788503e-07,True,CONVERGED,float64,cuda:0
forward,2,297,9.233890970268218e-07,True,CONVERGED,float64,cuda:0
adjoint,0,289,9.40337638300864e-07,True,CONVERGED,float64,cuda:0
adjoint,1,301,9.941939170191525e-07,True,CONVERGED,float64,cuda:0
adjoint,2,301,9.811862324679955e-07,True,CONVERGED,float64,cuda:0
forward,0,297,9.911525122331283e-07,True,CONVERGED,float64,cuda:0
forward,1,298,9.809701573543379e-07,True,CONVERGED,float64,cuda:0
forward,2,297,9.238364245657953e-07,True,CONVERGED,float64,cuda:0
adjoint,0,289,9.403517511170377e-07,True,CONVERGED,float64,cuda:0
adjoint,1,301,9.94340961231105e-07,True,CONVERGED,float64,cuda:0
adjoint,2,301,9.801791747187557e-07,True,CONVERGED,float64,cuda:0
forward,0,297,9.915319493915091e-07,True,CONVERGED,float64,cuda:0
forward,1,298,9.810073372839198e-07,True,CONVERGED,float64,cuda:0
forward,2,297,9.242919337854965e-07,True,CONVERGED,float64,cuda:0
adjoint,0,289,9.403685728916226e-07,True,CONVERGED,float64,cuda:0
adjoint,1,301,9.945013772168624e-07,True,CONVERGED,float64,cuda:0
adjoint,2,301,9.791846070066838e-07,True,CONVERGED,float64,cuda:0
forward,0,297,9.919272304492102e-07,True,CONVERGED,float64,cuda:0
forward,1,298,9.810486693815859e-07,True,CONVERGED,float64,cuda:0
forward,2,297,9.247581697844372e-07,True,CONVERGED,float64,cuda:0
adjoint,0,289,9.40383318385816e-07,True,CONVERGED,float64,cuda:0
adjoint,1,301,9.946544523220656e-07,True,CONVERGED,float64,cuda:0
adjoint,2,301,9.782008062765675e-07,True,CONVERGED,float64,cuda:0
forward,0,297,9.92338786147872e-07,True,CONVERGED,float64,cuda:0
forward,1,298,9.81096009929957e-07,True,CONVERGED,float64,cuda:0
forward,2,297,9.252340469680709e-07,True,CONVERGED,float64,cuda:0
adjoint,0,289,9.403962048349324e-07,True,CONVERGED,float64,cuda:0
adjoint,1,301,9.947986861139055e-07,True,CONVERGED,float64,cuda:0
adjoint,2,301,9.772299815466536e-07,True,CONVERGED,float64,cuda:0
forward,0,297,9.927671824539449e-07,True,CONVERGED,float64,cuda:0
forward,1,298,9.81148836547591e-07,True,CONVERGED,float64,cuda:0
forward,2,297,9.257184896409587e-07,True,CONVERGED,float64,cuda:0
adjoint,0,289,9.404059994286386e-07,True,CONVERGED,float64,cuda:0
adjoint,1,301,9.949250373671654e-07,True,CONVERGED,float64,cuda:0
adjoint,2,301,9.762877436548615e-07,True,CONVERGED,float64,cuda:0
forward,0,297,9.932128618601336e-07,True,CONVERGED,float64,cuda:0
forward,1,298,9.812071634193326e-07,True,CONVERGED,float64,cuda:0
forward,2,297,9.262116998791098e-07,True,CONVERGED,float64,cuda:0
adjoint,0,289,9.404114360994335e-07,True,CONVERGED,float64,cuda:0
adjoint,1,301,9.950276028310301e-07,True,CONVERGED,float64,cuda:0
adjoint,2,301,9.753675380801355e-07,True,CONVERGED,float64,cuda:0
forward,0,297,9.936756231869085e-07,True,CONVERGED,float64,cuda:0
forward,1,298,9.812710539380879e-07,True,CONVERGED,float64,cuda:0
forward,2,297,9.267142935200375e-07,True,CONVERGED,float64,cuda:0
adjoint,0,289,9.404112369431302e-07,True,CONVERGED,float64,cuda:0
adjoint,1,301,9.95099052409878e-07,True,CONVERGED,float64,cuda:0
adjoint,2,301,9.744645526885773e-07,True,CONVERGED,float64,cuda:0
