iteration,beta,alpha,binarization_weight,total_objective,thermal_smooth,exact_peak,total_variation,binarization_penalty,continuous_material_fraction,binary_material_fraction,gradient_norm_before_clipping,best_exact_peak,maximum_cg_iterations,maximum_explicit_relative_residual,wall_seconds
0,1.0,50.0,0.0,0.6297764195737814,0.6297703320429114,0.7185536170427336,0.006087530869990587,0.1873520016670227,0.25,0.0,0.009786090813577175,0.7185536170427336,298,9.961008434944852e-07,1.732873599990853
1,1.0,50.0,0.0,0.6236287190280867,0.6236224626302731,0.7126044383198404,0.0062563978135585785,0.1872972548007965,0.2499999850988388,0.0,0.009991739876568317,0.7126044383198404,294,9.813160443975958e-07,1.4754089000052772
2,1.0,50.0,0.0,0.6173127568194834,0.6173062065335182,0.7065507758782588,0.006550285965204239,0.1871190071105957,0.2499999701976776,0.0,0.01018025167286396,0.7065507758782588,295,9.916659569130525e-07,1.4935642999917036
3,1.0,50.0,0.0,0.6108530622775898,0.6108461617193417,0.7002857264440453,0.00690055824816227,0.1868244856595993,0.25,0.0,0.010340907610952854,0.7002857264440453,299,9.721878916448347e-07,1.5143211999966297
4,1.0,50.0,0.0,0.6042857009531882,0.6042784127011848,0.6938983975952193,0.007288252003490925,0.1864224076271057,0.2499999701976776,0.0,0.010468910448253155,0.6938983975952193,302,9.962737477769893e-07,1.6078171999979531
5,1.0,50.0,0.0,0.5976444966385545,0.597636808336939,0.6874915967737036,0.007688301615417004,0.18592192232608795,0.2499999850988388,0.0,0.01056510116904974,0.6874915967737036,302,9.839926235368394e-07,1.7343936999968719
6,1.0,50.0,0.0,0.5909600511530516,0.5909519620241699,0.681007188723505,0.008089128881692886,0.18533256649971008,0.25,0.0,0.010631997138261795,0.681007188723505,302,9.966900981479707e-07,1.712498199995025
7,1.0,50.0,0.0,0.5842603445518746,0.5842518531428634,0.6746250016937333,0.00849140901118517,0.18466396629810333,0.2499999850988388,0.0,0.010672228410840034,0.6746250016937333,302,9.613979914619847e-07,1.7195850999996765
8,1.0,50.0,0.0,0.5775721909978158,0.5775632973161257,0.6682205637682722,0.008893681690096855,0.18392586708068848,0.25,0.0,0.01068801712244749,0.6682205637682722,300,9.67897056748398e-07,1.7054895000037504
9,1.0,50.0,0.0,0.5709216690862104,0.5709123694614991,0.661765715155791,0.0092996247112751,0.18312838673591614,0.25,0.0,0.01068266574293375,0.661765715155791,299,9.994850570340463e-07,1.6917245000076946
10,1.0,50.0,0.0,0.5643298779946898,0.5643201662746404,0.6552890143852402,0.009711720049381256,0.18228188157081604,0.25,0.0,0.010661535896360874,0.6552890143852402,295,9.991476782336348e-07,1.6872704999987036
11,1.0,50.0,0.0,0.5578099958555147,0.5577998611296833,0.648817400973987,0.010134725831449032,0.18139663338661194,0.25,0.0,0.010631660930812359,0.648817400973987,294,9.816967986384175e-07,1.687357399991015
12,1.0,50.0,0.0,0.5513635594773432,0.5513529760673036,0.6423672708709063,0.010583410039544106,0.1804823875427246,0.2499999850988388,0.0,0.01060140784829855,0.6423672708709063,294,9.780808831370415e-07,1.6730822999961674
13,1.0,50.0,0.0,0.5449763476310627,0.5449652764547945,0.6360689567983603,0.011071176268160343,0.17954683303833008,0.24999994039535522,0.0,0.010579228401184082,0.6360689567983603,293,9.762285259276272e-07,1.6867009999987204
14,1.0,50.0,0.0,0.5386195982291079,0.5386079999987683,0.6297834549913831,0.011598230339586735,0.17859412729740143,0.25,0.0,0.01057189516723156,0.6297834549913831,293,9.903698027558353e-07,1.6759036000003107
15,1.0,50.0,0.0,0.5322546486145165,0.5322424900334608,0.6234753451997601,0.012158581055700779,0.17762482166290283,0.2499999850988388,0.0,0.010585162788629532,0.6234753451997601,293,9.994043801459096e-07,1.6835607000102755
16,1.0,50.0,0.0,0.5258328602754819,0.5258201145337271,0.6170921227722775,0.012745741754770279,0.17663589119911194,0.25,0.0,0.010624590329825878,0.6170921227722775,293,9.894340591264682e-07,1.6838418999977876
17,1.0,50.0,0.0,0.5192989824935389,0.5192856271694941,0.6105616557420127,0.013355324044823647,0.17562055587768555,0.25,0.0,0.010694806464016438,0.6105616557420127,293,9.970701293231879e-07,1.6740355000074487
18,1.0,50.0,0.0,0.512596715441759,0.5125827384654835,0.6038029796319153,0.01397697627544403,0.17456918954849243,0.2499999701976776,0.0,0.010798250325024128,0.6038029796319153,294,9.975161810518824e-07,1.6796606999996584
19,1.0,50.0,0.0,0.5056745824619924,0.5056599763139878,0.5967397323402192,0.01460614800453186,0.1734706163406372,0.2499999701976776,0.0,0.010934445075690746,0.5967397323402192,294,9.504662753349935e-07,1.677634499996202
20,1.0,50.0,0.0,0.4984896040824738,0.498474369844937,0.589310518354703,0.015234237536787987,0.1723136156797409,0.2499999701976776,0.0,0.011099997907876968,0.589310518354703,294,9.627006898887584e-07,1.6885334999969928
21,1.0,50.0,0.0,0.49100913412822045,0.4909932848340795,0.5814754909808817,0.015849294140934944,0.17108748853206635,0.2499999701976776,0.0,0.0112889613956213,0.5814754909808817,294,9.930639667969096e-07,1.6719351999927312
22,1.0,50.0,0.0,0.48321316365120803,0.48319672101331745,0.5732214957823522,0.016442637890577316,0.16978251934051514,0.25,0.0,0.011493166908621788,0.5732214957823522,295,9.879028469221682e-07,1.6854849999945145
23,1.0,50.0,0.0,0.4750959697795833,0.47507895706424363,0.5645633610615222,0.017012715339660645,0.16839051246643066,0.2499999701976776,0.0,0.011702349409461021,0.5645633610615222,295,9.908833709198146e-07,1.673330800011172
24,1.0,50.0,0.0,0.4666667404495152,0.4666491811744841,0.555963127659481,0.017559275031089783,0.1669055074453354,0.2499999850988388,0.0,0.011904294602572918,0.555963127659481,297,9.921430493685696e-07,1.6791597999981605
25,1.0,50.0,0.0,0.4579494360359138,0.45793134984092176,0.5472942055054071,0.01808619499206543,0.16532406210899353,0.25,0.0,0.01208558026701212,0.5472942055054071,299,9.868861191159569e-07,1.7884005999949295
26,1.0,50.0,0.0,0.4489804997586242,0.4489619056854925,0.5383811380402282,0.01859407313168049,0.16364550590515137,0.25,0.0,0.012233037501573563,0.5383811380402282,300,9.957718072520069e-07,1.6696404999966035
27,1.0,50.0,0.0,0.4398058634151131,0.4397867793489605,0.5292025831289116,0.019084066152572632,0.1618715524673462,0.25,0.0,0.01233528833836317,0.5292025831289116,301,9.833918872248854e-07,1.695930000001681
28,1.0,50.0,0.0,0.4304779486222079,0.4304583949459603,0.5198027213292885,0.01955367624759674,0.16000595688819885,0.25,0.0,0.012383903376758099,0.5198027213292885,302,9.787863093931934e-07,1.6861050000006799
29,1.0,50.0,0.0,0.4210537177747759,0.42103371687742797,0.5102377228401217,0.020000897347927094,0.15805405378341675,0.25,0.0,0.0123739093542099,0.5102377228401217,302,9.743436026153848e-07,1.7042516000074102
30,1.0,50.0,0.0,0.41159305667932494,0.41157262923623783,0.5006043855319926,0.020427443087100983,0.15602262318134308,0.25,0.001220703125,0.012303732335567474,0.5006043855319926,302,9.711408058005196e-07,1.6963153000106104
31,1.0,50.0,0.0,0.40215771950169105,0.40213688633723754,0.49097882463448433,0.02083316445350647,0.1539197564125061,0.24999995529651642,0.017333984375,0.012174829840660095,0.49097882463448433,302,9.696604373838967e-07,1.690184399994905
32,1.0,50.0,0.0,0.39280942901736277,0.39278821168979783,0.4813961618366301,0.021217327564954758,0.15175488591194153,0.24999995529651642,0.0537109375,0.011991268023848534,0.4813961618366301,302,9.701401038240842e-07,1.691288700007135
33,1.0,50.0,0.0,0.38360804557431966,0.383586464535487,0.4719281965776288,0.02158103883266449,0.14953863620758057,0.2499999701976776,0.11083984375,0.011759225279092789,0.4719281965776288,301,9.86114577842447e-07,1.6853127000067616
34,1.0,50.0,0.0,0.3746090304072738,0.3745871055464983,0.4626420696293831,0.021924860775470734,0.14728257060050964,0.25,0.18017578125,0.011486456729471684,0.4626420696293831,301,9.81951949904177e-07,1.6886373999877833
35,1.0,50.0,0.0,0.3658609877901883,0.3658387371304245,0.453597052210817,0.02225065976381302,0.14499875903129578,0.25,0.232177734375,0.01118162926286459,0.453597052210817,301,9.966972821202903e-07,1.7076176999980817
36,1.0,50.0,0.0,0.3574042571752807,0.3573816957983663,0.44484265896208713,0.02256137691438198,0.14269953966140747,0.2499999701976776,0.26806640625,0.010853688232600689,0.44484265896208713,300,9.968697944391528e-07,1.6693385999969905
37,1.0,50.0,0.0,0.3492699678734136,0.34924710997642994,0.43641742055103044,0.022857896983623505,0.14039698243141174,0.2499999850988388,0.292724609375,0.010511253960430622,0.43641742055103044,300,9.967712193633174e-07,1.678936900003464
38,1.0,50.0,0.0,0.3414804563616694,0.3414573148359836,0.42834920077025285,0.0231415256857872,0.13810259103775024,0.2499999701976776,0.304931640625,0.010162202641367912,0.42834920077025285,300,9.954267493526668e-07,1.6910916999913752
39,1.0,50.0,0.0,0.3340491320282813,0.334025717662334,0.42065513283659356,0.02341436594724655,0.13582706451416016,0.2499999850988388,0.310302734375,0.009813371114432812,0.42065513283659356,300,9.765422277252187e-07,1.6761239000043133
40,1.0,50.0,0.0,0.32698151729301833,0.3269578423020365,0.41334277771742395,0.023674990981817245,0.13358010351657867,0.25,0.31298828125,0.009470399469137192,0.41334277771742395,300,9.615501578912178e-07,1.6885650000040187
41,1.0,50.0,0.0,0.32027636739960114,0.32025244062928654,0.40641154015070646,0.02392677031457424,0.13137012720108032,0.2499999701976776,0.314697265625,0.00913770217448473,0.40641154015070646,299,9.814300047461929e-07,1.6762830999941798
42,1.0,50.0,0.0,0.3139263069110592,0.31390213509301146,0.3998534950755618,0.024171818047761917,0.12920433282852173,0.25,0.316162109375,0.00881851278245449,0.3998534950755618,299,9.992966158604614e-07,1.6741373000113526
43,1.0,50.0,0.0,0.3079195056348998,0.3078950890317518,0.39365533801707986,0.02441660314798355,0.12708845734596252,0.2499999850988388,0.316650390625,0.008515015244483948,0.39365533801707986,298,9.899877294904735e-07,1.6682683999970322
44,1.0,50.0,0.0,0.30224039632476996,0.30221573853887745,0.38779938509809714,0.024657785892486572,0.12502692639827728,0.2499999701976776,0.316650390625,0.008228493854403496,0.38779938509809714,298,9.623058790359023e-07,1.6556635000015376
45,1.0,50.0,0.0,0.29687097645547295,0.2968460809848835,0.38226508739428094,0.024895470589399338,0.12302279472351074,0.25,0.31689453125,0.007959446869790554,0.38226508739428094,298,9.723067507983355e-07,1.7100801000051433
46,1.0,50.0,0.0,0.29179165548262687,0.29176652572108003,0.3770301003968151,0.025129761546850204,0.12107785046100616,0.2500000298023224,0.3173828125,0.007707811892032623,0.3770301003968151,298,9.634436908082275e-07,1.6775124999985565
47,1.0,50.0,0.0,0.28698241116970846,0.28695704874329336,0.3720716491871556,0.025362426415085793,0.11919276416301727,0.2499999850988388,0.317626953125,0.007473072502762079,0.3720716491871556,298,9.974353425328704e-07,1.6717855999886524
48,1.0,50.0,0.0,0.2824227847900639,0.2823971916135798,0.3673666521361349,0.02559317648410797,0.11736724525690079,0.25,0.317626953125,0.007254401221871376,0.3673666521361349,298,9.935201613514048e-07,1.7083408999897074
49,1.0,50.0,0.0,0.27809353229229744,0.2780677101035922,0.36289351101024003,0.025822188705205917,0.11560016870498657,0.2499999701976776,0.3173828125,0.007050774060189724,0.36289351101024003,298,9.95303309021663e-07,1.692330399993807
50,1.0,50.0,0.0,0.2739757968157262,0.2739497442718328,0.35863131776855073,0.02605254389345646,0.11388982832431793,0.25,0.317626953125,0.00686104129999876,0.35863131776855073,298,9.96532941320362e-07,1.6740952999971341
51,1.0,50.0,0.0,0.27005264879222696,0.2700263675136465,0.35456149071064186,0.02628127858042717,0.11223403364419937,0.2499999701976776,0.316162109375,0.006684031803160906,0.35456149071064186,298,9.989270233851969e-07,1.680026000001817
52,1.0,50.0,0.0,0.2663079520535462,0.2662814415578537,0.35066658216746965,0.02651049569249153,0.11063031852245331,0.25,0.31591796875,0.006518533453345299,0.35066658216746965,298,9.723430970994274e-07,1.668131300000823
53,1.0,50.0,0.0,0.26272754137345,0.26270080086715863,0.3469315085036999,0.026740506291389465,0.10907605290412903,0.2499999701976776,0.315185546875,0.006363418884575367,0.3469315085036999,298,9.920201006389147e-07,1.6777000000001863
54,1.0,50.0,0.0,0.25929842576369716,0.25927145490780545,0.3433426904856682,0.02697085589170456,0.10756850242614746,0.25,0.3125,0.006217586807906628,0.3433426904856682,298,9.542844846364158e-07,1.671737500000745
55,1.0,50.0,0.0,0.25600912149904226,0.25598191878853294,0.33988837296614466,0.027202710509300232,0.10610499978065491,0.2499999701976776,0.311767578125,0.006080021616071463,0.33988837296614466,298,9.854339766188136e-07,1.6794101999985287
56,1.0,50.0,0.0,0.2528492731438283,0.25282183779266515,0.3365581906913196,0.02743535116314888,0.10468295961618423,0.2499999850988388,0.310791015625,0.00594981387257576,0.3365581906913196,298,9.993304611765146e-07,1.7236286999977892
57,1.0,50.0,0.0,0.24980989113941096,0.2497822227042844,0.33334337988007795,0.027668435126543045,0.10329988598823547,0.2499999701976776,0.310791015625,0.005826130975037813,0.33334337988007795,298,9.957843889786368e-07,1.6694353000057163
58,1.0,50.0,0.0,0.24688273396000884,0.2468548322546544,0.33023609865636827,0.027901705354452133,0.10195346176624298,0.2499999850988388,0.310302734375,0.005708242300897837,0.33023609865636827,298,9.939162611442767e-07,1.6737495999987004
59,1.0,50.0,0.0,0.24406073708098616,0.2440326021836349,0.3272298333494445,0.028134897351264954,0.10064154863357544,0.25,0.30859375,0.005595498252660036,0.3272298333494445,298,9.917222344053814e-07,1.6704701999988174
60,1.0,50.0,0.0,0.24133747220148,0.241309102432026,0.3243187906552391,0.02836976945400238,0.09936214238405228,0.2499999701976776,0.3076171875,0.005487360991537571,0.3243187906552391,298,9.936436270052544e-07,1.6598860999947647
61,1.0,50.0,0.0,0.23870713921708525,0.2386785343855387,0.3214978758617232,0.02860483154654503,0.09811344742774963,0.2499999701976776,0.30615234375,0.005383354611694813,0.3214978758617232,298,9.988000693782616e-07,1.659479999987525
62,1.0,50.0,0.0,0.23616452078687866,0.23613568118008693,0.31876958480120227,0.028839606791734695,0.09689381718635559,0.2500000298023224,0.30517578125,0.005283082835376263,0.31876958480120227,298,9.580973651779666e-07,1.668947099999059
63,1.0,50.0,0.0,0.23370517027658366,0.23367609733809672,0.3161674895014725,0.029072938486933708,0.09570174664258957,0.2499999850988388,0.303955078125,0.005186210386455059,0.3161674895014725,298,9.677445661160634e-07,1.6734731999895303
64,1.0,50.0,0.0,0.23132477088673353,0.23129546444705068,0.3136429464533207,0.0293064396828413,0.0945359319448471,0.2499999701976776,0.302734375,0.005092460662126541,0.3136429464533207,298,9.86139961142885e-07,1.6679567999963183
65,1.0,50.0,0.0,0.22901933129775845,0.22898979176852427,0.3111925990460935,0.029539529234170914,0.09339512884616852,0.2500000298023224,0.302001953125,0.00500160176306963,0.3111925990460935,298,9.54475831562454e-07,1.68188000000373
66,1.0,50.0,0.0,0.2267855868157582,0.22675581494948133,0.3088137742628112,0.029771866276860237,0.09227826446294785,0.2499999701976776,0.301513671875,0.004913453944027424,0.3088137742628112,298,9.873002271158893e-07,1.6791730999975698
67,1.0,50.0,0.0,0.22462010832611462,0.22459010587554415,0.30650355510747745,0.030002450570464134,0.0911843553185463,0.2499999701976776,0.301513671875,0.004827846307307482,0.30650355510747745,298,9.753445691765263e-07,1.6863350000057835
68,1.0,50.0,0.0,0.2225198265313157,0.22248959637051308,0.3042593092710698,0.030230160802602768,0.09011251479387283,0.25,0.30029296875,0.004744651261717081,0.3042593092710698,298,9.965620574459423e-07,1.6865441999980249
69,1.0,50.0,0.0,0.22048205030680976,0.22045159451821228,0.3020787090319586,0.03045578859746456,0.0890619307756424,0.25,0.300048828125,0.004663756582885981,0.3020787090319586,299,9.876315902088966e-07,1.658483499995782
70,1.0,50.0,0.0,0.2185040552501504,0.21847337569640324,0.2999593191677762,0.030679553747177124,0.08803188800811768,0.25,0.298828125,0.004585067741572857,0.2999593191677762,299,9.87363328549525e-07,1.6658997000049567
71,1.0,50.0,0.0,0.21658348779321462,0.21655258687154205,0.29789899666353775,0.030900921672582626,0.08702171593904495,0.2499999701976776,0.298583984375,0.004508501850068569,0.29789899666353775,300,9.778311564894937e-07,1.6635333000012906
72,1.0,50.0,0.0,0.2147178170287716,0.21468669791312095,0.29589534062734135,0.03111911565065384,0.08603079617023468,0.25,0.297607421875,0.004433978348970413,0.29589534062734135,300,9.974870536548665e-07,1.6445467000012286
73,1.0,50.0,0.0,0.21290504335286958,0.21287370869937283,0.29394643272539295,0.03133465349674225,0.08505858480930328,0.25,0.2958984375,0.004361433908343315,0.29394643272539295,301,9.972741244030205e-07,1.6438150999892969
74,1.0,50.0,0.0,0.21114295649159365,0.21111140850189739,0.29205006984221427,0.03154798969626427,0.084104523062706,0.2499999701976776,0.29443359375,0.0042907982133328915,0.29205006984221427,301,9.803942218683353e-07,1.6656595999957062
75,1.0,50.0,0.0,0.2094295988269962,0.20939783941217432,0.2902042569636313,0.031759414821863174,0.0831681564450264,0.25,0.293212890625,0.004222015384584665,0.2902042569636313,301,9.792818118735814e-07,1.668145400006324
76,1.0,50.0,0.0,0.20776320869310097,0.20773124010695415,0.2884071597529418,0.03196858614683151,0.08224901556968689,0.24999995529651642,0.29248046875,0.004155030474066734,0.2884071597529418,301,9.974175731755659e-07,1.667819199996302
77,1.0,50.0,0.0,0.20614176088205827,0.2061095863767649,0.28665662739406245,0.03217450529336929,0.08134667575359344,0.2499999850988388,0.29150390625,0.00408977409824729,0.28665662739406245,301,9.986584311809825e-07,1.7029730999929598
78,1.0,50.0,0.0,0.20456377604473588,0.204531399252454,0.28495104919980374,0.032376792281866074,0.08046073466539383,0.25,0.290771484375,0.00402618944644928,0.28495104919980374,301,9.968148751134516e-07,1.6757163000002038
79,1.0,50.0,0.0,0.20302755269977302,0.20299497585567683,0.28328855200892444,0.03257684409618378,0.079590804874897,0.25,0.28955078125,0.003964218311011791,0.28328855200892444,302,9.964779656645326e-07,1.6786762999981875
80,1.0,50.0,0.0,0.2015315996346981,0.2014988257301957,0.2816674770460318,0.032773904502391815,0.07873652875423431,0.25,0.289306640625,0.003903810866177082,0.2816674770460318,302,9.87322030198062e-07,1.6889270999963628
81,1.0,50.0,0.0,0.20007443781908998,0.20004147016596446,0.2800861625492574,0.03296765312552452,0.07789754122495651,0.2499999850988388,0.288330078125,0.00384490261785686,0.2800861625492574,303,9.93234945047443e-07,1.6725669999868842
82,1.0,50.0,0.0,0.19865462828125363,0.19862146953563695,0.27854298550305406,0.03315874561667442,0.07707352936267853,0.25,0.288330078125,0.003787440247833729,0.27854298550305406,304,9.965980138333479e-07,1.6775618999963626
83,1.0,50.0,0.0,0.19727087262466966,0.19723752604991615,0.27703647049647817,0.03334657475352287,0.0762641504406929,0.25,0.287353515625,0.003731365315616131,0.27703647049647817,304,9.95357606136144e-07,1.6811304000002565
84,1.0,50.0,0.0,0.1959219166407927,0.1958883855933889,0.2755651959623096,0.03353104740381241,0.07546911388635635,0.25,0.286865234375,0.003676625667139888,0.2755651959623096,304,9.93542863170338e-07,1.6867826999950921
85,1.0,50.0,0.0,0.19460651256307926,0.19457280016854372,0.27412775072273937,0.033712394535541534,0.07468810677528381,0.2499999850988388,0.2861328125,0.0036231649573892355,0.27412775072273937,305,9.986207334302608e-07,1.6732189000031212
86,1.0,50.0,0.0,0.19332355110609262,0.19328966017329424,0.2727228816864211,0.03389093279838562,0.0739208459854126,0.25,0.285400390625,0.0035709296353161335,0.2727228816864211,305,9.925554792241556e-07,1.6874677000014344
87,1.0,50.0,0.0,0.1920718924097709,0.19203782606422823,0.27134931467315404,0.034066345542669296,0.07316704839468002,0.25,0.28515625,0.003519871039316058,0.27134931467315404,305,9.890011537952238e-07,1.6869870999944396
88,1.0,50.0,0.0,0.19085055808949927,0.1908163184136496,0.2700059576795105,0.03423967584967613,0.0724264532327652,0.2499999850988388,0.28466796875,0.003469940274953842,0.2700059576795105,305,9.978173733697968e-07,1.6791145000024699
89,1.0,50.0,0.0,0.1896584719011921,0.18962406167782725,0.26869162861942336,0.03441022336483002,0.07169879227876663,0.25,0.284912109375,0.003421093337237835,0.26869162861942336,305,9.920060564775508e-07,1.690040700006648
90,1.0,50.0,0.0,0.18849473274757328,0.1884601553965098,0.2674053457103491,0.034577351063489914,0.07098379731178284,0.2499999850988388,0.28369140625,0.003373286686837673,0.2674053457103491,305,9.986804503250945e-07,1.7490304000093602
91,1.0,50.0,0.0,0.18735842155820873,0.18732368060357119,0.2661461165873395,0.034740954637527466,0.07028123736381531,0.2499999701976776,0.282958984375,0.00332647655159235,0.2661461165873395,305,9.999643642299587e-07,1.6929243999911705
92,1.0,50.0,0.0,0.18624868048519636,0.1862137794660106,0.2649130324547571,0.03490101918578148,0.06959085911512375,0.2499999701976776,0.2822265625,0.00328062498010695,0.2649130324547571,305,9.701454936877967e-07,1.7083372000051895
93,1.0,50.0,0.0,0.18516465040069358,0.18512959243875282,0.2637051889890253,0.03505796194076538,0.06891243159770966,0.2499999850988388,0.281494140625,0.0032356909941881895,0.2637051889890253,305,9.970530315226377e-07,1.70394039999519
94,1.0,50.0,0.0,0.1841055569326471,0.18407034489642488,0.262521776067214,0.03521203622221947,0.06824570894241333,0.2499999850988388,0.28173828125,0.003191652474924922,0.262521776067214,305,9.944324369088101e-07,1.701506800003699
95,1.0,50.0,0.0,0.18307062543597158,0.18303526286821897,0.26136200261924863,0.035362567752599716,0.06759047508239746,0.25,0.28076171875,0.003148473333567381,0.26136200261924863,305,9.83326288991448e-07,1.6995827999926405
96,1.0,50.0,0.0,0.18205920368743028,0.18202369394090856,0.2602252025297195,0.03550974652171135,0.06694652140140533,0.2499999850988388,0.2802734375,0.0031061272602528334,0.2602252025297195,305,9.956769270919942e-07,1.7103340000030585
97,1.0,50.0,0.0,0.1810705013245676,0.18103484734598138,0.2591105719013488,0.0356539785861969,0.06631362438201904,0.2499999850988388,0.280029296875,0.0030645879451185465,0.2591105719013488,305,9.779017705141404e-07,1.6939809000032255
98,1.0,50.0,0.0,0.1801038851258038,0.1800680898842095,0.25801747839122446,0.035795241594314575,0.06569156050682068,0.2499999850988388,0.279541015625,0.003023834666237235,0.25801747839122446,305,9.933947993865962e-07,1.6931345000048168
99,1.0,50.0,0.0,0.17915876228047178,0.1791228287821786,0.2569453370212955,0.03593349829316139,0.06508015096187592,0.2499999701976776,0.2783203125,0.0029838508926331997,0.2569453370212955,305,9.937480245909391e-07,1.6992424000054598
100,1.0,50.0,0.0,0.1782344286823115,0.17819836008636566,0.2558934406878194,0.036068595945835114,0.06447917222976685,0.2499999701976776,0.27734375,0.002944614039734006,0.2558934406878194,305,9.997539943555056e-07,1.693274500008556
101,1.0,50.0,0.0,0.17733029888722424,0.17729409786465888,0.25486121049297206,0.03620102256536484,0.06388844549655914,0.2499999850988388,0.2763671875,0.002906107809394598,0.25486121049297206,305,9.927421392334814e-07,1.698263099999167
102,1.0,50.0,0.0,0.17644585166843396,0.1764095206257866,0.25384813231580605,0.036331042647361755,0.06330776959657669,0.2499999701976776,0.275634765625,0.0028683210257440805,0.25384813231580605,305,9.899110722768461e-07,1.6963651999976719
103,1.0,50.0,0.0,0.1755804639675461,0.1755440056838833,0.25285358392829954,0.03645828366279602,0.06273696571588516,0.2499999701976776,0.2744140625,0.0028312369249761105,0.25285358392829954,305,9.960294163916194e-07,1.6996390000131214
104,1.0,50.0,0.0,0.17473362377451404,0.17469704054088933,0.2518770625550422,0.03658323362469673,0.062175847589969635,0.25,0.274658203125,0.0027948464266955853,0.2518770625550422,305,9.990729062173013e-07,1.7081507999973837
105,1.0,50.0,0.0,0.173904829374965,0.17386812386613681,0.250918069698521,0.03670550882816315,0.06162424385547638,0.25,0.274169921875,0.002759137423709035,0.250918069698521,305,9.96460628249951e-07,1.7123260999942431
106,1.0,50.0,0.0,0.17309356115848332,0.17305673604548483,0.24997608587835654,0.036825112998485565,0.06108197942376137,0.2499999701976776,0.273681640625,0.002724099438637495,0.24997608587835654,305,9.763135341180601e-07,1.6973006000043824
107,1.0,50.0,0.0,0.17229932589830987,0.17226238410549394,0.2490506167919353,0.03694179281592369,0.06054888293147087,0.24999995529651642,0.273193359375,0.00268971873447299,0.2490506167919353,305,9.949210935168154e-07,1.70282770000631
108,1.0,50.0,0.0,0.17152160811753547,0.17148455251337563,0.24814114329687761,0.037055604159832,0.06002478301525116,0.2499999850988388,0.27294921875,0.0026559834368526936,0.24814114329687761,305,9.508402066227948e-07,1.7070816999912495
109,1.0,50.0,0.0,0.17075998245351315,0.17072281583942772,0.2472472368359634,0.03716661408543587,0.0595095194876194,0.2499999701976776,0.272705078125,0.0026228814385831356,0.2472472368359634,305,9.55521155006634e-07,1.6940448000095785
110,1.0,50.0,0.0,0.1700139730809678,0.16997669810563817,0.24636841667547218,0.03727497532963753,0.05900293588638306,0.2499999850988388,0.27294921875,0.0025904003996402025,0.24636841667547218,305,9.607634930714822e-07,1.7570451999927172
111,1.0,50.0,0.0,0.16928318908008322,0.16924580839219078,0.24550428688797038,0.03738068789243698,0.05850488692522049,0.25,0.272705078125,0.0025585272815078497,0.24550428688797038,305,9.91721979263141e-07,1.698472000003676
112,1.0,50.0,0.0,0.16856722193385043,0.1685297379473833,0.24465443858892041,0.03748398646712303,0.058015212416648865,0.25,0.272216796875,0.0025272497441619635,0.24465443858892041,305,9.806450396331628e-07,1.72176010000112
113,1.0,50.0,0.0,0.16786561785662424,0.1678280330749775,0.2438184033689839,0.037584781646728516,0.05753375589847565,0.25,0.271728515625,0.002496550790965557,0.2438184033689839,305,9.87107522258627e-07,1.712989599996945
114,1.0,50.0,0.0,0.16717799982038636,0.1671403167134275,0.2429958054804144,0.03768310695886612,0.057060375809669495,0.2499999850988388,0.272216796875,0.002466413890942931,0.2429958054804144,305,9.958699451570143e-07,1.6947690999950282
115,1.0,50.0,0.0,0.1665040167036669,0.16646623759597706,0.24218629133337877,0.03777910768985748,0.056594934314489365,0.25,0.271484375,0.0024368264712393284,0.24218629133337877,305,9.8831542251668e-07,1.7582325999974273
116,1.0,50.0,0.0,0.1658432605809275,0.16580538762199915,0.2413894509024533,0.037872958928346634,0.05613727867603302,0.25,0.271240234375,0.0024077671114355326,0.2413894509024533,305,9.82577918092779e-07,1.7032215000072028
117,1.0,50.0,0.0,0.16519545145678277,0.16515748668062444,0.2406050097909334,0.037964776158332825,0.05568727105855942,0.25,0.2705078125,0.0023792225401848555,0.2406050097909334,305,9.94552797600803e-07,1.7145561999932397
118,1.0,50.0,0.0,0.1645601843713885,0.16452212997592147,0.23983256054435625,0.03805439546704292,0.055244773626327515,0.2499999850988388,0.269775390625,0.0023511743638664484,0.23983256054435625,305,9.834155205175216e-07,1.69759250000061
119,1.0,50.0,0.0,0.16393717794615514,0.1638990361926306,0.2390718360443959,0.038141753524541855,0.054809655994176865,0.25,0.27001953125,0.002323603257536888,0.2390718360443959,305,9.722564747125612e-07,1.6871069000044372
120,1.0,50.0,0.0,0.16332610044631607,0.16328787349167712,0.23832251411092703,0.03822695463895798,0.05438177287578583,0.25,0.26953125,0.0022964910604059696,0.23832251411092703,305,9.73717194237278e-07,1.69862650000141
121,1.0,50.0,0.0,0.1627266988828224,0.16268838828051507,0.2375843611642882,0.03831060230731964,0.053961001336574554,0.2499999701976776,0.269775390625,0.002269820775836706,0.2375843611642882,305,9.936441042695121e-07,1.69132549999631
122,1.0,50.0,0.0,0.16213865010644346,0.16210025800968558,0.23685706877697835,0.038392096757888794,0.053547203540802,0.25,0.26953125,0.002243578201159835,0.23685706877697835,305,9.520306685743067e-07,1.6984341999923345
123,1.0,50.0,0.0,0.1615617353264584,0.16152326376180787,0.23614044943349094,0.038471564650535583,0.05314025282859802,0.2499999701976776,0.269287109375,0.002217744244262576,0.23614044943349094,305,9.955016730864281e-07,1.6950435000035213
124,1.0,50.0,0.0,0.1609956319963466,0.16095708305369127,0.2354342006566947,0.038548942655324936,0.05274001508951187,0.2499999850988388,0.268798828125,0.0021923065651208162,0.2354342006566947,305,9.798129690589104e-07,1.6946748000045773
125,1.0,50.0,0.0,0.16044012667733806,0.16040150222677368,0.23473813968666168,0.03862445056438446,0.052346371114254,0.2499999850988388,0.268798828125,0.0021672467701137066,0.23473813968666168,305,9.987182371878137e-07,1.6943010999966646
126,1.0,50.0,0.0,0.15989501151470797,0.15985631253598587,0.23405210017375505,0.03869897872209549,0.05195918679237366,0.25,0.267822265625,0.002142558107152581,0.23405210017375505,305,9.848148815384912e-07,1.6979660999932094
127,1.0,50.0,0.0,0.15936004691507055,0.159321275002615,0.23337587281035072,0.03877191245555878,0.051578354090452194,0.2499999850988388,0.26708984375,0.002118231263011694,0.23337587281035072,305,9.724873312570043e-07,1.7023798000009265
128,1.0,50.0,0.0,0.15883497043618594,0.15879612753087316,0.23270922844269262,0.038842905312776566,0.051203735172748566,0.25,0.265869140625,0.002094255294650793,0.23270922844269262,305,9.995083449407939e-07,1.7035217999946326
129,1.0,50.0,0.0,0.15831961864387337,0.15828070645933692,0.2320520504402874,0.03891218453645706,0.05083521455526352,0.2499999701976776,0.265380859375,0.0020706220529973507,0.2320520504402874,305,9.969599614852866e-07,1.690397700003814
130,1.0,50.0,0.0,0.15781378603347454,0.15777480611943517,0.23140417048069215,0.0389799140393734,0.0504726842045784,0.25,0.26416015625,0.0020473292097449303,0.23140417048069215,305,9.969210065304668e-07,1.6866026999923633
131,1.0,50.0,0.0,0.15731724439054154,0.1572781982631924,0.23076539963236467,0.03904612734913826,0.05011601001024246,0.2499999850988388,0.263916015625,0.0020243702456355095,0.23076539963236467,305,9.968013300445972e-07,1.696927400000277
132,1.0,50.0,0.0,0.15682980815903844,0.15679069719301164,0.23013558645155516,0.03911096602678299,0.04976508766412735,0.25,0.263916015625,0.002001746091991663,0.23013558645155516,306,9.93382944709451e-07,1.7019359999976587
133,1.0,50.0,0.0,0.15635135308169817,0.1563121785547683,0.22951465463589116,0.03917452692985535,0.049419812858104706,0.2499999701976776,0.263427734375,0.001979455118998885,0.22951465463589116,306,9.974471042191551e-07,1.7098415999935241
134,1.0,50.0,0.0,0.15588160430262116,0.15584236784646538,0.22890235277359006,0.03923645615577698,0.04908005893230438,0.25,0.26318359375,0.001957498025149107,0.22890235277359006,306,9.824138311792641e-07,1.7059286999865435
135,1.0,50.0,0.0,0.15542039823127468,0.15538110158932883,0.22829855519430836,0.03929664194583893,0.04874572157859802,0.25,0.2626953125,0.0019358739955350757,0.22829855519430836,306,9.92296590758561e-07,1.7029008999961661
136,1.0,50.0,0.0,0.15496762602465117,0.15492827088819705,0.22770319008704243,0.03935513645410538,0.048416707664728165,0.2499999850988388,0.26220703125,0.0019145827973261476,0.22770319008704243,306,9.99361426419353e-07,1.6921698999940418
137,1.0,50.0,0.0,0.15452303574497822,0.15448362283672218,0.22711602752782514,0.039412908256053925,0.04809290170669556,0.2499999850988388,0.261474609375,0.0018936312990263104,0.22711602752782514,306,9.945364919284892e-07,1.6943678000097862
138,1.0,50.0,0.0,0.15408646200184803,0.1540469929497419,0.22653692568931438,0.039469052106142044,0.04777421057224274,0.25,0.261474609375,0.0018730175215750933,0.22653692568931438,306,9.906086763503703e-07,1.696913300009328
139,1.0,50.0,0.0,0.1536577618291995,0.15361823781788558,0.22596576894507278,0.03952401131391525,0.04746052622795105,0.2499999850988388,0.26171875,0.001852740882895887,0.22596576894507278,306,9.874922513067418e-07,1.6974427999957697
140,1.0,50.0,0.0,0.15323672614552125,0.1531971480057393,0.22540236243562106,0.039578139781951904,0.04715175926685333,0.2499999701976776,0.26171875,0.0018328067380934954,0.22540236243562106,306,9.850953330330786e-07,1.6962400000047637
141,1.0,50.0,0.0,0.1528231751131907,0.15278354429780394,0.22484654300826076,0.039630815386772156,0.04684780538082123,0.2499999850988388,0.26123046875,0.0018132120603695512,0.22484654300826076,306,9.83323888743797e-07,1.7022969000099692
142,1.0,50.0,0.0,0.15241698691333389,0.15237730434993957,0.22429820805555095,0.03968256339430809,0.04654859006404877,0.25,0.260986328125,0.001793955103494227,0.22429820805555095,306,9.867114686190865e-07,1.6849037999927532
143,1.0,50.0,0.0,0.15201798229701413,0.15197824931181564,0.22375718953497245,0.03973298519849777,0.04625400900840759,0.2499999701976776,0.260009765625,0.0017750378465279937,0.22375718953497245,306,9.947921513837394e-07,1.7001531999994768
144,1.0,50.0,0.0,0.15162595893867967,0.15158617678709982,0.22322329337017666,0.03978215157985687,0.04596398025751114,0.25,0.260498046875,0.0017564526060596108,0.22322329337017666,307,9.845810677578566e-07,1.7020333999971626
145,1.0,50.0,0.0,0.15124080234319434,0.151200972217326,0.22269642069860046,0.039830125868320465,0.04567841440439224,0.2499999850988388,0.260498046875,0.0017381974030286074,0.22269642069860046,307,9.884983771866273e-07,1.6977236000093399
146,1.0,50.0,0.0,0.15086231584119292,0.15082243908959123,0.22217637655133404,0.039876751601696014,0.04539722949266434,0.2499999701976776,0.260498046875,0.0017202653689309955,0.22217637655133404,307,9.921766840753655e-07,1.6984700000029989
147,1.0,50.0,0.0,0.15049033150980062,0.15045040894457884,0.22166300161641347,0.0399225652217865,0.04512033611536026,0.25,0.26025390625,0.0017026455607265234,0.22166300161641347,307,9.96280563934594e-07,1.711428499998874
148,1.0,50.0,0.0,0.15012475204863826,0.150084784396228,0.2211562141790209,0.039967652410268784,0.04484766349196434,0.25,0.260498046875,0.001685339491814375,0.2211562141790209,307,9.98889860283245e-07,1.708410899998853
149,1.0,50.0,0.0,0.14976540183342194,0.1497253904349277,0.22065584459193976,0.04001139849424362,0.04457912966609001,0.25,0.26025390625,0.0016683333087712526,0.22065584459193976,307,9.81259353846195e-07,1.6940265000012005
150,1.0,50.0,0.0,0.14941213014813584,0.14937207629623336,0.22016175127596657,0.040053851902484894,0.04431465268135071,0.25,0.26025390625,0.0016516171162948012,0.22016175127596657,307,9.959558545511131e-07,1.7336066999996547
151,1.0,50.0,0.0,0.14906479984765839,0.1490247039893825,0.2196738089477005,0.04009585827589035,0.04405415058135986,0.2499999701976776,0.260498046875,0.0016351774102076888,0.2196738089477005,307,9.898962353526533e-07,1.7032985000114422
152,1.0,50.0,0.0,0.1487232565852913,0.1486831198047015,0.2191918722532756,0.040136780589818954,0.04379755258560181,0.25,0.26025390625,0.0016190091846510768,0.2191918722532756,307,9.853230442806058e-07,1.6959371999982977
153,1.0,50.0,0.0,0.14838743231327942,0.14834725580991914,0.21871589872198088,0.040176503360271454,0.04354478791356087,0.25,0.26025390625,0.0016030987026169896,0.21871589872198088,307,9.85479047149061e-07,1.711231500012218
154,1.0,50.0,0.0,0.14805717149461764,0.14801695626313943,0.2182457448419744,0.040215231478214264,0.043295782059431076,0.2499999850988388,0.260498046875,0.0015874337404966354,0.2182457448419744,307,9.939620508032277e-07,1.7597147999913432
155,1.0,50.0,0.0,0.14773234131359106,0.14769208850138432,0.21778129422074685,0.04025281220674515,0.04305045306682587,0.2499999850988388,0.260498046875,0.0015720039373263717,0.21778129422074685,308,9.80523627086572e-07,1.7033634999970673
156,1.0,50.0,0.0,0.1474128392366504,0.14737254999110455,0.21732246651577417,0.040289245545864105,0.042808741331100464,0.2499999850988388,0.260498046875,0.0015567977679893374,0.21732246651577417,308,9.818769260140404e-07,1.7396453999972437
157,1.0,50.0,0.0,0.1470985941637724,0.14705826958012277,0.2168692236893017,0.040324583649635315,0.0425705686211586,0.2499999701976776,0.260498046875,0.0015418047551065683,0.2168692236893017,308,9.857707069264817e-07,1.71020519999729
158,1.0,50.0,0.0,0.1467894742193352,0.14674911530341017,0.2164214523408578,0.04035891592502594,0.042335860431194305,0.2499999701976776,0.260498046875,0.0015270161675289273,0.2164214523408578,308,9.955680772600952e-07,1.7145252999907825
159,1.0,50.0,0.0,0.14648536059669037,0.14644496845490118,0.21597905905247228,0.04039214178919792,0.042104557156562805,0.2499999850988388,0.26025390625,0.0015124223427847028,0.21597905905247228,308,9.946210015283644e-07,1.728041199996369
160,1.0,50.0,0.0,0.146186176828852,0.14614575251918105,0.21554199928416176,0.04042430967092514,0.04187657684087753,0.25,0.26025390625,0.0014980152482166886,0.21554199928416176,308,9.714402038446246e-07,1.6979489000077592
161,1.0,50.0,0.0,0.1458918921694079,0.145851436753563,0.21511028440314703,0.0404554158449173,0.04165187105536461,0.25,0.260009765625,0.0014837896451354027,0.21511028440314703,308,9.700125056624414e-07,1.7041914999863366
162,1.0,50.0,0.0,0.1456023308644445,0.1455618443722279,0.21468375074283472,0.04048649221658707,0.04143035411834717,0.2499999701976776,0.259765625,0.0014697317965328693,0.21468375074283472,308,9.689292874351846e-07,1.702703399991151
163,1.0,50.0,0.0,0.14531745481096012,0.14527693755902155,0.21426240386352596,0.04051725193858147,0.04121196269989014,0.25,0.259765625,0.0014558504335582256,0.21426240386352596,308,9.682948626950222e-07,1.702998699998716
164,1.0,50.0,0.0,0.14503722404959038,0.14499667673828437,0.21384624686159792,0.040547311305999756,0.040996648371219635,0.2499999850988388,0.259765625,0.0014421354280784726,0.21384624686159792,308,9.681623224155967e-07,1.716732500004582
165,1.0,50.0,0.0,0.1447614986780249,0.14472092207476128,0.2134351547015414,0.04057660326361656,0.0407843291759491,0.2499999850988388,0.259521484375,0.001428587595000863,0.2134351547015414,308,9.685238850128972e-07,1.7050869000086095
166,1.0,50.0,0.0,0.14449022945450463,0.1444496245613865,0.21302912297401758,0.04060489311814308,0.040574945509433746,0.2499999850988388,0.259521484375,0.0014152044896036386,0.21302912297401758,308,9.693217225701355e-07,1.6960745999967912
167,1.0,50.0,0.0,0.1442233196189779,0.14418268632797182,0.21262807756708993,0.04063329100608826,0.04036844149231911,0.25,0.259033203125,0.0014019818045198917,0.21262807756708993,308,9.729199837090517e-07,1.7097253000101773
168,1.0,50.0,0.0,0.14396077270551602,0.14392011183246056,0.21223206974929393,0.04066087305545807,0.0401647575199604,0.2499999850988388,0.259033203125,0.001388930482789874,0.21223206974929393,308,9.800695321594584e-07,1.705354499994428
169,1.0,50.0,0.0,0.14370241279955634,0.14366172525342236,0.21184093547595617,0.040687546133995056,0.03996382653713226,0.2499999850988388,0.258544921875,0.0013760458678007126,0.21184093547595617,308,9.869490891527943e-07,1.6906375999969896
170,1.0,50.0,0.0,0.1434482477023336,0.14340753433248726,0.21145472276815597,0.040713369846343994,0.039765600115060806,0.2499999850988388,0.2587890625,0.001363331452012062,0.21145472276815597,308,9.935384323346144e-07,1.6998561999935191
171,1.0,50.0,0.0,0.1431981468265129,0.14315740818802247,0.2110733155187187,0.04073863849043846,0.03957001864910126,0.2499999850988388,0.2587890625,0.001350787584669888,0.2110733155187187,308,9.998192313520717e-07,1.705439799989108
172,1.0,50.0,0.0,0.14295207303674046,0.1429113096772236,0.21069670958018158,0.040763359516859055,0.03937702253460884,0.2499999850988388,0.2587890625,0.0013384214835241437,0.21069670958018158,308,9.808292285658145e-07,1.7068181999929948
173,1.0,50.0,0.0,0.14270993448972183,0.14266914691209273,0.21032482896968688,0.040787577629089355,0.039186567068099976,0.25,0.258544921875,0.001326230471022427,0.21032482896968688,308,9.82923268795946e-07,1.691417800000636
174,1.0,50.0,0.0,0.14247168782565273,0.14243087604853785,0.20995765647153558,0.040811777114868164,0.038998596370220184,0.2499999850988388,0.2587890625,0.0013142228126525879,0.20995765647153558,308,9.847044771576467e-07,1.7036160999996355
175,1.0,50.0,0.0,0.14223720715984323,0.14219637200280644,0.20959507253544177,0.04083515703678131,0.03881306201219559,0.25,0.259033203125,0.001302399206906557,0.20959507253544177,308,9.911245732141964e-07,1.7097043999965535
176,1.0,50.0,0.0,0.14200648360606485,0.141965625516141,0.2092370969551717,0.04085808992385864,0.038629911839962006,0.2499999701976776,0.259033203125,0.0012907566269859672,0.2092370969551717,308,9.873688671850762e-07,1.702837599994382
177,1.0,50.0,0.0,0.14177935806237255,0.14173847657017502,0.20888356361012714,0.04088149219751358,0.03844910115003586,0.2499999850988388,0.259033203125,0.0012793004279956222,0.20888356361012714,308,9.882763940715942e-07,1.7155741000024136
178,1.0,50.0,0.0,0.14155583623132428,0.1415149303831788,0.20853450401753543,0.040905848145484924,0.03827059268951416,0.2499999850988388,0.259521484375,0.0012680315412580967,0.20853450401753543,308,9.88917516081868e-07,1.7020813999988604
179,1.0,50.0,0.0,0.14133578748541847,0.14129485796677843,0.20818978531118015,0.04092951864004135,0.038094330579042435,0.2499999850988388,0.259521484375,0.0012569540413096547,0.20818978531118015,308,9.893039774472257e-07,1.705782300006831
180,1.0,50.0,0.0,0.1411191383734316,0.141078185530749,0.20784933965109026,0.04095284268260002,0.0379202738404274,0.25,0.259033203125,0.0012460595462471247,0.20784933965109026,308,9.894480601239928e-07,1.7152313999977196
181,1.0,50.0,0.0,0.14090584056134714,0.14086486408914817,0.20751312731933763,0.040976472198963165,0.037748388946056366,0.25,0.2587890625,0.001235354458913207,0.20751312731933763,308,9.89362308654338e-07,1.7108360999991419
182,1.0,50.0,0.0,0.1406958051404158,0.14065480556024113,0.2071810584085702,0.040999580174684525,0.03757862746715546,0.2499999701976776,0.258544921875,0.0012248350540176034,0.2071810584085702,308,9.890578228015918e-07,1.6985733000037726
183,1.0,50.0,0.0,0.1404889472376776,0.14044792484382512,0.2068530481326093,0.041022393852472305,0.037410955876111984,0.2499999850988388,0.25830078125,0.0012144935317337513,0.2068530481326093,308,9.885461299894866e-07,1.718766299993149
184,1.0,50.0,0.0,0.14028521137238517,0.1402441662840642,0.2065290389902254,0.041045088320970535,0.037245333194732666,0.25,0.25830078125,0.0012043347815051675,0.2065290389902254,308,9.878381831567972e-07,1.7031924000038998
185,1.0,50.0,0.0,0.14008450292827976,0.14004343570428385,0.20620893551953437,0.041067223995923996,0.037081725895404816,0.25,0.258544921875,0.0011943518184125423,0.20620893551953437,308,9.86944200297404e-07,1.7138590999966254
186,1.0,50.0,0.0,0.13988677903135416,0.13984569033478494,0.20589269402567464,0.04108869656920433,0.03692010045051575,0.2499999701976776,0.2587890625,0.0011845408007502556,0.20589269402567464,308,9.858744036581492e-07,1.7088049000012688
187,1.0,50.0,0.0,0.13969193596724794,0.13965082592104003,0.20558020208741343,0.041110046207904816,0.03676041588187218,0.25,0.25830078125,0.0011748940451070666,0.20558020208741343,308,9.993076212861658e-07,1.7132365000143182
188,1.0,50.0,0.0,0.13949993144465792,0.1394588004734944,0.205271420198893,0.041130971163511276,0.03660264611244202,0.2499999850988388,0.258056640625,0.0011654093395918608,0.205271420198893,308,9.83879999215337e-07,1.7117310000030557
189,1.0,50.0,0.0,0.13931069473265864,0.13926954291849591,0.20496627242619958,0.04115181416273117,0.036446746438741684,0.2499999850988388,0.25732421875,0.0011560848215594888,0.20496627242619958,308,9.865061312487896e-07,1.7264465999905951
190,1.0,50.0,0.0,0.1391241564566868,0.13908298443282419,0.2046646854643505,0.04117202386260033,0.03629269450902939,0.2499999701976776,0.2568359375,0.001146912225522101,0.2046646854643505,308,9.88472864269836e-07,1.7146369999973103
191,1.0,50.0,0.0,0.13894023362983407,0.1388990412398094,0.20436656557169577,0.04119239002466202,0.036140456795692444,0.25,0.256103515625,0.0011378790950402617,0.20436656557169577,308,9.911594486631897e-07,1.7094688000070164
192,1.0,50.0,0.0,0.13875892258814856,0.13871770944825693,0.20407192465598287,0.04121313989162445,0.035989999771118164,0.2499999701976776,0.255126953125,0.0011289934627711773,0.20407192465598287,308,9.938127442861652e-07,1.714158699993277
193,1.0,50.0,0.0,0.1385801192724562,0.1385388859638429,0.20378064466390275,0.041233308613300323,0.03584129363298416,0.2499999701976776,0.255126953125,0.0011202434543520212,0.20378064466390275,308,9.964272753003736e-07,1.7082040999957826
194,1.0,50.0,0.0,0.13840376378085104,0.1383625100948998,0.20349266353240528,0.04125368595123291,0.03569430857896805,0.25,0.25537109375,0.001111615332774818,0.20349266353240528,308,9.991871597295571e-07,1.7257434000057401
195,1.0,50.0,0.0,0.13822983927412935,0.13818856469675012,0.20321397208938677,0.041274577379226685,0.035549018532037735,0.25,0.255615234375,0.00110311817843467,0.20321397208938677,308,9.82090355943389e-07,1.764193199996953
196,1.0,50.0,0.0,0.13805827812895657,0.13801698267132523,0.20294562469466115,0.041295457631349564,0.035405389964580536,0.25,0.255615234375,0.00109473941847682,0.20294562469466115,308,9.936990596133958e-07,1.7715222999977414
197,1.0,50.0,0.0,0.1378890142732924,0.13784769829676208,0.20268034862894357,0.04131597653031349,0.035263389348983765,0.25,0.2548828125,0.0010864760261029005,0.20268034862894357,308,9.683856619116528e-07,1.7176180999958888
198,1.0,50.0,0.0,0.13772203833834087,0.1376807022303418,0.2024181455275373,0.04133610799908638,0.03512299805879593,0.25,0.255126953125,0.0010783183388411999,0.2024181455275373,308,9.677865667434055e-07,1.72970220001298
199,1.0,50.0,0.0,0.13755728951020726,0.13751593301741966,0.20215895251136518,0.041356492787599564,0.03498418256640434,0.2499999701976776,0.255126953125,0.0010702692670747638,0.20215895251136518,308,9.699612289057592e-07,1.7281838999915635
200,2.0,200.0,0.005,0.16138845058675885,0.16127741851430416,0.1930206405683549,0.04249086603522301,0.013708241283893585,0.2499999701976776,0.25146484375,0.001499134348705411,0.1930206405683549,308,9.89608699860006e-07,1.718670000002021
201,2.0,200.0,0.005,0.16126852428820107,0.16115774678345893,0.19291588191319964,0.042499080300331116,0.013655684888362885,0.25,0.251708984375,0.0014950119657441974,0.19291588191319964,308,9.938256869603585e-07,1.7054598000104306
202,2.0,200.0,0.005,0.1611295187269999,0.16101898251024171,0.19276690931826895,0.04250504449009895,0.013606234453618526,0.25,0.251708984375,0.0014855926856398582,0.19276690931826895,308,9.987384153534668e-07,1.684636899997713
203,2.0,200.0,0.005,0.16097374429236477,0.16086343802194422,0.19257879629553207,0.042508892714977264,0.013559475541114807,0.2499999850988388,0.251708984375,0.0014724010834470391,0.19257879629553207,308,9.841015665254035e-07,1.7032476999884238
204,2.0,200.0,0.005,0.16080349299106825,0.16069340704735446,0.19235593896128708,0.04251060262322426,0.013515068218111992,0.25,0.25146484375,0.0014570665080100298,0.19235593896128708,308,9.91418530809045e-07,1.7004961000056937
205,2.0,200.0,0.005,0.1606207990765252,0.16051092500962846,0.19210187289932848,0.04251040145754814,0.013472733087837696,0.25,0.251220703125,0.0014411276206374168,0.19210187289932848,308,9.99667434023764e-07,1.697520399990026
206,2.0,200.0,0.005,0.1604274663352089,0.1603177966852354,0.19181933231432566,0.04250844940543175,0.01343224011361599,0.2499999701976776,0.25146484375,0.0014258736046031117,0.19181933231432566,308,9.961999375664473e-07,1.6905859999969834
207,2.0,200.0,0.005,0.16022478639593804,0.16011531446202182,0.19151002348226587,0.04250495135784149,0.013393396511673927,0.25,0.251708984375,0.0014122097054496408,0.19151002348226587,308,9.963808099279022e-07,1.6881033000099706
208,2.0,200.0,0.005,0.16001390815710664,0.15990462785584866,0.19117505694600806,0.042500030249357224,0.013356054201722145,0.25,0.251708984375,0.001400547567754984,0.19117505694600806,308,9.817565922054596e-07,1.6957296000036877
209,2.0,200.0,0.005,0.1597957375004964,0.1596866431983264,0.190814962239621,0.04249386489391327,0.01332008745521307,0.25,0.251708984375,0.0013907173415645957,0.190814962239621,308,9.904347285583676e-07,1.706118799993419
210,2.0,200.0,0.005,0.1595710095605097,0.1594620961295656,0.190429942749847,0.04248654097318649,0.013285377994179726,0.25,0.251953125,0.00138192274607718,0.190429942749847,308,9.989863559983779e-07,1.6987350999988848
211,2.0,200.0,0.005,0.15934066494623617,0.1592319274002169,0.19002049823880393,0.042478419840335846,0.013251825235784054,0.25,0.251953125,0.0013727563200518489,0.19002049823880393,309,9.74233724186729e-07,1.686281100002816
212,2.0,200.0,0.005,0.15910584185761775,0.15899727315665596,0.18958779206245988,0.042472053319215775,0.01321932952851057,0.25,0.251953125,0.0013613930204883218,0.18958779206245988,309,9.561530722581969e-07,1.6999249000073178
213,2.0,200.0,0.005,0.15886803403467395,0.15875962948583522,0.18913426337491068,0.04246565327048302,0.013187779113650322,0.2499999850988388,0.251708984375,0.0013459743931889534,0.18913426337491068,309,9.854350750807743e-07,1.704800300009083
214,2.0,200.0,0.005,0.1586291680898611,0.15852092403956694,0.1886641630191321,0.04245873913168907,0.013157062232494354,0.2499999850988388,0.251220703125,0.001325222896412015,0.1886641630191321,309,9.793500612133777e-07,1.6936959000013303
215,2.0,200.0,0.005,0.15839137140599477,0.15828328452011037,0.18818365565478093,0.0424516387283802,0.013127049431204796,0.25,0.250732421875,0.0012991983676329255,0.18818365565478093,309,9.776888854729165e-07,1.7079339000047185
216,2.0,200.0,0.005,0.15815674641477748,0.15804881392541215,0.18770058260361003,0.04244436323642731,0.013097625225782394,0.25,0.25048828125,0.0012697387719526887,0.18770058260361003,309,9.94886925818708e-07,1.7528774999955203
217,2.0,200.0,0.005,0.15792692847716464,0.15781914781479936,0.1872235166092077,0.04243727773427963,0.013068676926195621,0.25,0.25048828125,0.0012402883730828762,0.1872235166092077,309,9.949282943824402e-07,1.6996422999945935
218,2.0,200.0,0.005,0.15770273535195362,0.1575951040066741,0.18676048588841276,0.04243071377277374,0.01304012630134821,0.25,0.250732421875,0.001214973977766931,0.18676048588841276,309,9.933223361213468e-07,1.7235607999900822
219,2.0,200.0,0.005,0.1574839274635575,0.15737644263953335,0.18631765039473472,0.042425185441970825,0.013011927716434002,0.2499999850988388,0.25048828125,0.0011973106302320957,0.18631765039473472,309,9.927353679077763e-07,1.715269399996032
220,2.0,200.0,0.005,0.15726929452867433,0.1571619528163336,0.18589852894467981,0.042421311140060425,0.012984080240130424,0.25,0.25048828125,0.0011892284965142608,0.18589852894467981,309,9.98929376099545e-07,1.6952318999974523
221,2.0,200.0,0.005,0.15705686853187034,0.1569496664229209,0.18550385748127277,0.04241899400949478,0.012956622987985611,0.25,0.25048828125,0.0011907466687262058,0.18550385748127277,310,9.81327811309557e-07,1.7008488999999827
222,2.0,200.0,0.005,0.1568444175247055,0.15673735095485564,0.18513218771778178,0.042418431490659714,0.012929627671837807,0.2499999701976776,0.25146484375,0.0012003600131720304,0.18513218771778178,310,9.899857509417e-07,1.7119570000068052
223,2.0,200.0,0.005,0.156629591543559,0.15652265588972347,0.18478046116050195,0.04241975396871567,0.012903179973363876,0.25,0.251708984375,0.0012156680459156632,0.18478046116050195,310,9.886572313565597e-07,1.7096712999918964
224,2.0,200.0,0.005,0.15641048059233875,0.15630367073596865,0.18444502043818126,0.04242300987243652,0.012877369299530983,0.25,0.251708984375,0.0012339354725554585,0.18444502043818126,310,9.919877245647363e-07,1.715196899996954
225,2.0,200.0,0.005,0.156185622584123,0.156078933073256,0.18412199451144182,0.0424281507730484,0.012852272018790245,0.25,0.251220703125,0.0012524741468951106,0.18412199451144182,310,9.998772006469087e-07,1.7234955000021728
226,2.0,200.0,0.005,0.15595423441814352,0.1558476596369045,0.18380773089581642,0.04243507981300354,0.012827940285205841,0.25,0.251220703125,0.0012688535498455167,0.18380773089581642,310,9.914529036305532e-07,1.7069536000053631
227,2.0,200.0,0.005,0.15571621035652752,0.15560974475516523,0.1834988906845963,0.04244363307952881,0.012804393656551838,0.2499999850988388,0.251220703125,0.0012810076586902142,0.1834988906845963,310,9.785346742516482e-07,1.7123236000043107
228,2.0,200.0,0.005,0.15547214175390703,0.1553657801095645,0.18319251605522632,0.04245355352759361,0.012781618162989616,0.2499999850988388,0.251220703125,0.001287291874177754,0.18319251605522632,310,9.760389612234903e-07,1.720392899995204
229,2.0,200.0,0.005,0.15522324772839843,0.1551169853323087,0.1828860362663926,0.04246458783745766,0.012759561650454998,0.2499999850988388,0.251220703125,0.0012865369208157063,0.1828860362663926,310,9.9098143827935e-07,1.7153775000042515
230,2.0,200.0,0.005,0.15497128175234143,0.1548651146556968,0.18257732953583,0.04247644171118736,0.012738130986690521,0.2499999850988388,0.2509765625,0.0012781223049387336,0.18257732953583,311,9.79405644228215e-07,1.7097195999958785
231,2.0,200.0,0.005,0.15471833132685614,0.1546122565596689,0.18226479373597984,0.04248878359794617,0.012717196717858315,0.2499999701976776,0.250244140625,0.0012620335910469294,0.18226479373597984,311,9.799641492506068e-07,1.7244790000113426
232,2.0,200.0,0.005,0.15446669071375774,0.15436070625319528,0.1819475772460116,0.042501434683799744,0.012696605175733566,0.25,0.25,0.0012388374889269471,0.1819475772460116,311,9.944398910655228e-07,1.7117075999994995
233,2.0,200.0,0.005,0.1542186657140648,0.15411277085604727,0.18162578214203104,0.042513951659202576,0.012676181271672249,0.2499999850988388,0.250732421875,0.001209533424116671,0.18162578214203104,311,9.977049933300064e-07,1.7259414000000106
234,2.0,200.0,0.005,0.1539763190690795,0.15387051428485607,0.18130055064262332,0.04252609983086586,0.01265573687851429,0.2499999701976776,0.250732421875,0.0011753541184589267,0.18130055064262332,312,9.97013652693421e-07,1.7164388999954099
235,2.0,200.0,0.005,0.15374142351918624,0.15363571043484614,0.18097419221317154,0.0425376370549202,0.012635089457035065,0.2499999850988388,0.250732421875,0.0011376478942111135,0.18097419221317154,313,9.91549133157966e-07,1.7257616999995662
236,2.0,200.0,0.005,0.15351539445247556,0.15340977565988953,0.18065003278504546,0.04254840314388275,0.012614077888429165,0.2499999701976776,0.25146484375,0.0010978971840813756,0.18065003278504546,313,9.992318079435472e-07,1.7134841999941273
237,2.0,200.0,0.005,0.1532991552107124,0.15319363407661157,0.1803319824569507,0.04255831241607666,0.012592564336955547,0.2499999701976776,0.25146484375,0.0010578101500868797,0.1803319824569507,313,9.866534316462715e-07,1.7132859999983339
238,2.0,200.0,0.005,0.15309311617639357,0.15298769656856054,0.18002399987884682,0.04256732016801834,0.0125704575330019,0.25,0.251220703125,0.0010193494381383061,0.18002399987884682,313,9.751433306253005e-07,1.8777069000061601
239,2.0,200.0,0.005,0.15289719248437275,0.1527918785267039,0.1797295570845195,0.042575426399707794,0.012547706253826618,0.25,0.25146484375,0.0009846107568591833,0.1797295570845195,313,9.856376561628202e-07,1.8719353000051342
240,2.0,200.0,0.005,0.1527107813148005,0.15260557704551053,0.1794511396523571,0.04258269816637039,0.012524314224720001,0.25,0.251220703125,0.0009555555297993124,0.1794511396523571,313,9.999859946731049e-07,1.7764360000001034
241,2.0,200.0,0.005,0.15253279911967282,0.15242770827429655,0.179189976825376,0.0425892099738121,0.012500327080488205,0.25,0.25146484375,0.000933705479837954,0.179189976825376,312,9.955847089957798e-07,1.7565489999979036
242,2.0,200.0,0.005,0.1523618605704937,0.15225688532832599,0.1789461192055806,0.04259609431028366,0.01247582957148552,0.2499999850988388,0.251953125,0.000919890240766108,0.1789461192055806,312,9.944209039390045e-07,1.7745736000069883
243,2.0,200.0,0.005,0.1521963834042606,0.1520915262733531,0.1787185998936835,0.04260244965553284,0.012450936250388622,0.2499999701976776,0.25244140625,0.0009141381597146392,0.1787185998936835,313,9.571743156157127e-07,1.722740099998191
244,2.0,200.0,0.005,0.15203470535259248,0.15192996828872263,0.17850568975956324,0.04260819032788277,0.012425774708390236,0.25,0.2529296875,0.0009156446321867406,0.17850568975956324,313,9.48999030411142e-07,1.7103376000013668
245,2.0,200.0,0.005,0.1518752802039388,0.15177066293329777,0.17830790381216716,0.0426148846745491,0.012400477193295956,0.2499999850988388,0.252685546875,0.0009228871203958988,0.17830790381216716,313,9.648274819550725e-07,1.7183054000051925
246,2.0,200.0,0.005,0.15171676298983633,0.1516122657098645,0.17815299350923966,0.04262145608663559,0.012375164777040482,0.25,0.252685546875,0.0009338319068774581,0.17815299350923966,313,9.839138574885085e-07,1.7099799999996321
247,2.0,200.0,0.005,0.15155819728635275,0.1514538199923935,0.17800431158225774,0.042627543210983276,0.012349950149655342,0.25,0.25244140625,0.0009461378213018179,0.17800431158225774,313,9.898433567670724e-07,1.7077690000005532
248,2.0,200.0,0.005,0.15139894213378174,0.15129468418229117,0.17785981849803295,0.04263336583971977,0.012324917130172253,0.25,0.251220703125,0.0009574880823493004,0.17785981849803295,313,9.794417666394463e-07,1.713824400008889
249,2.0,200.0,0.005,0.15123882630602092,0.15113468697522403,0.17771752247845432,0.04263870418071747,0.012300125323235989,0.25,0.251220703125,0.000965907413046807,0.17771752247845432,313,9.979200545267854e-07,1.7150533999956679
250,2.0,200.0,0.005,0.151078105674734,0.15097408418790775,0.1775754402175106,0.042643431574106216,0.01227561105042696,0.2499999850988388,0.2509765625,0.0009700394002720714,0.1775754402175106,313,9.967875764646058e-07,1.7275612999947043
251,2.0,200.0,0.005,0.15091732567485758,0.15081342063967473,0.1774315120944895,0.04264812171459198,0.012251382693648338,0.2499999701976776,0.250732421875,0.0009693171596154571,0.1774315120944895,313,9.980566102622306e-07,1.7213173000054667
252,2.0,200.0,0.005,0.1507572664757019,0.1506534768295234,0.17728362818247445,0.042652491480112076,0.012227430939674377,0.25,0.250732421875,0.0009639746858738363,0.17728362818247445,313,9.90508914111271e-07,1.7313869999925373
253,2.0,200.0,0.005,0.15059876473876743,0.150495088257595,0.17712958105744833,0.04265785589814186,0.012203725054860115,0.25,0.25048828125,0.0009548825328238308,0.17712958105744833,313,9.986763653133844e-07,1.7708378999959677
254,2.0,200.0,0.005,0.15044264256592058,0.1503390781899091,0.17696713704031702,0.042663171887397766,0.012180240824818611,0.2499999701976776,0.25048828125,0.0009432926308363676,0.17696713704031702,313,9.97826429742044e-07,1.7597667999943951
255,2.0,200.0,0.005,0.150289443498351,0.15018599146591904,0.1767939260038433,0.04266737401485443,0.012156931683421135,0.2499999701976776,0.250732421875,0.0009304920677095652,0.1767939260038433,313,9.889249058594776e-07,1.7151977000030456
256,2.0,200.0,0.005,0.15013957749253642,0.15003623837551605,0.1766076985988596,0.04267032444477081,0.012133758515119553,0.25,0.250732421875,0.0009175437735393643,0.1766076985988596,313,9.81321000269264e-07,1.7202455999940867
257,2.0,200.0,0.005,0.14999316391887027,0.14988993801714737,0.1764063114477493,0.042672500014305115,0.012110680341720581,0.2499999850988388,0.2509765625,0.0009050442022271454,0.1764063114477493,313,9.752234253204467e-07,1.788476499990793
258,2.0,200.0,0.005,0.1498502373944842,0.14974712535160264,0.1761880601843681,0.04267372936010361,0.01208766270428896,0.25,0.250732421875,0.0008930140174925327,0.1761880601843681,313,9.706492864400263e-07,1.7327858999924501
259,2.0,200.0,0.005,0.14971069448007748,0.14960769756822392,0.1759518047367513,0.04267360270023346,0.012064661830663681,0.25,0.251708984375,0.0008808781276457012,0.1759518047367513,313,9.6740618484895e-07,1.7197044999920763
260,2.0,200.0,0.005,0.14957450186285495,0.149471621648514,0.1756973815206449,0.04267203062772751,0.012041636742651463,0.2499999850988388,0.251708984375,0.0008676382713019848,0.1756973815206449,313,9.683810101926137e-07,1.721130500009167
261,2.0,200.0,0.005,0.1494417201454295,0.14933895695735797,0.17542584961094895,0.042670488357543945,0.012018539942800999,0.2499999850988388,0.251708984375,0.000852156721521169,0.17542584961094895,313,9.751960987201832e-07,1.709667699993588
262,2.0,200.0,0.005,0.1493125809174002,0.1492099348515243,0.17513977567327202,0.04266953468322754,0.011995306238532066,0.25,0.251953125,0.0008335787570104003,0.17513977567327202,313,9.817440456760992e-07,1.7089699000061955
263,2.0,200.0,0.005,0.14918754047458918,0.14908501363756063,0.1748433700391278,0.042667414993047714,0.011971884407103062,0.2499999850988388,0.251953125,0.0008116663084365427,0.1748433700391278,312,9.975348733288527e-07,1.7108812000078615
264,2.0,200.0,0.005,0.14906708679327066,0.14896468157858844,0.17464663694435453,0.04266419634222984,0.011948203667998314,0.25,0.252197265625,0.0007870180997997522,0.17464663694435453,312,9.941061272570241e-07,1.7615412000013748
265,2.0,200.0,0.005,0.14895170188895382,0.14884942018254613,0.1745381569476378,0.0426606610417366,0.01192420907318592,0.2499999701976776,0.252197265625,0.0007610843167640269,0.1745381569476378,312,9.988463969668488e-07,1.710112399989157
266,2.0,200.0,0.005,0.14884172146863417,0.14873956581859962,0.17442983419456298,0.042656347155570984,0.011899860575795174,0.2499999701976776,0.251953125,0.0007358432631008327,0.17442983419456298,312,9.98279678174214e-07,1.724085499998182
267,2.0,200.0,0.005,0.14873723214761336,0.14863520493813773,0.17432030846059327,0.042651474475860596,0.011875146999955177,0.2499999850988388,0.251953125,0.0007133434410206974,0.17432030846059327,312,9.943348153195492e-07,1.7279936999984784
268,2.0,200.0,0.005,0.14863806124134282,0.1485361626596219,0.17420836866993536,0.04264811426401138,0.011850093491375446,0.25,0.251953125,0.0006952208932489157,0.17420836866993536,312,9.90802275840606e-07,1.7089699000061955
269,2.0,200.0,0.005,0.14854374823599048,0.1484419795262713,0.1740929173849,0.0426449254155159,0.011824756860733032,0.25,0.251708984375,0.0006824127631261945,0.1740929173849,312,9.985486433556067e-07,1.7160206000116887
270,2.0,200.0,0.005,0.14845361832819548,0.148351980385479,0.173972981964421,0.042641833424568176,0.011799221858382225,0.25,0.251953125,0.0006750387256033719,0.173972981964421,312,9.967169728542343e-07,1.7321320999908494
271,2.0,200.0,0.005,0.14836692157749976,0.14826541452472056,0.17384779164281206,0.04263904690742493,0.011773601174354553,0.25,0.252197265625,0.0006725580315105617,0.17384779164281206,312,9.950702017389592e-07,1.70497589999286
272,2.0,200.0,0.005,0.14828287299479426,0.14818149617164464,0.17371676321269283,0.04263672977685928,0.01174801867455244,0.2499999850988388,0.252197265625,0.0006739854579791427,0.17371676321269283,312,9.936570209386292e-07,1.728549599996768
273,2.0,200.0,0.005,0.14820074328112529,0.14809949527199492,0.17357956744401484,0.042635008692741394,0.01172260008752346,0.25,0.252197265625,0.0006781175616197288,0.17357956744401484,312,9.925345257857516e-07,1.7038731999928132
274,2.0,200.0,0.005,0.1481199040639189,0.14801878273049118,0.17343616476956145,0.0426340289413929,0.011697460897266865,0.2499999850988388,0.251953125,0.0006837124237790704,0.17343616476956145,312,9.917784731501615e-07,1.7097120999969775
275,2.0,200.0,0.005,0.14803986911956393,0.14793887183737184,0.17328686741216132,0.04263376444578171,0.011672703549265862,0.25,0.251953125,0.0006896137492731214,0.17328686741216132,311,9.914916624906606e-07,1.7044281999988016
276,2.0,200.0,0.005,0.14796029582445652,0.147859419535968,0.17313682120817936,0.042634233832359314,0.011648410931229591,0.25,0.251708984375,0.000694836606271565,0.17313682120817936,311,9.918176832434877e-07,1.71293959999457
277,2.0,200.0,0.005,0.14788101995795083,0.14778026128432764,0.17303723194015633,0.04263543710112572,0.011624647304415703,0.25,0.251708984375,0.0006986204534769058,0.17303723194015633,311,9.92951966613056e-07,1.7092833000060637
278,2.0,200.0,0.005,0.1478019837722734,0.14770133917262707,0.17293287522216322,0.042637359350919724,0.011601448059082031,0.25,0.251708984375,0.0007004516082815826,0.17293287522216322,311,9.951293926247216e-07,1.7054179000115255
279,2.0,200.0,0.005,0.14772326480343081,0.1476227305822734,0.17282311917534576,0.04264005273580551,0.011578833684325218,0.2499999701976776,0.25146484375,0.0007000514888204634,0.17282311917534576,312,9.985371084148231e-07,1.7160800999990897
280,2.0,200.0,0.005,0.1476450277012781,0.14754460014076987,0.1727074660379026,0.04264352098107338,0.011556807905435562,0.2499999850988388,0.25146484375,0.0006973298732191324,0.1727074660379026,312,9.838845034806129e-07,1.7124812999973074
281,2.0,200.0,0.005,0.14756751281538713,0.14746718849943685,0.1725856401791733,0.04264753684401512,0.01153535582125187,0.2499999850988388,0.25146484375,0.0006923133623786271,0.1725856401791733,312,9.984837448337705e-07,1.734465799992904
282,2.0,200.0,0.005,0.1474909730278753,0.14739074866518903,0.17245759164268046,0.04265207797288895,0.011514456942677498,0.2499999850988388,0.251220703125,0.0006850780919194221,0.17245759164268046,312,9.94942038550718e-07,1.7055308999988483
283,2.0,200.0,0.005,0.14741569517779265,0.14731556775647317,0.17232360446587627,0.0426570326089859,0.011494077742099762,0.25,0.25146484375,0.0006757098017260432,0.17232360446587627,312,9.91470015788638e-07,1.7226776000024984
284,2.0,200.0,0.005,0.1473419798451054,0.14724194661030052,0.17218431322927205,0.042662329971790314,0.011474180966615677,0.2499999850988388,0.251220703125,0.0006643029046244919,0.17218431322927205,312,9.968319920420325e-07,1.7088776000018697
285,2.0,200.0,0.005,0.14727008517573958,0.147170143614741,0.17204065399412616,0.0426679328083992,0.01145472563803196,0.25,0.25146484375,0.0006509974482469261,0.17204065399412616,311,9.983072318508197e-07,1.7079979999980424
286,2.0,200.0,0.005,0.1472002885065432,0.14710043643539952,0.17189389894814863,0.04267370328307152,0.01143567357212305,0.2499999850988388,0.251220703125,0.0006360300467349589,0.17189389894814863,311,9.989427454960494e-07,1.7117140000045765
287,2.0,200.0,0.005,0.147132798166979,0.14703303369510537,0.17175695245280065,0.0426795668900013,0.011416980996727943,0.25,0.251220703125,0.0006197693874128163,0.17175695245280065,311,9.928369950668005e-07,1.7090200000093319
288,2.0,200.0,0.005,0.14706782834977294,0.14696814985573675,0.17174462606254895,0.04268544539809227,0.011398609727621078,0.2499999701976776,0.2509765625,0.0006027190829627216,0.17174462606254895,311,9.895133643432171e-07,1.7060971000028076
289,2.0,200.0,0.005,0.14700544337091226,0.14690584948753196,0.1717335712518204,0.04269127547740936,0.011380521580576897,0.25,0.2509765625,0.000585473608225584,0.1717335712518204,311,9.857177615317795e-07,1.7004845999908866
290,2.0,200.0,0.005,0.1469457284995799,0.1468462180841227,0.1717234069319924,0.042696986347436905,0.011362685821950436,0.25,0.2509765625,0.0005686584045179188,0.1717234069319924,311,9.836111380542278e-07,1.6998620000085793
291,2.0,200.0,0.005,0.1468886214657647,0.14678919354592984,0.17171375082779144,0.04270255193114281,0.011345073580741882,0.25,0.2509765625,0.0005528491456061602,0.17171375082779144,311,9.995045331235816e-07,1.699040799998329
292,2.0,200.0,0.005,0.14683404623153348,0.1467347000129028,0.1717043206821281,0.04270792007446289,0.011327659711241722,0.25,0.251220703125,0.0005385155091062188,0.1717043206821281,311,9.96743434207692e-07,1.6952784000022803
293,2.0,200.0,0.005,0.14678181879352442,0.1466825536027517,0.17169484486437966,0.04271305352449417,0.011310427449643612,0.2499999850988388,0.2509765625,0.0005259830504655838,0.17169484486437966,311,9.94201546593632e-07,1.703055999998469
294,2.0,200.0,0.005,0.14673170511618822,0.14663252044570266,0.17168509761838482,0.042717888951301575,0.01129335630685091,0.25,0.250732421875,0.0005154241225682199,0.17168509761838482,311,9.919805730005905e-07,1.703204099991126
295,2.0,200.0,0.005,0.1466835024709371,0.14658439784948948,0.17167494726761093,0.04272240400314331,0.011276443488895893,0.25,0.250732421875,0.0005068762111477554,0.17167494726761093,311,9.90112023181669e-07,1.7056320999981835
296,2.0,200.0,0.005,0.1466369410357229,0.14653791607495167,0.1716642555027102,0.04272657632827759,0.01125967688858509,0.25,0.2509765625,0.0005002662073820829,0.1716642555027102,311,9.885938051332015e-07,1.7022987000091234
297,2.0,200.0,0.005,0.146591778288382,0.14649283258874984,0.17165294536300668,0.0427304171025753,0.011243056505918503,0.2499999850988388,0.251220703125,0.0004954431788064539,0.17165294536300668,311,9.956690242836994e-07,1.6941211999946972
298,2.0,200.0,0.005,0.14654773899785029,0.14644887218310282,0.1716409386489836,0.042733944952487946,0.011226573958992958,0.25,0.251220703125,0.0004922081134282053,0.1716409386489836,311,9.865469914647415e-07,1.7619284999964293
299,2.0,200.0,0.005,0.14650463211722367,0.14640584338456086,0.17162823285145112,0.042737558484077454,0.011210234835743904,0.2499999850988388,0.251220703125,0.0004903298686258495,0.17162823285145112,311,9.861295026480734e-07,1.702841799997259
300,2.0,200.0,0.005,0.14646223743458095,0.14636352614325288,0.1716148085636109,0.04274110496044159,0.011194037273526192,0.2499999850988388,0.251220703125,0.0004895863239653409,0.1716148085636109,311,9.863562821573457e-07,1.7018814000039129
301,2.0,200.0,0.005,0.14642035634882436,0.14632172213002725,0.17160066028251858,0.042744312435388565,0.01117798127233982,0.2499999701976776,0.251220703125,0.000489736907184124,0.17160066028251858,311,9.988383899599785e-07,1.6874934999941615
302,2.0,200.0,0.005,0.146378866238613,0.14628030845625356,0.1715858340417764,0.042747434228658676,0.011162069626152515,0.2499999701976776,0.251220703125,0.0004905504174530506,0.1715858340417764,310,9.959436160533308e-07,1.6911046000022907
303,2.0,200.0,0.005,0.14633762177139817,0.14623913969252555,0.17157034435642374,0.04275056719779968,0.011146302334964275,0.2499999850988388,0.2509765625,0.0004918143968097866,0.17157034435642374,310,9.903117064467717e-07,1.692138900005375
304,2.0,200.0,0.005,0.1462965172375957,0.14619811036488364,0.17155422225100153,0.04275348037481308,0.011130678467452526,0.25,0.2509765625,0.0004933190066367388,0.17155422225100153,310,9.892891344568046e-07,1.6853623999923002
305,2.0,200.0,0.005,0.1462555081165485,0.1461571759815417,0.17153752725155222,0.04275614023208618,0.011115198954939842,0.2499999850988388,0.2509765625,0.0004948703572154045,0.17153752725155222,310,9.917179645166532e-07,1.7027133999945363
306,2.0,200.0,0.005,0.14621452830151133,0.1461162703910511,0.17152028209996534,0.04275859147310257,0.011099863797426224,0.25,0.2509765625,0.0004962917882949114,0.17152028209996534,310,9.93695848337541e-07,1.6975453000050038
307,2.0,200.0,0.005,0.1461735348548515,0.14607535066416097,0.17150250480441104,0.04276086762547493,0.0110846646130085,0.25,0.2509765625,0.0004974312614649534,0.17150250480441104,310,9.953647215008017e-07,1.693362599995453
308,2.0,200.0,0.005,0.1461325694470623,0.14603445849092242,0.1714842599456343,0.042762935161590576,0.011069604195654392,0.2499999850988388,0.2509765625,0.0004981606616638601,0.1714842599456343,310,9.979099362345801e-07,1.684353499993449
309,2.0,200.0,0.005,0.14609162191839956,0.14599358372649243,0.17146554722360532,0.0427648164331913,0.011054675094783306,0.25,0.2509765625,0.0004983838298358023,0.17146554722360532,311,9.984933957895649e-07,1.6879989000008209
310,2.0,200.0,0.005,0.14605072696038057,0.14595276101954746,0.17144638133761939,0.04276658222079277,0.011039871722459793,0.2499999850988388,0.2509765625,0.000498040986713022,0.17144638133761939,311,9.964139720186677e-07,1.6873508999997284
311,2.0,200.0,0.005,0.14600993351129027,0.14591203926180632,0.17142677134183554,0.04276830703020096,0.011025188490748405,0.25,0.250244140625,0.0004971004091203213,0.17142677134183554,311,9.932909930912938e-07,1.6978091999917524
312,2.0,200.0,0.005,0.1459692918744552,0.14587146871654866,0.1714067090131319,0.04277007281780243,0.011010617017745972,0.2499999850988388,0.250244140625,0.0004955694312229753,0.1714067090131319,311,9.907823823052304e-07,1.7081624999991618
313,2.0,200.0,0.005,0.14592887850616096,0.14583112550105867,0.17138619525248197,0.04277225583791733,0.010996149852871895,0.2499999850988388,0.250244140625,0.0004934855969622731,0.17138619525248197,310,9.971796283827803e-07,1.7033762000064598
314,2.0,200.0,0.005,0.14588870869692674,0.1457910254888635,0.17136517307950896,0.042774319648742676,0.010981777682900429,0.2499999850988388,0.249755859375,0.000490890524815768,0.17136517307950896,310,9.939457830352297e-07,1.6973331999906804
315,2.0,200.0,0.005,0.14584889531940276,0.1457512816215312,0.1713436551249508,0.04277622327208519,0.010967494919896126,0.25,0.24951171875,0.0004878430918324739,0.1713436551249508,310,9.998690895288657e-07,1.69254479999654
316,2.0,200.0,0.005,0.14580947885861742,0.14571193447815375,0.17132159363530872,0.042777933180332184,0.010953289456665516,0.2499999850988388,0.24951171875,0.0004843983624596149,0.17132159363530872,310,9.877114294620374e-07,1.7019762999989325
317,2.0,200.0,0.005,0.14577048519346836,0.14567300995532398,0.17129892740430153,0.04277946427464485,0.010939154773950577,0.2499999701976776,0.24951171875,0.0004806050274055451,0.17129892740430153,310,9.854434039876437e-07,1.6972586999909254
318,2.0,200.0,0.005,0.14573196547030612,0.14563455925061508,0.17127561392295576,0.04278081655502319,0.010925080627202988,0.25,0.249267578125,0.00047650313354097307,0.17127561392295576,310,9.838287860236138e-07,1.699216000008164
319,2.0,200.0,0.005,0.14569398632450728,0.14559664901337352,0.17125162158874457,0.04278199002146721,0.010911064222455025,0.25,0.2490234375,0.0004721247241832316,0.17125162158874457,310,9.940901212278154e-07,1.726054099999601
320,2.0,200.0,0.005,0.14565656369077934,0.14555929527143907,0.17122688247382867,0.042782947421073914,0.010897094383835793,0.2499999850988388,0.248779296875,0.00046749485773034394,0.17122688247382867,310,9.893380655386462e-07,1.766214699993725
321,2.0,200.0,0.005,0.14561969338388256,0.14552249387589358,0.17120131283878204,0.04278368502855301,0.010883164592087269,0.25,0.24853515625,0.0004626385634765029,0.17120131283878204,310,9.873939068022943e-07,1.7267563000059454
322,2.0,200.0,0.005,0.1455834749328466,0.14548634436787383,0.17117491365043574,0.0427841953933239,0.010869273915886879,0.25,0.24853515625,0.00045758875785395503,0.17117491365043574,310,9.884223780508785e-07,1.722789899999043
323,2.0,200.0,0.005,0.1455478622960863,0.14545080074491026,0.1711475742935261,0.04278448596596718,0.010855413042008877,0.25,0.248779296875,0.0004523854877334088,0.1711475742935261,310,9.913273586665182e-07,1.7119589000067208
324,2.0,200.0,0.005,0.14551288915947447,0.1454158967338539,0.17111924974240553,0.04278453439474106,0.010841578245162964,0.25,0.2490234375,0.0004470832063816488,0.17111924974240553,310,9.945847516151766e-07,1.6961470999958692
325,2.0,200.0,0.005,0.14547858614979028,0.14538166292888763,0.1710898997833402,0.04278437793254852,0.010827768594026566,0.2499999850988388,0.248779296875,0.00044174620416015387,0.1710898997833402,310,9.971421262288902e-07,1.697527500000433
326,2.0,200.0,0.005,0.14544493221707921,0.14534807830613386,0.1710594513384777,0.042784009128808975,0.010813980363309383,0.2499999850988388,0.24853515625,0.0004364483174867928,0.1710594513384777,310,9.986519212134894e-07,1.6925800000026356
327,2.0,200.0,0.005,0.14541195066526172,0.1453151662002468,0.17102787383966442,0.042783401906490326,0.010800212621688843,0.25,0.248779296875,0.00043126571108587086,0.17102787383966442,310,9.992230697983409e-07,1.6878217000048608
328,2.0,200.0,0.005,0.14537959468776473,0.1452828798372496,0.1709950902167032,0.04278253763914108,0.01078646257519722,0.25,0.248779296875,0.00042627108632586896,0.1709950902167032,310,9.99119443330866e-07,1.689514199999394
329,2.0,200.0,0.005,0.14534787962421092,0.14525123455583366,0.17096108425323533,0.04278141260147095,0.01077273115515709,0.25,0.248779296875,0.00042153013055212796,0.17096108425323533,310,9.985934889742198e-07,1.6982778999954462
330,2.0,200.0,0.005,0.14531676872623103,0.14522019360949234,0.17092580789270134,0.042780015617609024,0.0107590202242136,0.2499999850988388,0.24853515625,0.0004170948814135045,0.17092580789270134,310,9.983544328754347e-07,1.7035508999979356
331,2.0,200.0,0.005,0.14528623596612256,0.1451897309714545,0.1708892330506077,0.04277835041284561,0.010745328851044178,0.2499999850988388,0.248291015625,0.00041300192242488265,0.1708892330506077,310,9.999009455706875e-07,1.6889469000016106
332,2.0,200.0,0.005,0.14525624113276975,0.14515980642222243,0.17085133090972265,0.04277642071247101,0.010731657966971397,0.2499999850988388,0.248291015625,0.00040927171357907355,0.17085133090972265,309,9.984387807490178e-07,1.6925441999919713
333,2.0,200.0,0.005,0.14522672953049887,0.14513036523911407,0.1708120674370477,0.04277423024177551,0.010718012228608131,0.25,0.248291015625,0.000405908067477867,0.1708120674370477,309,9.96740724694737e-07,1.7178229999990435
334,2.0,200.0,0.005,0.1451976922725251,0.14510139854372647,0.17077145586449294,0.042771775275468826,0.010704390704631805,0.2499999701976776,0.248779296875,0.00040290207834914327,0.17077145586449294,309,9.951224510161127e-07,1.707203700003447
335,2.0,200.0,0.005,0.14516905133517058,0.14507282826860968,0.17072945949111226,0.042769066989421844,0.010690799914300442,0.25,0.248779296875,0.0004002326459158212,0.17072945949111226,309,9.935701535887685e-07,1.6960959999996703
336,2.0,200.0,0.005,0.14514079977652913,0.14504464747278875,0.17068610485436908,0.042766109108924866,0.010677238926291466,0.2499999850988388,0.24853515625,0.0003978717722930014,0.17068610485436908,309,9.923281260328634e-07,1.6925143000116805
337,2.0,200.0,0.005,0.14511285356385348,0.14501677208440092,0.1706413599715797,0.042762912809848785,0.010663713328540325,0.25,0.24853515625,0.0003957856388296932,0.1706413599715797,309,9.9145942129961e-07,1.7142705999867758
338,2.0,200.0,0.005,0.14508521727733348,0.14498920667618548,0.17059526908213976,0.0427594855427742,0.01065022312104702,0.2499999701976776,0.24853515625,0.00039393920451402664,0.17059526908213976,309,9.906168416004497e-07,1.7057335999998031
339,2.0,200.0,0.005,0.1450578215952025,0.1449618818881915,0.1705478166990865,0.042755842208862305,0.010636772960424423,0.2499999850988388,0.24853515625,0.0003922965261153877,0.1705478166990865,309,9.99088795845512e-07,1.7148310000047786
340,2.0,200.0,0.005,0.14503065130997156,0.14493478250361685,0.17049903463728464,0.0427519828081131,0.010623364709317684,0.25,0.24853515625,0.0003908236394636333,0.17049903463728464,309,9.972764300910275e-07,1.6951060999999754
341,2.0,200.0,0.005,0.14500367641064343,0.1449078784797993,0.17044894335003202,0.04274792969226837,0.010610000230371952,0.2499999850988388,0.248779296875,0.00038948911242187023,0.17044894335003202,309,9.955065523466134e-07,1.6990422999951988
342,2.0,200.0,0.005,0.1449768854357132,0.1448811583375388,0.17039757828567123,0.04274368658661842,0.01059668231755495,0.25,0.248779296875,0.0003882644232362509,0.17039757828567123,309,9.937755180835946e-07,1.69856279999658
343,2.0,200.0,0.005,0.14495021016438234,0.14485455384765494,0.1703449277195667,0.04273925721645355,0.010583411902189255,0.25,0.248779296875,0.00038712506648153067,0.1703449277195667,309,9.92078093131104e-07,1.707820099996752
344,2.0,200.0,0.005,0.14492369246678632,0.14482810684303027,0.17029107206632874,0.04273466020822525,0.010570192709565163,0.2499999701976776,0.248779296875,0.0003860497963614762,0.17029107206632874,309,9.904122656915617e-07,1.683028599989484
345,2.0,200.0,0.005,0.14489728459157403,0.1448017695695197,0.17023601650281422,0.042729903012514114,0.0105570238083601,0.25,0.248779296875,0.0003850210050586611,0.17023601650281422,309,9.887741666788252e-07,1.6886039999953937
346,2.0,200.0,0.005,0.14487098493998352,0.14477554040135296,0.17017980173774275,0.04272498935461044,0.01054390985518694,0.25,0.248779296875,0.0003840239951387048,0.17017980173774275,309,9.871601687475514e-07,1.6772292999958154
347,2.0,200.0,0.005,0.14484478213909702,0.14474940796468094,0.1701224637713435,0.04271993413567543,0.010530848056077957,0.2499999850988388,0.248779296875,0.00038304715417325497,0.1701224637713435,309,9.855684510048994e-07,1.6754038000071887
348,2.0,200.0,0.005,0.1448186622813022,0.14472335791975763,0.1700640292558062,0.042715150862932205,0.010517842136323452,0.25,0.248779296875,0.00038207534817047417,0.1700640292558062,309,9.839951971892973e-07,1.6874201000027824
349,2.0,200.0,0.005,0.14479263170306528,0.1446973967315718,0.17000454554966102,0.042710501700639725,0.010504893958568573,0.2499999850988388,0.248779296875,0.00038111393223516643,0.17000454554966102,309,9.82574507910057e-07,1.6822291999997105
350,4.0,500.0,0.01,0.1530373584098473,0.1529520058027759,0.16780119133480384,0.042552076280117035,0.004280053079128265,0.2499999850988388,0.248779296875,0.001011537853628397,0.16780119133480384,304,9.70443353624158e-07,1.6691131000116002
351,4.0,500.0,0.01,0.1529768974205563,0.15289163874109185,0.16773114593629324,0.04254933446645737,0.004270934499800205,0.2499999850988388,0.248779296875,0.0010172795737162232,0.16773114593629324,304,9.739035240543755e-07,1.6878541000041878
352,4.0,500.0,0.01,0.15290064043936633,0.15281548642845205,0.16764117521444258,0.0425453744828701,0.004260863643139601,0.25,0.2490234375,0.0010185696883127093,0.16764117521444258,304,9.778389234608607e-07,1.683244800005923
353,4.0,500.0,0.01,0.15281075333156066,0.1527257152526118,0.16753348633163148,0.042540255934000015,0.0042497823014855385,0.2499999701976776,0.249267578125,0.0010143315885215998,0.16753348633163148,304,9.814680389823932e-07,1.6814008000073954
354,4.0,500.0,0.01,0.152709510259384,0.15262459935439537,0.16741043494032942,0.042534153908491135,0.004237675108015537,0.25,0.249267578125,0.0010060666827484965,0.16741043494032942,304,9.857002403583802e-07,1.6912895999994362
355,4.0,500.0,0.01,0.15259898944249317,0.15251421616928593,0.16727413394186905,0.042527228593826294,0.004224604461342096,0.25,0.249267578125,0.0009982538176700473,0.16727413394186905,304,9.896817611673145e-07,1.6762478000018746
356,4.0,500.0,0.01,0.15248044325353352,0.152395816156061,0.16712562062316288,0.042519666254520416,0.004210743121802807,0.25,0.24951171875,0.0009961322648450732,0.16712562062316288,304,9.990758549358257e-07,1.6660685999959242
357,4.0,500.0,0.01,0.15235424254457358,0.15226976705244635,0.16696457275806656,0.04251154512166977,0.0041963947005569935,0.2499999850988388,0.24951171875,0.001001205062493682,0.16696457275806656,304,9.995316020478612e-07,1.6976313999912236
358,4.0,500.0,0.01,0.15222039071472887,0.15213606788872336,0.16678979293961596,0.04250297322869301,0.004181985277682543,0.25,0.249755859375,0.0010081767104566097,0.16678979293961596,304,9.96930887810077e-07,1.678770099999383
359,4.0,500.0,0.01,0.15207963218617374,0.15199545783440704,0.16660061503786014,0.0424940250813961,0.004168032668530941,0.25,0.249755859375,0.0010068821720778942,0.16660061503786014,304,9.57392032130014e-07,1.7386286999972071
360,4.0,500.0,0.01,0.15193436891875808,0.15185033326141184,0.16639836796279067,0.04248477518558502,0.0041550882160663605,0.2499999850988388,0.249755859375,0.0009886041516438127,0.16639836796279067,304,9.598970936002713e-07,1.7007564999948954
361,4.0,500.0,0.01,0.15178829120156076,0.15170437906832154,0.16618647014120186,0.04247528687119484,0.004143684636801481,0.25,0.25,0.0009527269285172224,0.16618647014120186,304,9.626279187453083e-07,1.6849395000026561
362,4.0,500.0,0.01,0.15164490104858003,0.15156109257619998,0.16596876932712573,0.04246561974287033,0.0041342852637171745,0.2499999850988388,0.250244140625,0.0009096726425923407,0.16596876932712573,304,9.939726864492768e-07,1.6888652000052389
363,4.0,500.0,0.01,0.15150558613525672,0.15142185768770022,0.1657465927691256,0.04245580732822418,0.0041272640228271484,0.25,0.250244140625,0.0008765336242504418,0.1657465927691256,304,9.99894988855162e-07,1.700999699998647
364,4.0,500.0,0.01,0.15136899318575928,0.15128531809739837,0.165516833353265,0.042445819824934006,0.004122926853597164,0.2499999701976776,0.250244140625,0.0008647082140669227,0.165516833353265,304,9.73625206894058e-07,1.6768700999964494
365,4.0,500.0,0.01,0.15123241146672503,0.15114876071196037,0.16527294241875426,0.04243558645248413,0.004121516831219196,0.2499999850988388,0.250244140625,0.0008693653508089483,0.16527294241875426,304,9.783478244886966e-07,1.6848114000022179
366,4.0,500.0,0.01,0.1510943024249164,0.1510106454107327,0.16500848659896902,0.04242498427629471,0.004123202990740538,0.2499999850988388,0.250244140625,0.0008732507121749222,0.16500848659896902,304,9.83335134918306e-07,1.6777330999902915
367,4.0,500.0,0.01,0.15095584479342303,0.15087215058873496,0.1647204949383155,0.042413853108882904,0.00412803515791893,0.2499999850988388,0.250244140625,0.0008620856096968055,0.1647204949383155,304,9.884889123389165e-07,1.6777728000015486
368,4.0,500.0,0.01,0.150820186475042,0.15073642562304784,0.16440970206534503,0.0424019992351532,0.004135885275900364,0.25,0.250244140625,0.0008362719672732055,0.16440970206534503,304,9.941731161928159e-07,1.673647899995558
369,4.0,500.0,0.01,0.1506899815639969,0.1506061280509945,0.16407674343062373,0.04238920658826828,0.004146430641412735,0.25,0.25048828125,0.0008088931208476424,0.16407674343062373,304,9.605521749556123e-07,1.6875048999936553
370,4.0,500.0,0.01,0.15056559781423612,0.1504816305718462,0.163717007247395,0.042375195771455765,0.004159204661846161,0.25,0.25048828125,0.0007925009704194963,0.163717007247395,304,9.647184711607004e-07,1.6861385000083828
371,4.0,500.0,0.01,0.15044590490580856,0.15036180901796878,0.16331865395974493,0.042359672486782074,0.0041736215353012085,0.2499999701976776,0.250732421875,0.0007855771109461784,0.16331865395974493,304,9.664725354288168e-07,1.6797663000033936
372,4.0,500.0,0.01,0.15033057508218567,0.15024634340937715,0.16286553191806716,0.042342301458120346,0.00418893713504076,0.25,0.25048828125,0.0007728272466920316,0.16286553191806716,304,9.662502190525215e-07,1.6853685999958543
373,4.0,500.0,0.01,0.15022187194038272,0.15013750800114214,0.1626605715727156,0.042322780936956406,0.004204115830361843,0.2499999850988388,0.25048828125,0.0007383550400845706,0.1626605715727156,304,9.646710598515188e-07,1.685835500000394
374,4.0,500.0,0.01,0.15012436569708182,0.15003988723031025,0.16267535425673657,0.04230097681283951,0.004217748995870352,0.25,0.250244140625,0.0006766082951799035,0.1626605715727156,304,9.623264778673034e-07,1.675286400000914
375,4.0,500.0,0.01,0.1500429886623803,0.14995842990908356,0.16268467178232876,0.04227709025144577,0.004228166304528713,0.25,0.25048828125,0.0005975610110908747,0.1626605715727156,304,9.996547165551594e-07,1.6851753999944776
376,4.0,500.0,0.01,0.14998018291535262,0.1498955928621668,0.16268686160673013,0.042251914739608765,0.0042338138446211815,0.2499999701976776,0.25048828125,0.0005228458903729916,0.1626605715727156,304,9.570876798502265e-07,1.6886318000033498
377,4.0,500.0,0.01,0.14993432557313904,0.1498497616379635,0.16268090334418317,0.042226392775774,0.004233754239976406,0.25,0.250244140625,0.0004670003254432231,0.1626605715727156,304,9.778497739278943e-07,1.705663699991419
378,4.0,500.0,0.01,0.14990110324952502,0.14981662170473237,0.16266685108525025,0.04220201447606087,0.004227953031659126,0.25,0.250244140625,0.00042676442535594106,0.1626605715727156,304,9.720667735825044e-07,1.6849145000014687
379,4.0,500.0,0.01,0.149876026598721,0.14979167473687158,0.16264571627861113,0.042180243879556656,0.004217161796987057,0.25,0.25048828125,0.00039275403833016753,0.16264571627861113,304,9.514131009660379e-07,1.6910428999981377
380,4.0,500.0,0.01,0.14985585696641635,0.14977167073469888,0.16261906041272137,0.04216064512729645,0.004202558659017086,0.25,0.250244140625,0.00036013597855344415,0.16261906041272137,304,9.502849722062069e-07,1.685813500007498
381,4.0,500.0,0.01,0.14983878283168436,0.14975478541630569,0.1625886938141594,0.04214334115386009,0.004185407422482967,0.2499999850988388,0.2509765625,0.00032871111761778593,0.1625886938141594,304,9.508460403361092e-07,1.6899204999936046
382,4.0,500.0,0.01,0.14982384983051567,0.14974005320455877,0.16255625099015883,0.042128369212150574,0.004166825674474239,0.2499999850988388,0.25146484375,0.0002999334246851504,0.16255625099015883,304,9.519439201137986e-07,1.695145899997442
383,4.0,500.0,0.01,0.14981056728495912,0.14972697443238156,0.16252307100279745,0.04211581498384476,0.004147703759372234,0.25,0.25146484375,0.00027520558796823025,0.16252307100279745,304,9.939212059660755e-07,1.680878399987705
384,4.0,500.0,0.01,0.14979861460179875,0.14971522249673344,0.16249012105995028,0.04210522025823593,0.004128688480705023,0.25,0.25146484375,0.000255298160482198,0.16249012105995028,304,9.97994241327031e-07,1.6928366999927675
385,4.0,500.0,0.01,0.1497877472190116,0.14970454866792304,0.16245805543152317,0.0420963428914547,0.004110220819711685,0.25,0.251220703125,0.00024035273236222565,0.16245805543152317,304,9.91043719390983e-07,1.6887421999999788
386,4.0,500.0,0.01,0.1497776955697015,0.14969468086913973,0.16242722367303836,0.04208897799253464,0.004092572256922722,0.25,0.2509765625,0.00023006163246463984,0.16242722367303836,304,9.842383807933068e-07,1.679156199999852
387,4.0,500.0,0.01,0.1497682417418627,0.14968539986869375,0.1623978273045159,0.042082931846380234,0.004075894132256508,0.2499999850988388,0.2509765625,0.00022390748199541122,0.1623978273045159,304,9.775983403627023e-07,1.6797317000018666
388,4.0,500.0,0.01,0.14975913017163087,0.14967644975161212,0.16236988405523137,0.04207799211144447,0.0040602427907288074,0.2499999850988388,0.2509765625,0.00022135634208098054,0.16236988405523137,304,9.711326755098068e-07,1.6790380999882473
389,4.0,500.0,0.01,0.1497501596304815,0.14966762937970865,0.16234336292280316,0.042074017226696014,0.004045623354613781,0.25,0.2509765625,0.00022198983060661703,0.16234336292280316,304,9.648395991271018e-07,1.681188899994595
390,4.0,500.0,0.01,0.14974116378720806,0.1496587729125838,0.16231819531564912,0.042070865631103516,0.00403200089931488,0.25,0.250732421875,0.00022556593467015773,0.16231819531564912,304,9.95045479088578e-07,1.6865385999990394
391,4.0,500.0,0.01,0.14973190981497989,0.14964964822003618,0.16229418312385793,0.0420684739947319,0.004019312094897032,0.25,0.250732421875,0.00023202247393783182,0.16229418312385793,304,9.882174632967724e-07,1.7257916999951703
392,4.0,500.0,0.01,0.14972225640434758,0.14964011477958397,0.1622711853732515,0.04206671193242073,0.004007491283118725,0.2499999701976776,0.250732421875,0.00024144951021298766,0.1622711853732515,303,9.972883709291048e-07,1.6977558999933535
393,4.0,500.0,0.01,0.14971198038284791,0.14962995022715192,0.1622489400619996,0.042065516114234924,0.00399646395817399,0.25,0.250732421875,0.0002540565328672528,0.1622489400619996,303,9.943184297288939e-07,1.7024510000046575
394,4.0,500.0,0.01,0.14970090910282616,0.14961898257911835,0.1622272126079195,0.042064860463142395,0.003986166324466467,0.25,0.250732421875,0.0002701212069950998,0.1622272126079195,303,9.913015594232348e-07,1.6953245000040624
395,4.0,500.0,0.01,0.14968879217570435,0.14960696171326351,0.16220565914882412,0.0420650839805603,0.003976537846028805,0.25,0.250732421875,0.0002899281680583954,0.16220565914882412,303,9.881493110688809e-07,1.678546199997072
396,4.0,500.0,0.01,0.14967535270703036,0.14959361117658215,0.16218388495178618,0.042066238820552826,0.003967529162764549,0.25,0.250732421875,0.0003137370222248137,0.16218388495178618,303,9.847453305838126e-07,1.684822900002473
397,4.0,500.0,0.01,0.14966026139465977,0.14957860226390768,0.16216140542471671,0.04206806793808937,0.003959106281399727,0.25,0.250732421875,0.000341612147167325,0.16216140542471671,303,9.80933308702278e-07,1.6864457000046968
398,4.0,500.0,0.01,0.14964313198313567,0.14956154863596413,0.1621376179444456,0.04207081347703934,0.003951253369450569,0.25,0.250732421875,0.0003732734185177833,0.1621376179444456,303,9.765021714270294e-07,1.6903268000023672
399,4.0,500.0,0.01,0.14962350065848756,0.14954198646946779,0.16211172860049478,0.0420745313167572,0.003943965770304203,0.25,0.250732421875,0.00040795220411382616,0.16211172860049478,303,9.711710491611692e-07,1.7055473000073107
400,4.0,500.0,0.01,0.14960091728747313,0.1495194657438663,0.16208277041929048,0.04207892715930939,0.0039372616447508335,0.25,0.250732421875,0.0004440649936441332,0.16208277041929048,303,9.890140111245722e-07,1.6843834000028437
401,4.0,500.0,0.01,0.14957498155085552,0.14949358577484448,0.16204949635904242,0.04208401218056679,0.003931176383048296,0.2499999850988388,0.250732421875,0.0004791803366970271,0.16204949635904242,303,9.777423279605998e-07,1.7139611999882618
402,4.0,500.0,0.01,0.14954539242290424,0.14946404505797195,0.1620102416182772,0.04208984598517418,0.003925751894712448,0.2499999850988388,0.250732421875,0.0005102732102386653,0.1620102416182772,303,9.959834997787452e-07,1.7410531000059564
403,4.0,500.0,0.01,0.1495121902807846,0.14943088335201585,0.16196297249502484,0.04209650680422783,0.003921042196452618,0.2499999701976776,0.250732421875,0.0005345461540855467,0.16196297249502484,303,9.99477677606775e-07,1.6915967000095407
404,4.0,500.0,0.01,0.1494756940494192,0.14939441895605005,0.16190508895336062,0.04210411757230759,0.003917097579687834,0.2499999701976776,0.250732421875,0.0005507208989001811,0.16190508895336062,303,9.905066423928683e-07,1.67984310000611
405,4.0,500.0,0.01,0.14943654530216996,0.14935529316124563,0.1618335802419676,0.042112573981285095,0.003913956694304943,0.2499999850988388,0.250732421875,0.0005597755662165582,0.1618335802419676,303,9.981676753798157e-07,1.6826584999944316
406,4.0,500.0,0.01,0.14939554574273897,0.14931430736210569,0.16174527380674542,0.04212188720703125,0.003911649342626333,0.25,0.25048828125,0.0005638845614157617,0.16174527380674542,303,9.937995153715192e-07,1.686284200011869
407,4.0,500.0,0.01,0.14935345530442215,0.1492722213810987,0.16163741668629159,0.04213200509548187,0.00391019182279706,0.25,0.25048828125,0.0005635272827930748,0.16163741668629159,302,9.898251222268582e-07,1.6770239000034053
408,4.0,500.0,0.01,0.1493110539596866,0.14922981424446807,0.16150880781557692,0.04214383661746979,0.003909587860107422,0.2499999850988388,0.250732421875,0.0005552574875764549,0.16150880781557692,302,9.867809826703769e-07,1.6766367000091122
409,4.0,500.0,0.01,0.1492693614206688,0.14918810657145842,0.1613612167345993,0.04215661436319351,0.0039098234847188,0.2499999850988388,0.250732421875,0.0005330616259016097,0.1613612167345993,302,9.960367849396597e-07,1.6848609000007855
410,4.0,500.0,0.01,0.14922977115121755,0.14914849252161655,0.16120030408410208,0.04217015951871872,0.003910847008228302,0.2499999850988388,0.250732421875,0.0004926981055177748,0.16120030408410208,302,9.883937829513404e-07,1.669757000010577
411,4.0,500.0,0.01,0.1491938881543741,0.14911257817272994,0.16103519753925788,0.042184337973594666,0.003912564367055893,0.25,0.25048828125,0.0004357875732239336,0.16103519753925788,302,9.951295621005433e-07,1.7427774999960093
412,4.0,500.0,0.01,0.14916315884716766,0.1490818111711736,0.16087641193525148,0.04219929873943329,0.003914837725460529,0.25,0.25048828125,0.00037011984386481345,0.16087641193525148,302,9.255713884977696e-07,1.6973028000065824
413,4.0,500.0,0.01,0.14913823029621098,0.149056840023385,0.1607326620889884,0.04221521317958832,0.003917505964636803,0.25,0.250732421875,0.000306209665723145,0.1607326620889884,302,9.940010390994228e-07,1.7042503999982728
414,4.0,500.0,0.01,0.14911895247640136,0.1490375172598106,0.16060908218040393,0.042231108993291855,0.003920410759747028,0.2499999701976776,0.250732421875,0.00025302666472271085,0.16060908218040393,302,9.836939718516737e-07,1.6997491999936756
415,4.0,500.0,0.01,0.14910454072877266,0.14902305988668896,0.16056198960269802,0.0422467365860939,0.003923410549759865,0.2499999850988388,0.250732421875,0.00021531942184083164,0.16056198960269802,302,9.792496143726963e-07,1.6935181000008015
416,4.0,500.0,0.01,0.14909390779400203,0.1490123821273628,0.1605628900578483,0.04226178675889969,0.0039263879880309105,0.25,0.25048828125,0.00019295357924420387,0.16056198960269802,302,9.765210154796938e-07,1.6784730000072159
417,4.0,500.0,0.01,0.1490859787490313,0.1490044102816005,0.16056439066358344,0.04227606579661369,0.00392924016341567,0.2499999850988388,0.25048828125,0.00018217190518043935,0.16056198960269802,302,9.74741061415926e-07,1.6837914000061573
418,4.0,500.0,0.01,0.14907984294878696,0.14899823470829432,0.16056633199012074,0.04228941723704338,0.0039318823255598545,0.25,0.25048828125,0.0001781843020580709,0.16056198960269802,302,9.732873374602751e-07,1.6756008000083966
419,4.0,500.0,0.01,0.14907480754772326,0.14899316342989108,0.16056856972194927,0.042301736772060394,0.003934238106012344,0.2499999850988388,0.25048828125,0.0001772385003278032,0.16056198960269802,302,9.717295916339106e-07,1.6734581999917282
420,4.0,500.0,0.01,0.14907037175024035,0.14898869630271677,0.16057096793274975,0.042312949895858765,0.003936249762773514,0.2499999850988388,0.25048828125,0.0001771309325704351,0.16056198960269802,302,9.698148628338884e-07,1.6817430999944918
421,4.0,500.0,0.01,0.14906621291168914,0.14898451114685224,0.1605734197295836,0.04232305288314819,0.003937871195375919,0.25,0.25048828125,0.00017682618636172265,0.16056198960269802,302,9.674334510727237e-07,1.687102199997753
422,4.0,500.0,0.01,0.14906213346644975,0.14898041065279133,0.16057583053114988,0.04233206436038017,0.00393907492980361,0.25,0.25048828125,0.00017596273391973227,0.16056198960269802,302,9.645721921481657e-07,1.6997387000010349
423,4.0,500.0,0.01,0.1490580345667393,0.14897629607799065,0.1605781250080874,0.04234001412987709,0.003939847461879253,0.2499999850988388,0.25048828125,0.00017451244639232755,0.16056198960269802,302,9.612807276435459e-07,1.7469071000086842
424,4.0,500.0,0.01,0.14905386387815892,0.1489721150414851,0.1605802199350588,0.04234693944454193,0.003940189722925425,0.2499999850988388,0.25048828125,0.00017258879961445928,0.16056198960269802,302,9.576408561406012e-07,1.6973816999961855
425,4.0,500.0,0.01,0.1490495926307861,0.14896783860757687,0.1605820230291261,0.042352885007858276,0.003940113820135593,0.25,0.25048828125,0.00017035077325999737,0.16056198960269802,302,9.537580043818035e-07,1.6740787000017008
426,4.0,500.0,0.01,0.14904524309074763,0.14896348877882842,0.16058346761548167,0.0423579141497612,0.003939639776945114,0.25,0.25048828125,0.00016795894771348685,0.16056198960269802,302,9.497460175359496e-07,1.6772067999991123
427,4.0,500.0,0.01,0.14904082409316438,0.14895907401224362,0.1605844708747518,0.042362116277217865,0.0039387964643538,0.25,0.25048828125,0.0001655529486015439,0.16056198960269802,302,9.457103641191081e-07,1.6808921000047121
428,4.0,500.0,0.01,0.1490363831126207,0.1489546414033586,0.1605849797841198,0.042365558445453644,0.0039376150816679,0.2499999701976776,0.25048828125,0.00016324553871527314,0.16056198960269802,302,9.417632397173277e-07,1.6864406999957282
429,4.0,500.0,0.01,0.14903192456013592,0.1489501949552733,0.16058490727965458,0.0423683226108551,0.0039361282251775265,0.2499999850988388,0.25048828125,0.0001611205516383052,0.16056198960269802,302,9.978195059092796e-07,1.6683807000081288
430,4.0,500.0,0.01,0.14902745862946973,0.1489457440831618,0.16058417887092985,0.042370833456516266,0.003934371285140514,0.2499999850988388,0.25048828125,0.00015922464081086218,0.16056198960269802,302,9.950826278727639e-07,1.6964683999976842
431,4.0,500.0,0.01,0.14902302261103167,0.1489413256611325,0.16058275422029444,0.042373158037662506,0.003932379186153412,0.25,0.250732421875,0.00015760720998514444,0.16056198960269802,302,9.924276491784477e-07,1.6793021000048611
432,4.0,500.0,0.01,0.14901862669222288,0.14893694986820452,0.16058057985193583,0.04237498342990875,0.003930184058845043,0.25,0.25048828125,0.00015626856475137174,0.16056198960269802,302,9.89800257538544e-07,1.6770991000084905
433,4.0,500.0,0.01,0.14901428440720127,0.14893262986600683,0.1605776172923024,0.04237636551260948,0.003927817568182945,0.2499999850988388,0.25048828125,0.00015520057058893144,0.16056198960269802,302,9.8714617128957e-07,1.6902374000055715
434,4.0,500.0,0.01,0.14900996905326946,0.14892833860911533,0.16057380405726684,0.04237736761569977,0.0039253076538443565,0.25,0.25048828125,0.00015437988622579724,0.16056198960269802,302,9.844139746643346e-07,1.6739445999992313
435,4.0,500.0,0.01,0.1490057145319959,0.14892410965264644,0.16056914475287,0.04237803816795349,0.003922684118151665,0.2499999701976776,0.250732421875,0.00015377491945400834,0.16056198960269802,302,9.81553434783271e-07,1.6763521999964723
436,4.0,500.0,0.01,0.1490014967080017,0.148919918568786,0.16056360403672204,0.042378418147563934,0.0039199721068143845,0.2499999701976776,0.250732421875,0.0001533473696326837,0.16056198960269802,302,9.785156671758754e-07,1.6775934000033885
437,4.0,500.0,0.01,0.1489973099490786,0.14891575945524219,0.16055717462749863,0.042378563433885574,0.003917193040251732,0.2499999850988388,0.25048828125,0.00015305714623536915,0.16055717462749863,302,9.752545928616481e-07,1.6772693999955663
438,4.0,500.0,0.01,0.14899316225578246,0.14891164006297647,0.1605498748259705,0.0423785001039505,0.003914369270205498,0.2499999850988388,0.25048828125,0.00015286399866454303,0.1605498748259705,302,9.717283299022348e-07,1.671719000005396
439,4.0,500.0,0.01,0.1489890410782979,0.14890754761027408,0.16054171063025857,0.042378269135951996,0.003911519888788462,0.2499999850988388,0.250244140625,0.0001527315325802192,0.16054171063025857,302,9.67897015724692e-07,1.689130099999602
440,4.0,500.0,0.01,0.14898492925188866,0.1489034647191259,0.16053269614020513,0.042377911508083344,0.003908662125468254,0.25,0.250244140625,0.00015262827218975872,0.16053269614020513,302,9.6372600933094e-07,1.68489450000925
441,4.0,500.0,0.01,0.14898083963743092,0.14889940406041832,0.1605228803597562,0.042377449572086334,0.003905812744051218,0.2499999850988388,0.250244140625,0.000152528184116818,0.1605228803597562,302,9.591858978735606e-07,1.6896154999994906
442,4.0,500.0,0.01,0.14897675868475438,0.1488953519377634,0.16051229592024552,0.042376913130283356,0.003902983386069536,0.25,0.250244140625,0.00015241264190990478,0.16051229592024552,302,9.542536063091943e-07,1.691297700002906
443,4.0,500.0,0.01,0.1489726683524468,0.14889129013326324,0.16050097753853815,0.042376331984996796,0.003900188719853759,0.25,0.250244140625,0.0001522709644632414,0.16050097753853815,302,9.489125842288894e-07,1.6767594999982975
444,4.0,500.0,0.01,0.1489686088579173,0.14888725871391842,0.16048902087102573,0.042375728487968445,0.003897441551089287,0.25,0.250244140625,0.00015209765115287155,0.16048902087102573,302,9.453369161133265e-07,1.665713299997151
445,4.0,500.0,0.01,0.1489645175184363,0.14888319488710328,0.16047642915153934,0.04237512871623039,0.0038947502616792917,0.25,0.250244140625,0.00015189696568995714,0.16047642915153934,302,9.959831853878292e-07,1.6753091999999015
446,4.0,500.0,0.01,0.14896043577184018,0.14887913996213165,0.16046330724051705,0.04237455874681473,0.0038921250961720943,0.25,0.250244140625,0.00015167627134360373,0.16046330724051705,302,9.999520392375154e-07,1.68985250001424
447,4.0,500.0,0.01,0.14895634517290232,0.14887507537177366,0.16044970935578773,0.04237405210733414,0.0038895749021321535,0.25,0.250244140625,0.00015145035285968333,0.16044970935578773,302,9.993210220159263e-07,1.6745610000070883
448,4.0,500.0,0.01,0.14895225905899012,0.14887101436305844,0.16043571917768015,0.042373619973659515,0.0038871075958013535,0.2499999850988388,0.250244140625,0.00015123830235097557,0.16043571917768015,302,9.986230056469426e-07,1.6837180000002263
449,4.0,500.0,0.01,0.14894814655878427,0.14886692597712237,0.16042138201818693,0.042373284697532654,0.0038847296964377165,0.2499999850988388,0.250244140625,0.00015106388309504837,0.16042138201818693,302,9.978550951388398e-07,1.6676636999909533
450,4.0,500.0,0.01,0.14894403991509092,0.14886284237714348,0.16040680494832543,0.04237305372953415,0.003882448421791196,0.25,0.250244140625,0.00015095040726009756,0.16040680494832543,302,9.970146458632562e-07,1.6694152999989456
451,4.0,500.0,0.01,0.14893993033736666,0.14885875469295032,0.16039205527210149,0.04237295314669609,0.0038802691269665956,0.25,0.250244140625,0.00015092515968717635,0.16039205527210149,302,9.960983460375524e-07,1.68395240000973
452,4.0,500.0,0.01,0.14893578182757386,0.148854626856656,0.16037717474029617,0.04237300157546997,0.003878196934238076,0.25,0.250244140625,0.00015101571625564247,0.16037717474029617,302,9.951025006859732e-07,1.6927263000106905
453,4.0,500.0,0.01,0.1489316429173484,0.1488505073295816,0.16036228609066444,0.04237322509288788,0.003876236267387867,0.25,0.250244140625,0.0001512456074124202,0.16036228609066444,302,9.978928542455624e-07,1.6661844000045676
454,4.0,500.0,0.01,0.14892746781755375,0.14884635026391732,0.1603474183285812,0.04237363114953041,0.0038743922486901283,0.25,0.25,0.00015163852367550135,0.1603474183285812,302,9.928567262676342e-07,1.674347799998941
455,4.0,500.0,0.01,0.14892326780295218,0.1488421668780803,0.16033265489952012,0.04237424582242966,0.0038726679049432278,0.2499999701976776,0.25,0.00015221232024487108,0.16033265489952012,302,9.915993929978633e-07,1.6842556000046898
456,4.0,500.0,0.01,0.14891903253530525,0.1488379467663113,0.16031805593941617,0.04237508773803711,0.003871068125590682,0.25,0.25,0.00015298005018848926,0.16031805593941617,302,9.90248264990478e-07,1.6656339000037406
457,4.0,500.0,0.01,0.14891474883301176,0.14883367671720674,0.16030367457867184,0.04237616807222366,0.0038695947732776403,0.25,0.25,0.0001539472141303122,0.16030367457867184,302,9.88802061265954e-07,1.6774036999995587
458,4.0,500.0,0.01,0.14891041544105865,0.14882935542732487,0.1602895728241514,0.04237751662731171,0.003868249710649252,0.25,0.25,0.00015510982484556735,0.1602895728241514,302,9.872617343082956e-07,1.6811375999968732
459,4.0,500.0,0.01,0.1489060127464554,0.1488249632422312,0.16027579092659547,0.042379144579172134,0.0038670359645038843,0.25,0.25,0.00015645466919522732,0.16027579092659547,302,9.856319385302229e-07,1.6722684999986086
460,4.0,500.0,0.01,0.14890156204207114,0.14882052142871788,0.16026240316004314,0.042381078004837036,0.0038659535348415375,0.25,0.25,0.00015795498620718718,0.16026240316004314,302,9.987461979754798e-07,1.6840939999965485
461,4.0,500.0,0.01,0.14889699377413335,0.14881596042695883,0.1602493949900791,0.04238332062959671,0.003865002654492855,0.2499999850988388,0.25,0.00015957695723045617,0.1602493949900791,302,9.998702960775766e-07,1.6731488000077661
462,4.0,500.0,0.01,0.14889236276496925,0.14881133502901323,0.16023686188335803,0.04238589107990265,0.0038641844876110554,0.25,0.25,0.0001612665510037914,0.16023686188335803,302,9.923177534135358e-07,1.7156287999969209
463,4.0,500.0,0.01,0.14888761437379067,0.14880659062389526,0.16022479123656733,0.04238879680633545,0.00386349530890584,0.25,0.25,0.00016296324611175805,0.16022479123656733,302,9.894428250308509e-07,1.6858122999983607
464,4.0,500.0,0.01,0.1488827829789317,0.14880176161974137,0.1602132504811612,0.04239204525947571,0.0038629313930869102,0.2499999850988388,0.25,0.00016459048492833972,0.1602132504811612,302,9.869568569818668e-07,1.707399400009308
465,4.0,500.0,0.01,0.14887781717692805,0.14879679663031664,0.16020221853846633,0.042395658791065216,0.0038624887820333242,0.25,0.25,0.0001660674315644428,0.16020221853846633,302,9.8486120959199e-07,1.6848446000076365
466,4.0,500.0,0.01,0.14887276869372656,0.14879174749891466,0.16019176730602208,0.04239962249994278,0.003862157231196761,0.25,0.25,0.00016730223433114588,0.16019176730602208,302,9.832105064962306e-07,1.6844675999891479
467,4.0,500.0,0.01,0.14886762605468026,0.14878660281095868,0.16018190271368007,0.042403943836688995,0.003861929988488555,0.2499999850988388,0.25,0.00016820611199364066,0.16018190271368007,302,9.820525614198959e-07,1.6774168999982066
468,4.0,500.0,0.01,0.14886239523020622,0.1487813687031069,0.1601726407108228,0.04240860790014267,0.003861791919916868,0.2499999850988388,0.25,0.0001686952746240422,0.1601726407108228,302,9.941210994522414e-07,1.6721913999936078
469,4.0,500.0,0.01,0.14885709479394793,0.14877606388963252,0.16016400506145623,0.04241359978914261,0.0038617304526269436,0.25,0.25,0.00016869837418198586,0.16016400506145623,302,9.814989621280355e-07,1.6785892999905627
470,4.0,500.0,0.01,0.14885173986739325,0.14877070368573847,0.16015600963076532,0.042418912053108215,0.0038617269601672888,0.2499999850988388,0.25,0.00016816450806800276,0.16015600963076532,302,9.991562599163134e-07,1.6681022999982815
471,4.0,500.0,0.01,0.14884637861528674,0.1487653365043668,0.16014869388479408,0.04242450371384621,0.0038617607206106186,0.2499999850988388,0.25,0.0001670683705015108,0.16014869388479408,302,9.982135550809596e-07,1.6718855000071926
472,4.0,500.0,0.01,0.14884103535905585,0.14875998689558462,0.16014207033361516,0.04243034869432449,0.003861811477690935,0.25,0.25,0.00016541717923246324,0.16014207033361516,302,9.972855640548823e-07,1.6768869999941671
473,4.0,500.0,0.01,0.14883573195027855,0.14875467698245046,0.1601412633338078,0.04243640601634979,0.0038618561811745167,0.25,0.25,0.00016325063188560307,0.1601412633338078,302,9.963797115174743e-07,1.6775840000045719
474,4.0,500.0,0.01,0.14883050435061385,0.14874944300741705,0.16014059705641442,0.04244263470172882,0.003861870849505067,0.2499999850988388,0.25,0.00016063866496551782,0.16014059705641442,302,9.987449926520053e-07,1.6649021999910474
475,4.0,500.0,0.01,0.14882539401369121,0.1487443266844186,0.16013930033939508,0.0424489863216877,0.003861834295094013,0.25,0.25,0.00015767668082844466,0.16013930033939508,302,9.948703506826923e-07,1.6873512999882223
476,4.0,500.0,0.01,0.14882041319139888,0.14873934054706833,0.16013735813389823,0.04245540499687195,0.0038617239333689213,0.25,0.25,0.00015447585610672832,0.16013735813389823,302,9.976869801670031e-07,1.6779009000019869
477,4.0,500.0,0.01,0.14881559825344212,0.14873452119743652,0.16013479283802137,0.04246184229850769,0.0038615213707089424,0.2499999850988388,0.25,0.0001511526934336871,0.16013479283802137,302,9.931181681617644e-07,1.6720351000112714
478,4.0,500.0,0.01,0.1488109578224358,0.14872987743136407,0.16013161525598432,0.04246828332543373,0.003861210774630308,0.2499999850988388,0.25,0.0001478221092838794,0.16013161525598432,302,9.924236498733036e-07,1.6801347000000533
479,4.0,500.0,0.01,0.14880649324296474,0.1487254108216098,0.16012783979531067,0.04247463494539261,0.0038607786409556866,0.25,0.25,0.00014458224177360535,0.16012783979531067,302,9.91785418453655e-07,1.673297500004992
480,4.0,500.0,0.01,0.1488022207381996,0.1487211377282488,0.1601235166986424,0.04248084872961044,0.003860216122120619,0.2499999701976776,0.25,0.00014151257346384227,0.1601235166986424,302,9.912049187828397e-07,1.6646402000042144
481,4.0,500.0,0.01,0.14879813744052464,0.14871705537074398,0.16011869194536413,0.04248689115047455,0.003859517863020301,0.25,0.250244140625,0.00013867115194443613,0.16011869194536413,302,9.910299488348837e-07,1.6737126000080025
482,4.0,500.0,0.01,0.14879422019382874,0.14871314064932922,0.16011341206028434,0.04249271750450134,0.0038586826995015144,0.2499999850988388,0.250244140625,0.0001360929454676807,0.16011341206028434,302,9.906810898192986e-07,1.6683711999939987
483,4.0,500.0,0.01,0.14879049361213847,0.14870941818082511,0.16011368504786133,0.04249830171465874,0.003857712959870696,0.25,0.25048828125,0.00013379465963225812,0.16011341206028434,302,9.897961915866737e-07,1.6641279000032227
484,4.0,500.0,0.01,0.14878690294556984,0.1487058332181416,0.16011428438285621,0.04250361770391464,0.0038566109724342823,0.2499999850988388,0.250732421875,0.00013177718210499734,0.16011341206028434,302,9.894240284643754e-07,1.6667401999875437
485,4.0,500.0,0.01,0.1487834582952383,0.14870239578649133,0.1601151623971245,0.042508650571107864,0.0038553858175873756,0.25,0.250732421875,0.00013003061758354306,0.16011341206028434,302,9.890894570590922e-07,1.6959692999953404
486,4.0,500.0,0.01,0.14878013725636113,0.14869908342381524,0.16011623961340407,0.04251338541507721,0.0038540447130799294,0.25,0.250732421875,0.00012853769294451922,0.16011341206028434,302,9.887840927189945e-07,1.6696840000076918
487,4.0,500.0,0.01,0.14877692390819702,0.14869588010599527,0.16011744894559587,0.04251781851053238,0.0038525983691215515,0.2499999850988388,0.250732421875,0.00012727694411296397,0.16011341206028434,302,9.88497877612464e-07,1.6707996999903116
488,4.0,500.0,0.01,0.14877381366484135,0.1486927811446813,0.1601187339942387,0.04252194985747337,0.003851057030260563,0.25,0.250732421875,0.0001262245641555637,0.16011341206028434,302,9.882205468595238e-07,1.686205499994685
489,4.0,500.0,0.01,0.14877075993981023,0.14868973983790534,0.16012000496790602,0.04252578318119049,0.003849431872367859,0.25,0.250732421875,0.00012535715359263122,0.16011341206028434,302,9.879405067971811e-07,1.6713949000113644
490,4.0,500.0,0.01,0.14876777288511975,0.148686766217543,0.1601212306321252,0.04252932220697403,0.003847734536975622,0.25,0.250732421875,0.00012465054169297218,0.16011341206028434,302,9.876476093956812e-07,1.6704067999962717
491,4.0,500.0,0.01,0.1487648478137649,0.14868385546247878,0.16012237072381214,0.04253258928656578,0.003845976199954748,0.2499999850988388,0.250732421875,0.00012408140173647553,0.16011341206028434,302,9.873304204226375e-07,1.6669547999917995
492,4.0,500.0,0.01,0.14876195439304307,0.1486809771506031,0.16012336781063194,0.042535580694675446,0.003844166174530983,0.25,0.250732421875,0.00012362819688860327,0.16011341206028434,302,9.869803915546104e-07,1.6749990000098478
493,4.0,500.0,0.01,0.14875909016728212,0.14867812868840802,0.16012419585374463,0.042538322508335114,0.003842315636575222,0.25,0.250732421875,0.00012327051081229,0.16011341206028434,302,9.8658927128507e-07,1.6922270000068238
494,4.0,500.0,0.01,0.1487562460076268,0.14867530046042232,0.1601248292946345,0.04254120588302612,0.003840434132143855,0.25,0.250732421875,0.00012296011846046895,0.16011341206028434,302,9.861513498226162e-07,1.6830181999976048
495,4.0,500.0,0.01,0.14875341933561764,0.1486724895552387,0.16012525471651703,0.042544491589069366,0.0038385288789868355,0.25,0.250732421875,0.0001227393513545394,0.16011341206028434,302,9.85663429009797e-07,1.6778514000034193
496,4.0,500.0,0.01,0.14875059287885345,0.14866967921268334,0.16012545137245598,0.04254758358001709,0.0038366082590073347,0.25,0.250732421875,0.00012256471381988376,0.16011341206028434,302,9.85123952165686e-07,1.6649717000109376
497,4.0,500.0,0.01,0.14874777179189763,0.14866687450117236,0.16012542612329764,0.042550500482320786,0.0038346790242940187,0.2499999701976776,0.250732421875,0.00012242409866303205,0.16011341206028434,302,9.845340946929052e-07,1.6746487000054913
498,4.0,500.0,0.01,0.1487449463950134,0.14866406564364573,0.16012517559998876,0.04255325347185135,0.0038327497895807028,0.25,0.250732421875,0.00012230851280037314,0.16011341206028434,302,9.838970973241548e-07,1.6724151999951573
499,4.0,500.0,0.01,0.1487421178854588,0.14866125376890932,0.16012471445118706,0.042555876076221466,0.0038308240473270416,0.25,0.250732421875,0.00012221094220876694,0.16011341206028434,302,9.832170469873666e-07,1.6767663000064204
500,8.0,500.0,0.02,0.14775702241238103,0.14768160740088568,0.15924379784929224,0.04235071316361427,0.001653214916586876,0.2499999850988388,0.250732421875,0.00024253001902252436,0.15924379784929224,302,9.838818653797587e-07,1.6959380000043893
501,8.0,500.0,0.02,0.14775426486575272,0.14767884501277698,0.15923641983846487,0.04235206916928291,0.0016533891903236508,0.2499999850988388,0.250732421875,0.00024286836560349911,0.15923641983846487,302,9.836502572591805e-07,1.6915703999984544
502,8.0,500.0,0.02,0.14775035421543314,0.1476749372034569,0.15922488929809128,0.04235127940773964,0.0016532866284251213,0.2499999701976776,0.250732421875,0.00024085596669465303,0.15922488929809128,302,9.831290962808025e-07,1.7190435999946203
503,8.0,500.0,0.02,0.14774548011904157,0.14767007349131203,0.15920981549586022,0.04234855994582176,0.001652903389185667,0.2499999701976776,0.250732421875,0.00023668976791668683,0.15920981549586022,302,9.850626351352409e-07,1.6833554999902844
504,8.0,500.0,0.02,0.14773989073529892,0.14766450184786745,0.15919188995316352,0.04234414920210838,0.0016522369114682078,0.25,0.250732421875,0.00023057394719216973,0.15919188995316352,302,9.91559682972067e-07,1.7318978999974206
505,8.0,500.0,0.02,0.1477338131557244,0.14765844917604953,0.15917180112148793,0.042338307946920395,0.001651283586397767,0.2499999701976776,0.2509765625,0.00022277691459748894,0.15917180112148793,302,9.99226515745441e-07,1.6896469999919645
506,8.0,500.0,0.02,0.1477274712393518,0.14765213892045348,0.15915024792339233,0.04233131557703018,0.0016500501660630107,0.2499999850988388,0.2509765625,0.00021367016597650945,0.15915024792339233,302,9.93377606790534e-07,1.6731587999965996
507,8.0,500.0,0.02,0.14772109544854747,0.1476458007788299,0.15912793934361372,0.04232344776391983,0.0016485610976815224,0.2499999850988388,0.2509765625,0.00020375863823574036,0.15912793934361372,302,9.962781248813384e-07,1.6707252000051085
508,8.0,500.0,0.02,0.14771484721713796,0.1476395951647414,0.15910549190513035,0.042315028607845306,0.0016468511894345284,0.25,0.2509765625,0.00019370736845303327,0.15910549190513035,302,9.992095528423273e-07,1.6748858000064502
509,8.0,500.0,0.02,0.14770884572066803,0.14763363995733175,0.1590834453664468,0.04230636730790138,0.0016449698014184833,0.25,0.2509765625,0.00018429737247060984,0.1590834453664468,303,9.767414693445214e-07,1.6767574999976205
510,8.0,500.0,0.02,0.14770316441483364,0.14762800701647566,0.1590622357146232,0.04229779541492462,0.0016429801471531391,0.25,0.2509765625,0.00017630428192205727,0.1590622357146232,303,9.761100590237637e-07,1.6803155999950832
511,8.0,500.0,0.02,0.14769783693270291,0.14762272806975527,0.15904220649812137,0.042289625853300095,0.0016409618547186255,0.2499999701976776,0.2509765625,0.00017029895388986915,0.15904220649812137,303,9.756210060344202e-07,1.6674006999965059
512,8.0,500.0,0.02,0.1476928111654389,0.1476177491629179,0.15902354573215288,0.042282141745090485,0.0016389930387958884,0.25,0.2509765625,0.00016644451534375548,0.15902354573215288,303,9.752592389013726e-07,1.685050499989302
513,8.0,500.0,0.02,0.14768805101967963,0.1476130321667305,0.15900639773278613,0.04227558150887489,0.0016371635720133781,0.25,0.2509765625,0.00016440675244666636,0.15900639773278613,303,9.750011589906357e-07,1.6655090999993263
514,8.0,500.0,0.02,0.14768349055882316,0.14760850933316866,0.1589908193674033,0.04227013140916824,0.00163555471226573,0.2499999850988388,0.2509765625,0.00016347324708476663,0.1589908193674033,303,9.757149690194549e-07,1.6769149000028847
515,8.0,500.0,0.02,0.14767907277756695,0.14760412217473004,0.1589768266386801,0.04226590692996979,0.0016342347953468561,0.25,0.250732421875,0.00016278937982860953,0.1589768266386801,303,9.771661516418063e-07,1.680196999994223
516,8.0,500.0,0.02,0.14767471354546374,0.1475997857781907,0.1589643616819134,0.0422629714012146,0.0016332397935912013,0.25,0.2509765625,0.00016158893413376063,0.1589643616819134,303,9.780653765162735e-07,1.6797015000047395
517,8.0,500.0,0.02,0.14767043371446534,0.14759552046185462,0.15895343026385705,0.042261313647031784,0.001632596948184073,0.2499999701976776,0.2509765625,0.00015934286057017744,0.15895343026385705,303,9.780286446320902e-07,1.6713114000012865
518,8.0,500.0,0.02,0.1476662021170754,0.1475912954680074,0.15894395642269107,0.042260877788066864,0.0016322885639965534,0.2499999701976776,0.2509765625,0.00015579523460473865,0.15894395642269107,303,9.768119724655328e-07,1.6788842999958433
519,8.0,500.0,0.02,0.14766204142123873,0.14758713433444912,0.15893588912323098,0.04226154834032059,0.0016322769224643707,0.2499999850988388,0.2509765625,0.00015095162962097675,0.15893588912323098,303,9.744876151566655e-07,1.6996721999894362
520,8.0,500.0,0.02,0.14765800583942143,0.1475830924880905,0.15892918872242093,0.04226317256689072,0.0016325089382007718,0.25,0.2509765625,0.0001450350828235969,0.15892918872242093,303,9.995740626025943e-07,1.6713874999986729
521,8.0,500.0,0.02,0.14765413165500538,0.14757920785935744,0.15892378722869455,0.04226558655500412,0.001632910454645753,0.25,0.251220703125,0.0001384188508382067,0.15892378722869455,303,9.986220020200559e-07,1.6881399999983842
522,8.0,500.0,0.02,0.1476504585994874,0.14757552191899165,0.15891961295063636,0.04226858541369438,0.00163340475410223,0.2499999701976776,0.251220703125,0.00013155685155652463,0.15891961295063636,303,9.981932786360641e-07,1.672742399998242
523,8.0,500.0,0.02,0.14764699558995673,0.14757204542111613,0.1589165661892405,0.04227198287844658,0.001633909298107028,0.2499999850988388,0.251220703125,0.0001249010383617133,0.1589165661892405,303,9.981779000054605e-07,1.6688139000034425
524,8.0,500.0,0.02,0.14764377489535177,0.1475688121489998,0.15891456722102995,0.042275577783584595,0.0016343584284186363,0.25,0.251220703125,0.00011882613762281835,0.15891456722102995,303,9.987491156654547e-07,1.6704594000038924
525,8.0,500.0,0.02,0.14764078676996695,0.14756581370968314,0.15891350409070207,0.042279202491045,0.001634692889638245,0.2499999850988388,0.25146484375,0.00011355905735399574,0.15891350409070207,303,9.99228291434533e-07,1.6642701999953715
526,8.0,500.0,0.02,0.14763802700424547,0.14756304693249966,0.15891327518440454,0.042282700538635254,0.001634868560358882,0.25,0.25146484375,0.00010915801249211654,0.15891327518440454,303,9.99815027327316e-07,1.692772500013234
527,8.0,500.0,0.02,0.14763544337818751,0.1475604604882596,0.1589137424641683,0.04228595644235611,0.0016348466742783785,0.25,0.25146484375,0.00010552466847002506,0.15891327518440454,303,9.895351450591548e-07,1.7418585999985225
528,8.0,500.0,0.02,0.14763303356480786,0.14755805240807124,0.1589148154688785,0.04228886589407921,0.0016346145421266556,0.25,0.25146484375,0.0001024601879180409,0.15891327518440454,303,9.867025474569707e-07,1.6821378000022378
529,8.0,500.0,0.02,0.14763076368119818,0.14755578906514,0.1589163860084129,0.04229137301445007,0.0016341621521860361,0.2499999850988388,0.25146484375,9.97284150798805e-05,0.15891327518440454,303,9.837803471598525e-07,1.6792886000039289
530,8.0,500.0,0.02,0.14762860840746192,0.14755364518520414,0.1589183582472113,0.04229343682527542,0.0016334892716258764,0.2499999850988388,0.25146484375,9.71143672359176e-05,0.15891327518440454,303,9.80720765084762e-07,1.6779222000041045
531,8.0,500.0,0.02,0.14762655307810643,0.14755160592395702,0.15892065147952128,0.042295049875974655,0.0016326052136719227,0.2499999701976776,0.25146484375,9.446202602703124e-05,0.15891327518440454,303,9.77493931011823e-07,1.685073700005887
532,8.0,500.0,0.02,0.14762458124465042,0.1475496545632995,0.15892318909066613,0.04229622334241867,0.0016315229004248977,0.2499999850988388,0.25146484375,9.168694668915123e-05,0.15891327518440454,303,9.740848264335332e-07,1.672443600007682
533,8.0,500.0,0.02,0.147622697515727,0.14754779522897396,0.1589259185728806,0.042296990752220154,0.001630264800041914,0.2499999850988388,0.25146484375,8.877339132595807e-05,0.15891327518440454,303,9.704894829810056e-07,1.6765333999937866
534,8.0,500.0,0.02,0.14762090030389455,0.14754602585437324,0.15892878544939953,0.04229738190770149,0.0016288533806800842,0.2499999850988388,0.25146484375,8.576601248933002e-05,0.15891327518440454,303,9.68712561648264e-07,1.6702622000011615
535,8.0,500.0,0.02,0.14761918190418358,0.14754433823999563,0.15893173208486192,0.04229746758937836,0.001627309829927981,0.2499999850988388,0.25146484375,8.27506955829449e-05,0.15891327518440454,303,9.684748827248386e-07,1.676157299996703
536,8.0,500.0,0.02,0.14761755822785588,0.147542747654956,0.15893472614598378,0.04229729622602463,0.0016256638336926699,0.25,0.251220703125,7.98349647084251e-05,0.15891327518440454,303,9.682621978064856e-07,1.67524979999871
537,8.0,500.0,0.02,0.14761601927897172,0.14754124361157628,0.1589377136296797,0.04229693114757538,0.0016239368123933673,0.2499999850988388,0.251220703125,7.713030208833516e-05,0.15891327518440454,303,9.680715126295925e-07,1.6840602000011131
538,8.0,500.0,0.02,0.14761455783259567,0.1475398184104122,0.1589406456092496,0.04229643940925598,0.0016221491387113929,0.25,0.251220703125,7.473406731151044e-05,0.15891327518440454,303,9.67899871548584e-07,1.6747398000006797
539,8.0,500.0,0.02,0.1476131893632569,0.1475384869355344,0.15894349643475872,0.04229588061571121,0.0016203273553401232,0.2499999701976776,0.251220703125,7.271258800756186e-05,0.15891327518440454,303,9.677448500989662e-07,1.6766389999975218
540,8.0,500.0,0.02,0.1476118788213038,0.1475372139254154,0.15894619775129276,0.04229531064629555,0.0016184792621061206,0.25,0.251220703125,7.10938184056431e-05,0.15891327518440454,303,9.676023704525383e-07,1.6665418000047794
541,8.0,500.0,0.02,0.14761063760980064,0.14753601035005445,0.15894872798231172,0.042294785380363464,0.001616623718291521,0.25,0.251220703125,6.986410880926996e-05,0.15891327518440454,303,9.67470112762947e-07,1.6674866000103066
542,8.0,500.0,0.02,0.14760945150761365,0.14753486176666303,0.158951045611582,0.04229433089494705,0.001614770502783358,0.25,0.251220703125,6.897508137626573e-05,0.15891327518440454,303,9.999571105712708e-07,1.6754663999890909
543,8.0,500.0,0.02,0.14760830220049995,0.1475337497534305,0.15895311263952772,0.04229399189352989,0.001612922758795321,0.25,0.251220703125,6.835594831500202e-05,0.15891327518440454,303,9.998880113827509e-07,1.7127889999974286
544,8.0,500.0,0.02,0.14760721155380704,0.14753269591959067,0.15895493068520278,0.04229378700256348,0.001611092360690236,0.25,0.251220703125,6.793050852138549e-05,0.15891327518440454,303,9.999157116120964e-07,1.6816672999993898
545,8.0,500.0,0.02,0.14760612420195565,0.14753164514403644,0.15895643921844468,0.0422937348484993,0.001609266153536737,0.25,0.251220703125,6.762608245480806e-05,0.15891327518440454,303,9.67003760922825e-07,1.6849262000032468
546,8.0,500.0,0.02,0.1476050740854695,0.14753063117637033,0.15895766300642963,0.04229383543133736,0.0016074536833912134,0.25,0.2509765625,6.739159289281815e-05,0.15891327518440454,303,9.669001992157503e-07,1.6782992000080412
547,8.0,500.0,0.02,0.14760402995686384,0.14752962303406897,0.15895857404593244,0.04229407757520676,0.0016056422609835863,0.25,0.2509765625,6.719347584294155e-05,0.15891327518440454,303,9.668030584509755e-07,1.680241499998374
548,8.0,500.0,0.02,0.1476030189489349,0.14752864778846123,0.15895920292143495,0.0422944575548172,0.0016038351459428668,0.25,0.2509765625,6.702466635033488e-05,0.15891327518440454,303,9.667152992188012e-07,1.6829621000069892
549,8.0,500.0,0.02,0.1476019950339318,0.14752765984718955,0.15895951864957553,0.042294956743717194,0.0016020114999264479,0.25,0.2509765625,6.689072324661538e-05,0.15891327518440454,303,9.666375656641261e-07,1.6864869999990333
550,8.0,500.0,0.02,0.1476010015816265,0.1475267024938786,0.15895957561530472,0.042295556515455246,0.0016001765616238117,0.2499999850988388,0.2509765625,6.68161956127733e-05,0.15891327518440454,303,9.66574439373245e-07,1.677400000000489
551,8.0,500.0,0.02,0.1475999953734079,0.14752573297557844,0.1589593504949395,0.04229621961712837,0.0015983089106157422,0.2499999850988388,0.251220703125,6.682254024781287e-05,0.15891327518440454,303,9.66527096412595e-07,1.6863560999918263
552,8.0,500.0,0.02,0.14759900160409226,0.1475247765206331,0.1589588870434307,0.04229693114757538,0.0015964076155796647,0.2499999701976776,0.251220703125,6.693576142424718e-05,0.15891327518440454,303,9.664991641174182e-07,1.6805796999979066
553,8.0,500.0,0.02,0.1475980040073711,0.14752381716075724,0.15895819134229597,0.04229765385389328,0.0015944596379995346,0.2499999850988388,0.251220703125,6.716907228110358e-05,0.15891327518440454,303,9.664925635673374e-07,1.6696075000072597
554,8.0,500.0,0.02,0.14759700097740627,0.14752285345262847,0.15895728428272465,0.04229837656021118,0.0015924574108794332,0.25,0.251220703125,6.752608896931633e-05,0.15891327518440454,303,9.665091239800516e-07,1.6931272999936482
555,8.0,500.0,0.02,0.147596010572918,0.14752190349221997,0.15895620153654583,0.0422990620136261,0.0015904009342193604,0.2499999850988388,0.251220703125,6.799690891057253e-05,0.15891327518440454,303,9.665506729278685e-07,1.6785168000060366
556,8.0,500.0,0.02,0.1475950018770722,0.14752093667422508,0.15895493594625087,0.042299699038267136,0.0015882751904428005,0.2499999850988388,0.251220703125,6.855848914710805e-05,0.15891327518440454,303,9.666167466692365e-07,1.6769567000010284
557,8.0,500.0,0.02,0.14759398385948502,0.14751996199293993,0.15895351409443417,0.0423002652823925,0.0015860800631344318,0.25,0.251220703125,6.917776772752404e-05,0.15891327518440454,303,9.667081125637445e-07,1.6991525999910664
558,8.0,500.0,0.02,0.14759296940480196,0.1475189923060017,0.15895196410535148,0.042300745844841,0.0015838176477700472,0.2499999701976776,0.251220703125,6.981529440963641e-05,0.15891327518440454,303,9.668236658613088e-07,1.6839454000000842
559,8.0,500.0,0.02,0.1475919288186583,0.1475179981122951,0.15895027258250377,0.04230114072561264,0.001581478281877935,0.25,0.251220703125,7.04245685483329e-05,0.15891327518440454,303,9.669615284646238e-07,1.6776920999982394
560,8.0,500.0,0.02,0.14759087747023808,0.14751699466971116,0.1589484658384043,0.042301442474126816,0.0015790679026395082,0.2499999701976776,0.251220703125,7.096109766280279e-05,0.15891327518440454,303,9.67119523303022e-07,1.672047100000782
561,8.0,500.0,0.02,0.147589806001474,0.1475159726313584,0.15894654624910232,0.042301639914512634,0.0015765865100547671,0.2499999850988388,0.251220703125,7.1379603468813e-05,0.15891327518440454,303,9.672950539969705e-07,1.6811216000060085
562,8.0,500.0,0.02,0.14758871565112916,0.14751493315264655,0.15894452208100604,0.04230174422264099,0.0015740377129986882,0.2499999850988388,0.251220703125,7.163998088799417e-05,0.15891327518440454,303,9.994498563463358e-07,1.665628500006278
563,8.0,500.0,0.02,0.14758761631119177,0.14751388596630768,0.15894241031775494,0.04230175167322159,0.0015714296605437994,0.2499999850988388,0.251220703125,7.170782191678882e-05,0.15891327518440454,303,9.983423527053196e-07,1.6784127999999328
564,8.0,500.0,0.02,0.14758651543637477,0.14751283834032455,0.15894022267929864,0.04230166971683502,0.0015687713166698813,0.2499999701976776,0.251220703125,7.155613275244832e-05,0.15891327518440454,303,9.97241287862451e-07,1.6848019999888493
565,8.0,500.0,0.02,0.14758538920341677,0.1475117664528327,0.15893794314417498,0.04230151325464249,0.0015660618664696813,0.25,0.251220703125,7.116758933989331e-05,0.15891327518440454,303,9.961464143371156e-07,1.6699173000088194
566,8.0,500.0,0.02,0.147584288179272,0.14751072039115537,0.15893562210724707,0.04230128228664398,0.0015633252914994955,0.25,0.251220703125,7.053626904962584e-05,0.15891327518440454,303,9.950600066931448e-07,1.74349280000024
567,8.0,500.0,0.02,0.1475831784620523,0.14750966629345114,0.1589332319616299,0.0423009879887104,0.0015605590306222439,0.25,0.251220703125,6.966773798922077e-05,0.15891327518440454,303,9.939819736857537e-07,1.7232038999936776
568,8.0,500.0,0.02,0.14758209715479106,0.14750864082922283,0.15893081307616644,0.04230063781142235,0.0015577843878418207,0.2499999850988388,0.251220703125,6.857923290226609e-05,0.15891327518440454,303,9.929145923348387e-07,1.6983065999957034
569,8.0,500.0,0.02,0.14758101729556267,0.14750761702397186,0.15892834344397738,0.04230024665594101,0.0015550012467429042,0.25,0.251220703125,6.729975575581193e-05,0.15891327518440454,303,9.918592912802413e-07,1.6910501999955159
570,8.0,500.0,0.02,0.1475799838172414,0.1475066393034675,0.1589258707228755,0.04229982569813728,0.0015522344037890434,0.2499999701976776,0.251220703125,6.586599192814901e-05,0.15891327518440454,303,9.908188341191477e-07,1.6848858000012115
571,8.0,500.0,0.02,0.14757895866224274,0.14750566968928755,0.15892336421999473,0.04229937493801117,0.0015494799008592963,0.25,0.251220703125,6.432292866520584e-05,0.15891327518440454,303,9.897954169626857e-07,1.6878629999991972
572,8.0,500.0,0.02,0.14757797498060604,0.1475047409142389,0.1589208610807564,0.042298901826143265,0.0015467582270503044,0.25,0.251220703125,6.271603342611343e-05,0.15891327518440454,303,9.887925513548407e-07,1.6782678000017768
573,8.0,500.0,0.02,0.1475770384394984,0.14750385841871158,0.15891837270410653,0.04229842126369476,0.001544079976156354,0.2499999850988388,0.251220703125,6.109144305810332e-05,0.15891327518440454,303,9.878131780896015e-07,1.7003239000041503
574,8.0,500.0,0.02,0.1475761318288236,0.14750300495908178,0.1589158901071411,0.042297929525375366,0.0015414470108225942,0.2499999850988388,0.251220703125,5.949112164671533e-05,0.15891327518440454,303,9.868600990254961e-07,1.6981363999948371
575,8.0,500.0,0.02,0.14757527619492283,0.14750220126085004,0.15891343812049372,0.04229743778705597,0.001538874814286828,0.25,0.251220703125,5.7949189795181155e-05,0.15891327518440454,303,9.859363172710108e-07,1.6808399000001373
576,8.0,500.0,0.02,0.147574448760016,0.14750142457976387,0.15891100273517658,0.04229694977402687,0.0015363615239039063,0.2499999850988388,0.251220703125,5.6494118325645104e-05,0.15891100273517658,303,9.850439447750985e-07,1.6945373000053223
577,8.0,500.0,0.02,0.1475736601601215,0.14750068534788208,0.1589085998498051,0.04229646921157837,0.0015339171513915062,0.25,0.251220703125,5.514330405276269e-05,0.1589085998498051,303,9.841852782231487e-07,1.6797331999987364
578,8.0,500.0,0.02,0.14757291222834346,0.14749998529726024,0.15890623662059913,0.042295992374420166,0.0015315469354391098,0.2499999850988388,0.251220703125,5.390747173805721e-05,0.15890623662059913,303,9.833618097458877e-07,1.6635703000065405
579,8.0,500.0,0.02,0.14757219327330495,0.14749931273279618,0.15890390619392522,0.04229552298784256,0.0015292508760467172,0.25,0.251220703125,5.279065226204693e-05,0.15890390619392522,303,9.825742717081366e-07,1.6733834000042407
580,8.0,500.0,0.02,0.14757151154764037,0.14749867579769382,0.15890162231202917,0.04229506105184555,0.0015270344447344542,0.25,0.251220703125,5.179047730052844e-05,0.15890162231202917,303,9.81823193476009e-07,1.6811570999998366
581,8.0,500.0,0.02,0.147570871246261,0.14749807860490816,0.15889939258602367,0.042294614017009735,0.0015249013667926192,0.2499999850988388,0.251220703125,5.090148260933347e-05,0.15889939258602367,303,9.811090135968793e-07,1.6623552000091877
582,8.0,500.0,0.02,0.1475702455576217,0.14749749453195243,0.1588971935168369,0.04229417443275452,0.0015228425618261099,0.25,0.251220703125,5.0118051149183884e-05,0.1588971935168369,303,9.804309242287183e-07,1.676335399999516
583,8.0,500.0,0.02,0.14756964768283762,0.14749693667889335,0.15889504037935456,0.0422937385737896,0.0015208632685244083,0.2499999701976776,0.251220703125,4.943022577208467e-05,0.15889504037935456,303,9.797879329049416e-07,1.6705421999940882
584,8.0,500.0,0.02,0.14756905976411183,0.14749638731273118,0.1588929178033631,0.04229332134127617,0.001518956501968205,0.25,0.251220703125,4.883052679360844e-05,0.1588929178033631,303,9.7917914757053e-07,1.6741632000048412
585,8.0,500.0,0.02,0.14756849949604195,0.14749586405588608,0.15889084349989172,0.04229290410876274,0.001517126802355051,0.25,0.251220703125,4.830830584978685e-05,0.15889084349989172,303,9.78603595731024e-07,1.6774159999913536
586,8.0,500.0,0.02,0.14756796484873502,0.14749536492084026,0.15888881459080442,0.04229249805212021,0.0015153714921325445,0.25,0.251220703125,4.7854580770945176e-05,0.15888881459080442,303,9.78059975844485e-07,1.6830451999994693
587,8.0,500.0,0.02,0.14756742765792882,0.14749486199991083,0.1588868050510982,0.042292095720767975,0.00151367811486125,0.2499999850988388,0.251220703125,4.746343256556429e-05,0.1588868050510982,303,9.999131677894855e-07,1.678126800004975
588,8.0,500.0,0.02,0.1475669263691814,0.1474943935132758,0.15888484994956553,0.042291708290576935,0.0015120573807507753,0.2499999850988388,0.251220703125,4.712380905402824e-05,0.15888484994956553,303,9.99201901003352e-07,1.6716020000021672
589,8.0,500.0,0.02,0.1475664208523679,0.14749391968191897,0.15888290921868686,0.04229132458567619,0.001510492293164134,0.2499999850988388,0.251220703125,4.68313810415566e-05,0.15888290921868686,303,9.985497858253052e-07,1.6845139999932144
590,8.0,500.0,0.02,0.14756594001688578,0.1474934692769363,0.1588810083285576,0.04229094088077545,0.0015089899534359574,0.25,0.251220703125,4.657738463720307e-05,0.1588810083285576,303,9.979522172422643e-07,1.6679874999972526
591,8.0,500.0,0.02,0.1475654546170603,0.1474930133255306,0.15887911879741157,0.042290568351745605,0.0015075361588969827,0.25,0.251220703125,4.635776349459775e-05,0.15887911879741157,303,9.974054800765088e-07,1.688577000008081
592,8.0,500.0,0.02,0.14756498314381042,0.14749257026460416,0.1588772530080777,0.04229019582271576,0.001506134169176221,0.25,0.251220703125,4.6165827370714396e-05,0.1588772530080777,303,9.969068896877387e-07,1.694942300004186
593,8.0,500.0,0.02,0.14756452860521085,0.14749214313203401,0.15887541431173827,0.04228983074426651,0.0015047821216285229,0.25,0.2509765625,4.599658859660849e-05,0.15887541431173827,303,9.96448826347111e-07,1.6831557999976212
594,8.0,500.0,0.02,0.1475640713473687,0.1474917124885971,0.15887357848895045,0.04228946566581726,0.001503469655290246,0.25,0.2509765625,4.584811904351227e-05,0.15887357848895045,303,9.960307509034665e-07,1.682656799996039
595,8.0,500.0,0.02,0.1475636183660844,0.1474912853459263,0.15887175069933462,0.04228910803794861,0.001502195606008172,0.2499999850988388,0.2509765625,4.571683894027956e-05,0.15887175069933462,303,9.956472720178703e-07,1.686126399989007
596,8.0,500.0,0.02,0.14756317764041166,0.14749086968586933,0.15886993581290415,0.042288750410079956,0.0015009602066129446,0.25,0.2509765625,4.5600019802805036e-05,0.15886993581290415,303,9.952944374337468e-07,1.674336800002493
597,8.0,500.0,0.02,0.1475627334360627,0.1474904499268753,0.15886811508009974,0.0422884076833725,0.0014997550752013922,0.25,0.2509765625,4.5497821702156216e-05,0.15886811508009974,303,9.94967301777052e-07,1.6776657000009436
598,8.0,500.0,0.02,0.14756230593332936,0.14749004618031822,0.158866306091974,0.04228806495666504,0.0014985844027251005,0.2499999701976776,0.2509765625,4.540727968560532e-05,0.158866306091974,303,9.946605755291288e-07,1.6772555999923497
599,8.0,500.0,0.02,0.1475618789140638,0.1474896424036045,0.15886448961261085,0.04228772595524788,0.001497439225204289,0.2499999850988388,0.2509765625,4.532977254712023e-05,0.15886448961261085,303,9.943719141643195e-07,1.6811507000093115
