iteration,beta,alpha,binarization_weight,total_objective,thermal_smooth,exact_peak,total_variation,binarization_penalty,continuous_material_fraction,binary_material_fraction,gradient_norm_before_clipping,best_exact_peak,maximum_cg_iterations,maximum_explicit_relative_residual,wall_seconds
0,1.0,50.0,0.0,0.7226592801483068,0.7226541311200428,0.8265104999116014,0.005149028263986111,0.18739476799964905,0.25,0.0,0.015120051801204681,0.8265104999116014,306,9.719859321643966e-07,2.2393725533038378
1,1.0,50.0,0.0,0.7125468670604859,0.7125414464082677,0.8164261047844709,0.0054206522181630135,0.18730390071868896,0.25,0.0,0.01626536436378956,0.8164261047844709,305,9.968954749366705e-07,1.646420480683446
2,1.0,50.0,0.0,0.7014096695052113,0.7014038500168945,0.8053966758882511,0.005819488316774368,0.18705475330352783,0.25,0.0,0.017368698492646217,0.8053966758882511,305,9.950911221132047e-07,1.6946997717022896
3,1.0,50.0,0.0,0.6893104678678759,0.6893041872724391,0.7933722753757506,0.006280595436692238,0.18664664030075073,0.25,0.0,0.01840677671134472,0.7933722753757506,304,9.993857011513021e-07,1.6065855119377375
4,1.0,50.0,0.0,0.6763199146995367,0.6763131700553977,0.7804075575592405,0.00674464413896203,0.1860801875591278,0.25,0.0,0.019359542056918144,0.7804075575592405,302,9.844660242196412e-07,1.619425879791379
5,1.0,50.0,0.0,0.6625125460219842,0.66250534935438,0.7666150410976027,0.007196667604148388,0.18535688519477844,0.2499999850988388,0.0,0.020212041214108467,0.7666150410976027,302,9.983255651923575e-07,1.5743449609726667
6,1.0,50.0,0.0,0.6479713285699831,0.647963693219644,0.7520302498360346,0.007635350339114666,0.1844775676727295,0.2499999850988388,0.0,0.020948372781276703,0.7520302498360346,304,9.68131854834309e-07,1.6362586580216885
7,1.0,50.0,0.0,0.6327945985362117,0.632786532776076,0.7367523151847711,0.008065760135650635,0.1834433376789093,0.2499999701976776,0.0,0.02155224047601223,0.7367523151847711,304,9.946112523915714e-07,1.6579999458044767
8,1.0,50.0,0.0,0.6170947448741724,0.61708626240027,0.7208941083920914,0.008482473902404308,0.18225699663162231,0.25,0.0,0.02200903184711933,0.7208941083920914,305,9.7522905379093e-07,1.7363713514059782
9,1.0,50.0,0.0,0.6009967463112984,0.6009878624904518,0.7045719823690243,0.008883820846676826,0.18092326819896698,0.2499999850988388,0.0,0.022303150966763496,0.7045719823690243,305,9.959454696043308e-07,1.68301972001791
10,1.0,50.0,0.0,0.5846399908101657,0.5846307192583108,0.6879033968325639,0.009271551854908466,0.17944857478141785,0.25,0.0,0.02241218462586403,0.6879033968325639,305,9.970506703500217e-07,1.6746228300035
11,1.0,50.0,0.0,0.5681868091793227,0.5681771587281915,0.6710065869109699,0.009650451131165028,0.17784076929092407,0.25,0.0,0.02229844219982624,0.6710065869109699,305,9.898983342472882e-07,1.7144446950405836
12,1.0,50.0,0.0,0.5518374854120696,0.5518274592384035,0.6540004642239207,0.010026173666119576,0.17610880732536316,0.25,0.0,0.021898673847317696,0.6540004642239207,305,9.389672873942075e-07,1.7119370847940445
13,1.0,50.0,0.0,0.5358518767133817,0.5358414746243969,0.6370059216902109,0.010402088984847069,0.17426300048828125,0.25,0.0,0.021119123324751854,0.6370059216902109,305,9.636306266986894e-07,1.6907877046614885
14,1.0,50.0,0.0,0.5205686965395108,0.5205579195727006,0.6201944051571935,0.01077696681022644,0.17231550812721252,0.25,0.0,0.019854716956615448,0.6201944051571935,304,9.93183212802432e-07,1.7052330505102873
15,1.0,50.0,0.0,0.5063966997295452,0.5063855534970594,0.6038517762204991,0.01114623248577118,0.17028115689754486,0.2499999701976776,0.0,0.018061339855194092,0.6038517762204991,304,9.660739836173815e-07,1.7013016436249018
16,1.0,50.0,0.0,0.49373935794483104,0.49372785210634745,0.5879278771087578,0.011505838483572006,0.16817837953567505,0.2499999850988388,0.0,0.015874959528446198,0.5879278771087578,304,9.894587091063832e-07,1.7326587289571762
17,1.0,50.0,0.0,0.48285077205135074,0.4828389165422186,0.5780199738698208,0.011855509132146835,0.16602978110313416,0.25,0.0,0.013659541495144367,0.5780199738698208,304,9.702850283621148e-07,1.723724976181984
18,1.0,50.0,0.0,0.4737154167008206,0.4737032217981845,0.5740480863868365,0.012194902636110783,0.16386105120182037,0.25,0.0,0.01183308381587267,0.5740480863868365,304,9.373841594371115e-07,1.7007166016846895
19,1.0,50.0,0.0,0.4660705278809642,0.46605801109927647,0.5699744008862073,0.012516781687736511,0.16169773042201996,0.2499999701976776,0.00048828125,0.010591842234134674,0.5699744008862073,303,9.795048306781785e-07,1.696298299357295
20,1.0,50.0,0.0,0.45954984199749344,0.4595370223795068,0.5658449470521073,0.012819617986679077,0.15956145524978638,0.25,0.003173828125,0.009852561168372631,0.5658449470521073,303,9.978034236886067e-07,1.6596465837210417
21,1.0,50.0,0.0,0.45381909448805313,0.45380598816613715,0.5616988073550484,0.013106321915984154,0.15746790170669556,0.2499999701976776,0.011962890625,0.00942338164895773,0.5616988073550484,303,9.70566240365431e-07,1.7135633919388056
22,1.0,50.0,0.0,0.4486318589589281,0.4486184781511037,0.5575680916240281,0.01338080782443285,0.1554270088672638,0.25,0.03857421875,0.009149711579084396,0.5575680916240281,303,9.837659706451679e-07,1.6642432510852814
23,1.0,50.0,0.0,0.44382725465682266,0.4438136103499022,0.5534788806520504,0.013644306920468807,0.15344391763210297,0.25,0.08447265625,0.008944232016801834,0.5534788806520504,302,9.903780929452934e-07,1.7021210584789515
24,1.0,50.0,0.0,0.43930574889133706,0.4392918497438265,0.5494510760694012,0.013899147510528564,0.1515204906463623,0.2499999701976776,0.12060546875,0.00876570213586092,0.5494510760694012,302,9.975680068095773e-07,1.6634094472974539
25,1.0,50.0,0.0,0.4350070583139866,0.43499291177181,0.545499409198906,0.014146542176604271,0.14965632557868958,0.2499999850988388,0.1513671875,0.00859678816050291,0.545499409198906,302,9.83545258521369e-07,1.696547083556652
26,1.0,50.0,0.0,0.43089441796822686,0.43088002827448985,0.5416343597172931,0.01438969373703003,0.14784972369670868,0.2499999701976776,0.182373046875,0.00843108631670475,0.5416343597172931,302,9.67619412222345e-07,1.6728038005530834
27,1.0,50.0,0.0,0.4269444758180015,0.4269298422546543,0.5378627419094885,0.014633563347160816,0.14609819650650024,0.2499999701976776,0.20654296875,0.008266895078122616,0.5378627419094885,302,9.924247627818947e-07,1.6673507951200008
28,1.0,50.0,0.0,0.42314170981494487,0.42312683287931385,0.5341886434611316,0.014876935631036758,0.14439885318279266,0.25,0.224853515625,0.008104367181658745,0.5341886434611316,302,9.99922892999821e-07,1.6719323173165321
29,1.0,50.0,0.0,0.4194750686375887,0.419459947646083,0.5306140087007207,0.015120991505682468,0.14274877309799194,0.2499999850988388,0.236328125,0.007944250479340553,0.5306140087007207,301,9.86668393984514e-07,1.6508710235357285
30,1.0,50.0,0.0,0.41593595196119293,0.4159205837584917,0.5271390190528012,0.015368202701210976,0.1411449909210205,0.2499999850988388,0.244384765625,0.007787348702549934,0.5271390190528012,301,9.767066397468062e-07,1.6614961978048086
31,1.0,50.0,0.0,0.41251720387242025,0.41250158434859696,0.5237625520219068,0.015619523823261261,0.1395847499370575,0.25,0.247802734375,0.007634361274540424,0.5237625520219068,301,9.972190702847338e-07,1.651503887027502
32,1.0,50.0,0.0,0.4092126096697079,0.409196733106442,0.5204825866783614,0.015876563265919685,0.13806547224521637,0.2499999701976776,0.251220703125,0.007485758047550917,0.5204825866783614,301,9.70324631983892e-07,1.6508044563233852
33,1.0,50.0,0.0,0.40601638959500524,0.406000249728221,0.5172962900628121,0.016139866784214973,0.1365848183631897,0.2499999850988388,0.25341796875,0.007341812830418348,0.5172962900628121,301,9.75956543140836e-07,1.637272885069251
34,1.0,50.0,0.0,0.4029231643683181,0.40290675551508526,0.5142003527232304,0.016408853232860565,0.13514065742492676,0.2499999850988388,0.252197265625,0.00720262760296464,0.5142003527232304,301,9.968521721737354e-07,1.6636760234832764
35,1.0,50.0,0.0,0.3999278890142693,0.39991120810681124,0.5111911729441875,0.01668090745806694,0.13373108208179474,0.2499999701976776,0.25439453125,0.007068129722028971,0.5111911729441875,301,9.979671659573198e-07,1.6482788231223822
36,1.0,50.0,0.0,0.3970256818019479,0.39700872223905026,0.5082648529341943,0.01695956289768219,0.13235443830490112,0.25,0.255859375,0.006938141770660877,0.5082648529341943,301,9.819580081021367e-07,1.7348001562058926
37,1.0,50.0,0.0,0.3942120688143632,0.3941948253638557,0.5054175588944251,0.01724345050752163,0.13100922107696533,0.2499999850988388,0.25634765625,0.006812444422394037,0.5054175588944251,300,9.913557838880503e-07,1.6617002319544554
38,1.0,50.0,0.0,0.3914826548570821,0.3914651239650378,0.5026452892251825,0.0175308920443058,0.1296941339969635,0.25,0.25732421875,0.006690742913633585,0.5026452892251825,300,9.753341164553282e-07,1.654030367732048
39,1.0,50.0,0.0,0.3888335403032471,0.38881571905648904,0.49994432902221664,0.01782124675810337,0.1284080147743225,0.2499999701976776,0.256103515625,0.006572766695171595,0.49994432902221664,300,9.91922989122789e-07,1.671233033761382
40,1.0,50.0,0.0,0.386260861930066,0.3862427492352214,0.4973108671833764,0.01811269484460354,0.12714983522891998,0.2499999701976776,0.25537109375,0.006458234041929245,0.4973108671833764,300,9.98232661555738e-07,1.647447858005762
41,1.0,50.0,0.0,0.38376118525630126,0.3837427812996347,0.4947414049712658,0.018403956666588783,0.12591871619224548,0.2499999850988388,0.25439453125,0.0063469186425209045,0.4947414049712658,300,9.954727132791133e-07,1.654800022020936
42,1.0,50.0,0.0,0.3813312979785401,0.38131260213792806,0.49223259487755244,0.01869584061205387,0.12471387535333633,0.25,0.252197265625,0.006238651927560568,0.49223259487755244,300,9.98925842913651e-07,1.668157359585166
43,1.0,50.0,0.0,0.3789682936568751,0.3789493062787696,0.489781352808298,0.018987378105521202,0.12353459745645523,0.2499999850988388,0.251220703125,0.006133333779871464,0.489781352808298,300,9.757243445613756e-07,1.630879445001483
44,1.0,50.0,0.0,0.3766694177769649,0.37665013920595525,0.48738474491122363,0.019278571009635925,0.12238027155399323,0.25,0.25,0.006030963268131018,0.48738474491122363,300,9.5752864838514e-07,1.624706219881773
45,1.0,50.0,0.0,0.3744321638186227,0.3744125944607656,0.4850401082753006,0.019569357857108116,0.12125037610530853,0.25,0.249267578125,0.00593163538724184,0.4850401082753006,300,9.507126482610713e-07,1.6385048683732748
46,1.0,50.0,0.0,0.37225421666098324,0.3722343571868309,0.48274503208571196,0.019859474152326584,0.12014441192150116,0.25,0.24755859375,0.0058355568908154964,0.48274503208571196,300,9.97060881268667e-07,1.6533898878842592
47,1.0,50.0,0.0,0.3701333414648088,0.37011319398287557,0.48049729021060433,0.020147481933236122,0.11906198412179947,0.25,0.2470703125,0.005743040237575769,0.48049729021060433,300,9.903157511494064e-07,1.6547368839383125
48,1.0,50.0,0.0,0.36806744940539105,0.3680470166221003,0.4782949336666604,0.020432783290743828,0.11800266802310944,0.25,0.24755859375,0.005654504988342524,0.4782949336666604,300,9.826505041846044e-07,1.6494214739650488
49,1.0,50.0,0.0,0.36605441988886067,0.366033703139729,0.47613616606774795,0.020716749131679535,0.1169661357998848,0.2499999701976776,0.245849609375,0.005570473149418831,0.47613616606774795,300,9.89014079400147e-07,1.6346003916114569
50,1.0,50.0,0.0,0.3640921904365133,0.36407119250805786,0.47401945779345667,0.020997928455471992,0.11595205962657928,0.25,0.245361328125,0.0054915472865104675,0.47401945779345667,300,9.971482303884656e-07,1.6447361018508673
51,1.0,50.0,0.0,0.3621785952174508,0.3621573190060848,0.4719434295644554,0.021276211366057396,0.11496016383171082,0.25,0.2451171875,0.005418380722403526,0.4719434295644554,300,9.927153105173731e-07,1.5885263960808516
52,1.0,50.0,0.0,0.3603113740020842,0.36028982210247223,0.4699068813707013,0.02155189961194992,0.11399011313915253,0.25,0.2451171875,0.005351621191948652,0.4699068813707013,300,9.840060630195693e-07,1.6452281791716814
53,1.0,50.0,0.0,0.358488166501098,0.35846634111488673,0.4679087992545616,0.021825386211276054,0.11304163932800293,0.2499999701976776,0.244873046875,0.005291875917464495,0.4679087992545616,299,9.880655380669464e-07,1.6255285050719976
54,1.0,50.0,0.0,0.35670631455215307,0.35668421764257047,0.46594818418845435,0.0220969095826149,0.11211439967155457,0.2499999701976776,0.244140625,0.005239625461399555,0.46594818418845435,299,9.937863053838242e-07,1.5924497116357088
55,1.0,50.0,0.0,0.3549630865146741,0.35494072136556354,0.46402422565870766,0.02236514911055565,0.11120808124542236,0.25,0.24462890625,0.005195161793380976,0.46402422565870766,299,9.724194647040274e-07,1.628783831372857
56,1.0,50.0,0.0,0.35325554885328914,0.3532329187913349,0.46213615616257364,0.022630061954259872,0.11032228171825409,0.2499999701976776,0.244873046875,0.005158519372344017,0.46213615616257364,299,9.825826444471242e-07,1.667661365121603
57,1.0,50.0,0.0,0.351580516933785,0.3515576252614569,0.46028316348271814,0.02289167232811451,0.10945659875869751,0.25,0.242431640625,0.0051294369623064995,0.46028316348271814,299,9.492104192421924e-07,1.6682484820485115
58,1.0,50.0,0.0,0.34993482029157086,0.34991167041378424,0.45846453703443496,0.023149877786636353,0.10861053317785263,0.25,0.242919921875,0.005107318516820669,0.45846453703443496,299,9.867716917215983e-07,1.592769468203187
59,1.0,50.0,0.0,0.348315169551346,0.34829176441480547,0.45667948082117854,0.023405136540532112,0.10778353363275528,0.25,0.241455078125,0.005091275554150343,0.45667948082117854,299,9.462242229509594e-07,1.6377390418201685
60,1.0,50.0,0.0,0.34671834121755063,0.3466946841936439,0.45492717771920443,0.023657023906707764,0.10697498917579651,0.25,0.240478515625,0.005080145318061113,0.45492717771920443,299,9.916830062161562e-07,1.6587987318634987
61,1.0,50.0,0.0,0.3451411786609222,0.34511727287703053,0.45320669844503186,0.023905783891677856,0.10618418455123901,0.25,0.240966796875,0.00507257878780365,0.45320669844503186,299,9.823167880747231e-07,1.6328971590846777
62,1.0,50.0,0.0,0.34358079002413316,0.34355663869704467,0.45151707250715595,0.024151327088475227,0.10541035234928131,0.25,0.239990234375,0.005067135207355022,0.45151707250715595,299,9.5284637178875e-07,1.6914293561130762
63,1.0,50.0,0.0,0.3420345535619845,0.34201015958252445,0.44985722118711263,0.024393979460000992,0.10465261340141296,0.2499999701976776,0.23974609375,0.005062389187514782,0.44985722118711263,298,9.852430236060714e-07,1.6079925671219826
64,1.0,50.0,0.0,0.3405001269210338,0.34047549303474123,0.44822590719062483,0.02463388629257679,0.10391008853912354,0.2499999701976776,0.23974609375,0.005057028494775295,0.44822590719062483,298,9.862122541932617e-07,1.5831812638789415
65,1.0,50.0,0.0,0.33897562093033207,0.3389507493425788,0.4466218338574267,0.0248715877532959,0.10318177938461304,0.25,0.2392578125,0.005049934145063162,0.4466218338574267,298,9.375077260455615e-07,1.5958105213940144
66,1.0,50.0,0.0,0.3374595893901894,0.3374344829247454,0.4450436230798662,0.025106465443968773,0.1024666577577591,0.2499999701976776,0.239501953125,0.00504025025293231,0.4450436230798662,297,9.930885910690492e-07,1.5455227438360453
67,1.0,50.0,0.0,0.3359508638087487,0.3359255248423493,0.44348970314457414,0.02533896639943123,0.10176369547843933,0.2499999850988388,0.239501953125,0.005027394741773605,0.44348970314457414,295,9.891021040034123e-07,1.6052738390862942
68,1.0,50.0,0.0,0.33444879654978377,0.3344232275690601,0.4419585290560335,0.02556898072361946,0.10107183456420898,0.25,0.23828125,0.005011094268411398,0.4419585290560335,290,9.836429407987937e-07,1.5853209290653467
69,1.0,50.0,0.0,0.33295295528313096,0.3329271589851933,0.44044840021812337,0.025796297937631607,0.1003900095820427,0.2499999850988388,0.237548828125,0.0049913241527974606,0.44044840021812337,288,9.790584176395218e-07,1.5842663925141096
70,1.0,50.0,0.0,0.3314632406546912,0.33143721962116574,0.43895761475164524,0.02602103352546692,0.09971719980239868,0.2499999701976776,0.2353515625,0.004968297202140093,0.43895761475164524,288,9.915381669310664e-07,1.5889070983976126
71,1.0,50.0,0.0,0.3299797614570637,0.32995351822859836,0.43748445220097526,0.02624322846531868,0.09905242919921875,0.25,0.23583984375,0.004942402243614197,0.43748445220097526,291,9.938617059827535e-07,1.595209227874875
72,1.0,50.0,0.0,0.3285027724857853,0.32847630974831443,0.4360534697760178,0.02646273747086525,0.09839475154876709,0.2499999850988388,0.235595703125,0.004914129618555307,0.4360534697760178,295,9.930162944137511e-07,1.6869970131665468
73,1.0,50.0,0.0,0.32703255775006673,0.32700587788032554,0.4346393523137128,0.0266798697412014,0.09774333983659744,0.2499999850988388,0.235595703125,0.00488403532654047,0.4346393523137128,297,9.979579642891385e-07,1.6448955666273832
74,1.0,50.0,0.0,0.3255694865840224,0.3255425919792352,0.4332378750069013,0.02689460478723049,0.09709739685058594,0.25,0.23583984375,0.00485268933698535,0.4332378750069013,297,9.585249191357225e-07,1.664480959996581
75,1.0,50.0,0.0,0.32411385311045243,0.32408674641185,0.4318474799036854,0.027106698602437973,0.09645622968673706,0.25,0.235595703125,0.00482063228264451,0.4318474799036854,297,9.924153344864675e-07,1.634365364909172
76,1.0,50.0,0.0,0.3226659633699689,0.32263864712006185,0.43046674262458606,0.027316249907016754,0.09581925719976425,0.25,0.23583984375,0.0047883628867566586,0.43046674262458606,297,9.903749435661373e-07,1.6379983332008123
77,1.0,50.0,0.0,0.3212259722258043,0.3211984490900379,0.4290942745829097,0.027523135766386986,0.09518595039844513,0.25,0.234130859375,0.004756327718496323,0.4290942745829097,297,9.773360230308263e-07,1.6705420948565006
78,1.0,50.0,0.0,0.3197939331309732,0.3197662053184446,0.42772877257119124,0.02772781252861023,0.09455591440200806,0.25,0.234375,0.004724921192973852,0.42772877257119124,296,9.920166123590699e-07,1.6375578586012125
79,1.0,50.0,0.0,0.3183698589577907,0.3183419289122903,0.4263690638800195,0.027930045500397682,0.09392881393432617,0.2499999701976776,0.233154296875,0.004694503266364336,0.4263690638800195,296,9.825294056441639e-07,1.6638349425047636
80,1.0,50.0,0.0,0.31695351030180735,0.31692538061986253,0.4250139441171223,0.028129681944847107,0.09330441057682037,0.2499999701976776,0.23486328125,0.004665391519665718,0.4250139441171223,296,9.671010001946137e-07,1.6290516220033169
81,1.0,50.0,0.0,0.31554459956750364,0.31551627345100136,0.4236856581803511,0.028326116502285004,0.09268254786729813,0.2499999850988388,0.234619140625,0.00463788490742445,0.4236856581803511,296,9.704939286888881e-07,1.6383009143173695
82,1.0,50.0,0.0,0.31414266837238874,0.31411414872705545,0.42236040791374246,0.0285196453332901,0.09206312149763107,0.25,0.234130859375,0.004612259101122618,0.42236040791374246,295,9.7404719888289e-07,1.6235823966562748
83,1.0,50.0,0.0,0.31274721771111313,0.3127185074594391,0.42103628527892284,0.028710251674056053,0.09144610166549683,0.2499999850988388,0.233642578125,0.004588788375258446,0.42103628527892284,295,9.879965646169957e-07,1.618077740073204
84,1.0,50.0,0.0,0.3113575436989333,0.31132864564047413,0.41971223055977747,0.028898058459162712,0.09083150327205658,0.2499999850988388,0.23388671875,0.004567702766507864,0.41971223055977747,295,9.922609259040372e-07,1.6460139881819487
85,1.0,50.0,0.0,0.309972863842173,0.3099437800463275,0.4183872020167359,0.029083795845508575,0.0902194082736969,0.2499999850988388,0.234130859375,0.004549228586256504,0.4183872020167359,296,9.834588694450427e-07,1.647121137008071
86,1.0,50.0,0.0,0.3085923519308081,0.30856308544300104,0.4170601905586436,0.029266487807035446,0.08960990607738495,0.25,0.234619140625,0.00453354325145483,0.4170601905586436,296,9.576342580400237e-07,1.6110707689076662
87,1.0,50.0,0.0,0.3072151384941888,0.307185692307691,0.41573020630177887,0.029446186497807503,0.08900311589241028,0.2499999850988388,0.23388671875,0.00452079065144062,0.41573020630177887,296,9.858304849707203e-07,1.6331171113997698
88,1.0,50.0,0.0,0.30584027461708646,0.30581065177918537,0.4143962443630827,0.029622837901115417,0.08839918673038483,0.2499999850988388,0.234130859375,0.004511088132858276,0.4143962443630827,296,9.689535490599906e-07,1.642872104421258
89,1.0,50.0,0.0,0.30446683402748004,0.30443703763202923,0.4130573542192529,0.02979639545083046,0.08779829740524292,0.2499999850988388,0.23388671875,0.00450453907251358,0.4130573542192529,296,9.99114716869033e-07,1.6479731798171997
90,1.0,50.0,0.0,0.3030939014258348,0.3030639343524837,0.4117126223016118,0.02996707335114479,0.0872005820274353,0.2499999850988388,0.23388671875,0.004501260817050934,0.4117126223016118,296,9.943638908341956e-07,1.6173958033323288
91,1.0,50.0,0.0,0.30172057202942637,0.3016904369901863,0.41036116614559914,0.03013503924012184,0.0866062194108963,0.25,0.23486328125,0.004501402378082275,0.41036116614559914,296,9.926176872629386e-07,1.5563927348703146
92,1.0,50.0,0.0,0.3003459376473471,0.3003156374305978,0.40900211045880974,0.030300216749310493,0.08601537346839905,0.2499999701976776,0.2353515625,0.004505174700170755,0.40900211045880974,296,9.940089685706176e-07,1.5424799267202616
93,1.0,50.0,0.0,0.29896908789113735,0.29893862484381173,0.40763458007672215,0.030463047325611115,0.08542819321155548,0.25,0.234619140625,0.0045128450728952885,0.40763458007672215,296,9.986335789838316e-07,1.5647224765270948
94,1.0,50.0,0.0,0.2975891083784262,0.2975584847152094,0.4062576889831221,0.0306236632168293,0.08484482765197754,0.25,0.234619140625,0.004524735733866692,0.4062576889831221,296,9.796355796636561e-07,1.595409695059061
95,1.0,50.0,0.0,0.29620507388279654,0.2961742922262929,0.40487052928030404,0.030781656503677368,0.08426541090011597,0.25,0.23486328125,0.0045411838218569756,0.40487052928030404,296,9.729069739387397e-07,1.587600251659751
96,1.0,50.0,0.0,0.2948160594489459,0.29478512242548505,0.4034721770124254,0.03093702346086502,0.08369006216526031,0.2499999850988388,0.234375,0.004562466870993376,0.4034721770124254,296,9.575886913649656e-07,1.5850471891462803
97,1.0,50.0,0.0,0.2934211007171207,0.29339001078539423,0.40206166453912123,0.03108993172645569,0.08311888575553894,0.25,0.235107421875,0.004588738549500704,0.40206166453912123,296,9.58641393578811e-07,1.6480753775686026
98,1.0,50.0,0.0,0.29201932704883427,0.29198808636392265,0.40063809632729597,0.031240684911608696,0.0825519859790802,0.25,0.235107421875,0.004619949962943792,0.40063809632729597,296,9.899840118758666e-07,1.5564188361167908
99,1.0,50.0,0.0,0.2906099129532975,0.29057852413407986,0.39920062576297094,0.031388819217681885,0.08198942244052887,0.2499999850988388,0.2353515625,0.004655808210372925,0.39920062576297094,296,9.951608717831074e-07,1.60812371596694
100,1.0,50.0,0.0,0.289192168847832,0.2891606343399613,0.3977485444868173,0.03153450787067413,0.08143125474452972,0.25,0.235107421875,0.004695758689194918,0.3977485444868173,296,9.880920970168781e-07,1.5722303111106157
101,1.0,50.0,0.0,0.28776563134695593,0.2877339529832751,0.39628137002243474,0.03167836368083954,0.08087754249572754,0.2499999850988388,0.2353515625,0.004739039111882448,0.39628137002243474,296,9.400798562637819e-07,1.4715358894318342
102,1.0,50.0,0.0,0.2863299647560193,0.2862981440378203,0.39479878434778504,0.031820718199014664,0.08032830059528351,0.2499999850988388,0.236083984375,0.004784742835909128,0.39479878434778504,296,9.625617640134997e-07,1.523943541571498
103,1.0,50.0,0.0,0.28488511584892373,0.28485315431102615,0.3933007605867574,0.03196153789758682,0.07978354394435883,0.2499999850988388,0.236328125,0.004831934813410044,0.3933007605867574,296,9.86131986047959e-07,1.4610782507807016
104,1.0,50.0,0.0,0.2834311768318275,0.28339907590846813,0.39178745589342767,0.032100923359394073,0.07924327254295349,0.2499999850988388,0.236083984375,0.004879702813923359,0.39178745589342767,296,9.620660311242047e-07,1.4996213782578707
105,1.0,50.0,0.0,0.28196843478530165,0.2819361963465762,0.39025924429208875,0.0322384387254715,0.07870746403932571,0.24999995529651642,0.236328125,0.004927226807922125,0.39025924429208875,296,9.967468659044378e-07,1.555007953196764
106,1.0,50.0,0.0,0.2804972505407332,0.2804648766579031,0.3887166128681289,0.032373882830142975,0.0781761184334755,0.25,0.236328125,0.00497375288978219,0.3887166128681289,296,9.761951090404897e-07,1.643276009708643
107,1.0,50.0,0.0,0.27901816694935305,0.27898565934722763,0.3871602384652509,0.032507602125406265,0.07764918357133865,0.25,0.2373046875,0.00501854345202446,0.3871602384652509,296,9.558744548455063e-07,1.5904452856630087
108,1.0,50.0,0.0,0.27753172576662033,0.27749908606942625,0.3855908450125198,0.032639697194099426,0.077126644551754,0.25,0.237060546875,0.0050608390010893345,0.3855908450125198,296,9.551873070926662e-07,1.622275022789836
109,1.0,50.0,0.0,0.2760386032949685,0.27600583298909653,0.3840093112225689,0.0327703058719635,0.07660845667123795,0.2499999850988388,0.237060546875,0.0050997985526919365,0.3840093112225689,296,9.983550681282021e-07,1.6123216841369867
110,1.0,50.0,0.0,0.27453953616537163,0.2745066367074103,0.38241661838626384,0.03289945796132088,0.0760945975780487,0.2499999701976776,0.23779296875,0.005134556908160448,0.38241661838626384,296,9.718316089874946e-07,1.6011116951704025
111,1.0,50.0,0.0,0.27303536218548097,0.27300233493516124,0.380813885437488,0.033027250319719315,0.0755850076675415,0.25,0.237548828125,0.005164292640984058,0.380813885437488,296,9.547726918679336e-07,1.59761343896389
112,1.0,50.0,0.0,0.27152705234847113,0.27149389862454576,0.3792023889822677,0.0331537239253521,0.07507964223623276,0.2499999850988388,0.23779296875,0.0051883733831346035,0.3792023889822677,296,9.880446839546613e-07,1.6227761209011078
113,1.0,50.0,0.0,0.2700155258328141,0.26998224669326554,0.37758339480143077,0.033279139548540115,0.07457847893238068,0.2499999701976776,0.23828125,0.005206476431339979,0.37758339480143077,296,9.927742894776644e-07,1.620613807812333
114,1.0,50.0,0.0,0.2685017020391746,0.26846829846747955,0.3759581736065574,0.03340357169508934,0.07408146560192108,0.2499999850988388,0.23876953125,0.005218674894422293,0.3759581736065574,296,9.98646906120049e-07,1.6083119716495275
115,1.0,50.0,0.0,0.26698639021666015,0.2669528627231833,0.37432786788013017,0.033527493476867676,0.07358857244253159,0.2499999850988388,0.239013671875,0.005225429777055979,0.37432786788013017,296,9.956586728321388e-07,1.5873191375285387
116,1.0,50.0,0.0,0.26547021650078767,0.2654365663707542,0.37269339738673685,0.03365013003349304,0.0730997696518898,0.2499999701976776,0.240234375,0.005227475892752409,0.37269339738673685,297,9.835932310612558e-07,1.6217588130384684
117,1.0,50.0,0.0,0.2639535568915867,0.2639197851382756,0.3710553780616406,0.03377175331115723,0.07261502742767334,0.25,0.240234375,0.00522565795108676,0.3710553780616406,297,9.956153654384554e-07,1.6638379115611315
118,1.0,50.0,0.0,0.2624366227772689,0.2624027302612222,0.36941417310675656,0.033892516046762466,0.07213432341814041,0.25,0.240478515625,0.005220736842602491,0.36941417310675656,297,9.873638081813577e-07,1.6259618792682886
119,1.0,50.0,0.0,0.2609194326189552,0.260885418751577,0.3677698862685809,0.03401386737823486,0.07165763527154922,0.25,0.2412109375,0.005213236436247826,0.3677698862685809,297,9.834888972611676e-07,1.5781190637499094
120,1.0,50.0,0.0,0.2594019365948815,0.25936780212495514,0.3661224912545208,0.03413446992635727,0.07118496298789978,0.2499999850988388,0.2412109375,0.005203390959650278,0.3661224912545208,297,9.871214007765045e-07,1.6145722232758999
121,1.0,50.0,0.0,0.25788411067956907,0.2578498567917369,0.364471937869013,0.034253887832164764,0.07071627676486969,0.2499999850988388,0.24169921875,0.005191166885197163,0.364471937869013,297,9.891202996665343e-07,1.5943046528846025
122,1.0,50.0,0.0,0.25636598687523776,0.2563316140686887,0.362818210028006,0.034372806549072266,0.07025156915187836,0.2499999701976776,0.2421875,0.005176451522856951,0.362818210028006,297,9.543219187306254e-07,1.6065158490091562
123,1.0,50.0,0.0,0.2548476639963914,0.2548131730534364,0.3611613445421748,0.03449094295501709,0.06979084014892578,0.25,0.24267578125,0.005159248132258654,0.3611613445421748,297,9.68159094212119e-07,1.6351103484630585
124,1.0,50.0,0.0,0.2533293794455112,0.25329476943482765,0.35950146132222555,0.03461001068353653,0.06933405250310898,0.2499999850988388,0.242919921875,0.0051398915238678455,0.35950146132222555,297,9.895765289750277e-07,1.5795963201671839
125,1.0,50.0,0.0,0.2518112205588713,0.2517764920318022,0.35783849834038856,0.0347285270690918,0.06888119876384735,0.2499999850988388,0.242431640625,0.005119153298437595,0.35783849834038856,297,9.972491027248046e-07,1.587061494588852
126,1.0,50.0,0.0,0.25029314514487516,0.25025829851492776,0.35617215409410424,0.034846629947423935,0.0684322714805603,0.25,0.2421875,0.005098225548863411,0.35617215409410424,298,9.989026284562717e-07,1.6089161187410355
127,1.0,50.0,0.0,0.24877484232136454,0.24873987817340937,0.3545017246870018,0.034964147955179214,0.06798723340034485,0.25,0.24267578125,0.005078567191958427,0.3545017246870018,298,9.640002264115913e-07,1.6091409530490637
128,1.0,50.0,0.0,0.24725569889451582,0.24722061788420396,0.3528260420112594,0.035081010311841965,0.06754609942436218,0.2499999850988388,0.24267578125,0.005061616189777851,0.3528260420112594,298,9.721127377615946e-07,1.5958772748708725
129,1.0,50.0,0.0,0.2457348078668183,0.24569961016178787,0.3511434968124139,0.035197705030441284,0.06710883229970932,0.25,0.242431640625,0.0050485082902014256,0.3511434968124139,298,9.61825499915573e-07,1.6265578716993332
130,1.0,50.0,0.0,0.2442111563544561,0.2441758428152491,0.34945224168233385,0.03531353920698166,0.06667542457580566,0.25,0.2421875,0.005039840936660767,0.34945224168233385,298,9.952790043911982e-07,1.580419186502695
131,1.0,50.0,0.0,0.24268372470897473,0.24264829546970165,0.34775035998252407,0.03542923927307129,0.06624583154916763,0.2499999850988388,0.24267578125,0.005035582929849625,0.34775035998252407,298,9.525056775418827e-07,1.6110486332327127
132,1.0,50.0,0.0,0.24115165212034462,0.2411161066669154,0.34603610144058417,0.03554545342922211,0.06582002341747284,0.25,0.244140625,0.005035167094320059,0.34603610144058417,298,9.456209351258042e-07,1.5932329576462507
133,1.0,50.0,0.0,0.23961441753742294,0.23957875586611227,0.34430810157856945,0.03566167131066322,0.0653979629278183,0.25,0.244140625,0.005037776660174131,0.34430810157856945,298,9.868005029679157e-07,1.604487294331193
134,1.0,50.0,0.0,0.23807178038613683,0.23803600183011775,0.3425653702437633,0.035778556019067764,0.06497955322265625,0.2499999701976776,0.24462890625,0.005042654927819967,0.3425653702437633,298,9.79088900456329e-07,1.6362949404865503
135,1.0,50.0,0.0,0.23652378355195683,0.23648788845023078,0.340807275987163,0.035895101726055145,0.06456471979618073,0.25,0.24462890625,0.005049403291195631,0.340807275987163,299,9.845892043959132e-07,1.5971084665507078
136,1.0,50.0,0.0,0.23497056326808763,0.23493455214592052,0.3390333411562806,0.03601112216711044,0.06415335834026337,0.25,0.244873046875,0.0050580729730427265,0.3390333411562806,299,9.671123404303634e-07,1.5953779872506857
137,1.0,50.0,0.0,0.23341235953489042,0.2333762333347807,0.33724317826218136,0.03612620010972023,0.06374534964561462,0.2499999850988388,0.2451171875,0.005069028120487928,0.33724317826218136,299,9.869392524888995e-07,1.6167920399457216
138,1.0,50.0,0.0,0.2318492866979689,0.23181304630653565,0.33543627131569104,0.03624039143323898,0.06334055215120316,0.2499999850988388,0.244873046875,0.005082613322883844,0.33543627131569104,299,9.819256054571472e-07,1.648682128638029
139,1.0,50.0,0.0,0.23028152095635238,0.23024516673867407,0.33361214661954336,0.03635421767830849,0.06293882429599762,0.2499999850988388,0.24462890625,0.005098750814795494,0.33361214661954336,299,9.786056888371942e-07,1.5939187854528427
140,1.0,50.0,0.0,0.22870935919155966,0.2286728919858266,0.3317704966957117,0.03646720573306084,0.06254002451896667,0.2499999850988388,0.244384765625,0.005116663873195648,0.3317704966957117,300,9.62027192952396e-07,1.604623507708311
141,1.0,50.0,0.0,0.2271332981684523,0.2270967173450904,0.32991137386121955,0.03658082336187363,0.06214400380849838,0.25,0.24462890625,0.005134803242981434,0.32991137386121955,300,9.363948484316778e-07,1.598541809245944
142,1.0,50.0,0.0,0.22555439496841762,0.22551770072114202,0.3280355957967729,0.0366942472755909,0.06175057590007782,0.2499999701976776,0.245361328125,0.00515110045671463,0.3280355957967729,300,9.887401987900466e-07,1.6236686687916517
143,1.0,50.0,0.0,0.22397408539030447,0.2239372771230687,0.3261446833019109,0.03680826723575592,0.06135956943035126,0.25,0.2451171875,0.005163400433957577,0.3261446833019109,300,9.7517464357167e-07,1.6143023893237114
144,1.0,50.0,0.0,0.2223943332086717,0.22235741155850042,0.32430985329548445,0.03692165017127991,0.06097082793712616,0.2499999701976776,0.245361328125,0.005169926211237907,0.32430985329548445,300,9.765291376610895e-07,1.6012585181742907
145,1.0,50.0,0.0,0.22081737175547042,0.22078033740409175,0.3224940858692688,0.037034351378679276,0.060584165155887604,0.2499999850988388,0.24560546875,0.005169551819562912,0.3224940858692688,300,9.97345152623011e-07,1.60047004558146
146,1.0,50.0,0.0,0.21924558106662004,0.21920843440891474,0.3206733735316838,0.03714665770530701,0.060199420899152756,0.2499999701976776,0.24560546875,0.005161850713193417,0.3206733735316838,300,9.881885436590555e-07,1.6251634564250708
147,1.0,50.0,0.0,0.21768129372761058,0.21764403581411051,0.31885091470860843,0.03725791350007057,0.059816449880599976,0.25,0.245361328125,0.005146832671016455,0.31885091470860843,300,9.891816230922742e-07,1.6117908377200365
148,1.0,50.0,0.0,0.21612678966152427,0.21608942158746478,0.31702992617350106,0.03736807405948639,0.05943511426448822,0.25,0.245849609375,0.00512463366612792,0.31702992617350106,300,9.98746627123196e-07,1.644309999421239
149,1.0,50.0,0.0,0.21458420467622916,0.2145467278795723,0.3152135690210469,0.037476796656847,0.05905529856681824,0.2499999701976776,0.24609375,0.005095226690173149,0.3152135690210469,300,9.993773345292478e-07,1.6402570139616728
150,1.0,50.0,0.0,0.21305562306505096,0.21301803878259312,0.31340504888086435,0.03758428245782852,0.058676932007074356,0.25,0.24658203125,0.005058358423411846,0.31340504888086435,300,9.958930283265803e-07,1.630546087399125
151,1.0,50.0,0.0,0.21154316502904125,0.21150547327940888,0.31160771677512483,0.03769174963235855,0.05829994007945061,0.2499999701976776,0.2470703125,0.005013694521039724,0.31160771677512483,300,9.799690856437378e-07,1.5778361689299345
152,1.0,50.0,0.0,0.2100488851252113,0.21001108613192182,0.3098250066780471,0.03779899328947067,0.0579243078827858,0.25,0.24755859375,0.004961063154041767,0.3098250066780471,300,9.72520524261393e-07,1.6059987638145685
153,1.0,50.0,0.0,0.2085748922470799,0.20853698603993565,0.3080604692018631,0.037906207144260406,0.057550013065338135,0.2499999850988388,0.247802734375,0.004900733474642038,0.3080604692018631,300,9.977453652607975e-07,1.5983386375010014
154,1.0,50.0,0.0,0.20712304258974115,0.207085030129867,0.30631743586972254,0.03801245987415314,0.0571771040558815,0.25,0.24755859375,0.004833574406802654,0.30631743586972254,299,9.826651280045853e-07,1.6022640019655228
155,1.0,50.0,0.0,0.20569495107789149,0.2056568340751957,0.30459888253954454,0.038117002695798874,0.05680561065673828,0.25,0.24853515625,0.00476097734645009,0.30459888253954454,299,9.968930939698957e-07,1.5956800039857626
156,1.0,50.0,0.0,0.20429191949893188,0.20425369807262372,0.30290722753372407,0.03822142630815506,0.056435637176036835,0.25,0.248046875,0.004684659652411938,0.30290722753372407,299,9.88365774777271e-07,1.5885898265987635
157,1.0,50.0,0.0,0.20291465187974783,0.20287632677116008,0.30124402726627186,0.03832510858774185,0.056067291647195816,0.25,0.247802734375,0.0046063861809670925,0.30124402726627186,299,9.998242306633345e-07,1.598814096301794
158,1.0,50.0,0.0,0.2015635874794573,0.20152515889348094,0.29961019080476053,0.03842858597636223,0.055700719356536865,0.2499999701976776,0.248046875,0.004527660086750984,0.29961019080476053,299,9.99676096223447e-07,1.632180379703641
159,1.0,50.0,0.0,0.20023868461637426,0.2002001533464961,0.2980058571772944,0.03853126987814903,0.055336080491542816,0.2499999850988388,0.247802734375,0.004449531435966492,0.2980058571772944,299,9.685669740912938e-07,1.6437578313052654
160,1.0,50.0,0.0,0.19893972267135096,0.19890109031572056,0.29643072492567296,0.0386323556303978,0.05497356504201889,0.25,0.24853515625,0.004372527357190847,0.29643072492567296,299,9.812576347222414e-07,1.6032387055456638
161,1.0,50.0,0.0,0.19766640984174685,0.19762767835614162,0.2948842588244783,0.03873148560523987,0.05461336672306061,0.25,0.248779296875,0.0042967041954398155,0.2948842588244783,299,9.952322106034517e-07,1.6201174203306437
162,1.0,50.0,0.0,0.1964184009176919,0.19637957206044881,0.2933658249979074,0.038828857243061066,0.054255686700344086,0.2499999850988388,0.248779296875,0.004221816081553698,0.2933658249979074,300,9.91086299422167e-07,1.6194165777415037
163,1.0,50.0,0.0,0.19519542806415877,0.1951565037575277,0.2918748682745954,0.03892430663108826,0.05390073359012604,0.25,0.248779296875,0.004147508181631565,0.2918748682745954,300,9.88506813417805e-07,1.6181570440530777
164,1.0,50.0,0.0,0.19399734638547728,0.19395832735961505,0.2904109957544211,0.03901902586221695,0.05354868993163109,0.2499999701976776,0.2490234375,0.004073502961546183,0.2904109957544211,300,9.974786776580443e-07,1.610006844624877
165,1.0,50.0,0.0,0.19282395141198297,0.1927848383709695,0.2889737984738948,0.03911304101347923,0.053199753165245056,0.25,0.248779296875,0.003999773412942886,0.2889737984738948,300,9.932369927234646e-07,1.6201070230454206
166,1.0,50.0,0.0,0.19167511812872562,0.19163591314754758,0.28756290768644815,0.03920498117804527,0.052854109555482864,0.2499999850988388,0.2490234375,0.0039265770465135574,0.28756290768644815,300,9.66832941127508e-07,1.6373713202774525
167,1.0,50.0,0.0,0.1905505613952331,0.19051126599380894,0.2861777137523395,0.03929540142416954,0.05251190811395645,0.25,0.2490234375,0.00385445193387568,0.2861777137523395,300,9.518170839780792e-07,1.6384537499397993
168,1.0,50.0,0.0,0.18944985398977843,0.1894104692558929,0.28481729666511124,0.03938473388552666,0.05217331647872925,0.25,0.24853515625,0.003784146625548601,0.28481729666511124,300,9.874241470266492e-07,1.6528848428279161
169,1.0,50.0,0.0,0.18837237031761736,0.18833289726827473,0.2834803147569885,0.039473049342632294,0.051838479936122894,0.25,0.248779296875,0.003716473001986742,0.2834803147569885,300,9.505253464207081e-07,1.6078157722949982
170,1.0,50.0,0.0,0.18731720545504124,0.18727764548722536,0.28216492597944387,0.03955996781587601,0.051507532596588135,0.2499999850988388,0.2490234375,0.0036521691363304853,0.28216492597944387,300,9.582016916414683e-07,1.620266543701291
171,1.0,50.0,0.0,0.18628334887129772,0.18624370289397943,0.28086894446838484,0.039645977318286896,0.05118059366941452,0.2499999701976776,0.248779296875,0.003591801505535841,0.28086894446838484,300,9.629447567025144e-07,1.6240022536367178
172,1.0,50.0,0.0,0.1852696412326567,0.185229910285192,0.27958987063273083,0.039730947464704514,0.050857771188020706,0.2499999701976776,0.248779296875,0.0035356595180928707,0.27958987063273083,299,9.9622667761652e-07,1.6021673008799553
173,1.0,50.0,0.0,0.1842748239173294,0.18423500923651467,0.2783250236389339,0.03981468081474304,0.050539158284664154,0.25,0.249267578125,0.0034837413113564253,0.2783250236389339,299,9.576012694050416e-07,1.6436181738972664
174,1.0,50.0,0.0,0.1832977509276165,0.18325785394396318,0.2770718150006728,0.03989698365330696,0.05022481828927994,0.2499999701976776,0.249267578125,0.003435761434957385,0.2770718150006728,298,9.974217459093762e-07,1.661949995905161
175,1.0,50.0,0.0,0.1823372970243638,0.18229731941425256,0.2758277743017783,0.03997761011123657,0.04991481825709343,0.25,0.24951171875,0.0033912123180925846,0.2758277743017783,298,9.87787587681767e-07,1.6410130728036165
176,1.0,50.0,0.0,0.18139256230195946,0.1813525049818117,0.27459079238779754,0.04005732014775276,0.049609191715717316,0.2499999701976776,0.249755859375,0.0033494681119918823,0.27459079238779754,297,9.816174701378623e-07,1.6115696355700493
177,1.0,50.0,0.0,0.18046270714683108,0.18042257123050862,0.27335903615196033,0.04013591632246971,0.049307942390441895,0.25,0.24951171875,0.0033098941203206778,0.27335903615196033,297,9.692358731699637e-07,1.5999078191816807
178,1.0,50.0,0.0,0.17954716970973036,0.17950695628129265,0.2721445855416971,0.04021342843770981,0.049011074006557465,0.25,0.24951171875,0.0032719606533646584,0.2721445855416971,297,9.882064117326293e-07,1.6431794557720423
179,1.0,50.0,0.0,0.1786454806216935,0.1786051908061782,0.2709408600852133,0.04028981551527977,0.048718541860580444,0.2499999701976776,0.249267578125,0.003235332667827606,0.2709408600852133,297,9.678417370337496e-07,1.6187495943158865
180,1.0,50.0,0.0,0.17775715221503618,0.17771678686180953,0.2697395822849731,0.04036535322666168,0.04843030869960785,0.25,0.2490234375,0.003199899336323142,0.2697395822849731,297,9.730638925104804e-07,1.5944239664822817
181,1.0,50.0,0.0,0.17688190008441945,0.17684146025146386,0.26853999917996063,0.04043983295559883,0.04814630001783371,0.25,0.249267578125,0.003165761474519968,0.26853999917996063,297,9.769579863965935e-07,1.5907036382704973
182,1.0,50.0,0.0,0.17601929740844346,0.17597878438470937,0.2673412274108321,0.04051302373409271,0.047866445034742355,0.25,0.24951171875,0.0031331509817391634,0.2673412274108321,298,9.791384892442644e-07,1.6159310285001993
183,1.0,50.0,0.0,0.17516892326105482,0.17512833830941565,0.26614233546562294,0.040584951639175415,0.047590650618076324,0.25,0.249755859375,0.0031023258343338966,0.26614233546562294,299,9.797430958370319e-07,1.6248588245362043
184,1.0,50.0,0.0,0.17433030348671313,0.17428964773593184,0.2649422909914613,0.040655750781297684,0.04731881245970726,0.25,0.24853515625,0.0030734448228031397,0.2649422909914613,299,9.968266779262475e-07,1.6650694962590933
185,1.0,50.0,0.0,0.173503014537189,0.1734622890228963,0.2637400805718397,0.04072551429271698,0.047050826251506805,0.25,0.24951171875,0.003046478843316436,0.2637400805718397,300,9.891119254551613e-07,1.6557281110435724
186,1.0,50.0,0.0,0.1726866442498773,0.17264584978046119,0.26253474977311836,0.04079446941614151,0.04678657278418541,0.25,0.249755859375,0.003021146636456251,0.26253474977311836,300,9.932296779722918e-07,1.6481689549982548
187,1.0,50.0,0.0,0.17188090377319376,0.17184004032257716,0.2613255791605086,0.04086345061659813,0.046525925397872925,0.2499999701976776,0.24951171875,0.0029969329480081797,0.2613255791605086,300,9.829538451147212e-07,1.6033049654215574
188,1.0,50.0,0.0,0.17108562205042574,0.17104469045679901,0.26011217305925544,0.040931593626737595,0.0462687611579895,0.2499999850988388,0.249755859375,0.0029731502290815115,0.26011217305925544,300,9.635764572660414e-07,1.640459954738617
189,1.0,50.0,0.0,0.1703008434326739,0.17025984467578836,0.25889461729564917,0.040998756885528564,0.0460149422287941,0.25,0.249755859375,0.0029490357264876366,0.25889461729564917,300,9.642542584332234e-07,1.5803671292960644
190,1.0,50.0,0.0,0.16952680798674963,0.16948574201817654,0.25767349861869776,0.041065968573093414,0.04576432704925537,0.25,0.249755859375,0.002923905150964856,0.25767349861869776,300,9.743355082105374e-07,1.6397507805377245
191,1.0,50.0,0.0,0.1687638681465146,0.16872273610619276,0.2564498346883753,0.041132040321826935,0.04551676660776138,0.2499999850988388,0.249755859375,0.002897239290177822,0.2564498346883753,300,9.787153304108544e-07,1.698423609137535
192,1.0,50.0,0.0,0.1680125180804234,0.16797132056439928,0.2552250590571074,0.0411975160241127,0.04527212306857109,0.2499999850988388,0.24951171875,0.002868755254894495,0.2552250590571074,300,9.835376525996311e-07,1.6458344403654337
193,1.0,50.0,0.0,0.1672732621694945,0.1672320001053654,0.2540008304593891,0.04126206412911415,0.045030251145362854,0.25,0.248779296875,0.0028384134639054537,0.2540008304593891,300,9.875248650138117e-07,1.6725256647914648
194,1.0,50.0,0.0,0.16654661166113444,0.16650528614413568,0.2527789700025488,0.04132551699876785,0.04479101300239563,0.2499999701976776,0.2490234375,0.0028063571080565453,0.2527789700025488,300,9.910793352108956e-07,1.6302641443908215
195,1.0,50.0,0.0,0.16583304831166135,0.16579166044447885,0.2515613456063741,0.04138786718249321,0.044554274529218674,0.25,0.249755859375,0.0027728253044188023,0.2515613456063741,300,9.944957076472771e-07,1.635810362175107
196,1.0,50.0,0.0,0.16513301572905348,0.1650915666479008,0.2503498349399919,0.041449081152677536,0.044319916516542435,0.2499999701976776,0.249755859375,0.002738059964030981,0.2503498349399919,300,9.979777252622986e-07,1.5715438313782215
197,1.0,50.0,0.0,0.16444680239705262,0.16440529291031775,0.24915452645728844,0.041509486734867096,0.04408782720565796,0.25,0.24951171875,0.0027022359427064657,0.24915452645728844,301,9.826867894987925e-07,1.4832349438220263
198,1.0,50.0,0.0,0.16377475390706991,0.16373318434630368,0.248050848329903,0.04156956076622009,0.04385790601372719,0.25,0.249267578125,0.0026654391549527645,0.248050848329903,301,9.588509562856007e-07,1.4726764373481274
199,1.0,50.0,0.0,0.16311713737537778,0.16307550836270368,0.24695875902030126,0.041629012674093246,0.04363006353378296,0.2499999850988388,0.24951171875,0.0026276602875441313,0.24695875902030126,301,9.642993677737834e-07,1.6105917487293482
200,2.0,200.0,0.005,0.19933372713424247,0.19921182048492114,0.23282149544013173,0.04316844791173935,0.015747640281915665,0.2499999850988388,0.251220703125,0.006832654122263193,0.23282149544013173,304,9.651020411648137e-07,1.6979195959866047
201,2.0,200.0,0.005,0.1981317841891696,0.1980101588067164,0.231610891154777,0.043218545615673065,0.015681367367506027,0.2499999850988388,0.251708984375,0.006821256130933762,0.231610891154777,304,9.87513581589161e-07,1.6789201814681292
202,2.0,200.0,0.005,0.1967849434075272,0.19666354824987708,0.2302459304792949,0.043272122740745544,0.015624606981873512,0.25,0.251953125,0.0069147334434092045,0.2302459304792949,304,9.817072662160696e-07,1.6829256191849709
203,2.0,200.0,0.005,0.1952984937843595,0.19517728742814702,0.22872726567851123,0.04332753270864487,0.015575764700770378,0.2499999850988388,0.25146484375,0.007074161898344755,0.22872726567851123,304,9.874045693777638e-07,1.6757667306810617
204,2.0,200.0,0.005,0.19368343017140074,0.1935623784594391,0.227058726223991,0.04338407516479492,0.015533527359366417,0.2499999701976776,0.25146484375,0.00719204917550087,0.227058726223991,305,9.66671145478886e-07,1.6664277631789446
205,2.0,200.0,0.005,0.19197455225340715,0.19185362738106093,0.22526518366686868,0.043441399931907654,0.01549669448286295,0.25,0.25146484375,0.007133136503398418,0.22526518366686868,305,9.70973594532955e-07,1.6349836941808462
206,2.0,200.0,0.005,0.19023695799033843,0.1901161385539522,0.22339986818354232,0.043499089777469635,0.015464069321751595,0.25,0.25146484375,0.006808829493820667,0.22339986818354232,305,9.75347913511121e-07,1.6271511558443308
207,2.0,200.0,0.005,0.18855428753857126,0.18843355869845113,0.22153443327019526,0.043556615710258484,0.01543444488197565,0.2499999850988388,0.251708984375,0.006230391561985016,0.22153443327019526,305,9.933460495682377e-07,1.6137193348258734
208,2.0,200.0,0.005,0.18700288252011843,0.18688223547526606,0.21973505831992055,0.04361334070563316,0.015406740829348564,0.25,0.25146484375,0.005503910593688488,0.21973505831992055,305,9.945883446688499e-07,1.639328084886074
209,2.0,200.0,0.005,0.18562685344709592,0.18550628408665346,0.21803807063211444,0.043668635189533234,0.01538014505058527,0.25,0.250732421875,0.004772691056132317,0.21803807063211444,306,9.979214916338798e-07,1.650135112926364
210,2.0,200.0,0.005,0.18443158279261557,0.18431108954451053,0.21644196622627423,0.04372216761112213,0.0153542160987854,0.2499999850988388,0.251708984375,0.004144751466810703,0.21644196622627423,306,9.90970957522328e-07,1.6299299262464046
211,2.0,200.0,0.005,0.1833967049415731,0.18327628694246945,0.21491859621317194,0.04377397894859314,0.015328804031014442,0.2499999701976776,0.25146484375,0.003662043483927846,0.21491859621317194,306,9.863066595471508e-07,1.6394267100840807
212,2.0,200.0,0.005,0.1824943644510856,0.18237402056476978,0.2134319335117413,0.043824467808008194,0.015303883701562881,0.2499999701976776,0.251220703125,0.003313324647024274,0.2134319335117413,307,9.676582054427096e-07,1.6507639046758413
213,2.0,200.0,0.005,0.1817018563927151,0.18158158539822325,0.2119560213943503,0.043874189257621765,0.015279361046850681,0.25,0.251220703125,0.003058432601392269,0.2119560213943503,307,9.755531583985486e-07,1.668371632695198
214,2.0,200.0,0.005,0.18100528509068745,0.1808850866695072,0.21048915844317131,0.04392366111278534,0.015254952013492584,0.25,0.250732421875,0.002863029483705759,0.21048915844317131,307,9.965029022111533e-07,1.6133036371320486
215,2.0,200.0,0.005,0.18039426924344765,0.18027414384727047,0.209057219598702,0.04397447407245636,0.01523018442094326,0.25,0.2509765625,0.002724648918956518,0.209057219598702,307,9.66765299326057e-07,1.6510250959545374
216,2.0,200.0,0.005,0.1798541073698694,0.17973405913469884,0.20859509333160578,0.04402577504515648,0.015204492025077343,0.2499999850988388,0.251220703125,0.0026528730522841215,0.20859509333160578,307,9.839043678336071e-07,1.6229808516800404
217,2.0,200.0,0.005,0.17936448011607617,0.1792445156449893,0.2083625161785866,0.04407759755849838,0.015177374705672264,0.2499999850988388,0.251220703125,0.0026332878042012453,0.2083625161785866,307,9.977631254193607e-07,1.6729008611291647
218,2.0,200.0,0.005,0.17890482830870938,0.1787849548418079,0.2080531271640362,0.04413088783621788,0.015148515813052654,0.2499999701976776,0.25146484375,0.0026298381853848696,0.2080531271640362,307,9.92199171949922e-07,1.6565016843378544
219,2.0,200.0,0.005,0.17846002569012448,0.17834025276880816,0.20771193968521923,0.04418380558490753,0.015117823146283627,0.2499999850988388,0.251953125,0.002610707189887762,0.20771193968521923,307,9.931213905590296e-07,1.7043521273881197
220,2.0,200.0,0.005,0.1780224220753349,0.17790275952040027,0.20731547809495693,0.04423554986715317,0.015085401013493538,0.2499999850988388,0.251708984375,0.0025619191583245993,0.20731547809495693,307,9.917478919442795e-07,1.661703323945403
221,2.0,200.0,0.005,0.17759011362220925,0.177470570437683,0.20687928305406666,0.044285740703344345,0.015051488764584064,0.2499999850988388,0.251708984375,0.00248607131652534,0.20687928305406666,307,9.921276356103342e-07,1.6369167566299438
222,2.0,200.0,0.005,0.17716401407372237,0.1770445970023799,0.2064169655189056,0.044335056096315384,0.015016403049230576,0.25,0.25146484375,0.00239564199000597,0.2064169655189056,307,9.775894532524213e-07,1.6464242301881313
223,2.0,200.0,0.005,0.17674491528280784,0.17662562933330198,0.2059376892345486,0.04438348859548569,0.014980492182075977,0.25,0.2509765625,0.0023061828687787056,0.2059376892345486,307,9.873685270534015e-07,1.6372330151498318
224,2.0,200.0,0.005,0.1763318625733869,0.1762127123855667,0.2054450558487143,0.04442960023880005,0.01494411751627922,0.25,0.250732421875,0.002230849815532565,0.2054450558487143,307,9.96037424326514e-07,1.641567250713706
225,2.0,200.0,0.005,0.17592197411365312,0.1758029583883236,0.20493764809707696,0.04447757452726364,0.014907630160450935,0.25,0.25048828125,0.002177010988816619,0.20493764809707696,307,9.927670587402922e-07,1.6520648524165154
226,2.0,200.0,0.005,0.17551130614146468,0.17539242487117526,0.20441099579432104,0.04452443867921829,0.014871366322040558,0.2499999850988388,0.250732421875,0.0021448456682264805,0.20441099579432104,306,9.950751316553042e-07,1.6370128374546766
227,2.0,200.0,0.005,0.1750963287384255,0.17497758103096916,0.20386043584329458,0.044569503515958786,0.014835640788078308,0.25,0.25146484375,0.0021275223698467016,0.20386043584329458,306,9.796632066334246e-07,1.6661584842950106
228,2.0,200.0,0.005,0.17467541165833228,0.17455679349039546,0.20328407413605826,0.044614437967538834,0.014800745993852615,0.25,0.250732421875,0.002113719703629613,0.20328407413605826,306,9.906947067330676e-07,1.6525708064436913
229,2.0,200.0,0.005,0.17424949201653625,0.1741309960735115,0.20268454491162816,0.044661201536655426,0.01476694829761982,0.25,0.2509765625,0.002092910697683692,0.20268454491162816,306,9.967883608249072e-07,1.6595178749412298
230,2.0,200.0,0.005,0.1738215580146029,0.17370317873463176,0.20206868768833736,0.04470689594745636,0.014734476804733276,0.25,0.2509765625,0.0020611565560102463,0.20206868768833736,306,9.966468695113313e-07,1.6607557348906994
231,2.0,200.0,0.005,0.17339518713165178,0.17327691777102752,0.20144510851987743,0.04475174844264984,0.014703522436320782,0.25,0.2509765625,0.002023181179538369,0.20144510851987743,307,9.938622492818764e-07,1.5871341787278652
232,2.0,200.0,0.005,0.17297295030093307,0.17285478149800115,0.20082087097895374,0.04479767382144928,0.014674225822091103,0.2499999850988388,0.2509765625,0.0019877622835338116,0.20082087097895374,307,9.960541070802656e-07,1.621980182826519
233,2.0,200.0,0.005,0.17255583565329136,0.1724377577129838,0.2001995603995409,0.04484464228153229,0.014646659605205059,0.25,0.25146484375,0.0019602819811552763,0.2001995603995409,307,9.927956524956792e-07,1.6357890348881483
234,2.0,200.0,0.005,0.17214401619212244,0.17202601983753507,0.19958193629926516,0.04489229619503021,0.014620811678469181,0.2499999701976776,0.2509765625,0.0019390757661312819,0.19958193629926516,307,9.96043272671643e-07,1.6314379032701254
235,2.0,200.0,0.005,0.171738102679166,0.17162017942967545,0.1989683754763394,0.04494037479162216,0.014596574939787388,0.25,0.251220703125,0.0019184191478416324,0.1989683754763394,307,9.803652925203479e-07,1.6430075131356716
236,2.0,200.0,0.005,0.17133977059225589,0.17122191270577758,0.1984212411176921,0.04498911276459694,0.014573754742741585,0.2499999850988388,0.2509765625,0.001894360058940947,0.1984212411176921,307,9.810684121848819e-07,1.655434226617217
237,2.0,200.0,0.005,0.17095136312924056,0.17083356284320086,0.19820724880339535,0.0450398251414299,0.014552092179656029,0.2499999850988388,0.251220703125,0.001867861719802022,0.19820724880339535,307,9.970753769893565e-07,1.667838454246521
238,2.0,200.0,0.005,0.17057483032137566,0.17045708287857883,0.19797311570625967,0.04509078711271286,0.0145313311368227,0.2499999701976776,0.25146484375,0.0018431560602039099,0.19797311570625967,307,9.91475939890376e-07,1.6801133062690496
239,2.0,200.0,0.005,0.1702109537056759,0.1700932550772205,0.19771427892064727,0.0451422855257988,0.014511268585920334,0.25,0.251708984375,0.001823803293518722,0.19771427892064727,307,9.997763902783167e-07,1.6576187927275896
240,2.0,200.0,0.005,0.16985914014659192,0.1697414858220827,0.19742704076977044,0.045195337384939194,0.014491797424852848,0.2499999850988388,0.2509765625,0.0018098631408065557,0.19742704076977044,307,9.928263810614536e-07,1.620981751009822
241,2.0,200.0,0.005,0.16951801760488233,0.1694004049142175,0.1971090773448125,0.045248158276081085,0.014472906477749348,0.25,0.250732421875,0.0017975792288780212,0.1971090773448125,307,9.83924785730157e-07,1.684326933696866
242,2.0,200.0,0.005,0.1691861348564606,0.16906856101777962,0.19675975554411265,0.04530050605535507,0.014454666525125504,0.2499999850988388,0.250732421875,0.0017811014549806714,0.19675975554411265,307,9.844349287790324e-07,1.6595538277179003
243,2.0,200.0,0.005,0.16886273942376848,0.16874520118396158,0.19638048895942517,0.04535233974456787,0.014437180012464523,0.2499999701976776,0.2509765625,0.001754800439812243,0.19638048895942517,307,9.964726647717208e-07,1.6818874180316925
244,2.0,200.0,0.005,0.16854808380177294,0.1684305774383438,0.19597473223450398,0.04540364444255829,0.014420543797314167,0.25,0.251220703125,0.0017151741776615381,0.19597473223450398,307,9.921635576191303e-07,1.683341272175312
245,2.0,200.0,0.005,0.16824335198265553,0.16812587338660895,0.1955477031283674,0.04545453190803528,0.014404812827706337,0.25,0.251220703125,0.0016618494410067797,0.1955477031283674,308,9.96433983345177e-07,1.670898823067546
246,2.0,200.0,0.005,0.16795023364032263,0.16783277884888106,0.1951057647439899,0.045504823327064514,0.014389993622899055,0.25,0.251220703125,0.0015975483693182468,0.1951057647439899,308,9.850342379885898e-07,1.6592214275151491
247,2.0,200.0,0.005,0.1676703159156312,0.1675528813376148,0.19465556606801845,0.04555436596274376,0.014376042410731316,0.25,0.251220703125,0.0015271857846528292,0.19465556606801845,308,9.883910337842148e-07,1.6717003416270018
248,2.0,200.0,0.005,0.16740461204217633,0.16728719319699217,0.1942032779770498,0.04560444504022598,0.014362880028784275,0.25,0.251220703125,0.0014565237797796726,0.1942032779770498,308,9.907527270490524e-07,1.6682310216128826
249,2.0,200.0,0.005,0.1671533507289802,0.16703594436817515,0.1937540412301153,0.04565432667732239,0.01435040682554245,0.25,0.251220703125,0.0013909272383898497,0.1937540412301153,308,9.988028998427538e-07,1.6583641860634089
250,2.0,200.0,0.005,0.16691580296175063,0.16679840715283037,0.19331153571553522,0.04570320248603821,0.014338521286845207,0.2499999850988388,0.251220703125,0.001334478729404509,0.19331153571553522,308,9.927675580586144e-07,1.6884292680770159
251,2.0,200.0,0.005,0.1666905276581744,0.16657314100694903,0.19287800151751947,0.045750971883535385,0.014327135868370533,0.25,0.25146484375,0.0012897009728476405,0.19287800151751947,308,9.876310275554254e-07,1.6758649870753288
252,2.0,200.0,0.005,0.1664755924256098,0.16635821392811356,0.19245437828059178,0.045797593891620636,0.014316180720925331,0.25,0.25146484375,0.0012576605658978224,0.19245437828059178,308,9.992986535882654e-07,1.6823088005185127
253,2.0,200.0,0.005,0.16626873768599323,0.16615136658319823,0.19205397458234497,0.045843079686164856,0.014305604621767998,0.2499999850988388,0.250732421875,0.0012382697314023972,0.19205397458234497,308,9.9248394501182e-07,1.6891228463500738
254,2.0,200.0,0.005,0.16606767583436707,0.16595031143150668,0.19168682274479235,0.045887481421232224,0.014295384287834167,0.25,0.250732421875,0.0012306186836212873,0.19168682274479235,308,9.962358263035809e-07,1.6498396787792444
255,2.0,200.0,0.005,0.1658702177191497,0.16575285925067676,0.19147450600443514,0.045930907130241394,0.014285512268543243,0.25,0.25048828125,0.0012332298792898655,0.19147450600443514,308,9.994154260420772e-07,1.6828424111008644
256,2.0,200.0,0.005,0.16567440776981224,0.16555705429322828,0.19126877922810132,0.045973487198352814,0.014275997877120972,0.25,0.25,0.0012442102888599038,0.19126877922810132,308,9.98442024858914e-07,1.6625947654247284
257,2.0,200.0,0.005,0.16547863681490177,0.16536128711203688,0.19108141983317417,0.04601540416479111,0.014266859740018845,0.25,0.249755859375,0.0012613254366442561,0.19108141983317417,309,9.780745942083019e-07,1.636333767324686
258,2.0,200.0,0.005,0.16528165283696217,0.16516430543632668,0.19088951058833828,0.04605681821703911,0.014258116483688354,0.2499999850988388,0.24951171875,0.0012820493429899216,0.19088951058833828,309,9.792909721520566e-07,1.7207685206085443
259,2.0,200.0,0.005,0.16508261541668842,0.16496526839230727,0.19069136273236542,0.04609812796115875,0.014249779284000397,0.2499999850988388,0.249267578125,0.0013036431046202779,0.19069136273236542,309,9.809525098035022e-07,1.6631469521671534
260,2.0,200.0,0.005,0.16488118494745446,0.16476383642364395,0.19048591618553815,0.04613929241895676,0.014241846278309822,0.25,0.2490234375,0.001323317876085639,0.19048591618553815,309,9.832637223282611e-07,1.6654105205088854
261,2.0,200.0,0.005,0.16467752031563787,0.16456016838411808,0.19027262217693897,0.04618047922849655,0.014234290458261967,0.2499999850988388,0.24853515625,0.0013384385965764523,0.19027262217693897,309,9.902657770487803e-07,1.6862734071910381
262,2.0,200.0,0.005,0.16447221391608471,0.16435485684273296,0.19005143813537045,0.046221788972616196,0.014227056875824928,0.25,0.24853515625,0.0013468281831592321,0.19005143813537045,308,9.999570560193012e-07,1.6959142982959747
263,2.0,200.0,0.005,0.16426626772621278,0.16414890427888934,0.1898228734892116,0.04626314342021942,0.014220060780644417,0.2499999850988388,0.248046875,0.0013470305129885674,0.1898228734892116,308,9.966785686350292e-07,1.6868102587759495
264,2.0,200.0,0.005,0.1640610971382119,0.16394372669293064,0.18958807169428832,0.04630451649427414,0.014213185757398605,0.25,0.248046875,0.0013384976191446185,0.18958807169428832,308,9.956819475416684e-07,1.6969224102795124
265,2.0,200.0,0.005,0.16385829428518944,0.16374091696209095,0.18934861835084008,0.04634582996368408,0.014206298626959324,0.25,0.248291015625,0.001321611925959587,0.18934861835084008,308,9.996626290950748e-07,1.676486223936081
266,2.0,200.0,0.005,0.16365938160480867,0.1635419982011051,0.18910632278867198,0.04638714715838432,0.014199251309037209,0.25,0.24853515625,0.0012975223362445831,0.18910632278867198,308,9.730727571429106e-07,1.7050432786345482
267,2.0,200.0,0.005,0.16346586306886435,0.16334847548165976,0.18886328312131073,0.04642811790108681,0.014191893860697746,0.2499999850988388,0.2490234375,0.001267875893972814,0.18886328312131073,308,9.95340655712963e-07,1.7354683876037598
268,2.0,200.0,0.005,0.1632789404923528,0.1631615514560103,0.1886215739592829,0.046468570828437805,0.014184093102812767,0.2499999850988388,0.2490234375,0.0012344981078058481,0.1886215739592829,308,9.947343376877005e-07,1.695547180250287
269,2.0,200.0,0.005,0.16309955122502062,0.16298216424131307,0.18838323152147296,0.0465082973241806,0.014175737276673317,0.25,0.24951171875,0.0011991579085588455,0.18838323152147296,308,9.997266914060963e-07,1.6924349628388882
270,2.0,200.0,0.005,0.16292825297069694,0.16281087217003995,0.18815005513189384,0.046547092497348785,0.014166741631925106,0.25,0.249755859375,0.0011634203838184476,0.18815005513189384,307,9.992949199898802e-07,1.726802371442318
271,2.0,200.0,0.005,0.16276534775873114,0.1626479777157812,0.1879236468293929,0.046584758907556534,0.01415705680847168,0.2499999850988388,0.249755859375,0.0011285904329270124,0.1879236468293929,307,9.93338879943824e-07,1.6741927117109299
272,2.0,200.0,0.005,0.16261078113017735,0.1624934266840866,0.18770518891604807,0.04662114381790161,0.014146660454571247,0.25,0.25,0.0010956880869343877,0.18770518891604807,307,9.949911643753048e-07,1.7687304802238941
273,2.0,200.0,0.005,0.16246429313301566,0.16234695920582387,0.1874955195761393,0.046656131744384766,0.01413555908948183,0.25,0.250244140625,0.0010654446668922901,0.1874955195761393,307,9.955378861326407e-07,1.6854108162224293
274,2.0,200.0,0.005,0.16232544359981219,0.16220813510890256,0.18729508620251684,0.04668959230184555,0.014123779721558094,0.2499999850988388,0.25048828125,0.0010383020853623748,0.18729508620251684,307,9.948340835861608e-07,1.8287884797900915
275,2.0,200.0,0.005,0.16219360645862502,0.16207632818913292,0.18710390603279753,0.0467214435338974,0.01411136519163847,0.25,0.250244140625,0.0010144218103960156,0.18710390603279753,307,9.934550116495272e-07,1.7468435000628233
276,2.0,200.0,0.005,0.16206813523334487,0.1619508917589955,0.18692174481972032,0.04675164073705673,0.014098366722464561,0.2499999850988388,0.25,0.0009937307331711054,0.18692174481972032,307,9.94699449150802e-07,1.705627841874957
277,2.0,200.0,0.005,0.1619483053115128,0.1618311009415357,0.1867480830150425,0.046780169010162354,0.014084840193390846,0.25,0.25,0.0009759796666912735,0.1867480830150425,307,9.988326253812787e-07,1.7645041048526764
278,2.0,200.0,0.005,0.16183343088619181,0.16171626962899932,0.186582282738827,0.04680703580379486,0.014070844277739525,0.25,0.250244140625,0.0009608152904547751,0.186582282738827,307,9.995575463805788e-07,1.7281033471226692
279,2.0,200.0,0.005,0.1617228435983623,0.1616057291438545,0.18642361158167167,0.04683227092027664,0.014056436717510223,0.25,0.250732421875,0.0009478442370891571,0.18642361158167167,307,9.980921784440185e-07,1.721486210823059
280,2.0,200.0,0.005,0.16161598733433452,0.16149892305203645,0.18627138941990123,0.04685593396425247,0.01404166966676712,0.25,0.25048828125,0.0009366825106553733,0.18627138941990123,308,9.932966815283137e-07,1.757371623069048
281,2.0,200.0,0.005,0.16151233809587173,0.16139532702096365,0.18612492845000903,0.046878084540367126,0.014026598073542118,0.2499999850988388,0.250732421875,0.0009269827278330922,0.18612492845000903,308,9.90324469168812e-07,1.73765492066741
282,2.0,200.0,0.005,0.1614114794262281,0.16129452432660074,0.18598364345576102,0.04689878970384598,0.014011261984705925,0.2499999850988388,0.25048828125,0.0009184478549286723,0.18598364345576102,308,9.87573393841364e-07,1.82320561632514
283,2.0,200.0,0.005,0.16131300881982302,0.16119611215509927,0.1858469656064091,0.04691813886165619,0.013995705172419548,0.2499999850988388,0.25048828125,0.0009108319645747542,0.1858469656064091,308,9.851083151309455e-07,1.7552815824747086
284,2.0,200.0,0.005,0.16121667416238777,0.16109983812117568,0.18571449059756037,0.04693622142076492,0.013979963958263397,0.25,0.250244140625,0.0009039362776093185,0.18571449059756037,308,9.829517832842457e-07,1.7805502712726593
285,2.0,200.0,0.005,0.1611222081102131,0.161005434627801,0.1855858094755656,0.046953123062849045,0.013964071869850159,0.2499999701976776,0.25048828125,0.0008975988603197038,0.1855858094755656,308,9.811151485326979e-07,1.6995731387287378
286,2.0,200.0,0.005,0.1610294271695564,0.16091271794467665,0.18546061063253633,0.046968940645456314,0.013948056846857071,0.25,0.250732421875,0.0008916889200918376,0.18546061063253633,308,9.97401410957158e-07,1.785386972129345
287,2.0,200.0,0.005,0.16093816718453277,0.1608215236989196,0.1853386110255398,0.04698377475142479,0.0139319421723485,0.25,0.25048828125,0.0008860991219989955,0.1853386110255398,308,9.783422728653687e-07,1.7498706299811602
288,2.0,200.0,0.005,0.16084832037040414,0.160731743941879,0.18521958910614547,0.04699769616127014,0.013915746472775936,0.25,0.25048828125,0.0008807400590740144,0.18521958910614547,308,9.844483970491948e-07,1.733752841129899
289,2.0,200.0,0.005,0.16075977740862446,0.1606432691817828,0.18510332286955394,0.04701077565550804,0.013899490237236023,0.25,0.25048828125,0.0008755349554121494,0.18510332286955394,308,9.95972510912038e-07,1.7310572769492865
290,2.0,200.0,0.005,0.16067248203636558,0.16055604300958518,0.18498964673293566,0.047023117542266846,0.013883181847631931,0.2499999850988388,0.25,0.0008704193751327693,0.18498964673293566,308,9.877046831941192e-07,1.7316918205469847
291,2.0,200.0,0.005,0.16058636285285388,0.16046999392765496,0.18487837332166818,0.04703476279973984,0.013866832479834557,0.2499999850988388,0.25,0.0008653373224660754,0.18487837332166818,308,9.782103473798235e-07,1.7145338580012321
292,2.0,200.0,0.005,0.1605013748094483,0.16038507676534788,0.1847693416898944,0.04704578220844269,0.01385045237839222,0.25,0.250244140625,0.0008602415327914059,0.1847693416898944,308,9.755551651524186e-07,1.6294224578887224
293,2.0,200.0,0.005,0.16041753636194198,0.16030130992723432,0.18466245203796391,0.04705621302127838,0.013834044337272644,0.25,0.25048828125,0.0008550917846150696,0.18466245203796391,308,9.849049804087548e-07,1.5644573532044888
294,2.0,200.0,0.005,0.1603347586913752,0.1602186045254367,0.18455748763409896,0.04706611484289169,0.01381761021912098,0.25,0.25048828125,0.0008498543757013977,0.18455748763409896,308,9.940700290038825e-07,1.5672502517700195
295,2.0,200.0,0.005,0.16025307713990256,0.16013699584064228,0.18445435841261468,0.0470755398273468,0.013801151886582375,0.2499999850988388,0.250244140625,0.0008445036364719272,0.18445435841261468,308,9.733345923141567e-07,1.6253554113209248
296,2.0,200.0,0.005,0.1601724741022026,0.16005646625449113,0.1843529195959263,0.0470845103263855,0.01378466747701168,0.25,0.250244140625,0.0008390206494368613,0.1843529195959263,308,9.72709000756542e-07,1.7641505729407072
297,2.0,200.0,0.005,0.16009295865676013,0.1599770248128718,0.1842530504909052,0.04709306359291077,0.013768156059086323,0.2499999701976776,0.250244140625,0.0008333928999491036,0.1842530504909052,308,9.976462305487115e-07,1.7363088205456734
298,2.0,200.0,0.005,0.1600145146458479,0.15989865534967507,0.18415460684952883,0.0471012219786644,0.013751614838838577,0.2499999850988388,0.250244140625,0.0008276140433736145,0.18415460684952883,308,9.881858565533754e-07,1.710301784798503
299,2.0,200.0,0.005,0.15993717197976215,0.15982138776681526,0.184057496273138,0.047109007835388184,0.01373504102230072,0.2499999850988388,0.25048828125,0.0008216833230108023,0.184057496273138,308,9.816113244291453e-07,1.7626819014549255
300,2.0,200.0,0.005,0.15986091969366514,0.15974521109852335,0.18396158962265538,0.04711643606424332,0.013718431815505028,0.2499999850988388,0.25048828125,0.0008156047551892698,0.18396158962265538,308,9.892681624808412e-07,1.7100428231060505
301,2.0,200.0,0.005,0.1597857747368314,0.15967014228569198,0.18386679272589215,0.04712352901697159,0.013701784424483776,0.2499999701976776,0.250244140625,0.000809385790489614,0.18386679272589215,308,9.967344520260649e-07,1.7853793445974588
302,2.0,200.0,0.005,0.159711736515351,0.15959618075769433,0.18377300179007452,0.047130286693573,0.013685094192624092,0.2499999701976776,0.25,0.0008030364406295121,0.18377300179007452,308,9.753783692897429e-07,1.6825717072933912
303,2.0,200.0,0.005,0.15963880141581932,0.15952332290019433,0.18368012110971993,0.04713672399520874,0.013668358325958252,0.25,0.25,0.0007965677650645375,0.18368012110971993,308,9.858642551974946e-07,1.7483259197324514
304,2.0,200.0,0.005,0.15956701842587726,0.15945161769990163,0.18358812204043,0.047142837196588516,0.01365157775580883,0.2499999701976776,0.250244140625,0.0007899932679720223,0.18358812204043,308,9.975724067555693e-07,1.6667203959077597
305,2.0,200.0,0.005,0.15949633064372962,0.15938100826619692,0.18349687435222334,0.047148652374744415,0.01363474503159523,0.2499999850988388,0.25,0.0007833236595615745,0.18349687435222334,308,9.819404025717554e-07,1.7415246777236462
306,2.0,200.0,0.005,0.15942678591718035,0.15931154243291423,0.1834063721159622,0.047154150903224945,0.013617866672575474,0.2499999850988388,0.25,0.000776571047026664,0.1834063721159622,308,9.88345767475177e-07,1.7211310863494873
307,2.0,200.0,0.005,0.15935834621283174,0.1592431821769005,0.18331652987238528,0.047159355133771896,0.013600936159491539,0.2499999850988388,0.250244140625,0.0007697457331232727,0.18331652987238528,308,9.946036439204791e-07,1.733435120433569
308,2.0,200.0,0.005,0.1592910182009861,0.159175934110716,0.18322732310623224,0.04716429486870766,0.013583959080278873,0.2499999850988388,0.25,0.0007628562743775547,0.18322732310623224,307,9.983928733402954e-07,1.7535122577100992
309,2.0,200.0,0.005,0.15922481595398186,0.15910981232718824,0.18313874806460176,0.04716895893216133,0.013566933572292328,0.25,0.250244140625,0.0007559136720374227,0.18313874806460176,307,9.966282697014577e-07,1.8064631670713425
310,2.0,200.0,0.005,0.15915970159026385,0.15904477894662472,0.18305075318942773,0.047173336148262024,0.013549861498177052,0.2499999850988388,0.25048828125,0.000748923746868968,0.18305075318942773,307,9.962840993779852e-07,1.7581217642873526
311,2.0,200.0,0.005,0.1590957026523874,0.15898086148364107,0.1829633718204536,0.047177426517009735,0.013532748445868492,0.2499999850988388,0.250244140625,0.0007418947061523795,0.1829633718204536,307,9.968650671920384e-07,1.6880026925355196
312,2.0,200.0,0.005,0.15903277643987188,0.15891801722564944,0.18287656906696695,0.04718123748898506,0.013515595346689224,0.2499999850988388,0.250732421875,0.0007348320796154439,0.18287656906696695,307,9.920964488806392e-07,1.698707738891244
313,2.0,200.0,0.005,0.1589709281951701,0.15885625140672083,0.18279037025447775,0.0471847727894783,0.013498403131961823,0.2499999850988388,0.250732421875,0.0007277427357621491,0.18279037025447775,307,9.987524328162047e-07,1.6875309441238642
314,2.0,200.0,0.005,0.15891015257176364,0.1587955586253887,0.18270479739862008,0.047188036143779755,0.013481182046234608,0.25,0.25048828125,0.0007206333684735,0.18270479739862008,307,9.96314662207302e-07,1.673834901303053
315,2.0,200.0,0.005,0.15885041826024754,0.15873590757504208,0.18261985182758655,0.047191038727760315,0.013463929295539856,0.2499999850988388,0.25048828125,0.0007135096238926053,0.18261985182758655,307,9.938582260136648e-07,1.6401706952601671
316,2.0,200.0,0.005,0.158791742100339,0.15867731505162602,0.1825355911757033,0.047193773090839386,0.013446655124425888,0.25,0.25,0.0007063786033540964,0.1825355911757033,307,9.913844193955168e-07,1.640441332012415
317,2.0,200.0,0.005,0.15873410158070042,0.15861975851306928,0.182452036702329,0.04719626531004906,0.013429360464215279,0.25,0.25,0.0006992467679083347,0.182452036702329,307,9.922994811895909e-07,1.6200867556035519
318,2.0,200.0,0.005,0.15867748905095197,0.15856323028291502,0.18236922717633058,0.04719850420951843,0.013412052765488625,0.2499999701976776,0.25,0.0006921207532286644,0.18236922717633058,307,9.949528981670506e-07,1.661243038251996
319,2.0,200.0,0.005,0.1586218652457735,0.15850769105113954,0.1822871717055786,0.0472005158662796,0.013394735753536224,0.2499999850988388,0.249755859375,0.0006850070203654468,0.1822871717055786,307,9.993515143138168e-07,1.6298451740294695
320,2.0,200.0,0.005,0.15856725248535858,0.15845316311837868,0.18220594745925592,0.04720229655504227,0.013377414084970951,0.25,0.249755859375,0.0006779133109375834,0.18220594745925592,307,9.99708345124471e-07,1.628053329885006
321,2.0,200.0,0.005,0.1585136188299949,0.1583996145179118,0.18212557313484362,0.047203850001096725,0.013360092416405678,0.25,0.249755859375,0.0006708456203341484,0.18212557313484362,307,9.78861481451736e-07,1.6045075561851263
322,2.0,200.0,0.005,0.15846096315414585,0.1583470440869493,0.18204610057050624,0.04720519483089447,0.013342774473130703,0.2499999701976776,0.249755859375,0.0006638112827204168,0.18204610057050624,307,9.763546039033147e-07,1.601681550964713
323,2.0,200.0,0.005,0.15840925369742814,0.15829542002878638,0.18196755049654947,0.0472063347697258,0.013325466774404049,0.25,0.249267578125,0.0006568162934854627,0.18196755049654947,307,9.738585556757045e-07,1.626436797901988
324,2.0,200.0,0.005,0.1583584922978125,0.1582447441422782,0.18188997582777183,0.04720728099346161,0.013308174908161163,0.25,0.249267578125,0.0006498677539639175,0.18188997582777183,307,9.913730582389336e-07,1.6319175697863102
325,2.0,200.0,0.005,0.15830865155704307,0.15819498899843532,0.18181339899890364,0.047208040952682495,0.01329090353101492,0.2499999850988388,0.24951171875,0.000642971193883568,0.18181339899890364,307,9.751069715684074e-07,1.6205074526369572
326,2.0,200.0,0.005,0.1582597276743427,0.1581461507964805,0.1817378648745627,0.04720861464738846,0.013273652642965317,0.2499999850988388,0.249755859375,0.0006361328414641321,0.1817378648745627,307,9.926410052842105e-07,1.6690944861620665
327,2.0,200.0,0.005,0.15821172804829162,0.158098236874458,0.1816634266678686,0.04720902070403099,0.013256430625915527,0.2499999850988388,0.249755859375,0.00062935845926404,0.1816634266678686,307,9.813294043505668e-07,1.632708452641964
328,2.0,200.0,0.005,0.15816460336584992,0.15805119790163286,0.18159007459519805,0.04720926284790039,0.013239240273833275,0.2499999701976776,0.249755859375,0.0006226524128578603,0.18159007459519805,307,9.91275904082417e-07,1.6283612940460443
329,2.0,200.0,0.005,0.15811834000327146,0.15800502022445656,0.18151783556008724,0.047209352254867554,0.013222085312008858,0.2499999701976776,0.249755859375,0.000616020115558058,0.18151783556008724,307,9.927539651850126e-07,1.6466079279780388
330,2.0,200.0,0.005,0.15807295326404094,0.1579597191175428,0.18144676278154817,0.04720928519964218,0.013204972259700298,0.25,0.25,0.0006094662239775062,0.18144676278154817,307,9.738489901751047e-07,1.5974839646369219
331,2.0,200.0,0.005,0.15802839879957628,0.15791525020157587,0.1813768419582295,0.04720908775925636,0.013187902048230171,0.2499999850988388,0.250244140625,0.0006029942305758595,0.1813768419582295,307,9.54936196363345e-07,1.6191339772194624
332,2.0,200.0,0.005,0.15798467083384135,0.1578716076735113,0.181308098584285,0.0472087636590004,0.01317087933421135,0.2499999701976776,0.25,0.0005966069875285029,0.181308098584285,307,9.86662562904766e-07,1.6160721443593502
333,2.0,200.0,0.005,0.15794173674459852,0.1578287587574432,0.18124052320643774,0.04720844328403473,0.013153908774256706,0.25,0.25,0.0005903106066398323,0.18124052320643774,307,9.982154776763077e-07,1.6154694817960262
334,2.0,200.0,0.005,0.15789961537588612,0.15778672241848188,0.18117416253341007,0.047207996249198914,0.01313699223101139,0.2499999850988388,0.25,0.0005841075326316059,0.18117416253341007,307,9.974366149458184e-07,1.6183897722512484
335,2.0,200.0,0.005,0.15785828154534884,0.15774547343329376,0.1811090083220075,0.04720744490623474,0.013120133429765701,0.2499999850988388,0.25,0.0005780006176792085,0.1811090083220075,307,9.943214072643704e-07,1.6194252278655767
336,2.0,200.0,0.005,0.15781769515401403,0.15770497169173042,0.18104503503340347,0.047206781804561615,0.013103336095809937,0.25,0.25,0.0005719921318814158,0.18104503503340347,307,9.940128647640343e-07,1.626439006999135
337,2.0,200.0,0.005,0.15777786225941928,0.1576652232364282,0.18098226586204508,0.04720602184534073,0.013086600229144096,0.25,0.250244140625,0.0005660850438289344,0.18098226586204508,307,9.883855882259784e-07,1.6464195232838392
338,2.0,200.0,0.005,0.15773875633113485,0.15762620149225395,0.1809530373079443,0.04720517247915268,0.013069933280348778,0.25,0.250244140625,0.0005602814489975572,0.1809530373079443,307,9.855672959801636e-07,1.6413069441914558
339,2.0,200.0,0.005,0.15770035078533756,0.15758787978597746,0.1809427690573898,0.04720432311296463,0.01305333524942398,0.25,0.250244140625,0.0005545828607864678,0.1809427690573898,307,9.828499572513877e-07,1.6534064542502165
340,2.0,200.0,0.005,0.15766265488339964,0.15755026738828423,0.1809324392564094,0.04720345512032509,0.013036807999014854,0.25,0.25,0.0005489921313710511,0.1809324392564094,307,9.80233284926335e-07,1.6070877872407436
341,2.0,200.0,0.005,0.15762565287699043,0.15751334858343988,0.18092201854275802,0.04720251262187958,0.013020356185734272,0.25,0.25,0.0005435105413198471,0.18092201854275802,307,9.77717599697729e-07,1.6522992197424173
342,2.0,200.0,0.005,0.1575893014590379,0.15747708006344105,0.1809114557676736,0.0472014918923378,0.013003980740904808,0.25,0.25,0.0005381389055401087,0.1809114557676736,307,9.81972466682938e-07,1.6466560121625662
343,2.0,200.0,0.005,0.15755358097310782,0.1574414421392572,0.18090072197173465,0.047200411558151245,0.012987684458494186,0.25,0.249755859375,0.0005328779807314277,0.18090072197173465,306,9.962791591162415e-07,1.6506416387856007
344,2.0,200.0,0.005,0.15751852029086666,0.1574064636769669,0.18088984644375575,0.04719926789402962,0.012971469201147556,0.2499999701976776,0.25,0.0005277293967083097,0.18088984644375575,306,9.985410073288288e-07,1.6327161211520433
345,2.0,200.0,0.005,0.1574840551657441,0.15737208039554085,0.18087876028292876,0.0471980907022953,0.012955335900187492,0.2499999701976776,0.25,0.0005226931534707546,0.18087876028292876,306,9.977378257875813e-07,1.635920662432909
346,2.0,200.0,0.005,0.15745018491443702,0.15733829155579665,0.18086746170835785,0.04719691723585129,0.012939288280904293,0.2499999850988388,0.249755859375,0.0005177695420570672,0.18086746170835785,307,9.915334579707617e-07,1.6168044079095125
347,2.0,200.0,0.005,0.15741691744444564,0.15730510510807527,0.18085596472158785,0.04719569534063339,0.012923328205943108,0.25,0.249755859375,0.0005129590281285346,0.18085596472158785,307,9.882446938875164e-07,1.6216869819909334
348,2.0,200.0,0.005,0.15738419347360566,0.15727246176928117,0.18084421054351033,0.04719443991780281,0.012907452881336212,0.2499999850988388,0.249755859375,0.0005082606221549213,0.18084421054351033,307,9.850814137705759e-07,1.6391900833696127
349,2.0,200.0,0.005,0.15735201980131405,0.15724036830994026,0.18083221315384726,0.047193147242069244,0.012891668826341629,0.2499999850988388,0.249755859375,0.0005036744405515492,0.18083221315384726,307,9.820336333945825e-07,1.6066209767013788
350,4.0,500.0,0.01,0.16410224551816374,0.1639949448995003,0.17649871226616878,0.04722065478563309,0.006007996387779713,0.2499999701976776,0.249755859375,0.0011527304304763675,0.17649871226616878,305,9.868344467543625e-07,1.5077384430915117
351,4.0,500.0,0.01,0.16405302662010623,0.1639458616485758,0.17644676325411193,0.047220561653375626,0.005994440987706184,0.2499999850988388,0.249755859375,0.001097614411264658,0.17644676325411193,305,9.528489717812515e-07,1.5309561137109995
352,4.0,500.0,0.01,0.16399304425849265,0.16388602719588824,0.17637251955758682,0.04722198098897934,0.0059795081615448,0.2499999701976776,0.249755859375,0.001012792345136404,0.17637251955758682,305,9.540886179788675e-07,1.5892489235848188
353,4.0,500.0,0.01,0.1639283850667794,0.16382152570502653,0.17628305683322715,0.0472247377038002,0.00596346240490675,0.2499999701976776,0.249755859375,0.0009115068824030459,0.17628305683322715,305,9.972879984617726e-07,1.61573376506567
354,4.0,500.0,0.01,0.16386436336853907,0.16375766842713013,0.1761851466854336,0.04722866788506508,0.005946627352386713,0.25,0.25,0.0008106294553726912,0.1761851466854336,305,9.933135412391297e-07,1.5692153107374907
355,4.0,500.0,0.01,0.16380448173445294,0.16369795438919793,0.17608465389474168,0.04723367840051651,0.005929366685450077,0.25,0.249755859375,0.0007246093009598553,0.17608465389474168,305,9.881212821302394e-07,1.529631095007062
356,4.0,500.0,0.01,0.16375022791686955,0.16364386760804359,0.17598619527027315,0.04723969101905823,0.005912061780691147,0.25,0.25,0.000660048914141953,0.17598619527027315,305,9.946698980211805e-07,1.5900893919169903
357,4.0,500.0,0.01,0.16370157012020642,0.16359537278631175,0.1758930557910174,0.04724663123488426,0.005895070265978575,0.2499999850988388,0.249755859375,0.000615122087765485,0.1758930557910174,305,9.97105294700336e-07,1.5249907746911049
358,4.0,500.0,0.01,0.16365779321115026,0.16355175201069125,0.17580741024355906,0.04725438728928566,0.005878681316971779,0.2499999850988388,0.24951171875,0.0005833993782289326,0.17580741024355906,305,9.82285680464361e-07,1.5547833684831858
359,4.0,500.0,0.01,0.1636179476850585,0.16351205399212548,0.17573038873267166,0.047262825071811676,0.00586308678612113,0.2499999850988388,0.2490234375,0.0005582140292972326,0.17573038873267166,305,9.853824376070063e-07,1.5491796601563692
360,4.0,500.0,0.01,0.16358130524398237,0.16347554977142661,0.17566243341340781,0.04727175831794739,0.005848371423780918,0.2499999701976776,0.2490234375,0.0005349694401957095,0.17566243341340781,305,9.882431476795972e-07,1.5134381502866745
361,4.0,500.0,0.01,0.16354729615929234,0.1634416694662969,0.1756033449306833,0.047281354665756226,0.005834533832967281,0.25,0.249267578125,0.0005114192608743906,0.1756033449306833,305,9.93270850197627e-07,1.5405495893210173
362,4.0,500.0,0.01,0.1635156861155288,0.16341017846791017,0.17555266486070806,0.04729258269071579,0.00582150649279356,0.2499999850988388,0.24951171875,0.00048722297651693225,0.17555266486070806,305,9.95595994610826e-07,1.499483846127987
363,4.0,500.0,0.01,0.16348627985198624,0.16338088421825894,0.17550961300943904,0.04730371758341789,0.0058091916143894196,0.2499999701976776,0.249755859375,0.00046300198300741613,0.17550961300943904,305,9.95684557194645e-07,1.5073050800710917
364,4.0,500.0,0.01,0.16345896176280017,0.1633536723799401,0.1754733140717191,0.04731454327702522,0.005797483958303928,0.2499999850988388,0.25,0.0004398156306706369,0.1754733140717191,305,9.978154728895726e-07,1.530445158481598
365,4.0,500.0,0.01,0.163433689843901,0.1633285020869603,0.17544293351311233,0.047324880957603455,0.005786287598311901,0.2499999701976776,0.25,0.00041866584797389805,0.17544293351311233,305,9.99775661800962e-07,1.556108644232154
366,4.0,500.0,0.01,0.16341029225017503,0.16330520240597055,0.17541756350409404,0.04733457788825035,0.0057755266316235065,0.25,0.250244140625,0.0004002149507869035,0.17541756350409404,306,9.982598876179115e-07,1.5118444245308638
367,4.0,500.0,0.01,0.16338862886664868,0.163283633824563,0.17539641879222354,0.04734356701374054,0.005765147507190704,0.2499999850988388,0.250244140625,0.0003847111947834492,0.17539641879222354,306,9.98653001222724e-07,1.5496472474187613
368,4.0,500.0,0.01,0.16336852014479675,0.1632636172337968,0.1753787817713986,0.04735179990530014,0.005755111109465361,0.2499999850988388,0.250244140625,0.0003720402892213315,0.1753787817713986,306,9.979858868422754e-07,1.5381939467042685
369,4.0,500.0,0.01,0.1633497563193473,0.16324494319622546,0.1753639981161328,0.047359172254800797,0.005745395086705685,0.2499999850988388,0.250244140625,0.00036183735937811434,0.1753639981161328,306,9.967422555914183e-07,1.5455636177212
370,4.0,500.0,0.01,0.1633321660073722,0.16322744045092408,0.17535153465976352,0.047365687787532806,0.005735986866056919,0.2499999850988388,0.25048828125,0.00035362839116714895,0.17535153465976352,306,9.980756169515251e-07,1.559436036273837
371,4.0,500.0,0.01,0.16331555141355933,0.1632109112705672,0.17534089440294917,0.04737137630581856,0.0057268766686320305,0.2499999850988388,0.25048828125,0.000346930610248819,0.17534089440294917,306,9.937416767806883e-07,1.531647553667426
372,4.0,500.0,0.01,0.16329976091794188,0.16319520401656146,0.17533168141984998,0.04737631231546402,0.005718058906495571,0.25,0.25048828125,0.00034132134169340134,0.17533168141984998,306,9.92269615932075e-07,1.5331117361783981
373,4.0,500.0,0.01,0.16328467145903444,0.16318019571682846,0.17532356397264878,0.047380480915308,0.005709526129066944,0.2499999850988388,0.250244140625,0.00033645748044364154,0.17532356397264878,306,9.926633116919423e-07,1.553295325487852
374,4.0,500.0,0.01,0.16327014298854975,0.16316574631190509,0.1753162298540763,0.04738394916057587,0.005701272748410702,0.2499999850988388,0.250244140625,0.00033208137028850615,0.1753162298540763,306,9.896015597191332e-07,1.5363700613379478
375,4.0,500.0,0.01,0.16325611481402416,0.1631517950385471,0.17530946971316072,0.047386862337589264,0.005693291313946247,0.2499999850988388,0.250244140625,0.00032801448833197355,0.17530946971316072,306,9.884253906899152e-07,1.5305893495678902
376,4.0,500.0,0.01,0.16324251127505526,0.16313826635556147,0.17530308493142194,0.047389157116413116,0.0056855762377381325,0.2499999850988388,0.250244140625,0.0003241360536776483,0.17530308493142194,306,9.873612423116648e-07,1.5441118851304054
377,4.0,500.0,0.01,0.16322928785670174,0.16312511574614416,0.17529692432707275,0.0473909005522728,0.005678121000528336,0.25,0.250244140625,0.00032037164783105254,0.17529692432707275,306,9.864145041410059e-07,1.5377645622938871
378,4.0,500.0,0.01,0.16321638032432131,0.16311227898030958,0.17529084097167236,0.04739214852452278,0.005670919548720121,0.2499999850988388,0.250244140625,0.0003166791284456849,0.17529084097167236,306,9.898217674777947e-07,1.5369054842740297
379,4.0,500.0,0.01,0.16320377701695654,0.16309974430117402,0.17528475429630389,0.047393038868904114,0.005663967691361904,0.2499999850988388,0.250244140625,0.0003130381810478866,0.17528475429630389,306,9.935520901020179e-07,1.5442382041364908
380,4.0,500.0,0.01,0.16319142593780564,0.16308745966443822,0.17527856035057357,0.047393642365932465,0.005657263100147247,0.25,0.250244140625,0.0003094467392656952,0.17527856035057357,306,9.96762984159769e-07,1.5299682766199112
381,4.0,500.0,0.01,0.16317934590884517,0.16307544392840037,0.17527223990517718,0.047393955290317535,0.00565080251544714,0.2499999701976776,0.250244140625,0.00030590721871703863,0.17527223990517718,306,9.99475685788335e-07,1.5321726202964783
382,4.0,500.0,0.01,0.1631674926482534,0.16306365278329904,0.17526572626226564,0.04739401489496231,0.005644585005939007,0.25,0.250244140625,0.00030242992215789855,0.17526572626226564,306,9.94681187056276e-07,1.5457968767732382
383,4.0,500.0,0.01,0.16315588137722928,0.16305210146150906,0.17525902190888068,0.047393810003995895,0.0056386105716228485,0.2499999850988388,0.250244140625,0.00029902596725150943,0.17525902190888068,306,9.967623447948304e-07,1.5422975663095713
384,4.0,500.0,0.01,0.16314448553568375,0.16304076337686432,0.17525209989327423,0.04739338532090187,0.005632877349853516,0.25,0.250244140625,0.00029570702463388443,0.17525209989327423,306,9.96604511958922e-07,1.566791458055377
385,4.0,500.0,0.01,0.16313329888562428,0.16302963217030036,0.1752449640442371,0.04739285260438919,0.005627386271953583,0.25,0.250244140625,0.00029248863575048745,0.1752449640442371,306,9.970548356572058e-07,1.4089158717542887
386,4.0,500.0,0.01,0.16312232014528089,0.16301870662058315,0.17523763104443815,0.04739215597510338,0.005622136872261763,0.25,0.250244140625,0.0002893829077947885,0.17523763104443815,306,9.986956654690802e-07,1.3908966667950153
387,4.0,500.0,0.01,0.16311153370829595,0.16300797108689621,0.17523010841531145,0.047391343861818314,0.005617127753794193,0.2499999850988388,0.250244140625,0.00028640287928283215,0.17523010841531145,306,9.970366770319555e-07,1.4245125204324722
388,4.0,500.0,0.01,0.16310093183185423,0.16299741780314114,0.17522241998685653,0.04739045351743698,0.005612357519567013,0.25,0.250244140625,0.00028356077382341027,0.17522241998685653,306,9.966126087616352e-07,1.4858642723411322
389,4.0,500.0,0.01,0.16309053015701924,0.16298706230048543,0.1752146156440284,0.047389622777700424,0.005607823375612497,0.2499999701976776,0.250244140625,0.0002808706776704639,0.1752146156440284,306,9.959430864048452e-07,1.5806010328233242
390,4.0,500.0,0.01,0.16308030356182007,0.16297687957989274,0.17520671134117613,0.047388747334480286,0.005603523459285498,0.25,0.250244140625,0.00027834446518681943,0.17520671134117613,306,9.9505058137327e-07,1.5394621714949608
391,4.0,500.0,0.01,0.16307024906580617,0.1629668666972341,0.1751987424501969,0.04738786071538925,0.005599450785666704,0.2499999701976776,0.250244140625,0.00027599389431998134,0.1751987424501969,306,9.939588962085396e-07,1.5610981918871403
392,4.0,500.0,0.01,0.16306036168157273,0.16295701862692052,0.17519074861037698,0.04738703370094299,0.005595602095127106,0.2499999850988388,0.250244140625,0.00027382984990254045,0.17519074861037698,306,9.926900735215274e-07,1.5722107030451298
393,4.0,500.0,0.01,0.16305063881442353,0.16294733287111327,0.1751827703246119,0.04738624393939972,0.005591969937086105,0.2499999701976776,0.250244140625,0.00027186243096366525,0.1751827703246119,306,9.91266283033749e-07,1.5419428311288357
394,4.0,500.0,0.01,0.16304105526819446,0.16293778429604688,0.17517482725407793,0.04738549888134003,0.0055885473266243935,0.25,0.250244140625,0.00027009984478354454,0.17517482725407793,306,9.975577937741838e-07,1.5310495495796204
395,4.0,500.0,0.01,0.16303163538532617,0.16292839727675826,0.1751669851811045,0.0473848357796669,0.0055853272788226604,0.2499999850988388,0.250244140625,0.0002685480285435915,0.1751669851811045,306,9.880368705798716e-07,1.5660610143095255
396,4.0,500.0,0.01,0.1630223325942482,0.1629191252873118,0.1751592395326565,0.04738428816199303,0.005582301877439022,0.2499999850988388,0.250244140625,0.0002672133268788457,0.1751592395326565,306,9.883503374384798e-07,1.5566943529993296
397,4.0,500.0,0.01,0.1630131643148673,0.16290998586402958,0.17515164820640286,0.04738383740186691,0.005579461343586445,0.2499999850988388,0.250244140625,0.00026609734049998224,0.17515164820640286,306,9.9976780266835e-07,1.5591781623661518
398,4.0,500.0,0.01,0.16300411228375672,0.1629009607891196,0.17514422630329435,0.047383517026901245,0.005576797761023045,0.2499999850988388,0.250244140625,0.00026520155370235443,0.17514422630329435,306,9.984763261225658e-07,1.5706614032387733
399,4.0,500.0,0.01,0.16299515800975722,0.16289203166828017,0.17513699244565115,0.047383323311805725,0.005574301816523075,0.2499999850988388,0.250244140625,0.0002645253262016922,0.17513699244565115,306,9.971772472496518e-07,1.5390102919191122
400,4.0,500.0,0.01,0.16298630422101518,0.16288320130043826,0.17512997668027155,0.047383278608322144,0.00557196419686079,0.2499999701976776,0.25048828125,0.0002640678430907428,0.17512997668027155,306,9.95886865279274e-07,1.507644698023796
401,4.0,500.0,0.01,0.16297752381273384,0.16287444264505826,0.17512317902186036,0.047383397817611694,0.005569776985794306,0.25,0.250732421875,0.0002638271253090352,0.17512317902186036,306,9.957086035527301e-07,1.545997390523553
402,4.0,500.0,0.01,0.16296880844813372,0.16286574743893528,0.17511661182537064,0.04738369584083557,0.005567731335759163,0.25,0.250732421875,0.00026380264898762107,0.17511661182537064,306,9.968941261695904e-07,1.539123659953475
403,4.0,500.0,0.01,0.16296016333446117,0.16285712098058522,0.1751102973949295,0.04738416522741318,0.00556581886485219,0.2499999850988388,0.250732421875,0.00026399444323033094,0.1751102973949295,306,9.979240091380085e-07,1.5838827155530453
404,4.0,500.0,0.01,0.1629515518790975,0.16284852671277966,0.1751042131673649,0.0473848357796669,0.005564033053815365,0.25,0.250732421875,0.0002644054766278714,0.1751042131673649,306,9.988145591244542e-07,1.5616509970277548
405,4.0,500.0,0.01,0.16294297341491976,0.1628399640475581,0.17509836245179372,0.04738570749759674,0.005562365986406803,0.2499999850988388,0.250732421875,0.00026504063862375915,0.17509836245179372,306,9.995822809489615e-07,1.575556457042694
406,4.0,500.0,0.01,0.1629344184351877,0.16283142353499092,0.17509273966994313,0.047386784106492996,0.00556081160902977,0.25,0.25048828125,0.0002659082238096744,0.17509273966994313,307,9.98969814276929e-07,1.5402967557311058
407,4.0,500.0,0.01,0.16292585044731572,0.16282286871602014,0.17508730883593468,0.047388069331645966,0.005559366196393967,0.25,0.25048828125,0.0002670199319254607,0.17508730883593468,307,9.886720766873853e-07,1.5683206003159285
408,4.0,500.0,0.01,0.16291727055694188,0.16281430074284997,0.17508206204862395,0.04738958179950714,0.005558023229241371,0.2499999850988388,0.25048828125,0.0002683908387552947,0.17508206204862395,307,9.880919738981416e-07,1.5477417446672916
409,4.0,500.0,0.01,0.16290866507250354,0.1628057059462695,0.17507697431828464,0.047391317784786224,0.005556780844926834,0.25,0.25048828125,0.00027003834838978946,0.17507697431828464,307,9.876664157699393e-07,1.6009511444717646
410,4.0,500.0,0.01,0.1629000019385429,0.16279705229131,0.17507200083516855,0.04739328473806381,0.005555636249482632,0.25,0.25048828125,0.0002719817275647074,0.17507200083516855,307,9.87413861670811e-07,1.59933290630579
411,4.0,500.0,0.01,0.16289128428522026,0.16278834292210168,0.17506712673212657,0.047395482659339905,0.005554588045924902,0.2499999701976776,0.250244140625,0.0002742402139119804,0.17506712673212657,307,9.873411001398545e-07,1.6350840348750353
412,4.0,500.0,0.01,0.1628824684579993,0.16277953417479493,0.17506228416287212,0.0473979115486145,0.0055536371655762196,0.25,0.250244140625,0.00027683141524903476,0.17506228416287212,307,9.874696730562875e-07,1.6179800238460302
413,4.0,500.0,0.01,0.16287352686200557,0.16277059843495753,0.17505742182433487,0.0474005863070488,0.005552784074097872,0.25,0.25,0.0002797676424961537,0.17505742182433487,307,9.878160685337008e-07,1.5873535871505737
414,4.0,500.0,0.01,0.16286446450901224,0.16276154068362905,0.1750525158956369,0.04740351438522339,0.005552031099796295,0.25,0.25,0.00028305253363214433,0.1750525158956369,307,9.883864325569492e-07,1.6112940553575754
415,4.0,500.0,0.01,0.16285522610610115,0.16275230559250103,0.17504748026492625,0.04740668460726738,0.005551382899284363,0.2499999850988388,0.25,0.000286677764961496,0.17504748026492625,307,9.892057557887349e-07,1.5865185968577862
416,4.0,500.0,0.01,0.16284580660812892,0.16274288805123752,0.17504227208500678,0.04741011559963226,0.005550844129174948,0.24999995529651642,0.25,0.00029061792884022,0.17504227208500678,307,9.902831146095552e-07,1.6097438093274832
417,4.0,500.0,0.01,0.16283615757083955,0.1627332395513213,0.17503680662055732,0.04741381108760834,0.005550420843064785,0.2499999701976776,0.25,0.000294827128527686,0.17503680662055732,307,9.916414547471176e-07,1.5802459213882685
418,4.0,500.0,0.01,0.1628262750157884,0.16272335604445848,0.17503103571494144,0.047417789697647095,0.005550118163228035,0.2499999701976776,0.25,0.0002992333611473441,0.17503103571494144,307,9.932884869954986e-07,1.5649259202182293
419,4.0,500.0,0.01,0.16281611469061208,0.16271319321029915,0.1750248679696353,0.04742204025387764,0.005549944005906582,0.25,0.25,0.00030373994377441704,0.1750248679696353,307,9.952453737987846e-07,1.536457447335124
420,4.0,500.0,0.01,0.16280568156222414,0.16270275595056424,0.17501825195292825,0.047426581382751465,0.005549903027713299,0.2499999850988388,0.25,0.00030822321423329413,0.17501825195292825,307,9.975145450331157e-07,1.617042561993003
421,4.0,500.0,0.01,0.1627949509627617,0.1626920195284731,0.17501110443471482,0.04743141680955887,0.005550001747906208,0.25,0.25,0.0003125400689896196,0.17501110443471482,307,9.789718390567068e-07,1.601459801197052
422,4.0,500.0,0.01,0.162783912616906,0.16268097359792633,0.17500334948319787,0.047436561435461044,0.005550245754420757,0.25,0.25,0.0003165368689224124,0.17500334948319787,307,9.80983484134095e-07,1.5789869111031294
423,4.0,500.0,0.01,0.16277260616282124,0.162669657845517,0.1749949512295598,0.0474420040845871,0.005550631321966648,0.2499999850988388,0.25,0.00032006329274736345,0.1749949512295598,307,9.82721696180991e-07,1.6321074906736612
424,4.0,500.0,0.01,0.1627610383517008,0.1626580790056746,0.17498584082504184,0.047447752207517624,0.005551159381866455,0.25,0.25,0.00032299288432113826,0.17498584082504184,307,9.842048876347376e-07,1.6098918542265892
425,4.0,500.0,0.01,0.1627492299058843,0.16264625787896994,0.17497595925208087,0.047453802078962326,0.005551822483539581,0.25,0.25,0.0003252406604588032,0.17497595925208087,307,9.854575167789103e-07,1.589140573516488
426,4.0,500.0,0.01,0.1627372481247115,0.1626342618466991,0.17496529594228724,0.04746018350124359,0.005552609451115131,0.2499999850988388,0.250244140625,0.0003267731226515025,0.17496529594228724,307,9.865102285897224e-07,1.5751371923834085
427,4.0,500.0,0.01,0.1627251465098468,0.16262214435557848,0.17495383036746825,0.04746714234352112,0.005553501192480326,0.2499999701976776,0.250244140625,0.00032764225034043193,0.17495383036746825,307,9.873954195710263e-07,1.5710170082747936
428,4.0,500.0,0.01,0.16271297693660164,0.16260995779780352,0.17494155823822696,0.04747436195611954,0.00555447768419981,0.25,0.250244140625,0.00032794251455925405,0.17494155823822696,307,9.88146258238883e-07,1.5341610983014107
429,4.0,500.0,0.01,0.16270079882630176,0.16259776191880024,0.1749284934763996,0.04748179763555527,0.005555510986596346,0.2499999850988388,0.25,0.00032782313064672053,0.1749284934763996,307,9.887948766240075e-07,1.5639761686325073
430,4.0,500.0,0.01,0.16268866522276945,0.1625856100827659,0.17491466184303206,0.04748942703008652,0.005556571297347546,0.2499999850988388,0.25,0.00032745880889706314,0.17491466184303206,307,9.893703420246933e-07,1.5403214935213327
431,4.0,500.0,0.01,0.16267661678743878,0.16257354315230022,0.1749000966209818,0.04749736562371254,0.005557626951485872,0.25,0.25,0.00032701893360354006,0.1749000966209818,307,9.898944311111935e-07,1.5404007863253355
432,4.0,500.0,0.01,0.16266468203350334,0.16256159002150772,0.17488483268106872,0.04750557243824005,0.005558643955737352,0.2499999850988388,0.25,0.00032666450715623796,0.17488483268106872,307,9.903836444214555e-07,1.5787080358713865
433,4.0,500.0,0.01,0.16265287034292752,0.1625497606106573,0.17486889330520494,0.04751381650567055,0.005559591576457024,0.25,0.25,0.0003265048726461828,0.17486889330520494,307,9.9213467264675e-07,1.524694088846445
434,4.0,500.0,0.01,0.16264120307698443,0.16253807664796308,0.1748523161354488,0.04752203822135925,0.005560439079999924,0.2499999850988388,0.25,0.00032661372097209096,0.1748523161354488,307,9.971046295227819e-07,1.5399247240275145
435,4.0,500.0,0.01,0.16262962135711465,0.16252647952122393,0.1748350458194338,0.04753020405769348,0.005561163183301687,0.25,0.250244140625,0.00032702682074159384,0.1748350458194338,307,9.91702876170781e-07,1.5592416543513536
436,4.0,500.0,0.01,0.16261815190210224,0.1625149962072003,0.17481709129311665,0.04753826558589935,0.005561742931604385,0.2499999850988388,0.250732421875,0.0003277550858911127,0.17481709129311665,307,9.92089712710977e-07,1.550344705581665
437,4.0,500.0,0.01,0.16260672018849714,0.16250355238640174,0.17479832885560043,0.047546181827783585,0.005562162026762962,0.2499999850988388,0.25048828125,0.0003287915315013379,0.17479832885560043,307,9.924401032836128e-07,1.577509943395853
438,4.0,500.0,0.01,0.16259530846206702,0.1624921304526762,0.17477866009993828,0.04755391180515289,0.00556240975856781,0.25,0.25048828125,0.00033012375934049487,0.17477866009993828,307,9.927468640099588e-07,1.5901767201721668
439,4.0,500.0,0.01,0.16258387617057476,0.16248068989103948,0.17475791369171437,0.047561436891555786,0.005562484264373779,0.2499999701976776,0.25048828125,0.00033174201962538064,0.17475791369171437,307,9.930013541411027e-07,1.5997591353952885
440,4.0,500.0,0.01,0.16257236134539368,0.16246916877756837,0.17473585159276953,0.047568731009960175,0.005562383681535721,0.25,0.250732421875,0.0003336409281473607,0.17473585159276953,307,9.931949308896039e-07,1.574270373210311
441,4.0,500.0,0.01,0.16256074185981997,0.16245754495016881,0.1747122299856585,0.04757578298449516,0.005562112666666508,0.2499999850988388,0.250732421875,0.0003358209505677223,0.1747122299856585,307,9.95489751490774e-07,1.5810088589787483
442,4.0,500.0,0.01,0.16254895181119328,0.16244575244471315,0.1746867112288921,0.04758257046341896,0.0055616796016693115,0.25,0.25048828125,0.00033828397863544524,0.1746867112288921,307,9.933671642701997e-07,1.5727956555783749
443,4.0,500.0,0.01,0.16253696078484914,0.16243376075899263,0.1746589462000923,0.047589078545570374,0.005561094731092453,0.2499999850988388,0.25048828125,0.00034102884819731116,0.1746589462000923,307,9.933271234226664e-07,1.5799234975129366
444,4.0,500.0,0.01,0.16252472943717047,0.16242153041714236,0.1746285418507261,0.0475953184068203,0.005560370162129402,0.25,0.25048828125,0.0003440394648350775,0.1746285418507261,307,9.931911237345372e-07,1.5373581107705832
445,4.0,500.0,0.01,0.1625122163164303,0.16240901981656108,0.1745950696321734,0.047601282596588135,0.0055595217272639275,0.25,0.250732421875,0.00034727659658528864,0.1745950696321734,307,9.929486572671676e-07,1.539846282452345
446,4.0,500.0,0.01,0.1624993935199727,0.1623962009167571,0.17455809777622147,0.04760697856545448,0.0055585624650120735,0.2499999850988388,0.250732421875,0.00035066582495346665,0.17455809777622147,307,9.925904704441046e-07,1.5798526536673307
447,4.0,500.0,0.01,0.16248621830521429,0.16238303081216568,0.17451717819107462,0.047612424939870834,0.005557506810873747,0.2499999850988388,0.250732421875,0.00035408823168836534,0.17451717819107462,307,9.921061034742288e-07,1.5955225639045238
448,4.0,500.0,0.01,0.16247268711675739,0.16236950582352316,0.1744719283281219,0.047617629170417786,0.00555636640638113,0.2499999850988388,0.250732421875,0.0003573743742890656,0.1744719283281219,307,9.914884128947184e-07,1.6169071439653635
449,4.0,500.0,0.01,0.16245879059914378,0.16235561646871147,0.1744220129955335,0.04762260615825653,0.005555152427405119,0.25,0.250732421875,0.0003603048389777541,0.1744220129955335,307,9.90730663715868e-07,1.5625040214508772
450,4.0,500.0,0.01,0.162444539355739,0.16234137324865067,0.1743672102464753,0.04762737452983856,0.005553873255848885,0.2499999850988388,0.250732421875,0.0003626208344940096,0.1743672102464753,307,9.98003509121414e-07,1.5844916012138128
451,4.0,500.0,0.01,0.16242997460074643,0.1623268173393599,0.17430747199587557,0.04763194918632507,0.005552531220018864,0.2499999850988388,0.250732421875,0.00036404706770554185,0.17430747199587557,307,9.968552177718598e-07,1.607383294031024
452,4.0,500.0,0.01,0.16241512742041445,0.16231197980566717,0.1742429103413465,0.04763633757829666,0.005551127716898918,0.2499999850988388,0.250732421875,0.0003643272793851793,0.1742429103413465,307,9.90771308582595e-07,1.6158981416374445
453,4.0,500.0,0.01,0.1624001183044814,0.1622969811596625,0.17417397659600511,0.04764055460691452,0.0055496590211987495,0.25,0.25048828125,0.00036326635745353997,0.17417397659600511,307,9.873938418842705e-07,1.630740199238062
454,4.0,500.0,0.01,0.16238501869350883,0.16228189290710004,0.17410129913120875,0.047644637525081635,0.005548114888370037,0.2499999850988388,0.25048828125,0.00036077486583963037,0.17410129913120875,307,9.850596936786313e-07,1.6478138994425535
455,4.0,500.0,0.01,0.16236997096162678,0.1622668575394565,0.1740258485581461,0.04764857143163681,0.00554648507386446,0.2499999701976776,0.25048828125,0.0003569013497326523,0.1740258485581461,307,9.837300811407887e-07,1.5935927145183086
456,4.0,500.0,0.01,0.1623550937201995,0.16225199381431374,0.17394879141779537,0.047652363777160645,0.005544754210859537,0.2499999850988388,0.25048828125,0.0003518355661071837,0.17394879141779537,307,9.824548592330503e-07,1.6355174351483583
457,4.0,500.0,0.01,0.16234050980121173,0.1622374247275693,0.17387474527011842,0.04765599966049194,0.005542907398194075,0.25,0.25048828125,0.0003458870342001319,0.17387474527011842,307,9.813088798470714e-07,1.6535502783954144
458,4.0,500.0,0.01,0.16232633520126907,0.16222326644626078,0.1738614679375173,0.0476594902575016,0.0055409264750778675,0.25,0.25048828125,0.0003394324448890984,0.1738614679375173,307,9.803701005557253e-07,1.615228345617652
459,4.0,500.0,0.01,0.16231265495642275,0.16220960412471744,0.17384794548756513,0.047662824392318726,0.005538800731301308,0.2499999701976776,0.25048828125,0.0003328514867462218,0.17384794548756513,307,9.797134449732616e-07,1.6104501225054264
460,4.0,500.0,0.01,0.1622994949963623,0.16219646384722824,0.1738340778123415,0.04766600579023361,0.005536514334380627,0.25,0.25048828125,0.00032646680483594537,0.1738340778123415,307,9.793995357905613e-07,1.554602887481451
461,4.0,500.0,0.01,0.16228691297641834,0.16218390167469968,0.17381984099642875,0.04767066612839699,0.005534063559025526,0.2499999850988388,0.250732421875,0.0003204912936780602,0.17381984099642875,307,9.79469902176407e-07,1.5559871401637793
462,4.0,500.0,0.01,0.16227488000168871,0.16217189051806402,0.17380517213935304,0.04767506942152977,0.005531441420316696,0.25,0.25048828125,0.00031507897074334323,0.17380517213935304,307,9.79939620967336e-07,1.5705287177115679
463,4.0,500.0,0.01,0.1622633802872871,0.1621604145952289,0.17379006311935372,0.04767918959259987,0.005528650246560574,0.2499999701976776,0.250244140625,0.00031023583142086864,0.17379006311935372,307,9.807985954384726e-07,1.5577295869588852
464,4.0,500.0,0.01,0.1622523516904355,0.16214941172709474,0.17377449506270565,0.04768303036689758,0.005525693297386169,0.2499999701976776,0.25048828125,0.0003059165319427848,0.17377449506270565,307,9.820130015418365e-07,1.596576876938343
465,4.0,500.0,0.01,0.1622417648627533,0.1621388524972944,0.1737585134513457,0.04768659919500351,0.005522576626390219,0.25,0.25048828125,0.0003020376607310027,0.1737585134513457,307,9.835371125023644e-07,1.5949802976101637
466,4.0,500.0,0.01,0.16223154115174132,0.1621286581872048,0.17374213193875152,0.04768987372517586,0.00551930908113718,0.25,0.25048828125,0.00029849811107851565,0.17374213193875152,307,9.85313655673878e-07,1.5889526437968016
467,4.0,500.0,0.01,0.16222165244112216,0.16211880056692712,0.173725432443979,0.04769286513328552,0.005515900906175375,0.25,0.25048828125,0.000295201811240986,0.173725432443979,307,9.872884925548655e-07,1.5743383076041937
468,4.0,500.0,0.01,0.16221202222584827,0.16210920302524312,0.17370845342605853,0.0476955771446228,0.0055123623460531235,0.25,0.250244140625,0.0002920623810496181,0.17370845342605853,307,9.894089434823075e-07,1.5932543631643057
469,4.0,500.0,0.01,0.16220262436707852,0.1620998392938578,0.17372199190997714,0.047698013484478,0.005508705973625183,0.25,0.250244140625,0.00028901023324579,0.17370845342605853,307,9.916323602964635e-07,1.5668390281498432
470,4.0,500.0,0.01,0.1621934147385717,0.16209066511800743,0.17373414238040813,0.047700200229883194,0.005504942033439875,0.2499999701976776,0.250244140625,0.00028599248616956174,0.17370845342605853,307,9.939228145811822e-07,1.5612084213644266
471,4.0,500.0,0.01,0.16218435394582006,0.16208164100353273,0.1737444199829319,0.0477021299302578,0.005501081235706806,0.25,0.250244140625,0.00028296938398852944,0.17370845342605853,307,9.962522644976297e-07,1.5905327685177326
472,4.0,500.0,0.01,0.16217544901364078,0.16207277384393445,0.1737528294657039,0.047703817486763,0.00549713522195816,0.2499999701976776,0.250244140625,0.00027991595561616123,0.17370845342605853,307,9.986005662430472e-07,1.5345456097275019
473,4.0,500.0,0.01,0.16216664176984286,0.16206400534781223,0.17375934276596644,0.0477052703499794,0.005493115168064833,0.2499999850988388,0.250244140625,0.0002768146514426917,0.17370845342605853,307,9.999963050079547e-07,1.536868767812848
474,4.0,500.0,0.01,0.16215795355632667,0.1620553567527584,0.17376402925897905,0.04770649969577789,0.005489030387252569,0.2499999701976776,0.250244140625,0.0002736595633905381,0.17370845342605853,307,9.676319396821558e-07,1.5978628750890493
475,4.0,500.0,0.01,0.16214935755239143,0.16204680111793146,0.17376693943093396,0.04770752787590027,0.005484890658408403,0.2499999850988388,0.250244140625,0.00027045016759075224,0.17370845342605853,307,9.704161794379304e-07,1.6005552280694246
476,4.0,500.0,0.01,0.16214086770892247,0.16203835230201588,0.17376818192064383,0.04770833998918533,0.005480706691741943,0.2499999701976776,0.25,0.0002671930706128478,0.17370845342605853,307,9.732091133361454e-07,1.5582516826689243
477,4.0,500.0,0.01,0.16213247803174616,0.16203000418790342,0.17376786271762765,0.047708965837955475,0.005476487800478935,0.2499999850988388,0.25,0.00026389953563921154,0.17370845342605853,307,9.76009926165926e-07,1.5404891166836023
478,4.0,500.0,0.01,0.16212417204655788,0.16202174021467647,0.1737660976317166,0.04770941287279129,0.005472241900861263,0.25,0.250244140625,0.00026058420189656317,0.17370845342605853,307,9.788171487006642e-07,1.5498997680842876
479,4.0,500.0,0.01,0.16211598612702688,0.16201359664797088,0.17376305519582141,0.04770969599485397,0.005467978306114674,0.25,0.250244140625,0.0002572661323938519,0.17370845342605853,307,9.81630579009008e-07,1.5747923366725445
480,4.0,500.0,0.01,0.16210789563331077,0.16200554875015535,0.17375886106425156,0.047709833830595016,0.0054637049324810505,0.2499999850988388,0.25048828125,0.00025396322598680854,0.17370845342605853,307,9.844491324859258e-07,1.606603967025876
481,4.0,500.0,0.01,0.16209991828094117,0.16199761409985713,0.1737536813686758,0.0477098748087883,0.005459430627524853,0.25,0.25048828125,0.00025069646653719246,0.17370845342605853,307,9.872725435059174e-07,1.6184559408575296
482,4.0,500.0,0.01,0.1620920696095968,0.16198980823582357,0.17374768005202162,0.04770977795124054,0.005455159582197666,0.2499999850988388,0.25048828125,0.0002474849170539528,0.17370845342605853,307,9.901000588776401e-07,1.555029632523656
483,4.0,500.0,0.01,0.16208433611109102,0.16198211752972744,0.17374098796905688,0.04770956560969353,0.005450901575386524,0.2499999701976776,0.25048828125,0.00024434481747448444,0.17370845342605853,307,9.92930486991892e-07,1.5639273077249527
484,4.0,500.0,0.01,0.1620767207574477,0.161974544893988,0.1737337496795407,0.04770924150943756,0.0054466621950268745,0.2499999850988388,0.250244140625,0.00024129057419486344,0.17370845342605853,307,9.957633453772875e-07,1.549102669581771
485,4.0,500.0,0.01,0.16206923736694887,0.16196710408169462,0.173726110702228,0.04770882427692413,0.00544244609773159,0.2499999701976776,0.250244140625,0.00023833410523366183,0.17370845342605853,307,9.985981626766423e-07,1.5641908291727304
486,4.0,500.0,0.01,0.16206187275522954,0.16195978185819096,0.17371818230730396,0.04770831763744354,0.0054382579401135445,0.2499999850988388,0.25048828125,0.00023548297758679837,0.17370845342605853,307,9.340530776715256e-07,1.5428346525877714
487,4.0,500.0,0.01,0.16205463152299604,0.16195258274408958,0.17371008218645934,0.04770773649215698,0.005434104241430759,0.2499999850988388,0.25048828125,0.00023274160048458725,0.17370845342605853,307,9.359832975178864e-07,1.5747081600129604
488,4.0,500.0,0.01,0.16204751310771726,0.16194550614705705,0.17370191037804994,0.04770709201693535,0.005429986864328384,0.2499999850988388,0.25048828125,0.0002301118802279234,0.17370191037804994,307,9.378514454388548e-07,1.5152910966426134
489,4.0,500.0,0.01,0.16204052509082473,0.16193855959823344,0.17369376709631126,0.04770638793706894,0.0054259104654192924,0.25,0.25048828125,0.00022759227431379259,0.17369376709631126,307,9.396597424257695e-07,1.4434531815350056
490,4.0,500.0,0.01,0.1620336358873797,0.1619317114754272,0.17368570217721385,0.04770564287900925,0.005421876907348633,0.25,0.25048828125,0.00022517873730976135,0.17368570217721385,307,9.41411246484651e-07,1.3994307927787304
491,4.0,500.0,0.01,0.16202687665994617,0.16192499289556744,0.17367781260961654,0.04770486056804657,0.005417890381067991,0.2499999701976776,0.25048828125,0.00022286651073955,0.17367781260961654,307,9.431133375483524e-07,1.437135972082615
492,4.0,500.0,0.01,0.16202021332373132,0.16191836975430357,0.17367012561192507,0.0477040559053421,0.005413951352238655,0.25,0.25048828125,0.00022064815857447684,0.17367012561192507,307,9.447737995938377e-07,1.6136133391410112
493,4.0,500.0,0.01,0.1620136597743995,0.16191185593333016,0.17366270178362908,0.047703228890895844,0.005410061217844486,0.2499999850988388,0.250244140625,0.00021851601195521653,0.17366270178362908,307,9.46402733124855e-07,1.5935720019042492
494,4.0,500.0,0.01,0.1620072086559816,0.16190544404594437,0.1736555733270283,0.04770238697528839,0.005406222306191921,0.25,0.250244140625,0.00021646288223564625,0.1736555733270283,307,9.480114050725788e-07,1.5747488252818584
495,4.0,500.0,0.01,0.16200084978929355,0.1618991239073743,0.17364875985934589,0.04770154505968094,0.0054024336859583855,0.25,0.250244140625,0.00021448048937600106,0.17364875985934589,307,9.496107128185602e-07,1.576313791796565
496,4.0,500.0,0.01,0.16199459228109112,0.16189290461506237,0.17364229325964958,0.047700703144073486,0.0053986962884664536,0.2499999850988388,0.25,0.000212561571970582,0.17364229325964958,307,9.51212162564071e-07,1.592408051714301
497,4.0,500.0,0.01,0.16198840624567915,0.1618867562712063,0.1736361571558471,0.04769986867904663,0.005395010579377413,0.2499999850988388,0.25,0.00021069876675028354,0.1736361571558471,307,9.528248257097691e-07,1.5782238133251667
498,4.0,500.0,0.01,0.16198229857265864,0.16188068574957465,0.173630368582922,0.04769905284047127,0.0053913770243525505,0.2499999850988388,0.25,0.00020888616563752294,0.173630368582922,307,9.544577303109821e-07,1.5553324650973082
499,4.0,500.0,0.01,0.16197629127938948,0.1618747150833597,0.17362494850635055,0.0476982444524765,0.005387795157730579,0.25,0.25,0.0002071190974675119,0.17362494850635055,307,9.999235281184755e-07,1.5862036403268576
500,8.0,500.0,0.02,0.1605035676882118,0.16040625683408977,0.17208704664207672,0.04784068465232849,0.0024735084734857082,0.2499999850988388,0.25,0.00021134548296686262,0.17208704664207672,307,9.87273611458203e-07,1.5669392757117748
501,8.0,500.0,0.02,0.16049957264904835,0.16040232244451502,0.17208710848344466,0.047839872539043427,0.002470516599714756,0.25,0.25,0.00021030053903814405,0.17208704664207672,307,9.894200445997672e-07,1.6247438825666904
502,8.0,500.0,0.02,0.16049524811503418,0.16039806659367808,0.17208855734023887,0.04783938080072403,0.0024671070277690887,0.2499999850988388,0.25,0.00020877861243207008,0.17208704664207672,307,9.916713252616936e-07,1.669953115284443
503,8.0,500.0,0.02,0.16049065508950502,0.16039354879479858,0.17209123568962756,0.047839172184467316,0.002463356126099825,0.2499999850988388,0.25,0.00020688636868726462,0.17208704664207672,307,9.93995280901371e-07,1.6546485386788845
504,8.0,500.0,0.02,0.16048585421803865,0.16038882812510702,0.17209495933124916,0.047839194536209106,0.002459344919770956,0.25,0.249755859375,0.00020476820645853877,0.17208704664207672,307,9.963588100664108e-07,1.8448170684278011
505,8.0,500.0,0.02,0.16048091694323907,0.16038397446631084,0.17209953916669077,0.04783940687775612,0.002455153502523899,0.25,0.249755859375,0.00020258300355635583,0.17208704664207672,307,9.987322877557215e-07,1.606810312718153
506,8.0,500.0,0.02,0.16047593059896934,0.1603790737813662,0.17210479272133078,0.04783974587917328,0.0024508535861968994,0.2499999850988388,0.249755859375,0.00020047795260325074,0.17208704664207672,307,9.674852065240722e-07,1.5856981463730335
507,8.0,500.0,0.02,0.16047093598738346,0.16037416578650507,0.1721105089120948,0.0478401705622673,0.0024465015158057213,0.25,0.249755859375,0.00019857095321640372,0.17208704664207672,307,9.680004289419525e-07,1.6299721207469702
508,8.0,500.0,0.02,0.16046597351006053,0.16036929010285816,0.172116486739885,0.04784063249826431,0.002442138735204935,0.25,0.25,0.00019693405192811042,0.17208704664207672,307,9.684718209995365e-07,1.6112886760383844
509,8.0,500.0,0.02,0.16046108112396604,0.16036448423104294,0.17212254126263266,0.04784107580780983,0.0024377908557653427,0.2499999701976776,0.250244140625,0.0001955887710209936,0.17208704664207672,307,9.68911200813008e-07,1.604577660560608
510,8.0,500.0,0.02,0.16045625836522998,0.16035974750974896,0.17212847939511108,0.047841474413871765,0.0024334690533578396,0.2499999850988388,0.250244140625,0.00019450535182841122,0.17208704664207672,307,9.6933045171184e-07,1.6304818652570248
511,8.0,500.0,0.02,0.16045152462299292,0.16035509933463607,0.17213415367938656,0.04784177988767624,0.0024291754234582186,0.2499999850988388,0.250244140625,0.00019361163140274584,0.17208704664207672,307,9.697411571851425e-07,1.6346776653081179
512,8.0,500.0,0.02,0.1604468640171865,0.16035052404077146,0.1721394162856068,0.047841958701610565,0.002424900885671377,0.25,0.250244140625,0.00019280571723356843,0.17208704664207672,307,9.701550961360924e-07,1.6444431841373444
513,8.0,500.0,0.02,0.16044225274265744,0.16034599806793964,0.17214414510991602,0.04784200340509415,0.002420633565634489,0.25,0.250244140625,0.00019197186338715255,0.17208704664207672,307,9.705822764212152e-07,1.671029232442379
514,8.0,500.0,0.02,0.16043769455846696,0.16034152539220003,0.17214827143297678,0.047841887921094894,0.0024163639172911644,0.25,0.250244140625,0.00019099365454167128,0.17208704664207672,307,9.710324718002425e-07,1.6662262864410877
515,8.0,500.0,0.02,0.160433182895508,0.16033709960370174,0.17215174566341146,0.047841597348451614,0.00241208472289145,0.25,0.250244140625,0.00018976810679305345,0.17208704664207672,307,9.71514382395271e-07,1.6645646896213293
516,8.0,500.0,0.02,0.16042867301130048,0.1603326760828992,0.17215451945655436,0.047841139137744904,0.0024077894631773233,0.25,0.250244140625,0.00018821607227437198,0.17208704664207672,307,9.720334565377702e-07,1.626396119594574
517,8.0,500.0,0.02,0.16042420471820712,0.1603282944950062,0.17215663219075794,0.04784050211310387,0.002403486054390669,0.2499999850988388,0.25048828125,0.00018628191901370883,0.17208704664207672,307,9.99376641342211e-07,1.5702334698289633
518,8.0,500.0,0.02,0.16041976853720807,0.16032394517101312,0.17215810913364926,0.047839708626270294,0.002399182878434658,0.2499999850988388,0.25048828125,0.00018394048674963415,0.17208704664207672,307,9.98699777537949e-07,1.6654650550335646
519,8.0,500.0,0.02,0.16041535731860074,0.1603196206473616,0.1721589937703751,0.04783876985311508,0.0023948950693011284,0.2499999701976776,0.25048828125,0.00018119279411621392,0.17208704664207672,307,9.979974214691594e-07,1.594050670042634
520,8.0,500.0,0.02,0.16041100094377894,0.16031535032395172,0.17215936850230565,0.047837696969509125,0.002390646142885089,0.25,0.25048828125,0.00017806088726501912,0.17208704664207672,307,9.972684435464152e-07,1.5924376100301743
521,8.0,500.0,0.02,0.16040671537943968,0.16031114964873383,0.17215931451682523,0.04783651977777481,0.0023864605464041233,0.25,0.25048828125,0.00017458426009397954,0.17208704664207672,307,9.965105115043508e-07,1.599095594137907
522,8.0,500.0,0.02,0.16040250674214418,0.16030702422045373,0.17215891148680124,0.047835253179073334,0.002382363425567746,0.25,0.25048828125,0.00017081380065064877,0.17208704664207672,307,9.957207473566917e-07,1.6475046705454588
523,8.0,500.0,0.02,0.1603984063390234,0.16030300477441042,0.1721582540620812,0.04783393815159798,0.002378381323069334,0.25,0.25048828125,0.00016680477710906416,0.17208704664207672,307,9.948991814241578e-07,1.6163732446730137
524,8.0,500.0,0.02,0.16039442970978474,0.16029910637440536,0.17215742844480242,0.047832589596509933,0.0023745372891426086,0.2499999850988388,0.250244140625,0.00016261347627732903,0.17208704664207672,307,9.940454827269058e-07,1.6390209719538689
525,8.0,500.0,0.02,0.1603905829710854,0.16029533473383317,0.1721564999255746,0.04783123359084129,0.002370850183069706,0.25,0.250244140625,0.0001582948607392609,0.17208704664207672,307,9.931603379524336e-07,1.6333654653280973
526,8.0,500.0,0.02,0.16038687053583447,0.16029169397689289,0.17215553200094463,0.04782988876104355,0.002367333509027958,0.25,0.250244140625,0.0001538981741759926,0.17208704664207672,307,9.922455566605575e-07,1.6136349495500326
527,8.0,500.0,0.02,0.16038331583220275,0.1602882072477019,0.1721545893601351,0.047828592360019684,0.002363999607041478,0.2499999850988388,0.250244140625,0.00014946689771022648,0.17208704664207672,307,9.91304488167283e-07,1.5967471413314342
528,8.0,500.0,0.02,0.16037990204398966,0.16028485770305131,0.17215370016040185,0.04782734811306,0.002360849641263485,0.2499999850988388,0.250244140625,0.00014503963757306337,0.17208704664207672,307,9.903396903942985e-07,1.6174413170665503
529,8.0,500.0,0.02,0.160376640151883,0.16028165625005447,0.172152900755717,0.04782617837190628,0.0023578861728310585,0.2499999850988388,0.250244140625,0.00014064944116398692,0.17208704664207672,307,9.8935542052579e-07,1.6477368474006653
530,8.0,500.0,0.02,0.16037353350801198,0.1602786063265222,0.17215221222590885,0.04782509058713913,0.0023551045451313257,0.2499999850988388,0.250244140625,0.0001363252813462168,0.17208704664207672,307,9.883557181887152e-07,1.5731300488114357
531,8.0,500.0,0.02,0.16037056745579495,0.16027569342954112,0.1721516355624691,0.04782410338521004,0.0023524961434304714,0.2499999850988388,0.250244140625,0.0001320930168731138,0.17208704664207672,307,9.873441688300442e-07,1.603278448805213
532,8.0,500.0,0.02,0.16036773893042383,0.16027291469360616,0.17215117021465715,0.047823213040828705,0.002350051188841462,0.2499999850988388,0.250244140625,0.00012797645467799157,0.17208704664207672,307,9.863252355998613e-07,1.6092668641358614
533,8.0,500.0,0.02,0.1603650422478306,0.16027026465444147,0.17215080581626085,0.04782242327928543,0.0023477585054934025,0.25,0.250244140625,0.00012399863044265658,0.17208704664207672,307,9.85816142272858e-07,1.6083918679505587
534,8.0,500.0,0.02,0.160362468370848,0.16026773454961984,0.1721505249179128,0.047821734100580215,0.002345604356378317,0.2499999850988388,0.250244140625,0.00012018047709716484,0.17208704664207672,307,9.866683330573067e-07,1.6223892383277416
535,8.0,500.0,0.02,0.16036002031591237,0.16026532754365805,0.17215031165473466,0.04782121628522873,0.0023435777984559536,0.2499999850988388,0.250244140625,0.0001165347930509597,0.17208704664207672,307,9.874985873043217e-07,1.6024000123143196
536,8.0,500.0,0.02,0.1603576877173584,0.16026303357263916,0.17215013954172695,0.04782084748148918,0.0023416648618876934,0.2499999701976776,0.250244140625,0.0001130973978433758,0.17208704664207672,307,9.88305115880127e-07,1.5949245188385248
537,8.0,500.0,0.02,0.1603554507303193,0.16026083314280506,0.1721499702433465,0.0478205606341362,0.0023398513440042734,0.2499999850988388,0.250244140625,0.00010987841960741207,0.17208704664207672,307,9.890858226966056e-07,1.6022083684802055
538,8.0,500.0,0.02,0.16035332172091601,0.16025873882423636,0.17214978776529388,0.047820352017879486,0.0023381272330880165,0.25,0.250244140625,0.00010689258488127962,0.17208704664207672,307,9.898407635839587e-07,1.5498622935265303
539,8.0,500.0,0.02,0.1603512875678815,0.16025673775364235,0.1721495590331735,0.047820210456848145,0.002336480189114809,0.2499999850988388,0.250244140625,0.00010415160795673728,0.17208704664207672,307,9.90569502083501e-07,1.6520638652145863
540,8.0,500.0,0.02,0.16034933380191288,0.1602548157196965,0.17214924879534707,0.04782012477517128,0.0023348978720605373,0.2499999850988388,0.250244140625,0.00010166322317672893,0.17208704664207672,307,9.912714941621885e-07,1.5989911798387766
541,8.0,500.0,0.02,0.16034747109529865,0.16025298357350123,0.17214884430539537,0.047820083796978,0.00233337190002203,0.2499999701976776,0.250244140625,9.942934411810711e-05,0.17208704664207672,307,9.919485112889186e-07,1.6035593803972006
542,8.0,500.0,0.02,0.1603456855038347,0.16025122760927105,0.1721483146685167,0.0478200726211071,0.0023318910971283913,0.25,0.250244140625,9.744781709741801e-05,0.17208704664207672,307,9.926015125857659e-07,1.6161996964365244
543,8.0,500.0,0.02,0.1603439743310952,0.1602495452982181,0.1721476440632947,0.047820091247558594,0.00233044708147645,0.25,0.250244140625,9.571027476340532e-05,0.17208704664207672,307,9.932316554961424e-07,1.6146026775240898
544,8.0,500.0,0.02,0.16034232555728786,0.16024792483941103,0.17214680852174524,0.04782012104988098,0.002329029841348529,0.25,0.250244140625,9.420333663001657e-05,0.17208704664207672,307,9.938410215640642e-07,1.6454946473240852
545,8.0,500.0,0.02,0.16034074136208443,0.16024636855687646,0.17214580440248967,0.047820162028074265,0.0023276321589946747,0.25,0.250244140625,9.290996968047693e-05,0.17208704664207672,307,9.94431695534658e-07,1.6482436936348677
546,8.0,500.0,0.02,0.16033920111603764,0.16024485602605817,0.1721446101463179,0.04782019555568695,0.0023262447211891413,0.2499999850988388,0.250244140625,9.180948109133169e-05,0.17208704664207672,307,9.950053700157146e-07,1.6466843765228987
547,8.0,500.0,0.02,0.1603377071852173,0.1602433897136088,0.17214322918394642,0.047820232808589935,0.002324861939996481,0.25,0.250244140625,9.087955550057814e-05,0.17208704664207672,307,9.955647525864366e-07,1.6716695688664913
548,8.0,500.0,0.02,0.1603362676787758,0.16024197780784308,0.17214167094584107,0.047820255160331726,0.002323480788618326,0.25,0.250244140625,9.00955346878618e-05,0.17208704664207672,307,9.961120902263972e-07,1.6854814682155848
549,8.0,500.0,0.02,0.16033486022936863,0.16024059809974148,0.17213992597294311,0.04782026261091232,0.0023220933508127928,0.2499999850988388,0.250244140625,8.943425200413913e-05,0.17208704664207672,307,9.966490063913748e-07,1.6754057314246893
550,8.0,500.0,0.02,0.1603334806281084,0.16023924643350185,0.17213800231905074,0.04782026261091232,0.002320696599781513,0.2499999850988388,0.250244140625,8.887321746442467e-05,0.17208704664207672,307,9.971774857368385e-07,1.6640369538217783
551,8.0,500.0,0.02,0.160332135086947,0.16023792905926038,0.17213591855822347,0.04782024025917053,0.0023192893713712692,0.2499999701976776,0.250244140625,8.83910252014175e-05,0.17208704664207672,307,9.97699481858683e-07,1.6012207232415676
552,8.0,500.0,0.02,0.1603308023853447,0.160236624818876,0.1721336737579149,0.04782020300626755,0.002317868173122406,0.2499999850988388,0.250244140625,8.796897600404918e-05,0.17208704664207672,307,9.982153711943972e-07,1.6193969547748566
553,8.0,500.0,0.02,0.16032949378116781,0.16023534492644276,0.1721312937134058,0.047820162028074265,0.002316434634849429,0.2499999850988388,0.250244140625,8.758337935432792e-05,0.17208704664207672,307,9.987275233259695e-07,1.5428182426840067
554,8.0,500.0,0.02,0.16032821105663278,0.1602340910803581,0.1721287985115214,0.04782017320394516,0.0023149901535362005,0.25,0.250244140625,8.723359496798366e-05,0.17208704664207672,307,9.992361427335861e-07,1.6440691985189915
555,8.0,500.0,0.02,0.16032693872831047,0.16023284786704214,0.17212619552878422,0.04782018065452576,0.0023135340306907892,0.2499999850988388,0.250244140625,8.690074173500761e-05,0.17208704664207672,307,9.997418141656716e-07,1.687150340527296
556,8.0,500.0,0.02,0.16032568567964162,0.16023162409263575,0.17212351042605467,0.04782017320394516,0.0023120706900954247,0.2499999850988388,0.250244140625,8.657453872729093e-05,0.17208704664207672,307,9.82555125461601e-07,1.6872142795473337
557,8.0,500.0,0.02,0.1603244340376891,0.16023040188606452,0.1721207468567588,0.047820158302783966,0.0023105996660888195,0.25,0.250244140625,8.624670590506867e-05,0.17208704664207672,307,9.829789193726564e-07,1.6021912228316069
558,8.0,500.0,0.02,0.16032320469580458,0.16022920198049262,0.17211793982195864,0.04782014712691307,0.0023091284092515707,0.2499999701976776,0.250244140625,8.591006189817563e-05,0.17208704664207672,307,9.833606281614899e-07,1.6718819923698902
559,8.0,500.0,0.02,0.16032197262227438,0.16022799936190152,0.1721150848809797,0.047820135951042175,0.0023076562210917473,0.25,0.250244140625,8.555918611818925e-05,0.17208704664207672,307,9.83711660760644e-07,1.6325817871838808
560,8.0,500.0,0.02,0.16032075359873663,0.16022680968154412,0.1721122097609758,0.04782012477517128,0.0023061896208673716,0.25,0.250244140625,8.518958929926157e-05,0.17208704664207672,307,9.84029872587998e-07,1.6189739517867565
561,8.0,500.0,0.02,0.16031955157783584,0.16022563682221577,0.17210933052601085,0.047820113599300385,0.0023047321010380983,0.25,0.250244140625,8.479753887513652e-05,0.17208704664207672,307,9.843165567530214e-07,1.6435685846954584
562,8.0,500.0,0.02,0.1603183573123422,0.16022447146963148,0.17210645179328568,0.047820113599300385,0.0023032864555716515,0.2499999850988388,0.250244140625,8.438093209406361e-05,0.17208704664207672,307,9.845778538602618e-07,1.6070198733359575
563,8.0,500.0,0.02,0.16031717077680702,0.16022331352569932,0.17210358218857494,0.047820113599300385,0.0023018568754196167,0.2499999850988388,0.250244140625,8.393851021537557e-05,0.17208704664207672,307,9.848163788211482e-07,1.6660293079912663
564,8.0,500.0,0.02,0.16031599046220266,0.16022216144227616,0.17210072888018532,0.04782012477517128,0.002300444757565856,0.2499999850988388,0.25048828125,8.346993126906455e-05,0.17208704664207672,307,9.850347595461373e-07,1.6245809569954872
565,8.0,500.0,0.02,0.16031481122300484,0.16022101001982103,0.17209789304420323,0.047820135951042175,0.0022990533616393805,0.2499999850988388,0.25048828125,8.297685417346656e-05,0.17208704664207672,307,9.85236557930405e-07,1.6135640144348145
566,8.0,500.0,0.02,0.16031366617904516,0.16021989221797794,0.17209510630006253,0.047820158302783966,0.002297690138220787,0.2499999701976776,0.25048828125,8.245939534390345e-05,0.17208704664207672,307,9.854117519874095e-07,1.5870057623833418
567,8.0,500.0,0.02,0.16031251740626373,0.1602187701890556,0.17209233949256264,0.04782018065452576,0.0022963518276810646,0.25,0.25048828125,8.192472159862518e-05,0.17208704664207672,307,9.855738916030533e-07,1.6966699864715338
568,8.0,500.0,0.02,0.1603113710069019,0.16021764997848456,0.17208960174583368,0.04782019928097725,0.0022950414568185806,0.2499999850988388,0.25048828125,8.137727854773402e-05,0.17208704664207672,307,9.857213512728052e-07,1.6833863947540522
569,8.0,500.0,0.02,0.16031024774886332,0.1602165522554483,0.17208690923838252,0.047820210456848145,0.0022937641479074955,0.25,0.25048828125,8.08225740911439e-05,0.17208690923838252,307,9.858467633588896e-07,1.6420620921999216
570,8.0,500.0,0.02,0.16030912183784343,0.16021545126662054,0.17208424114704118,0.047820210456848145,0.00229251803830266,0.25,0.25048828125,8.027054718695581e-05,0.17208424114704118,307,9.859580048547724e-07,1.6488142274320126
571,8.0,500.0,0.02,0.16030801951271534,0.16021437314284087,0.17208161808118647,0.04782019555568695,0.002291308715939522,0.2499999850988388,0.25048828125,7.972891035024077e-05,0.17208161808118647,307,9.860453676693437e-07,1.6501003205776215
572,8.0,500.0,0.02,0.16030692189544246,0.16021329904239434,0.17207902450681198,0.047820162028074265,0.0022901345510035753,0.25,0.25048828125,7.920924690552056e-05,0.17207902450681198,307,9.861133663780187e-07,1.6252808906137943
573,8.0,500.0,0.02,0.16030583599328585,0.16021223592504447,0.17207646457437198,0.04782010614871979,0.002288998104631901,0.25,0.25048828125,7.872253627283499e-05,0.17207646457437198,307,9.861579165374164e-07,1.6105344258248806
574,8.0,500.0,0.02,0.16030475724989257,0.1602111792316445,0.17207393511112187,0.047820016741752625,0.002287900075316429,0.2499999850988388,0.25048828125,7.828067464288324e-05,0.17207393511112187,307,9.861782880980076e-07,1.5692327674478292
575,8.0,500.0,0.02,0.16030369321924726,0.1602101364612309,0.17207143933166522,0.047819897532463074,0.0022868430241942406,0.25,0.25048828125,7.789476512698457e-05,0.17207143933166522,307,9.861695897470745e-07,1.5805474873632193
576,8.0,500.0,0.02,0.16030262998780162,0.16020909373564574,0.17206896761891863,0.04781974107027054,0.002285825554281473,0.25,0.25048828125,7.757714774925262e-05,0.17206896761891863,307,9.86133997819182e-07,1.5978145245462656
577,8.0,500.0,0.02,0.16030157889004684,0.1602080623279128,0.17206652789489593,0.04781954362988472,0.002284850925207138,0.2499999701976776,0.25048828125,7.733749953331426e-05,0.17206652789489593,307,9.86064467709448e-07,1.54196647554636
578,8.0,500.0,0.02,0.16030053523951288,0.16020703756460067,0.172064116345052,0.04781930148601532,0.002283918671309948,0.25,0.25048828125,7.71850100136362e-05,0.172064116345052,307,9.85959999280619e-07,1.5424578506499529
579,8.0,500.0,0.02,0.1602994886302128,0.1602060090266838,0.17206172657450206,0.04781901836395264,0.00228302925825119,0.2499999850988388,0.25048828125,7.712744263699278e-05,0.17206172657450206,307,9.858212905890094e-07,1.5304446537047625
580,8.0,500.0,0.02,0.16029844072695398,0.16020497838083234,0.1720593601373759,0.047818683087825775,0.002282183151692152,0.2499999850988388,0.25048828125,7.716978871030733e-05,0.1720593601373759,307,9.856448274666436e-07,1.489264603704214
581,8.0,500.0,0.02,0.16029739262806011,0.16020394670208676,0.1720570200752418,0.047818295657634735,0.0022813815157860518,0.25,0.25048828125,7.731341611361131e-05,0.1720570200752418,307,9.854273119314806e-07,1.4126151017844677
582,8.0,500.0,0.02,0.16029635811795293,0.16020292770501968,0.1720547177419602,0.04781785607337952,0.002280627842992544,0.2499999850988388,0.25048828125,7.755547267151996e-05,0.1720547177419602,307,9.851615267366723e-07,1.381667910143733
583,8.0,500.0,0.02,0.16029529501839626,0.16020187935574995,0.1720524226627806,0.04781736433506012,0.002279914915561676,0.25,0.25048828125,7.789367373334244e-05,0.1720524226627806,307,9.84859259482182e-07,1.4238550681620836
584,8.0,500.0,0.02,0.160294243940274,0.16020084208727883,0.17205016810158907,0.047816816717386246,0.00227925181388855,0.2499999850988388,0.25048828125,7.831557013560086e-05,0.17205016810158907,307,9.84504427118966e-07,1.5738166887313128
585,8.0,500.0,0.02,0.16029317834587972,0.16019978948390315,0.17204793643172825,0.04781621694564819,0.002278632251545787,0.2499999850988388,0.25048828125,7.880912744440138e-05,0.17204793643172825,307,9.841042162652129e-07,1.557808281853795
586,8.0,500.0,0.02,0.16029209875797948,0.1601987220357927,0.17204572861597905,0.04781556501984596,0.0022780578583478928,0.2499999850988388,0.25048828125,7.935574103612453e-05,0.17204572861597905,307,9.83656851831519e-07,1.555295918136835
587,8.0,500.0,0.02,0.1602910028178286,0.1601976373888593,0.1720435453594887,0.04781486093997955,0.002277528401464224,0.2499999850988388,0.25048828125,7.993266626726836e-05,0.1720435453594887,307,9.831619784131692e-07,1.5501130186021328
588,8.0,500.0,0.02,0.1602898850257902,0.1601965301030709,0.1720413831279142,0.04781410098075867,0.0022770410869270563,0.25,0.25048828125,8.051343320403248e-05,0.1720413831279142,307,9.826207342324175e-07,1.5433817021548748
589,8.0,500.0,0.02,0.16028876659040736,0.16019542129663214,0.17203926207884274,0.0478132963180542,0.0022765998728573322,0.2499999850988388,0.25048828125,8.106580935418606e-05,0.17203926207884274,307,9.820261514377388e-07,1.551667656749487
590,8.0,500.0,0.02,0.1602876135322304,0.16019427713631107,0.17203715429656172,0.04781245440244675,0.002276197075843811,0.2499999850988388,0.25048828125,8.155851537594572e-05,0.17203715429656172,307,9.81390282021912e-07,1.5700743496418
591,8.0,500.0,0.02,0.16028645079699397,0.16019312251755086,0.17203508219771485,0.047811560332775116,0.002275835955515504,0.25,0.25048828125,8.195440022973344e-05,0.17203508219771485,307,9.80706086609711e-07,1.5740400068461895
592,8.0,500.0,0.02,0.1602852739392772,0.160191953053604,0.17203304260570879,0.0478106252849102,0.002275513019412756,0.25,0.250732421875,8.221772441174835e-05,0.17203304260570879,307,9.799773662322511e-07,1.61119001545012
593,8.0,500.0,0.02,0.1602840705808172,0.1601907564341942,0.17203102535631326,0.0478096604347229,0.002275224309414625,0.2499999850988388,0.250732421875,8.231504762079567e-05,0.17203102535631326,307,9.79211451497102e-07,1.6109422910958529
594,8.0,500.0,0.02,0.16028286726296023,0.16018955919042305,0.1720290539090879,0.04780866205692291,0.0022749705240130424,0.2499999850988388,0.250732421875,8.221307507483289e-05,0.1720290539090879,307,9.784032771412285e-07,1.5927138086408377
595,8.0,500.0,0.02,0.16028165572769942,0.1601883531443775,0.17202711965960674,0.04780763387680054,0.002274747472256422,0.25,0.250732421875,8.18863554741256e-05,0.17202711965960674,307,9.775605451244428e-07,1.608546992763877
596,8.0,500.0,0.02,0.16028043154142638,0.1601871339444055,0.172025220121884,0.04780658707022667,0.002274550497531891,0.25,0.250732421875,8.131681533996016e-05,0.172025220121884,307,9.766906487975002e-07,1.60638677328825
597,8.0,500.0,0.02,0.16027921192383499,0.16018591881951424,0.17202336977468569,0.04780552163720131,0.0022743791341781616,0.25,0.250732421875,8.049464668147266e-05,0.17202336977468569,307,9.76980863659802e-07,1.5454172510653734
598,8.0,500.0,0.02,0.16027800909435544,0.16018472003197465,0.17202157593759002,0.047804441303014755,0.0022742310538887978,0.25,0.250732421875,7.9421850387007e-05,0.17202157593759002,307,9.775645385291087e-07,1.5726679489016533
599,8.0,500.0,0.02,0.16027682298106002,0.16018353757318904,0.17201984000459952,0.0478033572435379,0.002274102531373501,0.25,0.250732421875,7.811369869159535e-05,0.17201984000459952,307,9.781202055091703e-07,1.6104592625051737
