iteration,total_objective,thermal_smooth,exact_continuous_tmax,total_variation,binarization_penalty,continuous_material_fraction,binary_material_fraction,projection_absolute_error,material_logit_mean,material_logit_std,material_logit_minimum,material_logit_maximum,material_std,hidden_state_rms,delta_state_rms,maximum_absolute_delta,maximum_absolute_state,gradient_norm_before_clipping,gradient_norm_after_clipping,conv3x3_weight_gradient_norm,conv1x1_weight_gradient_norm,all_parameter_gradients_finite,maximum_cg_iterations,maximum_explicit_relative_residual,all_cg_converged,finite,wall_seconds
0,0.6644396611045551,0.6644396611045551,0.717857933544868,0.0,0.1874999701976776,0.24999994039535522,0.0,5.960464477539063e-08,0.0,0.0,0.0,0.0,0.0,0.0,0.0,0.0,0.0,0.08699973830972338,0.08699973830972338,0.0,0.08699973672628403,True,294,9.880164372320056e-07,True,True,2.1646026000089478
1,0.6638363147984235,0.6638360549276439,0.7170092570519694,0.00025987077970057726,0.18749412894248962,0.2499999701976776,0.0,2.9802322387695312e-08,0.0032630199566483498,0.006673080381006002,-0.0008307944517582655,0.023112736642360687,0.002426415216177702,0.0,2.9016186090302654e-05,0.0003615128807723522,0.023112736642360687,0.09640509335272619,0.09640509335272619,0.0021549584344029427,0.09638086706399918,True,294,9.977585883174825e-07,True,True,1.7370512000052258
2,0.6630663029581216,0.6630657338584448,0.7159364447898303,0.0005690996767953038,0.18747198581695557,0.2499999701976776,0.0,2.9802322387695312e-08,0.0005259751342236996,0.01442064717411995,-0.006497054360806942,0.0434541180729866,0.005290495231747627,0.00724825682118535,0.00012330018216744065,0.0006897876155562699,0.0434541180729866,0.11275953893054019,0.11275953893054019,0.00482169957831502,0.11265572905540466,True,295,9.69094805664675e-07,True,True,1.7630234000098426
3,0.6620378234236074,0.6620368711042489,0.7145836341251932,0.0009523193584755063,0.18742288649082184,0.2499999701976776,0.0,2.9802322387695312e-08,-0.002268349751830101,0.02369888499379158,-0.012120000086724758,0.06832011044025421,0.008780143223702908,0.015591147355735302,0.0002535977982915938,0.0011191882658749819,0.06832011044025421,0.1348376527590043,0.1348376527590043,0.008331294171512127,0.13457804918289185,True,303,9.879911654380007e-07,True,True,1.826688600005582
4,0.6606236738051828,0.6606222345662843,0.712762986217651,0.0014392388984560966,0.1873265951871872,0.2499999850988388,0.0,1.4901161193847656e-08,-0.004686044529080391,0.035127054899930954,-0.01931161992251873,0.10006161034107208,0.01316829677671194,0.024539778009057045,0.00039657301385886967,0.0017194136744365096,0.10006161034107208,0.16489493465845428,0.16489493465845428,0.013098621740937233,0.16436901688575745,True,305,9.948522777660843e-07,True,True,1.8446067000040784
5,0.6586178734860467,0.6586157977452121,0.7102536983862354,0.002075740834698081,0.18714436888694763,0.25,0.0,0.0,-0.006501569412648678,0.04959322512149811,-0.027270721271634102,0.14163611829280853,0.018858563154935837,0.03500170633196831,0.0005659775342792273,0.00259471801109612,0.14163611829280853,0.20640959450459231,0.20640959450459231,0.01980503462255001,0.20544610917568207,True,305,9.601070301774979e-07,True,True,1.9674905000138097
6,0.6556972880211637,0.6556943569108357,0.7067139086986446,0.002931110328063369,0.18679991364479065,0.25,0.0,0.0,-0.007317826151847839,0.06838210672140121,-0.036128509789705276,0.1974201202392578,0.026459041982889175,0.048231739550828934,0.0007829499081708491,0.003915894310921431,0.1974201202392578,0.26378645612674484,0.26378645612674484,0.029414884746074677,0.26211655139923096,True,305,9.991093957196637e-07,True,True,1.9770902000018395
7,0.6513635316521568,0.6513594164604029,0.7013847014692943,0.004115191753953695,0.18613582849502563,0.25,0.0,0.0,-0.006507697980850935,0.09346690028905869,-0.046133916825056076,0.27418115735054016,0.036934737116098404,0.06581252068281174,0.001076670945622027,0.005971566308289766,0.27418115735054016,0.34095358692806743,0.34095358692806743,0.043081607669591904,0.33816713094711304,True,304,9.87040204097917e-07,True,True,1.968093300005421
8,0.6449215701720531,0.644915766316917,0.6933153351526186,0.005803855136036873,0.18481214344501495,0.2499999701976776,0.0,2.9802322387695312e-08,-0.002914023818448186,0.12797406315803528,-0.0575227253139019,0.3828577995300293,0.051844410598278046,0.09022773802280426,0.0014956325758248568,0.009269433096051216,0.3828577995300293,0.43562528984835935,0.43562528984835935,0.061335768550634384,0.4311739206314087,True,303,9.705797511357893e-07,True,True,2.035816000017803
9,0.6356606894289657,0.6356524145943626,0.681709576271556,0.008274834603071213,0.1820666790008545,0.2499999850988388,0.0,1.4901161193847656e-08,0.005353560671210289,0.17708471417427063,-0.07072491943836212,0.54160475730896,0.07371099293231964,0.12571538984775543,0.0021264348179101944,0.014727192930877209,0.54160475730896,0.5238126750703046,0.5238126750703046,0.0812901183962822,0.5172541737556458,True,300,9.872606075219417e-07,True,True,1.9955981000093743
10,0.6236394831798848,0.6236275554224726,0.6666789361455813,0.011927757412195206,0.17616809904575348,0.25,0.07568359375,0.0,0.021243087947368622,0.250058114528656,-0.08696643263101578,0.7823331356048584,0.10645142942667007,0.1797219216823578,0.0031295246444642544,0.02404584363102913,0.7823331356048584,0.5345378500792306,0.5345378500792306,0.09081687033176422,0.5264372825622559,True,298,9.8672779534202e-07,True,True,1.954896999988705
11,0.6114696197084151,0.6114525591212324,0.650367776367092,0.01706058718264103,0.16366881132125854,0.2499999850988388,0.1123046875,1.4901161193847656e-08,0.049863070249557495,0.36392179131507874,-0.10897167772054672,1.162073016166687,0.15437346696853638,0.2668176293373108,0.004828328732401133,0.04019349068403244,1.162073016166687,0.3705988669995657,0.3705988669995657,0.06907428801059723,0.3637753129005432,True,298,9.633946491385667e-07,True,True,1.9606022000079975
12,0.6043734358468129,0.60435068106959,0.6386947288337183,0.02275477722287178,0.14173083007335663,0.25,0.1337890625,0.0,0.0993753969669342,0.5430951118469238,-0.1407499462366104,1.7533721923828125,0.21393732726573944,0.4123890697956085,0.0077888998202979565,0.06507440656423569,1.7533721923828125,0.12252352112660708,0.12252352112660708,0.03327536955475807,0.1177535429596901,True,302,9.819058919484981e-07,True,True,1.9867010999878403
13,0.6020015430368671,0.6019748755090127,0.6326604958832218,0.026667527854442596,0.1182209774851799,0.2499999701976776,0.141845703125,2.9802322387695312e-08,0.1714859902858734,0.7764180898666382,-0.18000131845474243,2.480292797088623,0.2632090747356415,0.6220988035202026,0.012075977399945259,0.08746568858623505,2.480292797088623,0.08666334220235601,0.08666334220235601,0.03829384967684746,0.07644156366586685,True,298,9.854405845744111e-07,True,True,1.970925300003728
14,0.5980538317087176,0.5980244225478801,0.626506123391713,0.02940916083753109,0.1007084995508194,0.25,0.16064453125,0.0,0.26152026653289795,1.012882113456726,-0.2148846834897995,3.1481189727783203,0.29460397362709045,0.863744854927063,0.0167863667011261,0.09694766253232956,3.1481189727783203,0.17125196149187003,0.17125196149187003,0.06021007150411606,0.15803471207618713,True,296,9.913783475939874e-07,True,True,1.9591266000061296
15,0.5890111387201937,0.5889783978143128,0.616048763969047,0.03274090588092804,0.08631213009357452,0.2499999850988388,0.16845703125,1.4901161193847656e-08,0.3671588897705078,1.231647253036499,-0.24415943026542664,3.704120635986328,0.3181003928184509,1.11448073387146,0.021362340077757835,0.09941721707582474,3.704120635986328,0.3269291650291493,0.3269291650291493,0.10347231477499008,0.30873459577560425,True,293,9.879666958282584e-07,True,True,1.9361807000241242
16,0.5745894614429123,0.5745518709094174,0.600618639599415,0.03759053349494934,0.07101507484912872,0.25,0.196044921875,0.0,0.49400317668914795,1.432111144065857,-0.2674473226070404,4.16346549987793,0.3412988781929016,1.3638166189193726,0.025739584118127823,0.09990985691547394,4.16346549987793,0.36935574906555946,0.36935574906555946,0.10722783207893372,0.342370867729187,True,293,9.96541678266664e-07,True,True,1.9869043000217061
17,0.5607726657416985,0.5607297041740582,0.5860588635163185,0.042961567640304565,0.05170870199799538,0.2499999850988388,0.2265625,1.4901161193847656e-08,0.5225828289985657,1.6659821271896362,-0.4330570101737976,4.530337810516357,0.36849868297576904,1.6058564186096191,0.03012596257030964,0.09998807311058044,4.530337810516357,0.3113666333083461,0.3113666333083461,0.07596869766712189,0.2563770115375519,True,290,9.771198968529047e-07,True,True,1.966793300001882
18,0.5505778170287529,0.550531223694227,0.5753137023474094,0.04659333452582359,0.03227938339114189,0.25,0.245849609375,0.0,0.3194315433502197,2.0097060203552246,-0.9157988429069519,4.820766925811768,0.393980473279953,1.879238486289978,0.03601141646504402,0.0999986007809639,4.820766925811768,0.1586291218094408,0.1586291218094408,0.05113592743873596,0.14044982194900513,True,287,9.844255507352157e-07,True,True,1.9750939999939874
19,0.5461002714234356,0.5460524117584292,0.5706029870091428,0.047859665006399155,0.02204364910721779,0.2499999850988388,0.24658203125,1.4901161193847656e-08,0.03246539831161499,2.3923492431640625,-1.5068516731262207,5.048489570617676,0.4067632257938385,2.215911865234375,0.043931994587183,0.09999983757734299,5.048489570617676,0.33390146166979856,0.33390146166979856,0.03947347402572632,0.0765242725610733,True,286,9.78342945914075e-07,True,True,1.9052860999945551
20,0.5432673906674401,0.5432194739160852,0.5677730587831941,0.047916751354932785,0.020991137251257896,0.25,0.25244140625,0.0,-0.0007216855883598328,2.6316230297088623,-1.7752691507339478,5.22338342666626,0.40805497765541077,2.4678444862365723,0.04919898882508278,0.09999998658895493,5.22338342666626,0.48450311868663437,0.48450311868663437,0.034213289618492126,0.09204341471195221,True,286,9.964608681889578e-07,True,True,1.8979865000001155
21,0.5396962638985469,0.5396489076618208,0.5643688762126997,0.04735623672604561,0.026924442499876022,0.2499999850988388,0.255615234375,1.4901161193847656e-08,0.33160221576690674,2.6613693237304688,-1.6062099933624268,5.358841896057129,0.4007188081741333,2.5525434017181396,0.05020792782306671,0.10000000149011612,5.358841896057129,0.3995196227961948,0.3995196227961948,0.029983259737491608,0.07677105814218521,True,285,9.715698749030933e-07,True,True,1.8915070000221021
22,0.5446352820276078,0.5445908840997872,0.5702858553531958,0.044397927820682526,0.051977913826704025,0.24999995529651642,0.244140625,4.470348358154297e-08,2.3560688495635986,1.4786847829818726,1.3085107803344727,5.465920925140381,0.36813321709632874,2.730079174041748,0.05401257798075676,0.10000000149011612,5.465920925140381,3.984382299316511,0.9999997501728141,0.10127314925193787,0.7300736904144287,True,285,9.61749768853358e-07,True,True,1.8782083000114653
23,0.5422974127826965,0.5422527978269136,0.5679885712425342,0.04461495578289032,0.05162598937749863,0.25,0.244384765625,0.0,2.457005262374878,1.5004292726516724,1.359920620918274,5.542428016662598,0.3686109185218811,2.836322784423828,0.055973563343286514,0.10000000149011612,5.542428016662598,4.799902411846742,0.9999998163674759,0.11617530137300491,0.8755202889442444,True,284,9.656243052514308e-07,True,True,1.8845111000118777
24,0.534648139159881,0.5346013424915601,0.5596130021291785,0.04679666832089424,0.03288014978170395,0.25,0.257568359375,0.0,0.2890958786010742,3.111485481262207,-2.165980577468872,5.600279808044434,0.3932172656059265,3.018587589263916,0.0593603141605854,0.10000000149011612,5.600279808044434,0.3027385474759694,0.3027385474759694,0.03297019749879837,0.06040853634476662,True,283,9.87752744706148e-07,True,True,1.8757599999953527
25,0.5350412978959651,0.5349940255863042,0.5598468528770179,0.04727230966091156,0.0267495047301054,0.25,0.2578125,0.0,-0.21391701698303223,3.4374635219573975,-2.767322540283203,5.648737907409668,0.4009369909763336,3.331794261932373,0.06491600722074509,0.10000000149011612,5.648737907409668,0.8630939339958138,0.8630939339958138,0.036076612770557404,0.15774279832839966,True,284,9.996121225652675e-07,True,True,1.9034699999901932
26,0.5332076121283739,0.533160468531218,0.5580834403665946,0.0471435971558094,0.028308376669883728,0.2499999850988388,0.25830078125,1.4901161193847656e-08,-0.20185527205467224,3.513889789581299,-2.8487441539764404,5.690502166748047,0.3989882469177246,3.4148547649383545,0.06615453213453293,0.10000000149011612,5.690502166748047,1.110862000167297,0.9999992434425024,0.0413992740213871,0.2023583948612213,True,284,9.825049531355994e-07,True,True,1.8673999999882653
27,0.5306940352438785,0.5306478579385974,0.5560499447419535,0.04617730528116226,0.040521617978811264,0.25,0.258056640625,0.0,0.5214635133743286,3.2593634128570557,-2.261324405670166,5.726816177368164,0.3833775818347931,3.216958999633789,0.0626111701130867,0.10000000149011612,5.726816177368164,0.5195283263534949,0.5195283263534949,0.03066619113087654,0.09853646904230118,True,281,9.9673362119487e-07,True,True,1.8567461999773514
28,0.5339218907615112,0.5338769678546058,0.559920360811988,0.044922906905412674,0.05337389558553696,0.2500000298023224,0.255859375,2.9802322387695312e-08,2.725123882293701,1.6039764881134033,1.38968026638031,5.755991458892822,0.36623236536979675,3.144434928894043,0.06107309088110924,0.10000000149011612,5.755991458892822,10.463025585648037,0.999999979575926,0.21879220008850098,1.876281499862671,True,281,9.9416887654095e-07,True,True,1.8608709999825805
29,0.5281780623342355,0.5281319851349552,0.5536567064308308,0.04607719928026199,0.041920389980077744,0.25,0.25830078125,0.0,0.4470016360282898,3.4216883182525635,-2.4909770488739014,5.7789626121521,0.3815489411354065,3.372624397277832,0.06525534391403198,0.10000000149011612,5.7789626121521,0.8527101883141803,0.8527101883141803,0.033899519592523575,0.15638266503810883,True,281,9.99770186735428e-07,True,True,1.8619832000113092
30,0.5282788145700543,0.5282316809976547,0.5532625639905391,0.04713357239961624,0.028641194105148315,0.25,0.262939453125,0.0,-0.4025273025035858,3.8173940181732178,-3.2747368812561035,5.79686164855957,0.3985709547996521,3.7503976821899414,0.07113154977560043,0.10000000149011612,5.79686164855957,1.0208769927446877,0.9999991371071482,0.0331571064889431,0.18292957544326782,True,284,9.930383468148068e-07,True,True,1.7660507999826223
31,0.5284731313571857,0.5284258847259508,0.5534258261968661,0.04724663123488426,0.027291972190141678,0.25,0.2646484375,0.0,-0.5070944428443909,3.8911705017089844,-3.4022302627563477,5.813959121704102,0.40025994181632996,3.8385279178619385,0.07234833389520645,0.10000000149011612,5.813959121704102,2.2359513715976673,0.9999995454559404,0.05720985680818558,0.40059545636177063,True,285,9.692496350045803e-07,True,True,1.9166696000029333
32,0.5254110573200045,0.5253641713043211,0.550590759045582,0.04688601568341255,0.032979268580675125,0.2499999850988388,0.268310546875,1.4901161193847656e-08,-0.25375157594680786,3.8418145179748535,-3.245570659637451,5.830502986907959,0.39309123158454895,3.7710041999816895,0.07136847078800201,0.10000000149011612,5.830502986907959,1.0865534417350355,0.9999991138769466,0.041263654828071594,0.19429637491703033,True,283,9.837702180696464e-07,True,True,1.9116195999959018
33,0.5359658466023702,0.5359232038413484,0.5629983087718432,0.04264276102185249,0.06861674040555954,0.2500000298023224,0.244384765625,2.9802322387695312e-08,3.417259931564331,1.2270506620407104,2.485729932785034,5.8452301025390625,0.34479454159736633,3.6234047412872314,0.06985312700271606,0.10000000149011612,5.8452301025390625,11.479120691571378,0.9999998946250288,0.2228400856256485,2.033576011657715,True,282,9.740409523254587e-07,True,True,1.8877547000010964
34,0.5451839041408884,0.5451444036473321,0.5733486161922988,0.03950049355626106,0.08496920019388199,0.2500000596046448,0.239013671875,5.960464477539063e-08,3.767716407775879,1.0044329166412354,3.065410614013672,5.856639862060547,0.32020434737205505,3.8912432193756104,0.07368621975183487,0.10000000149011612,5.856847286224365,6.619393251166733,0.9999998137335827,0.1289844810962677,1.169495940208435,True,283,9.982964442333189e-07,True,True,1.8817771000030916
35,0.5364999674943556,0.5364580133122672,0.5638702655902725,0.04195418208837509,0.07291251420974731,0.2500000596046448,0.24462890625,5.960464477539063e-08,3.5510194301605225,1.1619901657104492,2.6814022064208984,5.865306854248047,0.3385077714920044,3.731309175491333,0.07146374881267548,0.10000000149011612,5.866832733154297,11.45348997860577,0.9999998696439961,0.2179587334394455,2.0218844413757324,True,282,9.94837314743291e-07,True,True,1.8820636000018567
36,0.5209697432083252,0.5209231532451871,0.5463960738157474,0.046589963138103485,0.03674766793847084,0.2499999701976776,0.264892578125,2.9802322387695312e-08,-0.16569477319717407,3.9161126613616943,-3.2900853157043457,5.871758937835693,0.3882683515548706,3.8494763374328613,0.07250016182661057,0.10000000149011612,5.874241352081299,0.11474557314312045,0.11474557314312045,0.031007817015051842,0.02884477563202381,True,280,9.711764459447474e-07,True,True,1.9145043999888003
37,0.5247631181673467,0.5247154708997667,0.5497351533022274,0.04764726758003235,0.026141144335269928,0.25,0.261474609375,0.0,-0.646079957485199,4.063824653625488,-3.660168409347534,5.876748085021973,0.40169498324394226,4.043158531188965,0.07493099570274353,0.10000000149011612,5.880428314208984,1.5647688167368905,0.9999992908295179,0.06464406102895737,0.28084543347358704,True,282,9.910262503733523e-07,True,True,1.8489111999806482
38,0.5227120713372864,0.5226641876478828,0.5476531201911801,0.047883689403533936,0.024593813344836235,0.25,0.261474609375,0.0,-0.7009488344192505,4.08234167098999,-3.7045512199401855,5.881192207336426,0.40361636877059937,4.071948051452637,0.07534375786781311,0.10000000149011612,5.886253833770752,0.4839191052674681,0.4839191052674681,0.06422173976898193,0.09251384437084198,True,282,9.678774643012946e-07,True,True,1.8729765000171028
39,0.5204691269602385,0.5204214092511442,0.5455008386397994,0.047717709094285965,0.02642819657921791,0.25,0.26220703125,0.0,-0.6226240992546082,4.069137096405029,-3.6503896713256836,5.8839430809021,0.40133750438690186,4.048233985900879,0.07511299103498459,0.10000000149011612,5.890732765197754,0.7517810801762534,0.7517810801762534,0.049895793199539185,0.13628847897052765,True,282,9.740240711965314e-07,True,True,1.8350148999888916
40,0.5186015930977803,0.5185537859295648,0.5435680373745521,0.04780716821551323,0.023465070873498917,0.2499999850988388,0.2705078125,1.4901161193847656e-08,-0.7598652839660645,4.1111860275268555,-3.742151975631714,5.884238243103027,0.40501222014427185,4.112639427185059,0.07606081664562225,0.10000000149011612,5.892699718475342,0.5036381441821528,0.5036381441821528,0.03011307492852211,0.09074915200471878,True,281,9.94539481107207e-07,True,True,1.7701338999904692
41,0.516890022337721,0.516842208054201,0.5418953725813503,0.04781428351998329,0.023937135934829712,0.25,0.270751953125,0.0,-0.7542650699615479,4.110846519470215,-3.730926990509033,5.884352207183838,0.40442904829978943,4.111905097961426,0.07606761902570724,0.10000000149011612,5.894617080688477,0.5034640941988567,0.5034640941988567,0.03076358325779438,0.09067507833242416,True,282,9.905338045909134e-07,True,True,1.9951197999762371
42,0.5134603531083393,0.5134126496931839,0.5385993134309237,0.04770341515541077,0.027381636202335358,0.2499999850988388,0.27197265625,1.4901161193847656e-08,-0.5916038155555725,4.0593976974487305,-3.6116490364074707,5.884089946746826,0.4001478850841522,4.038054943084717,0.07519463449716568,0.10000000149011612,5.89665412902832,0.8437822070887171,0.8437822070887171,0.040911268442869186,0.1504344940185547,True,281,9.81443860739085e-07,True,True,1.8620944999856874
43,0.5131002596440281,0.5130537602501477,0.5389316822675988,0.04649939388036728,0.04246050864458084,0.2499999701976776,0.27001953125,2.9802322387695312e-08,0.21022918820381165,3.787247896194458,-3.00272798538208,5.883646488189697,0.3808405101299286,3.7380475997924805,0.07116390019655228,0.10000000149011612,5.898746013641357,0.31683606015025595,0.31683606015025595,0.033787794411182404,0.062374234199523926,True,279,9.522100276674441e-07,True,True,1.8469090999860782
44,0.5337340595700313,0.5336937925793697,0.5620274218636592,0.040266990661621094,0.0823163315653801,0.2499999701976776,0.223876953125,2.9802322387695312e-08,3.760840892791748,1.0335367918014526,3.03387451171875,5.881868362426758,0.3243202865123749,3.905703067779541,0.0739772692322731,0.10000000149011612,5.899637222290039,11.443094260597453,0.999999879077984,0.21398501098155975,1.9993445873260498,True,282,9.96092754752893e-07,True,True,1.7370906999858562
45,0.5284664922373615,0.5284249652715646,0.5563434821314617,0.04152696579694748,0.0760648250579834,0.24999991059303284,0.22900390625,8.940696716308594e-08,3.638456344604492,1.1101301908493042,2.837158441543579,5.8789896965026855,0.3338190019130707,3.8116869926452637,0.07270864397287369,0.10000000149011612,5.899049758911133,15.447120206664716,0.9999998638783131,0.28822553157806396,2.6973929405212402,True,280,9.842219848300226e-07,True,True,1.8355031000101008
46,0.5052812785507954,0.5052335919068969,0.5307880473359078,0.04768664389848709,0.033692456781864166,0.25,0.255859375,0.0,-0.2350648045539856,3.8994460105895996,-3.288045883178711,5.87515926361084,0.3921830356121063,3.851439952850342,0.07278601080179214,0.10000000149011612,5.897214412689209,0.48096627576821416,0.48096627576821416,0.05723708122968674,0.09263459593057632,True,284,9.891629088200057e-07,True,True,1.8856515000225045
47,0.5092699929052346,0.5092210263931506,0.5343043767363135,0.04896651208400726,0.018225038424134254,0.2499999701976776,0.259033203125,2.9802322387695312e-08,-0.8940204381942749,4.058896064758301,-3.736879587173462,5.869126319885254,0.41143038868904114,4.097065448760986,0.07594916224479675,0.10000000149011612,5.8933281898498535,1.3707674638315552,0.9999993756609806,0.06809920072555542,0.24385172128677368,True,292,9.978660948223435e-07,True,True,1.9318456999899354
48,0.5052271265056668,0.5051778653082191,0.5304712652920622,0.049261197447776794,0.01604195311665535,0.25,0.2568359375,0.0,-1.0282702445983887,4.040607929229736,-3.798598289489746,5.862715721130371,0.41407492756843567,4.111622333526611,0.07610522955656052,0.10000000149011612,5.889422416687012,0.29532760714000655,0.29532760714000655,0.08172322064638138,0.06740762293338776,True,294,9.87475569094126e-07,True,True,1.914090699981898
49,0.5017618622602579,0.5017125728772637,0.5270753364946923,0.04928938299417496,0.015869207680225372,0.25,0.259765625,0.0,-1.0812180042266846,4.016129493713379,-3.802055835723877,5.854468822479248,0.4142834544181824,4.10361385345459,0.07618461549282074,0.10000000149011612,5.884286403656006,0.6689231571460101,0.6689231571460101,0.033214885741472244,0.11832619458436966,True,293,9.99091782706127e-07,True,True,1.8923874000029173
50,0.4981178074216861,0.498068747114243,0.5236522855290245,0.04906030744314194,0.017598211765289307,0.2499999701976776,0.26171875,2.9802322387695312e-08,-0.9760873317718506,3.976598024368286,-3.6926982402801514,5.846202373504639,0.4121914207935333,4.040600776672363,0.07545463740825653,0.10000000149011612,5.8791399002075195,1.4325341987576028,0.9999993119095073,0.061067745089530945,0.2515698969364166,True,294,9.940044604497455e-07,True,True,1.9553807000047527
51,0.4922375022108438,0.49218922516058705,0.5182321530686749,0.048277050256729126,0.02757842093706131,0.25,0.2626953125,0.0,-0.39767661690711975,3.795675039291382,-3.2253949642181396,5.837622165679932,0.39990195631980896,3.768082857131958,0.07193225622177124,0.10000000149011612,5.873851299285889,0.2077062414886818,0.2077062414886818,0.056061506271362305,0.050881750881671906,True,290,9.945951377213187e-07,True,True,1.9229903999948874
52,0.5193440650007476,0.5193029978698839,0.5477986481428649,0.041067130863666534,0.07566102594137192,0.25,0.232177734375,0.0,3.5204029083251953,1.1075940132141113,2.771644115447998,5.827011585235596,0.33442336320877075,3.709913969039917,0.07146162539720535,0.10000000149011612,5.866937160491943,18.430518766646003,0.9999998689101428,0.358713835477829,3.2038753032684326,True,289,9.955486153644725e-07,True,True,1.9208641999866813
53,0.5185796066377376,0.518539031368128,0.5473194466057515,0.04057526960968971,0.07683847844600677,0.2499999701976776,0.23193359375,2.9802322387695312e-08,3.5142247676849365,1.0950030088424683,2.787670612335205,5.815737247467041,0.33265823125839233,3.7020950317382812,0.07138872146606445,0.10000000149011612,5.858977317810059,17.912081783125263,0.9999999270100358,0.3524758219718933,3.112088441848755,True,290,9.410531494901546e-07,True,True,1.915210000006482
54,0.48589815716529394,0.4858508175396373,0.513695010216345,0.04733962565660477,0.027585985139012337,0.2499999850988388,0.251708984375,1.4901161193847656e-08,-0.3373104929924011,3.669459819793701,-3.034303903579712,5.8036723136901855,0.39989250898361206,3.6417195796966553,0.07033990323543549,0.10000000149011612,5.850977420806885,0.09116782120954013,0.09116782120954013,0.06302269548177719,0.03524778410792351,True,295,9.972129122874364e-07,True,True,1.914918900001794
55,0.4860874460876092,0.48604646829665743,0.514171184039865,0.04097779095172882,0.015197974629700184,0.2499999850988388,0.24609375,1.4901161193847656e-08,-0.8552330732345581,3.741363525390625,-3.436039924621582,5.791594982147217,0.415092796087265,3.792234182357788,0.0726863220334053,0.10000000149011612,5.842533111572266,2.7958250067859907,0.9999996677538963,0.1092410534620285,0.4836549162864685,True,304,9.670598099143615e-07,True,True,1.945051999995485
56,0.48613811882422847,0.48609956451342984,0.5145406740906098,0.03855431079864502,0.015224779956042767,0.25,0.2568359375,0.0,-0.7768952250480652,3.6965010166168213,-3.402832269668579,5.780933856964111,0.41506052017211914,3.7338247299194336,0.07201435416936874,0.10000000149011612,5.834949493408203,1.7305754172388255,0.9999994720287501,0.056289270520210266,0.29912269115448,True,305,9.89208727575445e-07,True,True,1.9634896000206936
57,0.4802371764238705,0.4801913471389343,0.5111752647915908,0.04582928493618965,0.040287505835294724,0.2499999850988388,0.248291015625,1.4901161193847656e-08,0.9807578325271606,2.873000144958496,-2.7348110675811768,5.771345615386963,0.3836827874183655,3.0215911865234375,0.05878591537475586,0.10000000149011612,5.828099250793457,15.383192521892786,0.9999999691612901,0.31713077425956726,2.673189878463745,True,295,9.983538800903132e-07,True,True,1.908815799979493
58,0.49117835003904464,0.4911351826751924,0.5246287356953785,0.0431673638522625,0.05853056162595749,0.2499999701976776,0.231201171875,2.9802322387695312e-08,2.8373589515686035,1.497192621231079,-2.0094425678253174,5.76060152053833,0.3591231107711792,3.2383103370666504,0.0643712654709816,0.10000000149011612,5.819949150085449,68.79718645588616,1.000000013649114,1.3897700309753418,11.931685447692871,True,297,9.886730936379304e-07,True,True,1.9348640000098385
59,0.47727317961865146,0.47723650765233716,0.5100707754788262,0.036671966314315796,0.015109818428754807,0.25,0.25146484375,0.0,-0.6370078325271606,3.5742111206054688,-3.606564521789551,5.749053955078125,0.41519895195961,3.591320753097534,0.07030127942562103,0.10000000149011612,5.810790061950684,2.8898849706163094,0.9999997161241175,0.0805770754814148,0.5020539164543152,True,307,9.555852843291763e-07,True,True,2.014380100008566
60,0.47450603346519793,0.4744696226044806,0.5075702425638634,0.0364108607172966,0.016841767355799675,0.25,0.260498046875,0.0,-0.5425282716751099,3.5236077308654785,-3.6199381351470947,5.737987995147705,0.4131080210208893,3.5274055004119873,0.06936761736869812,0.10000000149011612,5.802247524261475,3.847291836951819,0.9999997968084928,0.09359581023454666,0.6682217121124268,True,304,9.70247339149578e-07,True,True,2.044859700021334
61,0.5116614640284394,0.5116243249777769,0.5494054629513524,0.03713905066251755,0.08505731076002121,0.25,0.19384765625,0.0,3.2982938289642334,1.1875954866409302,-0.9493134617805481,5.732298851013184,0.3200667202472687,3.5386738777160645,0.06967180222272873,0.10000000149011612,5.797593593597412,17.13635937822948,0.9999998504793957,0.35554781556129456,2.9640228748321533,True,302,9.906440768302436e-07,True,True,1.9792139999917708
62,0.5137045295914986,0.513668140426872,0.5530501390596652,0.03638916462659836,0.08618762344121933,0.2500000596046448,0.193603515625,5.960464477539063e-08,3.2881274223327637,1.2151051759719849,-1.9675195217132568,5.726220607757568,0.3182961046695709,3.539642810821533,0.0697542279958725,0.10000000149011612,5.793662071228027,16.134849012797414,0.9999998600141918,0.3355993330478668,2.7920491695404053,True,303,9.523875546830616e-07,True,True,1.9772983999864664
63,0.4685383721372247,0.4685019504061103,0.5048132634722259,0.03642173111438751,0.020357176661491394,0.2499999850988388,0.25244140625,1.4901161193847656e-08,-0.3833308815956116,3.401967763900757,-3.825208902359009,5.719118118286133,0.40883103013038635,3.39023494720459,0.06749227643013,0.10000000149011612,5.788555145263672,1.9185189654874395,0.9999994431989763,0.04848041757941246,0.3349462151527405,True,304,9.92044665527722e-07,True,True,2.005305500002578
64,0.4672862761549525,0.4672500318817668,0.5055510007691193,0.03624427318572998,0.021704379469156265,0.25,0.254150390625,0.0,-0.25548237562179565,3.329289436340332,-3.885786294937134,5.713964939117432,0.4071801006793976,3.307802200317383,0.06629786640405655,0.10000000149011612,5.785375595092773,3.1853710762285607,0.999999793319004,0.08485637605190277,0.5513014793395996,True,304,9.932666969512644e-07,True,True,2.0148051000142004
65,0.5193288684600585,0.5192946397514635,0.5606349623016377,0.03422870859503746,0.094610296189785,0.2500000596046448,0.189453125,5.960464477539063e-08,3.339778423309326,1.1869913339614868,-2.8012373447418213,5.70929479598999,0.30477815866470337,3.580742835998535,0.0706200823187828,0.10000000149011612,5.782734394073486,11.030697279993403,0.9999999243496106,0.23358136415481567,1.9068241119384766,True,305,9.439887671168215e-07,True,True,1.9961976000049617
66,0.519758353509642,0.519724463198967,0.5617079953112992,0.03389031067490578,0.09466329216957092,0.2500000596046448,0.18212890625,5.960464477539063e-08,3.3120322227478027,1.2165170907974243,-3.0282392501831055,5.703366279602051,0.3046911954879761,3.5654752254486084,0.07046834379434586,0.10000000149011612,5.778778076171875,11.366641066948416,0.9999999375463208,0.24549129605293274,1.9622870683670044,True,305,9.92420908111384e-07,True,True,2.0060262999904808
67,0.46343176632554034,0.4633956443424592,0.5022082237574168,0.03612198308110237,0.024245567619800568,0.25,0.25732421875,0.0,-0.10774281620979309,3.208160161972046,-4.005044460296631,5.696537971496582,0.40404754877090454,3.1830079555511475,0.06440798938274384,0.10000000149011612,5.773713111877441,0.0784075535122451,0.0784075535122451,0.04985474795103073,0.034580960869789124,True,304,9.980619182281409e-07,True,True,2.003392000013264
68,0.4672932570473874,0.46725734527126195,0.505705817331499,0.03591177612543106,0.011270813643932343,0.2499999850988388,0.2578125,1.4901161193847656e-08,-0.8769216537475586,3.4445102214813232,-4.143426895141602,5.686193943023682,0.41979658603668213,3.5209360122680664,0.06993098556995392,0.10000000149011612,5.766078472137451,1.5622624230017765,0.9999994377991833,0.04691163823008537,0.2717439830303192,True,308,9.943904337000048e-07,True,True,2.046429000009084
69,0.4657056838866162,0.46566954611202954,0.5043526838751345,0.03613777458667755,0.012819318100810051,0.25,0.25830078125,0.0,-0.8285773992538452,3.4041247367858887,-4.154537677764893,5.675832748413086,0.4179481863975525,3.4714436531066895,0.06929575651884079,0.10000000149011612,5.758538722991943,3.0041832783139553,0.9999996359324799,0.07747083902359009,0.52187180519104,True,307,9.6980988165471e-07,True,True,2.01240730000427
70,0.46619074290044904,0.46615405987002256,0.5081784165747136,0.03668303042650223,0.03611248731613159,0.2499999701976776,0.2421875,2.9802322387695312e-08,1.2571706771850586,2.347841501235962,-3.8445682525634766,5.6659393310546875,0.38908547163009644,2.6758837699890137,0.05132126063108444,0.10000000149011612,5.751622200012207,124.36580037298805,1.0000000384419747,2.692037343978882,21.494115829467773,True,304,9.81955329909126e-07,True,True,2.0139057000051253
71,0.4649099247559932,0.4648734923481968,0.5082096615567344,0.036432407796382904,0.03418116271495819,0.2499999701976776,0.25146484375,2.9802322387695312e-08,1.0059523582458496,2.4828131198883057,-3.8834123611450195,5.654937744140625,0.3915594816207886,2.684063196182251,0.053023602813482285,0.10000000149011612,5.743466854095459,59.69678167503634,0.999999957963442,1.3036181926727295,10.318868637084961,True,305,9.899940476598759e-07,True,True,2.004756999987876
72,0.4632108681760892,0.46317485069857683,0.5053870755035758,0.03601747751235962,0.013476906344294548,0.2499999850988388,0.250244140625,1.4901161193847656e-08,-0.7892076969146729,3.3151021003723145,-4.1226115226745605,5.6427812576293945,0.4171607494354248,3.378077983856201,0.06821616739034653,0.10000000149011612,5.734083652496338,1.134329962709927,0.9999990850036917,0.06000683456659317,0.2010413408279419,True,306,9.87178821169373e-07,True,True,2.0206676999805495
73,0.4627215940410089,0.4626856606656503,0.5056493827393866,0.03593337535858154,0.014056559652090073,0.2499999701976776,0.251708984375,2.9802322387695312e-08,-0.7324069738388062,3.2862868309020996,-4.058608055114746,5.636343479156494,0.4164654016494751,3.3385331630706787,0.06765454262495041,0.10000000149011612,5.729955673217773,2.37401638580006,0.9999995391889606,0.05578039214015007,0.4125543534755707,True,305,9.986546913723435e-07,True,True,2.006727600004524
74,0.49241267212043827,0.49237769512768215,0.5365788466772362,0.03497699275612831,0.06561454385519028,0.2499999701976776,0.2197265625,2.9802322387695312e-08,2.5053977966308594,1.5564807653427124,-3.3244118690490723,5.631219387054443,0.34912097454071045,2.993919849395752,0.062121789902448654,0.10000000149011612,5.72710657119751,62.19729228011143,1.000000014124595,1.3903834819793701,10.740287780761719,True,306,9.770626743458938e-07,True,True,2.020761899999343
75,0.4884301998957408,0.4883950348615063,0.5325739016127602,0.03516503423452377,0.062172409147024155,0.24999994039535522,0.220703125,5.960464477539063e-08,2.415238857269287,1.581891417503357,-3.3938968181610107,5.624548435211182,0.35401633381843567,2.9320385456085205,0.06098390370607376,0.10000000149011612,5.722733974456787,74.20846218402826,1.000000082415972,1.6698269844055176,12.81442928314209,True,306,9.805660395585282e-07,True,True,2.0045955000096
76,0.46028709164933435,0.4602511991180586,0.503531679682557,0.03589253127574921,0.014707463793456554,0.25,0.2587890625,0.0,-0.6801818013191223,3.2373034954071045,-4.071811676025391,5.616425037384033,0.41568320989608765,3.2820191383361816,0.06675378978252411,0.10000000149011612,5.7168378829956055,4.143329907087417,0.9999997553770141,0.10281693935394287,0.7186537384986877,True,305,9.996580176053996e-07,True,True,2.0523534000094514
77,0.45887835470810906,0.45884239684641737,0.502171678212562,0.03595786169171333,0.01576642319560051,0.2499999701976776,0.259033203125,2.9802322387695312e-08,-0.6260939240455627,3.2061140537261963,-4.077537536621094,5.609177112579346,0.41440749168395996,3.2421112060546875,0.06616927683353424,0.10000000149011612,5.711903095245361,4.3913774429923205,0.9999997878999726,0.10981526970863342,0.7612294554710388,True,304,9.697089336651133e-07,True,True,1.9936654999910388
78,0.4951680872407589,0.4951335648414526,0.5399304538299528,0.0345223993062973,0.07000955939292908,0.25,0.21337890625,0.0,2.543567419052124,1.4858601093292236,-3.520235538482666,5.602712631225586,0.3427687883377075,2.9950008392333984,0.06236362084746361,0.10000000149011612,5.707755088806152,49.06173429315111,1.0000001281113278,1.130736231803894,8.466046333312988,True,307,9.951921707395777e-07,True,True,2.1456175000057556
79,0.49070654419192733,0.4906717138377732,0.5356353454895477,0.034830354154109955,0.06567809730768204,0.2500000298023224,0.210205078125,2.9802322387695312e-08,2.428684711456299,1.5241611003875732,-3.530806303024292,5.594747066497803,0.3490299582481384,2.916680335998535,0.06095810979604721,0.10000000149011612,5.702117919921875,62.36821136598482,1.0000000233088122,1.4471948146820068,10.763060569763184,True,304,9.99294838186318e-07,True,True,2.0090871000138577
80,0.456399310592421,0.4563630971050343,0.499867521477315,0.03621348738670349,0.01670256443321705,0.2499999850988388,0.257080078125,1.4901161193847656e-08,-0.6085930466651917,3.1561315059661865,-4.0774970054626465,5.585514545440674,0.41327643394470215,3.1915719509124756,0.06544708460569382,0.10000000149011612,5.695216178894043,3.09167394316025,0.9999997272258475,0.08467873185873032,0.5362102389335632,True,303,9.794767817019555e-07,True,True,1.988696099986555
81,0.4554140854133028,0.455377823545571,0.4990193085922008,0.036261867731809616,0.01763204112648964,0.2499999850988388,0.25634765625,1.4901161193847656e-08,-0.565008282661438,3.122812032699585,-4.056391716003418,5.576417446136475,0.41215038299560547,3.1515984535217285,0.06485933810472488,0.10000000149011612,5.688615322113037,2.524883555163497,0.9999996408087918,0.06645287573337555,0.4379708468914032,True,302,9.935409986691947e-07,True,True,2.002567599993199
82,0.4953139943234836,0.4952796659670984,0.542244680636178,0.03432835638523102,0.0678882747888565,0.2499999701976776,0.20947265625,2.9802322387695312e-08,2.426815986633301,1.4874427318572998,-3.3948655128479004,5.567852020263672,0.34584924578666687,2.8981165885925293,0.06089187413454056,0.10000000149011612,5.682693958282471,48.943493500079896,1.0000000158366638,1.160643219947815,8.44638729095459,True,306,9.809601224137254e-07,True,True,1.996002200001385
83,0.48845400097610675,0.4884191926309677,0.5354368525945352,0.03480834513902664,0.06151110678911209,0.25,0.220703125,0.0,2.264211654663086,1.5476175546646118,-3.368574857711792,5.5576395988464355,0.35494914650917053,2.793607473373413,0.05888468772172928,0.10000000149011612,5.675177097320557,65.78152908911358,1.0000000637117548,1.5700384378433228,11.356475830078125,True,305,9.851848319836348e-07,True,True,1.9933737000101246
84,0.4553619883762662,0.45532591865900796,0.5000644096496425,0.03606971725821495,0.017263352870941162,0.25,0.247802734375,0.0,-0.5703786015510559,3.078878879547119,-3.9511592388153076,5.545793533325195,0.4125974476337433,3.111035108566284,0.06433457881212234,0.10000000149011612,5.666086196899414,0.7179571027654228,0.7179571027654228,0.10357499867677689,0.1338847428560257,True,299,9.851005514991827e-07,True,True,1.961936700012302
85,0.455073815683723,0.45503774373129063,0.49919103443468366,0.03607195243239403,0.01585310697555542,0.25,0.252685546875,0.0,-0.6663452982902527,3.1172358989715576,-3.944675922393799,5.548973083496094,0.41430288553237915,3.167184352874756,0.0651765987277031,0.10000000149011612,5.670220375061035,1.0974729156307352,0.9999991192782813,0.06392614543437958,0.19374226033687592,True,300,9.800833524852843e-07,True,True,1.9705306999967434
86,0.4534236825092598,0.4533874590865239,0.4982090986574165,0.03622342273592949,0.024969812482595444,0.2499999701976776,0.249755859375,2.9802322387695312e-08,-0.043480128049850464,2.8537256717681885,-3.5821328163146973,5.558684349060059,0.4031503200531006,2.84230899810791,0.05964874103665352,0.10000000149011612,5.680272102355957,2.1123198804485237,0.999999536657586,0.11083589494228363,0.36429843306541443,True,292,9.709156612612235e-07,True,True,1.9400463000056334
87,0.4526504501182817,0.45261419310460316,0.4963731302164895,0.03625701367855072,0.021575188264250755,0.25,0.2548828125,0.0,-0.3051787316799164,2.9916534423828125,-3.595949411392212,5.570311069488525,0.4073386788368225,2.9921107292175293,0.06218902766704559,0.10000000149011612,5.6918253898620605,1.27104724211868,0.9999992523513068,0.03619375452399254,0.2210189551115036,True,295,9.721642222857834e-07,True,True,1.9560201999847777
88,0.478224452733708,0.47818910262332615,0.522936162169524,0.03535011038184166,0.055266790091991425,0.2499999850988388,0.222412109375,1.4901161193847656e-08,2.1604411602020264,1.5627232789993286,-2.6553847789764404,5.580140590667725,0.36363884806632996,2.71923565864563,0.05677654594182968,0.10000000149011612,5.702185153961182,78.56783735992195,1.000000022263943,1.9152363538742065,13.561216354370117,True,303,9.791175528089338e-07,True,True,1.9923746999993455
89,0.45304539354232704,0.45300903562916073,0.49657027847384494,0.03635791316628456,0.028225086629390717,0.25,0.255126953125,0.0,0.2617639899253845,2.7303805351257324,-2.985166549682617,5.586742401123047,0.3990926146507263,2.73968505859375,0.057092081755399704,0.10000000149011612,5.709539890289307,4.369162627306257,0.9999998262402415,0.11697150021791458,0.7569085955619812,True,298,9.998960771156503e-07,True,True,1.9535834999987856
90,0.45533792850433413,0.4553019997334344,0.4985145078630158,0.035928770899772644,0.014703532680869102,0.25,0.255615234375,0.0,-0.695589542388916,3.174647092819214,-3.6626999378204346,5.589313983917236,0.4156879484653473,3.2342453002929688,0.06589122861623764,0.10000000149011612,5.713348388671875,2.253047163926716,0.9999995580037253,0.07406675070524216,0.39269956946372986,True,300,9.342784023447393e-07,True,True,1.9968464999983553
91,0.4555440904754781,0.45550821884680626,0.4986899947611705,0.03587162867188454,0.0140265803784132,0.25,0.25537109375,0.0,-0.7351083755493164,3.187652826309204,-3.6294164657592773,5.589790344238281,0.41650140285491943,3.2564284801483154,0.06619126349687576,0.10000000149011612,5.715643405914307,2.1718346297585045,0.9999994931612275,0.07464875280857086,0.37923577427864075,True,300,9.836981011180906e-07,True,True,1.9811954000033438
92,0.45243483856363487,0.4523987786178131,0.495685996537708,0.036059945821762085,0.019932037219405174,0.25,0.2548828125,0.0,-0.3649182617664337,3.0351669788360596,-3.3404812812805176,5.588044166564941,0.4093506634235382,3.0467891693115234,0.06284826248884201,0.10000000149011612,5.716454029083252,1.6542026333571702,0.9999994934538051,0.06279458105564117,0.2881172001361847,True,299,9.851490105891025e-07,True,True,2.013060299999779
93,0.5051736919247605,0.5051408536993958,0.5500859633153117,0.03283822536468506,0.08196380734443665,0.2499999701976776,0.19482421875,2.9802322387695312e-08,2.8205323219299316,1.1835384368896484,-1.4920669794082642,5.583787441253662,0.3248633146286011,3.1240460872650146,0.06407767534255981,0.10000000149011612,5.715485572814941,14.571672960137724,0.9999999959132627,0.38997194170951843,2.505385398864746,True,306,9.88111836047196e-07,True,True,2.0165188999962993
94,0.5130721033467147,0.5130402597738597,0.5581545436027842,0.03184357285499573,0.09029163420200348,0.25,0.1904296875,0.0,3.0047335624694824,1.075229287147522,-0.9389104247093201,5.57777214050293,0.3117825388908386,3.2590136528015137,0.06594906747341156,0.10000000149011612,5.712876319885254,8.384717321293492,0.9999997870554672,0.25111186504364014,1.4375149011611938,True,307,9.47520602470164e-07,True,True,2.080891799996607
95,0.5031789651684024,0.503146059139029,0.5480588862385796,0.032906029373407364,0.08057011663913727,0.2499999701976776,0.194580078125,2.9802322387695312e-08,2.7757210731506348,1.1810095310211182,-1.1956870555877686,5.570233345031738,0.32700133323669434,3.0851221084594727,0.06332526355981827,0.10000000149011612,5.708839416503906,13.988761447576806,0.9999999226788047,0.38655734062194824,2.404536008834839,True,305,9.94497950247552e-07,True,True,2.0431337999762036
96,0.4497009264437527,0.44966475019064256,0.4931573797663843,0.036176253110170364,0.024386778473854065,0.25,0.253662109375,0.0,-0.03771180659532547,2.8333704471588135,-2.869256019592285,5.56115198135376,0.4038727879524231,2.832843542098999,0.05901573225855827,0.10000000149011612,5.703392505645752,0.41097557672557194,0.41097557672557194,0.0408300943672657,0.07781381905078888,True,293,9.74990301896814e-07,True,True,2.1045718000095803
97,0.4520939806985645,0.45205810659629986,0.49532338798955655,0.035874102264642715,0.014233007095754147,0.25,0.2529296875,0.0,-0.748821496963501,3.1205995082855225,-3.35451078414917,5.545619010925293,0.4162535071372986,3.202256202697754,0.06535827368497849,0.10000000149011612,5.693265438079834,1.2637837890269332,0.9999993449104746,0.047627028077840805,0.22237896919250488,True,300,9.971991609028478e-07,True,True,1.975337900017621
98,0.4520791402313046,0.4520433121102981,0.49535522252018754,0.0358281210064888,0.013093184679746628,0.2499999850988388,0.254638671875,1.4901161193847656e-08,-0.8414124846458435,3.131735324859619,-3.378716468811035,5.527688503265381,0.4176204204559326,3.237407922744751,0.06591238081455231,0.10000000149011612,5.681710243225098,1.0567612024297297,0.9999990566610648,0.03970691189169884,0.18671497702598572,True,301,9.669213061395084e-07,True,True,2.0468491000065114
99,0.45012802858932055,0.4500922334073309,0.4938731633671634,0.0357951819896698,0.015122104436159134,0.2499999850988388,0.256103515625,1.4901161193847656e-08,-0.7004956603050232,3.05415678024292,-3.253058910369873,5.507225513458252,0.4151841700077057,3.1312618255615234,0.06430312246084213,0.10000000149011612,5.668660640716553,1.336094307146929,0.9999993649957174,0.04591190442442894,0.23529699444770813,True,298,9.880595828834948e-07,True,True,1.953861699992558
100,0.44899469395012787,0.448958916038584,0.49447079082158885,0.03577791154384613,0.0216665081679821,0.2499999850988388,0.254150390625,1.4901161193847656e-08,-0.18554577231407166,2.8084425926208496,-2.930112600326538,5.487731456756592,0.4072265923023224,2.8202762603759766,0.0589941181242466,0.10000000149011612,5.656961441040039,0.09106771117325646,0.09106771117325646,0.07710640877485275,0.03634616732597351,True,291,9.828887626084674e-07,True,True,1.9544380999868736
101,0.46802423556773654,0.4679892915139972,0.5133916696397091,0.03494405373930931,0.0496179461479187,0.2499999701976776,0.227294921875,2.9802322387695312e-08,1.8540045022964478,1.58542001247406,-2.139206886291504,5.477088928222656,0.37132471799850464,2.5062434673309326,0.05089716613292694,0.10000000149011612,5.652523517608643,39.512439366140725,1.0000000228396997,1.1282020807266235,6.8213043212890625,True,296,9.935675006878746e-07,True,True,1.9469690000114497
102,0.4734963531730778,0.4734618974527426,0.5188188698533883,0.03445572033524513,0.055297285318374634,0.25,0.22412109375,0.0,2.0087032318115234,1.485603928565979,-1.952433705329895,5.464077949523926,0.36359691619873047,2.5732414722442627,0.052806250751018524,0.10000000149011612,5.645949840545654,28.641509784224628,0.9999999602527775,0.8390681147575378,4.941758632659912,True,299,9.866666394450565e-07,True,True,1.9522614999732468
103,0.4477918264616254,0.44775596102066073,0.49327513786080096,0.03586544096469879,0.027448883280158043,0.2499999701976776,0.251708984375,2.9802322387695312e-08,0.3409727215766907,2.4866764545440674,-2.493093252182007,5.448753833770752,0.4000638723373413,2.5313777923583984,0.0523487813770771,0.10000000149011612,5.637307643890381,0.7818804626735395,0.7818804626735395,0.06336329132318497,0.13839909434318542,True,291,9.878248470909698e-07,True,True,1.9621434999862686
104,0.44706679074457617,0.44703114876515004,0.49246757617888576,0.035641979426145554,0.018932608887553215,0.2499999850988388,0.24951171875,1.4901161193847656e-08,-0.3764992654323578,2.83815598487854,-2.920492649078369,5.4379143714904785,0.41056957840919495,2.8759303092956543,0.059957146644592285,0.10000000149011612,5.632421970367432,0.4199974786589213,0.4199974786589213,0.07692914456129074,0.08135323226451874,True,293,9.727945352466844e-07,True,True,1.9633073000004515
105,0.44618138405492186,0.4461457480247843,0.4905735790813533,0.03563603013753891,0.01657017506659031,0.25,0.248779296875,0.0,-0.5736151337623596,2.921945095062256,-3.018266439437866,5.4358930587768555,0.4134365916252136,2.9908478260040283,0.061891138553619385,0.10000000149011612,5.6345343589782715,0.3402678630015848,0.3402678630015848,0.0641583651304245,0.06634246557950974,True,294,9.955552115771504e-07,True,True,1.9598747999989428
106,0.44539863044046346,0.44536295693390554,0.48903269708635566,0.03567350655794144,0.01583312824368477,0.2499999850988388,0.254150390625,1.4901161193847656e-08,-0.6430985927581787,2.955453634262085,-3.04547381401062,5.43934440612793,0.4143270254135132,3.0391242504119873,0.06261882185935974,0.10000000149011612,5.640887260437012,0.588305571130733,0.588305571130733,0.03010900504887104,0.10627911984920502,True,295,9.818412978164896e-07,True,True,1.9727957999857608
107,0.44459680140192864,0.444561108277992,0.4879896229552427,0.03569312393665314,0.016545597463846207,0.2499999850988388,0.25537109375,1.4901161193847656e-08,-0.5885417461395264,2.9332852363586426,-3.0058956146240234,5.438119888305664,0.41346630454063416,3.009080410003662,0.062059562653303146,0.10000000149011612,5.644295692443848,0.6144618429164543,0.6144618429164543,0.03594253212213516,0.11373361945152283,True,295,9.971819179099386e-07,True,True,1.976672899996629
108,0.44318467366541764,0.44314896167661094,0.4865281011848811,0.03571198880672455,0.01884661428630352,0.25,0.255126953125,0.0,-0.4100899398326874,2.8495795726776123,-2.8922410011291504,5.429337978363037,0.4106743335723877,2.9010536670684814,0.06014099344611168,0.10000000149011612,5.642831325531006,0.5351709218172965,0.5351709218172965,0.03797662630677223,0.10233831405639648,True,294,9.98688597964231e-07,True,True,1.9702018999960274
109,0.4418655282949852,0.4418297552970993,0.4852170124378007,0.03577299788594246,0.023013222962617874,0.2499999850988388,0.2548828125,1.4901161193847656e-08,-0.059506554156541824,2.667100429534912,-2.6155669689178467,5.41225528717041,0.4055696725845337,2.6974174976348877,0.056046806275844574,0.10000000149011612,5.636036396026611,0.1499501053465875,0.1499501053465875,0.03486444428563118,0.049509331583976746,True,293,9.984220333295727e-07,True,True,1.9519277999934275
110,0.442069143479626,0.44203332554728847,0.4854133070223835,0.03581793233752251,0.027244554832577705,0.2499999850988388,0.253662109375,1.4901161193847656e-08,0.35714012384414673,2.4195475578308105,-2.407193899154663,5.386499404907227,0.4003191888332367,2.485424757003784,0.050602179020643234,0.10000000149011612,5.623888969421387,1.6810587206503558,0.9999994425767523,0.06473924219608307,0.29617077112197876,True,292,9.962593349128404e-07,True,True,1.9256247000012081
111,0.44059411459658737,0.44055835468937155,0.484070505904508,0.035759907215833664,0.02649511583149433,0.2499999850988388,0.25341796875,1.4901161193847656e-08,0.2619728446006775,2.4438564777374268,-2.453009843826294,5.353909015655518,0.40125414729118347,2.5012121200561523,0.05129314213991165,0.10000000149011612,5.607118129730225,1.1063620031635033,0.999999175308032,0.046033166348934174,0.19793160259723663,True,292,9.945219995259459e-07,True,True,1.9366460000164807
112,0.43878023897584706,0.4387446221942845,0.48273202252255587,0.03561678156256676,0.022891711443662643,0.25,0.2548828125,0.0,-0.11243366450071335,2.607074499130249,-2.6418981552124023,5.313347339630127,0.40571945905685425,2.654766321182251,0.055355604737997055,0.10000000149011612,5.585268974304199,0.056206508335615524,0.056206508335615524,0.024688836187124252,0.026545654982328415,True,293,9.771110758629116e-07,True,True,1.9600107000151183
113,0.43827156077924107,0.43823603777441117,0.48274181601499544,0.035523004829883575,0.02078348770737648,0.25,0.25146484375,0.0,-0.3185337781906128,2.6748695373535156,-2.7521679401397705,5.270790100097656,0.40830934047698975,2.743563413619995,0.05731082707643509,0.09999999403953552,5.563117504119873,0.2497463882103284,0.2497463882103284,0.04753471165895462,0.05143587291240692,True,293,9.670892690226517e-07,True,True,1.9680948000168428
114,0.437656625547029,0.4376211465043499,0.48235729277258277,0.035479042679071426,0.019898906350135803,0.2499999701976776,0.2509765625,2.9802322387695312e-08,-0.4143727719783783,2.6938884258270264,-2.806777000427246,5.232181549072266,0.4093911349773407,2.780529499053955,0.05807366967201233,0.09999999403953552,5.5439772605896,0.27292116187158527,0.27292116187158527,0.05126715078949928,0.05754319950938225,True,292,9.73286189402719e-07,True,True,1.9980327000084799
115,0.43655776988589773,0.436522313176334,0.4811940330047367,0.03545670956373215,0.019795726984739304,0.2499999850988388,0.2509765625,1.4901161193847656e-08,-0.4477657079696655,2.6889240741729736,-2.8273799419403076,5.197131633758545,0.4095171093940735,2.786057710647583,0.05819197744131088,0.09999998658895493,5.527219772338867,0.25505382375466434,0.25505382375466434,0.047551948577165604,0.05469932407140732,True,292,9.985335753595178e-07,True,True,1.9843031000054907
116,0.435145218998592,0.4351097766611982,0.4795115898005213,0.03544233739376068,0.020249415189027786,0.25,0.2509765625,0.0,-0.43900519609451294,2.667891502380371,-2.8241169452667236,5.16505241394043,0.40896281599998474,2.7690863609313965,0.05787460878491402,0.09999996423721313,5.511713981628418,0.22315740578602233,0.22315740578602233,0.03849399834871292,0.04721877723932266,True,292,9.87387077080477e-07,True,True,1.9669548999809194
117,0.43370235809222923,0.433666916980456,0.47772258159898473,0.03544111177325249,0.021088426932692528,0.2499999850988388,0.25439453125,1.4901161193847656e-08,-0.3996029496192932,2.633249521255493,-2.8028624057769775,5.134332180023193,0.4079357385635376,2.734173059463501,0.05721893161535263,0.09999992698431015,5.495462894439697,0.14811493803840167,0.14811493803840167,0.026065338402986526,0.03806719556450844,True,292,9.840813239318471e-07,True,True,1.967868500010809
118,0.43244231435154395,0.4324068717012258,0.47619708047300097,0.03544265031814575,0.02214277908205986,0.25,0.25537109375,0.0,-0.34235501289367676,2.5860424041748047,-2.767989158630371,5.096848487854004,0.4066413938999176,2.685839891433716,0.056293051689863205,0.09999983757734299,5.47523832321167,0.05791036501864725,0.05791036501864725,0.023419545963406563,0.045385055243968964,True,292,9.556818995574975e-07,True,True,1.975961099989945
119,0.43129871543434767,0.4312632804022482,0.4749480050821172,0.0354350320994854,0.023259015753865242,0.2499999850988388,0.254638671875,1.4901161193847656e-08,-0.28475314378738403,2.5295708179473877,-2.726891040802002,5.046855449676514,0.40526655316352844,2.630645275115967,0.055219508707523346,0.09999962896108627,5.447895050048828,0.12985109888684424,0.12985109888684424,0.027232540771365166,0.06211600825190544,True,291,9.978534928213493e-07,True,True,1.953125900006853
120,0.43006854945637074,0.43003312031022994,0.47375722153298777,0.03542914614081383,0.024279840290546417,0.25,0.253173828125,0.0,-0.24957899749279022,2.473252058029175,-2.691316604614258,4.979793548583984,0.40400516986846924,2.580576181411743,0.05429251119494438,0.0999990925192833,5.411041259765625,0.2251782876315605,0.2251782876315605,0.028389960527420044,0.07494225353002548,True,291,9.785045676206032e-07,True,True,1.9405281000072137
121,0.4286003030237602,0.4285648873519944,0.4724467450247633,0.03541567176580429,0.02507885918021202,0.25,0.2509765625,0.0,-0.2527589499950409,2.4255430698394775,-2.67199444770813,4.892298698425293,0.40301504731178284,2.5452444553375244,0.05371779203414917,0.09999767690896988,5.3657355308532715,0.26552769232959933,0.26552769232959933,0.026620181277394295,0.07882668823003769,True,290,9.9963423647029e-07,True,True,1.9653116000117734
122,0.4268863040341088,0.42685090271588655,0.4709964739139579,0.03540131822228432,0.0256388857960701,0.25,0.251953125,0.0,-0.29652637243270874,2.388376474380493,-2.7147059440612793,4.7811760902404785,0.40231966972351074,2.5271968841552734,0.053555019199848175,0.0999942347407341,5.310613632202148,0.25366908037907554,0.25366908037907554,0.02467717044055462,0.07468120753765106,True,287,9.96361386348041e-07,True,True,1.9275111999886576
123,0.4250096401930574,0.42497426582731046,0.4694583649402654,0.035374365746974945,0.026062021031975746,0.2499999701976776,0.250244140625,2.9802322387695312e-08,-0.37202611565589905,2.358025550842285,-2.7707273960113525,4.64357852935791,0.4017934203147888,2.5233263969421387,0.053723182529211044,0.09998985379934311,5.2418975830078125,0.19594575515397442,0.19594575515397442,0.026437632739543915,0.0669630765914917,True,287,9.924823401870222e-07,True,True,1.9277115000004414
124,0.4229991753244371,0.4229638235712022,0.4677940544271977,0.03535175323486328,0.026551760733127594,0.2499999850988388,0.249755859375,1.4901161193847656e-08,-0.46578866243362427,2.3256609439849854,-2.8334105014801025,4.472043991088867,0.401183545589447,2.5255911350250244,0.05402678623795509,0.09999364614486694,5.154934406280518,0.1244063051201262,0.1244063051201262,0.031435709446668625,0.0648270696401596,True,288,9.55077158888125e-07,True,True,1.9534435000095982
125,0.4206955775099542,0.4206602475720193,0.4657870214103045,0.03532993793487549,0.027343211695551872,0.2499999850988388,0.24951171875,1.4901161193847656e-08,-0.5664653778076172,2.2794227600097656,-2.895081043243408,4.256601810455322,0.4001959264278412,2.5221714973449707,0.054218340665102005,0.09999608248472214,5.041902542114258,0.09113791950787992,0.09113791950787992,0.03766212239861488,0.07689983397722244,True,289,9.750761725558012e-07,True,True,2.071613800013438
126,0.4178099685655909,0.4177746473038571,0.4631415799895961,0.03532126173377037,0.028806712478399277,0.2499999850988388,0.256591796875,1.4901161193847656e-08,-0.6676638126373291,2.201892375946045,-2.9469263553619385,3.9803407192230225,0.39836326241493225,2.4967384338378906,0.05400817468762398,0.09999746084213257,4.892796516418457,0.1170789941182755,0.1170789941182755,0.04605766385793686,0.10393421351909637,True,291,9.866802251661605e-07,True,True,1.9429976000101306
127,0.41391987240503547,0.4138845356796217,0.4594544566732045,0.035336725413799286,0.03165809437632561,0.2499999850988388,0.255126953125,1.4901161193847656e-08,-0.7676466703414917,2.0730066299438477,-2.9803953170776367,3.586939811706543,0.3947681486606598,2.431042194366455,0.05308839678764343,0.09999839961528778,4.661421775817871,0.173817865916434,0.173817865916434,0.058273814618587494,0.14447472989559174,True,294,9.703192930905998e-07,True,True,1.9039412999991328
128,0.4083249283135797,0.4082895608731474,0.45403464645769515,0.035367440432310104,0.037409707903862,0.25,0.263427734375,0.0,-0.863489031791687,1.8752107620239258,-2.985323429107666,3.0281214714050293,0.3874148726463318,2.306492805480957,0.051134832203388214,0.09999876469373703,4.282899379730225,0.24052988477633697,0.24052988477633697,0.07336286455392838,0.1973147988319397,True,295,9.955174611527715e-07,True,True,1.933068899990758
129,0.40096674219213096,0.40093153920091357,0.44687301719592165,0.0352029912173748,0.04816754162311554,0.25,0.272705078125,0.0,-0.9406570196151733,1.6191697120666504,-2.952407121658325,2.3227665424346924,0.3732726275920868,2.122415781021118,0.04820217937231064,0.09999869018793106,3.6930291652679443,0.25311579306490717,0.25311579306490717,0.06972741335630417,0.20918266475200653,True,295,9.957892527487331e-07,True,True,1.9414682000060566
130,0.39474069664948264,0.39470621307515186,0.4410622106361313,0.03448357433080673,0.06341840326786041,0.2499999850988388,0.283447265625,1.4901161193847656e-08,-0.9719803333282471,1.371279239654541,-2.9078140258789062,1.6401642560958862,0.35225218534469604,1.9300428628921509,0.04516041278839111,0.0999985933303833,3.266942262649536,0.15985575632585922,0.15985575632585922,0.046504486352205276,0.13635480403900146,True,296,9.651803232786058e-07,True,True,1.9157133999979123
131,0.3918314090198249,0.39179790256306235,0.4387705295114317,0.03350645676255226,0.07655248045921326,0.25,0.293212890625,0.0,-0.9938161373138428,1.2200756072998047,-2.9055991172790527,1.1704082489013672,0.33308783173561096,1.828250527381897,0.04366881400346756,0.0999988541007042,3.288987159729004,0.4057585277315233,0.4057585277315233,0.07325457781553268,0.2431696653366089,True,297,9.927598328289077e-07,True,True,1.9658560999960173
132,0.389030602091551,0.38899765417873877,0.4363746219338306,0.03294791281223297,0.07969013601541519,0.25,0.302978515625,0.0,-1.091667890548706,1.2093749046325684,-2.993605136871338,1.1602050065994263,0.32834410667419434,1.885202169418335,0.04490857198834419,0.09999966621398926,3.3889262676239014,0.3710874270013185,0.3710874270013185,0.06529027968645096,0.3144967257976532,True,298,9.972379317658688e-07,True,True,1.9534814999788068
133,0.3859492348287574,0.38591615118871847,0.4333346622155754,0.03308364003896713,0.07610318809747696,0.2499999701976776,0.302978515625,2.9802322387695312e-08,-1.2424917221069336,1.2808582782745361,-3.136526107788086,1.1247962713241577,0.333761602640152,2.0285096168518066,0.047494299709796906,0.09999993443489075,3.5231564044952393,0.316514830008647,0.316514830008647,0.05097758024930954,0.27889204025268555,True,298,9.913931023456076e-07,True,True,1.9912475000019185
134,0.3831488252967227,0.3831155233732987,0.43044358836469604,0.03330192342400551,0.07310208678245544,0.2499999701976776,0.302978515625,2.9802322387695312e-08,-1.3576855659484863,1.3521041870117188,-3.265141487121582,1.05031156539917,0.33822759985923767,2.141014337539673,0.04941965639591217,0.09999998658895493,3.6323180198669434,0.3943855908592449,0.3943855908592449,0.05896281450986862,0.24828125536441803,True,299,9.99457179260736e-07,True,True,1.970305000024382
135,0.3797227626842878,0.3796891237003229,0.42692334465021264,0.033638983964920044,0.07325495779514313,0.25,0.3056640625,0.0,-1.3956594467163086,1.3912676572799683,-3.3458447456359863,1.2849968671798706,0.3380015194416046,2.175112724304199,0.050026293843984604,0.09999999403953552,3.7009027004241943,0.4168660442057098,0.4168660442057098,0.06437300890684128,0.2316174954175949,True,300,9.84743564464133e-07,True,True,1.9903819999890402
136,0.3749980189775558,0.37496414431310016,0.42210636939907475,0.03387466445565224,0.07678338885307312,0.25,0.3095703125,0.0,-1.347540259361267,1.3921509981155396,-3.374709129333496,1.7334710359573364,0.33274105191230774,2.12052059173584,0.04920148104429245,0.10000000149011612,3.72680401802063,0.317590018367484,0.317590018367484,0.05591851845383644,0.20405404269695282,True,303,9.530046978823476e-07,True,True,1.9868092999968212
137,0.3703324530594477,0.37029827892635553,0.4172486615647769,0.03417413309216499,0.08212103694677353,0.2499999701976776,0.316162109375,2.9802322387695312e-08,-1.2376244068145752,1.366339087486267,-3.342251777648926,1.8937838077545166,0.3246212303638458,2.0023903846740723,0.04727928712964058,0.10000000149011612,3.723543405532837,0.15563006038170188,0.15563006038170188,0.038090161979198456,0.14720214903354645,True,304,9.526169615879353e-07,True,True,1.970643900014693
138,0.36744434472953846,0.36740981611272266,0.4140103374441067,0.034528616815805435,0.08646868169307709,0.25,0.323974609375,0.0,-1.1174702644348145,1.3418383598327637,-3.3559675216674805,2.234161615371704,0.31785422563552856,1.8753470182418823,0.045116353780031204,0.09999999403953552,3.7262604236602783,0.48178432252354836,0.48178432252354836,0.058427657932043076,0.16119924187660217,True,293,9.986438928300536e-07,True,True,1.970999400014989
139,0.3651288870524917,0.3650939162176404,0.4112776480700805,0.034970834851264954,0.08533059060573578,0.25,0.324951171875,0.0,-1.106630563735962,1.3949452638626099,-3.429521083831787,2.3370940685272217,0.31963950395584106,1.8823847770690918,0.045264486223459244,0.10000000149011612,3.7799363136291504,0.5856428877821236,0.5856428877821236,0.06764388829469681,0.24151797592639923,True,299,9.930345265952928e-07,True,True,1.9766441000101622
140,0.3621585446656403,0.36212326921380134,0.4080645279817608,0.035275451838970184,0.08066073060035706,0.2499999850988388,0.325439453125,1.4901161193847656e-08,-1.2113709449768066,1.5156805515289307,-3.5379271507263184,2.3004939556121826,0.32686275243759155,2.0284693241119385,0.0477895624935627,0.10000000149011612,3.8864858150482178,0.3727175217423235,0.3727175217423235,0.03724242374300957,0.2851049602031708,True,303,9.72740697764362e-07,True,True,1.9949612999917008
141,0.35979392936370863,0.3597583241268207,0.40573170593247,0.035605236887931824,0.07740063965320587,0.2499999850988388,0.32568359375,1.4901161193847656e-08,-1.3282488584518433,1.6217999458312988,-3.6441946029663086,2.25347900390625,0.33181220293045044,2.186654806137085,0.050384897738695145,0.10000000149011612,3.9851150512695312,0.27985209830859603,0.27985209830859603,0.04265449941158295,0.2738989591598511,True,305,9.969682283396144e-07,True,True,2.000852199998917
142,0.3574186944516773,0.3573827024588759,0.4036299840458924,0.03599199280142784,0.07737229019403458,0.2499999701976776,0.32470703125,2.9802322387695312e-08,-1.387434482574463,1.6685799360275269,-3.7202391624450684,2.2734713554382324,0.331854909658432,2.272731304168701,0.05179755389690399,0.10000000149011612,4.056238174438477,0.2744189691314703,0.2744189691314703,0.05553880333900452,0.22839140892028809,True,306,9.941776072848304e-07,True,True,1.9988313000067137
143,0.3543551999113595,0.35431876737690327,0.40103801179531207,0.03643253445625305,0.08109726011753082,0.25,0.32958984375,0.0,-1.3564982414245605,1.6466319561004639,-3.7550716400146484,2.3886020183563232,0.3261943459510803,2.2556848526000977,0.05166705697774887,0.10000000149011612,4.102245807647705,0.1848714951027615,0.1848714951027615,0.04813584312796593,0.14298997819423676,True,307,9.86328250007486e-07,True,True,2.0340453000098933
144,0.3516031684056758,0.3515660061464547,0.39886880177322254,0.037162259221076965,0.0879364013671875,0.25,0.337646484375,0.0,-1.2438597679138184,1.5715124607086182,-3.7045907974243164,2.7113354206085205,0.3155370056629181,2.152453899383545,0.05025054141879082,0.10000000149011612,4.10831356048584,0.12086710101750103,0.12086710101750103,0.02391478233039379,0.08062795549631119,True,308,9.995046975298135e-07,True,True,2.029374800011283
145,0.3507505678959711,0.35071237541516853,0.3985470759030236,0.03819248080253601,0.0951450914144516,0.25,0.3388671875,0.0,-1.1183429956436157,1.4954571723937988,-3.699495315551758,2.8337149620056152,0.30389949679374695,2.0398333072662354,0.04862245172262192,0.10000000149011612,4.097268104553223,0.508557249454817,0.508557249454817,0.06987551599740982,0.3120703399181366,True,308,9.99124429477696e-07,True,True,2.0114058000035584
146,0.3488385103183871,0.34880022069691474,0.39682664109731486,0.038289621472358704,0.09495704621076584,0.2499999701976776,0.345947265625,2.9802322387695312e-08,-1.1584504842758179,1.5271042585372925,-3.7379395961761475,2.85860013961792,0.3042086958885193,2.0899689197540283,0.04958968237042427,0.10000000149011612,4.140570640563965,0.43455089961368265,0.43455089961368265,0.05476844310760498,0.3206617832183838,True,308,9.757547485759555e-07,True,True,2.02048159998958
147,0.3464513562214188,0.3464136684503965,0.3942979213475813,0.037687771022319794,0.0896327942609787,0.2499999850988388,0.33740234375,1.4901161193847656e-08,-1.310153841972351,1.6338956356048584,-3.8287250995635986,2.54303240776062,0.3128373324871063,2.2472758293151855,0.05210118368268013,0.10000000149011612,4.2070207595825195,0.16138684059626607,0.16138684059626607,0.03630800545215607,0.1565191000699997,True,308,9.937785146041182e-07,True,True,2.013233500008937
148,0.34484184278045926,0.34480463606362377,0.3924239022450746,0.03720671683549881,0.08578480780124664,0.2499999850988388,0.33642578125,1.4901161193847656e-08,-1.413239598274231,1.717131495475769,-3.896070957183838,2.5297353267669678,0.31892818212509155,2.3517303466796875,0.05371902137994766,0.10000000149011612,4.2516045570373535,0.1455170846225284,0.1455170846225284,0.053248342126607895,0.07862219959497452,True,308,9.861201171051037e-07,True,True,2.025205600017216
149,0.3429558228278179,0.34291882026806664,0.39033549057621864,0.0370025597512722,0.08507105708122253,0.25,0.335205078125,0.0,-1.4251426458358765,1.7494256496429443,-3.8960471153259277,2.489017963409424,0.32004520297050476,2.3589985370635986,0.05392960458993912,0.10000000149011612,4.260629177093506,0.15141357456157536,0.15141357456157536,0.046777065843343735,0.12177491933107376,True,308,9.89006874078138e-07,True,True,1.9934170999913476
150,0.34103238680741677,0.34099549624106773,0.38830784594004075,0.03689056634902954,0.08697382360696793,0.25,0.341552734375,0.0,-1.3674958944320679,1.7324984073638916,-3.8970541954040527,2.502617835998535,0.31705862283706665,2.2846789360046387,0.05299254134297371,0.10000000149011612,4.2259626388549805,0.23260355418699322,0.23260355418699322,0.033397264778614044,0.22080284357070923,True,308,9.982732391979006e-07,True,True,2.050807799998438
151,0.33938392044113774,0.3393471168305149,0.38677137232909115,0.03680361062288284,0.08980648219585419,0.2499999850988388,0.3408203125,1.4901161193847656e-08,-1.3128256797790527,1.6934202909469604,-3.861600399017334,2.6734566688537598,0.3125596046447754,2.1951568126678467,0.05181397870182991,0.10000000149011612,4.190847873687744,0.34247074243868786,0.34247074243868786,0.047055888921022415,0.28522053360939026,True,306,9.710840849592527e-07,True,True,2.002712999994401
152,0.33717248327693605,0.33713614886662624,0.3849255674682376,0.036334410309791565,0.09166181087493896,0.2499999701976776,0.34814453125,2.9802322387695312e-08,-1.3281071186065674,1.6711328029632568,-3.8675026893615723,2.6556079387664795,0.30957743525505066,2.1680023670196533,0.051566947251558304,0.10000000149011612,4.186921119689941,0.2903079295525226,0.2903079295525226,0.039618249982595444,0.22950200736522675,True,305,9.996074361597428e-07,True,True,2.1320177000015974
153,0.3348690470978721,0.33483337989450535,0.3830992409749038,0.03566720336675644,0.09188948571681976,0.25,0.347900390625,0.0,-1.4061261415481567,1.6771947145462036,-3.9042840003967285,2.4265551567077637,0.3092094957828522,2.2124297618865967,0.05235185846686363,0.10000000149011612,4.2022013664245605,0.1171320533361499,0.1171320533361499,0.024907471612095833,0.093759685754776,True,298,9.998075670220254e-07,True,True,1.9609741999884136
154,0.3331357191527124,0.3331006650799747,0.3817681794277643,0.03505407273769379,0.09187279641628265,0.25,0.344482421875,0.0,-1.4741926193237305,1.6815472841262817,-3.936624050140381,2.367349863052368,0.30923646688461304,2.2536308765411377,0.05304061248898506,0.10000000149011612,4.213596820831299,0.08009227704722187,0.08009227704722187,0.041855815798044205,0.067328080534935,True,306,9.748970229253993e-07,True,True,1.983263000001898
155,0.33132748588866795,0.33129275686986054,0.38020566572636744,0.034729018807411194,0.09253475815057755,0.2499999850988388,0.3388671875,1.4901161193847656e-08,-1.497314453125,1.671344518661499,-3.9505600929260254,2.315692901611328,0.3081642985343933,2.2532238960266113,0.05310622602701187,0.10000000149011612,4.200421333312988,0.12226402045872332,0.12226402045872332,0.04953538998961449,0.11127763986587524,True,307,9.85440231777483e-07,True,True,1.9854006999812555
156,0.32907294648827573,0.32903834605158827,0.37800955345804815,0.03460043668746948,0.09402211010456085,0.2499999850988388,0.341796875,1.4901161193847656e-08,-1.471545696258545,1.6428641080856323,-3.9266810417175293,2.198199987411499,0.3057415187358856,2.201512336730957,0.05242454260587692,0.10000000149011612,4.149937152862549,0.12014858603959051,0.12014858603959051,0.039873745292425156,0.09641227126121521,True,307,9.875175563651036e-07,True,True,1.9795351000211667
157,0.3267635476478294,0.32672881095864925,0.37555685415590845,0.03473668918013573,0.09473279863595963,0.25,0.3388671875,0.0,-1.4467650651931763,1.621606707572937,-3.920950174331665,2.106684684753418,0.3045770823955536,2.160417318344116,0.05180032178759575,0.10000000149011612,4.107880592346191,0.16375931792847284,0.16375931792847284,0.0340951569378376,0.10370239615440369,True,302,9.842634414174217e-07,True,True,1.9807652000163216
158,0.3244705052681593,0.3244356160320667,0.3730212875637354,0.034889236092567444,0.09378372132778168,0.2499999850988388,0.337890625,1.4901161193847656e-08,-1.4631887674331665,1.6301780939102173,-3.9065279960632324,1.951578140258789,0.30613115429878235,2.185213804244995,0.05204842984676361,0.10000000149011612,4.076821327209473,0.2620775441162482,0.2620775441162482,0.0322721004486084,0.2140110731124878,True,304,9.908317636620852e-07,True,True,1.9781183000013698
159,0.322007944786301,0.3219729026978222,0.370442986719699,0.035042088478803635,0.09221290796995163,0.2499999701976776,0.341796875,2.9802322387695312e-08,-1.5099706649780273,1.6555615663528442,-3.933446168899536,1.6593897342681885,0.3086860477924347,2.2655136585235596,0.053104083985090256,0.10000000149011612,4.110114097595215,0.2708728667582054,0.2708728667582054,0.027000706642866135,0.23791855573654175,True,305,9.984563218426315e-07,True,True,1.9873880000086501
160,0.3194704333098811,0.31943525215259017,0.3679988861713844,0.035181157290935516,0.09155523777008057,0.2499999701976776,0.345947265625,2.9802322387695312e-08,-1.5455431938171387,1.665023922920227,-3.9535868167877197,1.4243767261505127,0.3097494840621948,2.3385250568389893,0.054077960550785065,0.10000000149011612,4.141885280609131,0.18625636889856437,0.18625636889856437,0.03785514086484909,0.15654373168945312,True,307,9.883859905001674e-07,True,True,2.012538199982373
161,0.3167542747432188,0.3167188292244271,0.365517588287708,0.03544551879167557,0.09279946982860565,0.2499999850988388,0.3408203125,1.4901161193847656e-08,-1.5302422046661377,1.6342469453811646,-3.9177629947662354,1.1372933387756348,0.30773451924324036,2.348129987716675,0.054161395877599716,0.10000000149011612,4.134062767028809,0.13711452157218695,0.13711452157218695,0.04549885913729668,0.07558732479810715,True,310,9.961589583670934e-07,True,True,2.0204457999789156
162,0.31410230020199886,0.31406647265096177,0.36313099955148836,0.035827551037073135,0.09567056596279144,0.2499999850988388,0.3447265625,1.4901161193847656e-08,-1.463193416595459,1.560780644416809,-3.828052520751953,1.0097177028656006,0.303033709526062,2.2899858951568604,0.053313057869672775,0.10000000149011612,4.076134204864502,0.20725249432201046,0.20725249432201046,0.037852928042411804,0.09350615739822388,True,311,9.873963912267111e-07,True,True,2.0189768000273034
163,0.3121940992215574,0.3121575940811932,0.36154342641521875,0.036505140364170074,0.0970664694905281,0.25,0.3369140625,0.0,-1.435175895690918,1.5168577432632446,-3.7319250106811523,0.9758816957473755,0.300721675157547,2.290320873260498,0.05337156355381012,0.10000000149011612,4.063899040222168,0.24202904558262256,0.24202904558262256,0.07765235006809235,0.1316157877445221,True,311,9.892476091765183e-07,True,True,2.0121810999989975
164,0.3100647613025117,0.3100280903345752,0.3597896981248093,0.03667096793651581,0.09525135159492493,0.2499999850988388,0.34814453125,1.4901161193847656e-08,-1.488788366317749,1.556355357170105,-3.784986734390259,0.9560174942016602,0.30372461676597595,2.4107749462127686,0.05517762526869774,0.10000000149011612,4.140817165374756,0.49150358969253116,0.49150358969253116,0.07049082964658737,0.47440311312675476,True,313,9.439878754266126e-07,True,True,2.0395984000060707
165,0.3071621256934439,0.3071248234154617,0.3566233677755216,0.037302277982234955,0.09265241026878357,0.2499999850988388,0.34033203125,1.4901161193847656e-08,-1.5223464965820312,1.5811421871185303,-3.8341028690338135,1.0412482023239136,0.30797335505485535,2.462393283843994,0.05596429854631424,0.10000000149011612,4.274076461791992,0.15761546078653005,0.15761546078653005,0.036153264343738556,0.13519014418125153,True,312,9.914757347730108e-07,True,True,2.041548100009095
166,0.30447865198358826,0.3044409526753419,0.3538199369681869,0.03769930824637413,0.09117233008146286,0.2499999850988388,0.331787109375,1.4901161193847656e-08,-1.5180326700210571,1.5981694459915161,-3.8806748390197754,1.1358202695846558,0.31036698818206787,2.4899137020111084,0.05652983859181404,0.10000000149011612,4.462242126464844,0.2539800039812006,0.2539800039812006,0.04689083620905876,0.23832662403583527,True,312,9.93814680417676e-07,True,True,2.0249502999940887
167,0.3017950098422181,0.3017567271646868,0.35136460053108737,0.03828267753124237,0.09191977977752686,0.2499999850988388,0.3349609375,1.4901161193847656e-08,-1.4709522724151611,1.5943665504455566,-3.919668674468994,1.1794488430023193,0.3091605007648468,2.489824056625366,0.05685274302959442,0.10000000149011612,4.613759517669678,0.34173010782223967,0.34173010782223967,0.07410512119531631,0.31402814388275146,True,312,9.855863554393828e-07,True,True,2.0385580000001937
168,0.29851030199716544,0.2984719396319494,0.34804136796877133,0.03836236521601677,0.09277468919754028,0.25,0.33056640625,0.0,-1.4270880222320557,1.5491961240768433,-3.8725779056549072,1.209838628768921,0.30777475237846375,2.408478260040283,0.05603891238570213,0.10000000149011612,4.7140984535217285,0.3442036667448307,0.3442036667448307,0.07044374197721481,0.30496981739997864,True,311,9.533174381995521e-07,True,True,2.0329544999985956
169,0.2949061205162684,0.29486810309430755,0.3447696527570486,0.03801742196083069,0.09230935573577881,0.2499999850988388,0.32861328125,1.4901161193847656e-08,-1.4623624086380005,1.5540728569030762,-3.8638954162597656,1.1555354595184326,0.308529794216156,2.4088542461395264,0.056346721947193146,0.10000000149011612,4.782992839813232,0.19185383898818886,0.19185383898818886,0.04586772620677948,0.1714523583650589,True,305,9.97308014648081e-07,True,True,2.0225148999888916
170,0.29102715216546693,0.2909897145253364,0.34134064220906174,0.03743764013051987,0.09236268699169159,0.2499999850988388,0.330078125,1.4901161193847656e-08,-1.4877768754959106,1.533207654953003,-3.802607536315918,1.0781807899475098,0.3084433376789093,2.3719308376312256,0.05610572546720505,0.10000000149011612,4.838752269744873,0.2010989378620404,0.2010989378620404,0.06822098046541214,0.18641045689582825,True,300,9.483877779207276e-07,True,True,1.9972805000143126
171,0.2870675496349973,0.28703139934343525,0.3379861718621444,0.03615029156208038,0.09594395756721497,0.25,0.321533203125,0.0,-1.3886367082595825,1.4124000072479248,-3.765329122543335,0.9942257404327393,0.3025822937488556,2.1970510482788086,0.05411146953701973,0.10000000149011612,4.898919105529785,0.5231001108172743,0.5231001108172743,0.23596873879432678,0.35960492491722107,True,298,9.975975652898832e-07,True,True,1.9822480999864638
172,0.28868974187850893,0.28865301499023976,0.33996056824060233,0.03672688826918602,0.08867901563644409,0.2499999850988388,0.327392578125,1.4901161193847656e-08,-1.667626142501831,1.6206512451171875,-3.980208396911621,0.8893336057662964,0.31435802578926086,2.530857563018799,0.058574941009283066,0.10000000149011612,4.9890313148498535,0.7043252315385381,0.7043252315385381,0.2484593242406845,0.6450154185295105,True,303,9.916470747967493e-07,True,True,1.9856447000056505
173,0.2802159763851393,0.28018018751751667,0.3311705990634984,0.03578886762261391,0.08790388703346252,0.25,0.321044921875,0.0,-1.6488415002822876,1.5868446826934814,-3.982001781463623,0.961631178855896,0.31558850407600403,2.4458303451538086,0.05741700530052185,0.10000000149011612,5.076953887939453,0.5935821487128058,0.5935821487128058,0.2537596821784973,0.5002070069313049,True,301,9.88909040340327e-07,True,True,1.9825599000032526
174,0.2984284075844112,0.2983889498981658,0.34919060947362834,0.03945768624544144,0.0993010401725769,0.2499999850988388,0.2861328125,1.4901161193847656e-08,-1.1882693767547607,1.2098814249038696,-3.78562331199646,1.0414232015609741,0.29698309302330017,1.9014745950698853,0.051858700811862946,0.10000000149011612,5.145975589752197,1.8740646770862834,0.9999994078812289,0.783623218536377,1.560807228088379,True,300,9.869883577497623e-07,True,True,1.9793791000265628
175,0.28264697970080493,0.28261011040586353,0.3328273471475019,0.036869294941425323,0.08564427495002747,0.2499999850988388,0.28662109375,1.4901161193847656e-08,-1.5189411640167236,1.4438740015029907,-3.96748948097229,1.0931227207183838,0.3191484212875366,2.2013802528381348,0.054652854800224304,0.10000000149011612,5.246860980987549,1.5854222509969622,0.999999415699071,0.42501959204673767,1.5200636386871338,True,302,9.907302018230135e-07,True,True,1.9957635999890044
176,0.2745350449062022,0.2744990926659735,0.325307732659431,0.035952240228652954,0.08556147664785385,0.25,0.31884765625,0.0,-1.7122125625610352,1.6657307147979736,-4.194039344787598,0.9991768002510071,0.31927815079689026,2.5872280597686768,0.05944850295782089,0.10000000149011612,5.360942840576172,0.8288234734759321,0.8288234734759321,0.3698244094848633,0.6885930895805359,True,300,9.821703899373999e-07,True,True,2.0008754000009503
177,0.2784302878279767,0.27839459652943227,0.32976990395509154,0.03569129854440689,0.09307638555765152,0.25,0.331787109375,0.0,-1.4477328062057495,1.4779289960861206,-4.184017181396484,0.8919910192489624,0.30728426575660706,2.34912371635437,0.056667182594537735,0.10000000149011612,5.432744979858398,2.2386869588106157,0.9999996691047136,0.29221296310424805,2.148312568664551,True,296,9.957980016620224e-07,True,True,1.9425753999967128
178,0.27452711149555403,0.2744924153263565,0.32577353278633603,0.03469616919755936,0.09119098633527756,0.25,0.333251953125,0.0,-1.532794713973999,1.559292197227478,-4.26051664352417,0.9095774292945862,0.3103369474411011,2.4727554321289062,0.05818132311105728,0.10000000149011612,5.492600440979004,1.8121025809321838,0.9999994531129416,0.16326171159744263,1.7619869709014893,True,296,9.949556544218822e-07,True,True,1.944051500002388
179,0.2766170951413853,0.2765806340190513,0.32716086751537343,0.03646112233400345,0.08269554376602173,0.25,0.318603515625,0.0,-1.8116295337677002,1.7856371402740479,-4.411050319671631,1.0564013719558716,0.32373514771461487,2.804023504257202,0.06262907385826111,0.10000000149011612,5.541336536407471,0.9959012664352135,0.9959012664352135,0.44379371404647827,0.812940776348114,True,303,9.875218194962731e-07,True,True,2.0122812000045087
180,0.2664238311206898,0.26638770403768625,0.31648974121042966,0.036127083003520966,0.0825917199254036,0.25,0.3173828125,0.0,-1.6173853874206543,1.619809627532959,-4.297500133514404,1.197202444076538,0.32389548420906067,2.4733099937438965,0.0579410158097744,0.10000000149011612,5.5606369972229,0.9138658408462986,0.9138658408462986,0.12091594189405441,0.8490658402442932,True,299,9.704512216572917e-07,True,True,1.9771061000064947
181,0.2614531433526078,0.2614171031508246,0.3112912018331518,0.03604020178318024,0.07937943935394287,0.2499999850988388,0.310546875,1.4901161193847656e-08,-1.6607720851898193,1.5606848001480103,-4.2824907302856445,1.1741124391555786,0.32881689071655273,2.390753984451294,0.05684691667556763,0.10000000149011612,5.5460944175720215,0.9587625074376542,0.9587625074376542,0.1687595099210739,0.9116224050521851,True,300,9.933481655515925e-07,True,True,1.9698424999951385
182,0.2639060167120361,0.26386964576035377,0.31405779648474624,0.03637095168232918,0.07684770226478577,0.2499999850988388,0.285888671875,1.4901161193847656e-08,-1.7885310649871826,1.5468944311141968,-4.331910133361816,0.9955586791038513,0.33264440298080444,2.4487111568450928,0.0575045570731163,0.10000000149011612,5.529543399810791,2.4349112040096457,0.9999995843242316,0.5318306088447571,2.3444855213165283,True,301,9.963145462347405e-07,True,True,2.006330300006084
183,0.2574751402928514,0.2574401696181876,0.3089022874152822,0.03497067466378212,0.08205630630254745,0.2499999850988388,0.321533203125,1.4901161193847656e-08,-1.739150047302246,1.5123149156570435,-4.378737926483154,0.7765675783157349,0.32472091913223267,2.4647836685180664,0.05764409527182579,0.10000000149011612,5.5406107902526855,1.967549325550969,0.9999995382800162,0.16096583008766174,1.918995976448059,True,295,9.889132037402707e-07,True,True,1.9363076000008732
184,0.25769657451313754,0.25766187639188787,0.3095217381697184,0.03469812124967575,0.08022014051675797,0.2499999701976776,0.319580078125,2.9802322387695312e-08,-1.8694185018539429,1.6062997579574585,-4.4397292137146,0.7109624743461609,0.32753604650497437,2.6552574634552,0.06010797992348671,0.10000000149011612,5.553281307220459,2.061023480159365,0.9999995348724048,0.2012995332479477,2.043524980545044,True,297,9.833453371834315e-07,True,True,1.9531490000081249
185,0.2577056870631038,0.2576692917629241,0.309253336456417,0.036395300179719925,0.07610070705413818,0.25,0.303955078125,0.0,-2.0134899616241455,1.7054978609085083,-4.474653720855713,0.7917941808700562,0.33376532793045044,2.824321746826172,0.06233750656247139,0.10000000149011612,5.566869735717773,1.4287711805795036,0.99999937086646,0.5712766051292419,1.2478821277618408,True,300,9.961935166562153e-07,True,True,1.998418600007426
186,0.25249454304150715,0.25245735287241117,0.3034314736961238,0.03719016909599304,0.0747789740562439,0.25,0.299072265625,0.0,-1.864969253540039,1.5509791374206543,-4.418606281280518,0.9740612506866455,0.33573952317237854,2.5542523860931396,0.05875304713845253,0.10000000149011612,5.57274866104126,1.2110965168090804,0.9999991987552174,0.4494875371456146,1.1095550060272217,True,298,9.728424062115777e-07,True,True,1.9865682999952696
187,0.2555481882363732,0.25551035068260386,0.3067000973336057,0.03783755376935005,0.07929205894470215,0.2499999850988388,0.31298828125,1.4901161193847656e-08,-1.5944715738296509,1.4724204540252686,-4.348263263702393,1.1546519994735718,0.3289497494697571,2.394530773162842,0.05697018653154373,0.10000000149011612,5.620993614196777,2.3421784952489495,0.9999996920319858,0.2658156454563141,2.264563798904419,True,295,9.80100080420622e-07,True,True,1.894211600010749
188,0.25255636655185604,0.2525186237880983,0.3032667191861778,0.03774276375770569,0.0761018842458725,0.2499999850988388,0.31689453125,1.4901161193847656e-08,-1.6249663829803467,1.5767325162887573,-4.445566177368164,1.3875888586044312,0.3337635397911072,2.497429847717285,0.058147333562374115,0.10000000149011612,5.664388656616211,1.664634327331218,0.9999993556522778,0.19170865416526794,1.5912833213806152,True,294,9.627058144621505e-07,True,True,1.915751199994702
189,0.24832332503069446,0.24828543289769694,0.2982178070853287,0.03789213299751282,0.06962314248085022,0.25,0.301025390625,0.0,-1.8822755813598633,1.8283220529556274,-4.533750534057617,1.64590322971344,0.3433319926261902,2.818819046020508,0.06218540295958519,0.10000000149011612,5.697389602661133,0.9765550537162064,0.9765550537162064,0.36181768774986267,0.8998885154724121,True,300,9.657436018895527e-07,True,True,1.985566799994558
190,0.24489685065275504,0.24485862477845027,0.294432790829248,0.03822587430477142,0.06635037809610367,0.2499999850988388,0.302734375,1.4901161193847656e-08,-1.8852113485336304,1.7779359817504883,-4.522489070892334,1.7759439945220947,0.3480655550956726,2.7191648483276367,0.060777418315410614,0.10000000149011612,5.691626071929932,1.5790464054890145,0.999999465439523,0.323266863822937,1.5339418649673462,True,299,9.961412032537757e-07,True,True,1.9736269999993965
191,0.2420851619676726,0.24204668199504187,0.29199270940651034,0.03847997263073921,0.06806206703186035,0.2499999850988388,0.307373046875,1.4901161193847656e-08,-1.7794578075408936,1.7015081644058228,-4.49386739730835,1.8009556531906128,0.34559792280197144,2.5965707302093506,0.05927944928407669,0.10000000149011612,5.690545082092285,0.6915406314825006,0.6915406314825006,0.09389928728342056,0.6038032174110413,True,296,9.80722835766623e-07,True,True,1.9229134999914095
192,0.23932215772527193,0.23928320668968295,0.28943571574739263,0.03895103558897972,0.0668739378452301,0.2499999850988388,0.3037109375,1.4901161193847656e-08,-1.8621196746826172,1.7114394903182983,-4.50435209274292,1.7814967632293701,0.3473126292228699,2.637335777282715,0.05981484055519104,0.10000000149011612,5.674525260925293,0.464866197401109,0.464866197401109,0.07487943768501282,0.3992099463939667,True,297,9.822345876316654e-07,True,True,1.9357553999871016
193,0.2387238346981986,0.23868405757576064,0.28886600186025174,0.03977712243795395,0.0641302615404129,0.2499999701976776,0.297607421875,2.9802322387695312e-08,-2.0480422973632812,1.7789685726165771,-4.551915168762207,1.7627731561660767,0.35124027729034424,2.790607452392578,0.06180565431714058,0.10000000149011612,5.657604694366455,1.314045926704633,0.999999262243553,0.22376401722431183,1.270462155342102,True,300,9.98791264652308e-07,True,True,1.951747900020564
194,0.24117730474024235,0.24113718568085848,0.2918846779731048,0.04011905938386917,0.06536583602428436,0.25,0.293212890625,0.0,-2.0336697101593018,1.7961338758468628,-4.580848217010498,1.7157217264175415,0.34947696328163147,2.8216614723205566,0.06230412423610687,0.10000000149011612,5.658186435699463,0.7217378434141393,0.7217378434141393,0.34206491708755493,0.6268386840820312,True,298,9.97468230708181e-07,True,True,1.9309533000050578
195,0.24031318738839946,0.24027275936088882,0.29134303233312564,0.040428027510643005,0.06598734855651855,0.2499999850988388,0.296630859375,1.4901161193847656e-08,-1.9200160503387451,1.6606191396713257,-4.493030548095703,1.775189757347107,0.34858664870262146,2.611356496810913,0.05962853506207466,0.10000000149011612,5.657589912414551,1.7398737497716665,0.9999995062612653,0.2247292846441269,1.7093713283538818,True,293,9.804423321339165e-07,True,True,1.9292834000079893
196,0.2375448267317275,0.2375031909315745,0.2879816106594699,0.041635800153017044,0.0643501877784729,0.2499999850988388,0.29345703125,1.4901161193847656e-08,-1.9831229448318481,1.6355819702148438,-4.460440635681152,1.917524814605713,0.35092705488204956,2.586562156677246,0.05946128070354462,0.10000000149011612,5.67300271987915,0.8495824375841179,0.8495824375841179,0.3837345540523529,0.7424909472465515,True,300,9.983069573933638e-07,True,True,1.971023599995533
197,0.23351493184820935,0.2334744711834304,0.2836361007233366,0.04046066477894783,0.06208676099777222,0.2499999850988388,0.296630859375,1.4901161193847656e-08,-1.9736605882644653,1.7879225015640259,-4.589336395263672,2.0902163982391357,0.3541373312473297,2.7257161140441895,0.061031702905893326,0.10000000149011612,5.729857921600342,0.8759644643035545,0.8759644643035545,0.16027265787124634,0.8393707871437073,True,293,9.988420772227213e-07,True,True,1.8949961000180338
198,0.23476283928536526,0.23472204361640564,0.28430433056318644,0.040795668959617615,0.05843991041183472,0.25,0.282958984375,0.0,-2.0825161933898926,1.9484803676605225,-4.655900001525879,2.31500506401062,0.3592493236064911,2.913689374923706,0.06335565447807312,0.10000000149011612,5.77603006362915,1.3223070435729558,0.9999993058742144,0.5361620783805847,1.18839430809021,True,299,9.729631357211654e-07,True,True,1.9733182000054512
199,0.23618083819199834,0.23613937551353606,0.2854225655824865,0.04146267846226692,0.05788236856460571,0.25,0.279541015625,0.0,-1.9614920616149902,1.8031284809112549,-4.578570365905762,2.462395191192627,0.36002448201179504,2.6722140312194824,0.06057460978627205,0.10000000149011612,5.790468215942383,2.7450702831754623,0.9999996867725173,0.6770925521850586,2.5909738540649414,True,305,9.60084547050733e-07,True,True,1.9774669999897014
200,0.23893052682656976,0.23888702036816808,0.28887376539594767,0.04350645840167999,0.0650365948677063,0.2499999850988388,0.293701171875,1.4901161193847656e-08,-1.5573632717132568,1.6174087524414062,-4.3538007736206055,2.5544397830963135,0.3499477207660675,2.367152452468872,0.05813524127006531,0.10000000149011612,5.812061786651611,2.4304094642563574,0.9999996471076048,0.44486042857170105,2.3307037353515625,True,296,9.98352143740635e-07,True,True,1.9283061000169255
201,0.2374330036469515,0.23739008530012923,0.2872879824385221,0.04291834682226181,0.0629967451095581,0.2499999850988388,0.291748046875,1.4901161193847656e-08,-1.560143232345581,1.667405366897583,-4.411098003387451,2.6566309928894043,0.35285019874572754,2.406916618347168,0.05857671797275543,0.10000000149011612,5.833944320678711,2.3203186682471584,0.9999995926568496,0.36899498105049133,2.225928783416748,True,295,9.902412683122755e-07,True,True,1.9250684999860823
202,0.2271987469833164,0.2271579733867018,0.27650282999508347,0.04077359661459923,0.05597642809152603,0.25,0.293701171875,0.0,-1.9086568355560303,1.91856050491333,-4.658672332763672,2.7669601440429688,0.362661749124527,2.726614236831665,0.061308033764362335,0.10000000149011612,5.852687835693359,0.5667026778557517,0.5667026778557517,0.132051482796669,0.4793321490287781,True,292,9.868338159654278e-07,True,True,1.9311833000101615
203,0.2524957995643385,0.2524545019162364,0.3012009301997108,0.04129764810204506,0.048811230808496475,0.25,0.255126953125,0.0,-2.206037998199463,2.049802303314209,-4.719181060791016,2.8218610286712646,0.3724094033241272,2.9954354763031006,0.06444789469242096,0.10000000149011612,5.8515625,7.058056031331145,0.9999999077085256,1.4511687755584717,6.715812683105469,True,318,9.939671845989612e-07,True,True,2.0297704999975394
204,0.2474380272777915,0.24739566766863463,0.296315641261915,0.042359609156847,0.04859595000743866,0.2499999850988388,0.27294921875,1.4901161193847656e-08,-2.2740745544433594,2.1348423957824707,-4.744993209838867,2.8391501903533936,0.3726983070373535,3.1436610221862793,0.06640446186065674,0.10000000149011612,5.858154296875,3.3919924188424933,0.9999996420582472,0.5640895962715149,3.23161244392395,True,314,9.811610010951054e-07,True,True,2.012048499978846
205,0.23917044427394543,0.2391275779843298,0.28875333653514634,0.042866289615631104,0.05142558366060257,0.2499999850988388,0.274169921875,1.4901161193847656e-08,-2.2032432556152344,2.1059927940368652,-4.755823612213135,2.821394920349121,0.3688826560974121,3.0791189670562744,0.06578371673822403,0.10000000149011612,5.859888553619385,2.5294247579270244,0.9999996577651882,0.9595393538475037,2.253170967102051,True,307,9.76097252719907e-07,True,True,2.029109499999322
206,0.23240362414643412,0.23235917242542153,0.28595890690138465,0.044451721012592316,0.05738888680934906,0.25,0.287841796875,0.0,-1.9163100719451904,1.7630212306976318,-4.5928263664245605,2.7708919048309326,0.36070919036865234,2.5949885845184326,0.06036509945988655,0.10000000149011612,5.843606472015381,2.476275023355684,0.9999995072353273,0.6338914036750793,2.3733866214752197,True,296,9.942255088968895e-07,True,True,1.9622473000199534
207,0.24169975655006098,0.24165244261773156,0.2958422510314976,0.047313932329416275,0.06359567493200302,0.25,0.281982421875,0.0,-1.6064321994781494,1.6247047185897827,-4.43765115737915,2.8576719760894775,0.3520004451274872,2.3695883750915527,0.05888045206665993,0.10000000149011612,5.862673759460449,4.207568537064675,0.9999997264208614,1.1291203498840332,4.025796413421631,True,298,9.962820372888468e-07,True,True,1.9114600999746472
208,0.22954095599253058,0.22949798274983046,0.2798355676813152,0.042973242700099945,0.057296909391880035,0.2499999850988388,0.284912109375,1.4901161193847656e-08,-1.6072756052017212,1.7697255611419678,-4.519288063049316,3.028409004211426,0.3608366549015045,2.501350164413452,0.060027386993169785,0.10000000149011612,5.902139186859131,1.8446410721290456,0.9999995239569559,0.2934429943561554,1.779541254043579,True,292,9.966838055907605e-07,True,True,1.910108800017042
209,0.22328215823980002,0.22324166197614698,0.2724902958806633,0.04049626365303993,0.05109526216983795,0.25,0.288330078125,0.0,-1.8875837326049805,2.0754599571228027,-4.742144584655762,3.2093608379364014,0.36933010816574097,2.8539772033691406,0.06307551264762878,0.10000000149011612,5.935927391052246,0.5862131746491666,0.5862131746491666,0.25200626254081726,0.4603554308414459,True,296,9.939981004271077e-07,True,True,1.9236317000177223
210,0.2604760484819551,0.26043454611425,0.30882053748029964,0.041502367705106735,0.04253784567117691,0.2499999701976776,0.25927734375,2.9802322387695312e-08,-2.0869216918945312,2.161999225616455,-4.773685455322266,3.3045225143432617,0.3807389438152313,3.0174875259399414,0.06489596515893936,0.10000000149011612,5.942245960235596,4.454049705075797,0.9999998030238004,0.8090412020683289,4.256235122680664,True,318,9.904464790229934e-07,True,True,2.0262980999832507
211,0.26485850281580964,0.26481710637673417,0.3130727339421249,0.04139643907546997,0.04077032953500748,0.25,0.259765625,0.0,-2.105139970779419,2.2039542198181152,-4.786843299865723,3.354447841644287,0.3830530643463135,3.0763373374938965,0.06561648100614548,0.10000000149011612,5.951931476593018,3.319419541484926,0.9999997053656777,0.4797845780849457,3.162067413330078,True,318,9.867566794940973e-07,True,True,2.0326861000212375
212,0.2273161917858725,0.22727566853621656,0.2761627429097738,0.04052324965596199,0.04710911959409714,0.25,0.271728515625,0.0,-1.9772484302520752,2.1898093223571777,-4.787274360656738,3.365147829055786,0.37468770146369934,3.0188405513763428,0.0649881586432457,0.10000000149011612,5.962308406829834,3.618024896388419,0.9999996558474403,0.8311722874641418,3.453904151916504,True,310,9.961962404362529e-07,True,True,1.9672194000158925
213,0.22651757392438912,0.22647742146405245,0.27610007628971545,0.04015246033668518,0.05233223736286163,0.2499999701976776,0.295166015625,2.9802322387695312e-08,-1.7354176044464111,2.1432275772094727,-4.779261112213135,3.3322572708129883,0.36765167117118835,2.9206953048706055,0.06434095650911331,0.10000000149011612,5.976962566375732,0.4899288968086279,0.4899288968086279,0.22938662767410278,0.39025184512138367,True,296,9.89832519969908e-07,True,True,1.923644399998011
214,0.23026677073228743,0.23022596271771575,0.28048897273358236,0.04080801457166672,0.05673381686210632,0.25,0.295166015625,0.0,-1.385773777961731,1.912640929222107,-4.617034435272217,3.2442517280578613,0.36161601543426514,2.6541805267333984,0.062350254505872726,0.10000000149011612,5.973270416259766,1.3489984914079345,0.9999992163816457,0.18179447948932648,1.2893381118774414,True,293,9.803558192747782e-07,True,True,1.9248608000052627
215,0.23190364501005623,0.231862237383934,0.2825736398487302,0.04140762612223625,0.05784263461828232,0.2499999850988388,0.293212890625,1.4901161193847656e-08,-1.3627303838729858,1.8765820264816284,-4.615456581115723,3.1945853233337402,0.36007964611053467,2.6346566677093506,0.06239107996225357,0.10000000149011612,5.968754768371582,1.6828409520160181,0.9999993867120637,0.23861752450466156,1.6321558952331543,True,295,9.961959488912828e-07,True,True,1.933707600022899
216,0.22815782535916784,0.22811700008532623,0.27885673901111546,0.04082527384161949,0.05485489219427109,0.2499999850988388,0.293212890625,1.4901161193847656e-08,-1.6755177974700928,2.042236328125,-4.756964206695557,3.196629524230957,0.3642047643661499,2.871655225753784,0.06433825939893723,0.10000000149011612,5.967814922332764,0.7952504309674793,0.7952504309674793,0.12103428691625595,0.7679738998413086,True,297,9.89170235912155e-07,True,True,1.9422648999898229
217,0.22817678845598385,0.22813492663501786,0.2786393513609366,0.041861820966005325,0.05165448412299156,0.2499999850988388,0.28369140625,1.4901161193847656e-08,-1.9159576892852783,2.1889874935150146,-4.839859485626221,3.257274866104126,0.36857226490974426,3.0939722061157227,0.06705198436975479,0.10000000149011612,5.967289924621582,1.0274818565634467,0.999999141371769,0.5079749822616577,0.87492436170578,True,303,9.824624478165948e-07,True,True,1.9748143999895547
218,0.22074388756300717,0.22070080576534779,0.27179735135733113,0.043081797659397125,0.0495201013982296,0.25,0.2822265625,0.0,-1.8921878337860107,1.9842989444732666,-4.691397190093994,3.296773910522461,0.37145644426345825,2.8385002613067627,0.06364267319440842,0.10000000149011612,5.952455520629883,1.0456534648123967,0.9999990043264582,0.1772836446762085,1.0227584838867188,True,295,9.980566207421927e-07,True,True,1.9286116999865044
219,0.2152073362813202,0.21516190610536012,0.26621081480763853,0.045430175960063934,0.04817845672369003,0.2499999850988388,0.272216796875,1.4901161193847656e-08,-1.976619839668274,1.8762699365615845,-4.565723419189453,3.425570249557495,0.37325799465179443,2.723647356033325,0.06223694607615471,0.10000000149011612,5.9512619972229,0.8334189274260253,0.8334189274260253,0.3772580325603485,0.710014820098877,True,298,9.834377021672955e-07,True,True,1.9567684000066947
220,0.2304039370917105,0.23036045876670116,0.27949416296424584,0.04347832500934601,0.043080881237983704,0.25,0.253662109375,0.0,-2.033078670501709,2.051873207092285,-4.6763596534729,3.6205029487609863,0.38002514839172363,2.8758318424224854,0.06382054835557938,0.10000000149011612,5.979535102844238,4.594771864038545,0.9999997730100039,0.8718146085739136,4.315970420837402,True,315,9.886144235923954e-07,True,True,2.01732099999208
221,0.21492035548061694,0.21487804539174404,0.2638135979990592,0.042310088872909546,0.043498359620571136,0.25,0.275146484375,0.0,-1.9352905750274658,2.1618447303771973,-4.714001178741455,3.7600929737091064,0.37947550415992737,2.9129488468170166,0.06422696262598038,0.10000000149011612,6.006063461303711,2.5391609363778986,0.9999996458880758,0.8049435019493103,2.331228733062744,True,310,9.747530102792534e-07,True,True,1.965783999999985
222,0.21881958123008927,0.2187787805506142,0.26812692080748135,0.040800679475069046,0.04673082008957863,0.25,0.289306640625,0.0,-1.7484550476074219,2.285869598388672,-4.7823405265808105,3.851177215576172,0.37519216537475586,2.967113971710205,0.0653214082121849,0.10000000149011612,6.035096168518066,0.739114076004293,0.739114076004293,0.39035093784332275,0.5940622091293335,True,303,9.89107260976243e-07,True,True,1.9637760999903549
223,0.21897700188987063,0.21893591467224166,0.2686078995241161,0.04108721762895584,0.04923926666378975,0.2499999850988388,0.288818359375,1.4901161193847656e-08,-1.4531251192092896,2.117891311645508,-4.671382904052734,3.873021364212036,0.37183424830436707,2.735037326812744,0.06360896676778793,0.10000000149011612,6.040920257568359,0.6643945798007109,0.6643945798007109,0.16803033649921417,0.5677300095558167,True,296,9.817211383481675e-07,True,True,1.9506681000057142
224,0.2203667226570535,0.22032317502674345,0.27043803639496816,0.043547630310058594,0.05156904458999634,0.25,0.28515625,0.0,-1.2627496719360352,1.960422158241272,-4.52464485168457,3.8792409896850586,0.3686881363391876,2.549485206604004,0.0624934546649456,0.10000000149011612,6.0359063148498535,1.5267735708710224,0.9999994246108989,0.24009732902050018,1.4693773984909058,True,295,9.848696780146446e-07,True,True,1.9432845000119414
225,0.21665090544917806,0.21660654855915532,0.26697711500046545,0.04435689002275467,0.04894600436091423,0.25,0.280517578125,0.0,-1.4164319038391113,1.9637855291366577,-4.55076789855957,3.9167189598083496,0.3722284138202667,2.581097364425659,0.062485966831445694,0.10000000149011612,6.033897399902344,1.4065532502038804,0.9999992877758719,0.2423904836177826,1.364303708076477,True,297,9.779630719621417e-07,True,True,1.9529478999902494
226,0.209664947444725,0.20962150084428782,0.2594386035832487,0.04344660043716431,0.04416433721780777,0.2499999701976776,0.28076171875,2.9802322387695312e-08,-1.7851903438568115,2.159484386444092,-4.6847405433654785,3.9979305267333984,0.3785969614982605,2.8349668979644775,0.06410659849643707,0.10000000149011612,6.038312911987305,0.5201661570906982,0.5201661570906982,0.15539979934692383,0.47516366839408875,True,298,9.791203947095571e-07,True,True,1.979446800018195
227,0.2055247405599484,0.2054810104351172,0.25454056645384343,0.043730124831199646,0.04080966114997864,0.25,0.27783203125,0.0,-2.044224262237549,2.261543035507202,-4.767307758331299,4.088675022125244,0.3830017149448395,3.012091636657715,0.06550628691911697,0.10000000149011612,6.040350914001465,0.7478946312161804,0.7478946312161804,0.39386653900146484,0.6209606528282166,True,309,9.940783398191669e-07,True,True,1.9933357999834698
228,0.2523860147211328,0.25233487884584815,0.30562856029595936,0.05113587528467178,0.04129922017455101,0.2499999701976776,0.2529296875,2.9802322387695312e-08,-2.2811155319213867,1.997414469718933,-4.654023170471191,4.131571292877197,0.38236212730407715,2.8680315017700195,0.06390895694494247,0.10000000149011612,6.027706623077393,2.9463557401066884,0.9999996182239337,0.5875535011291504,2.5574724674224854,True,324,9.77954508962422e-07,True,True,2.106434300018009
229,0.25579792751134445,0.25574322124333193,0.3094532105786504,0.05470626801252365,0.049169283360242844,0.2499999850988388,0.24462890625,1.4901161193847656e-08,-2.296823024749756,1.808930516242981,-4.547356128692627,4.201687812805176,0.3719283640384674,2.6938393115997314,0.062449902296066284,0.10000000149011612,6.031077861785889,3.238367726356147,0.9999996972405591,0.803095817565918,2.69787335395813,True,318,9.694539314096413e-07,True,True,2.0935049999970943
230,0.24052856040826245,0.24047668786427184,0.29144901339718243,0.05187254399061203,0.04886135086417198,0.2499999701976776,0.243408203125,2.9802322387695312e-08,-1.9904370307922363,1.8490318059921265,-4.471254348754883,4.308341026306152,0.37234213948249817,2.6007018089294434,0.06156203895807266,0.10000000149011612,6.0511064529418945,3.1429651651102066,0.9999996044768446,1.1314737796783447,2.5239174365997314,True,320,9.84670426300498e-07,True,True,2.067740500002401
231,0.22608881875492368,0.22604359924412998,0.2742288107011843,0.04521951079368591,0.04302771016955376,0.2499999850988388,0.2578125,1.4901161193847656e-08,-1.5016071796417236,2.065124988555908,-4.433228492736816,4.438447952270508,0.38009509444236755,2.6220223903656006,0.06217306852340698,0.10000000149011612,6.086468696594238,1.6216276912163197,0.9999995059644123,0.32440853118896484,1.5124372243881226,True,317,9.968751403500982e-07,True,True,2.0391958999971393
232,0.224987851638017,0.22494217481803686,0.2735620913642543,0.0456768199801445,0.04897622764110565,0.2499999850988388,0.26904296875,1.4901161193847656e-08,-0.9852100610733032,2.054870367050171,-4.337579250335693,4.503027439117432,0.37218785285949707,2.5240836143493652,0.061892908066511154,0.10000000149011612,6.111815929412842,1.8443044341111254,0.9999995105722116,0.6503260731697083,1.5929771661758423,True,310,9.993835477178361e-07,True,True,2.006234599975869
233,0.220159592804395,0.22011781885185128,0.2693788702321744,0.041773952543735504,0.047359585762023926,0.25,0.287841796875,0.0,-0.8455419540405273,2.1862645149230957,-4.4138569831848145,4.537235736846924,0.3743533194065094,2.665064811706543,0.06365169584751129,0.10000000149011612,6.1315388679504395,1.3509896671958779,0.9999993072323416,0.25568532943725586,1.1505405902862549,True,306,9.990690498263346e-07,True,True,1.9968977000098675
234,0.222989256779062,0.22294921730678008,0.2728555979008168,0.04003947228193283,0.04643012583255768,0.2499999850988388,0.288818359375,1.4901161193847656e-08,-1.082688570022583,2.376527786254883,-4.690272808074951,4.5366902351379395,0.3755927085876465,2.9261410236358643,0.06564683467149734,0.10000000149011612,6.14111852645874,1.168484665161352,0.9999992537398046,0.45171716809272766,0.9732723236083984,True,308,9.975185636220128e-07,True,True,2.013385800004471
235,0.2181126159373096,0.21807207229168926,0.2687695605088184,0.04054364562034607,0.04577456787228584,0.2499999850988388,0.2919921875,1.4901161193847656e-08,-1.2726521492004395,2.4109649658203125,-4.732788562774658,4.466956615447998,0.3764643669128418,3.0473318099975586,0.06672976911067963,0.10000000149011612,6.133945465087891,0.9897804771130523,0.9897804771130523,0.4638971984386444,0.8219137191772461,True,307,9.920735598487458e-07,True,True,1.9995106999995187
236,0.20759970505389835,0.20755685803148416,0.25870265495163847,0.04284702241420746,0.043187111616134644,0.2499999850988388,0.27978515625,1.4901161193847656e-08,-1.3064725399017334,2.157120943069458,-4.522599220275879,4.3393940925598145,0.37988537549972534,2.9017817974090576,0.0651203840970993,0.10000000149011612,6.110988616943359,0.8223986422523143,0.8223986422523143,0.12877310812473297,0.7836061716079712,True,298,9.6697837787386e-07,True,True,1.9731282999855466
237,0.23245584878967573,0.23240522207961847,0.2903598636454994,0.050626710057258606,0.04120204597711563,0.2499999850988388,0.261962890625,1.4901161193847656e-08,-1.5789799690246582,1.8968878984451294,-4.486228942871094,4.237253189086914,0.3824891746044159,2.800478458404541,0.06370505690574646,0.10000000149011612,6.086026668548584,10.426067250341815,0.9999998942535573,4.712497234344482,8.724308967590332,True,302,9.91610723237546e-07,True,True,2.015811199991731
238,0.2139730798878523,0.21392360052995407,0.26932297476412553,0.04947935789823532,0.04074114188551903,0.25,0.260986328125,0.0,-1.8250839710235596,1.9609096050262451,-4.551048278808594,4.231570243835449,0.38309118151664734,2.9825820922851562,0.06537067890167236,0.10000000149011612,6.083178997039795,4.73347521503603,0.9999997139020299,2.3203468322753906,3.791368246078491,True,310,9.95412216727761e-07,True,True,2.0515417999995407
239,0.2198101727383932,0.21976627908821905,0.26957766273276956,0.04389365017414093,0.03497578948736191,0.25,0.250732421875,0.0,-1.9343661069869995,2.2927565574645996,-4.6744303703308105,4.302068710327148,0.39054346084594727,3.3148341178894043,0.06904318928718567,0.10000000149011612,6.1002116203308105,5.097582677299017,0.9999997955666015,1.3079307079315186,4.802675724029541,True,318,9.830616473105467e-07,True,True,2.037839600001462
240,0.2215838806055927,0.22154011656199332,0.2713563732969346,0.04376404359936714,0.03600544109940529,0.25,0.259033203125,0.0,-1.9142088890075684,2.5183751583099365,-4.8834733963012695,4.3409318923950195,0.38922303915023804,3.5198638439178467,0.07179707288742065,0.10000000149011612,6.118265151977539,3.141594351766973,0.9999997514281281,1.4095286130905151,2.746220111846924,True,316,9.932059569693963e-07,True,True,2.0455738000164274
241,0.2109007566469127,0.21085773369393887,0.2605335610691231,0.04302295297384262,0.03739146888256073,0.25,0.264404296875,0.0,-1.796618103981018,2.486664295196533,-4.821630001068115,4.3516645431518555,0.38743841648101807,3.483234405517578,0.07120010256767273,0.10000000149011612,6.12540340423584,2.503327456766953,0.9999995243812505,1.1834231615066528,2.1697278022766113,True,312,9.810377303727e-07,True,True,2.0448976999905426
242,0.20474246588593892,0.20469954161963036,0.2540394622816262,0.042924266308546066,0.03778912499547005,0.25,0.260986328125,0.0,-1.4981091022491455,2.1818249225616455,-4.606166362762451,4.335984706878662,0.3869249224662781,3.200392961502075,0.06738504022359848,0.10000000149011612,6.1234002113342285,1.7349691636312996,0.9999994830577634,0.3206372559070587,1.647362232208252,True,313,9.95668021642755e-07,True,True,2.0183426999719813
243,0.22104464933363693,0.22099749020574588,0.2706878970462897,0.04715912789106369,0.05556511506438255,0.25,0.2578125,0.0,-0.8473128080368042,1.8089743852615356,-4.43625545501709,4.296356201171875,0.36322838068008423,2.7750566005706787,0.06306273490190506,0.10000000149011612,6.1233978271484375,4.342827572273276,0.9999997297580573,0.9255886077880859,4.2250752449035645,True,301,9.888087206499369e-07,True,True,1.967050700011896
244,0.2553256943408492,0.2552742899317386,0.3053562425603069,0.05140440911054611,0.07378239929676056,0.2499999850988388,0.2490234375,1.4901161193847656e-08,-0.5692498683929443,1.7076032161712646,-4.4064249992370605,4.278896808624268,0.3372204005718231,2.571789264678955,0.06174320727586746,0.10000000149011612,6.126016616821289,6.695039767365768,0.9999999793696367,1.4281635284423828,6.52070426940918,True,300,9.93914394578239e-07,True,True,1.9721887999912724
245,0.25465756183487204,0.25460674421858814,0.30461677689168065,0.050817616283893585,0.07287117838859558,0.2499999850988388,0.248291015625,1.4901161193847656e-08,-0.5503352880477905,1.7223438024520874,-4.417397975921631,4.286931037902832,0.338568776845932,2.577761650085449,0.06179923564195633,0.10000000149011612,6.131405353546143,6.584648397805483,0.9999998349070968,1.3905308246612549,6.411471843719482,True,299,9.993604691460407e-07,True,True,1.981698099989444
246,0.22364786123930872,0.2236012890979594,0.27267330691580766,0.04657214134931564,0.056485872715711594,0.25,0.256591796875,0.0,-0.7496141195297241,1.8309247493743896,-4.441275119781494,4.316545486450195,0.36195874214172363,2.7629661560058594,0.06301791965961456,0.10000000149011612,6.138664245605469,4.640322572762641,0.9999997973761823,0.9611704349517822,4.50420618057251,True,300,9.849511509328214e-07,True,True,1.9725225000001956
247,0.2007392103174577,0.2006973133670042,0.2493037809324293,0.04189695045351982,0.039525143802165985,0.25,0.268798828125,0.0,-1.2356878519058228,2.1212196350097656,-4.586292743682861,4.360861301422119,0.384674996137619,3.1172266006469727,0.06639835238456726,0.10000000149011612,6.147028923034668,0.4192304427898301,0.4192304427898301,0.18726207315921783,0.3249852955341339,True,302,9.911519070278562e-07,True,True,1.9786232000042219
248,0.20291150233902372,0.20287012579299846,0.2512703515872179,0.041376546025276184,0.03785700723528862,0.2499999850988388,0.275146484375,1.4901161193847656e-08,-1.6051627397537231,2.4681410789489746,-4.784082889556885,4.393486022949219,0.3868371546268463,3.4451980590820312,0.07076338678598404,0.10000000149011612,6.155767440795898,0.749262041023683,0.749262041023683,0.43615856766700745,0.5916374921798706,True,305,9.856252630866176e-07,True,True,1.9611023000034038
249,0.2064163715331439,0.2063752176812474,0.25440660729159525,0.04115385189652443,0.036263689398765564,0.2499999850988388,0.26611328125,1.4901161193847656e-08,-1.7747280597686768,2.525667905807495,-4.78961181640625,4.392841339111328,0.3888911306858063,3.5227582454681396,0.07171840220689774,0.10000000149011612,6.154855251312256,2.2379427970216974,0.9999995338369763,0.5056754946708679,2.141434669494629,True,310,9.947984044504294e-07,True,True,2.0049858999846037
250,0.22607263180811032,0.22585673615533933,0.2517261799041637,0.0429682731628418,0.01729273796081543,0.2499999850988388,0.250732421875,1.4901161193847656e-08,-1.8039473295211792,2.4611806869506836,-4.800089359283447,4.362441539764404,0.41256183385849,3.47776198387146,0.07117123901844025,0.10000000149011612,6.151803493499756,7.259566078276009,0.9999999281478885,2.1301467418670654,6.723783016204834,True,307,9.961409980806902e-07,True,True,2.024404299998423
251,0.21529679639601254,0.2150452093776419,0.2415112581493588,0.043374210596084595,0.020821280777454376,0.2499999850988388,0.259033203125,1.4901161193847656e-08,-1.7368320226669312,2.433511972427368,-4.810023307800293,4.313770294189453,0.40826302766799927,3.4433579444885254,0.07101700454950333,0.10000000149011612,6.153591632843018,2.0621098658762866,0.999999601534598,1.303105115890503,1.5460370779037476,True,303,9.878824750402023e-07,True,True,1.9753657999972347
252,0.2055017586959327,0.20528794365132103,0.2323925336234969,0.04288341477513313,0.01709316298365593,0.25,0.25830078125,0.0,-1.5261096954345703,2.103212594985962,-4.667740821838379,4.254908561706543,0.41280362010002136,3.1193900108337402,0.06688942760229111,0.10000000149011612,6.146010398864746,0.5335231057556171,0.5335231057556171,0.15809622406959534,0.4993845224380493,True,300,9.752490777327833e-07,True,True,1.9799709999933839
253,0.2060794591522996,0.20587185856245802,0.23330804538642408,0.043786127120256424,0.01638144627213478,0.2499999850988388,0.25439453125,1.4901161193847656e-08,-1.2213501930236816,1.7753751277923584,-4.4766058921813965,4.230309963226318,0.4136648178100586,2.7293457984924316,0.06287632137537003,0.10000000149011612,6.139042377471924,0.8037559770128874,0.8037559770128874,0.17221947014331818,0.781574010848999,True,296,9.616883195233187e-07,True,True,1.9729366000101436
254,0.21356268569917894,0.21326668522597766,0.2409161809312334,0.048975467681884766,0.02470250055193901,0.25,0.246826171875,0.0,-0.9918297529220581,1.5998965501785278,-4.361879825592041,4.254837989807129,0.40348169207572937,2.4332072734832764,0.060860875993967056,0.10000000149011612,6.13653039932251,2.47244635449334,0.9999995645157996,0.6851123571395874,2.3649821281433105,True,297,9.935721098592282e-07,True,True,1.9610354999895208
255,0.21188364348199523,0.21155430248763718,0.2378500936416263,0.05086861550807953,0.02784723788499832,0.25,0.248046875,0.0,-0.9793200492858887,1.5997039079666138,-4.410181045532227,4.326448917388916,0.399565726518631,2.381263256072998,0.06051786243915558,0.10000000149011612,6.140318870544434,2.375720148288149,0.9999995545176408,0.7324502468109131,2.2502193450927734,True,299,9.447073114435742e-07,True,True,1.9538086999964435
256,0.20298124947531893,0.20272018003596737,0.22961177244653722,0.04660484939813614,0.021446458995342255,0.2499999850988388,0.256591796875,1.4901161193847656e-08,-1.1419906616210938,1.7526568174362183,-4.420114994049072,4.434359073638916,0.4074966609477997,2.5356221199035645,0.061424899846315384,0.10000000149011612,6.150120258331299,0.480188627337247,0.480188627337247,0.29759302735328674,0.36798882484436035,True,304,9.874067700887628e-07,True,True,1.992282699997304
257,0.2035202539610571,0.20328607767549223,0.23029573736075784,0.043824270367622375,0.019035201519727707,0.2499999701976776,0.261962890625,2.9802322387695312e-08,-1.4064037799835205,2.033836841583252,-4.483423709869385,4.541223049163818,0.41044461727142334,2.813934803009033,0.06358947604894638,0.10000000149011612,6.164312362670898,1.7415353307141686,0.9999994015248211,0.346845805644989,1.661316156387329,True,306,9.456374998337952e-07,True,True,2.048988800001098
258,0.21029704238289604,0.21007085665130626,0.2373901450467593,0.043425653129816055,0.01827600784599781,0.25,0.254150390625,0.0,-1.4710679054260254,2.212465524673462,-4.555908679962158,4.607922554016113,0.4113684296607971,2.9725935459136963,0.06521116942167282,0.10000000149011612,6.177381992340088,2.7925427971625973,0.999999666529717,0.694270133972168,2.6318507194519043,True,309,9.842082825370848e-07,True,True,2.034757699992042
259,0.2049445203818683,0.20471930741670769,0.2321847051916172,0.04276277497410774,0.018245019018650055,0.2499999850988388,0.262451171875,1.4901161193847656e-08,-1.3600705862045288,2.2135543823242188,-4.551650047302246,4.633105754852295,0.41140609979629517,2.940741777420044,0.06498301029205322,0.10000000149011612,6.18532657623291,1.7105511544261764,0.9999994748410626,0.37763869762420654,1.6318916082382202,True,306,9.943596861988023e-07,True,True,2.006905200018082
260,0.20076075102126062,0.20052970102911652,0.22804933448956452,0.04169940948486328,0.018935058265924454,0.25,0.260498046875,0.0,-1.0594853162765503,2.0701189041137695,-4.467161178588867,4.622908592224121,0.41056662797927856,2.747943639755249,0.06329630315303802,0.10000000149011612,6.190200328826904,0.8385227593471736,0.8385227593471736,0.3725997805595398,0.5849853157997131,True,303,9.963160162601318e-07,True,True,1.972358400002122
261,0.19992249106208954,0.1996801006008235,0.22699246582490906,0.043602414429187775,0.019878804683685303,0.2499999850988388,0.25634765625,1.4901161193847656e-08,-0.8135504722595215,1.9025942087173462,-4.38099479675293,4.599438667297363,0.40941566228866577,2.518803358078003,0.06188321113586426,0.10000000149011612,6.187051296234131,0.9160298255720067,0.9160298255720067,0.13174083828926086,0.8364964127540588,True,301,9.737967812486128e-07,True,True,1.9803304999950342
262,0.20176238974360883,0.201496811097396,0.22866971919489787,0.045841243118047714,0.021973740309476852,0.25,0.25244140625,0.0,-0.8090112209320068,1.8217487335205078,-4.383656978607178,4.591518878936768,0.4068491756916046,2.4312117099761963,0.06122572347521782,0.10000000149011612,6.182981491088867,1.3459472418469738,0.9999992921191975,0.35694777965545654,1.278672456741333,True,301,9.64234526541389e-07,True,True,1.97113360001822
263,0.19767618183650734,0.19744518227361801,0.22441356203025492,0.044597696512937546,0.01864018663764,0.25,0.25390625,0.0,-0.973035454750061,1.8579316139221191,-4.389764308929443,4.6188859939575195,0.4109255373477936,2.5053977966308594,0.0616006962954998,0.10000000149011612,6.182966232299805,0.9467165409481556,0.9467165409481556,0.24049171805381775,0.9001570343971252,True,301,9.502623152251483e-07,True,True,1.9749049000092782
264,0.1942990120434058,0.19408527516283516,0.22032752197781091,0.04339757189154625,0.017033930867910385,0.2499999850988388,0.257568359375,1.4901161193847656e-08,-1.3340120315551758,2.0515823364257812,-4.451584339141846,4.677083492279053,0.41287535429000854,2.7642507553100586,0.06330332905054092,0.10000000149011612,6.187086582183838,0.19569220837062928,0.19569220837062928,0.08085797727108002,0.1565048098564148,True,302,9.880929653298388e-07,True,True,1.974216400005389
265,0.19799903229248306,0.19778135571625613,0.2233285582251742,0.04351947829127312,0.017415709793567657,0.2499999701976776,0.259521484375,2.9802322387695312e-08,-1.5794250965118408,2.2158138751983643,-4.585180282592773,4.729602336883545,0.41241276264190674,2.965170383453369,0.0652187317609787,0.10000000149011612,6.1899189949035645,1.4482836184108654,0.9999992959132123,0.3876338601112366,1.3640657663345337,True,305,9.541477868808984e-07,True,True,2.005179500003578
266,0.19682359935520177,0.19660296497298366,0.22221385122375859,0.0434841625392437,0.01771502196788788,0.2499999850988388,0.259521484375,1.4901161193847656e-08,-1.6284383535385132,2.193373680114746,-4.589052677154541,4.745297908782959,0.41204971075057983,2.9551503658294678,0.06505169719457626,0.10000000149011612,6.1892828941345215,1.3449093984562797,0.999999365019811,0.3494248390197754,1.2600185871124268,True,304,9.805795252613149e-07,True,True,2.0043096000154037
267,0.19329956627985279,0.19307771023711007,0.21923753817510858,0.04453926533460617,0.0177316777408123,0.2499999850988388,0.25634765625,1.4901161193847656e-08,-1.5114285945892334,2.005249500274658,-4.428969860076904,4.735274314880371,0.412029504776001,2.7544450759887695,0.06299345195293427,0.10000000149011612,6.186371803283691,0.42675945455449044,0.42675945455449044,0.1303684115409851,0.39456939697265625,True,303,9.908660653084008e-07,True,True,1.9911523000046145
268,0.19509526614672984,0.19486196071855272,0.2215596162992237,0.046032700687646866,0.018727272748947144,0.2499999850988388,0.254150390625,1.4901161193847656e-08,-1.3188841342926025,1.8138059377670288,-4.3207221031188965,4.723195552825928,0.4108195900917053,2.5360071659088135,0.061387479305267334,0.10000000149011612,6.1854729652404785,1.0144537836246659,0.9999990524888109,0.37208670377731323,0.9352026581764221,True,301,9.973509009268342e-07,True,True,1.9801863000029698
269,0.1930024769240165,0.19278279172713997,0.2189707766640967,0.04493853449821472,0.017474666237831116,0.25,0.25341796875,0.0,-1.2754902839660645,1.8670282363891602,-4.352681636810303,4.760486602783203,0.41234126687049866,2.5660903453826904,0.06158934906125069,0.10000000149011612,6.192760467529297,0.7247941069438639,0.7247941069438639,0.2035510092973709,0.6897973418235779,True,301,9.96037603627362e-07,True,True,2.0032304000051226
270,0.19082295696105975,0.190615849975908,0.21696339350209073,0.04374944791197777,0.016335753723978996,0.25,0.255615234375,0.0,-1.3574820756912231,2.037814140319824,-4.418296813964844,4.822739124298096,0.4137200117111206,2.726146697998047,0.06283730268478394,0.10000000149011612,6.20267915725708,0.3972226068043286,0.3972226068043286,0.09943532198667526,0.37756863236427307,True,301,9.86881197900234e-07,True,True,1.972372499993071
271,0.18988280391583373,0.18967724357063104,0.2150317991683388,0.04318865016102791,0.01623716950416565,0.25,0.258056640625,0.0,-1.4460031986236572,2.2243294715881348,-4.5189971923828125,4.892873764038086,0.4138391315937042,2.905179738998413,0.06458553671836853,0.10000000149011612,6.21311092376709,0.3185798292822293,0.3185798292822293,0.12671591341495514,0.28327250480651855,True,302,9.664154642729243e-07,True,True,2.007146699994337
272,0.1905880672635658,0.19037611383219794,0.21543413848089277,0.0429132804274559,0.016904015094041824,0.2499999850988388,0.2578125,1.4901161193847656e-08,-1.4569993019104004,2.3189375400543213,-4.471350193023682,4.947253704071045,0.4130326509475708,2.976386308670044,0.06536787748336792,0.10000000149011612,6.2209649085998535,0.5947160465709592,0.5947160465709592,0.22958292067050934,0.5386194586753845,True,303,9.969804917870205e-07,True,True,1.9746282999985851
273,0.18879149636536316,0.18857932464688495,0.21407234847971296,0.04287265986204147,0.016929905861616135,0.25,0.258544921875,0.0,-1.368535041809082,2.2750558853149414,-4.453948497772217,4.977059364318848,0.41300132870674133,2.8971128463745117,0.0645136758685112,0.10000000149011612,6.225208282470703,0.3499918311494353,0.3499918311494353,0.20505216717720032,0.20521625876426697,True,303,9.981159257828887e-07,True,True,2.0065179000084754
274,0.18640774840372284,0.18620017325388868,0.21198043713496498,0.04355922341346741,0.016401592642068863,0.25,0.258056640625,0.0,-1.2305498123168945,2.1494171619415283,-4.457273483276367,4.994232177734375,0.41364040970802307,2.7327468395233154,0.06310877203941345,0.10000000149011612,6.226227283477783,0.22237932193367949,0.22237932193367949,0.0693688616156578,0.14597177505493164,True,302,9.869672839520477e-07,True,True,1.9884262999985367
275,0.18621114823306537,0.1859956129089985,0.21203946910958268,0.044509220868349075,0.01710261031985283,0.25,0.25732421875,0.0,-1.1131505966186523,2.0268471240997314,-4.364689826965332,5.009399890899658,0.4127921760082245,2.58302640914917,0.062026068568229675,0.10000000149011612,6.226330280303955,0.494561286728022,0.494561286728022,0.12904417514801025,0.4595767855644226,True,303,9.782394813543535e-07,True,True,1.9682222999981605
276,0.18636651571854448,0.18614206533520913,0.21221782500816241,0.04505705460906029,0.017939332872629166,0.25,0.25732421875,0.0,-1.1263759136199951,1.993665099143982,-4.358628273010254,5.033655166625977,0.41177746653556824,2.5461225509643555,0.061737045645713806,0.10000000149011612,6.227893829345703,0.6625887854137579,0.6625887854137579,0.2211548537015915,0.6149225234985352,True,304,9.984240504614437e-07,True,True,1.9686003000242636
277,0.18439158148066676,0.1841817592878786,0.20993845095717603,0.04427472501993179,0.01655474677681923,0.25,0.25732421875,0.0,-1.305849552154541,2.0956456661224365,-4.392176151275635,5.0712199211120605,0.4134552776813507,2.6724750995635986,0.06257861107587814,0.10000000149011612,6.231987476348877,0.17058459829606987,0.17058459829606987,0.08258399367332458,0.11835280805826187,True,306,9.94561666141685e-07,True,True,1.9719954000029247
278,0.18395726910603183,0.18375062844154375,0.2092448668131392,0.04405558481812477,0.01625850796699524,0.2499999850988388,0.257568359375,1.4901161193847656e-08,-1.4995421171188354,2.2278506755828857,-4.445015907287598,5.104038715362549,0.41381335258483887,2.8366310596466064,0.06392507255077362,0.10000000149011612,6.236029148101807,0.33383302449020097,0.33383302449020097,0.09685274958610535,0.31146737933158875,True,306,9.864605967222625e-07,True,True,1.9832868999801576
279,0.18397222221972673,0.18377011179508893,0.20913679498348406,0.044189706444740295,0.01579207181930542,0.25,0.2578125,0.0,-1.6047347784042358,2.2996983528137207,-4.447680950164795,5.123659133911133,0.41437652707099915,2.935650587081909,0.06494281440973282,0.10000000149011612,6.2390642166137695,0.6501818727148552,0.6501818727148552,0.17944194376468658,0.6120628714561462,True,304,9.987983594626282e-07,True,True,1.9882941000105347
280,0.18211994850024896,0.1819281176025452,0.2073886472421594,0.044300228357315063,0.014753066934645176,0.2499999701976776,0.25634765625,2.9802322387695312e-08,-1.594016432762146,2.2450640201568604,-4.477575302124023,5.125523567199707,0.4156283438205719,2.892725944519043,0.06456203013658524,0.10000000149011612,6.240626335144043,0.2148348547737941,0.2148348547737941,0.06033525988459587,0.19586418569087982,True,304,9.787695657727872e-07,True,True,1.985138599993661
281,0.18217051956662908,0.1819800453544594,0.20751196829171056,0.04486392065882683,0.014561029151082039,0.25,0.254150390625,0.0,-1.5394130945205688,2.153542995452881,-4.508972644805908,5.1240315437316895,0.41585931181907654,2.805107831954956,0.06380269676446915,0.10000000149011612,6.242118835449219,0.4212925263524747,0.4212925263524747,0.11990148574113846,0.40199947357177734,True,304,9.780361690021259e-07,True,True,1.9955538999929558
282,0.18239312774207378,0.18220233142640377,0.20724319966515956,0.0453447587788105,0.014545155689120293,0.2499999701976776,0.25390625,2.9802322387695312e-08,-1.521939754486084,2.119849920272827,-4.513436317443848,5.139927387237549,0.41587838530540466,2.7702274322509766,0.06353887170553207,0.10000000149011612,6.244868755340576,0.5597946343731874,0.5597946343731874,0.17032945156097412,0.5288208723068237,True,303,9.99536059339358e-07,True,True,1.9887622999958694
283,0.18092270973276803,0.18073927389782377,0.2059229089102735,0.04468568414449692,0.013875015079975128,0.2499999850988388,0.25341796875,1.4901161193847656e-08,-1.5548934936523438,2.1875436305999756,-4.502643585205078,5.176538944244385,0.4166833162307739,2.8230433464050293,0.06403215229511261,0.10000000149011612,6.249584197998047,0.24604195089728242,0.24604195089728242,0.08286730945110321,0.22642050683498383,True,304,9.90661222817639e-07,True,True,1.9946805000072345
284,0.18039590159949678,0.18021502739337106,0.20535653958485617,0.04435189068317413,0.01365223154425621,0.2499999850988388,0.2548828125,1.4901161193847656e-08,-1.5916056632995605,2.297335386276245,-4.487156867980957,5.219261646270752,0.4169505834579468,2.9090521335601807,0.06484995037317276,0.10000000149011612,6.255289077758789,0.2491030115823001,0.2491030115823001,0.07770304381847382,0.22475837171077728,True,304,9.956070350439676e-07,True,True,1.9734049999970011
285,0.18048058121715316,0.18029977547813783,0.20565331304155446,0.04425565153360367,0.013655008748173714,0.25,0.254638671875,0.0,-1.5784140825271606,2.3437840938568115,-4.482853889465332,5.251978874206543,0.4169471859931946,2.92950701713562,0.0650748685002327,0.10000000149011612,6.260074615478516,0.4580643533509733,0.4580643533509733,0.1071121096611023,0.43430620431900024,True,306,9.88593662067882e-07,True,True,1.961960899992846
286,0.1795609680935785,0.1793854150027081,0.2048074617356683,0.04418065398931503,0.013137243688106537,0.2499999850988388,0.254150390625,1.4901161193847656e-08,-1.4848628044128418,2.3199496269226074,-4.473387241363525,5.272500991821289,0.4175676703453064,2.87412691116333,0.06463064253330231,0.10000000149011612,6.264225482940674,0.14980176160068695,0.14980176160068695,0.06603748351335526,0.12924128770828247,True,306,9.68090957632303e-07,True,True,1.9753146000148263
287,0.17914160650393518,0.17896874426847847,0.20443049157357215,0.04444540664553642,0.012841682881116867,0.25,0.2529296875,0.0,-1.3491700887680054,2.2552545070648193,-4.449656009674072,5.288073539733887,0.41792142391204834,2.780355930328369,0.06395144015550613,0.10000000149011612,6.267624855041504,0.24733616152988627,0.24733616152988627,0.0953446701169014,0.2089793086051941,True,304,9.923006479796463e-07,True,True,1.979078300006222
288,0.17876025315226274,0.17858925356940586,0.2039663029075761,0.044700413942337036,0.01262991689145565,0.25,0.252685546875,0.0,-1.2528314590454102,2.1820011138916016,-4.422524452209473,5.302089214324951,0.418174684047699,2.6914069652557373,0.06340436637401581,0.10000000149011612,6.269655704498291,0.2461087858680921,0.2461087858680921,0.06888499110937119,0.2350495457649231,True,304,9.991271352189434e-07,True,True,1.9817948999989312
289,0.17856565756291354,0.17839552610680665,0.20380404480245365,0.044886115938425064,0.01252453401684761,0.25,0.252197265625,0.0,-1.2159104347229004,2.167484760284424,-4.414905548095703,5.322511196136475,0.41830068826675415,2.6635215282440186,0.06323668360710144,0.10000000149011612,6.272382736206055,0.27319465490061984,0.27319465490061984,0.10673169046640396,0.24703088402748108,True,306,9.921458032473605e-07,True,True,2.003839599987259
290,0.17794999216070934,0.17778444348222178,0.2033453615627345,0.04464203491806984,0.012090664356946945,0.2499999850988388,0.25244140625,1.4901161193847656e-08,-1.2213330268859863,2.2200734615325928,-4.4375176429748535,5.349069118499756,0.41881898045539856,2.6990435123443604,0.06355557590723038,0.10000000149011612,6.276191711425781,0.11618541650486552,0.11618541650486552,0.047501079738140106,0.10043445974588394,True,304,9.921068104685222e-07,True,True,1.9859772000054363
291,0.17761443051990183,0.17745218525748763,0.20302212256448068,0.044318925589323044,0.011792633682489395,0.25,0.2529296875,0.0,-1.2357099056243896,2.2864041328430176,-4.4682416915893555,5.375091552734375,0.4191746413707733,2.748570680618286,0.06397109478712082,0.10000000149011612,6.280162811279297,0.1157763267154322,0.1157763267154322,0.04384726658463478,0.10097400099039078,True,304,9.923015038563965e-07,True,True,1.9745808000152465
292,0.17743795152675437,0.1772774205013745,0.20274272141909572,0.04410160332918167,0.01164294220507145,0.25,0.253173828125,0.0,-1.2274929285049438,2.3278229236602783,-4.49139928817749,5.395864009857178,0.4193531274795532,2.774275541305542,0.06421846151351929,0.10000000149011612,6.2835798263549805,0.14011308894298782,0.14011308894298782,0.07473065704107285,0.09037171304225922,True,304,9.985017747658357e-07,True,True,1.984712400007993
293,0.17713676456789773,0.17697865650858086,0.20244268935570198,0.04411328211426735,0.01139947772026062,0.2499999850988388,0.25341796875,1.4901161193847656e-08,-1.2280187606811523,2.3384716510772705,-4.502893924713135,5.4123759269714355,0.4196433126926422,2.7785143852233887,0.06428151577711105,0.10000000149011612,6.286025047302246,0.11752230870409772,0.11752230870409772,0.05916052311658859,0.08805608749389648,True,304,9.92826889276737e-07,True,True,1.9757253999996465
294,0.17670959464817215,0.17655440127647387,0.20206013220110977,0.044285379350185394,0.011090799234807491,0.2499999850988388,0.25244140625,1.4901161193847656e-08,-1.2084778547286987,2.317640781402588,-4.502335548400879,5.424464225769043,0.42001092433929443,2.755207061767578,0.06413853168487549,0.10000000149011612,6.2878546714782715,0.11305894232748494,0.11305894232748494,0.054619528353214264,0.0916275829076767,True,306,9.742497004532099e-07,True,True,1.9911866000038572
295,0.17639198858855262,0.17623823513282433,0.20163880278255963,0.04460027068853378,0.010915318503975868,0.25,0.252197265625,0.0,-1.1702706813812256,2.270491123199463,-4.494626998901367,5.432191848754883,0.4202198088169098,2.7076547145843506,0.06384757906198502,0.10000000149011612,6.289125919342041,0.13512989171736842,0.13512989171736842,0.04584582522511482,0.1262245923280716,True,304,9.826662596689087e-07,True,True,1.9945271000033244
296,0.17629874753566113,0.17614518442550328,0.20149620248448005,0.044855404645204544,0.010870770551264286,0.2499999850988388,0.25244140625,1.4901161193847656e-08,-1.149254560470581,2.250788688659668,-4.496408462524414,5.443152904510498,0.4202727973461151,2.6845078468322754,0.06370510905981064,0.10000000149011612,6.290985584259033,0.24409723563523814,0.24409723563523814,0.09267459064722061,0.22269730269908905,True,303,9.970150843358473e-07,True,True,1.9874078999855556
297,0.1758150687610892,0.1756640243215648,0.20101389683714718,0.044677529484033585,0.010636691004037857,0.2499999850988388,0.252197265625,1.4901161193847656e-08,-1.151059865951538,2.2843072414398193,-4.514019966125488,5.461081027984619,0.4205511808395386,2.706773281097412,0.06388168781995773,0.10000000149011612,6.29374361038208,0.13456423239680707,0.13456423239680707,0.041899532079696655,0.1273021697998047,True,304,9.99416908616294e-07,True,True,1.9766866999852937
298,0.17556250156228898,0.1754125031358516,0.20071584608546927,0.04452376067638397,0.010547466576099396,0.2499999850988388,0.25244140625,1.4901161193847656e-08,-1.164937973022461,2.333211898803711,-4.536751747131348,5.480504035949707,0.4206572473049164,2.742237091064453,0.06415701657533646,0.10000000149011612,6.296745777130127,0.10387075725717086,0.10387075725717086,0.059498779475688934,0.07315024733543396,True,303,9.73139902223265e-07,True,True,1.9711721000203397
299,0.17524842193705503,0.1750982481984562,0.20012638445629657,0.04456980526447296,0.010560393333435059,0.2499999850988388,0.251708984375,1.4901161193847656e-08,-1.1663124561309814,2.349700689315796,-4.5496978759765625,5.495611190795898,0.42064186930656433,2.749162197113037,0.06422025710344315,0.10000000149011612,6.299033164978027,0.13019740911575475,0.13019740911575475,0.06808725744485855,0.10342030972242355,True,303,9.540998185944595e-07,True,True,1.9556975000014063
300,0.17464571847412882,0.1744962263761103,0.19954296641082303,0.044809214770793915,0.010468288324773312,0.25,0.25048828125,0.0,-1.1437370777130127,2.329712390899658,-4.552602291107178,5.50648307800293,0.4207513630390167,2.7234010696411133,0.06405720114707947,0.10000000149011612,6.30070686340332,0.12223875272561321,0.12223875272561321,0.06441105157136917,0.09473983198404312,True,302,9.682535859449351e-07,True,True,1.9792730000044685
301,0.17410323475532752,0.1739530789018474,0.19951635460421555,0.04525043070316315,0.010490542277693748,0.2499999850988388,0.249755859375,1.4901161193847656e-08,-1.1141421794891357,2.2834393978118896,-4.548991680145264,5.514462471008301,0.42072492837905884,2.674992561340332,0.06372392922639847,0.10000000149011612,6.301831245422363,0.1432421777053722,0.1432421777053722,0.0365823432803154,0.13812315464019775,True,301,9.966710470124696e-07,True,True,1.960966799990274
302,0.17396508880697928,0.17381278492876134,0.19962728374478395,0.04561830684542656,0.0106685571372509,0.2499999850988388,0.249267578125,1.4901161193847656e-08,-1.102940559387207,2.257755756378174,-4.553448677062988,5.524514198303223,0.4205133020877838,2.645364999771118,0.06354426592588425,0.10000000149011612,6.303278923034668,0.2700684069060477,0.2700684069060477,0.10005949437618256,0.24768826365470886,True,301,9.655837317261595e-07,True,True,1.9682726000028197
303,0.17355468342363517,0.17340446849636418,0.199259839672608,0.04543818533420563,0.010477674193680286,0.2499999850988388,0.249755859375,1.4901161193847656e-08,-1.1266288757324219,2.2987163066864014,-4.5756306648254395,5.541538715362549,0.42074018716812134,2.6735382080078125,0.06373929232358932,0.10000000149011612,6.305658340454102,0.09709613092679345,0.09709613092679345,0.04369768872857094,0.08411016315221786,True,301,9.965936775603199e-07,True,True,1.982852399989497
304,0.17333282939295055,0.17318254636923552,0.1990000658034726,0.045305926352739334,0.01049770973622799,0.2499999701976776,0.249755859375,2.9802322387695312e-08,-1.1577956676483154,2.3386943340301514,-4.597170829772949,5.557033061981201,0.42071640491485596,2.701741933822632,0.06394777446985245,0.10000000149011612,6.30784273147583,0.09594789209533153,0.09594789209533153,0.058874860405921936,0.06581158190965652,True,301,9.961948434513982e-07,True,True,1.9746483000053558
305,0.17301880508352943,0.17286861812946328,0.19851464604739352,0.04531512409448624,0.01048718299716711,0.25,0.250732421875,0.0,-1.1968730688095093,2.3564722537994385,-4.61133337020874,5.570017337799072,0.4207289218902588,2.714566469192505,0.06402543932199478,0.10000000149011612,6.309450149536133,0.08372142363309382,0.08372142363309382,0.05387548729777336,0.06036433205008507,True,301,9.665449838825937e-07,True,True,1.9484500999969896
306,0.1726510631094588,0.1725016950170411,0.19787739509916027,0.04542640224099159,0.010394169017672539,0.25,0.25,0.0,-1.2225106954574585,2.349860429763794,-4.618961811065674,5.58005952835083,0.42083942890167236,2.707812786102295,0.06393963098526001,0.10000000149011612,6.310744285583496,0.09328570815975222,0.09328570815975222,0.04536543786525726,0.07556323707103729,True,301,9.87959566073675e-07,True,True,1.977885200001765
307,0.1723760110554931,0.17222712677025173,0.1973289628504112,0.04563765972852707,0.010324662551283836,0.25,0.251220703125,0.0,-1.2265353202819824,2.3214826583862305,-4.622804164886475,5.587459564208984,0.42092201113700867,2.6818759441375732,0.0637492910027504,0.10000000149011612,6.3118720054626465,0.11652375266738284,0.11652375266738284,0.028547676280140877,0.11255455762147903,True,301,9.933562614867455e-07,True,True,1.9948923999909312
308,0.1722486860436913,0.17209999839417306,0.19697466838042146,0.04572213441133499,0.010296551510691643,0.2499999850988388,0.2509765625,1.4901161193847656e-08,-1.264392614364624,2.3130784034729004,-4.631300449371338,5.596259117126465,0.4209553897380829,2.6787798404693604,0.06369835138320923,0.10000000149011612,6.313016891479492,0.17283949523778452,0.17283949523778452,0.07311869412660599,0.1459975242614746,True,301,9.802117705975592e-07,True,True,1.982061300019268
309,0.17200390136055987,0.17185738177970392,0.19662077366567635,0.04547349363565445,0.010104608722031116,0.25,0.250244140625,0.0,-1.3120710849761963,2.365771532058716,-4.648900032043457,5.609164714813232,0.4211832880973816,2.7209270000457764,0.06397617608308792,0.10000000149011612,6.3147406578063965,0.073942526102971,0.073942526102971,0.023958774283528328,0.055042803287506104,True,301,9.851016281262753e-07,True,True,1.9829904999933206
310,0.17192598807821413,0.17178018768886466,0.19644789318924924,0.04532567784190178,0.010047471150755882,0.25,0.251220703125,0.0,-1.3430029153823853,2.407639741897583,-4.676183223724365,5.620198726654053,0.421251118183136,2.752439022064209,0.06418650597333908,0.10000000149011612,6.316356658935547,0.08058602337504409,0.08058602337504409,0.04698812589049339,0.06378006190061569,True,301,9.93056645789753e-07,True,True,1.9628656000131741
311,0.1717972433879794,0.17165240742040885,0.19618110494417143,0.045285556465387344,0.009955041110515594,0.2499999850988388,0.251220703125,1.4901161193847656e-08,-1.3667981624603271,2.4155776500701904,-4.688913345336914,5.628375053405762,0.4213608503341675,2.7606201171875,0.06422504782676697,0.10000000149011612,6.3175482749938965,0.09904723278846841,0.09904723278846841,0.04484919086098671,0.08513803780078888,True,302,9.841283216535219e-07,True,True,1.9712297999940347
312,0.17160468353805333,0.17146088774603993,0.1961647061575477,0.04537796229124069,0.009841782972216606,0.2499999850988388,0.2509765625,1.4901161193847656e-08,-1.372635841369629,2.387928009033203,-4.68632698059082,5.634108066558838,0.4214951992034912,2.7421581745147705,0.0640537217259407,0.10000000149011612,6.3184685707092285,0.09266983606284919,0.09266983606284919,0.022686434909701347,0.07744687050580978,True,302,9.799546259123203e-07,True,True,1.9649190000200178
313,0.17157631720136338,0.17143165149446063,0.19628809608186903,0.045725032687187195,0.009894067421555519,0.2499999850988388,0.250732421875,1.4901161193847656e-08,-1.3576905727386475,2.3490138053894043,-4.683194160461426,5.6387038230896,0.4214332103729248,2.712430715560913,0.06380631774663925,0.10000000149011612,6.3194260597229,0.27044706064543605,0.27044706064543605,0.10950744897127151,0.2417861968278885,True,302,9.840216128459448e-07,True,True,1.9963121000037063
314,0.1713443195557247,0.17120191906374202,0.19604697114268396,0.04526282101869583,0.009713767096400261,0.2499999850988388,0.251708984375,1.4901161193847656e-08,-1.3568222522735596,2.41227126121521,-4.711117267608643,5.650630474090576,0.4216470420360565,2.751598358154297,0.06411783397197723,0.10000000149011612,6.321066856384277,0.09819485793676717,0.09819485793676717,0.024788392707705498,0.08653508871793747,True,302,9.96054707616674e-07,True,True,1.9937787000089884
315,0.17127031109069316,0.17112706328888266,0.19611718910941056,0.044968608766794205,0.00982791930437088,0.2499999850988388,0.252197265625,1.4901161193847656e-08,-1.3373442888259888,2.4568684101104736,-4.7316484451293945,5.66120719909668,0.4215116500854492,2.774932622909546,0.06429058313369751,0.10000000149011612,6.3227410316467285,0.1698116142733747,0.1698116142733747,0.06369966268539429,0.15478119254112244,True,302,9.99586350693817e-07,True,True,1.9804354000079911
316,0.17113378898277154,0.1709912759739833,0.19610627037405667,0.045124784111976624,0.009738822467625141,0.2499999701976776,0.251953125,2.9802322387695312e-08,-1.2774114608764648,2.4426724910736084,-4.724092960357666,5.667647838592529,0.4216172993183136,2.7517101764678955,0.06413035839796066,0.10000000149011612,6.324038028717041,0.18170194863599642,0.18170194863599642,0.06389645487070084,0.14946302771568298,True,302,9.94020144679136e-07,True,True,1.994027000007918
317,0.1709290427092431,0.17078685241304023,0.19593614060618414,0.04515814408659935,0.009703215211629868,0.25,0.250732421875,0.0,-1.2780687808990479,2.40893292427063,-4.710193634033203,5.672410488128662,0.42165955901145935,2.729304552078247,0.06392598152160645,0.10000000149011612,6.3247833251953125,0.08484442263683697,0.08484442263683697,0.02581595443189144,0.07167583703994751,True,302,9.61185747449562e-07,True,True,1.9856398999982048
318,0.17092339081303684,0.17078024402619807,0.19590856093222114,0.045536935329437256,0.009760985150933266,0.25,0.250244140625,0.0,-1.2585082054138184,2.3717336654663086,-4.698079586029053,5.676487445831299,0.42159104347229004,2.701164960861206,0.06368868798017502,0.10000000149011612,6.325571060180664,0.1752207167290095,0.1752207167290095,0.08379073441028595,0.1245708242058754,True,302,9.553785343424428e-07,True,True,2.003044899989618
319,0.1707529992918365,0.17061159503561185,0.19588015638829823,0.04518991708755493,0.009621433913707733,0.25,0.2509765625,0.0,-1.2077224254608154,2.3984389305114746,-4.708985328674316,5.683680057525635,0.4217565059661865,2.7086503505706787,0.06376588344573975,0.10000000149011612,6.326988220214844,0.18227299353299814,0.18227299353299814,0.03796250373125076,0.17070484161376953,True,301,9.92229932376126e-07,True,True,1.985807900025975
320,0.17047648148913735,0.17033678542380087,0.19559901650822664,0.044696543365716934,0.00949995219707489,0.2499999850988388,0.252197265625,1.4901161193847656e-08,-1.2196412086486816,2.44413685798645,-4.7314300537109375,5.692399978637695,0.42190051078796387,2.742002248764038,0.06401021778583527,0.10000000149011612,6.3283162117004395,0.1341307720561605,0.1341307720561605,0.06805284321308136,0.11148521304130554,True,301,9.99917394193177e-07,True,True,2.0052967999945395
321,0.17031163584954662,0.17017283578730744,0.19523732598680832,0.04419925808906555,0.009460080415010452,0.2499999850988388,0.253173828125,1.4901161193847656e-08,-1.242040753364563,2.514071226119995,-4.763782501220703,5.703587055206299,0.42194777727127075,2.7946438789367676,0.06439197063446045,0.10000000149011612,6.329944133758545,0.2641659636308405,0.2641659636308405,0.07695501297712326,0.2490399330854416,True,302,9.930379043651628e-07,True,True,1.9690314999897964
322,0.17012020169703956,0.16998328307403918,0.19505401602979022,0.044347021728754044,0.009257160127162933,0.25,0.253173828125,0.0,-1.1799209117889404,2.520106315612793,-4.763340950012207,5.70983362197876,0.4221881330013275,2.7894206047058105,0.06439173221588135,0.10000000149011612,6.331476211547852,0.2784803701790296,0.2784803701790296,0.09293226897716522,0.21136997640132904,True,302,9.866552861068416e-07,True,True,1.9975202000059653
323,0.16989368587689532,0.1697566039632453,0.19476582979208806,0.04431235045194626,0.00927695631980896,0.25,0.251953125,0.0,-1.2029985189437866,2.504739761352539,-4.751065254211426,5.7139692306518555,0.4221647083759308,2.785429000854492,0.06427199393510818,0.10000000149011612,6.332299709320068,0.24643264395768447,0.24643264395768447,0.07003460079431534,0.23197224736213684,True,302,9.94659188436789e-07,True,True,1.9937638999836054
324,0.16957820853500544,0.16944188684693456,0.1944504707088643,0.04461754858493805,0.009170413948595524,0.2499999850988388,0.25146484375,1.4901161193847656e-08,-1.146073579788208,2.442322015762329,-4.715968132019043,5.713594913482666,0.4222908914089203,2.736025333404541,0.06385242193937302,0.10000000149011612,6.3331170082092285,0.07270757351194902,0.07270757351194902,0.033166177570819855,0.057476677000522614,True,302,9.943200586197116e-07,True,True,1.9690704999957234
325,0.1696891569585457,0.169550685366328,0.19451653976287936,0.04507716745138168,0.009339442476630211,0.2499999850988388,0.2509765625,1.4901161193847656e-08,-1.0841258764266968,2.393576145172119,-4.692169189453125,5.714241027832031,0.42209067940711975,2.6966001987457275,0.06354302167892456,0.10000000149011612,6.334130764007568,0.41969500298033646,0.41969500298033646,0.09501031041145325,0.3954905867576599,True,302,9.968765928818042e-07,True,True,1.9774608000006992
326,0.16948374054115323,0.16934703596402018,0.19422081234209915,0.0448853075504303,0.00918192695826292,0.25,0.2509765625,0.0,-1.166761040687561,2.427476644515991,-4.712529182434082,5.719983100891113,0.4222772419452667,2.7401819229125977,0.0637698620557785,0.10000000149011612,6.335120677947998,0.19398610537997663,0.19398610537997663,0.0806768462061882,0.14053519070148468,True,303,9.884105820231918e-07,True,True,1.9776808000169694
327,0.1692859744557818,0.1691507005950143,0.19401462014105286,0.044403739273548126,0.009087012149393559,0.2499999701976776,0.250732421875,2.9802322387695312e-08,-1.1988441944122314,2.4900641441345215,-4.747374534606934,5.726768970489502,0.42238959670066833,2.7941091060638428,0.06416750699281693,0.10000000149011612,6.336587905883789,0.21553884555169317,0.21553884555169317,0.06151369586586952,0.19518591463565826,True,303,9.995464332692575e-07,True,True,1.9712379999982659
328,0.16931337906115446,0.16918085958876405,0.1940111073173104,0.04439970478415489,0.00881197676062584,0.25,0.251220703125,0.0,-1.1698715686798096,2.5194013118743896,-4.770906925201416,5.730266571044922,0.42271503806114197,2.815080404281616,0.06439504772424698,0.10000000149011612,6.337973117828369,0.5507118849003163,0.5507118849003163,0.13322314620018005,0.4714331030845642,True,303,9.84824597644845e-07,True,True,1.9587469999969471
329,0.16939887793659508,0.1692619201756948,0.19414650104348352,0.043945569545030594,0.009301219135522842,0.25,0.251708984375,0.0,-1.3196271657943726,2.5540108680725098,-4.796963691711426,5.7339701652526855,0.42213594913482666,2.8742008209228516,0.06466583907604218,0.10000000149011612,6.338531017303467,0.4691709267143914,0.4691709267143914,0.10465003550052643,0.42932388186454773,True,304,9.960248881173282e-07,True,True,1.9896712999907322
330,0.16881100333922872,0.16867788785764343,0.19351261455172902,0.043862368911504745,0.008925311267375946,0.2499999850988388,0.25146484375,1.4901161193847656e-08,-1.297431230545044,2.532829523086548,-4.792590141296387,5.7343597412109375,0.4225809872150421,2.8635785579681396,0.06455351412296295,0.10000000149011612,6.339550971984863,0.25255542088973465,0.25255542088973465,0.06824681907892227,0.22160083055496216,True,303,9.924696951999327e-07,True,True,2.0122037999972235
331,0.1691445824955057,0.1690150204305004,0.19376174307960173,0.044240400195121765,0.008532166481018066,0.2499999850988388,0.251953125,1.4901161193847656e-08,-1.1894795894622803,2.5134129524230957,-4.78427267074585,5.735137462615967,0.42304590344429016,2.836880683898926,0.06450855731964111,0.10000000149011612,6.340980529785156,0.8029654140680373,0.8029654140680373,0.18957899510860443,0.7157177329063416,True,301,9.764037111184462e-07,True,True,1.9748292000149377
332,0.16878829370308554,0.16865341142807044,0.19331966338107195,0.04375983029603958,0.009112244471907616,0.2499999701976776,0.250732421875,2.9802322387695312e-08,-1.3517996072769165,2.5470433235168457,-4.803374290466309,5.741640090942383,0.4223597049713135,2.897127389907837,0.06468074768781662,0.10000000149011612,6.341753959655762,0.49800940017265544,0.49800940017265544,0.11247033625841141,0.44818195700645447,True,303,9.804642373497282e-07,True,True,1.9866086000110954
333,0.16863988511937456,0.16850521022754505,0.19318688949169857,0.0438699908554554,0.009080490097403526,0.2499999850988388,0.25048828125,1.4901161193847656e-08,-1.3400468826293945,2.5269479751586914,-4.791990756988525,5.743433952331543,0.42239734530448914,2.8882009983062744,0.06454891711473465,0.10000000149011612,6.342750549316406,0.4015115611827149,0.4015115611827149,0.09845517575740814,0.34331193566322327,True,304,9.84202703218624e-07,True,True,1.9846190999960527
334,0.16837800310432802,0.16824980544552098,0.19280374535922593,0.04407132789492607,0.008412633091211319,0.25,0.250732421875,0.0,-1.2002190351486206,2.4934675693511963,-4.777105331420898,5.743436813354492,0.42318713665008545,2.8460729122161865,0.06436190009117126,0.10000000149011612,6.344111919403076,0.6096155439640154,0.6096155439640154,0.1307872086763382,0.5583043098449707,True,302,9.977199793520971e-07,True,True,2.000159799994435
335,0.16795229547673327,0.16782297170364718,0.19255024289093242,0.043655842542648315,0.00856679305434227,0.25,0.250732421875,0.0,-1.287133812904358,2.522571086883545,-4.793204307556152,5.747981548309326,0.42300498485565186,2.8893187046051025,0.064504474401474,0.10000000149011612,6.344889163970947,0.21761270852081993,0.21761270852081993,0.07665888965129852,0.16691072285175323,True,303,9.663045731966355e-07,True,True,1.968507600016892
336,0.1676714814402713,0.1675449604731603,0.1922765433331829,0.04334425926208496,0.008317670784890652,0.2499999850988388,0.251220703125,1.4901161193847656e-08,-1.3017163276672363,2.572906970977783,-4.820870399475098,5.7529988288879395,0.4232993423938751,2.932403087615967,0.06487462669610977,0.10000000149011612,6.345981121063232,0.10785345702523486,0.10785345702523486,0.03657734766602516,0.09342635422945023,True,301,9.991244292837436e-07,True,True,1.9795410999795422
337,0.1682566165394777,0.16813065202456653,0.19280725238595037,0.0433906614780426,0.008257385343313217,0.25,0.251220703125,0.0,-1.2819149494171143,2.620074987411499,-4.849760055541992,5.75730562210083,0.42337051033973694,2.966817617416382,0.065361388027668,0.10000000149011612,6.347167015075684,0.6828268093858347,0.6828268093858347,0.17879165709018707,0.573341965675354,True,300,9.791835192218251e-07,True,True,1.9793254999967758
338,0.1694087385357013,0.16926981551839318,0.19400424173358846,0.04341753572225571,0.009550548158586025,0.25,0.251220703125,0.0,-1.4613460302352905,2.64801025390625,-4.8676676750183105,5.761460304260254,0.4218405783176422,3.028862714767456,0.06557215750217438,0.10000000149011612,6.3473639488220215,1.145044713350779,0.999999166657065,0.26974523067474365,1.065908432006836,True,305,9.866766630982045e-07,True,True,2.0058652000152506
339,0.16797628302990872,0.16784495560198504,0.19234777065662687,0.04396989196538925,0.00873575359582901,0.2499999850988388,0.25,1.4901161193847656e-08,-1.3521723747253418,2.4899280071258545,-4.7954792976379395,5.752551078796387,0.42280519008636475,2.9118361473083496,0.06451348215341568,0.10000000149011612,6.347614765167236,0.4062181829896376,0.4062181829896376,0.2050005942583084,0.2827696204185486,True,299,9.752526179137878e-07,True,True,1.9583824000146706
340,0.16932345459258394,0.16919571949934797,0.19364890625312994,0.044203467667102814,0.008353162556886673,0.2499999701976776,0.251220703125,2.9802322387695312e-08,-1.1645658016204834,2.4990999698638916,-4.785119533538818,5.754497051239014,0.42325741052627563,2.8837010860443115,0.06474526971578598,0.10000000149011612,6.348757743835449,0.8301240581599187,0.8301240581599187,0.1890559196472168,0.7583999037742615,True,299,9.701356205525343e-07,True,True,1.9718492999963928
341,0.1673777582281465,0.16725388113308792,0.19178464663531022,0.04321166127920151,0.008066543377935886,0.2499999850988388,0.25048828125,1.4901161193847656e-08,-1.2906441688537598,2.5790505409240723,-4.82096004486084,5.763917446136475,0.4235958456993103,2.9611968994140625,0.06511188298463821,0.10000000149011612,6.349336624145508,0.33399559246764204,0.33399559246764204,0.07651218771934509,0.28350716829299927,True,299,9.907188315258676e-07,True,True,1.9504365000175312
342,0.16988569144385893,0.16974398182558853,0.19440550185440084,0.04333434998989105,0.009837526828050613,0.2499999850988388,0.251708984375,1.4901161193847656e-08,-1.4694210290908813,2.6587729454040527,-4.855910301208496,5.773090362548828,0.4215002655982971,3.0516583919525146,0.06572878360748291,0.10000000149011612,6.349507808685303,1.1236399510190482,0.9999992907445409,0.2901857793331146,1.0499504804611206,True,305,9.602271608588493e-07,True,True,1.9816164000076242
343,0.16847332318055291,0.16833708764168281,0.19288054254361126,0.044046226888895035,0.009218931198120117,0.25,0.2509765625,0.0,-1.363472580909729,2.5154504776000977,-4.769866943359375,5.76766300201416,0.4222334325313568,2.936532735824585,0.06469780951738358,0.10000000149011612,6.349471569061279,0.2723362282884374,0.2723362282884374,0.09344065934419632,0.19598037004470825,True,303,9.98404398760923e-07,True,True,1.9445079000142869
344,0.1687996930188901,0.1686602076392091,0.19304790040155279,0.044965777546167374,0.00945196021348238,0.25,0.250732421875,0.0,-1.2031022310256958,2.404177665710449,-4.728536605834961,5.764438152313232,0.4219573736190796,2.8355417251586914,0.06390509009361267,0.10000000149011612,6.3498735427856445,1.073349660622727,0.9999991734259468,0.5713571906089783,0.816239058971405,True,303,9.91341410267003e-07,True,True,1.9945034999982454
345,0.16908255333733468,0.16895205818769246,0.19341228314306058,0.04285305738449097,0.008764209225773811,0.2499999850988388,0.250732421875,1.4901161193847656e-08,-1.0675143003463745,2.644054412841797,-4.802717685699463,5.787646770477295,0.42277151346206665,2.9660565853118896,0.06555593013763428,0.10000000149011612,6.351903438568115,0.7762447973390703,0.7762447973390703,0.22669176757335663,0.6033344268798828,True,299,9.983670642480358e-07,True,True,1.9433072000101674
346,0.169756966992595,0.1696270814494572,0.19426807427700507,0.0419040210545063,0.008798152208328247,0.25,0.252197265625,0.0,-1.2100845575332642,2.768418073654175,-4.862406253814697,5.8038177490234375,0.4227313995361328,3.0825095176696777,0.0662931278347969,0.10000000149011612,6.352627277374268,0.803622522707303,0.803622522707303,0.2257339060306549,0.7680463790893555,True,302,9.69554064181133e-07,True,True,1.9746075999864843
347,0.17049729541848793,0.17036126380573408,0.19504479668679442,0.04194169491529465,0.009408991783857346,0.25,0.252197265625,0.0,-1.1036865711212158,2.758028030395508,-4.851637840270996,5.805689334869385,0.42200830578804016,3.0643365383148193,0.06638674437999725,0.10000000149011612,6.353181838989258,0.9297405756981939,0.9297405756981939,0.3261553645133972,0.6598016619682312,True,300,9.88484508286378e-07,True,True,1.939605899999151
348,0.1692088730987444,0.16907760113108006,0.19379240644508539,0.04248534515500069,0.008878662250936031,0.25,0.252685546875,0.0,-1.1741294860839844,2.6842877864837646,-4.792038917541504,5.8000054359436035,0.4226361811161041,3.026576042175293,0.06577543169260025,0.10000000149011612,6.3522820472717285,0.6161084294000106,0.6161084294000106,0.18861597776412964,0.5791224837303162,True,302,9.784999436914638e-07,True,True,1.9635437999968417
349,0.16876217185427572,0.16862437044178272,0.19291226798290473,0.044245701283216476,0.009355571120977402,0.2499999850988388,0.250732421875,1.4901161193847656e-08,-1.0526036024093628,2.4909541606903076,-4.689718723297119,5.7852983474731445,0.42207157611846924,2.8717868328094482,0.0644010528922081,0.10000000149011612,6.3512749671936035,0.2608097144136386,0.2608097144136386,0.12368954718112946,0.20752935111522675,True,303,9.924654881626574e-07,True,True,1.9941920000128448
350,0.17200768586696702,0.17183623550908284,0.19614454320979913,0.04653489217162132,0.01249154657125473,0.2499999850988388,0.246826171875,1.4901161193847656e-08,-1.0032950639724731,2.3666493892669678,-4.63838529586792,5.7771077156066895,0.41834011673927307,2.783221960067749,0.06353918462991714,0.10000000149011612,6.35094690322876,1.054498637492514,0.9999990414860304,0.5382452607154846,0.8046528697013855,True,304,9.895719007928025e-07,True,True,1.9936362000007648
351,0.16811513176108842,0.16798532943162267,0.19259689236635377,0.043332260102033615,0.008647006936371326,0.25,0.2509765625,0.0,-1.095872402191162,2.562098503112793,-4.7080769538879395,5.790149688720703,0.4229101240634918,2.9527618885040283,0.06508825719356537,0.10000000149011612,6.352311611175537,0.08913535942782692,0.08913535942782692,0.03526628762483597,0.0672994926571846,True,301,9.93771221715718e-07,True,True,1.9766277000016998
352,0.16920345903980108,0.1690745446388659,0.1940095800302277,0.04233083128929138,0.008658356964588165,0.25,0.2529296875,0.0,-1.19402015209198,2.718245267868042,-4.778186321258545,5.801721096038818,0.42289674282073975,3.1019630432128906,0.06640903651714325,0.10000000149011612,6.35366678237915,0.6933130513917121,0.6933130513917121,0.20483499765396118,0.6540476083755493,True,303,9.938527040085323e-07,True,True,1.9816905000188854
353,0.1680730885610454,0.16795336522054896,0.19298320060901222,0.041795603930950165,0.0077927736565470695,0.25,0.250732421875,0.0,-1.0790975093841553,2.727105140686035,-4.783383369445801,5.801520824432373,0.42391887307167053,3.1052236557006836,0.06665000319480896,0.10000000149011612,6.354667663574219,0.44287341481477305,0.44287341481477305,0.16089867055416107,0.29529690742492676,True,299,9.909897137218554e-07,True,True,1.9676204999850597
354,0.16842437477768207,0.1683027452415302,0.19319188284722508,0.04191480576992035,0.007971473038196564,0.2499999850988388,0.25048828125,1.4901161193847656e-08,-1.0302324295043945,2.703144073486328,-4.764705657958984,5.7967448234558105,0.4237080514431,3.092766046524048,0.06664876639842987,0.10000000149011612,6.354896068572998,0.749365793193286,0.749365793193286,0.22701698541641235,0.5831289887428284,True,299,9.891080443747512e-07,True,True,1.916288499982329
355,0.1675321995335506,0.1674118811393963,0.1922906455070184,0.04232271760702133,0.0077995676547288895,0.2499999850988388,0.25048828125,1.4901161193847656e-08,-1.156928539276123,2.6595935821533203,-4.7533674240112305,5.7893524169921875,0.42391088604927063,3.094536781311035,0.06633751839399338,0.10000000149011612,6.354179859161377,0.3076875185001715,0.3076875185001715,0.08518089354038239,0.28740543127059937,True,298,9.714835612332855e-07,True,True,1.9414228999812622
356,0.16767881002693086,0.1675532508012524,0.1921486293882733,0.04306166619062424,0.008249755948781967,0.2499999850988388,0.250732421875,1.4901161193847656e-08,-1.1819707155227661,2.5749332904815674,-4.729917526245117,5.778769016265869,0.4233795404434204,3.0495564937591553,0.0658484548330307,0.10000000149011612,6.353586673736572,0.12047986382231732,0.12047986382231732,0.04372832179069519,0.09175872802734375,True,301,9.859722123422783e-07,True,True,1.97921230000793
357,0.1682722213916052,0.16813924461002833,0.1924496679471635,0.043732088059186935,0.008924469351768494,0.2499999850988388,0.2490234375,1.4901161193847656e-08,-1.1885340213775635,2.4953012466430664,-4.7086334228515625,5.769662380218506,0.4225819706916809,3.0069918632507324,0.06536632776260376,0.10000000149011612,6.353269100189209,0.25230058494608665,0.25230058494608665,0.12477831542491913,0.18287010490894318,True,300,9.959220128682933e-07,True,True,1.961053000006359
358,0.16831500959213805,0.16818150185797345,0.1924633558106206,0.04373783990740776,0.008976989425718784,0.25,0.2490234375,0.0,-1.213710069656372,2.4868345260620117,-4.714834213256836,5.76591157913208,0.42251983284950256,3.0193564891815186,0.06544249504804611,0.10000000149011612,6.353463649749756,0.27653684503336207,0.27653684503336207,0.13690297305583954,0.20278333127498627,True,300,9.902707911042483e-07,True,True,1.9646290999953635
359,0.16753929524166017,0.1674139723334971,0.1917018521814959,0.043053969740867615,0.008226893842220306,0.25,0.25146484375,0.0,-1.2553343772888184,2.554619789123535,-4.747781276702881,5.768630504608154,0.42340654134750366,3.0890512466430664,0.06610652059316635,0.10000000149011612,6.3541131019592285,0.15385730777132833,0.15385730777132833,0.06812792271375656,0.11398487538099289,True,300,9.965393905338451e-07,True,True,1.9408222000056412
360,0.16681772353284588,0.16670128208835205,0.1911092865283663,0.04227573424577713,0.007416571024805307,0.25,0.250732421875,0.0,-1.2834699153900146,2.6423914432525635,-4.780821800231934,5.773417949676514,0.4243623614311218,3.1705362796783447,0.06690964102745056,0.10000000149011612,6.3550238609313965,0.16848686299073765,0.16848686299073765,0.0538608618080616,0.1457834541797638,True,299,9.55416911145718e-07,True,True,1.950991299992893
361,0.1673151810593366,0.16720199849786452,0.19203487796175417,0.0420244038105011,0.00711581576615572,0.25,0.2490234375,0.0,-1.2691121101379395,2.7226150035858154,-4.821053981781006,5.778050422668457,0.424716591835022,3.235213279724121,0.06781218945980072,0.10000000149011612,6.356061935424805,0.45713738382170055,0.45713738382170055,0.134642094373703,0.3835366368293762,True,299,9.948314784189353e-07,True,True,1.9309219999995548
362,0.16736743615675614,0.16725346652898834,0.19210490430819552,0.04184728115797043,0.007212234660983086,0.2499999850988388,0.2490234375,1.4901161193847656e-08,-1.3491334915161133,2.7850844860076904,-4.889706611633301,5.782684803009033,0.42460307478904724,3.30622935295105,0.06852217763662338,0.10000000149011612,6.356555461883545,0.4295580582526588,0.4295580582526588,0.15121081471443176,0.33953428268432617,True,299,9.938275446528889e-07,True,True,1.9479889999784064
363,0.16768328612901207,0.16756135982319648,0.19223564589027406,0.04191851615905762,0.008000778965651989,0.25,0.249755859375,0.0,-1.4851994514465332,2.8081493377685547,-4.916676998138428,5.786167144775391,0.42367348074913025,3.362328052520752,0.06884782016277313,0.10000000149011612,6.356495380401611,0.8600452770565374,0.8600452770565374,0.19557370245456696,0.8071158528327942,True,302,9.986266216631764e-07,True,True,1.982773299998371
364,0.166285078470259,0.16617232455558983,0.19086403837020746,0.041635338217020035,0.007111857645213604,0.25,0.247802734375,0.0,-1.4140493869781494,2.7468414306640625,-4.8749918937683105,5.7805938720703125,0.42472127079963684,3.3035407066345215,0.06826071441173553,0.10000000149011612,6.356677532196045,0.06353432389486241,0.06353432389486241,0.025362547487020493,0.0354202464222908,True,300,9.927201627318474e-07,True,True,1.9833595999807585
365,0.16674692348012765,0.16663390074478526,0.19141507858719237,0.04211366921663284,0.007090906612575054,0.2499999850988388,0.248779296875,1.4901161193847656e-08,-1.3373152017593384,2.683497905731201,-4.827218055725098,5.775327205657959,0.42474591732025146,3.240269184112549,0.06776196509599686,0.10000000149011612,6.3568620681762695,0.4015308398716423,0.4015308398716423,0.10290784388780594,0.35500568151474,True,300,9.642859919884258e-07,True,True,1.9574804000149015
366,0.16634098724754945,0.1662252881872882,0.19084142950178146,0.04211826249957085,0.00735807977616787,0.2499999701976776,0.24853515625,2.9802322387695312e-08,-1.3583784103393555,2.628312349319458,-4.809710502624512,5.773003101348877,0.42443129420280457,3.207866668701172,0.06723175197839737,0.10000000149011612,6.356781005859375,0.13384863295403684,0.13384863295403684,0.05718521401286125,0.11216073483228683,True,299,9.927815243802527e-07,True,True,1.9450205000175629
367,0.16650853435895563,0.16639094357765435,0.19093772469537715,0.042373333126306534,0.007521744817495346,0.25,0.249267578125,0.0,-1.3725526332855225,2.607797145843506,-4.808282852172852,5.773714065551758,0.4242384433746338,3.1967527866363525,0.06708477437496185,0.10000000149011612,6.356956481933594,0.18611305495185324,0.18611305495185324,0.0823192447423935,0.1424916535615921,True,299,9.814123498097659e-07,True,True,1.9417829000158235
368,0.16626419412999177,0.1661469125030818,0.19064465940280034,0.042128849774599075,0.007515277713537216,0.25,0.248291015625,0.0,-1.3737082481384277,2.6237776279449463,-4.816535949707031,5.777050018310547,0.42424607276916504,3.208165168762207,0.06725011765956879,0.10000000149011612,6.357467174530029,0.21711797292954824,0.21711797292954824,0.0523306168615818,0.20690041780471802,True,299,9.929321937213505e-07,True,True,1.9504390000074636
369,0.16603351782355155,0.16591823302488473,0.19037184261378884,0.04194648936390877,0.007333830930292606,0.25,0.247802734375,0.0,-1.4171817302703857,2.6709446907043457,-4.848363399505615,5.784141540527344,0.424459844827652,3.250092029571533,0.06766092777252197,0.10000000149011612,6.357996463775635,0.12743268920117143,0.12743268920117143,0.029113855212926865,0.12120068073272705,True,300,9.84471213913314e-07,True,True,1.9821776000026148
370,0.16599986285506815,0.16588557214639219,0.19031766191247146,0.04185041785240173,0.0072440290823578835,0.25,0.248291015625,0.0,-1.4753165245056152,2.730138063430786,-4.900851249694824,5.793045520782471,0.4245656132698059,3.3043429851531982,0.06819034367799759,0.10000000149011612,6.358497142791748,0.30002945861657715,0.30002945861657715,0.08925417810678482,0.26461681723594666,True,300,9.810412649423322e-07,True,True,1.9795967999962159
371,0.16631150749903406,0.16619863109495725,0.1906246003773392,0.04183673858642578,0.007103966549038887,0.2499999701976776,0.248046875,2.9802322387695312e-08,-1.462888479232788,2.7851402759552,-4.949584484100342,5.80007266998291,0.4247305393218994,3.337003231048584,0.06876116245985031,0.10000000149011612,6.359250068664551,0.3417290684428632,0.3417290684428632,0.11349081248044968,0.2759609818458557,True,299,9.99281408907562e-07,True,True,1.9593682999839075
372,0.16601991222522688,0.16590587859604045,0.19031883942538663,0.041809409856796265,0.007222421932965517,0.2499999850988388,0.248046875,1.4901161193847656e-08,-1.5150426626205444,2.8090810775756836,-4.973527908325195,5.806419849395752,0.4245910346508026,3.36434006690979,0.06895119696855545,0.10000000149011612,6.359576225280762,0.1254697379640428,0.1254697379640428,0.06717833876609802,0.07503923028707504,True,301,9.7985783109233e-07,True,True,1.9716630000039004
373,0.16700213887567633,0.16688034463698975,0.19131894523653228,0.04200895130634308,0.00797852873802185,0.25,0.249755859375,0.0,-1.5598726272583008,2.8057219982147217,-4.976099014282227,5.810985565185547,0.4236997365951538,3.36902117729187,0.06884279102087021,0.10000000149011612,6.359689235687256,1.1103696013664275,0.9999991431366244,0.2389184832572937,1.0273867845535278,True,302,9.690606819431976e-07,True,True,1.9614624999812804
374,0.16667162850624365,0.16655990814170282,0.19097030552271363,0.042178284376859665,0.006954208016395569,0.2499999850988388,0.249267578125,1.4901161193847656e-08,-1.3618104457855225,2.729149341583252,-4.916969299316406,5.807559967041016,0.42490679025650024,3.2554407119750977,0.06800403445959091,0.10000000149011612,6.360167980194092,0.4724816830923813,0.4724816830923813,0.12746059894561768,0.40720275044441223,True,299,9.94734880870648e-07,True,True,1.9160184999927878
375,0.16702068342351178,0.1669080613710807,0.19129716901040783,0.04261986166238785,0.007000219076871872,0.25,0.250244140625,0.0,-1.2703742980957031,2.6463935375213623,-4.855556011199951,5.806034088134766,0.4248526394367218,3.1699507236480713,0.06721784919500351,0.10000000149011612,6.360269546508789,0.5770992936908856,0.5770992936908856,0.1321757435798645,0.5263240933418274,True,300,9.578413241466304e-07,True,True,1.9587422000186052
376,0.16610144764200696,0.16598309729450295,0.19027834085061873,0.042539674788713455,0.007581067271530628,0.25,0.24951171875,0.0,-1.3528658151626587,2.600635051727295,-4.829510688781738,5.809702396392822,0.42416852712631226,3.1529839038848877,0.06666207313537598,0.10000000149011612,6.360144138336182,0.23566096917591056,0.23566096917591056,0.1141168475151062,0.16354772448539734,True,298,9.821307923939296e-07,True,True,1.9371370000008028
377,0.1663904774180461,0.16626992472920904,0.1905884147170184,0.0427151694893837,0.007783751934766769,0.2499999850988388,0.250244140625,1.4901161193847656e-08,-1.3952174186706543,2.624018907546997,-4.844968795776367,5.817141532897949,0.4239295423030853,3.1715497970581055,0.06681060045957565,0.10000000149011612,6.360405921936035,0.26178298141903505,0.26178298141903505,0.10477861762046814,0.1885383129119873,True,298,9.915578357495634e-07,True,True,1.913489300000947
378,0.16593172112071197,0.16581565432959477,0.1901245631318626,0.04230112582445145,0.007376566529273987,0.2499999850988388,0.24853515625,1.4901161193847656e-08,-1.390618920326233,2.680652618408203,-4.883584022521973,5.825921058654785,0.42440953850746155,3.204430341720581,0.0671594887971878,0.10000000149011612,6.360959529876709,0.2874156252865775,0.2874156252865775,0.08731532096862793,0.23797345161437988,True,300,9.840652796565606e-07,True,True,1.918643900018651
379,0.16589488225477922,0.16578395602340984,0.19013418144200564,0.04198877513408661,0.006893745623528957,0.25,0.248291015625,0.0,-1.3202100992202759,2.7375833988189697,-4.919549465179443,5.8335371017456055,0.42497795820236206,3.223090887069702,0.0676523819565773,0.10000000149011612,6.361715793609619,0.36566927218683465,0.36566927218683465,0.09942937642335892,0.3050176501274109,True,299,9.663291356267287e-07,True,True,1.9512002000119537
380,0.1658992522650241,0.16578802439876192,0.19007513359606426,0.04181130975484848,0.006941655650734901,0.25,0.248291015625,0.0,-1.34691321849823,2.7806594371795654,-4.951922416687012,5.841036319732666,0.42492154240608215,3.2556204795837402,0.06796125322580338,0.10000000149011612,6.362081527709961,0.3461357064796073,0.3461357064796073,0.11204428225755692,0.26950880885124207,True,300,9.873058630498867e-07,True,True,1.9702537000121083
381,0.1662798356506758,0.1661632613912009,0.19055909141840294,0.04192492738366127,0.007464933209121227,0.2499999701976776,0.2490234375,2.9802322387695312e-08,-1.4357831478118896,2.7972757816314697,-4.96610689163208,5.847057342529297,0.42430540919303894,3.284198522567749,0.06799431145191193,0.10000000149011612,6.362098693847656,0.7538589364928386,0.7538589364928386,0.16887077689170837,0.699687659740448,True,302,9.900093006608955e-07,True,True,1.9703198999923188
382,0.1655148177894516,0.16540426582495998,0.18975614736441473,0.04188800975680351,0.006866395473480225,0.2499999850988388,0.247802734375,1.4901161193847656e-08,-1.3242981433868408,2.74466609954834,-4.9348344802856445,5.845996379852295,0.4250101149082184,3.2158312797546387,0.06751658767461777,0.10000000149011612,6.362314701080322,0.1651228600548443,0.1651228600548443,0.05243850126862526,0.12402462214231491,True,301,9.822812634324825e-07,True,True,1.9592879999836441
383,0.16567351087520982,0.16556319186522778,0.18993090624289688,0.04214363172650337,0.006817537825554609,0.25,0.248046875,0.0,-1.2407631874084473,2.685974597930908,-4.897443771362305,5.845221996307373,0.42506760358810425,3.152317523956299,0.06701160222291946,0.10000000149011612,6.362365245819092,0.3602560575035214,0.3602560575035214,0.08409924805164337,0.31364119052886963,True,299,9.959077233971848e-07,True,True,1.9509865999862086
384,0.165495884959345,0.16538313646497324,0.18981777817781192,0.04223985970020294,0.007050863467156887,0.25,0.24853515625,0.0,-1.2700825929641724,2.642965793609619,-4.877162933349609,5.845950603485107,0.4247930347919464,3.1252973079681396,0.0665268823504448,0.10000000149011612,6.362218379974365,0.16161944126482444,0.16161944126482444,0.06936812400817871,0.12003493309020996,True,300,9.937764917319488e-07,True,True,1.9516884999757167
385,0.16562838551733863,0.16551460932526957,0.18997386864851348,0.04240618646144867,0.007137000560760498,0.2499999850988388,0.248779296875,1.4901161193847656e-08,-1.2668428421020508,2.631012439727783,-4.875271320343018,5.848551273345947,0.42469164729118347,3.113863468170166,0.06641661375761032,0.10000000149011612,6.362304210662842,0.2296285515066165,0.2296285515066165,0.0924803614616394,0.16955026984214783,True,300,9.87637433870828e-07,True,True,1.9430534999992233
386,0.16542189294998216,0.16531026930515336,0.18980365211999892,0.042180079966783524,0.006944356486201286,0.25,0.247314453125,0.0,-1.227747917175293,2.6550424098968506,-4.887962341308594,5.853172302246094,0.42491838335990906,3.1199402809143066,0.06665651500225067,0.10000000149011612,6.362700462341309,0.1859234316885072,0.1859234316885072,0.04469417408108711,0.17182980477809906,True,301,9.58072622652044e-07,True,True,1.9524215999990702
387,0.16536113774458425,0.1652513590637456,0.18978410666788603,0.041995733976364136,0.006778294686228037,0.2499999850988388,0.24755859375,1.4901161193847656e-08,-1.2467037439346313,2.7003815174102783,-4.918081283569336,5.859318256378174,0.4251137971878052,3.153684616088867,0.06699635088443756,0.10000000149011612,6.363070011138916,0.20355366357463864,0.20355366357463864,0.04872947558760643,0.17338503897190094,True,301,9.872615982773136e-07,True,True,1.9778208000061568
388,0.1653217063347503,0.16521232552702272,0.18974973126402514,0.041819874197244644,0.006756093353033066,0.2499999701976776,0.248046875,2.9802322387695312e-08,-1.3161063194274902,2.7487452030181885,-4.948704242706299,5.866147518157959,0.42513981461524963,3.2005159854888916,0.06728129833936691,0.10000000149011612,6.363248825073242,0.21458152859955745,0.21458152859955745,0.05059590935707092,0.20284803211688995,True,302,9.954401800839497e-07,True,True,1.9783402000030037
389,0.1653343625486531,0.16522544132253908,0.189770172856072,0.04176132008433342,0.006715990602970123,0.2499999850988388,0.24853515625,1.4901161193847656e-08,-1.3183096647262573,2.769873857498169,-4.962421894073486,5.870190620422363,0.42518702149391174,3.21545672416687,0.0674673467874527,0.10000000149011612,6.363514423370361,0.11752327101734791,0.11752327101734791,0.041232869029045105,0.10684069246053696,True,302,9.677934900119768e-07,True,True,1.9772339000192005
390,0.16530978064412868,0.16520110361172502,0.18975444516373113,0.0418192520737648,0.00668577803298831,0.25,0.24853515625,0.0,-1.2907110452651978,2.763075113296509,-4.957775592803955,5.872320175170898,0.42522257566452026,3.2037360668182373,0.06744591146707535,0.10000000149011612,6.363643169403076,0.10090178827614345,0.10090178827614345,0.04539467766880989,0.05743227154016495,True,302,9.949126633815882e-07,True,True,1.9704547000001185
391,0.1652092290702581,0.16510053273805675,0.18964669786852792,0.04187491536140442,0.006682141683995724,0.25,0.248046875,0.0,-1.27158522605896,2.7367355823516846,-4.941614627838135,5.872638702392578,0.4252268075942993,3.181131362915039,0.0672227293252945,0.10000000149011612,6.36363410949707,0.06668116010155245,0.06668116010155245,0.025775063782930374,0.03837154805660248,True,302,9.999205134165648e-07,True,True,1.9664611000043806
392,0.1651874497078634,0.16507826256587124,0.1896047541506175,0.041964925825595856,0.006722221616655588,0.25,0.248046875,0.0,-1.2633404731750488,2.7052206993103027,-4.924242973327637,5.8729376792907715,0.42517969012260437,3.1574950218200684,0.0669161006808281,0.10000000149011612,6.363551139831543,0.13310607378436798,0.13310607378436798,0.037074871361255646,0.11855564266443253,True,302,9.54697880999003e-07,True,True,1.968508300022222
393,0.16519326807568946,0.16508324983167627,0.18959263566731513,0.04207698628306389,0.006794125773012638,0.2499999850988388,0.247802734375,1.4901161193847656e-08,-1.219376564025879,2.676513910293579,-4.903957843780518,5.8732452392578125,0.4250951111316681,3.129697799682617,0.06674209237098694,0.10000000149011612,6.363613128662109,0.09706673131730868,0.09706673131730868,0.03156163915991783,0.08962015807628632,True,301,9.93549087250525e-07,True,True,1.9562302000122145
394,0.16519196267890746,0.16508188924658115,0.189574393966901,0.04212300106883049,0.006795043125748634,0.25,0.247802734375,0.0,-1.2064015865325928,2.671722412109375,-4.898065567016602,5.875387668609619,0.4250940680503845,3.124295473098755,0.06669687479734421,0.10000000149011612,6.363719940185547,0.11309952412978538,0.11309952412978538,0.03649589791893959,0.10500041395425797,True,301,9.88230995777862e-07,True,True,1.9430154000001494
395,0.16512549801198145,0.16501650993925832,0.18948940209778078,0.042032405734062195,0.006695566698908806,0.25,0.247802734375,0.0,-1.220536708831787,2.6899161338806152,-4.905251502990723,5.87945556640625,0.4252110421657562,3.140190362930298,0.06680260598659515,0.10000000149011612,6.363868236541748,0.07941515500150972,0.07941515500150972,0.03165536746382713,0.06512192636728287,True,301,9.975735718753227e-07,True,True,1.9603192000067793
396,0.16507106939617636,0.16496304690007213,0.18941872877108765,0.04194325953722,0.006607923656702042,0.25,0.248046875,0.0,-1.2218680381774902,2.7173826694488525,-4.9174065589904785,5.883822441101074,0.4253140687942505,3.160111427307129,0.06703175604343414,0.10000000149011612,6.364101886749268,0.02086648113376635,0.02086648113376635,0.005411280784755945,0.015137984417378902,True,302,9.73841899813353e-07,True,True,1.9683809999842197
397,0.1650753575435146,0.16496799706688664,0.18940172848747316,0.04190143570303917,0.006545904092490673,0.2499999850988388,0.248291015625,1.4901161193847656e-08,-1.223588228225708,2.7416155338287354,-4.926016807556152,5.888097763061523,0.4253869950771332,3.178325891494751,0.0672326385974884,0.10000000149011612,6.364313125610352,0.04611571493798176,0.04611571493798176,0.020681969821453094,0.030241314321756363,True,302,9.426810265295857e-07,True,True,1.963975599996047
398,0.16507806273250153,0.16497101802638045,0.1893838066547467,0.041888829320669174,0.00651558768004179,0.2499999850988388,0.248046875,1.4901161193847656e-08,-1.2164878845214844,2.7503502368927,-4.9275360107421875,5.891201019287109,0.42542263865470886,3.184345006942749,0.06731517612934113,0.10000000149011612,6.364451885223389,0.06187526552799514,0.06187526552799514,0.027792761102318764,0.046268004924058914,True,302,9.491700107931965e-07,True,True,1.957094400015194
399,0.16504122119655856,0.16493433881996222,0.18933410972997042,0.04189849644899368,0.006498388014733791,0.25,0.248046875,0.0,-1.2039296627044678,2.743563413619995,-4.918992042541504,5.8929595947265625,0.4254428446292877,3.1783201694488525,0.06724269688129425,0.10000000149011612,6.364490509033203,0.056177096632906445,0.056177096632906445,0.021711580455303192,0.04781058430671692,True,302,9.608861862258076e-07,True,True,1.9646271000092383
400,0.164995605540483,0.16488867115138353,0.18927867656994582,0.04195287451148033,0.006498151458799839,0.2499999850988388,0.248291015625,1.4901161193847656e-08,-1.1758781671524048,2.7224361896514893,-4.900873184204102,5.893686771392822,0.4254431128501892,3.160688638687134,0.06708566844463348,0.10000000149011612,6.364480495452881,0.025525741703488043,0.025525741703488043,0.0074304696172475815,0.021611349657177925,True,302,9.66564414534643e-07,True,True,1.9733271000150125
401,0.1649841385157371,0.16487686833735202,0.1892594155672252,0.042033690959215164,0.006523648742586374,0.25,0.248046875,0.0,-1.143672227859497,2.699371814727783,-4.881619453430176,5.894257545471191,0.4254131615161896,3.1406822204589844,0.06692425161600113,0.10000000149011612,6.364459037780762,0.0316153921534562,0.0316153921534562,0.013638823293149471,0.027432041242718697,True,302,9.858939496379104e-07,True,True,1.97377900002175
402,0.16498474771830401,0.16487730349528754,0.18925517305289197,0.0420803539454937,0.0065363869071006775,0.2499999850988388,0.248046875,1.4901161193847656e-08,-1.1246260404586792,2.6871368885040283,-4.868130207061768,5.89536714553833,0.4253981411457062,3.1314196586608887,0.06683430820703506,0.10000000149011612,6.364446640014648,0.05022818432579701,0.05022818432579701,0.02310306578874588,0.04359130188822746,True,302,9.978573863075865e-07,True,True,1.923348000011174
403,0.16496220254866628,0.164855087739101,0.1892264235873272,0.04207325726747513,0.006504155229777098,0.25,0.248046875,0.0,-1.1129727363586426,2.6895623207092285,-4.865020751953125,5.897215843200684,0.4254360795021057,3.1331844329833984,0.06688438355922699,0.10000000149011612,6.3645148277282715,0.050516126286266824,0.050516126286266824,0.020781265571713448,0.04535691812634468,True,302,9.90599375342359e-07,True,True,1.947609700000612
404,0.16492372483472906,0.16481737111780428,0.1891853328656345,0.04200779274106026,0.006434592418372631,0.2499999701976776,0.248291015625,2.9802322387695312e-08,-1.1206746101379395,2.705698251724243,-4.873560905456543,5.899892807006836,0.4255177974700928,3.1475882530212402,0.06701421737670898,0.10000000149011612,6.364599704742432,0.02145914630160121,0.02145914630160121,0.009126021526753902,0.017912233248353004,True,302,9.934224130071455e-07,True,True,1.9495546000252943
405,0.16490687281056599,0.16480122253182633,0.1891638790678501,0.04194506257772446,0.006370521616190672,0.2499999850988388,0.248046875,1.4901161193847656e-08,-1.1290234327316284,2.724902868270874,-4.880746364593506,5.9028730392456055,0.4255931079387665,3.1655848026275635,0.06717726588249207,0.10000000149011612,6.364692211151123,0.02609671769689598,0.02609671769689598,0.0090586356818676,0.02080583944916725,True,302,9.316645790387937e-07,True,True,1.968007099989336
406,0.1649040283463074,0.1647987966700567,0.18916153707090494,0.04191245138645172,0.006331922486424446,0.2499999850988388,0.248046875,1.4901161193847656e-08,-1.1327240467071533,2.7372756004333496,-4.88709020614624,5.905125617980957,0.4256384074687958,3.1773133277893066,0.06729450821876526,0.10000000149011612,6.364768028259277,0.04349821880619644,0.04349821880619644,0.017985330894589424,0.03493525832891464,True,302,9.438829741970751e-07,True,True,1.977415999979712
407,0.16488734908908567,0.16478234302200337,0.18914690357511654,0.04191118851304054,0.006309487856924534,0.2499999850988388,0.248046875,1.4901161193847656e-08,-1.125638723373413,2.7369344234466553,-4.882966041564941,5.906429290771484,0.4256647825241089,3.1783676147460938,0.06731728464365005,0.10000000149011612,6.364769458770752,0.04056368019618861,0.04056368019618861,0.018048403784632683,0.029484502971172333,True,302,9.919228776000109e-07,True,True,1.9643253000103869
408,0.16485892681505301,0.1647539249258838,0.18912375358511854,0.04193579778075218,0.006306609138846397,0.2499999850988388,0.247802734375,1.4901161193847656e-08,-1.1086933612823486,2.726025342941284,-4.873968124389648,5.907001495361328,0.4256681501865387,3.1708009243011475,0.06726239621639252,0.10000000149011612,6.364742279052734,0.02249638550646668,0.02249638550646668,0.008809005841612816,0.014168833382427692,True,302,9.962974520000165e-07,True,True,1.9446048999961931
409,0.16484231177137865,0.16473712811598254,0.18911535136840202,0.041968729346990585,0.006321492604911327,0.2499999850988388,0.248046875,1.4901161193847656e-08,-1.0919194221496582,2.71122670173645,-4.8602471351623535,5.907330513000488,0.4256506860256195,3.1607258319854736,0.06716300547122955,0.10000000149011612,6.364695072174072,0.02234175702816872,0.02234175702816872,0.008276705630123615,0.020012391731142998,True,302,9.42700379454914e-07,True,True,1.946246399980737
410,0.16484007210358118,0.16473472116588686,0.18911641760916842,0.04201606661081314,0.0063334871083498,0.2499999850988388,0.248291015625,1.4901161193847656e-08,-1.0732471942901611,2.7014479637145996,-4.851375102996826,5.9079999923706055,0.4256365895271301,3.1537086963653564,0.06712619215250015,0.10000000149011612,6.364682674407959,0.043714854565838845,0.043714854565838845,0.014462565071880817,0.040101051330566406,True,302,9.823807410853227e-07,True,True,1.959128899994539
411,0.16482497070789567,0.16471979465767972,0.18910344449705516,0.042005911469459534,0.0063170138746500015,0.25,0.248291015625,0.0,-1.0698087215423584,2.7014315128326416,-4.846991062164307,5.909198760986328,0.42565593123435974,3.155759811401367,0.06714433431625366,0.10000000149011612,6.364719867706299,0.03464436106908778,0.03464436106908778,0.014867516234517097,0.030832648277282715,True,302,9.820262747765536e-07,True,True,1.9413455000030808
412,0.1648047342176909,0.1646999990723456,0.18908184857372856,0.04196896776556969,0.006276617757976055,0.25,0.248046875,0.0,-1.0724257230758667,2.710315227508545,-4.850995063781738,5.911134719848633,0.42570340633392334,3.1655983924865723,0.06723105162382126,0.10000000149011612,6.364776134490967,0.020935695820002508,0.020935695820002508,0.008818747475743294,0.018373792991042137,True,302,9.948710146912897e-07,True,True,1.9463978999992833
413,0.16478880393606893,0.16468458495018357,0.18906531423163675,0.041932038962841034,0.0062286946922540665,0.25,0.247802734375,0.0,-1.0782643556594849,2.7234466075897217,-4.858806610107422,5.913289546966553,0.4257596731185913,3.1776719093322754,0.06736049056053162,0.10000000149011612,6.364856243133545,0.016065983454970442,0.016065983454970442,0.0057430509477853775,0.008856561034917831,True,302,9.9758714871003e-07,True,True,1.939518400002271
414,0.1647817686882899,0.1646779035528288,0.18905361238841664,0.04190482199192047,0.006196031346917152,0.25,0.248046875,0.0,-1.080759048461914,2.731917381286621,-4.860580921173096,5.9150543212890625,0.4257980287075043,3.1868526935577393,0.06744777411222458,0.10000000149011612,6.364924430847168,0.028021180564426373,0.028021180564426373,0.012317409738898277,0.02031569741666317,True,302,9.708433850666221e-07,True,True,1.9564331999863498
415,0.16477001958994766,0.1646663169404735,0.18903822441057097,0.041899412870407104,0.006180323660373688,0.25,0.248046875,0.0,-1.0785796642303467,2.7330803871154785,-4.855501174926758,5.916299819946289,0.42581644654273987,3.190023183822632,0.06746803224086761,0.10000000149011612,6.364962577819824,0.030038517853083015,0.030038517853083015,0.012662123888731003,0.02365865558385849,True,302,9.768139271347103e-07,True,True,1.9539826000109315
416,0.16475269989888078,0.1646489963609249,0.1890193579534955,0.041917745023965836,0.006178579293191433,0.2499999850988388,0.247802734375,1.4901161193847656e-08,-1.0651543140411377,2.7257933616638184,-4.848050117492676,5.916970252990723,0.425818532705307,3.185673475265503,0.06743771582841873,0.10000000149011612,6.364969253540039,0.018756608781057137,0.018756608781057137,0.006907552480697632,0.014559806324541569,True,302,9.66586076921213e-07,True,True,1.9450672000239138
417,0.16473926449495693,0.1646354506455674,0.1890007483808906,0.041947245597839355,0.0061866603791713715,0.25,0.248046875,0.0,-1.050201177597046,2.71588134765625,-4.842103004455566,5.91765022277832,0.42580902576446533,3.178603172302246,0.06738265603780746,0.10000000149011612,6.364954471588135,0.013004424474447496,0.013004424474447496,0.004491236060857773,0.010956509038805962,True,302,9.350248591079625e-07,True,True,1.9560391000122763
418,0.164730744090042,0.16462688241071896,0.18898871148999424,0.041975121945142746,0.006188655737787485,0.2499999850988388,0.24853515625,1.4901161193847656e-08,-1.036083698272705,2.7084038257598877,-4.840778827667236,5.918398857116699,0.4258067011833191,3.1737043857574463,0.06735308468341827,0.10000000149011612,6.3650031089782715,0.028488921416096474,0.028488921416096474,0.009114128537476063,0.025989942252635956,True,302,9.952499844106599e-07,True,True,1.95689850000781
419,0.16472012100010353,0.16461635071425873,0.18897323780627232,0.04197058826684952,0.006179969757795334,0.25,0.248291015625,0.0,-1.031317949295044,2.7075181007385254,-4.840545177459717,5.919475078582764,0.4258168935775757,3.1748623847961426,0.06736336648464203,0.10000000149011612,6.365039825439453,0.023605981144173654,0.023605981144173654,0.01038493774831295,0.020538391545414925,True,302,9.982531784946188e-07,True,True,1.9458041999896523
420,0.16470622874085572,0.1646027480711859,0.1889557846454076,0.04194862022995949,0.006153204943984747,0.25,0.248291015625,0.0,-1.0335861444473267,2.713080406188965,-4.841403961181641,5.920863628387451,0.4258483052253723,3.181633949279785,0.06741440296173096,0.10000000149011612,6.3650922775268555,0.015580587636292154,0.015580587636292154,0.006644142791628838,0.013145318254828453,True,302,9.43516640209845e-07,True,True,1.9514447999827098
421,0.16469384798336673,0.1645907336568822,0.18894100880136874,0.04192635416984558,0.006118797231465578,0.25,0.248291015625,0.0,-1.0349642038345337,2.7210476398468018,-4.843053817749023,5.922382354736328,0.42588871717453003,3.1894257068634033,0.06751038134098053,0.10000000149011612,6.365146160125732,0.014055761484625064,0.014055761484625064,0.004790914710611105,0.007829457521438599,True,302,9.733974509143176e-07,True,True,1.939754199993331
422,0.1646856538267587,0.16458278448933408,0.1889317286928263,0.041905567049980164,0.006096377037465572,0.25,0.248291015625,0.0,-1.036518931388855,2.7269339561462402,-4.844247817993164,5.923702239990234,0.42591503262519836,3.1955225467681885,0.06757660955190659,0.10000000149011612,6.365199565887451,0.01741754850030998,0.01741754850030998,0.00813140720129013,0.009534352459013462,True,302,9.744738015615651e-07,True,True,1.960513700003503
423,0.16467738912160076,0.1645746405292166,0.18892221742820847,0.04189027100801468,0.006085832137614489,0.25,0.248046875,0.0,-1.03915536403656,2.729102373123169,-4.84475564956665,5.924903392791748,0.42592740058898926,3.199610948562622,0.06759782135486603,0.10000000149011612,6.3652496337890625,0.028622003380530982,0.028622003380530982,0.008953121490776539,0.026485981419682503,True,302,9.877236446834244e-07,True,True,1.9517035000026226
424,0.16466419621213207,0.16456151664099522,0.18891056014487306,0.04190601408481598,0.006077355705201626,0.2499999701976776,0.248291015625,2.9802322387695312e-08,-1.0274237394332886,2.7247748374938965,-4.844272613525391,5.925712585449219,0.42593735456466675,3.1967101097106934,0.06758739054203033,0.10000000149011612,6.365270137786865,0.015040422837277209,0.015040422837277209,0.00659023504704237,0.0073911407962441444,True,302,9.667110961569453e-07,True,True,1.9568762999842875
425,0.1646542094076767,0.16455147904593193,0.18890197162626957,0.041918545961380005,0.006081181578338146,0.25,0.248291015625,0.0,-1.0184516906738281,2.7190299034118652,-4.842621803283691,5.926331996917725,0.4259328544139862,3.193413496017456,0.0675555169582367,0.10000000149011612,6.365276336669922,0.010652662367790127,0.010652662367790127,0.003223347244784236,0.007522791624069214,True,302,9.271271967801811e-07,True,True,1.9753062999807298
426,0.16464405246280203,0.1645412857897214,0.18889263467540765,0.0419282540678978,0.006083841901272535,0.2499999850988388,0.248291015625,1.4901161193847656e-08,-1.0097988843917847,2.7130625247955322,-4.841672897338867,5.9270734786987305,0.4259297549724579,3.1893703937530518,0.06752672791481018,0.10000000149011612,6.365276336669922,0.015998367702541778,0.015998367702541778,0.006813872139900923,0.013748572207987309,True,302,9.70573200953815e-07,True,True,1.958490899996832
427,0.16463425760682454,0.1645315798946076,0.18888773428827835,0.04192717745900154,0.006075053475797176,0.25,0.248291015625,0.0,-1.006438970565796,2.712559700012207,-4.841841220855713,5.927999496459961,0.42594003677368164,3.1898646354675293,0.06753701716661453,0.10000000149011612,6.365306854248047,0.017709935812939104,0.017709935812939104,0.007473131641745567,0.015496538020670414,True,302,9.774111319675924e-07,True,True,1.9723576999967918
428,0.16462591618757075,0.16452345317314693,0.1888854418991201,0.04192598536610603,0.0060537029057741165,0.25,0.24853515625,0.0,-0.9994818568229675,2.7140040397644043,-4.842025279998779,5.929073810577393,0.4259651303291321,3.1920106410980225,0.06757649779319763,0.10000000149011612,6.365360736846924,0.03326968523728774,0.03326968523728774,0.007739368826150894,0.02949708327651024,True,302,9.879131029188918e-07,True,True,1.9267155000125058
429,0.1646142079815257,0.16451195150278394,0.1888729014716321,0.04189147427678108,0.006036500446498394,0.2499999850988388,0.248046875,1.4901161193847656e-08,-1.0087699890136719,2.720787286758423,-4.843164920806885,5.9304327964782715,0.42598533630371094,3.1990768909454346,0.067616306245327,0.10000000149011612,6.365419387817383,0.016931031024357356,0.016931031024357356,0.004495601169764996,0.015769144520163536,True,302,9.82261580149989e-07,True,True,1.930899800005136
430,0.1646067786392929,0.16450473539430518,0.18887000137012316,0.04186967387795448,0.006017357110977173,0.2499999701976776,0.248046875,2.9802322387695312e-08,-1.0104395151138306,2.725830078125,-4.844274520874023,5.931710243225098,0.42600777745246887,3.2039968967437744,0.06767179816961288,0.10000000149011612,6.365468502044678,0.028469477684956293,0.028469477684956293,0.007118054199963808,0.027083763852715492,True,302,9.77171604713049e-07,True,True,1.9564288999827113
431,0.16459844950751856,0.16449660429803178,0.18886664051692353,0.04188431054353714,0.005996089894324541,0.2499999850988388,0.24853515625,1.4901161193847656e-08,-0.9977576732635498,2.7257306575775146,-4.844539642333984,5.932726860046387,0.4260327219963074,3.2030539512634277,0.06770865619182587,0.10000000149011612,6.365512847900391,0.03527907574002367,0.03527907574002367,0.011417991481721401,0.02581741288304329,True,302,9.446885763809068e-07,True,True,1.948717300023418
432,0.16458769820880415,0.16448585434600982,0.18885171572145115,0.04186997190117836,0.00599738908931613,0.25,0.248046875,0.0,-1.0013880729675293,2.7254176139831543,-4.844595432281494,5.933626174926758,0.426031231880188,3.204653263092041,0.06768979877233505,0.10000000149011612,6.3655314445495605,0.016551349579923817,0.016551349579923817,0.00513194827362895,0.014871110208332539,True,302,9.981284664521283e-07,True,True,1.9476646000111941
433,0.16457971104226884,0.16447784946478783,0.1888418305185406,0.04187464341521263,0.005998693406581879,0.2499999850988388,0.248046875,1.4901161193847656e-08,-0.9947762489318848,2.7216315269470215,-4.843629837036133,5.934444427490234,0.42602968215942383,3.201897382736206,0.06766486167907715,0.10000000149011612,6.365567207336426,0.024644440365148047,0.024644440365148047,0.006489903666079044,0.02295781299471855,True,302,9.710713473585902e-07,True,True,1.949516799999401
434,0.16457095776583225,0.16446916125054628,0.18883298642729138,0.04190383106470108,0.00598926842212677,0.25,0.24853515625,0.0,-0.9752019047737122,2.7157883644104004,-4.843077659606934,5.935112953186035,0.42604076862335205,3.1950738430023193,0.06767714023590088,0.10000000149011612,6.36561393737793,0.034650584438734006,0.034650584438734006,0.0078051649034023285,0.030275622382760048,True,302,9.400484126703143e-07,True,True,1.925605500000529
435,0.16456062146163494,0.16445884502938896,0.18881566022393081,0.04189810901880264,0.005987832322716713,0.25,0.248291015625,0.0,-0.9800585508346558,2.7154054641723633,-4.842620372772217,5.936004638671875,0.42604243755340576,3.1968793869018555,0.06764443218708038,0.10000000149011612,6.365640640258789,0.015568636363327495,0.015568636363327495,0.004778193775564432,0.013872371055185795,True,302,9.610670141853223e-07,True,True,1.9338786999869626
436,0.1645541992920874,0.16445251591293647,0.18880544039378636,0.04187452793121338,0.005980885121971369,0.2499999850988388,0.248046875,1.4901161193847656e-08,-0.98112952709198,2.7171695232391357,-4.8428497314453125,5.937038421630859,0.4260505735874176,3.198915719985962,0.06766171008348465,0.10000000149011612,6.365676403045654,0.04073141590914821,0.04073141590914821,0.01272344496101141,0.03555171936750412,True,302,9.512955087994529e-07,True,True,1.926440500013996
437,0.16454498134338155,0.16444361581996872,0.1887966894440051,0.041893284767866135,0.005947223864495754,0.25,0.24853515625,0.0,-0.971336305141449,2.719555616378784,-4.843419551849365,5.938238143920898,0.4260900914669037,3.199662923812866,0.06771580874919891,0.10000000149011612,6.365764617919922,0.04721623147173742,0.04721623147173742,0.011501052416861057,0.03997103124856949,True,302,9.337999780342669e-07,True,True,1.9308250999893062
438,0.1645381257428467,0.16443681585198786,0.1887799993335318,0.0418720506131649,0.005943784024566412,0.2499999850988388,0.248046875,1.4901161193847656e-08,-0.9609547257423401,2.7213432788848877,-4.845016956329346,5.939491271972656,0.4260941445827484,3.200118064880371,0.06778281182050705,0.10000000149011612,6.365807056427002,0.014920752540671873,0.014920752540671873,0.004976488649845123,0.008958025835454464,True,302,9.403498152222247e-07,True,True,1.9483789000078104
439,0.16453093447278286,0.16442974357980336,0.1887671592355405,0.04183482751250267,0.005935606546700001,0.2499999701976776,0.248046875,2.9802322387695312e-08,-0.9889518022537231,2.7282698154449463,-4.845743179321289,5.940526962280273,0.42610371112823486,3.209723949432373,0.06774646043777466,0.10000000149011612,6.365849494934082,0.07101794915899096,0.07101794915899096,0.017664462327957153,0.06522082537412643,True,302,9.324167898228475e-07,True,True,1.9327318000141531
440,0.16452261666497942,0.16442166229254362,0.18876215899970253,0.04187801107764244,0.005907636135816574,0.25,0.24853515625,0.0,-0.9701736569404602,2.7260279655456543,-4.8461713790893555,5.941163063049316,0.4261365234851837,3.2053935527801514,0.06779153645038605,0.10000000149011612,6.36591911315918,0.05650867837655355,0.05650867837655355,0.015319605357944965,0.04618481546640396,True,302,9.684274970723136e-07,True,True,1.9425889999838546
441,0.16450888336846348,0.16440789348376658,0.18873755314214127,0.041878435760736465,0.005911144893616438,0.2499999850988388,0.24853515625,1.4901161193847656e-08,-0.9713418483734131,2.724472761154175,-4.8461222648620605,5.942015171051025,0.4261324107646942,3.204441785812378,0.06778793781995773,0.10000000149011612,6.365947723388672,0.030306045385265854,0.030306045385265854,0.00817786157131195,0.02400342747569084,True,302,9.871869402987774e-07,True,True,1.936927899980219
442,0.16450830778497108,0.16440721524338076,0.18872772599569212,0.041843950748443604,0.005924859084188938,0.2499999701976776,0.248291015625,2.9802322387695312e-08,-0.981989860534668,2.7237133979797363,-4.845897197723389,5.942877292633057,0.42611634731292725,3.2061996459960938,0.06774476170539856,0.10000000149011612,6.365956783294678,0.09827858391501461,0.09827858391501461,0.027052439749240875,0.086480513215065,True,302,9.914304968437471e-07,True,True,1.9364110000024084
443,0.1645075521339946,0.16440673768905034,0.18873376837734135,0.04190444573760033,0.005890999920666218,0.2499999850988388,0.248779296875,1.4901161193847656e-08,-0.9552594423294067,2.72074818611145,-4.845903396606445,5.943448066711426,0.42615607380867004,3.2001922130584717,0.06779003888368607,0.10000000149011612,6.366050720214844,0.09152165776506459,0.09152165776506459,0.021344192326068878,0.08042582869529724,True,302,9.863626271940384e-07,True,True,1.9419213000219315
444,0.16448443148329145,0.16438360212414746,0.18870037225450143,0.041884854435920715,0.005894450470805168,0.25,0.24853515625,0.0,-0.968498945236206,2.723766565322876,-4.847330570220947,5.944367408752441,0.4261520206928253,3.204848051071167,0.06779856979846954,0.10000000149011612,6.366071701049805,0.034168812249941005,0.034168812249941005,0.008019918575882912,0.02925632894039154,True,302,9.315760427116243e-07,True,True,1.9426103000005241
445,0.1645014370279819,0.1644005931094721,0.18870968132852456,0.041836321353912354,0.005900759715586901,0.2499999850988388,0.24853515625,1.4901161193847656e-08,-0.9928910732269287,2.7299559116363525,-4.848568916320801,5.9455413818359375,0.4261445999145508,3.213596820831299,0.06777935475111008,0.10000000149011612,6.366100311279297,0.1931765203508127,0.1931765203508127,0.05148201063275337,0.16995827853679657,True,302,9.764225903966194e-07,True,True,1.9552362999820616
446,0.16460948680137344,0.16450901175924637,0.1888583100701106,0.04195224493741989,0.005852279718965292,0.2499999850988388,0.249267578125,1.4901161193847656e-08,-0.934843122959137,2.727396249771118,-4.849211692810059,5.946230888366699,0.4262014925479889,3.2022814750671387,0.06791463494300842,0.10000000149011612,6.3662638664245605,0.30516444017930566,0.30516444017930566,0.07625806331634521,0.26550012826919556,True,300,9.860968536255958e-07,True,True,1.9573858999938238
447,0.1645111166346981,0.1644104134483426,0.18871168742217648,0.04183244705200195,0.005887073930352926,0.25,0.248779296875,0.0,-1.0094965696334839,2.7400152683258057,-4.85200309753418,5.947600841522217,0.42616069316864014,3.2227542400360107,0.0678618773818016,0.10000000149011612,6.366245746612549,0.275744655330998,0.275744655330998,0.07149273157119751,0.2438933104276657,True,302,9.652987390206016e-07,True,True,1.9426946000021417
448,0.16450791914564486,0.16440776079417133,0.18873003382114953,0.041893716901540756,0.005826463457196951,0.2499999850988388,0.248779296875,1.4901161193847656e-08,-0.964202880859375,2.736243963241577,-4.8526835441589355,5.94807767868042,0.4262318015098572,3.212614059448242,0.06797628104686737,0.10000000149011612,6.366396427154541,0.18045174346915968,0.18045174346915968,0.04629795253276825,0.154907688498497,True,301,9.989615315091123e-07,True,True,1.9422467999975197
449,0.16444750495366403,0.16434719084780314,0.18864422078687026,0.04185987263917923,0.005845423322170973,0.2499999850988388,0.248779296875,1.4901161193847656e-08,-0.9926978349685669,2.739140748977661,-4.854135990142822,5.948827743530273,0.42620953917503357,3.2192938327789307,0.06796128302812576,0.10000000149011612,6.366425037384033,0.023033161863060838,0.023033161863060838,0.008513652719557285,0.015531321987509727,True,302,9.330418080407997e-07,True,True,1.9572569000010844
450,0.16449124063184575,0.1643905825540991,0.18867581809796377,0.04184308275580406,0.005881499499082565,0.25,0.248779296875,0.0,-1.0223402976989746,2.7418808937072754,-4.8554606437683105,5.949553966522217,0.42616721987724304,3.225891590118408,0.0679050162434578,0.10000000149011612,6.366433620452881,0.28016089271275907,0.28016089271275907,0.07370828092098236,0.24577902257442474,True,302,9.636265907516887e-07,True,True,1.9234947999939322
451,0.16472096913994785,0.16462036076968098,0.18896853358807364,0.04202842712402344,0.0058579943142831326,0.2499999850988388,0.249755859375,1.4901161193847656e-08,-0.9329898357391357,2.7319157123565674,-4.85463285446167,5.949702262878418,0.42619478702545166,3.203869104385376,0.0680224597454071,0.10000000149011612,6.366628646850586,0.45107682478392247,0.45107682478392247,0.1112871989607811,0.39512360095977783,True,299,9.976280636480823e-07,True,True,1.9370573000051081
452,0.16457645314778274,0.16447519452530032,0.18874696685602727,0.04190540686249733,0.005935321561992168,0.2499999850988388,0.2490234375,1.4901161193847656e-08,-1.0430917739868164,2.745140552520752,-4.857517719268799,5.951035976409912,0.4261040687561035,3.230731248855591,0.0679214671254158,0.10000000149011612,6.366573333740234,0.43991158494674076,0.43991158494674076,0.11617957055568695,0.38305145502090454,True,302,9.7649752412698e-07,True,True,1.941948300023796
453,0.164614655394367,0.16451440624918703,0.18883608951173725,0.04198580980300903,0.005826333537697792,0.2499999850988388,0.249755859375,1.4901161193847656e-08,-0.964211106300354,2.7405104637145996,-4.858766078948975,5.9512553215026855,0.4262319505214691,3.2139973640441895,0.06809317320585251,0.10000000149011612,6.366806983947754,0.3664883247781763,0.3664883247781763,0.09061095863580704,0.32071274518966675,True,299,9.628615073222439e-07,True,True,1.941586400003871
454,0.16442625279337367,0.16432586310975453,0.18858642992421862,0.04184258356690407,0.005854710005223751,0.25,0.248291015625,0.0,-1.046614408493042,2.753974199295044,-4.863151550292969,5.9525532722473145,0.4261986315250397,3.236549139022827,0.06808055937290192,0.10000000149011612,6.366854190826416,0.0519924214096708,0.0519924214096708,0.011901047080755234,0.04836519807577133,True,302,9.796770017960801e-07,True,True,1.9408446000015829
455,0.16466412533260408,0.16456216412502797,0.18881286046515044,0.04192248731851578,0.006003872025758028,0.2499999850988388,0.2490234375,1.4901161193847656e-08,-1.0846190452575684,2.7599563598632812,-4.864573001861572,5.953527450561523,0.42602360248565674,3.2460315227508545,0.06806132942438126,0.10000000149011612,6.3668670654296875,0.5206948298072706,0.5206948298072706,0.1333017796278,0.4562581181526184,True,302,9.82842616465415e-07,True,True,1.9370507000130601
456,0.16556970985628938,0.16546694387983807,0.18989156243696956,0.04223785549402237,0.006052812095731497,0.25,0.25,0.0,-0.9104346036911011,2.741839647293091,-4.862643718719482,5.952866554260254,0.42596617341041565,3.2050976753234863,0.06821087002754211,0.10000000149011612,6.3671956062316895,0.8229195185085696,0.8229195185085696,0.20609928667545319,0.7169100642204285,True,299,9.880428351940954e-07,True,True,1.9251042999967467
457,0.16458945875846276,0.16448785905771382,0.18871783109633455,0.04192114621400833,0.005967855453491211,0.2499999850988388,0.2490234375,1.4901161193847656e-08,-1.0905630588531494,2.7565743923187256,-4.866900444030762,5.954328536987305,0.4260658919811249,3.244049549102783,0.06805833429098129,0.10000000149011612,6.36707878112793,0.45895149788707684,0.45895149788707684,0.12096313387155533,0.39804577827453613,True,302,9.727075948554275e-07,True,True,1.957315599982394
458,0.16442338762019965,0.1643226356129834,0.18854632190368825,0.04187345877289772,0.005887854844331741,0.25,0.248291015625,0.0,-1.0730526447296143,2.7552313804626465,-4.868943691253662,5.954820156097412,0.42615973949432373,3.2399165630340576,0.06813996285200119,0.10000000149011612,6.36727237701416,0.06471658992938213,0.06471658992938213,0.016409439966082573,0.05631304904818535,True,302,9.561161718797442e-07,True,True,1.9676676999952178
459,0.16447467360773219,0.16437469188996684,0.18861754468492825,0.041942253708839417,0.005803946405649185,0.25,0.249267578125,0.0,-1.0238330364227295,2.753305196762085,-4.869791507720947,5.955132484436035,0.4262581765651703,3.2294905185699463,0.06822610646486282,0.10000000149011612,6.367456912994385,0.22775673477164615,0.22775673477164615,0.054773904383182526,0.20110133290290833,True,300,9.73295170728135e-07,True,True,1.957263000018429
460,0.1643954501237887,0.16429513580279229,0.18851288613757455,0.04185128211975098,0.005846303887665272,0.25,0.248779296875,0.0,-1.0772550106048584,2.763059616088867,-4.872507095336914,5.956394672393799,0.42620849609375,3.2446465492248535,0.06824109703302383,0.10000000149011612,6.36751127243042,0.0636545933800754,0.0636545933800754,0.015998803079128265,0.056204892694950104,True,302,9.736964566112018e-07,True,True,1.951111900008982
461,0.16441481289098756,0.16431429009157017,0.18852980024499288,0.041845984756946564,0.0058676814660429955,0.25,0.248046875,0.0,-1.0966075658798218,2.769436836242676,-4.874589920043945,5.957284450531006,0.42618343234062195,3.2522671222686768,0.06826604157686234,0.10000000149011612,6.367599964141846,0.10318598884458934,0.10318598884458934,0.022501038387417793,0.09368310123682022,True,302,9.685511481412103e-07,True,True,1.9723884999984875
462,0.16437076573978715,0.1642708998878633,0.18849447580707807,0.04183923080563545,0.0058026621118187904,0.2499999701976776,0.2490234375,2.9802322387695312e-08,-1.0669499635696411,2.765693187713623,-4.874423980712891,5.957929611206055,0.42625969648361206,3.2440459728240967,0.0682951807975769,0.10000000149011612,6.367702007293701,0.013705294498019565,0.013705294498019565,0.005813116207718849,0.009342065081000328,True,302,9.892469417496607e-07,True,True,1.956738699984271
463,0.1643884514859498,0.1642887901450128,0.18852333417484426,0.04186619073152542,0.005779515020549297,0.25,0.2490234375,0.0,-1.0419071912765503,2.7619330883026123,-4.87367582321167,5.958494186401367,0.42628684639930725,3.2368650436401367,0.0682985931634903,0.10000000149011612,6.367764472961426,0.13475045727293877,0.13475045727293877,0.03377095237374306,0.11699627339839935,True,301,9.88659006167624e-07,True,True,1.945266900002025
464,0.16437047911004557,0.16427036960830374,0.1884909556942504,0.04183506965637207,0.005827443208545446,0.2499999701976776,0.248291015625,2.9802322387695312e-08,-1.0760301351547241,2.7644691467285156,-4.874674320220947,5.959622859954834,0.42623063921928406,3.2442359924316406,0.06825462728738785,0.10000000149011612,6.367770671844482,0.09235317727423915,0.09235317727423915,0.02017001248896122,0.08352793753147125,True,302,9.664049568292511e-07,True,True,1.9720369999995455
465,0.16436028917522735,0.16426025152036555,0.18848322605967002,0.04183436185121536,0.005820329301059246,0.2499999850988388,0.248291015625,1.4901161193847656e-08,-1.0657894611358643,2.7604711055755615,-4.8737335205078125,5.960353851318359,0.4262389838695526,3.239065170288086,0.06821322441101074,0.10000000149011612,6.367809772491455,0.08390204837311004,0.08390204837311004,0.018232639878988266,0.07573186606168747,True,302,9.562342052195142e-07,True,True,1.9768421000044327
466,0.16434428038308357,0.16424475733889227,0.18848560333505335,0.04185881465673447,0.00576642295345664,0.2499999701976776,0.2490234375,2.9802322387695312e-08,-1.0215357542037964,2.7524445056915283,-4.8717851638793945,5.961057662963867,0.4263022243976593,3.2255642414093018,0.06819269061088562,0.10000000149011612,6.367886543273926,0.0874312961153317,0.0874312961153317,0.021283747628331184,0.07720429450273514,True,302,9.999617484591299e-07,True,True,1.950989999982994
467,0.16432445477952165,0.16422502704874528,0.1884654108816826,0.04184507578611374,0.005758265499025583,0.2499999701976776,0.2490234375,2.9802322387695312e-08,-1.013755440711975,2.7504663467407227,-4.8704447746276855,5.962123870849609,0.42631179094314575,3.222235918045044,0.06817036867141724,0.10000000149011612,6.367924690246582,0.04934208204630768,0.04934208204630768,0.012381291016936302,0.04359322786331177,True,302,9.925984937412379e-07,True,True,1.9979852999967989
468,0.164325194763112,0.16422562343915845,0.18845884491948772,0.041819214820861816,0.005775210913270712,0.2499999850988388,0.248046875,1.4901161193847656e-08,-1.0282790660858154,2.754096508026123,-4.8706841468811035,5.963502883911133,0.42629191279411316,3.227140188217163,0.06813956797122955,0.10000000149011612,6.367946147918701,0.06084968339059706,0.06084968339059706,0.012532347813248634,0.0559268593788147,True,302,9.9050460360684e-07,True,True,1.9610104000021238
469,0.16431196473690815,0.1642126102555836,0.18844946637352572,0.04180939123034477,0.005754509009420872,0.25,0.248291015625,0.0,-1.0111021995544434,2.751906156539917,-4.869479179382324,5.964639186859131,0.42631620168685913,3.2224488258361816,0.06812602281570435,0.10000000149011612,6.368006229400635,0.054904493267618294,0.054904493267618294,0.011145810596644878,0.051044315099716187,True,302,9.667426690136928e-07,True,True,1.961892399995122
470,0.16429466168990872,0.1641956773897498,0.1884460873265507,0.04182235151529312,0.005716194864362478,0.25,0.248779296875,0.0,-0.9737919569015503,2.7451834678649902,-4.867051601409912,5.965705871582031,0.426361083984375,3.210935354232788,0.06810668855905533,0.10000000149011612,6.368066310882568,0.030635199285501673,0.030635199285501673,0.008006541058421135,0.025116652250289917,True,302,9.823327996364036e-07,True,True,1.9953501999843866
471,0.16429460619657849,0.16419578191253903,0.18845134537078562,0.041834890842437744,0.005698939319700003,0.25,0.2490234375,0.0,-0.9490500688552856,2.7407517433166504,-4.864861011505127,5.9666852951049805,0.42638134956359863,3.2039153575897217,0.06807984411716461,0.10000000149011612,6.368117809295654,0.07377590717355188,0.07377590717355188,0.017641091719269753,0.06348218023777008,True,302,9.912186675763146e-07,True,True,1.9462896000186447
472,0.16428259272858034,0.16418367376163137,0.18842754049025331,0.041804585605859756,0.00571143813431263,0.25,0.24853515625,0.0,-0.9578284025192261,2.741938591003418,-4.864567756652832,5.968233108520508,0.4263666868209839,3.2062594890594482,0.068030446767807,0.10000000149011612,6.368156433105469,0.034914132176312694,0.034914132176312694,0.007657165639102459,0.03286490961909294,True,302,9.866474999455239e-07,True,True,1.977906999993138
473,0.16428003112216413,0.16418113157422215,0.1884219058543619,0.04178518056869507,0.005711436737328768,0.2499999701976776,0.248291015625,2.9802322387695312e-08,-0.9476197957992554,2.738438606262207,-4.862725257873535,5.969076156616211,0.4263666868209839,3.202589750289917,0.06797999143600464,0.10000000149011612,6.368196964263916,0.037001964418152386,0.037001964418152386,0.008327092975378036,0.03462525084614754,True,302,9.476755450997046e-07,True,True,1.9974401000072248
474,0.1642679806138248,0.16416916265812226,0.1884117634581395,0.04180341213941574,0.005701454356312752,0.2499999850988388,0.248291015625,1.4901161193847656e-08,-0.9259598851203918,2.7322890758514404,-4.86051082611084,5.969950199127197,0.42637836933135986,3.195117712020874,0.06794275343418121,0.10000000149011612,6.368232250213623,0.025484780054347025,0.025484780054347025,0.006615316029638052,0.0233891811221838,True,302,9.418104710601347e-07,True,True,1.9731594000186305
475,0.16426189489100299,0.16416327189650556,0.18841635141730018,0.04183605685830116,0.005678693763911724,0.2499999850988388,0.248779296875,1.4901161193847656e-08,-0.8904737830162048,2.725135326385498,-4.858102321624756,5.97081184387207,0.4264051020145416,3.1844215393066406,0.06793886423110962,0.10000000149011612,6.368302345275879,0.04188824666315624,0.04188824666315624,0.008472231216728687,0.03733333200216293,True,302,9.933559807218286e-07,True,True,2.1042732000059914
476,0.16425651655094747,0.16415799632230824,0.18841209153535304,0.04183055832982063,0.00566896703094244,0.2499999701976776,0.2490234375,2.9802322387695312e-08,-0.8807919025421143,2.7252397537231445,-4.858030319213867,5.971676826477051,0.4264164865016937,3.1832644939422607,0.06794776767492294,0.10000000149011612,6.368339538574219,0.043185888177991676,0.043185888177991676,0.008553974330425262,0.03809334337711334,True,302,9.317586720742273e-07,True,True,1.9708339000062551
477,0.16424516617840274,0.1641467314116482,0.18839495776066312,0.041793134063482285,0.005664163269102573,0.2499999850988388,0.24853515625,1.4901161193847656e-08,-0.89687180519104,2.7299206256866455,-4.858741283416748,5.972906112670898,0.426422119140625,3.191202402114868,0.06793555617332458,0.10000000149011612,6.368374347686768,0.019903913238403435,0.019903913238403435,0.005717992316931486,0.0184195414185524,True,302,9.837432589968462e-07,True,True,1.9629270999867003
478,0.16424119605535065,0.16414286821467225,0.18839028593590748,0.04177611321210861,0.005655172746628523,0.2499999850988388,0.248291015625,1.4901161193847656e-08,-0.8951698541641235,2.7318999767303467,-4.859445571899414,5.973687648773193,0.42643266916275024,3.192359685897827,0.0679558664560318,0.10000000149011612,6.368412494659424,0.02972295193403296,0.02972295193403296,0.007975047454237938,0.027850665152072906,True,302,9.488774739108516e-07,True,True,1.967015200003516
479,0.16423011065751691,0.16413190971978386,0.18838484687913595,0.04179040342569351,0.005641053430736065,0.25,0.24853515625,0.0,-0.886073648929596,2.7312116622924805,-4.859455585479736,5.974249362945557,0.4264492392539978,3.1908695697784424,0.0679885596036911,0.10000000149011612,6.3684563636779785,0.012710197242788148,0.012710197242788148,0.004498675465583801,0.010633385740220547,True,302,9.561661090505842e-07,True,True,1.976296100008767
480,0.1642266790489289,0.16412860435197085,0.18838702661110826,0.04180560261011124,0.00562690943479538,0.2499999850988388,0.2490234375,1.4901161193847656e-08,-0.8732469081878662,2.728334426879883,-4.859055042266846,5.974654197692871,0.42646580934524536,3.1886212825775146,0.06798604130744934,0.10000000149011612,6.368509292602539,0.04235650561148763,0.04235650561148763,0.009267286397516727,0.03512691333889961,True,302,9.786862891309182e-07,True,True,1.9964426000078674
481,0.16421745394048842,0.16411932720308753,0.18837219237645178,0.04180195927619934,0.005632477812469006,0.2499999701976776,0.24853515625,2.9802322387695312e-08,-0.8764340877532959,2.7291171550750732,-4.859439849853516,5.975331783294678,0.42645928263664246,3.190040111541748,0.06800544261932373,0.10000000149011612,6.368520736694336,0.015880697255216722,0.015880697255216722,0.0034296519588679075,0.012033875100314617,True,302,9.88705962181211e-07,True,True,1.9596552999864798
482,0.16420989537829742,0.16411176855055826,0.18835742348156453,0.04178101569414139,0.005634581204503775,0.2499999850988388,0.248291015625,1.4901161193847656e-08,-0.8909768462181091,2.7307868003845215,-4.860538005828857,5.975768566131592,0.4264568090438843,3.195236921310425,0.0679951161146164,0.10000000149011612,6.368540287017822,0.02088264356404525,0.02088264356404525,0.005971405189484358,0.019300587475299835,True,302,9.936767081454912e-07,True,True,1.9689937999937683
483,0.1642004471679244,0.16410237700836994,0.1883468519707537,0.04178202897310257,0.005628813058137894,0.2499999850988388,0.24853515625,1.4901161193847656e-08,-0.8957180976867676,2.7317698001861572,-4.861746311187744,5.97606897354126,0.4264635741710663,3.197232484817505,0.06802206486463547,0.10000000149011612,6.368568420410156,0.01883176640242777,0.01883176640242777,0.005675086751580238,0.017242904752492905,True,302,9.547974951754888e-07,True,True,1.968237399996724
484,0.1641932862402935,0.16409534946103288,0.18834240100606167,0.04179888963699341,0.005613788962364197,0.2499999850988388,0.24853515625,1.4901161193847656e-08,-0.8875614404678345,2.731611490249634,-4.8620524406433105,5.9767045974731445,0.4264811873435974,3.197214365005493,0.06805486977100372,0.10000000149011612,6.36861515045166,0.01813557181572857,0.01813557181572857,0.00388897187076509,0.014871766790747643,True,302,9.319993427548357e-07,True,True,1.965530999994371
485,0.16418705422854163,0.16408924421997853,0.18833526567927,0.04179689288139343,0.005601311568170786,0.2499999850988388,0.2490234375,1.4901161193847656e-08,-0.8941484093666077,2.734959363937378,-4.863791465759277,5.9770827293396,0.4264957904815674,3.2016587257385254,0.06809809058904648,0.10000000149011612,6.368656158447266,0.028145306870544735,0.028145306870544735,0.006115245167165995,0.023313580080866814,True,302,9.294339312110714e-07,True,True,1.9746669000014663
486,0.1641789740325029,0.16408120481493724,0.18831995839972543,0.04178159683942795,0.005598762072622776,0.2499999701976776,0.24853515625,2.9802322387695312e-08,-0.907351016998291,2.7400972843170166,-4.865923881530762,5.977721691131592,0.42649880051612854,3.2081093788146973,0.06814005225896835,0.10000000149011612,6.3686723709106445,0.010632173151719207,0.010632173151719207,0.0030934482347220182,0.009260007180273533,True,302,9.378486055112789e-07,True,True,1.9630000999895856
487,0.16417162715507272,0.16407393985477806,0.1883077358239182,0.04177454859018326,0.005591275170445442,0.2499999850988388,0.24853515625,1.4901161193847656e-08,-0.9191052317619324,2.743471145629883,-4.86720085144043,5.9783244132995605,0.4265075922012329,3.2139408588409424,0.06816567480564117,0.10000000149011612,6.368707180023193,0.019733538576459212,0.019733538576459212,0.00478857709094882,0.018758978694677353,True,302,9.430423049529227e-07,True,True,1.9765185000142083
488,0.1641637368350315,0.16406613882249474,0.1882973180443638,0.04178096354007721,0.0055817048996686935,0.2499999850988388,0.24853515625,1.4901161193847656e-08,-0.9179798364639282,2.7435264587402344,-4.868408203125,5.978693008422852,0.4265187680721283,3.2143821716308594,0.06819213181734085,0.10000000149011612,6.368747234344482,0.009148771385957058,0.009148771385957058,0.002722326200455427,0.007392933126538992,True,302,9.373954879650306e-07,True,True,1.9781328000244685
489,0.16415766596865064,0.16406016850169905,0.18828932391755898,0.041791561990976334,0.005570590496063232,0.2499999850988388,0.248779296875,1.4901161193847656e-08,-0.9155354499816895,2.743433713912964,-4.869204521179199,5.9791579246521,0.4265318512916565,3.214151620864868,0.06821803003549576,0.10000000149011612,6.368780612945557,0.026424194987990174,0.026424194987990174,0.0059529859572649,0.021898414939641953,True,302,9.296185309705376e-07,True,True,1.9680569000192918
490,0.1641500525587679,0.1640525586811335,0.1882736635769138,0.04178798198699951,0.005570589564740658,0.2499999850988388,0.24853515625,1.4901161193847656e-08,-0.9236335158348083,2.745286703109741,-4.869655132293701,5.979506015777588,0.4265318214893341,3.2175962924957275,0.06823430210351944,0.10000000149011612,6.36881685256958,0.008511250897337366,0.008511250897337366,0.0024957486893981695,0.006582886446267366,True,302,9.35451270392624e-07,True,True,1.9638126000063494
491,0.16414328326942357,0.16404581851331476,0.18826008041477457,0.041782110929489136,0.00556826451793313,0.2499999850988388,0.248291015625,1.4901161193847656e-08,-0.9316627979278564,2.747511863708496,-4.871304512023926,5.980223655700684,0.4265345335006714,3.220973014831543,0.06825671344995499,0.10000000149011612,6.368826866149902,0.01923623495624013,0.01923623495624013,0.004983503371477127,0.017724843695759773,True,302,9.41926858843558e-07,True,True,1.9601247000100557
492,0.16413616449084492,0.16403884357750775,0.188252707862904,0.04178384318947792,0.005553707014769316,0.25,0.248779296875,0.0,-0.9307591915130615,2.749131917953491,-4.871893405914307,5.980660915374756,0.42655161023139954,3.2227511405944824,0.0682922899723053,0.10000000149011612,6.368865966796875,0.007724077809125394,0.007724077809125394,0.0024439047556370497,0.006181491073220968,True,302,9.372087567270458e-07,True,True,1.964353299990762
493,0.1641306666997342,0.1640334876538335,0.18824562876510886,0.04178618639707565,0.005539285950362682,0.25,0.248779296875,0.0,-0.9315336346626282,2.7513864040374756,-4.873271942138672,5.981170654296875,0.42656853795051575,3.2249794006347656,0.06832851469516754,0.10000000149011612,6.36889123916626,0.016849448394729547,0.016849448394729547,0.003955811262130737,0.013443373143672943,True,302,9.332317226287159e-07,True,True,1.9831661000207532
494,0.16412379221957135,0.16402671190224546,0.1882347949922641,0.04178128391504288,0.005529903341084719,0.2499999850988388,0.248779296875,1.4901161193847656e-08,-0.9361058473587036,2.754303455352783,-4.874533176422119,5.98176908493042,0.4265795350074768,3.227592945098877,0.06836364418268204,0.10000000149011612,6.368942737579346,0.009892472129928609,0.009892472129928609,0.0027608778327703476,0.0064879474230110645,True,302,9.360682024118635e-07,True,True,1.9663988000247627
495,0.16411695064622736,0.16401992904599583,0.18822545574381128,0.041773803532123566,0.005524779669940472,0.25,0.248779296875,0.0,-0.94142085313797,2.757112741470337,-4.875438213348389,5.9824538230896,0.42658552527427673,3.2305288314819336,0.06839291006326675,0.10000000149011612,6.368968486785889,0.016460226247275268,0.016460226247275268,0.004136489704251289,0.015379016287624836,True,302,9.421165649682508e-07,True,True,1.9707362000190187
496,0.16411098721569126,0.16401406073515956,0.18821680715971253,0.04177657514810562,0.005514990538358688,0.2499999701976776,0.2490234375,2.9802322387695312e-08,-0.9413191080093384,2.7580437660217285,-4.876224994659424,5.98298454284668,0.426596999168396,3.2321629524230957,0.06840486079454422,0.10000000149011612,6.368997573852539,0.0074053542317026565,0.0074053542317026565,0.002544906223192811,0.005089585669338703,True,302,9.953572610582535e-07,True,True,1.9723273999989033
497,0.16410522837274605,0.1640083980140173,0.18821240250048382,0.041781045496463776,0.005504931323230267,0.2499999850988388,0.248779296875,1.4901161193847656e-08,-0.9383418560028076,2.7575275897979736,-4.87642765045166,5.983422756195068,0.4266088008880615,3.231853485107422,0.06841562688350677,0.10000000149011612,6.3690104484558105,0.015585742101663707,0.015585742101663707,0.0039040446281433105,0.012063723988831043,True,302,9.868853063218815e-07,True,True,1.9583476000116207
498,0.16409902359398354,0.16400218168219824,0.1882023662275994,0.04177840054035187,0.005506351124495268,0.2499999850988388,0.24853515625,1.4901161193847656e-08,-0.9455726742744446,2.758760690689087,-4.87712287902832,5.983913898468018,0.4266071319580078,3.2344164848327637,0.06842461973428726,0.10000000149011612,6.369027137756348,0.012400232579947042,0.012400232579947042,0.0033436762169003487,0.01131457183510065,True,302,9.987830318311293e-07,True,True,1.967068099998869
499,0.16409419575851533,0.16399744052026544,0.1881974499620806,0.04178059846162796,0.005497463978827,0.2499999701976776,0.248779296875,2.9802322387695312e-08,-0.941489040851593,2.758847951889038,-4.877094745635986,5.984562397003174,0.4266175329685211,3.234224557876587,0.06843186914920807,0.10000000149011612,6.369062900543213,0.007329787604512462,0.007329787604512462,0.002361833117902279,0.0054719652980566025,True,302,9.91854816677491e-07,True,True,1.9657227999996394
500,0.17181397507433468,0.17173107459769274,0.18561133297846544,0.04157117009162903,0.002066465327516198,0.25,0.249267578125,0.0,-0.9395320415496826,2.7586984634399414,-4.8779683113098145,5.985004901885986,0.43061989545822144,3.2338032722473145,0.06845924258232117,0.10000000149011612,6.369081974029541,0.08129106344029416,0.08129106344029416,0.0358031690120697,0.07258741557598114,True,298,9.754275249035956e-07,True,True,1.9051582000101916
501,0.1717291446816381,0.1716473496513646,0.18553569477527068,0.04147641360759735,0.0020159308332949877,0.25,0.249267578125,0.0,-0.9648192524909973,2.7808637619018555,-4.881673812866211,5.986818790435791,0.4306786060333252,3.2533931732177734,0.06860268861055374,0.10000000149011612,6.369140625,0.08598011529520677,0.08598011529520677,0.032297540456056595,0.07924778759479523,True,297,9.956016324183513e-07,True,True,1.909144599980209
502,0.1716712039116484,0.17159177330636352,0.1854976237421889,0.04140079766511917,0.001901490380987525,0.2499999850988388,0.24951171875,1.4901161193847656e-08,-1.0299785137176514,2.8239376544952393,-4.889255046844482,5.989974021911621,0.43081146478652954,3.2922725677490234,0.06882575154304504,0.10000000149011612,6.369215965270996,0.07583133763627398,0.07583133763627398,0.016854260116815567,0.07164531201124191,True,297,9.911836589861898e-07,True,True,1.913496799999848
503,0.1717550389843841,0.17167518212672667,0.18559067544778285,0.041384778916835785,0.0019236039370298386,0.25,0.25,0.0,-1.0428284406661987,2.8463730812072754,-4.892385482788086,5.992223262786865,0.43078577518463135,3.3084120750427246,0.06899935007095337,0.10000000149011612,6.369272232055664,0.16041343185646742,0.16041343185646742,0.08010215312242508,0.10889922827482224,True,298,9.87115758683992e-07,True,True,1.9164600000076462
504,0.1719036801484237,0.1718205729191015,0.18572512456579188,0.04154902696609497,0.002077910117805004,0.25,0.25,0.0,-1.059511423110962,2.8297295570373535,-4.887208461761475,5.992238998413086,0.4306066334247589,3.2965281009674072,0.06886184960603714,0.10000000149011612,6.369080543518066,0.21748788379319628,0.21748788379319628,0.05195119231939316,0.19446317851543427,True,297,9.996670632032362e-07,True,True,1.9316457000095397
505,0.171801351889797,0.17171968766098514,0.18562036476619936,0.04158717393875122,0.002003852743655443,0.2499999850988388,0.25048828125,1.4901161193847656e-08,-0.9777308702468872,2.7907519340515137,-4.87848424911499,5.9911932945251465,0.4306926131248474,3.2574715614318848,0.06856650859117508,0.10000000149011612,6.36898946762085,0.15147779874408335,0.15147779874408335,0.05252133682370186,0.11666781455278397,True,298,9.743110582331533e-07,True,True,1.9019249000120908
506,0.17179210331607664,0.1717107507683342,0.1856244536919618,0.04165499284863472,0.0019848777446895838,0.2499999850988388,0.250244140625,1.4901161193847656e-08,-0.851636528968811,2.7636187076568604,-4.87196159362793,5.990662574768066,0.4307146668434143,3.2188022136688232,0.06852936744689941,0.10000000149011612,6.369062423706055,0.36656917831892566,0.36656917831892566,0.08583615720272064,0.326403945684433,True,299,9.942513169885403e-07,True,True,1.890622600010829
507,0.1716551129937102,0.17157524284095735,0.1854700376932139,0.04149606078863144,0.001918704598210752,0.2499999850988388,0.25,1.4901161193847656e-08,-0.9054864048957825,2.7707488536834717,-4.872067928314209,5.9917521476745605,0.4307914674282074,3.2313461303710938,0.06842093914747238,0.10000000149011612,6.368963241577148,0.23332004473686868,0.23332004473686868,0.0720665454864502,0.1907477080821991,True,298,9.927795673663256e-07,True,True,1.8992968999955337
508,0.1717114099024582,0.1716309557983439,0.18554075957275204,0.041569922119379044,0.0019442090997472405,0.2499999850988388,0.250244140625,1.4901161193847656e-08,-0.864179253578186,2.7788782119750977,-4.873894691467285,5.993159294128418,0.4307618737220764,3.2286322116851807,0.06860218197107315,0.10000000149011612,6.3690900802612305,0.26167793032238507,0.26167793032238507,0.06410402059555054,0.22828592360019684,True,299,9.94849551975123e-07,True,True,1.8845816000248305
509,0.1716916330496008,0.17161207678654888,0.18550509756964886,0.041485197842121124,0.0019035532604902983,0.25,0.24951171875,0.0,-0.9436130523681641,2.8037221431732178,-4.878149032592773,5.995038032531738,0.43080905079841614,3.255934715270996,0.06863579899072647,0.10000000149011612,6.369050979614258,0.19349494826827987,0.19349494826827987,0.048630207777023315,0.1729533076286316,True,298,9.782186075835344e-07,True,True,1.8918535999837331
510,0.1716816906284545,0.1716032427468341,0.18548645337481623,0.04135651886463165,0.0018545681377872825,0.2499999850988388,0.25,1.4901161193847656e-08,-0.9269352555274963,2.805872678756714,-4.878902435302734,5.995722770690918,0.43086591362953186,3.2543110847473145,0.06868645548820496,0.10000000149011612,6.369139671325684,0.2125223035399067,0.2125223035399067,0.089302659034729,0.15465810894966125,True,298,9.93550640315196e-07,True,True,1.888727799989283
511,0.1718923271359968,0.1718095919458288,0.1856758425049415,0.04162891209125519,0.002055313903838396,0.2499999850988388,0.250244140625,1.4901161193847656e-08,-0.9513132572174072,2.782745361328125,-4.8734612464904785,5.995054244995117,0.43063288927078247,3.237806558609009,0.06848019361495972,0.10000000149011612,6.368961334228516,0.14588310278293243,0.14588310278293243,0.04538436233997345,0.11664126813411713,True,298,9.968157180663356e-07,True,True,1.8894104000064544
512,0.17193609008989977,0.17185266283765183,0.1857271132317165,0.041678138077259064,0.0020874557085335255,0.2499999850988388,0.25,1.4901161193847656e-08,-0.9230138063430786,2.7610559463500977,-4.86814022064209,5.99446964263916,0.4305955767631531,3.217089891433716,0.068327397108078,0.10000000149011612,6.368925094604492,0.1394046604661894,0.1394046604661894,0.05163750424981117,0.10172630846500397,True,298,9.950893303241198e-07,True,True,1.9226013000006787
513,0.17167751602565587,0.17159765736123264,0.1854679430714545,0.041545320302248,0.0019156672060489655,0.2499999850988388,0.250244140625,1.4901161193847656e-08,-0.8613665103912354,2.753129482269287,-4.867534637451172,5.994418144226074,0.43079498410224915,3.2028536796569824,0.06825823336839676,0.10000000149011612,6.369042873382568,0.24054275454450086,0.24054275454450086,0.07490812987089157,0.1946881264448166,True,298,9.96486866459583e-07,True,True,1.8807691000110935
514,0.17421443337757395,0.17412491280116396,0.18821292991229735,0.042351141571998596,0.002358471741899848,0.2499999850988388,0.250732421875,1.4901161193847656e-08,-0.6952645778656006,2.7540159225463867,-4.867812633514404,5.994853973388672,0.43028077483177185,3.176382303237915,0.06854753941297531,0.10000000149011612,6.369363784790039,0.6971509811763832,0.6971509811763832,0.17403455078601837,0.6314037442207336,True,301,9.970517893990242e-07,True,True,1.9737223999982234
515,0.17180125373838245,0.17171989290000647,0.18558647173404533,0.0414210744202137,0.001996988197788596,0.2499999850988388,0.25,1.4901161193847656e-08,-0.9111138582229614,2.8283700942993164,-4.884127140045166,6.000154495239258,0.4307006001472473,3.2634034156799316,0.06890689581632614,0.10000000149011612,6.369653701782227,0.1649186265116332,0.1649186265116332,0.056507810950279236,0.15415796637535095,True,299,9.386805944376468e-07,True,True,1.8979808999865782
516,0.17200015059710888,0.17191690382772534,0.18578755146714288,0.0414721742272377,0.0020887297578155994,0.2499999850988388,0.25048828125,1.4901161193847656e-08,-1.002448558807373,2.861105442047119,-4.889337539672852,6.00250768661499,0.4305940866470337,3.2995431423187256,0.0689932182431221,0.10000000149011612,6.36984920501709,0.2684569255533892,0.2684569255533892,0.08059392869472504,0.2540726065635681,True,298,9.941109781218967e-07,True,True,1.8878469000046607
517,0.17180428371200981,0.1717237559947622,0.18559698818139744,0.04148400202393532,0.0019521857611835003,0.2499999850988388,0.249755859375,1.4901161193847656e-08,-0.9479023814201355,2.8226428031921387,-4.880922794342041,6.001485347747803,0.43075260519981384,3.265665292739868,0.06871473789215088,0.10000000149011612,6.369924068450928,0.21065236081502817,0.21065236081502817,0.053988587111234665,0.19573108851909637,True,298,9.950290950887337e-07,True,True,1.9059054999961518
518,0.17167424973248283,0.17159531231046432,0.18548440278827028,0.041569940745830536,0.0018683740636333823,0.25,0.250244140625,0.0,-0.8035135269165039,2.754153251647949,-4.865968227386475,5.998568534851074,0.43084990978240967,3.1979732513427734,0.06836406886577606,0.10000000149011612,6.3699631690979,0.13541396617763998,0.13541396617763998,0.03154902905225754,0.1244344487786293,True,298,9.826918607921997e-07,True,True,1.9107293999986723
519,0.17180283109131037,0.17172297757337568,0.1856182651186735,0.04172886908054352,0.0019062324427068233,0.2499999850988388,0.24951171875,1.4901161193847656e-08,-0.7340638637542725,2.7124502658843994,-4.8546366691589355,5.9966325759887695,0.4308059513568878,3.1578874588012695,0.06811157613992691,0.10000000149011612,6.369988918304443,0.16765796275980951,0.16765796275980951,0.03959960117936134,0.15488937497138977,True,299,9.956601010809633e-07,True,True,1.9116380999912508
520,0.17191445267423783,0.17183131976276433,0.18573789818989955,0.04159754514694214,0.0020767683163285255,0.2499999850988388,0.2490234375,1.4901161193847656e-08,-0.762315571308136,2.697524309158325,-4.850943088531494,5.996087074279785,0.43060797452926636,3.1538405418395996,0.06786854565143585,0.10000000149011612,6.3699541091918945,0.1082430528659261,0.1082430528659261,0.05684029310941696,0.07553696632385254,True,298,9.827114979641647e-07,True,True,1.9199404999963008
521,0.17188925555822254,0.17180814577367903,0.18570525345251732,0.04166248068213463,0.001972365193068981,0.2499999850988388,0.249267578125,1.4901161193847656e-08,-0.7902675271034241,2.713982105255127,-4.854880332946777,5.997618675231934,0.4307291805744171,3.169711112976074,0.06796986609697342,0.10000000149011612,6.370047569274902,0.15210725242801917,0.15210725242801917,0.06071764975786209,0.1104450672864914,True,298,9.933093009869303e-07,True,True,1.919426200009184
522,0.17170579411358602,0.17162649046805717,0.18551140071330693,0.04159282520413399,0.0018855410162359476,0.25,0.25,0.0,-0.7774389982223511,2.7442314624786377,-4.861772060394287,5.999741554260254,0.4308299422264099,3.1901392936706543,0.06830687820911407,0.10000000149011612,6.370267391204834,0.13161524937323996,0.13161524937323996,0.03228871151804924,0.1214756965637207,True,298,9.869548984059284e-07,True,True,1.893559299991466
523,0.17166652572760363,0.1715866632261314,0.18546013218044313,0.04144168272614479,0.0019210409373044968,0.25,0.249755859375,0.0,-0.8347806930541992,2.791755199432373,-4.872652053833008,6.002840995788574,0.4307887554168701,3.2322261333465576,0.06863318383693695,0.10000000149011612,6.370423793792725,0.04272469488304733,0.04272469488304733,0.021215492859482765,0.03292644023895264,True,298,9.969599582421281e-07,True,True,1.7468093000061344
524,0.17180680969786247,0.17172534976210793,0.18560330488457613,0.04139626398682594,0.002003183588385582,0.2499999850988388,0.25,1.4901161193847656e-08,-0.8795089721679688,2.82291316986084,-4.8797221183776855,6.004591941833496,0.4306933879852295,3.2608091831207275,0.06884181499481201,0.10000000149011612,6.370502948760986,0.36041908947612555,0.36041908947612555,0.0909704864025116,0.3381199836730957,True,298,9.97767913617312e-07,True,True,1.9013482000154909
525,0.1735844679860499,0.17349867595491075,0.18744486652215228,0.04177791252732277,0.0022007059305906296,0.25,0.249755859375,0.0,-0.7212053537368774,2.788259744644165,-4.872769355773926,6.002978324890137,0.4304640293121338,3.213304281234741,0.06879126280546188,0.10000000149011612,6.370560169219971,0.7198610367571853,0.7198610367571853,0.17131005227565765,0.6305630207061768,True,301,9.820360171013329e-07,True,True,1.9008010000106879
526,0.17179149817628014,0.1717108982033019,0.1855920153279317,0.041522152721881866,0.0019538910128176212,0.25,0.25,0.0,-0.9303726553916931,2.8024210929870605,-4.875937461853027,6.003217697143555,0.43075060844421387,3.253659248352051,0.06857907772064209,0.10000000149011612,6.370293617248535,0.1815935350655671,0.1815935350655671,0.045651644468307495,0.16217342019081116,True,298,9.903070224813296e-07,True,True,1.900552000006428
527,0.17220498117367547,0.1721186096615232,0.18602635583853344,0.04164569079875946,0.002236291067674756,0.2499999701976776,0.25,2.9802322387695312e-08,-1.0185551643371582,2.797036647796631,-4.875372409820557,6.002345561981201,0.43042269349098206,3.2591805458068848,0.06860024482011795,0.10000000149011612,6.370091438293457,0.2472250829359675,0.2472250829359675,0.06313212215900421,0.21415899693965912,True,297,9.885227004141147e-07,True,True,1.8990635000227485
528,0.1721551678867361,0.1720693298370859,0.18598115905569898,0.041687920689582825,0.002207506448030472,0.25,0.249755859375,0.0,-0.9986839294433594,2.771212577819824,-4.87183952331543,6.0002570152282715,0.43045616149902344,3.239901065826416,0.06842552125453949,0.10000000149011612,6.37001371383667,0.18864212324128807,0.18864212324128807,0.06242937222123146,0.1441822499036789,True,297,9.91941842494228e-07,True,True,1.911216400010744
529,0.17183111034331106,0.17174922354423636,0.18565035786013062,0.041625626385211945,0.0020130586344748735,0.25,0.25,0.0,-0.9160748720169067,2.7549164295196533,-4.870632171630859,5.998813629150391,0.430681973695755,3.220097064971924,0.06828255206346512,0.10000000149011612,6.3700785636901855,0.1220262593749325,0.1220262593749325,0.04857568442821503,0.08771591633558273,True,298,9.810190104264687e-07,True,True,1.9252083000028506
530,0.17214161751599147,0.17205567019985155,0.18596204249656834,0.04169792681932449,0.0022124694660305977,0.25,0.24951171875,0.0,-0.8044664859771729,2.7553722858428955,-4.872733116149902,5.998412132263184,0.4304503798484802,3.204697608947754,0.06850358843803406,0.10000000149011612,6.370271682739258,0.7852528381525208,0.7852528381525208,0.1896209716796875,0.6868051290512085,True,299,9.950821839576373e-07,True,True,1.9354571999865584
531,0.1719478723911071,0.17186424269354583,0.18576188009301522,0.04156096279621124,0.0021034367382526398,0.2499999850988388,0.25,1.4901161193847656e-08,-1.057127833366394,2.8091442584991455,-4.8853278160095215,6.000402927398682,0.43057700991630554,3.2763330936431885,0.06871100515127182,0.10000000149011612,6.370123863220215,0.18399166039081088,0.18399166039081088,0.04158090427517891,0.16356100142002106,True,297,9.98190493956414e-07,True,True,1.9221780999796465
532,0.17260076359782345,0.17250899898756272,0.18642742561583986,0.04165399819612503,0.0025055306032299995,0.2499999850988388,0.249267578125,1.4901161193847656e-08,-1.1758344173431396,2.836665153503418,-4.891671180725098,6.001530647277832,0.43010982871055603,3.309105634689331,0.068959541618824,0.10000000149011612,6.370047092437744,0.4124930290906926,0.4124930290906926,0.10133974254131317,0.3869190216064453,True,297,9.90867894655358e-07,True,True,1.9088831999979448
533,0.1723458504284827,0.17225684616147557,0.18617432041489448,0.041729774326086044,0.002363724634051323,0.25,0.249755859375,0.0,-1.0985437631607056,2.7725961208343506,-4.878139495849609,5.998761177062988,0.43027463555336,3.2514870166778564,0.0684695690870285,0.10000000149011612,6.369948387145996,0.18715396448410584,0.18715396448410584,0.060019802302122116,0.14022418856620789,True,298,9.781657493985052e-07,True,True,1.9297958000097424
534,0.17214759045033495,0.17206002104780416,0.18594894498788134,0.041795335710048676,0.002288703341037035,0.25,0.249755859375,0.0,-0.9626501798629761,2.720349073410034,-4.866611480712891,5.9965972900390625,0.4303617775440216,3.1951992511749268,0.0680609866976738,0.10000000149011612,6.3700032234191895,0.14569278230465738,0.14569278230465738,0.06913450360298157,0.09848782420158386,True,298,9.956940836251896e-07,True,True,1.902825600001961
535,0.17187775794690946,0.171791144877621,0.1856668952997335,0.04160623997449875,0.0022503414656966925,0.25,0.249755859375,0.0,-0.8290636539459229,2.711233377456665,-4.863096714019775,5.996840476989746,0.430406391620636,3.1691322326660156,0.06795182824134827,0.10000000149011612,6.370262622833252,0.15071158932365222,0.15071158932365222,0.07049745321273804,0.11834850907325745,True,298,9.895657314219953e-07,True,True,1.9051745999895502
536,0.17410009298762222,0.17400514448815874,0.1880856867941794,0.04216980189085007,0.0026389348786324263,0.25,0.249755859375,0.0,-0.6999420523643494,2.7400355339050293,-4.8665547370910645,5.999942779541016,0.42995473742485046,3.165196418762207,0.06840198487043381,0.10000000149011612,6.370718955993652,0.9605906646683868,0.9605906646683868,0.24074558913707733,0.8414162993431091,True,301,9.874430966642834e-07,True,True,1.9833772999991197
537,0.17215214846435764,0.17206648456644097,0.18595046655308708,0.041525084525346756,0.002206940669566393,0.25,0.250244140625,0.0,-1.0222666263580322,2.8369288444519043,-4.885554313659668,6.007052898406982,0.4304567873477936,3.2770161628723145,0.06877954304218292,0.10000000149011612,6.3708906173706055,0.34728589066888793,0.34728589066888793,0.09263068437576294,0.32899460196495056,True,298,9.639259135173606e-07,True,True,1.9280310000176542
538,0.17307646487116327,0.1729797458818506,0.18689624465657684,0.04166877269744873,0.002752510830760002,0.25,0.2509765625,0.0,-1.1126396656036377,2.8537559509277344,-4.884757041931152,6.009705543518066,0.4298225939273834,3.2953896522521973,0.06888389587402344,0.10000000149011612,6.371005058288574,0.5656649069438396,0.5656649069438396,0.1606462448835373,0.5337506532669067,True,296,9.95796610680131e-07,True,True,1.9430587000097148
539,0.1725779781272212,0.17248706868994476,0.18643352505589675,0.04184862598776817,0.00245304056443274,0.2499999850988388,0.249755859375,1.4901161193847656e-08,-0.9451523423194885,2.7329933643341064,-4.852630138397217,6.00555419921875,0.43017083406448364,3.1844124794006348,0.06801307946443558,0.10000000149011612,6.370883464813232,0.26578990788987283,0.26578990788987283,0.09665737301111221,0.1954474002122879,True,298,9.65230193985212e-07,True,True,1.9452611999877263
540,0.17235464000697365,0.17226553850895843,0.18625875264109085,0.041911378502845764,0.0023595059756189585,0.25,0.249755859375,0.0,-0.7190065383911133,2.6450273990631104,-4.824105739593506,6.00200891494751,0.43027955293655396,3.0872161388397217,0.06740444898605347,0.10000000149011612,6.370970249176025,0.24819770999315457,0.24819770999315457,0.11567968875169754,0.15779148042201996,True,299,9.941171472846958e-07,True,True,1.9309932999894954
541,0.1722085370099392,0.17212087759694425,0.18616627152344098,0.04190151393413544,0.0022878949530422688,0.2499999850988388,0.2490234375,1.4901161193847656e-08,-0.4922005236148834,2.6260182857513428,-4.8109130859375,6.001066207885742,0.4303627610206604,3.0338306427001953,0.06744963675737381,0.10000000149011612,6.371303558349609,0.7219475793150617,0.7219475793150617,0.1600116342306137,0.640640139579773,True,301,9.824203153966787e-07,True,True,1.9540684999956284
542,0.17183640219701718,0.17175387366174055,0.18567684057227618,0.041651204228401184,0.00204386655241251,0.2499999850988388,0.24951171875,1.4901161193847656e-08,-0.6136780977249146,2.657041311264038,-4.823378562927246,6.003372669219971,0.4306461811065674,3.0830390453338623,0.06744968146085739,0.10000000149011612,6.371364593505859,0.07961335517705141,0.07961335517705141,0.03802664577960968,0.058025140315294266,True,298,9.948033346489393e-07,True,True,1.8861074000014924
543,0.1718240840530146,0.17174228113164494,0.18564718118786458,0.041631244122982025,0.00200858386233449,0.25,0.25,0.0,-0.7233965992927551,2.7052001953125,-4.837862014770508,6.006646633148193,0.4306871294975281,3.136937379837036,0.06779499351978302,0.10000000149011612,6.371527194976807,0.07419091692720012,0.07419091692720012,0.03012225404381752,0.05230064317584038,True,298,9.834186073666639e-07,True,True,1.953551399987191
544,0.17193092921202377,0.17184726728883878,0.18571912332458718,0.04155018925666809,0.0021055866964161396,0.2499999701976776,0.250244140625,2.9802322387695312e-08,-0.8039215803146362,2.759031295776367,-4.853318214416504,6.009934425354004,0.430574506521225,3.1880593299865723,0.06818690150976181,0.10000000149011612,6.371706008911133,0.1902013935260957,0.1902013935260957,0.05521078035235405,0.17785833775997162,True,298,9.734268977580391e-07,True,True,1.8985689000110142
545,0.171923929021859,0.1718398468319116,0.18571609139521034,0.041503146290779114,0.00212895218282938,0.25,0.25,0.0,-0.7912421226501465,2.769279718399048,-4.856358528137207,6.010592460632324,0.4305473864078522,3.1958508491516113,0.0682586133480072,0.10000000149011612,6.371854305267334,0.18934325320756684,0.18934325320756684,0.06309191137552261,0.17722870409488678,True,298,9.98120813672338e-07,True,True,1.8959493000002112
546,0.1717177833627604,0.17163579863604828,0.18552591217002573,0.04138033837080002,0.002030219417065382,0.25,0.24951171875,0.0,-0.6878823637962341,2.734306573867798,-4.847238063812256,6.0085272789001465,0.43066203594207764,3.157738208770752,0.06803619861602783,0.10000000149011612,6.371911525726318,0.07093753580566584,0.07093753580566584,0.03391757607460022,0.0585259273648262,True,299,9.908078624553599e-07,True,True,1.9009714999992866
547,0.17214823227036563,0.1720601518120226,0.18594855375934122,0.04154707491397858,0.0023266691714525223,0.25,0.2490234375,0.0,-0.5644227266311646,2.686417579650879,-4.832243919372559,6.005885124206543,0.4303176999092102,3.1007561683654785,0.06786415725946426,0.10000000149011612,6.371936798095703,0.773506893168364,0.773506893168364,0.17945189774036407,0.6696717739105225,True,299,9.979546869315033e-07,True,True,1.9043620000011288
548,0.17199583446927671,0.17191212266259198,0.18580772243440008,0.04171178489923477,0.0021000010892748833,0.25,0.249755859375,0.0,-0.778958261013031,2.6877057552337646,-4.835744380950928,6.0056843757629395,0.4305810034275055,3.1318230628967285,0.06771750003099442,0.10000000149011612,6.371657848358154,0.09283900238449723,0.09283900238449723,0.04171013832092285,0.05968980863690376,True,298,9.85901853309556e-07,True,True,1.8932302999892272
549,0.17283516219490783,0.17274019759567097,0.1866869787212531,0.04195421189069748,0.0026505193673074245,0.25,0.25,0.0,-0.9645949006080627,2.7089126110076904,-4.842864036560059,6.006679058074951,0.4299412667751312,3.1716856956481934,0.06786332279443741,0.10000000149011612,6.371503829956055,0.28438246683483015,0.28438246683483015,0.09661795943975449,0.2171800583600998,True,298,9.909479695659296e-07,True,True,1.9374720000196248
550,0.1729462802147149,0.17284937493667293,0.1868065446268492,0.0419183075428009,0.0027493485249578953,0.2499999850988388,0.25048828125,1.4901161193847656e-08,-1.0447723865509033,2.7374181747436523,-4.853474140167236,6.007180213928223,0.4298262894153595,3.2056081295013428,0.06807631999254227,0.10000000149011612,6.371531963348389,0.3218864970235325,0.3218864970235325,0.08919753134250641,0.2732487916946411,True,298,9.8444332666357e-07,True,True,1.9206383000127971
551,0.17225087688020943,0.17216421873211443,0.186080910351376,0.041691407561302185,0.0022483370266854763,0.25,0.25,0.0,-1.01338529586792,2.746480703353882,-4.8610520362854,6.006007194519043,0.4304087162017822,3.2120978832244873,0.0681733563542366,0.10000000149011612,6.371665000915527,0.22009019566673185,0.22009019566673185,0.05213884636759758,0.19622552394866943,True,298,9.980660679739431e-07,True,True,1.933667900011642
552,0.17186624598983327,0.17178090902153056,0.18567167134931278,0.04158179461956024,0.002187758684158325,0.25,0.24951171875,0.0,-0.8893321752548218,2.728677272796631,-4.861029624938965,6.003369331359863,0.4304790794849396,3.189253091812134,0.0680762454867363,0.10000000149011612,6.371819019317627,0.05008256124191547,0.05008256124191547,0.022147666662931442,0.03821452334523201,True,298,9.937396634256303e-07,True,True,1.9260326999938115
553,0.17219968811821548,0.17210574684039115,0.18601321186724482,0.04138108715415001,0.002628009533509612,0.25,0.248779296875,0.0,-0.77182936668396,2.7227256298065186,-4.863005638122559,6.001970291137695,0.4299674332141876,3.1751160621643066,0.06809674948453903,0.10000000149011612,6.372025966644287,0.44771044590849607,0.44771044590849607,0.11291251331567764,0.38424569368362427,True,299,9.757221972430942e-07,True,True,1.9050452999945264
554,0.17207371989086523,0.17198401013396933,0.18589293771189883,0.04135948419570923,0.002417513635009527,0.2499999850988388,0.2490234375,1.4901161193847656e-08,-0.8386827707290649,2.7550511360168457,-4.872707366943359,6.003622055053711,0.4302121102809906,3.2084670066833496,0.06829126179218292,0.10000000149011612,6.372120380401611,0.24062859883735702,0.24062859883735702,0.07723220437765121,0.18292726576328278,True,299,9.383220270905122e-07,True,True,1.979863699991256
555,0.17190925046363495,0.1718227336269768,0.1857056361427201,0.04146338999271393,0.0022526723332703114,0.25,0.24951171875,0.0,-0.9651126265525818,2.781190872192383,-4.878315448760986,6.005478382110596,0.4304036796092987,3.2397453784942627,0.06845802813768387,0.10000000149011612,6.372122287750244,0.12442985230541384,0.12442985230541384,0.03745618462562561,0.11787842214107513,True,299,9.971901154022212e-07,True,True,1.9211360999906901
556,0.17196416350190197,0.17187852034081375,0.185748828580938,0.041534680873155594,0.0022054240107536316,0.25,0.24951171875,0.0,-1.0101373195648193,2.7707254886627197,-4.875424861907959,6.005767822265625,0.43045857548713684,3.2343826293945312,0.06837397068738937,0.10000000149011612,6.372058868408203,0.11395501616820974,0.11395501616820974,0.024512361735105515,0.10734730958938599,True,297,9.846187459363399e-07,True,True,1.920809500006726
557,0.17201905946133525,0.1719334814742008,0.18582562884949097,0.041617363691329956,0.002198031172156334,0.25,0.24951171875,0.0,-0.993493914604187,2.736351490020752,-4.865309715270996,6.005289554595947,0.4304671585559845,3.2040634155273438,0.0681195929646492,0.10000000149011612,6.37201452255249,0.08502419066295888,0.08502419066295888,0.02664390206336975,0.06767534464597702,True,298,9.659318052957341e-07,True,True,1.9402750000008382
558,0.1720779822086744,0.17199169644059764,0.1859059334055787,0.04168296977877617,0.0022301399149000645,0.25,0.2490234375,0.0,-0.9487125873565674,2.7081644535064697,-4.856037616729736,6.005451679229736,0.4304298460483551,3.1734044551849365,0.0679125115275383,0.10000000149011612,6.372018814086914,0.09590443783032582,0.09590443783032582,0.04535813629627228,0.06507622450590134,True,298,9.84930833255598e-07,True,True,1.9441007999994326
559,0.17201321804301362,0.171928049722328,0.18583601849198114,0.041668981313705444,0.0021749669685959816,0.25,0.2490234375,0.0,-0.8941556215286255,2.7030253410339355,-4.851661205291748,6.00670051574707,0.43049395084381104,3.1580159664154053,0.06785410642623901,0.10000000149011612,6.372110366821289,0.08433553504424003,0.08433553504424003,0.04063182324171066,0.0568767786026001,True,298,9.681147519890648e-07,True,True,1.9543133999977726
560,0.1718777831911398,0.17179440890879463,0.18568724797003217,0.041602108627557755,0.0020886086858808994,0.2499999701976776,0.249755859375,2.9802322387695312e-08,-0.8495845794677734,2.7170443534851074,-4.8518571853637695,6.009451389312744,0.43059420585632324,3.157831907272339,0.06792040169239044,0.10000000149011612,6.3722825050354,0.05404826664462997,0.05404826664462997,0.022458301857113838,0.03787454590201378,True,298,9.796789892421329e-07,True,True,1.9282512000063434
561,0.1717777523689213,0.17169496999888295,0.18556895748552016,0.04152039811015129,0.002063098596408963,0.25,0.250244140625,0.0,-0.7929469347000122,2.7348263263702393,-4.853175640106201,6.012234687805176,0.430623859167099,3.1596689224243164,0.06802110373973846,0.10000000149011612,6.372445583343506,0.06699960170977907,0.06699960170977907,0.015552019700407982,0.06221732869744301,True,298,9.976413035473057e-07,True,True,1.8981294999830425
562,0.17177199285174619,0.17168876934680055,0.18555951243535543,0.041394688189029694,0.002091440837830305,0.2499999850988388,0.25,1.4901161193847656e-08,-0.7098956108093262,2.7390692234039307,-4.8512372970581055,6.014260292053223,0.4305909276008606,3.148789644241333,0.06801500171422958,0.10000000149011612,6.37261962890625,0.07981874394324565,0.07981874394324565,0.042424775660037994,0.057373929768800735,True,299,9.488858453845942e-07,True,True,1.877208599995356
563,0.1718760452032195,0.17179089837000833,0.1856908825426048,0.041319333016872406,0.002191375009715557,0.25,0.2490234375,0.0,-0.5977054834365845,2.7218987941741943,-4.841491222381592,6.0148797035217285,0.4304748773574829,3.111833333969116,0.06801006197929382,0.10000000149011612,6.372710704803467,0.27139471065808585,0.27139471065808585,0.08157829940319061,0.20826826989650726,True,299,9.933020161153286e-07,True,True,1.8835266999958549
564,0.1716558845755696,0.1715738851572439,0.18544579549082993,0.04139304161071777,0.002030318835750222,0.2499999850988388,0.249267578125,1.4901161193847656e-08,-0.5897353887557983,2.6979939937591553,-4.831737995147705,6.015491008758545,0.4306618869304657,3.086313009262085,0.06774728000164032,0.10000000149011612,6.372659206390381,0.03801892165920613,0.03801892165920613,0.010309859178960323,0.03609791770577431,True,299,9.859811722640757e-07,True,True,1.8946043999749236
565,0.1717028229738006,0.17162199671830772,0.18550070411245181,0.041562519967556,0.001963186776265502,0.2499999701976776,0.249755859375,2.9802322387695312e-08,-0.5740581750869751,2.674206495285034,-4.821717262268066,6.0159478187561035,0.4307398200035095,3.060176134109497,0.06752137094736099,0.10000000149011612,6.372612476348877,0.05827728601577571,0.05827728601577571,0.024571016430854797,0.043532077223062515,True,298,9.835241769743325e-07,True,True,1.904006800003117
566,0.17172037960525782,0.17164032473258856,0.1855144678287464,0.0415956974029541,0.0019229587633162737,0.25,0.25,0.0,-0.5420089960098267,2.6628167629241943,-4.813656806945801,6.017338752746582,0.43078652024269104,3.03851318359375,0.06742929667234421,0.10000000149011612,6.372646808624268,0.07137872493244712,0.07137872493244712,0.029469363391399384,0.05154787376523018,True,298,9.851570710784701e-07,True,True,1.899343700002646
567,0.17165501839088687,0.17157538870562278,0.18544794039605925,0.04152211919426918,0.0019053783034905791,0.2499999850988388,0.25,1.4901161193847656e-08,-0.5084428787231445,2.6614441871643066,-4.81041955947876,6.018994331359863,0.4308069348335266,3.027433156967163,0.06740837544202805,0.10000000149011612,6.37272310256958,0.11219137723105749,0.11219137723105749,0.037675950676202774,0.08838503807783127,True,298,9.601242935777e-07,True,True,1.9059315999911632
568,0.17169160929399715,0.17161030346698303,0.18550786097396613,0.041541337966918945,0.0019882244523614645,0.2499999850988388,0.250244140625,1.4901161193847656e-08,-0.4395039677619934,2.6689746379852295,-4.807784080505371,6.021269798278809,0.4307107627391815,3.0150108337402344,0.06760730594396591,0.10000000149011612,6.372898578643799,0.3123254726743815,0.3123254726743815,0.06783688068389893,0.27503496408462524,True,299,9.87771423349965e-07,True,True,1.8981743000040296
569,0.17163712425622513,0.1715587489427941,0.18545620600908827,0.04138202592730522,0.0018496643751859665,0.25,0.25,0.0,-0.5079221725463867,2.6943962574005127,-4.816558361053467,6.024273872375488,0.4308715760707855,3.0433764457702637,0.06760378926992416,0.10000000149011612,6.372914791107178,0.169700898730726,0.169700898730726,0.04523870348930359,0.1587357372045517,True,298,9.968311202394051e-07,True,True,1.9145269000146072
570,0.17163623934608013,0.17155832482265368,0.185453504026426,0.04136988893151283,0.0018272317247465253,0.25,0.25,0.0,-0.49730560183525085,2.6931824684143066,-4.814671993255615,6.025186538696289,0.43089762330055237,3.035024642944336,0.06760062277317047,0.10000000149011612,6.372944355010986,0.16639883258596913,0.16639883258596913,0.04599712789058685,0.15588119626045227,True,298,9.912850225743438e-07,True,True,1.9176306999870576
571,0.17165438672533412,0.1715753865247235,0.18547452622755048,0.041584085673093796,0.0018708057468757033,0.25,0.25048828125,0.0,-0.4166601896286011,2.6661481857299805,-4.802624225616455,6.024260520935059,0.43084704875946045,2.9954278469085693,0.06757401674985886,0.10000000149011612,6.372918605804443,0.2237900167212712,0.2237900167212712,0.04707992076873779,0.1977410465478897,True,298,9.878937504774317e-07,True,True,1.9211559999966994
572,0.1715604241724629,0.17148364155288226,0.18535735660682368,0.041402895003557205,0.0017689862288534641,0.2499999850988388,0.24951171875,1.4901161193847656e-08,-0.4375954866409302,2.653719186782837,-4.799649238586426,6.0239715576171875,0.43096521496772766,2.986154317855835,0.06740914285182953,0.10000000149011612,6.372832775115967,0.03889603010023932,0.03889603010023932,0.016445964574813843,0.03467872738838196,True,297,9.63401499701022e-07,True,True,1.9074667999811936
573,0.17172066664056418,0.17164290014341038,0.18551161918571182,0.04158629849553108,0.0018090099329128861,0.2499999850988388,0.25048828125,1.4901161193847656e-08,-0.46934157609939575,2.6532349586486816,-4.800632953643799,6.024433612823486,0.43091875314712524,2.9888477325439453,0.06731565296649933,0.10000000149011612,6.372754096984863,0.1767180360920296,0.1767180360920296,0.05019761621952057,0.14410258829593658,True,298,9.821472124359626e-07,True,True,1.9101940000255127
574,0.17155604944525923,0.17147962060904767,0.18534593096757646,0.04140295833349228,0.0017512938939034939,0.25,0.24951171875,0.0,-0.45015984773635864,2.6513869762420654,-4.800901889801025,6.024413108825684,0.4309857487678528,2.9852964878082275,0.06736047565937042,0.10000000149011612,6.3727707862854,0.0319698868602501,0.0319698868602501,0.017927048727869987,0.02450084313750267,True,297,9.950120114368645e-07,True,True,1.9084042999893427
575,0.171630103879711,0.17155211619111743,0.18543590717129854,0.04159669205546379,0.0018195498269051313,0.2499999850988388,0.25048828125,1.4901161193847656e-08,-0.4331023097038269,2.663743495941162,-4.805068492889404,6.025111198425293,0.4309065341949463,2.98984432220459,0.06756007671356201,0.10000000149011612,6.372808933258057,0.19845873911744077,0.19845873911744077,0.04143088310956955,0.17679832875728607,True,298,9.830713848573485e-07,True,True,1.9213702999986708
576,0.17156911207876882,0.1714931782554068,0.18536852266193685,0.04134885221719742,0.0017292485572397709,0.25,0.249755859375,0.0,-0.5062255859375,2.6842281818389893,-4.816370964050293,6.026381015777588,0.4310113191604614,3.020782709121704,0.06756507605314255,0.10000000149011612,6.372771263122559,0.09881360984252006,0.09881360984252006,0.029755249619483948,0.0927162766456604,True,298,9.872668316070659e-07,True,True,1.9117691999999806
577,0.1716013645484892,0.17152460396679464,0.1854013439088195,0.04140918329358101,0.0017675699200481176,0.2499999850988388,0.249755859375,1.4901161193847656e-08,-0.5289673209190369,2.686551332473755,-4.818863868713379,6.026095390319824,0.430966854095459,3.026494264602661,0.06757175177335739,0.10000000149011612,6.372722148895264,0.21507612329629947,0.21507612329629947,0.04972423240542412,0.1951466053724289,True,298,9.868493708538875e-07,True,True,1.8980472999974154
578,0.17171328766866706,0.1716341233932332,0.18553302470990726,0.04165349155664444,0.0018755391938611865,0.25,0.24951171875,0.0,-0.4531780481338501,2.6716115474700928,-4.811880588531494,6.024452209472656,0.4308415651321411,3.000765800476074,0.06767489016056061,0.10000000149011612,6.3727288246154785,0.3407687471936539,0.3407687471936539,0.07505354285240173,0.300918310880661,True,299,9.89863305373524e-07,True,True,1.9263860000064597
579,0.17156535233825163,0.17148861455626502,0.18536384790156102,0.041429657489061356,0.0017654062248766422,0.25,0.24951171875,0.0,-0.5327291488647461,2.6763110160827637,-4.819245338439941,6.024641513824463,0.43096938729286194,3.0197246074676514,0.06754793226718903,0.10000000149011612,6.372638702392578,0.19311584988360372,0.19311584988360372,0.04717438668012619,0.166978120803833,True,298,9.738565261262149e-07,True,True,1.9029756999807432
580,0.17151950385160913,0.1714431603245454,0.18532054416165059,0.04136352613568306,0.001749000046402216,0.2499999701976776,0.249755859375,2.9802322387695312e-08,-0.5336651802062988,2.6740024089813232,-4.820408344268799,6.0242085456848145,0.4309884011745453,3.0210962295532227,0.06757216900587082,0.10000000149011612,6.37265157699585,0.012145863376347687,0.012145863376347687,0.006025512702763081,0.010058882646262646,True,298,9.940205062787033e-07,True,True,1.913875199999893
581,0.17154763490746452,0.1714697688207282,0.1853560415359962,0.04143288731575012,0.0018216599710285664,0.2499999701976776,0.249755859375,2.9802322387695312e-08,-0.5245022773742676,2.678417205810547,-4.822335243225098,6.0240325927734375,0.4309040904045105,3.02177095413208,0.06769294291734695,0.10000000149011612,6.372670650482178,0.14200233969426806,0.14200233969426806,0.03212413936853409,0.12835928797721863,True,298,9.898794766311002e-07,True,True,1.8989814999804366
582,0.1715580604680257,0.1714813641177865,0.18536134038019536,0.041405729949474335,0.0017645310144871473,0.25,0.249755859375,0.0,-0.5834214091300964,2.692979574203491,-4.829482555389404,6.024789810180664,0.43097037076950073,3.0469374656677246,0.06767959892749786,0.10000000149011612,6.372669696807861,0.1674495991654434,0.1674495991654434,0.03816184401512146,0.149274542927742,True,298,9.563543938163446e-07,True,True,1.8977267000009306
583,0.17153883139575377,0.17146162367770923,0.1853486377828896,0.04136833921074867,0.0017919689416885376,0.25,0.25,0.0,-0.5717881917953491,2.696337938308716,-4.831435680389404,6.024833679199219,0.4309385418891907,3.0503416061401367,0.06779118627309799,0.10000000149011612,6.372744083404541,0.0322722610629652,0.0322722610629652,0.01612727902829647,0.02077372744679451,True,298,9.91478583211799e-07,True,True,1.894171699997969
584,0.17157502525521115,0.17149598857795492,0.18538670599994092,0.04145847260951996,0.001878910232335329,0.2499999850988388,0.25,1.4901161193847656e-08,-0.5572071671485901,2.6948373317718506,-4.830567836761475,6.02467155456543,0.4308376610279083,3.046743631362915,0.06787198781967163,0.10000000149011612,6.3727898597717285,0.19669013168411073,0.19669013168411073,0.044374141842126846,0.17493407428264618,True,298,9.867522732433672e-07,True,True,1.905516600003466
585,0.17159217504770566,0.17151515601282077,0.1853888845406455,0.04143599793314934,0.0017791518475860357,0.2499999850988388,0.249755859375,1.4901161193847656e-08,-0.6216738224029541,2.708256244659424,-4.837195873260498,6.025542736053467,0.43095341324806213,3.069714307785034,0.067833311855793,0.10000000149011612,6.372784614562988,0.16640721475140316,0.16640721475140316,0.03813875466585159,0.1498395949602127,True,298,9.446189597273749e-07,True,True,1.8907350999943446
586,0.17155177903516997,0.1714753503866199,0.18534497184510068,0.041383564472198486,0.0017522542038932443,0.25,0.249755859375,0.0,-0.6277418732643127,2.703521966934204,-4.836946964263916,6.025372505187988,0.43098461627960205,3.0719475746154785,0.06778477132320404,0.10000000149011612,6.372826099395752,0.13232610244929366,0.13232610244929366,0.02903061918914318,0.12007233500480652,True,298,9.960427434255132e-07,True,True,1.891691999975592
587,0.17163608966527427,0.17155588896984153,0.18543260408878534,0.04154394939541817,0.00193283730186522,0.2499999850988388,0.250244140625,1.4901161193847656e-08,-0.559467613697052,2.6911139488220215,-4.831880569458008,6.02473783493042,0.43077507615089417,3.0522985458374023,0.06787309050559998,0.10000000149011612,6.372921943664551,0.27901486278984067,0.27901486278984067,0.06334282457828522,0.2513461709022522,True,298,9.987975835456962e-07,True,True,1.9070988000021316
588,0.17153240527412555,0.17145649529308715,0.18532213354486834,0.04133470728993416,0.0017287636874243617,0.25,0.249755859375,0.0,-0.6262218952178955,2.705730438232422,-4.837093353271484,6.025603294372559,0.4310118556022644,3.077569007873535,0.06783965975046158,0.10000000149011612,6.372923851013184,0.047381080035610645,0.047381080035610645,0.012274617329239845,0.04510639235377312,True,297,9.964718173826328e-07,True,True,1.9044143999926746
589,0.17163487723350068,0.1715576347836434,0.18542558079202479,0.04149731621146202,0.001787256682291627,0.25,0.25,0.0,-0.6598823070526123,2.7098820209503174,-4.839329719543457,6.026232719421387,0.4309439957141876,3.0875229835510254,0.06784363090991974,0.10000000149011612,6.3729400634765625,0.13250535516670664,0.13250535516670664,0.03261537104845047,0.11505933105945587,True,298,9.748410062530963e-07,True,True,1.9093667999841273
590,0.1715525116315425,0.17147624033180406,0.18534236118490185,0.04138169065117836,0.0017444804543629289,0.2499999850988388,0.249755859375,1.4901161193847656e-08,-0.6394795179367065,2.706348419189453,-4.83878231048584,6.026125431060791,0.4309936463832855,3.085496425628662,0.06783191859722137,0.10000000149011612,6.372999668121338,0.12490929959612285,0.12490929959612285,0.028204813599586487,0.11128497868776321,True,297,9.986505735300023e-07,True,True,1.944060800014995
591,0.17166768472250016,0.1715870100565201,0.1854681433862061,0.04155973717570305,0.001955746440216899,0.2499999850988388,0.25,1.4901161193847656e-08,-0.5617910027503967,2.696885347366333,-4.833918571472168,6.025857925415039,0.43074849247932434,3.065505027770996,0.06796704977750778,0.10000000149011612,6.373095989227295,0.30916248686557646,0.30916248686557646,0.06988409161567688,0.2775407135486603,True,299,9.895771022787028e-07,True,True,1.9245745000080206
592,0.17155300339843385,0.171477062753134,0.18535440317578314,0.041317522525787354,0.001731156138703227,0.25,0.25,0.0,-0.6360171437263489,2.714952230453491,-4.841441631317139,6.027151107788086,0.43100908398628235,3.0947132110595703,0.0679633691906929,0.10000000149011612,6.373110294342041,0.06179342000892819,0.06179342000892819,0.030225906521081924,0.05075353384017944,True,297,9.966341632633646e-07,True,True,1.9011659999960102
593,0.17168019593334177,0.17160258352117963,0.18547198141632618,0.04151991382241249,0.001804624916985631,0.2499999850988388,0.25,1.4901161193847656e-08,-0.6765732765197754,2.7155990600585938,-4.841266632080078,6.027381896972656,0.43092384934425354,3.1022753715515137,0.06791877001523972,0.10000000149011612,6.373047828674316,0.11895934920616973,0.11895934920616973,0.029608439654111862,0.1036502867937088,True,297,9.998385665932537e-07,True,True,1.907578200014541
594,0.17168528577992662,0.1716076297446151,0.18547425759302152,0.041542358696460724,0.0018056838307529688,0.2499999850988388,0.25,1.4901161193847656e-08,-0.668938934803009,2.7066588401794434,-4.838143825531006,6.0269670486450195,0.43092262744903564,3.0966546535491943,0.06788529455661774,0.10000000149011612,6.373044967651367,0.10709862391263658,0.10709862391263658,0.029846008867025375,0.088410384953022,True,297,9.831494183941145e-07,True,True,1.9061640999861993
595,0.17156072579602097,0.17148388649614846,0.18535525992716728,0.04140922799706459,0.0017715035937726498,0.2499999850988388,0.24951171875,1.4901161193847656e-08,-0.6253533959388733,2.699563980102539,-4.836236953735352,6.0265984535217285,0.43096229434013367,3.0869839191436768,0.0678638368844986,0.10000000149011612,6.373088836669922,0.13047909376035732,0.13047909376035732,0.03575965389609337,0.10960878431797028,True,297,9.79500201003105e-07,True,True,1.9102921999874525
596,0.1718868923456901,0.1718036014427924,0.18569822307793704,0.04163557291030884,0.0020827664993703365,0.25,0.2490234375,0.0,-0.5303710699081421,2.6941988468170166,-4.831470489501953,6.0262556076049805,0.43060100078582764,3.068688154220581,0.06805040687322617,0.10000000149011612,6.373200416564941,0.5275642490339457,0.5275642490339457,0.12093661725521088,0.4650331735610962,True,299,9.990723378449715e-07,True,True,1.9240631999855395
597,0.1716452525981005,0.17156768162886163,0.18544386851112726,0.041468799114227295,0.0018051085062325,0.25,0.249755859375,0.0,-0.6782750487327576,2.7243380546569824,-4.84383487701416,6.028266429901123,0.4309232831001282,3.1182162761688232,0.06803987920284271,0.10000000149011612,6.373143672943115,0.12825657936500695,0.12825657936500695,0.030563561245799065,0.11715205013751984,True,298,9.99700891678895e-07,True,True,1.8959911999991164
598,0.17185382308154795,0.17177406774643306,0.18564061709147597,0.04153136536478996,0.0019111984875053167,0.2499999850988388,0.249755859375,1.4901161193847656e-08,-0.7568957805633545,2.7395689487457275,-4.849316120147705,6.028956890106201,0.4308001697063446,3.141554594039917,0.06816793233156204,0.10000000149011612,6.373104095458984,0.1859234717898541,0.1859234717898541,0.04771268367767334,0.1723223775625229,True,297,9.868462820648694e-07,True,True,1.886532900010934
599,0.17179567144965402,0.17171661297386162,0.18559067157998568,0.04155685380101204,0.0018750810995697975,0.25,0.25,0.0,-0.7397122383117676,2.722468614578247,-4.844969749450684,6.02783203125,0.4308421015739441,3.128770112991333,0.06805693358182907,0.10000000149011612,6.373077869415283,0.13334029845677112,0.13334029845677112,0.03273255005478859,0.11720885336399078,True,297,9.998606844477493e-07,True,True,1.8937686999852303
600,0.17166744068629103,0.17158921542848454,0.1854603321791362,0.04154704138636589,0.001833910821005702,0.2499999850988388,0.25,1.4901161193847656e-08,-0.6700976490974426,2.6958529949188232,-4.83823299407959,6.025920391082764,0.4308898448944092,3.103741407394409,0.0678582489490509,0.10000000149011612,6.3730621337890625,0.08651102849118983,0.08651102849118983,0.03342992439866066,0.06298960000276566,True,298,9.880247280708848e-07,True,True,1.914283299993258
601,0.17162370404993396,0.1715422383120398,0.18541615341754372,0.04141584038734436,0.002002494875341654,0.25,0.24951171875,0.0,-0.5850692987442017,2.684210777282715,-4.832902908325195,6.0250563621521,0.43069419264793396,3.083291530609131,0.06794978678226471,0.10000000149011612,6.373141765594482,0.22087690538846577,0.22087690538846577,0.05793765187263489,0.20270989835262299,True,298,9.739500788429141e-07,True,True,1.9065209999971557
602,0.17156313197326928,0.17148314992257477,0.1853691517433437,0.04134836420416832,0.001931684324517846,0.2499999850988388,0.25,1.4901161193847656e-08,-0.6087603569030762,2.7047932147979736,-4.839842319488525,6.026212215423584,0.4307763874530792,3.1058058738708496,0.06809722632169724,0.10000000149011612,6.373195648193359,0.12899093354874938,0.12899093354874938,0.032906826585531235,0.11439962685108185,True,298,9.865535108593718e-07,True,True,1.8960736000153702
603,0.1716195375818051,0.1715416361700035,0.18542820518139025,0.04135666787624359,0.0018272371962666512,0.2499999850988388,0.25,1.4901161193847656e-08,-0.6893811225891113,2.7381982803344727,-4.848916530609131,6.028473377227783,0.43089762330055237,3.145979642868042,0.06819691509008408,0.10000000149011612,6.373212814331055,0.11139767307659701,0.11139767307659701,0.04684340953826904,0.09941109269857407,True,298,9.754251156478542e-07,True,True,1.9033115000056569
604,0.17165415935431277,0.17157585441301246,0.18545888673934627,0.04144512861967087,0.0018429906340315938,0.25,0.25,0.0,-0.707537055015564,2.734246253967285,-4.846775531768799,6.028543949127197,0.4308793544769287,3.1456658840179443,0.06817367672920227,0.10000000149011612,6.373160362243652,0.12775566816045048,0.12775566816045048,0.034352436661720276,0.11983232200145721,True,298,9.686324244142368e-07,True,True,1.8883423999941442
605,0.17161364690372213,0.17153545513022184,0.18541192250869418,0.041488464921712875,0.001835165428929031,0.2499999701976776,0.25,2.9802322387695312e-08,-0.6570806503295898,2.7066190242767334,-4.837441921234131,6.0272321701049805,0.43088841438293457,3.11747670173645,0.06801775097846985,0.10000000149011612,6.373109340667725,0.08633088921619644,0.08633088921619644,0.02436433546245098,0.07113133370876312,True,298,9.850046636454173e-07,True,True,1.8983586999820545
606,0.1715454478353476,0.17146693268383198,0.18534161610315364,0.04135507345199585,0.0018580039031803608,0.25,0.24951171875,0.0,-0.5950615406036377,2.682680606842041,-4.8290019035339355,6.026223182678223,0.4308619201183319,3.092811107635498,0.06788085401058197,0.10000000149011612,6.373113632202148,0.07270871866035435,0.07270871866035435,0.03173082321882248,0.056511808186769485,True,298,9.898367138935278e-07,True,True,1.9028497000108473
607,0.17180835427233915,0.17172434413975068,0.18560888627346514,0.041582461446523666,0.0021213835570961237,0.2499999850988388,0.2490234375,1.4901161193847656e-08,-0.5136939287185669,2.6756274700164795,-4.822482109069824,6.026346206665039,0.43055617809295654,3.072889804840088,0.0680077001452446,0.10000000149011612,6.373193740844727,0.4414951829696811,0.4414951829696811,0.10304827988147736,0.3938930034637451,True,299,9.949605373370536e-07,True,True,1.9141581000003498
608,0.17163054156254778,0.17155260346036205,0.1854243611042831,0.04149045795202255,0.0018223822116851807,0.25,0.25,0.0,-0.6450818777084351,2.7072792053222656,-4.832816123962402,6.028834342956543,0.43090322613716125,3.1190600395202637,0.06801104545593262,0.10000000149011612,6.373157978057861,0.09851101527974937,0.09851101527974937,0.02455274760723114,0.08604162186384201,True,298,9.553498386616682e-07,True,True,1.8948873000044841
609,0.17185694290650355,0.17177678955485393,0.18564330769561752,0.04151681065559387,0.001931827049702406,0.25,0.24951171875,0.0,-0.7193013429641724,2.7315292358398438,-4.839406967163086,6.031017780303955,0.4307762086391449,3.1465892791748047,0.06819326430559158,0.10000000149011612,6.373173713684082,0.18932384300344143,0.18932384300344143,0.05055421218276024,0.17640244960784912,True,298,9.875667479964225e-07,True,True,1.901672999985749
610,0.17181502444827537,0.17173544153822193,0.18560918680293398,0.04153093695640564,0.0019025986548513174,0.25,0.25,0.0,-0.6969937086105347,2.7196855545043945,-4.835829734802246,6.030704975128174,0.4308101534843445,3.1360526084899902,0.06812389194965363,0.10000000149011612,6.373170375823975,0.15932878100036166,0.15932878100036166,0.040597476065158844,0.14614394307136536,True,298,9.991786115771565e-07,True,True,1.9143454000004567
611,0.17164299036909456,0.17156506186279097,0.18544704285024968,0.04153410345315933,0.0018197201425209641,0.25,0.250244140625,0.0,-0.6047285795211792,2.6868228912353516,-4.8241047859191895,6.028914928436279,0.4309063255786896,3.1004581451416016,0.06789933145046234,0.10000000149011612,6.373170852661133,0.08902798630164609,0.08902798630164609,0.029120758175849915,0.06894739717245102,True,298,9.855553536881603e-07,True,True,1.9051342000020668
612,0.17162969824793223,0.1715484667814377,0.18542570890381033,0.041470348834991455,0.001988055882975459,0.2499999701976776,0.249755859375,2.9802322387695312e-08,-0.49368035793304443,2.664033889770508,-4.813732624053955,6.027633190155029,0.43071097135543823,3.065481424331665,0.06792716681957245,0.10000000149011612,6.373258113861084,0.2729290869364072,0.2729290869364072,0.06545808166265488,0.24852947890758514,True,298,9.960086359719065e-07,True,True,1.9014244000136387
613,0.17152470122483762,0.1714462937696019,0.18531967285462572,0.041345641016960144,0.0018530907109379768,0.2499999850988388,0.249755859375,1.4901161193847656e-08,-0.5256110429763794,2.6748533248901367,-4.818155765533447,6.028470516204834,0.43086761236190796,3.081963539123535,0.06795606017112732,0.10000000149011612,6.373276710510254,0.09888658805770839,0.09888658805770839,0.026924332603812218,0.09003347158432007,True,298,9.67340355413463e-07,True,True,1.901722599985078
614,0.1715680132858329,0.17149076605922212,0.1853557971834278,0.04142231121659279,0.0017912457697093487,0.25,0.249755859375,0.0,-0.5940379500389099,2.69912052154541,-4.826012134552002,6.030073642730713,0.43093937635421753,3.113621473312378,0.06800748407840729,0.10000000149011612,6.373289585113525,0.11630527570354318,0.11630527570354318,0.027622932568192482,0.10480644553899765,True,298,9.668510298540501e-07,True,True,1.8870029000099748
615,0.17158923257897377,0.17151198821338595,0.18538514090934718,0.04139091446995735,0.0017926725558936596,0.25,0.25,0.0,-0.5976231694221497,2.7116475105285645,-4.829449653625488,6.031357288360596,0.4309377372264862,3.122713804244995,0.06811954081058502,0.10000000149011612,6.373332500457764,0.13002937819847157,0.13002937819847157,0.03506576269865036,0.12212540954351425,True,298,9.762711162821267e-07,True,True,1.8860339999955613
616,0.17153790966858795,0.1714609124462091,0.1853434930727897,0.04130222648382187,0.0017847497947514057,0.2499999850988388,0.25,1.4901161193847656e-08,-0.5431981682777405,2.6988718509674072,-4.823924541473389,6.031017780303955,0.430946946144104,3.1052653789520264,0.06812459975481033,0.10000000149011612,6.373370170593262,0.08736524253912452,0.08736524253912452,0.03431756794452667,0.07989563792943954,True,298,9.82940046185544e-07,True,True,1.8989800999988802
617,0.1718241337058614,0.17174171796306173,0.18562380625228803,0.041607581079006195,0.0020404080860316753,0.25,0.2490234375,0.0,-0.4525879919528961,2.6645617485046387,-4.808371543884277,6.029296875,0.43065017461776733,3.064643383026123,0.06801546365022659,0.10000000149011612,6.373372554779053,0.48954988655562864,0.48954988655562864,0.1124991774559021,0.4333454668521881,True,299,9.71226638842567e-07,True,True,1.913819399982458
618,0.17174300308745805,0.17166433402650508,0.18553415576170548,0.041598375886678696,0.0018535342533141375,0.2499999850988388,0.25,1.4901161193847656e-08,-0.5766502022743225,2.6688663959503174,-4.8124542236328125,6.030035495758057,0.43086710572242737,3.086383819580078,0.06785412132740021,0.10000000149011612,6.373200416564941,0.10010204519186221,0.10010204519186221,0.037633057683706284,0.07217139005661011,True,298,9.94111678436966e-07,True,True,1.909331300004851
619,0.17200788678894302,0.1719263748676937,0.1858127666782808,0.04164481908082962,0.001993355108425021,0.2499999850988388,0.249755859375,1.4901161193847656e-08,-0.6729919910430908,2.6845951080322266,-4.818610668182373,6.030979156494141,0.43070483207702637,3.111754894256592,0.06797617673873901,0.10000000149011612,6.373153209686279,0.15177165032533846,0.15177165032533846,0.04668642580509186,0.12096262723207474,True,297,9.88982337353896e-07,True,True,1.8983658000070136
620,0.17204443051119805,0.17196233387304008,0.18585238504493656,0.04161801561713219,0.0020239311270415783,0.2499999850988388,0.249755859375,1.4901161193847656e-08,-0.7141202092170715,2.6997804641723633,-4.824217319488525,6.031530380249023,0.43066930770874023,3.132026433944702,0.06806208938360214,0.10000000149011612,6.373170852661133,0.18260832624197953,0.18260832624197953,0.048987314105033875,0.15618149936199188,True,296,9.964006349385767e-07,True,True,1.8932089000009
621,0.1718162427776974,0.17173661026540363,0.1856178178129584,0.04155652970075607,0.0019037991296499968,0.25,0.25,0.0,-0.671295166015625,2.7021431922912598,-4.8269572257995605,6.031249046325684,0.43080878257751465,3.130072832107544,0.0681275799870491,0.10000000149011612,6.373252868652344,0.1239847752420197,0.1239847752420197,0.03137285262346268,0.10800999402999878,True,297,9.765498920614413e-07,True,True,1.9041789000038989
622,0.1715533235696563,0.17147561524477314,0.1853402920693849,0.04141201823949814,0.0018148153321817517,0.2499999850988388,0.249755859375,1.4901161193847656e-08,-0.5924878716468811,2.694448471069336,-4.825519561767578,6.030210018157959,0.4309120178222656,3.1204097270965576,0.06806141138076782,0.10000000149011612,6.373366355895996,0.09357326994286964,0.09357326994286964,0.023432426154613495,0.08174175769090652,True,298,9.7014285061772e-07,True,True,1.886957499984419
623,0.17270580126308283,0.17261706213057418,0.1865431094104518,0.04166555404663086,0.002353678923100233,0.2499999850988388,0.2490234375,1.4901161193847656e-08,-0.46426883339881897,2.6885523796081543,-4.821810722351074,6.0291852951049805,0.4302862882614136,3.0953848361968994,0.06832695007324219,0.10000000149011612,6.373509883880615,1.379216733498582,0.9999992472858709,0.32697945833206177,1.1991262435913086,True,299,9.948251946142172e-07,True,True,1.8912889000202995
624,0.17197495588583117,0.17189342746620243,0.18577971735458124,0.04153060168027878,0.001999890897423029,0.2499999850988388,0.24951171875,1.4901161193847656e-08,-0.8067061901092529,2.736945867538452,-4.8443379402160645,6.030822277069092,0.4306972324848175,3.184211254119873,0.06834589689970016,0.10000000149011612,6.37327241897583,0.21405664871081045,0.21405664871081045,0.05382026731967926,0.20007668435573578,True,294,9.91185382448423e-07,True,True,1.8913808000215795
625,0.17300550283061736,0.1729074650326597,0.18685754466195306,0.04179960489273071,0.0028119096532464027,0.25,0.25,0.0,-0.9918478727340698,2.7478387355804443,-4.8480377197265625,6.030477046966553,0.42975351214408875,3.216606378555298,0.06840573251247406,0.10000000149011612,6.373034954071045,0.36813564422113626,0.36813564422113626,0.08942297101020813,0.3363136947154999,True,298,9.992635746344807e-07,True,True,1.9054963999951724
626,0.17318384466280787,0.17308129153733698,0.1870351411773666,0.042097195982933044,0.0030227964743971825,0.25,0.250244140625,0.0,-0.9991233348846436,2.697666645050049,-4.835391044616699,6.026829719543457,0.4295080602169037,3.187459945678711,0.06809317320585251,0.10000000149011612,6.372842788696289,0.29693181918086853,0.29693181918086853,0.1004115492105484,0.22981563210487366,True,298,9.922199858863022e-07,True,True,1.9190150999929756
627,0.17259280133926427,0.1724994860191748,0.18649159400373874,0.041897550225257874,0.0025708884932100773,0.25,0.24951171875,0.0,-0.9249563813209534,2.6628615856170654,-4.829914093017578,6.0233635902404785,0.4300338625907898,3.163048028945923,0.0679466500878334,0.10000000149011612,6.372859954833984,0.23208019896737453,0.23208019896737453,0.11008667200803757,0.1475231647491455,True,298,9.99966943869409e-07,True,True,1.9314443000184838
628,0.17195207385033884,0.17186676567666748,0.18574452796620575,0.041595906019210815,0.0021856133826076984,0.2499999701976776,0.249755859375,2.9802322387695312e-08,-0.8446531295776367,2.6947879791259766,-4.8445000648498535,6.023068428039551,0.43048155307769775,3.183438777923584,0.06817551702260971,0.10000000149011612,6.373116970062256,0.08122957819804036,0.08122957819804036,0.039920538663864136,0.060421690344810486,True,298,9.681489176337862e-07,True,True,1.901345799997216
629,0.17186504118250276,0.17177848915582117,0.18575077993477443,0.04137960821390152,0.002258620923385024,0.25,0.24951171875,0.0,-0.7728256583213806,2.7391481399536133,-4.859190940856934,6.024105072021484,0.43039676547050476,3.215520143508911,0.06849263608455658,0.10000000149011612,6.373391628265381,0.08621759322905069,0.08621759322905069,0.04107524827122688,0.057652659714221954,True,299,9.940487768446744e-07,True,True,1.9258062999870162
630,0.17309658334907904,0.17300353846643882,0.1872679599869438,0.04143185168504715,0.0025806515477597713,0.2499999850988388,0.249267578125,1.4901161193847656e-08,-0.7039923071861267,2.7663381099700928,-4.86713171005249,6.025866508483887,0.4300225079059601,3.229783773422241,0.06886322051286697,0.10000000149011612,6.373674392700195,0.8957161203935406,0.8957161203935406,0.25645169615745544,0.7312536239624023,True,300,9.845706152731454e-07,True,True,1.9178890000039246
631,0.17274272449918904,0.1726494176550663,0.18656086062526175,0.04157727211713791,0.0025864786002784967,0.2499999701976776,0.25048828125,2.9802322387695312e-08,-0.9804151654243469,2.814582347869873,-4.875474452972412,6.028863906860352,0.4300157129764557,3.2923059463500977,0.06897997111082077,0.10000000149011612,6.373577117919922,0.5376851229871689,0.5376851229871689,0.15889492630958557,0.5102680325508118,True,301,9.64857526043517e-07,True,True,1.9409193000174128
632,0.17229137466167604,0.17220348052279597,0.18611158295884378,0.041680995374917984,0.002310657175257802,0.2499999850988388,0.24951171875,1.4901161193847656e-08,-0.9325686097145081,2.701690673828125,-4.839280128479004,6.025257587432861,0.4303362965583801,3.2035834789276123,0.06823371350765228,0.10000000149011612,6.3732805252075195,0.15835123906105472,0.15835123906105472,0.03304818272590637,0.14186888933181763,True,298,9.670150223494048e-07,True,True,1.925238600000739
633,0.17358769214184716,0.1734747427751659,0.18768047808631352,0.0425921231508255,0.0035178621765226126,0.2499999850988388,0.249755859375,1.4901161193847656e-08,-0.8426481485366821,2.5616116523742676,-4.784356117248535,6.021341800689697,0.4289313852787018,3.0964395999908447,0.06735486537218094,0.10000000149011612,6.373048305511475,0.3875044674614732,0.3875044674614732,0.1996643841266632,0.260283887386322,True,299,9.811906402522737e-07,True,True,1.9497695000027306
634,0.1730094039492696,0.17290826667718737,0.1869741384536606,0.04225179925560951,0.002944273641332984,0.25,0.249755859375,0.0,-0.7870396375656128,2.593348503112793,-4.784364700317383,6.023757457733154,0.42959946393966675,3.1043529510498047,0.06755775213241577,0.10000000149011612,6.373219966888428,0.2618864365601144,0.2618864365601144,0.13011077046394348,0.16463568806648254,True,298,9.812132264531928e-07,True,True,1.9340167000191286
635,0.172196272972738,0.17211046694195795,0.18602216768200447,0.04163852334022522,0.002208375371992588,0.2499999701976776,0.25,2.9802322387695312e-08,-0.7753707766532898,2.6886465549468994,-4.816787242889404,6.02918004989624,0.43045511841773987,3.1703007221221924,0.06811588257551193,0.10000000149011612,6.373639106750488,0.1837801227664728,0.1837801227664728,0.044538870453834534,0.17039284110069275,True,298,9.725392981194294e-07,True,True,1.915910600015195
636,0.17210049506697309,0.17201469122293842,0.18588905717604026,0.04148229584097862,0.002216077409684658,0.2499999850988388,0.25,1.4901161193847656e-08,-0.6801974773406982,2.7264516353607178,-4.827004432678223,6.032197952270508,0.43044620752334595,3.1883554458618164,0.0683923289179802,0.10000000149011612,6.373963356018066,0.32585712818749907,0.32585712818749907,0.0966716855764389,0.3086821734905243,True,297,9.994046035739722e-07,True,True,1.8817109999945387
637,0.17202922938789988,0.17194279668226653,0.18600033321745907,0.04128643870353699,0.002257313346490264,0.25,0.249267578125,0.0,-0.4323989152908325,2.680976629257202,-4.805098056793213,6.030801773071289,0.43039828538894653,3.126006603240967,0.06817995011806488,0.10000000149011612,6.3741326332092285,0.2679665343237278,0.2679665343237278,0.09186035394668579,0.19467230141162872,True,299,9.55425739211218e-07,True,True,1.9402055999962613
638,0.17327958302414906,0.173181691525792,0.18742629322242585,0.04140967130661011,0.002824091352522373,0.25,0.248291015625,0.0,-0.2840542495250702,2.6346664428710938,-4.777648448944092,6.02872371673584,0.4297393560409546,3.061278820037842,0.06805869936943054,0.10000000149011612,6.374131202697754,1.2001000972274671,0.9999991229917522,0.27672314643859863,1.0397984981536865,True,299,9.831283782673136e-07,True,True,1.9296703000145499
639,0.17194435364733598,0.17186078982780836,0.18575157163476563,0.041583821177482605,0.0020989999175071716,0.25,0.249755859375,0.0,-0.5596009492874146,2.6530356407165527,-4.787023544311523,6.030703067779541,0.4305821657180786,3.1115639209747314,0.06795797497034073,0.10000000149011612,6.373790740966797,0.09203887255235559,0.09203887255235559,0.022607773542404175,0.08266706764698029,True,297,9.723144051314354e-07,True,True,1.9128129000018816
640,0.17319403536695416,0.1730918413985836,0.18697488261124628,0.04197356104850769,0.003011020366102457,0.25,0.250244140625,0.0,-0.7694967985153198,2.668088912963867,-4.787474632263184,6.0318450927734375,0.4295217990875244,3.1456103324890137,0.06794257462024689,0.10000000149011612,6.373482704162598,0.4446423667819793,0.4446423667819793,0.11506129801273346,0.40656036138534546,True,298,9.90935329934395e-07,True,True,1.9149434000137262
641,0.17363633288118727,0.1735231367428947,0.18741679977362,0.04261142387986183,0.0035292357206344604,0.25,0.25048828125,0.0,-0.7792709469795227,2.6124839782714844,-4.759801387786865,6.028597354888916,0.42891812324523926,3.1074862480163574,0.06758712232112885,0.10000000149011612,6.373183727264404,0.30961604054655056,0.30961604054655056,0.09668474644422531,0.25361746549606323,True,298,9.962552273798748e-07,True,True,1.926836300001014
642,0.17330023822889293,0.1731927515655067,0.18721501713515548,0.04257771745324135,0.0032454472966492176,0.2499999850988388,0.25,1.4901161193847656e-08,-0.6966020464897156,2.5477488040924072,-4.732483863830566,6.023801803588867,0.4292488396167755,3.053525686264038,0.06727274507284164,0.10000000149011612,6.372995853424072,0.2580751387112924,0.2580751387112924,0.11646968871355057,0.16593194007873535,True,299,9.902629723165343e-07,True,True,1.9547332000220194
643,0.17242695497619345,0.17233447400937216,0.18636151275930765,0.04196706414222717,0.0025256951339542866,0.25,0.248291015625,0.0,-0.6149925589561462,2.5546000003814697,-4.745285511016846,6.021499156951904,0.4300863742828369,3.051234483718872,0.06734781712293625,0.10000000149011612,6.373088359832764,0.12961573580540472,0.12961573580540472,0.06426650285720825,0.08684955537319183,True,299,9.943528703421449e-07,True,True,1.9161577000049874
644,0.172174739170622,0.17208142116087297,0.18599851295155329,0.04173187538981438,0.0025793067179620266,0.25,0.2490234375,0.0,-0.5431684255599976,2.5944790840148926,-4.77457857131958,6.021444320678711,0.43002405762672424,3.074398994445801,0.06765784323215485,0.10000000149011612,6.373311996459961,0.15202017918901242,0.15202017918901242,0.06334328651428223,0.13615866005420685,True,299,9.712116749498686e-07,True,True,1.9086188999935985
645,0.1721763744133831,0.17208345825069854,0.1860577957670593,0.041445810347795486,0.0025735176168382168,0.25,0.2490234375,0.0,-0.5275888442993164,2.6640684604644775,-4.810207366943359,6.024717330932617,0.43003079295158386,3.1291489601135254,0.0681002214550972,0.10000000149011612,6.373621463775635,0.22241473359596398,0.22241473359596398,0.0605827271938324,0.1966855376958847,True,299,9.635068842744581e-07,True,True,1.9303945999999996
646,0.1730296462954897,0.17293581390138152,0.187062577957554,0.041455287486314774,0.002618855331093073,0.2499999850988388,0.25,1.4901161193847656e-08,-0.6009228229522705,2.7465085983276367,-4.8418869972229,6.0298590660095215,0.42997804284095764,3.201655864715576,0.06862503290176392,0.10000000149011612,6.373954772949219,0.3179499428589805,0.3179499428589805,0.15105994045734406,0.19012215733528137,True,300,9.996973086299961e-07,True,True,1.925278899987461
647,0.17278708217822808,0.17269026513368685,0.1865804466789832,0.04151914268732071,0.0027648950926959515,0.25,0.25048828125,0.0,-0.67173171043396,2.760960578918457,-4.847477912902832,6.031259059906006,0.42980822920799255,3.217137575149536,0.0686679407954216,0.10000000149011612,6.3740339279174805,0.3282995422631818,0.3282995422631818,0.1361321061849594,0.29193490743637085,True,301,9.949349913891104e-07,True,True,1.9535169000155292
648,0.17192020071303946,0.17183097205503386,0.18576506418865305,0.04142317175865173,0.0023902743123471737,0.2499999701976776,0.24951171875,2.9802322387695312e-08,-0.5672948360443115,2.672738552093506,-4.8153605461120605,6.027566909790039,0.4302438199520111,3.129626512527466,0.06811696290969849,0.10000000149011612,6.373875141143799,0.0356536289819698,0.0356536289819698,0.01351135689765215,0.031545139849185944,True,299,9.960543191021016e-07,True,True,1.9161507999815512
649,0.17213315449402986,0.1720402830609059,0.18591576915269928,0.04165050759911537,0.002561046276241541,0.25,0.2490234375,0.0,-0.4905875623226166,2.5932419300079346,-4.780824184417725,6.02472448348999,0.43004530668258667,3.051887035369873,0.06758687645196915,0.10000000149011612,6.373767375946045,0.10949445155445768,0.10949445155445768,0.05206301808357239,0.09510454535484314,True,299,9.814467005296764e-07,True,True,1.9371587000205182
650,0.17227304938009924,0.17218137306108122,0.18609469738794723,0.041825369000434875,0.0024925475008785725,0.25,0.24951171875,0.0,-0.44741296768188477,2.551241874694824,-4.754103183746338,6.024288654327393,0.4301248788833618,3.001518964767456,0.06732585281133652,0.10000000149011612,6.373717784881592,0.07415714120425462,0.07415714120425462,0.038624152541160583,0.056402795016765594,True,299,9.92940492662365e-07,True,True,1.9366240000235848
651,0.1723301488052154,0.17223943417268192,0.18616969831223779,0.04193603992462158,0.002438929630443454,0.25,0.24951171875,0.0,-0.41520053148269653,2.5315492153167725,-4.731958866119385,6.025600910186768,0.43018725514411926,2.9711320400238037,0.06718422472476959,0.10000000149011612,6.373724460601807,0.08528602362008135,0.08528602362008135,0.04241357371211052,0.058643490076065063,True,299,9.995472497897745e-07,True,True,1.9324591000040527
652,0.17230067183342604,0.17221096353032467,0.18610820505813933,0.04193131998181343,0.0023888491559773684,0.25,0.249755859375,0.0,-0.3712431788444519,2.5346643924713135,-4.726338863372803,6.028195858001709,0.43024542927742004,2.957522392272949,0.06717535108327866,0.10000000149011612,6.373782634735107,0.0846664701950718,0.0846664701950718,0.04209917411208153,0.05483505129814148,True,299,9.810460211311694e-07,True,True,1.912483299995074
653,0.17215234427926224,0.17206489850235265,0.18593696486450131,0.041816242039203644,0.002281476743519306,0.25,0.2490234375,0.0,-0.3360028862953186,2.5543839931488037,-4.726237773895264,6.031581878662109,0.4303702712059021,2.9600231647491455,0.06728174537420273,0.10000000149011612,6.373929023742676,0.09624121732079453,0.09624121732079453,0.05300165340304375,0.062350716441869736,True,299,9.639042492953048e-07,True,True,1.913059099984821
654,0.17195293138560133,0.17186921782244222,0.18580307019240058,0.041664618998765945,0.002102447208017111,0.25,0.24951171875,0.0,-0.30881375074386597,2.5964393615722656,-4.743358135223389,6.036060333251953,0.4305781424045563,2.9826202392578125,0.06752704083919525,0.10000000149011612,6.374105930328369,0.06030264959292761,0.06030264959292761,0.02420405112206936,0.0458664633333683,True,298,9.933415328768358e-07,True,True,1.9434070000133943
655,0.17185028300933822,0.17176617089785917,0.18574399059144867,0.041539400815963745,0.0021286355331540108,0.2499999850988388,0.250244140625,1.4901161193847656e-08,-0.27501314878463745,2.6315441131591797,-4.754578590393066,6.039661884307861,0.4305477440357208,3.001047134399414,0.0677386149764061,0.10000000149011612,6.37427282333374,0.08369682378020632,0.08369682378020632,0.02925245650112629,0.07469106465578079,True,298,9.997153130286773e-07,True,True,1.926156200002879
656,0.17183360696239833,0.1717494384183592,0.18575394141002152,0.041405871510505676,0.0021381336264312267,0.25,0.249755859375,0.0,-0.22610916197299957,2.651613712310791,-4.7581706047058105,6.041781902313232,0.4305367171764374,3.006662368774414,0.06786026060581207,0.10000000149011612,6.374382972717285,0.13821135149497973,0.13821135149497973,0.05722822993993759,0.12410276383161545,True,299,9.98318908292514e-07,True,True,1.9459654000238515
657,0.17236235663444285,0.17227679300271456,0.18632592011796575,0.04149150103330612,0.0022036065347492695,0.25,0.2490234375,0.0,-0.13524803519248962,2.6401443481445312,-4.745489597320557,6.041281700134277,0.430460661649704,2.9775729179382324,0.06800882518291473,0.10000000149011612,6.374380111694336,0.968187998797268,0.968187998797268,0.2191653996706009,0.8299488425254822,True,299,9.870992746704577e-07,True,True,1.9311340000131167
658,0.17227819589536367,0.1721905459967601,0.1861174125956001,0.041566576808691025,0.0023041660897433758,0.25,0.25,0.0,-0.385925829410553,2.664973735809326,-4.767617702484131,6.0425825119018555,0.4303438365459442,3.0273115634918213,0.06794872879981995,0.10000000149011612,6.3740034103393555,0.32014280611205775,0.32014280611205775,0.10085107386112213,0.29944586753845215,True,297,9.932335742666895e-07,True,True,1.9232766999921296
659,0.17268282805891033,0.1725908495927721,0.18646825591268565,0.041835881769657135,0.002507129218429327,0.25,0.25048828125,0.0,-0.5050146579742432,2.632615089416504,-4.7549848556518555,6.039106845855713,0.430107980966568,3.015565872192383,0.06768124550580978,0.10000000149011612,6.373510837554932,0.33159764946921555,0.33159764946921555,0.0864991769194603,0.29438310861587524,True,298,9.722092262148973e-07,True,True,1.9231134000001475
660,0.17298492854264697,0.17288662413125058,0.18677665187800044,0.0422690324485302,0.002801768947392702,0.2499999850988388,0.250244140625,1.4901161193847656e-08,-0.5013972520828247,2.5675241947174072,-4.714582443237305,6.033148288726807,0.42976534366607666,2.9634289741516113,0.06730815768241882,0.10000000149011612,6.373087406158447,0.2683530778947079,0.2683530778947079,0.10354229807853699,0.18755650520324707,True,300,9.520193071206707e-07,True,True,1.9511937000206672
661,0.17268529675545494,0.17259003457164715,0.1865426451003376,0.042201556265354156,0.002653031377121806,0.25,0.2490234375,0.0,-0.4642369747161865,2.5362534523010254,-4.704520225524902,6.028632640838623,0.42993831634521484,2.939100980758667,0.06713378429412842,0.10000000149011612,6.372939109802246,0.22721890392962152,0.22721890392962152,0.11021076887845993,0.1494930386543274,True,298,9.879139139335142e-07,True,True,1.9348538000194822
662,0.17231208325312936,0.17222180528515482,0.18618424308578266,0.04207314923405647,0.002410240937024355,0.25,0.24951171875,0.0,-0.4414604604244232,2.571225166320801,-4.744143962860107,6.027978420257568,0.4302205741405487,2.9694809913635254,0.06740713119506836,0.10000000149011612,6.373096466064453,0.254487823799542,0.254487823799542,0.11540693044662476,0.2182968258857727,True,299,9.814111801909654e-07,True,True,1.9195339000143576
663,0.171797635120333,0.1717137537067689,0.18566285283049172,0.041563522070646286,0.0021158945746719837,0.25,0.249755859375,0.0,-0.4871103763580322,2.6597847938537598,-4.796534061431885,6.032610893249512,0.4305625557899475,3.05582594871521,0.06794960796833038,0.10000000149011612,6.373593807220459,0.03810223397371474,0.03810223397371474,0.018959922716021538,0.03085058555006981,True,298,9.997819654364264e-07,True,True,1.9046779999916907
664,0.17230068814212804,0.17221140728256082,0.18612525209837197,0.04143831133842468,0.002392127411440015,0.25,0.250244140625,0.0,-0.5391018390655518,2.7420432567596436,-4.830277442932129,6.0374755859375,0.4302416145801544,3.135935068130493,0.06851200759410858,0.10000000149011612,6.374091148376465,0.22407364043729092,0.22407364043729092,0.10416770726442337,0.18810264766216278,True,299,9.860359297454203e-07,True,True,1.9210528999974485
665,0.1727223994777267,0.17262970386433502,0.18651463081583866,0.041437700390815735,0.0025628956500440836,0.2499999850988388,0.25048828125,1.4901161193847656e-08,-0.48504871129989624,2.7481582164764404,-4.832559585571289,6.038060665130615,0.43004313111305237,3.1362221240997314,0.06865257024765015,0.10000000149011612,6.3743815422058105,0.2720599042549496,0.2720599042549496,0.12447604537010193,0.1689932495355606,True,300,9.98695074246793e-07,True,True,1.9265007999783847
666,0.1719951648469394,0.17190935122588033,0.1858265817660201,0.041325636208057404,0.0022243992425501347,0.2499999850988388,0.25,1.4901161193847656e-08,-0.4558250606060028,2.710319995880127,-4.818752765655518,6.036147117614746,0.43043649196624756,3.1023714542388916,0.0683477595448494,0.10000000149011612,6.374417304992676,0.21089525510301013,0.21089525510301013,0.10010571032762527,0.13462509214878082,True,299,9.386074870479073e-07,True,True,1.9039281999866944
667,0.1718423281114184,0.17175674223970702,0.18564194321015648,0.04156503826379776,0.0022010416723787785,0.2499999850988388,0.24951171875,1.4901161193847656e-08,-0.4337127208709717,2.633192777633667,-4.786870956420898,6.032313346862793,0.43046364188194275,3.0341076850891113,0.06783005595207214,0.10000000149011612,6.374247074127197,0.0639090659956039,0.0639090659956039,0.03195400536060333,0.053141552954912186,True,299,9.946392236137218e-07,True,True,1.899775600002613
668,0.1721673845523017,0.17207886991696233,0.18601943774691812,0.04181189090013504,0.0023351372219622135,0.25,0.2490234375,0.0,-0.43375468254089355,2.5753543376922607,-4.757514953613281,6.030007839202881,0.4303078353404999,2.9858946800231934,0.06747586280107498,0.10000000149011612,6.374139785766602,0.08174077009185308,0.08174077009185308,0.04403019696474075,0.05838257819414139,True,299,9.67803381763733e-07,True,True,1.9303719000017736
669,0.17243202586929476,0.1723403683387784,0.18633453490497162,0.042060691863298416,0.002479841932654381,0.2499999850988388,0.249267578125,1.4901161193847656e-08,-0.4445230960845947,2.5390260219573975,-4.734120845794678,6.0294647216796875,0.4301396906375885,2.959383010864258,0.06722057610750198,0.10000000149011612,6.3740949630737305,0.11074621688864944,0.11074621688864944,0.05512969195842743,0.07245143502950668,True,298,9.969694071859233e-07,True,True,1.9396981000027154
670,0.1725274489117893,0.1724343710584673,0.18642868218670766,0.0421404130756855,0.0025468720123171806,0.2499999850988388,0.249267578125,1.4901161193847656e-08,-0.4459652602672577,2.5386643409729004,-4.727242469787598,6.030762672424316,0.4300617575645447,2.956494092941284,0.067209891974926,0.10000000149011612,6.374156951904297,0.13377598281234934,0.13377598281234934,0.06733785569667816,0.08517663180828094,True,298,9.988754634939597e-07,True,True,1.9190835000190418
671,0.1723516005488058,0.17226158066149255,0.18622478262172026,0.04194428026676178,0.0024037803523242474,0.2499999850988388,0.249267578125,1.4901161193847656e-08,-0.4438543915748596,2.5729317665100098,-4.744166851043701,6.033779144287109,0.4302281141281128,2.9812774658203125,0.06741249561309814,0.10000000149011612,6.374310493469238,0.0928359604576211,0.0928359604576211,0.04578486084938049,0.05689166113734245,True,299,9.810991274307249e-07,True,True,1.914047500002198
672,0.17211166977493705,0.17202556282638254,0.18590887994689606,0.04170824959874153,0.0022199349477887154,0.25,0.249267578125,0.0,-0.44247007369995117,2.6201844215393066,-4.7677998542785645,6.037243843078613,0.4304417073726654,3.0176594257354736,0.0677163302898407,0.10000000149011612,6.37451696395874,0.07812684149731033,0.07812684149731033,0.028049126267433167,0.06066412851214409,True,298,9.946618441368996e-07,True,True,1.923007699981099
673,0.1719826656507572,0.17189755427299644,0.18580806988900364,0.041545383632183075,0.002178299706429243,0.2499999701976776,0.2490234375,2.9802322387695312e-08,-0.4230046272277832,2.660109281539917,-4.784621715545654,6.04006290435791,0.43049007654190063,3.0469510555267334,0.0679565966129303,0.10000000149011612,6.374692916870117,0.12219573296658906,0.12219573296658906,0.03168708086013794,0.11122302711009979,True,298,9.685680943590384e-07,True,True,1.898518799978774
674,0.17181132949125022,0.17172698231395334,0.18565919704914527,0.04142268747091293,0.0021462244912981987,0.2499999850988388,0.24951171875,1.4901161193847656e-08,-0.3608258366584778,2.680569887161255,-4.79078483581543,6.041536808013916,0.43052729964256287,3.0554840564727783,0.06809313595294952,0.10000000149011612,6.374847412109375,0.1442955943758876,0.1442955943758876,0.044977735728025436,0.13496583700180054,True,298,9.83093781284513e-07,True,True,1.9106197000073735
675,0.1720773430092069,0.17198881134184027,0.1859519736778689,0.04137223958969116,0.002357971388846636,0.25,0.2490234375,0.0,-0.24633970856666565,2.671231508255005,-4.781002044677734,6.040798187255859,0.4302813410758972,3.0302040576934814,0.06824143975973129,0.10000000149011612,6.374905586242676,0.6843399706799898,0.6843399706799898,0.15332432091236115,0.5903429388999939,True,299,9.70902874583902e-07,True,True,1.9058572000067215
676,0.17187001378852687,0.1717860033830609,0.18574061050540147,0.04141540825366974,0.002129749860614538,0.2499999850988388,0.250244140625,1.4901161193847656e-08,-0.39981746673583984,2.6972837448120117,-4.799396514892578,6.041947841644287,0.43054646253585815,3.07232928276062,0.06823111325502396,0.10000000149011612,6.374706745147705,0.2222345925851578,0.2222345925851578,0.07339799404144287,0.20823688805103302,True,298,9.962550704814706e-07,True,True,1.9132575999828987
677,0.17183811996111714,0.1717563008980646,0.18569693815268717,0.041503049433231354,0.002015800680965185,0.25,0.249755859375,0.0,-0.44556358456611633,2.6736271381378174,-4.793758869171143,6.03972864151001,0.43067875504493713,3.058168411254883,0.06806663423776627,0.10000000149011612,6.374404430389404,0.14408872795871921,0.14408872795871921,0.039283834397792816,0.13489408791065216,True,297,9.836538477412684e-07,True,True,1.92570930000511
678,0.17186362551451076,0.1717817598182743,0.18569072635473008,0.04162329435348511,0.002012120094150305,0.25,0.24951171875,0.0,-0.42804813385009766,2.6265687942504883,-4.773124694824219,6.035928249359131,0.43068304657936096,3.016329288482666,0.06779132038354874,0.10000000149011612,6.374112129211426,0.05440953896572528,0.05440953896572528,0.02226407080888748,0.03793375566601753,True,298,9.7944681729738e-07,True,True,1.883222200005548
679,0.17194393322103563,0.17186005584382358,0.18574145783933782,0.04172912612557411,0.0021074125543236732,0.2499999850988388,0.24951171875,1.4901161193847656e-08,-0.4028368592262268,2.5916924476623535,-4.753012657165527,6.032897472381592,0.43057239055633545,2.9818248748779297,0.06758978962898254,0.10000000149011612,6.373868465423584,0.061968695596378805,0.061968695596378805,0.03153320029377937,0.042803142219781876,True,299,9.994066588546244e-07,True,True,1.9147197999991477
680,0.17202659102191317,0.17194028511491705,0.1858237658931661,0.04181969165802002,0.002224310766905546,0.25,0.249755859375,0.0,-0.3836590647697449,2.574538469314575,-4.744953155517578,6.031351566314697,0.4304366111755371,2.963813066482544,0.0674823671579361,0.10000000149011612,6.373720645904541,0.10632349112968384,0.10632349112968384,0.05140763893723488,0.0860450491309166,True,299,9.90996306374949e-07,True,True,1.909899200021755
681,0.17196866623364357,0.17188339225068658,0.185797553443203,0.041785549372434616,0.0021744216792285442,0.2499999850988388,0.24951171875,1.4901161193847656e-08,-0.3875255286693573,2.5873241424560547,-4.750826835632324,6.0320892333984375,0.4304945468902588,2.9742753505706787,0.06755971163511276,0.10000000149011612,6.373715877532959,0.09438419764907487,0.09438419764907487,0.04416368156671524,0.07834189385175705,True,299,9.89671567752241e-07,True,True,1.8863260000071023
682,0.17181763785528292,0.17173522918215295,0.1856555548653448,0.041642751544713974,0.002038296079263091,0.2499999850988388,0.249755859375,1.4901161193847656e-08,-0.40980905294418335,2.6217212677001953,-4.7699079513549805,6.034792423248291,0.4306526184082031,3.00476336479187,0.06776995956897736,0.10000000149011612,6.3738508224487305,0.055661452855582286,0.055661452855582286,0.02732766419649124,0.041785500943660736,True,298,9.769882021033597e-07,True,True,1.873344299994642
683,0.17176752164193043,0.17168616281334856,0.18562216664007672,0.041514795273542404,0.00199220166541636,0.25,0.250244140625,0.0,-0.44172853231430054,2.6653454303741455,-4.789660453796387,6.038318634033203,0.4307061433792114,3.0450685024261475,0.06805622577667236,0.10000000149011612,6.374044895172119,0.09283021675863974,0.09283021675863974,0.02898319810628891,0.08660618960857391,True,298,9.977091264468673e-07,True,True,1.891540199983865
684,0.17184281852668543,0.17176002166061122,0.18569520601505488,0.04145395755767822,0.002067145425826311,0.25,0.25,0.0,-0.43305307626724243,2.6875782012939453,-4.797595977783203,6.040218353271484,0.43061915040016174,3.06204891204834,0.0682029277086258,0.10000000149011612,6.374194622039795,0.15698107858349694,0.15698107858349694,0.05711286887526512,0.14553803205490112,True,299,9.683382589029903e-07,True,True,1.894948100001784
685,0.1716917564148002,0.17161072707883201,0.18552976074029873,0.04138115048408508,0.0019824092742055655,0.2499999850988388,0.249755859375,1.4901161193847656e-08,-0.3490428924560547,2.671581506729126,-4.786159515380859,6.039674758911133,0.4307175278663635,3.0353899002075195,0.06812164932489395,0.10000000149011612,6.374289035797119,0.09144181695779925,0.09144181695779925,0.03740556538105011,0.08258285373449326,True,299,9.594969325956407e-07,True,True,1.895429400028661
686,0.17183579080879685,0.17175066643908615,0.18563429402315457,0.04142660275101662,0.0021848883479833603,0.25,0.249267578125,0.0,-0.24061033129692078,2.636747121810913,-4.762384414672852,6.037974834442139,0.430482417345047,2.988848924636841,0.06804654747247696,0.10000000149011612,6.374346733093262,0.5335800159719725,0.5335800159719725,0.11775016784667969,0.46823135018348694,True,299,9.427011454641946e-07,True,True,1.9151746999996249
687,0.1716756364324981,0.17159500793497207,0.18549623261604262,0.041536204516887665,0.0019546146504580975,0.2499999850988388,0.25,1.4901161193847656e-08,-0.33959487080574036,2.6379358768463135,-4.766904830932617,6.03859281539917,0.4307498037815094,3.0028321743011475,0.06789924949407578,0.10000000149011612,6.374263286590576,0.041978656595555185,0.041978656595555185,0.016010720282793045,0.03152422979474068,True,298,9.891958808249032e-07,True,True,1.8929455000034068
688,0.17181839750380568,0.17173813568287843,0.18563529122547984,0.041590504348278046,0.001933565828949213,0.25,0.250244140625,0.0,-0.4218078851699829,2.6456973552703857,-4.773836135864258,6.039510726928711,0.4307742118835449,3.0184834003448486,0.06793564558029175,0.10000000149011612,6.374233722686768,0.08229728183860416,0.08229728183860416,0.02203977108001709,0.07001873105764389,True,297,9.891507991458764e-07,True,True,1.893860499985749
689,0.17196330275095234,0.1718818860956205,0.18577297981883145,0.041628170758485794,0.001989424228668213,0.2499999850988388,0.25048828125,1.4901161193847656e-08,-0.4778851270675659,2.6472420692443848,-4.777446746826172,6.039882659912109,0.4307093918323517,3.02947735786438,0.06791242212057114,0.10000000149011612,6.374203681945801,0.12593658481835707,0.12593658481835707,0.031579963862895966,0.11106526851654053,True,296,9.99024702234509e-07,True,True,1.8984248999913689
690,0.17197521483474643,0.17189370565437945,0.18578591286874307,0.04165380820631981,0.001992768608033657,0.2499999850988388,0.25,1.4901161193847656e-08,-0.47578442096710205,2.6395857334136963,-4.773275375366211,6.03928804397583,0.4307054877281189,3.0222527980804443,0.06787970662117004,0.10000000149011612,6.374210357666016,0.10992668499238073,0.10992668499238073,0.030409010127186775,0.09113819897174835,True,297,9.831461918096632e-07,True,True,1.90882879999117
691,0.1718850374252353,0.17180447646070313,0.18569905421976268,0.04165155068039894,0.001945470692589879,0.25,0.25,0.0,-0.4396989345550537,2.629901885986328,-4.769291400909424,6.038382530212402,0.43076038360595703,3.009171485900879,0.06783781200647354,0.10000000149011612,6.374239921569824,0.07594498783772682,0.07594498783772682,0.02731051854789257,0.05545103922486305,True,298,9.898143217397393e-07,True,True,1.8928731000050902
692,0.171771429057385,0.17169102189658506,0.1855881064725912,0.041614774614572525,0.0019396193092688918,0.2499999701976776,0.249755859375,2.9802322387695312e-08,-0.39712846279144287,2.626805305480957,-4.77106237411499,6.037558078765869,0.4307672083377838,3.0022082328796387,0.06782301515340805,0.10000000149011612,6.374307632446289,0.04962394288833681,0.04962394288833681,0.02413896657526493,0.03148690611124039,True,298,9.84956198168535e-07,True,True,1.9049974999797996
693,0.17164694007346656,0.17156609384017316,0.1854766590094381,0.04151691868901253,0.0019664657302200794,0.2499999850988388,0.250244140625,1.4901161193847656e-08,-0.3549848794937134,2.6341476440429688,-4.774186611175537,6.037573337554932,0.4307360351085663,3.0047192573547363,0.06787043064832687,0.10000000149011612,6.374406337738037,0.06554765177137957,0.06554765177137957,0.030491353943943977,0.04778154194355011,True,298,9.95551226092777e-07,True,True,1.8731046000029892
694,0.17164901274569064,0.17156634212225408,0.18550642013249358,0.04134462773799896,0.0020662997849285603,0.2499999850988388,0.249267578125,1.4901161193847656e-08,-0.319760799407959,2.6555964946746826,-4.7823100090026855,6.038658142089844,0.43062010407447815,3.0158588886260986,0.0681823194026947,0.10000000149011612,6.374576568603516,0.2922753723105132,0.2922753723105132,0.06670565903186798,0.2551669776439667,True,299,9.533648531151511e-07,True,True,1.8989543999778107
695,0.171753149340294,0.1716717540271503,0.18562485428473627,0.04130198806524277,0.00200466625392437,0.25,0.25,0.0,-0.3952624499797821,2.6893880367279053,-4.8006439208984375,6.040802001953125,0.4306916892528534,3.0573947429656982,0.06830757111310959,0.10000000149011612,6.374648094177246,0.13920199585464535,0.13920199585464535,0.07679124176502228,0.10254736244678497,True,299,9.931872111917727e-07,True,True,1.9122884000244085
696,0.17159058128647464,0.1715114823866259,0.18545440989834297,0.04137789085507393,0.0018860504496842623,0.25,0.249755859375,0.0,-0.41968393325805664,2.6787757873535156,-4.797028541564941,6.040339946746826,0.43082934617996216,3.051640033721924,0.0681629627943039,0.10000000149011612,6.37459135055542,0.0918967928207313,0.0918967928207313,0.026521755382418633,0.08670070022344589,True,298,9.979822566313998e-07,True,True,1.916088400001172
697,0.1716083570340628,0.1715285771255361,0.1854537724370582,0.041481081396341324,0.0019149413565173745,0.25,0.250244140625,0.0,-0.397418737411499,2.6547536849975586,-4.786769390106201,6.0389533042907715,0.4307958483695984,3.025118827819824,0.06801452487707138,0.10000000149011612,6.374507427215576,0.05888392683775142,0.05888392683775142,0.021921329200267792,0.04530371353030205,True,298,9.965036193134278e-07,True,True,1.879929999995511
698,0.17163917648564117,0.17155857339086966,0.18547226567296268,0.04150983318686485,0.0019546630792319775,0.2499999850988388,0.25,1.4901161193847656e-08,-0.3706638216972351,2.634683847427368,-4.774681091308594,6.038261413574219,0.43074971437454224,3.0054545402526855,0.0678507462143898,0.10000000149011612,6.374504089355469,0.07625855043893168,0.07625855043893168,0.03545624017715454,0.055244456976652145,True,298,9.974797092270046e-07,True,True,1.8641269000072498
699,0.17153835397791434,0.17145860920027214,0.18537798093548546,0.041321467608213425,0.0019211655016988516,0.2499999850988388,0.24951171875,1.4901161193847656e-08,-0.3445606231689453,2.634545087814331,-4.774713516235352,6.038765907287598,0.43078863620758057,2.9992618560791016,0.06789553910493851,0.10000000149011612,6.374570846557617,0.09335077558389754,0.09335077558389754,0.039333708584308624,0.07271863520145416,True,298,9.868215791416214e-07,True,True,1.8799260999949183
