iteration,beta,alpha,binarization_weight,total_objective,thermal_smooth,exact_peak,total_variation,binarization_penalty,continuous_material_fraction,binary_material_fraction,gradient_norm_before_clipping,best_exact_peak,maximum_cg_iterations,maximum_explicit_relative_residual,wall_seconds
0,1.0,50.0,0.0,0.5847353380467655,0.5847292505158955,0.6684588775373795,0.006087530869990587,0.1873520016670227,0.25,0.0,0.012085886672139168,0.6684588775373795,292,9.755827098601684e-07,1.2279428000038024
1,1.0,50.0,0.0,0.5771809468599673,0.577174454583757,0.6607019642847448,0.006492276210337877,0.18727214634418488,0.2499999701976776,0.0,0.012683984823524952,0.6607019642847448,292,9.579322357278123e-07,0.7770482000050833
2,1.0,50.0,0.0,0.5692232103370066,0.5692162236914906,0.6525617172341118,0.006986645516008139,0.18704742193222046,0.25,0.0,0.01325683668255806,0.6525617172341118,291,9.982255419712086e-07,0.7935703000111971
3,1.0,50.0,0.0,0.5608948937855674,0.56088738432862,0.644259404028497,0.0075094569474458694,0.1866832971572876,0.2499999850988388,0.0,0.013796559534966946,0.644259404028497,292,9.982519518389606e-07,0.7999597000016365
4,1.0,50.0,0.0,0.5522295637746945,0.5522215247286155,0.6355695252691724,0.008039046078920364,0.18618670105934143,0.2500000298023224,0.0,0.014299746602773666,0.6355695252691724,291,9.962457090223373e-07,0.7926244999980554
5,1.0,50.0,0.0,0.543259047661451,0.5432504690704023,0.626524301335186,0.008578591048717499,0.18556496500968933,0.2499999701976776,0.0,0.01476470660418272,0.626524301335186,291,9.62580973866625e-07,0.862282599991886
6,1.0,50.0,0.0,0.5340081376653159,0.5339990167539561,0.6171479748403641,0.009120911359786987,0.1848263144493103,0.2499999850988388,0.0,0.015192518942058086,0.6171479748403641,291,9.303262114821639e-07,0.8295868999994127
7,1.0,50.0,0.0,0.5244922998897215,0.5244826418064018,0.6074556491065263,0.009658083319664001,0.1839790940284729,0.2499999701976776,0.0,0.015585036017000675,0.6074556491065263,291,9.603479350612401e-07,0.8433934999920893
8,1.0,50.0,0.0,0.5147149469273848,0.5147047564497901,0.5974597575017221,0.010190477594733238,0.1830310821533203,0.25,0.0,0.015944376587867737,0.5974597575017221,291,9.142960137850239e-07,0.8961359999957494
9,1.0,50.0,0.0,0.504672909481808,0.5046621898528034,0.5871551570865604,0.010719629004597664,0.18198738992214203,0.2499999850988388,0.0,0.016269689425826073,0.5871551570865604,290,9.87997351547183e-07,0.8526216000027489
10,1.0,50.0,0.0,0.4943656744821577,0.49435442373665256,0.5765322018032281,0.011250745505094528,0.18085062503814697,0.25,0.0,0.01655673235654831,0.5765322018032281,290,9.274942830432476e-07,0.8157117999944603
11,1.0,50.0,0.0,0.48379989006196755,0.4837881074325522,0.5655981610721303,0.011782629415392876,0.179622083902359,0.25,0.0,0.016799796372652054,0.5655981610721303,290,9.451909384137465e-07,0.8924237999890465
12,1.0,50.0,0.0,0.47298849692478634,0.4729761832049475,0.5543679431864991,0.01231371983885765,0.17830248177051544,0.2499999850988388,0.0,0.01699291728436947,0.5543679431864991,289,9.926810409372336e-07,0.8266625000105705
13,1.0,50.0,0.0,0.46195206887116297,0.46193921555047496,0.5430349721052543,0.012853320688009262,0.17689162492752075,0.25,0.0,0.017130305990576744,0.5430349721052543,289,9.66551921824446e-07,0.8552262000011979
14,1.0,50.0,0.0,0.45072276798530403,0.4507093757957864,0.531556983773302,0.013392189517617226,0.17538860440254211,0.25,0.0,0.017207106575369835,0.531556983773302,288,9.686639024774465e-07,0.8333819999970729
15,1.0,50.0,0.0,0.4393445048093448,0.43933058373477557,0.51988985480727,0.013921074569225311,0.17379267513751984,0.2499999850988388,0.0,0.017220288515090942,0.51988985480727,288,9.846044141653165e-07,0.8726169000001391
16,1.0,50.0,0.0,0.427870139624192,0.42785570324697964,0.5080907484007952,0.014436377212405205,0.1721043884754181,0.2499999701976776,0.0,0.017169220373034477,0.5080907484007952,288,8.992764498720553e-07,0.8137134999997215
17,1.0,50.0,0.0,0.4163574364478949,0.41634249583773947,0.49622156045779214,0.014940610155463219,0.17032575607299805,0.2499999850988388,0.0,0.017055688425898552,0.49622156045779214,288,9.036052178727985e-07,0.864669699993101
18,1.0,50.0,0.0,0.40486485519466187,0.40484942295608306,0.4843445221434021,0.015432238578796387,0.16846045851707458,0.2499999701976776,0.0,0.016883516684174538,0.4843445221434021,288,9.137881164394344e-07,0.8933132999954978
19,1.0,50.0,0.0,0.39344811311513206,0.3934322004817428,0.4725186928130304,0.015912633389234543,0.16651350259780884,0.2499999701976776,0.0,0.01665809378027916,0.4725186928130304,288,9.27690356825598e-07,0.9054119999927934
20,1.0,50.0,0.0,0.38215777268480955,0.3821413933284253,0.46079760437688555,0.016379356384277344,0.16449081897735596,0.25,0.0,0.016385791823267937,0.46079760437688555,288,9.399994005534009e-07,0.8475615000061225
21,1.0,50.0,0.0,0.371038399319264,0.37102156540295755,0.4492285914143707,0.016833916306495667,0.1623988151550293,0.25,0.0,0.016073472797870636,0.4492285914143707,288,9.509324784352119e-07,0.8203924000117695
22,1.0,50.0,0.0,0.36012795604265646,0.3601106834138127,0.4378524166596527,0.017272628843784332,0.16024404764175415,0.25,0.0,0.015727870166301727,0.4378524166596527,288,9.59195462547599e-07,0.8299232999997912
23,1.0,50.0,0.0,0.3494592443593308,0.3494415482618376,0.4267049302740139,0.017696097493171692,0.1580330729484558,0.25,0.00341796875,0.015355116687715054,0.4267049302740139,288,9.641528192119298e-07,0.856200499998522
24,1.0,50.0,0.0,0.33906189258547376,0.33904379065113016,0.4158191168247945,0.01810193434357643,0.15577241778373718,0.2499999850988388,0.0302734375,0.014960605651140213,0.4158191168247945,288,9.66008082230878e-07,0.8494145999866305
25,1.0,50.0,0.0,0.3289630771578316,0.32894458733694887,0.40522559353514115,0.018489820882678032,0.15346893668174744,0.2499999701976776,0.08642578125,0.01454905141144991,0.40522559353514115,288,9.955046473202607e-07,0.8306829999928595
26,1.0,50.0,0.0,0.31918776041530394,0.3191689007885786,0.3949525777918511,0.018859626725316048,0.15113012492656708,0.25,0.1611328125,0.014124752953648567,0.3949525777918511,288,9.615985954281602e-07,0.8350829999981215
27,1.0,50.0,0.0,0.30975847380728533,0.30973926421375086,0.38502547917463165,0.019209593534469604,0.1487640142440796,0.2499999850988388,0.23828125,0.013691850937902927,0.38502547917463165,288,9.568140825792068e-07,0.8575091999955475
28,1.0,50.0,0.0,0.3006937886554086,0.3006742484200084,0.3754652098775082,0.01954023540019989,0.1463792473077774,0.25,0.2783203125,0.013254381716251373,0.3754652098775082,288,9.50938569200997e-07,0.8297102000069572
29,1.0,50.0,0.0,0.29200821971373014,0.2919883677348619,0.36628809276225033,0.01985197886824608,0.14398476481437683,0.2499999850988388,0.29443359375,0.012816261500120163,0.36628809276225033,288,9.449737616805902e-07,0.8573330999934115
30,1.0,50.0,0.0,0.28371132788716363,0.28369118304646124,0.3575049489099398,0.020144840702414513,0.14158964157104492,0.2499999701976776,0.298583984375,0.01238121185451746,0.3575049489099398,288,9.39992873345349e-07,0.8358371999929659
31,1.0,50.0,0.0,0.27580769799357535,0.27578727707347156,0.34912112477119933,0.020420920103788376,0.13920292258262634,0.2499999701976776,0.30029296875,0.011952640488743782,0.34912112477119933,288,9.346419294837228e-07,0.8548868999932893
32,1.0,50.0,0.0,0.2682970292891922,0.2682763474944594,0.34113664085259704,0.020681794732809067,0.13683325052261353,0.2499999701976776,0.301513671875,0.011533545330166817,0.34113664085259704,288,9.254121215798059e-07,0.8831894000031753
33,1.0,50.0,0.0,0.26117451292175176,0.2611535838646007,0.3335466444221031,0.020929057151079178,0.1344888061285019,0.2499999701976776,0.302734375,0.011126448400318623,0.3335466444221031,288,9.206836882552654e-07,0.8682666999957291
34,1.0,50.0,0.0,0.25443121624336307,0.25441004954621854,0.32634184888596096,0.021166697144508362,0.13217702507972717,0.25,0.304443359375,0.010733304545283318,0.32634184888596096,288,9.872524628095494e-07,0.825771400006488
35,1.0,50.0,0.0,0.24805476277674363,0.24803337030465528,0.31953788391490723,0.021392472088336945,0.12990447878837585,0.25,0.30517578125,0.010355580598115921,0.31953788391490723,288,9.48273656778306e-07,0.8711550000007264
36,1.0,50.0,0.0,0.24203002710357133,0.24200841944753948,0.31316670753501075,0.021607656031847,0.1276768296957016,0.25,0.305419921875,0.009994185529649258,0.31316670753501075,288,9.559892011024274e-07,0.8242954000015743
37,1.0,50.0,0.0,0.23633987091576864,0.2363180550942402,0.3071306446347227,0.021815821528434753,0.12549862265586853,0.25,0.30615234375,0.00964964646846056,0.3071306446347227,288,9.099973494970008e-07,0.8298605000018142
38,1.0,50.0,0.0,0.2309656003715036,0.2309435853419391,0.3014104522277006,0.022015029564499855,0.12337346374988556,0.25,0.305908203125,0.00932205282151699,0.3014104522277006,288,9.79842917713926e-07,0.8269030000083148
39,1.0,50.0,0.0,0.22588786658934987,0.225865659822819,0.2959862143152392,0.02220676653087139,0.12130387127399445,0.2499999850988388,0.30517578125,0.009011236019432545,0.2959862143152392,288,9.431246222227303e-07,0.8160307999933138
40,1.0,50.0,0.0,0.22108706551059487,0.22106467286139134,0.2908377700743555,0.022392649203538895,0.11929142475128174,0.2499999850988388,0.304931640625,0.008716764859855175,0.2908377700743555,288,9.118431831775445e-07,0.83946790000482
41,1.0,50.0,0.0,0.21654375321636826,0.2165211798477444,0.28594515218117084,0.02257336862385273,0.11733681708574295,0.2500000298023224,0.30419921875,0.008438079617917538,0.28594515218117084,287,9.817012909050702e-07,0.8402687000052538
42,1.0,50.0,0.0,0.21223914357800774,0.21221639538896075,0.2812891160447281,0.02274818904697895,0.11543995141983032,0.25,0.303955078125,0.008174492046236992,0.2812891160447281,287,9.614501815201208e-07,0.8216103000013391
43,1.0,50.0,0.0,0.20815526479423752,0.20813234694243182,0.2768512945416662,0.02291785180568695,0.11360007524490356,0.2499999850988388,0.30322265625,0.007925244979560375,0.2768512945416662,286,9.490587196179248e-07,0.8380337999988114
44,1.0,50.0,0.0,0.20427512187831987,0.20425203847461332,0.27261436482735824,0.023083403706550598,0.1118159070611,0.2499999701976776,0.303466796875,0.007689556106925011,0.27261436482735824,285,9.566169315634383e-07,0.8373328000016045
45,1.0,50.0,0.0,0.20058289790067654,0.20055965207058768,0.26856225454222094,0.023245830088853836,0.11008573323488235,0.25,0.302978515625,0.007466621231287718,0.26856225454222094,284,9.994626399780308e-07,0.8457838000031188
46,1.0,50.0,0.0,0.1970641391701232,0.1970407352647911,0.2646803422055476,0.02340390533208847,0.10840755701065063,0.2499999850988388,0.30224609375,0.007255640346556902,0.2646803422055476,284,9.588201901336953e-07,0.8385631999990437
47,1.0,50.0,0.0,0.19370539118575114,0.1936818318035658,0.26095504023036076,0.023559382185339928,0.10677914321422577,0.2499999850988388,0.30126953125,0.007055828347802162,0.26095504023036076,283,9.941420640681212e-07,0.830888500000583
48,1.0,50.0,0.0,0.190494536182974,0.19047082434142054,0.2573741706193271,0.02371184155344963,0.10519817471504211,0.2499999701976776,0.299560546875,0.006866438314318657,0.2573741706193271,283,9.671847937017224e-07,0.8318386000028113
49,1.0,50.0,0.0,0.18742057693458966,0.1873967154313611,0.2539267173606466,0.02386150322854519,0.10366226732730865,0.25,0.298583984375,0.006686743814498186,0.2539267173606466,283,9.42019445240218e-07,0.8416667000128655
50,1.0,50.0,0.0,0.18447362429331787,0.1844496159410084,0.2506028121870905,0.02400835230946541,0.10216907411813736,0.25,0.296875,0.006516037043184042,0.2506028121870905,283,9.396150122974012e-07,0.8369911999907345
51,1.0,50.0,0.0,0.18164468819967033,0.18162053520178917,0.24739350489691503,0.024152997881174088,0.10071627795696259,0.25,0.29296875,0.006353647913783789,0.24739350489691503,283,9.524152637876067e-07,0.8620616999978665
52,1.0,50.0,0.0,0.17892584386143756,0.17890154859285726,0.2442909557466666,0.024295268580317497,0.09930171072483063,0.25,0.29248046875,0.006198951043188572,0.2442909557466666,283,9.75640944921792e-07,0.8203650999930687
53,1.0,50.0,0.0,0.17630996143221767,0.17628552542962045,0.24128812330777066,0.02443600259721279,0.09792327880859375,0.2499999850988388,0.29150390625,0.006051353644579649,0.24128812330777066,283,9.962808223545362e-07,0.8228512000059709
54,1.0,50.0,0.0,0.17379053988693033,0.17376596561832106,0.23837860201526112,0.024574268609285355,0.09657904505729675,0.25,0.291015625,0.005910302512347698,0.23837860201526112,284,9.407988290438052e-07,0.8746402000106173
55,1.0,50.0,0.0,0.1713619272072587,0.17133721689477302,0.2355568630221883,0.024710312485694885,0.09526722133159637,0.2499999850988388,0.29150390625,0.005775274708867073,0.2355568630221883,284,9.520177899167119e-07,0.8308624999917811
56,1.0,50.0,0.0,0.16901894444095625,0.16899409957098496,0.23281784389493201,0.02484486997127533,0.09398619085550308,0.25,0.29150390625,0.005645791068673134,0.23281784389493201,284,9.58423345967331e-07,0.8512264000019059
57,1.0,50.0,0.0,0.16675713461534136,0.16673215787195617,0.23015723893270815,0.024976743385195732,0.0927344411611557,0.2499999701976776,0.291015625,0.005521415267139673,0.23015723893270815,284,9.591036493812066e-07,0.8591981999925338
58,1.0,50.0,0.0,0.16457222145803305,0.16454711555697055,0.22757089361576416,0.025105901062488556,0.09151063859462738,0.2499999850988388,0.289306640625,0.005401741713285446,0.22757089361576416,284,9.9791499827813e-07,0.8502442000026349
59,1.0,50.0,0.0,0.1624606788550153,0.16243544500513224,0.22505545644504252,0.02523384988307953,0.09031356871128082,0.2499999850988388,0.287841796875,0.005286406259983778,0.22505545644504252,284,9.708310411176285e-07,0.8242740999994567
60,1.0,50.0,0.0,0.16041908799030766,0.16039372823306308,0.22260766508133417,0.025359757244586945,0.08914215862751007,0.2499999850988388,0.28662109375,0.00517507316544652,0.22260766508133417,284,9.451815975790624e-07,0.8390262000029907
61,1.0,50.0,0.0,0.15844447889767913,0.15841899544030752,0.2202247390150224,0.02548345737159252,0.08799544721841812,0.2499999850988388,0.285400390625,0.0050674485974013805,0.2202247390150224,284,9.899926182644246e-07,0.8072294000012334
62,1.0,50.0,0.0,0.15653415377344934,0.15650854867044833,0.2179041851505412,0.025605103000998497,0.08687257766723633,0.25,0.283935546875,0.004963268060237169,0.2179041851505412,284,9.492646508750168e-07,0.8347734999988461
63,1.0,50.0,0.0,0.15468557974465638,0.15465985511199087,0.21564368571886602,0.025724632665514946,0.0857727974653244,0.2499999850988388,0.28076171875,0.004862290341407061,0.21564368571886602,284,9.915907549810692e-07,0.827335399997537
64,1.0,50.0,0.0,0.15289655042982103,0.15287070854178073,0.2134412833917301,0.025841888040304184,0.08469542860984802,0.2499999850988388,0.279296875,0.004764318931847811,0.2134412833917301,284,9.830204501089812e-07,0.8367441999871517
65,1.0,50.0,0.0,0.15116490174774705,0.151138944908424,0.2112950661838509,0.025956839323043823,0.08363984525203705,0.25,0.27978515625,0.004669163376092911,0.2112950661838509,284,9.581095939555476e-07,0.8205210000014631
66,1.0,50.0,0.0,0.14948873318133332,0.1494626642815528,0.20920342159648803,0.026068899780511856,0.08260554075241089,0.2499999850988388,0.279296875,0.004576667211949825,0.20920342159648803,284,9.525241145796866e-07,0.8349994000018341
67,1.0,50.0,0.0,0.1478662036878994,0.14784002552907974,0.2071648021600023,0.026178158819675446,0.08159202337265015,0.25,0.278564453125,0.004486691206693649,0.2071648021600023,284,9.622759229783436e-07,0.8173867000004975
68,1.0,50.0,0.0,0.1462955476422891,0.14626926285448522,0.20517774489410293,0.02628478780388832,0.08059883117675781,0.25,0.27783203125,0.004399113357067108,0.20517774489410293,284,9.816437434771902e-07,0.8444110999989789
69,1.0,50.0,0.0,0.14477524097586417,0.14474885242568694,0.2032410664525561,0.02638855017721653,0.07962559163570404,0.2499999701976776,0.277099609375,0.004313833545893431,0.2032410664525561,284,9.527340134338684e-07,0.8105663999886019
70,1.0,50.0,0.0,0.14330361895708146,0.1432771291237116,0.2013534140216283,0.026489833369851112,0.07867192476987839,0.2499999850988388,0.277099609375,0.004230760037899017,0.2013534140216283,283,9.897073453326702e-07,0.8444262999983039
71,1.0,50.0,0.0,0.1418792369234167,0.14185264891933425,0.19951368856314397,0.02658800408244133,0.0777374655008316,0.2499999850988388,0.2763671875,0.004149818327277899,0.19951368856314397,283,9.794689732837276e-07,0.9222229000006337
72,1.0,50.0,0.0,0.14050061674141207,0.14047393340156294,0.1977207449616965,0.026683339849114418,0.07682190835475922,0.25,0.275390625,0.004070936236530542,0.1977207449616965,283,9.943232348938499e-07,0.8041575999959605
73,1.0,50.0,0.0,0.13916641467090235,0.1391396387240617,0.1959735903930049,0.026775946840643883,0.07592492550611496,0.25,0.27490234375,0.003994056489318609,0.1959735903930049,283,9.657852487568957e-07,0.9710580999962986
74,1.0,50.0,0.0,0.13787521597376282,0.13784835030516798,0.1942711401948079,0.02686566859483719,0.07504622638225555,0.2499999701976776,0.2744140625,0.003919118549674749,0.1942711401948079,283,9.628241254401948e-07,0.8831483999965712
75,1.0,50.0,0.0,0.1366256619025437,0.13659870961536147,0.1926123691237938,0.026952287182211876,0.07418550550937653,0.25,0.2744140625,0.0038460742216557264,0.1926123691237938,283,9.62569391637595e-07,0.8450429999938933
76,1.0,50.0,0.0,0.13541649013993662,0.13538945401695887,0.1909963588557458,0.027036122977733612,0.0733424723148346,0.2499999850988388,0.27392578125,0.003774868091568351,0.1909963588557458,283,9.64929971205549e-07,0.8623760000045877
77,1.0,50.0,0.0,0.1342464091792616,0.1342192919511261,0.18942215103893373,0.027117228135466576,0.07251684367656708,0.2499999850988388,0.2734375,0.0037054603453725576,0.18942215103893373,283,9.697077439807223e-07,0.8497910000005504
78,1.0,50.0,0.0,0.1331141517776147,0.1330869562531904,0.18788880908289562,0.0271955244243145,0.0717083290219307,0.25,0.27294921875,0.003637799760326743,0.18788880908289562,283,9.766326494291768e-07,0.8522142000001622
79,1.0,50.0,0.0,0.1320184890488355,0.13199121783210027,0.18639543654681193,0.027271216735243797,0.07091664522886276,0.25,0.27197265625,0.0035718458238989115,0.18639543654681193,283,9.85400156600816e-07,0.8547064000013052
80,1.0,50.0,0.0,0.13095821770105015,0.13093087351705382,0.1849411609874973,0.02734418399631977,0.07014150172472,0.25,0.27197265625,0.0035075501073151827,0.1849411609874973,283,9.957176816584274e-07,0.8289942999981577
81,1.0,50.0,0.0,0.1299321894488105,0.12990477507289436,0.183525168090973,0.02741437591612339,0.06938260793685913,0.2499999701976776,0.271484375,0.00344487396068871,0.183525168090973,284,9.602632811137453e-07,0.8372354000021005
82,1.0,50.0,0.0,0.12893921494899308,0.1289117332626692,0.18214658232807834,0.02748168632388115,0.06863968819379807,0.25,0.271240234375,0.0033837726805359125,0.18214658232807834,284,9.60004100075052e-07,0.8176948000036646
83,1.0,50.0,0.0,0.1279781660895418,0.12795061991285492,0.18080459097281928,0.027546176686882973,0.06791242212057114,0.25,0.270751953125,0.0033242064528167248,0.18080459097281928,284,9.586785490224485e-07,0.8137815999943996
84,1.0,50.0,0.0,0.1270479629944868,0.12702035478054058,0.17949842162288537,0.02760821394622326,0.06720053404569626,0.25,0.2705078125,0.0032661331351846457,0.17949842162288537,284,9.56396662464139e-07,0.8656476000032853
85,1.0,50.0,0.0,0.126147514112295,0.12611984602362045,0.17822726823859072,0.027668088674545288,0.06650371849536896,0.25,0.269775390625,0.003209513844922185,0.17822726823859072,284,9.532130648884614e-07,0.8198458999977447
86,1.0,50.0,0.0,0.12527578878799478,0.12524806280272105,0.17699037615110425,0.027725985273718834,0.06582167744636536,0.2499999850988388,0.268798828125,0.003154315520077944,0.17699037615110425,284,9.49170972059431e-07,0.8351876999950036
87,1.0,50.0,0.0,0.12443172159223358,0.12440394004239241,0.17578691787056658,0.027781549841165543,0.06515412032604218,0.25,0.26806640625,0.003100500674918294,0.17578691787056658,284,9.462217276435636e-07,0.8450128999975277
88,1.0,50.0,0.0,0.12361435299636458,0.1235865184077028,0.17461616584170236,0.027834588661789894,0.06450073421001434,0.25,0.267822265625,0.003048029262572527,0.17461616584170236,284,9.524493574129343e-07,0.8067227999999886
89,1.0,50.0,0.0,0.12282269832757992,0.12279481299860162,0.17347732701797444,0.027885328978300095,0.06386123597621918,0.25,0.26611328125,0.0029968717135488987,0.17347732701797444,284,9.583063855834066e-07,0.8202726000017719
90,1.0,50.0,0.0,0.12205580730831274,0.1220278734574283,0.17236961192264816,0.02793385088443756,0.0632353127002716,0.25,0.26513671875,0.0029469917062669992,0.17236961192264816,284,9.638097736842677e-07,0.8364722999976948
91,1.0,50.0,0.0,0.12131279511074716,0.12128481489117438,0.1712922780908716,0.027980219572782516,0.06262268126010895,0.25,0.264404296875,0.0028983585070818663,0.1712922780908716,284,9.689021171348437e-07,0.8248764999880223
92,1.0,50.0,0.0,0.12059274284621517,0.12056471833294075,0.17024449930086838,0.02802451327443123,0.06202303618192673,0.25,0.263671875,0.002850936958566308,0.17024449930086838,284,9.735200058099906e-07,0.8060198000021046
93,1.0,50.0,0.0,0.11989480112069238,0.11986673442223061,0.16922549996657332,0.02806669846177101,0.06143609434366226,0.2499999850988388,0.262451171875,0.0028046935331076384,0.16922549996657332,284,9.776145973363408e-07,0.8522629000071902
94,1.0,50.0,0.0,0.1192181351097467,0.1191900278559121,0.16823448469174013,0.028107253834605217,0.06086155027151108,0.25,0.262451171875,0.002759589347988367,0.16823448469174013,284,9.811521146987437e-07,0.8144470999977784
95,1.0,50.0,0.0,0.11856192561878633,0.11853377836092185,0.16727064092025734,0.02814725786447525,0.060299135744571686,0.2499999850988388,0.262451171875,0.002715605078265071,0.16727064092025734,284,9.841139887615287e-07,0.8138603999977931
96,1.0,50.0,0.0,0.11792542821675532,0.11789724290877573,0.1663332232815352,0.02818530797958374,0.05974854901432991,0.25,0.262451171875,0.0026727060321718454,0.1663332232815352,284,9.925041811245482e-07,0.8562232999975095
97,1.0,50.0,0.0,0.1173078673197621,0.11727964578705966,0.16542141297176804,0.028221532702445984,0.059209518134593964,0.2499999701976776,0.262451171875,0.002630855655297637,0.16542141297176804,284,9.883029215693387e-07,0.8311463999998523
98,1.0,50.0,0.0,0.1167085654404775,0.11668030843928612,0.16453448696082143,0.02825700119137764,0.05868177115917206,0.2499999850988388,0.262451171875,0.00259002554230392,0.16453448696082143,284,9.895611896759956e-07,0.8061772000073688
99,1.0,50.0,0.0,0.11612678725594762,0.11609849599512401,0.16367162758081047,0.028291260823607445,0.05816502496600151,0.25,0.2626953125,0.002550189383327961,0.16367162758081047,284,9.903092207067927e-07,0.8198145999922417
100,1.0,50.0,0.0,0.11556188335160142,0.11553355891147976,0.162832102636033,0.028324440121650696,0.05765901878476143,0.2499999850988388,0.2626953125,0.0025113155134022236,0.162832102636033,284,9.906040924960796e-07,0.8139830000000075
101,1.0,50.0,0.0,0.11501325280564079,0.11498489669310102,0.1620152237722062,0.02835611253976822,0.057163484394550323,0.2499999850988388,0.2626953125,0.002473379485309124,0.1620152237722062,284,9.90513925411112e-07,0.8278443999879528
102,1.0,50.0,0.0,0.11448024650433111,0.11445186017596173,0.16122022447731593,0.028386328369379044,0.0566781610250473,0.25,0.262939453125,0.002436347771435976,0.16122022447731593,284,9.90122617400194e-07,0.8068735000124434
103,1.0,50.0,0.0,0.11396227560811259,0.11393385945320644,0.16044639911380945,0.02841615490615368,0.05620279163122177,0.2499999850988388,0.262939453125,0.002400194527581334,0.16044639911380945,284,9.895184078155237e-07,0.8199221999966539
104,1.0,50.0,0.0,0.11345880470486272,0.11343035978140224,0.1596931000858144,0.02844492346048355,0.055737122893333435,0.25,0.262939453125,0.0023648992646485567,0.1596931000858144,284,9.887869553054282e-07,0.8409989000065252
105,1.0,50.0,0.0,0.1129692979115161,0.11294082532777515,0.15895967036320102,0.02847258374094963,0.05528091639280319,0.2499999850988388,0.26318359375,0.00233043497428298,0.15895967036320102,284,9.88003140419617e-07,0.8013634999952046
106,1.0,50.0,0.0,0.11249322683083737,0.11246472667808557,0.15824544958281864,0.028500152751803398,0.05483391880989075,0.25,0.263671875,0.0022967697586864233,0.15824544958281864,284,9.87215656859117e-07,0.8184575000050245
107,1.0,50.0,0.0,0.11203010120064302,0.11200157377690359,0.15754982107437165,0.02852742373943329,0.05439590662717819,0.25,0.263671875,0.0022638896480202675,0.15754982107437165,284,9.864415695625801e-07,0.8298826000100235
108,1.0,50.0,0.0,0.11157945817906217,0.11155090418655234,0.15687219772775315,0.02855399250984192,0.05396663770079613,0.25,0.263427734375,0.002231770195066929,0.15687219772775315,284,9.856596218013227e-07,0.8492982999887317
109,1.0,50.0,0.0,0.11114087531648013,0.11111229572377536,0.1562120390050824,0.02857959270477295,0.05354589223861694,0.2499999850988388,0.2626953125,0.0022003885824233294,0.1562120390050824,284,9.848176193718677e-07,0.8314527000038652
110,1.0,50.0,0.0,0.11071385077635286,0.1106852465259516,0.15556869334437964,0.02860425040125847,0.05313343554735184,0.2499999850988388,0.26220703125,0.002169722458347678,0.15556869334437964,284,9.838512325847794e-07,0.8320027999870945
111,1.0,50.0,0.0,0.11029804290456413,0.1102694149091625,0.15494171642775387,0.028627995401620865,0.052729059010744095,0.2499999850988388,0.26171875,0.0021397529635578394,0.15494171642775387,284,9.826978046264618e-07,0.8233718000119552
112,1.0,50.0,0.0,0.1098930001236599,0.10986434913390392,0.1543305129948171,0.02865098975598812,0.052332550287246704,0.25,0.26171875,0.002110457280650735,0.1543305129948171,284,9.813274573322593e-07,0.8141548999992665
113,1.0,50.0,0.0,0.10949838630049741,0.10946971219345247,0.1537346381718128,0.028674107044935226,0.05194370448589325,0.25,0.261474609375,0.002081819111481309,0.1537346381718128,284,9.797448152181486e-07,0.8257494999998016
114,1.0,50.0,0.0,0.10911381990457035,0.10908512344764627,0.15318585234273943,0.02869645692408085,0.051562316715717316,0.25,0.261474609375,0.002053823322057724,0.15318585234273943,284,9.958647494843976e-07,0.8287042000010842
115,1.0,50.0,0.0,0.10873895633629894,0.10871023838072455,0.15265582759296034,0.028717955574393272,0.05118819326162338,0.25,0.26123046875,0.0020264494232833385,0.15265582759296034,284,9.88019774146328e-07,0.8457064000103856
116,1.0,50.0,0.0,0.10837345515360443,0.10834471650217978,0.15213884202157232,0.028738651424646378,0.05082113295793533,0.2499999850988388,0.260986328125,0.001999680185690522,0.15213884202157232,284,9.802876381455721e-07,0.8653657000104431
117,1.0,50.0,0.0,0.1080169907424753,0.1079882320266371,0.15163445846972476,0.028758715838193893,0.05046096071600914,0.25,0.2607421875,0.001973496051505208,0.15163445846972476,284,9.726948922676877e-07,0.844510299997637
118,1.0,50.0,0.0,0.10766929306055512,0.1076405142113855,0.15114230813916538,0.02877884916961193,0.05010748654603958,0.25,0.260498046875,0.001947883516550064,0.15114230813916538,284,9.708530590168424e-07,0.8315584999945713
119,1.0,50.0,0.0,0.10733002760255435,0.10730122773343423,0.15066194138565187,0.028799869120121002,0.04976053535938263,0.25,0.260009765625,0.0019228305900469422,0.15066194138565187,284,9.69378360692726e-07,0.8606056999997236
120,1.0,50.0,0.0,0.10699892692121793,0.1069701060489111,0.15019299425057425,0.02882087230682373,0.049419939517974854,0.2499999701976776,0.259765625,0.0018983168993145227,0.15019299425057425,284,9.959231499376855e-07,0.8544200000033015
121,1.0,50.0,0.0,0.10667569021812895,0.10664684800549665,0.14973505811107587,0.02884221263229847,0.049085523933172226,0.25,0.259521484375,0.0018743338296189904,0.14973505811107587,284,9.871858002181205e-07,0.8262428000016371
122,1.0,50.0,0.0,0.10636010086408187,0.10633123716583778,0.14928783279700697,0.02886369824409485,0.04875712841749191,0.25,0.25927734375,0.0018508632201701403,0.14928783279700697,284,9.786290798566819e-07,0.8370511000102852
123,1.0,50.0,0.0,0.10605190187265062,0.10602301645410145,0.1488509655164957,0.02888541854918003,0.048434607684612274,0.2499999850988388,0.259033203125,0.0018278909847140312,0.1488509655164957,284,9.705614671930532e-07,0.8092156999919098
124,1.0,50.0,0.0,0.10575082832320276,0.10572192069633547,0.14842409259555941,0.02890762686729431,0.04811778664588928,0.25,0.259033203125,0.001805405830964446,0.14842409259555941,284,9.956692064345933e-07,0.8242400000017369
125,1.0,50.0,0.0,0.10545665071420209,0.10542771992534236,0.14800689482390286,0.028930788859725,0.04780653491616249,0.25,0.2587890625,0.0017833947204053402,0.14800689482390286,284,9.916232183664592e-07,0.8093926000001375
126,1.0,50.0,0.0,0.10516917387275311,0.10514021970397147,0.1475990995418779,0.028954168781638145,0.04750069975852966,0.2499999701976776,0.2587890625,0.0017618469428271055,0.1475990995418779,284,9.863875834977523e-07,0.7998396000039065
127,1.0,50.0,0.0,0.10488815254802085,0.10485917480746484,0.1472003680171915,0.028977740556001663,0.04720013961195946,0.25,0.258544921875,0.001740749110467732,0.1472003680171915,284,9.813135976549993e-07,0.8561084999964805
128,1.0,50.0,0.0,0.10461338960959218,0.10458438826559685,0.14681042312176307,0.029001343995332718,0.04690472036600113,0.2499999850988388,0.258544921875,0.0017200863221660256,0.14681042312176307,284,9.79703054119393e-07,0.8255060000083176
129,1.0,50.0,0.0,0.10434466960312833,0.10431564385475625,0.14642896338800884,0.029025748372077942,0.046614307910203934,0.25,0.25830078125,0.0016998511273413897,0.14642896338800884,284,9.788930900097932e-07,0.8392273000063142
130,1.0,50.0,0.0,0.10408184993020812,0.10405279984451453,0.1460557831746121,0.029050085693597794,0.04632877558469772,0.25,0.257568359375,0.0016800302546471357,0.1460557831746121,284,9.753141272370563e-07,0.8405472000013106
131,1.0,50.0,0.0,0.10382470891623247,0.10379563381707715,0.14569057341594446,0.029075099155306816,0.04604800045490265,0.2499999701976776,0.25732421875,0.0016606157878413796,0.14569057341594446,284,9.700321895846952e-07,0.8599302000075113
132,1.0,50.0,0.0,0.10357306808505752,0.10354396764275231,0.14533308156832495,0.029100442305207253,0.04577185958623886,0.2499999850988388,0.2568359375,0.001641595852561295,0.14533308156832495,284,9.695735245233043e-07,0.8951573000085773
133,1.0,50.0,0.0,0.10332676745068288,0.10329764103751636,0.14498307838727373,0.02912641316652298,0.04550023376941681,0.25,0.256591796875,0.0016229592729359865,0.14498307838727373,284,9.707161562441204e-07,0.9049005999986548
134,1.0,50.0,0.0,0.10308564481828623,0.10305649245847279,0.1446403346456982,0.029152359813451767,0.04523301124572754,0.2499999701976776,0.256591796875,0.0016046961536630988,0.1446403346456982,284,9.719617876237677e-07,0.8253498999984004
135,1.0,50.0,0.0,0.10284951647734918,0.10282033807775653,0.14430459056558612,0.029178399592638016,0.0449700765311718,0.25,0.256591796875,0.0015867991605773568,0.14430459056558612,284,9.73301861763687e-07,0.829614499991294
136,1.0,50.0,0.0,0.10261827057478773,0.10258906662715422,0.14397568234282856,0.029203947633504868,0.04471132904291153,0.2499999850988388,0.25634765625,0.0015692588640376925,0.14397568234282856,284,9.7472909673643e-07,0.8225168000062695
137,1.0,50.0,0.0,0.10239172657370209,0.10236249755859017,0.14365335571373108,0.029229015111923218,0.04445666819810867,0.2499999850988388,0.25634765625,0.001552064553834498,0.14365335571373108,284,9.762379067429666e-07,0.8283285000070464
138,1.0,50.0,0.0,0.10216975214418984,0.1021404984080515,0.1433374190968647,0.02925373613834381,0.044205985963344574,0.2499999850988388,0.256103515625,0.0015352066839113832,0.1433374190968647,284,9.77823097497891e-07,0.8270921999937855
139,1.0,50.0,0.0,0.10195222977790766,0.10192295175660186,0.14302770212996466,0.029278021305799484,0.04395918920636177,0.2499999701976776,0.256103515625,0.0015186788514256477,0.14302770212996466,284,9.794782497538152e-07,0.8175262000004295
140,1.0,50.0,0.0,0.10173900043863648,0.10170969856615955,0.1427239796359857,0.029301872476935387,0.043716177344322205,0.25,0.256103515625,0.001502470811828971,0.1427239796359857,284,9.81200983203685e-07,0.882802799998899
141,1.0,50.0,0.0,0.1015299409471718,0.10150061551782166,0.14242607354045825,0.02932542935013771,0.043476857244968414,0.25,0.25634765625,0.0014865740668028593,0.14242607354045825,284,9.829861662109402e-07,0.8447406999912346
142,1.0,50.0,0.0,0.10132494136888516,0.10129559277940524,0.1421338247860771,0.02934858947992325,0.04324115067720413,0.25,0.256103515625,0.0014709827955812216,0.1421338247860771,284,9.848305222067434e-07,0.8374217000091448
143,1.0,50.0,0.0,0.1011238855880525,0.10109451426685118,0.14184706732386307,0.029371321201324463,0.0430089570581913,0.25,0.25634765625,0.0014556883834302425,0.14184706732386307,284,9.867306392898164e-07,0.8042694000032498
144,1.0,50.0,0.0,0.10092664830669988,0.10089725458905328,0.1415656205129174,0.029393717646598816,0.04278020188212395,0.25,0.25634765625,0.0014406826812773943,0.1415656205129174,284,9.88684573861858e-07,0.8229050999943865
145,1.0,50.0,0.0,0.10073313205944591,0.10070371628435545,0.14128934380450262,0.02941577509045601,0.04255479946732521,0.2499999850988388,0.25634765625,0.00142595951911062,0.14128934380450262,284,9.906887353775516e-07,0.830896200001007
146,1.0,50.0,0.0,0.10054320673181918,0.10051376922897307,0.14101805264821263,0.029437502846121788,0.04233267158269882,0.25,0.256591796875,0.00141151063144207,0.14101805264821263,284,9.927408163074764e-07,0.8463165999855846
147,1.0,50.0,0.0,0.10035679534546756,0.10032733645200453,0.14075163414820022,0.029458893463015556,0.04211374372243881,0.25,0.25634765625,0.0013973303139209747,0.14075163414820022,284,9.948393070257066e-07,0.8499449999944773
148,1.0,50.0,0.0,0.10017378937935832,0.10014430942310396,0.14048993369054888,0.02947995625436306,0.041897933930158615,0.2499999701976776,0.25634765625,0.0013834118144586682,0.14048993369054888,284,9.969808681436788e-07,0.8311637999868253
149,1.0,50.0,0.0,0.09999409162676041,0.0999645909541667,0.14023281175624325,0.029500672593712807,0.04168517142534256,0.25,0.255859375,0.0013697479153051972,0.14023281175624325,284,9.99164518034974e-07,0.8214307999878656
150,1.0,50.0,0.0,0.09981761030952385,0.09978808923165253,0.13998013809608123,0.029521077871322632,0.04147539287805557,0.25,0.256103515625,0.0013563326792791486,0.13998013809608123,285,9.195520191492808e-07,0.8131884000031278
151,1.0,50.0,0.0,0.09964427773107733,0.09961473657202866,0.13973181251727382,0.02954115904867649,0.041268523782491684,0.2499999850988388,0.256103515625,0.0013431611005216837,0.13973181251727382,285,9.215845526473845e-07,0.8454889999993611
152,1.0,50.0,0.0,0.09947397199700626,0.0994444110808805,0.13948766539125407,0.029560916125774384,0.04106449708342552,0.25,0.256103515625,0.0013302251463755965,0.13948766539125407,285,9.236495486928338e-07,0.813040799999726
153,1.0,50.0,0.0,0.09930662875728767,0.09927704838397067,0.13924760354764296,0.02958037331700325,0.04086325317621231,0.2499999701976776,0.256103515625,0.0013175202766433358,0.13924760354764296,285,9.257456274749977e-07,0.8370919000008143
154,1.0,50.0,0.0,0.09914216976802663,0.09911257024485484,0.13901151488267227,0.029599523171782494,0.04066472500562668,0.2499999850988388,0.255859375,0.001305040786974132,0.13901151488267227,285,9.278728798288851e-07,0.8514056999993045
155,1.0,50.0,0.0,0.09898051502763489,0.09895089665263154,0.1387792868525243,0.02961837500333786,0.04046885296702385,0.25,0.255615234375,0.0012927812058478594,0.1387792868525243,285,9.300303688516419e-07,0.8591741999989608
156,1.0,50.0,0.0,0.0988216031864508,0.09879196624646325,0.1385508304764517,0.029636939987540245,0.04027558118104935,0.25,0.255615234375,0.0012807365274056792,0.1385508304764517,285,9.322169031606701e-07,0.8259461999987252
157,1.0,50.0,0.0,0.09866533543151022,0.09863568019848468,0.13832600866876416,0.029655233025550842,0.0400848463177681,0.2499999850988388,0.255615234375,0.0012689008144661784,0.13832600866876416,285,9.344320243715242e-07,0.8064406000048621
158,1.0,50.0,0.0,0.09851166917004942,0.09848199594200907,0.13810475983762882,0.029673228040337563,0.03989659249782562,0.2499999850988388,0.255615234375,0.0012572697596624494,0.13810475983762882,285,9.366745030126287e-07,0.8249650000070687
159,1.0,50.0,0.0,0.09836051196798369,0.09833082100942418,0.13788695605735146,0.029690958559513092,0.039710767567157745,0.2499999701976776,0.255615234375,0.0012458376586437225,0.13788695605735146,285,9.389439517756987e-07,0.8549236999970162
160,1.0,50.0,0.0,0.09821182393015952,0.09818211547391148,0.137672538592489,0.029708456248044968,0.03952731937170029,0.2499999850988388,0.25537109375,0.0012346005532890558,0.137672538592489,285,9.41238167151589e-07,0.922606199994334
161,1.0,50.0,0.0,0.098065520441228,0.09803579471080884,0.13746139071918526,0.029725730419158936,0.039346203207969666,0.2499999850988388,0.25537109375,0.0012235535541549325,0.13746139071918526,285,9.435578921044992e-07,0.9234217000048375
162,1.0,50.0,0.0,0.09792155238148215,0.09789180962276103,0.13725344305332243,0.029742758721113205,0.03916735574603081,0.25,0.255126953125,0.0012126924702897668,0.13725344305332243,285,9.459003226086783e-07,0.8544064000016078
163,1.0,50.0,0.0,0.09777985979832886,0.09775010027207612,0.1370491018018624,0.029759526252746582,0.03899073600769043,0.25,0.255126953125,0.0012020125286653638,0.1370491018018624,285,9.482651748740641e-07,0.831526899986784
164,1.0,50.0,0.0,0.09764038140467583,0.0976106053474474,0.13684882153231057,0.029776057228446007,0.03881630301475525,0.25,0.255126953125,0.0011915097711607814,0.13684882153231057,285,9.506507627403976e-07,0.8890860000101384
165,1.0,50.0,0.0,0.09750307324703142,0.09747328090283379,0.13665335780595483,0.029792344197630882,0.03864400088787079,0.2499999850988388,0.255126953125,0.0011811800068244338,0.13665335780595483,285,9.530572352481408e-07,0.8515507000120124
166,1.0,50.0,0.0,0.09736787726506921,0.09733806884624394,0.13646073160473188,0.029808418825268745,0.038473788648843765,0.2499999850988388,0.2548828125,0.001171019277535379,0.13646073160473188,285,9.554822209073954e-07,0.8314348999992944
167,1.0,50.0,0.0,0.09723473383290962,0.0972049095536609,0.13627422381275764,0.029824279248714447,0.0383056178689003,0.25,0.254638671875,0.001161023392342031,0.13627422381275764,285,9.57925526266091e-07,0.8493725000007544
168,1.0,50.0,0.0,0.09710358783769367,0.0970737479122257,0.13609405862264962,0.029839925467967987,0.038139455020427704,0.25,0.254638671875,0.0011511885095387697,0.13609405862264962,285,9.603860185242935e-07,0.8285417000006419
169,1.0,50.0,0.0,0.09697441495542951,0.09694455960912235,0.13591643870902254,0.02985534630715847,0.0379752591252327,0.25,0.254638671875,0.0011415114859119058,0.13591643870902254,285,9.628629872878737e-07,0.8651747000112664
170,1.0,50.0,0.0,0.09684714974438281,0.09681727916722627,0.1357412788504674,0.02987057715654373,0.037812985479831696,0.2499999850988388,0.254638671875,0.0011319885961711407,0.1357412788504674,285,9.653554112574023e-07,0.8289791999995941
171,1.0,50.0,0.0,0.09672174875807993,0.09669186313820116,0.13556852302841677,0.02988561987876892,0.03765258938074112,0.25,0.25439453125,0.0011226146016269922,0.13556852302841677,285,9.678620356503704e-07,0.8238631999993231
172,1.0,50.0,0.0,0.09659818351380205,0.09656828303932821,0.13539813606811787,0.029900474473834038,0.03749404847621918,0.2499999850988388,0.254150390625,0.0011133895022794604,0.13539813606811787,285,9.703823436626742e-07,0.815473299997393
173,1.0,50.0,0.0,0.09647639118438911,0.09644647606021117,0.13523003556077565,0.02991512417793274,0.03733731806278229,0.25,0.254638671875,0.0011043078266084194,0.13523003556077565,285,9.989914026692613e-07,0.8013926999992691
174,1.0,50.0,0.0,0.09635634102342822,0.09632641143767334,0.13506418369880493,0.02992958575487137,0.037182360887527466,0.25,0.254638671875,0.0010953667806461453,0.13506418369880493,285,9.95654601449418e-07,0.8465285999991465
175,1.0,50.0,0.0,0.09623799285513246,0.09620804899779045,0.1349005291753312,0.029943857342004776,0.037029143422842026,0.2499999850988388,0.254150390625,0.0010865632211789489,0.1349005291753312,285,9.924697826538881e-07,0.8245389000076102
176,1.0,50.0,0.0,0.09612129862038538,0.09609134066095695,0.1347390102681048,0.029957959428429604,0.03687763214111328,0.25,0.25390625,0.0010778938885778189,0.1347390102681048,285,9.895420139151673e-07,0.8859051000035834
177,1.0,50.0,0.0,0.09600622989980645,0.09597625801710553,0.134579592249649,0.029971882700920105,0.036727793514728546,0.2499999850988388,0.25390625,0.0010693561052903533,0.134579592249649,285,9.869714999451472e-07,0.8053456000052392
178,1.0,50.0,0.0,0.09589275663652459,0.09586277100377719,0.13442223815214688,0.029985632747411728,0.03657959774136543,0.2499999850988388,0.25390625,0.0010609470773488283,0.13442223815214688,285,9.857577016140118e-07,0.8104800000000978
179,1.0,50.0,0.0,0.0957808240659556,0.0957508248358986,0.1342668766674728,0.029999230057001114,0.036433011293411255,0.2499999850988388,0.25341796875,0.0010526631958782673,0.1342668766674728,285,9.883566729090164e-07,0.8541914000088582
180,1.0,50.0,0.0,0.0956704247338165,0.09564041207595061,0.13411350199951935,0.03001265786588192,0.036288004368543625,0.25,0.253173828125,0.0010445031803101301,0.13411350199951935,285,9.909643335584618e-07,0.8689454999985173
181,1.0,50.0,0.0,0.09556151037687831,0.09553148445139104,0.13396205186627858,0.030025925487279892,0.036144547164440155,0.2499999850988388,0.253173828125,0.001036463538184762,0.13396205186627858,285,9.93580476186662e-07,0.8495261000061873
182,1.0,50.0,0.0,0.09545403481694692,0.09542399575794869,0.133821079966636,0.03003905899822712,0.036002613604068756,0.25,0.253173828125,0.0010285399621352553,0.133821079966636,285,9.962055866484391e-07,0.8626324999931967
183,1.0,50.0,0.0,0.09534799237070668,0.09531794032534648,0.13369117644615824,0.030052045360207558,0.03586217015981674,0.2499999850988388,0.253173828125,0.001020733267068863,0.13369117644615824,285,9.98837795994874e-07,0.8197980999975698
184,1.0,50.0,0.0,0.09524333407101607,0.09521326919016813,0.1335628473042141,0.030064880847930908,0.03572319447994232,0.2499999701976776,0.253173828125,0.0010130387963727117,0.1335628473042141,286,9.81004127781392e-07,0.9118785000027856
185,1.0,50.0,0.0,0.09514003759773092,0.09510996003599481,0.13343607141416666,0.030077561736106873,0.035585660487413406,0.2499999850988388,0.253173828125,0.0010054551530629396,0.13343607141416666,286,9.81133611721345e-07,0.8891313999920385
186,1.0,50.0,0.0,0.09503808278859562,0.09500799270988411,0.13331083011329622,0.030090078711509705,0.03544953465461731,0.25,0.253173828125,0.0009979796595871449,0.13331083011329622,286,9.811950273203395e-07,0.8646274999919115
187,1.0,50.0,0.0,0.0949374296990178,0.09490732725420516,0.13318707631842208,0.03010244481265545,0.03531479835510254,0.2499999850988388,0.253173828125,0.0009906099876388907,0.13318707631842208,286,9.810992016177585e-07,0.8485259000008227
188,1.0,50.0,0.0,0.09483804852074967,0.094807933871886,0.13306477788069943,0.03011464886367321,0.035181425511837006,0.25,0.253173828125,0.000983343692496419,0.13306477788069943,286,9.807794171173051e-07,0.8428797999949893
189,1.0,50.0,0.0,0.09473992842433328,0.09470980172229285,0.1329439281689704,0.030126702040433884,0.03504939377307892,0.2499999850988388,0.253173828125,0.0009761791443452239,0.1329439281689704,286,9.801879783122163e-07,0.8408454000018537
190,1.0,50.0,0.0,0.0946430309584228,0.09461289233545342,0.13282448145552975,0.030138622969388962,0.03491867333650589,0.25,0.253173828125,0.0009691134328022599,0.13282448145552975,286,9.793004486938354e-07,0.8463738999998895
191,1.0,50.0,0.0,0.09454734202071921,0.09451719162769512,0.13270642613213846,0.030150393024086952,0.034789249300956726,0.25,0.253173828125,0.0009621456847526133,0.13270642613213846,286,9.781091373927027e-07,0.8814522000029683
192,1.0,50.0,0.0,0.09445283011433708,0.09442266808909404,0.13258972793074242,0.0301620252430439,0.034661099314689636,0.2499999701976776,0.253173828125,0.0009552724659442902,0.13258972793074242,286,9.78264153528609e-07,0.848249599992414
193,1.0,50.0,0.0,0.09435946295013478,0.09432928941560736,0.13247434918940243,0.030173534527420998,0.034534189850091934,0.25,0.253173828125,0.000948492088355124,0.13247434918940243,286,9.806345302279962e-07,0.830797500006156
194,1.0,50.0,0.0,0.09426722901065158,0.09423704409722494,0.13236028178566703,0.03018491342663765,0.034408509731292725,0.25,0.2529296875,0.0009418040863238275,0.13236028178566703,286,9.829987975175155e-07,0.8552099000080489
195,1.0,50.0,0.0,0.09417612893423118,0.09414593277042783,0.13224753404288483,0.030196163803339005,0.03428403288125992,0.25,0.2529296875,0.0009352065389975905,0.13224753404288483,286,9.853552200008067e-07,0.8424083999998402
196,1.0,50.0,0.0,0.0940860962101025,0.0940558889132691,0.13213601906675232,0.030207296833395958,0.03416074812412262,0.2499999701976776,0.2529296875,0.000928696186747402,0.13213601906675232,286,9.87704500105221e-07,0.837523100010003
197,1.0,50.0,0.0,0.09399712240880327,0.09396690410559969,0.13202573487458383,0.030218303203582764,0.03403862938284874,0.25,0.2529296875,0.0009222719236277044,0.13202573487458383,286,9.900467520988467e-07,0.8391837999952259
198,1.0,50.0,0.0,0.09390921490457851,0.09387898572166462,0.1319166975175584,0.03022918291389942,0.033917658030986786,0.2499999850988388,0.2529296875,0.0009159325272776186,0.1319166975175584,286,9.923809934091574e-07,0.8164906000019982
199,1.0,50.0,0.0,0.09382233093104014,0.09379209100252638,0.1318088544927512,0.030239928513765335,0.033797815442085266,0.2499999850988388,0.2529296875,0.0009096757275983691,0.1318088544927512,286,9.947078093602825e-07,0.8588602000090759
200,2.0,200.0,0.005,0.09852640584409268,0.09843783931825342,0.1169690894298811,0.030920112505555153,0.011529282666742802,0.25,0.25146484375,0.000727423932403326,0.1169690894298811,291,9.78686882537961e-07,0.874687300005462
201,2.0,200.0,0.005,0.09848656082153819,0.0983981668949177,0.11690945315062078,0.030925223603844643,0.011493740603327751,0.2499999850988388,0.25146484375,0.0007229274488054216,0.11690945315062078,291,9.779489905147993e-07,0.8487027999944985
202,2.0,200.0,0.005,0.0984397101812985,0.09835147274108494,0.11682932056557356,0.03093115985393524,0.011461256071925163,0.25,0.25146484375,0.0007168316515162587,0.11682932056557356,291,9.807751447439078e-07,0.8478829000086989
203,2.0,200.0,0.005,0.09838695521018426,0.09829885994567493,0.11673150112626049,0.030937818810343742,0.011431489139795303,0.2499999850988388,0.25146484375,0.0007097056950442493,0.11673150112626049,291,9.65629063203859e-07,0.8203326999937417
204,2.0,200.0,0.005,0.09832932500969353,0.09824135916828844,0.11661857233866152,0.03094511851668358,0.011404144577682018,0.25,0.25146484375,0.0007020185585133731,0.11661857233866152,291,9.664434505951127e-07,0.8318576000019675
205,2.0,200.0,0.005,0.0982677405408829,0.09817989280328746,0.11649290743029102,0.030952980741858482,0.011378951370716095,0.2499999850988388,0.251708984375,0.0006941218744032085,0.11649290743029102,291,9.743459641432902e-07,0.8400809000013396
206,2.0,200.0,0.005,0.09820305105652,0.09811531131695296,0.11635679107064795,0.030961351469159126,0.011355677619576454,0.25,0.251708984375,0.0006862420123070478,0.11635679107064795,291,9.336214928702203e-07,0.9132312000001548
207,2.0,200.0,0.005,0.09813601373856426,0.09804837303211451,0.11621244506890702,0.030970174819231033,0.01133410632610321,0.2499999850988388,0.251708984375,0.0006784737925045192,0.11621244506890702,291,9.924464804311422e-07,0.8444668999873102
208,2.0,200.0,0.005,0.09806727535413998,0.09797972567888397,0.11606203378879928,0.030979419127106667,0.01131405122578144,0.2499999701976776,0.251953125,0.0006707782740704715,0.11606203378879928,291,9.811440570251711e-07,0.8417754999973113
209,2.0,200.0,0.005,0.09799744682127476,0.09790998109543561,0.11590774681490489,0.03098904900252819,0.011295335367321968,0.25,0.251953125,0.0006629860727116466,0.11590774681490489,291,9.693462164794007e-07,0.8199021000036737
210,2.0,200.0,0.005,0.09792706786490663,0.09783967984210386,0.11575171548688114,0.030999043956398964,0.011277795769274235,0.2499999850988388,0.251953125,0.0006548062665387988,0.11575171548688114,291,9.56329773361198e-07,0.8898735999973724
211,2.0,200.0,0.005,0.09785664739796736,0.09776933160295553,0.11561204947917765,0.031009377911686897,0.011261283420026302,0.2499999850988388,0.251953125,0.0006458509596996009,0.11561204947917765,291,9.417103785605376e-07,0.8315837999980431
212,2.0,200.0,0.005,0.0977866803155694,0.09769943201629853,0.11548561359859988,0.0310200247913599,0.01124565489590168,0.2499999850988388,0.25146484375,0.0006356775993481278,0.11548561359859988,291,9.923588100348475e-07,0.8896597999992082
213,2.0,200.0,0.005,0.09771763607964354,0.09763045127142655,0.11535877899969985,0.031030960381031036,0.0112307695671916,0.25,0.250732421875,0.0006238523637875915,0.11535877899969985,291,9.770684859248307e-07,0.8426805999915814
214,2.0,200.0,0.005,0.09764999246037984,0.09756286785192275,0.11523227800710104,0.031042151153087616,0.011216491460800171,0.2499999850988388,0.250244140625,0.0006100275786593556,0.11523227800710104,290,9.850886225263832e-07,0.8434691000002204
215,2.0,200.0,0.005,0.09758418850241299,0.09749712147763069,0.11510681717566593,0.031053615733981133,0.011202681809663773,0.25,0.250244140625,0.0005940145929343998,0.11510681717566593,290,9.967640226722857e-07,0.8342577000003075
216,2.0,200.0,0.005,0.09752068076864863,0.09743366944068158,0.11498315071736878,0.03106524422764778,0.011189216747879982,0.2499999850988388,0.250244140625,0.0005758405313827097,0.11498315071736878,290,9.856850190515872e-07,0.8352520000044024
217,2.0,200.0,0.005,0.0974598636618602,0.09737290686655518,0.11486199680059511,0.031076975166797638,0.011175964027643204,0.2499999850988388,0.250244140625,0.0005557576077990234,0.11486199680059511,290,9.75496603070404e-07,0.8731843999994453
218,2.0,200.0,0.005,0.09740208253530534,0.09731517976881685,0.11474405082075531,0.03108872100710869,0.01116280909627676,0.25,0.250244140625,0.0005342187359929085,0.11474405082075531,290,9.666291864622767e-07,0.8607967999996617
219,2.0,200.0,0.005,0.0973475958343946,0.0972607472028934,0.11464061304187742,0.031100407242774963,0.01114964485168457,0.2499999850988388,0.250244140625,0.0005118122207932174,0.11464061304187742,290,9.59504340598438e-07,0.8215460000064922
220,2.0,200.0,0.005,0.09729658282509238,0.09720978894790798,0.11454173992025898,0.031111953780055046,0.011136384680867195,0.25,0.25,0.0004891823627986014,0.11454173992025898,290,9.543775253917928e-07,0.8028436000022339
221,2.0,200.0,0.005,0.09724915382767901,0.09716241574416742,0.11444606215714258,0.03112328052520752,0.011122960597276688,0.2499999850988388,0.250244140625,0.0004669508198276162,0.11444606215714258,290,9.510461745060264e-07,0.8194725999928778
222,2.0,200.0,0.005,0.09720526570888913,0.09711858477226204,0.11435381654555418,0.031134339049458504,0.011109319515526295,0.2499999850988388,0.250732421875,0.00044564902782440186,0.11435381654555418,290,9.481461205325941e-07,0.8238943000033032
223,2.0,200.0,0.005,0.09716484365850525,0.09707822137564259,0.11426523166711536,0.031145110726356506,0.011095434427261353,0.2499999850988388,0.250732421875,0.0004256871761754155,0.11426523166711536,290,9.379743526199302e-07,0.8520576000009896
224,2.0,200.0,0.005,0.0971277352160906,0.09704117321121894,0.1141804521381545,0.031155524775385857,0.011081296019256115,0.25,0.250732421875,0.0004073388990946114,0.1141804521381545,290,9.089449672051567e-07,0.8318138000031468
225,2.0,200.0,0.005,0.0970937356129061,0.09700723556054341,0.11409955219357693,0.031165512278676033,0.01106690801680088,0.25,0.250732421875,0.0003907466016244143,0.11409955219357693,290,9.079654812480856e-07,0.8300396999984514
226,2.0,200.0,0.005,0.09706262013215314,0.09697618363510559,0.11402255886762938,0.031175047159194946,0.011052289977669716,0.2499999850988388,0.2509765625,0.00037594500463455915,0.11402255886762938,290,9.075719506906933e-07,0.8487000999884913
227,2.0,200.0,0.005,0.09703414346845597,0.09694777200193852,0.11394944410934349,0.031184103339910507,0.011037472635507584,0.2499999850988388,0.2509765625,0.0003628843405749649,0.11394944410934349,290,9.0855815126976e-07,0.8319740000006277
228,2.0,200.0,0.005,0.09700804367580053,0.09692173856787917,0.11388012269290268,0.031192678958177567,0.011022485792636871,0.2499999850988388,0.251220703125,0.0003514573036227375,0.11388012269290268,290,9.966484770658067e-07,0.8582725000014761
229,2.0,200.0,0.005,0.0969840984550516,0.09689786083262664,0.1138160180738973,0.031200779601931572,0.011007368564605713,0.2499999850988388,0.250732421875,0.00034152372973039746,0.1138160180738973,290,9.915838493050633e-07,0.8260924000060186
230,2.0,200.0,0.005,0.09696207654338677,0.09687590735081932,0.113764863748225,0.03120841085910797,0.010992156341671944,0.25,0.25048828125,0.0003329261380713433,0.113764863748225,290,9.874571162603855e-07,0.8317771000001812
231,2.0,200.0,0.005,0.09694174554153304,0.09685564553878227,0.11371697950881254,0.031215598806738853,0.0109768807888031,0.2499999850988388,0.25048828125,0.00032550390460528433,0.11371697950881254,290,9.923236500000333e-07,0.874554399997578
232,2.0,200.0,0.005,0.09692291310176628,0.09683688285321371,0.11367214456923451,0.031222352758049965,0.010961579158902168,0.25,0.25048828125,0.00031910339021123946,0.11367214456923451,290,9.904121824745583e-07,0.8495017999957781
233,2.0,200.0,0.005,0.0969054003227914,0.09681944025684541,0.11363014526779383,0.0312286876142025,0.010946275666356087,0.2499999850988388,0.25048828125,0.0003135819861199707,0.11363014526779383,290,9.950307884877818e-07,0.8422737000073539
234,2.0,200.0,0.005,0.09688905530716159,0.09680316569576837,0.11359078919845264,0.031234629452228546,0.010930996388196945,0.25,0.25048828125,0.000308811868308112,0.11359078919845264,290,9.986365796644043e-07,0.8588085000083083
235,2.0,200.0,0.005,0.09687370476689774,0.09678788579259653,0.11355385335871596,0.0312401931732893,0.010915756225585938,0.25,0.250732421875,0.0003046779311262071,0.11355385335871596,290,9.235229534068782e-07,0.8314267999958247
236,2.0,200.0,0.005,0.09685925127117255,0.0967735029861174,0.11351919445928595,0.03124539740383625,0.010900577530264854,0.25,0.250732421875,0.00030108194914646447,0.11351919445928595,290,9.250626744060227e-07,0.877212099992903
237,2.0,200.0,0.005,0.09684556367513453,0.09675988605231707,0.11348662540322577,0.03125026077032089,0.010885472409427166,0.25,0.250732421875,0.00029793757130391896,0.11348662540322577,290,9.265741689766485e-07,0.8385769000014989
238,2.0,200.0,0.005,0.09683253834828977,0.09674693131599818,0.11345598708494546,0.031254809349775314,0.01087044458836317,0.2499999701976776,0.250732421875,0.00029517142684198916,0.11345598708494546,290,9.280690624650759e-07,0.8256757000053767
239,2.0,200.0,0.005,0.09682008318048382,0.0967345465943631,0.11342712887101104,0.03125905990600586,0.010855505242943764,0.25,0.250732421875,0.0002927202149294317,0.11342712887101104,290,9.295492736406559e-07,0.8263408000057098
240,2.0,200.0,0.005,0.09680813922758061,0.09672267289112169,0.11339993736133865,0.031263045966625214,0.010840658098459244,0.25,0.25048828125,0.00029053117032162845,0.11339993736133865,290,9.310146567972801e-07,0.8530977999907918
241,2.0,200.0,0.005,0.09679662793853393,0.09671123157327137,0.11337427437536787,0.03126683086156845,0.01082590688019991,0.2499999850988388,0.25048828125,0.00028855892014689744,0.11337427437536787,290,9.324605470485492e-07,0.8670623999933014
242,2.0,200.0,0.005,0.0967854770976408,0.09670015045956809,0.1133500082121891,0.031270384788513184,0.010811250656843185,0.25,0.25048828125,0.0002867660077754408,0.1133500082121891,290,9.338817045140505e-07,0.8125104000064312
243,2.0,200.0,0.005,0.09677465805567365,0.09668940089799027,0.11332705732755696,0.03127371519804001,0.010796688497066498,0.25,0.25048828125,0.00028512111748568714,0.11332705732755696,290,9.352751441203532e-07,0.823963199989521
244,2.0,200.0,0.005,0.09676412698116608,0.09667893900212356,0.11330532285678084,0.03127684444189072,0.010782226920127869,0.25,0.25048828125,0.00028359718271531165,0.11330532285678084,290,9.366369956721115e-07,0.8360576999984914
245,2.0,200.0,0.005,0.09675381745534985,0.09666869839045254,0.11328467984527835,0.0312797911465168,0.010767854750156403,0.25,0.25048828125,0.0002821717644110322,0.11328467984527835,290,9.379640777209967e-07,0.8659467000106815
246,2.0,200.0,0.005,0.0967437357998561,0.09665868534921816,0.11326508948241247,0.031282562762498856,0.010753577575087547,0.25,0.250732421875,0.0002808268181979656,0.11326508948241247,290,9.392603073187231e-07,0.8778470999968704
247,2.0,200.0,0.005,0.09673381685332927,0.09664883469657573,0.11324642986715804,0.031285226345062256,0.010739386081695557,0.2499999850988388,0.250732421875,0.0002795466862153262,0.11324642986715804,290,9.405260438369428e-07,0.8334869000100298
248,2.0,200.0,0.005,0.09672406188729725,0.0966391477357181,0.11322865878569432,0.03128774091601372,0.01072528213262558,0.25,0.25048828125,0.0002783198724500835,0.11322865878569432,290,9.417663022960678e-07,0.850399799994193
249,2.0,200.0,0.005,0.09671444667547908,0.09662960022266921,0.11321170398911116,0.03129012882709503,0.010711264796555042,0.2499999850988388,0.25048828125,0.00027713546296581626,0.11321170398911116,290,9.429862197580163e-07,0.8586589000042295
250,2.0,200.0,0.005,0.09670495204946873,0.09662017301044343,0.11319550287473312,0.031292401254177094,0.010697327554225922,0.2499999701976776,0.25048828125,0.0002759854542091489,0.11319550287473312,290,9.441918100245641e-07,0.855531900000642
251,2.0,200.0,0.005,0.09669555327824275,0.09661084137826184,0.1131799853331987,0.0312945619225502,0.010683467611670494,0.25,0.25048828125,0.0002748630358837545,0.1131799853331987,290,9.45387327555917e-07,0.8481113999878289
252,2.0,200.0,0.005,0.09668625743168895,0.09660161238017981,0.11316512250650461,0.03129662200808525,0.010669685900211334,0.25,0.25048828125,0.0002737623290158808,0.11316512250650461,290,9.465806241296679e-07,0.8440482000005431
253,2.0,200.0,0.005,0.09667703644805749,0.09659245797493655,0.1131508437626392,0.03129858896136284,0.010655976831912994,0.25,0.25048828125,0.00027267957921139896,0.1131508437626392,290,9.477744875068454e-07,0.829522400003043
254,2.0,200.0,0.005,0.09666789744539532,0.09658338528057907,0.11313712249305026,0.031300462782382965,0.010642340406775475,0.25,0.25048828125,0.0002716112940106541,0.11313712249305026,290,9.489729196622927e-07,0.8728365999995731
255,2.0,200.0,0.005,0.09665882200630503,0.09657437590858088,0.11312390422938257,0.03130224719643593,0.010628770105540752,0.25,0.25048828125,0.00027055470854975283,0.11312390422938257,290,9.99828605736693e-07,1.028714999993099
256,2.0,200.0,0.005,0.09664981305546821,0.09656543277803571,0.11311115945880597,0.03130393847823143,0.010615267790853977,0.2499999850988388,0.25048828125,0.0002695078728720546,0.11311115945880597,290,9.997745798373496e-07,0.8821519999910379
257,2.0,200.0,0.005,0.0966408578004827,0.0965565430900221,0.11309884335987438,0.03130556643009186,0.010601828806102276,0.2499999701976776,0.25048828125,0.00026846869150176644,0.11309884335987438,290,9.998792272480749e-07,0.8165245999989565
258,2.0,200.0,0.005,0.0966319580865717,0.09654770866648019,0.11308692861422248,0.031307149678468704,0.010588454082608223,0.2499999850988388,0.25048828125,0.00026743634953163564,0.11308692861422248,290,9.538610608395328e-07,0.9027568000019528
259,2.0,200.0,0.005,0.09662310541226161,0.09653892104132665,0.11307537861592319,0.03130868077278137,0.01057513803243637,0.25,0.25048828125,0.0002664102939888835,0.11307537861592319,290,9.55109082203548e-07,0.8597575000021607
260,2.0,200.0,0.005,0.09661430128821089,0.09653018172335728,0.11306416866218606,0.031310152262449265,0.010561882518231869,0.2499999850988388,0.25048828125,0.0002653900010045618,0.11306416866218606,290,9.563672019074876e-07,0.8899774999881629
261,2.0,200.0,0.005,0.09660553840678347,0.09652148342449379,0.11305326569684393,0.03131156787276268,0.010548682883381844,0.25,0.25048828125,0.0002643745974637568,0.11305326569684393,290,9.576310771726968e-07,0.8298002000083216
262,2.0,200.0,0.005,0.09659682366331701,0.09651283302889799,0.1130426547773644,0.031312938779592514,0.010535539127886295,0.25,0.25048828125,0.000263364112470299,0.1130426547773644,290,9.589007404590444e-07,0.8937786999886157
263,2.0,200.0,0.005,0.09658815764463281,0.09650423111966586,0.11303231506319804,0.031314268708229065,0.010522451251745224,0.2499999850988388,0.25048828125,0.0002623593609314412,0.11303231506319804,290,9.601737969438441e-07,0.8482485999993514
264,2.0,200.0,0.005,0.09657952409442004,0.09649566146376964,0.11302220661991799,0.03131555765867233,0.010509414598345757,0.25,0.25048828125,0.0002613594988361001,0.11302220661991799,290,9.614462543940091e-07,0.8229107000079239
265,2.0,200.0,0.005,0.09657093449226271,0.09648713552496087,0.11301232368082126,0.03131681680679321,0.010496430099010468,0.25,0.25048828125,0.00026036458439193666,0.11301232368082126,290,9.627149024605705e-07,0.8240791999996873
266,2.0,200.0,0.005,0.0965623858143646,0.09647865029620711,0.11300264496424926,0.03131803870201111,0.010483495891094208,0.25,0.25048828125,0.00025937557802535594,0.11300264496424926,290,9.63978888231074e-07,0.8414296999981161
267,2.0,200.0,0.005,0.09655387414863023,0.09647020186541291,0.11299314862230345,0.03131922334432602,0.010470611974596977,0.2499999850988388,0.25048828125,0.00025839218869805336,0.11299314862230345,290,9.652333416012587e-07,0.828232100000605
268,2.0,200.0,0.005,0.09654539844462452,0.09646178918586848,0.11298381779863476,0.03132038563489914,0.010457774624228477,0.2499999850988388,0.250732421875,0.0002574147074483335,0.11298381779863476,290,9.664755124187774e-07,0.8100330000015674
269,2.0,200.0,0.005,0.0965369649174473,0.09645341847919289,0.11297464513184538,0.03132151439785957,0.010444984771311283,0.25,0.250732421875,0.00025644354172982275,0.11297464513184538,290,9.677037301251864e-07,0.8146569000091404
270,2.0,200.0,0.005,0.09652857058817135,0.09644508675993965,0.11296561358717747,0.03132262080907822,0.01043224148452282,0.2499999850988388,0.250732421875,0.0002554787206463516,0.11296561358717747,290,9.689151525208904e-07,0.8142894000047818
271,2.0,200.0,0.005,0.09652021733713037,0.0964367958963353,0.11295671242783872,0.031323712319135666,0.010419545695185661,0.25,0.25048828125,0.00025452079717069864,0.11295671242783872,290,9.701077028970456e-07,0.8079709000012372
272,2.0,200.0,0.005,0.09651189658358747,0.09642853735048378,0.11294791973875909,0.03132477402687073,0.01040689181536436,0.25,0.25048828125,0.0002535697421990335,0.11294791973875909,290,9.712773491504617e-07,0.8622353999962797
273,2.0,200.0,0.005,0.09650362134674921,0.09642032410247608,0.11293924000227515,0.0313258171081543,0.010394285432994366,0.2499999850988388,0.25048828125,0.0002526257303543389,0.11293924000227515,290,9.724242866565524e-07,0.8693342000042321
274,2.0,200.0,0.005,0.0964953666646846,0.09641213124812323,0.11293063397703702,0.03132683038711548,0.01038171723484993,0.2499999850988388,0.250244140625,0.00025168905267491937,0.11293063397703702,290,9.735441661105706e-07,0.8269018999999389
275,2.0,200.0,0.005,0.09648716593143372,0.09640399211720406,0.11292213136739641,0.03132783621549606,0.010369195602834225,0.25,0.250244140625,0.00025075970916077495,0.11292213136739641,290,9.746377650026085e-07,0.8463256999966688
276,2.0,200.0,0.005,0.09647899193745901,0.09639587954488446,0.11291369177013309,0.031328827142715454,0.010356713086366653,0.2499999850988388,0.250244140625,0.00024983834009617567,0.11291369177013309,290,9.757023560341398e-07,0.814333300004364
277,2.0,200.0,0.005,0.09647086085017867,0.09638780968833811,0.1129053259938463,0.03132979944348335,0.01034427247941494,0.2499999850988388,0.250244140625,0.0002489248872734606,0.1129053259938463,290,9.767369770028635e-07,0.838972500001546
278,2.0,200.0,0.005,0.09646276614136125,0.09637977603330339,0.11289702010105059,0.03133075311779976,0.01033187098801136,0.25,0.250244140625,0.0002480192924849689,0.11289702010105059,290,9.777415413116037e-07,0.8352630000008503
279,2.0,200.0,0.005,0.09645470487681615,0.09637177562416929,0.11288876364351845,0.03133169561624527,0.010319511406123638,0.25,0.250244140625,0.00024712164304219186,0.11288876364351845,290,9.787141825459625e-07,0.850011500006076
280,2.0,200.0,0.005,0.0964466766946194,0.09636380812229489,0.1128805500473981,0.031332626938819885,0.0103071890771389,0.2499999850988388,0.250244140625,0.00024623217177577317,0.1128805500473981,290,9.79653905753855e-07,0.8361074999993434
281,2.0,200.0,0.005,0.09643868222328093,0.09635587414967087,0.11287237524251621,0.03133353963494301,0.010294906795024872,0.2499999850988388,0.250244140625,0.00024535084958188236,0.11287237524251621,290,9.805619633712236e-07,0.8310938999929931
282,2.0,200.0,0.005,0.09643073357884635,0.09634798580557902,0.11286424844791769,0.03133445978164673,0.010282662697136402,0.2499999850988388,0.250244140625,0.0002444775018375367,0.11286424844791769,290,9.814377159487986e-07,0.8167416000069352
283,2.0,200.0,0.005,0.0964228009835912,0.09634011335699838,0.11285613036708271,0.031335361301898956,0.010270453058183193,0.25,0.250244140625,0.00024361239047721028,0.11285613036708271,290,9.822796160327553e-07,0.8699895000027027
284,2.0,200.0,0.005,0.09641491851972162,0.09633229085074484,0.1128480575186588,0.03133625164628029,0.010258283466100693,0.2499999850988388,0.250244140625,0.0002427557046758011,0.1128480575186588,290,9.830901306377692e-07,0.8384784999943804
285,2.0,200.0,0.005,0.0964070636013766,0.09632449573262233,0.11283999987366265,0.03133712708950043,0.010246148332953453,0.25,0.250244140625,0.0002419072261545807,0.11283999987366265,290,9.838679755727129e-07,0.8683695999934571
286,2.0,200.0,0.005,0.09639924901009096,0.09631674077112717,0.11283196942727443,0.03133799135684967,0.010234049521386623,0.25,0.250244140625,0.0002410668384982273,0.11283196942727443,290,9.846139404113546e-07,0.8114094000047771
287,2.0,200.0,0.005,0.09639145964516989,0.09630901087022117,0.11282394553245095,0.03133884444832802,0.010221986100077629,0.25,0.250244140625,0.00024023442529141903,0.11282394553245095,290,9.853286538309647e-07,0.8369658000010531
288,2.0,200.0,0.005,0.09638370618734429,0.0963013167097039,0.11281593892983394,0.03133968263864517,0.010209959000349045,0.25,0.250244140625,0.0002394100301899016,0.11281593892983394,290,9.860117570116015e-07,0.8282788000069559
289,2.0,200.0,0.005,0.09637599253329969,0.09629366218439823,0.11280795239558887,0.03134051710367203,0.010197966359555721,0.2499999850988388,0.250244140625,0.0002385938132647425,0.11280795239558887,290,9.866660071061886e-07,0.8166060000075959
290,2.0,200.0,0.005,0.09636830270998212,0.09628603133708272,0.11279996516544229,0.03134133666753769,0.010186007246375084,0.2499999701976776,0.250244140625,0.00023778526519890875,0.11279996516544229,290,9.872893828900216e-07,0.878236199991079
291,2.0,200.0,0.005,0.09636064150345078,0.09627842895474782,0.112791982100277,0.031342145055532455,0.010174080729484558,0.25,0.250244140625,0.0002369845606153831,0.112791982100277,290,9.878849904473436e-07,0.8564878000033787
292,2.0,200.0,0.005,0.09635301668468775,0.09627086279626848,0.11278401071751147,0.03134294971823692,0.010162187740206718,0.2499999850988388,0.250244140625,0.00023619105922989547,0.11278401071751147,290,9.884524359266116e-07,0.8245685000001686
293,2.0,200.0,0.005,0.09634541643117094,0.09626332102701537,0.11277603635949528,0.03134375810623169,0.01015032920986414,0.2499999850988388,0.250244140625,0.0002354056923650205,0.11277603635949528,290,9.889925220562878e-07,0.8413843000016641
294,2.0,200.0,0.005,0.09633785571017883,0.09625581863941274,0.11276807666119822,0.03134455904364586,0.010138502344489098,0.25,0.250244140625,0.00023462781973648816,0.11276807666119822,290,9.89507662509529e-07,0.8465069999947445
295,2.0,200.0,0.005,0.09633031746697443,0.09624833857034165,0.11276011062867201,0.03134535625576973,0.010126708075404167,0.25,0.250244140625,0.00023385667009279132,0.11276011062867201,290,9.899967126545017e-07,0.8403799999941839
296,2.0,200.0,0.005,0.09632281513348792,0.09624089425359492,0.11275215386263517,0.0313461571931839,0.010114944539964199,0.25,0.250244140625,0.00023309346579480916,0.11275215386263517,290,9.904625037365529e-07,0.8462262999964878
297,2.0,200.0,0.005,0.09631534248672417,0.09623347945965818,0.11274419928414053,0.03134695440530777,0.010103214532136917,0.25,0.250244140625,0.00023233752290252596,0.11274419928414053,290,9.909054609447685e-07,0.8823157000006177
298,2.0,200.0,0.005,0.0963078965106272,0.09622609119017057,0.11273624275815003,0.031347744166851044,0.010091515257954597,0.25,0.250244140625,0.0002315885212738067,0.11273624275815003,290,9.913251650144195e-07,0.8559888000017963
299,2.0,200.0,0.005,0.09630048285005317,0.0962187351039581,0.11272829226168066,0.03134852647781372,0.010079843923449516,0.25,0.250244140625,0.00023084665008354932,0.11272829226168066,290,9.917245697756446e-07,0.8412459999963176
300,2.0,200.0,0.005,0.09629308418302265,0.09621139386414018,0.11272032700880726,0.0313492976129055,0.010068204253911972,0.25,0.250244140625,0.00023011145822238177,0.11272032700880726,290,9.921030520726331e-07,0.8289139999978943
301,2.0,200.0,0.005,0.09628572657523321,0.09620409352989512,0.11271237831995713,0.031350068747997284,0.01005659531801939,0.2499999701976776,0.250244140625,0.00022938306210562587,0.11271237831995713,290,9.924627794337078e-07,0.8301173000072595
302,2.0,200.0,0.005,0.09627839627244589,0.09619682034605262,0.112704431041152,0.03135083615779877,0.010045018047094345,0.2499999850988388,0.250244140625,0.00022866135986987501,0.112704431041152,290,9.928046686447016e-07,0.8452647999947658
303,2.0,200.0,0.005,0.09627107556636517,0.09618955664902067,0.11269646416282626,0.031351592391729355,0.01003346499055624,0.25,0.250244140625,0.00022794600226916373,0.11269646416282626,290,9.931276757915535e-07,0.8675280999887036
304,2.0,200.0,0.005,0.09626379759453649,0.09618233553070987,0.1126885179175691,0.031352341175079346,0.010021944530308247,0.25,0.250244140625,0.00022723736765328795,0.1126885179175691,290,9.934355534185503e-07,0.8384910000022501
305,2.0,200.0,0.005,0.09625655207389541,0.09617514671736904,0.11268058079082345,0.03135308250784874,0.010010454803705215,0.2499999850988388,0.250244140625,0.0002265349612571299,0.11268058079082345,290,9.937275011537397e-07,0.8488917999929981
306,2.0,200.0,0.005,0.09624931523121229,0.09616796645998289,0.11267262604993401,0.031353820115327835,0.009998990222811699,0.2499999850988388,0.250244140625,0.00022583856480196118,0.11267262604993401,290,9.940042413845574e-07,0.8321426000038628
307,2.0,200.0,0.005,0.09624211103005867,0.09616081870722185,0.11266468247608,0.031354550272226334,0.009987554512917995,0.2499999850988388,0.250244140625,0.00022514835291076452,0.11266468247608,290,9.942675026870786e-07,0.856582399996114
308,2.0,200.0,0.005,0.09623493903451116,0.09615370302223117,0.11265675045051121,0.03135526925325394,0.00997614860534668,0.25,0.250244140625,0.000224464267375879,0.11265675045051121,290,9.945183817659254e-07,0.8329095000080997
309,2.0,200.0,0.005,0.09622779232639556,0.09614661249335592,0.11264882279698749,0.03135598450899124,0.009964769706130028,0.2499999701976776,0.250244140625,0.0002237860026070848,0.11264882279698749,290,9.94756737847526e-07,0.8736992999911308
310,2.0,200.0,0.005,0.09622067398917734,0.09613955019102305,0.11264090416973359,0.031356699764728546,0.009953419677913189,0.2499999701976776,0.250244140625,0.0002231136750197038,0.11264090416973359,290,9.949831613845636e-07,0.8059504999982892
311,2.0,200.0,0.005,0.09621356331068422,0.09613249543379392,0.11263297138939399,0.031357407569885254,0.00994209386408329,0.2499999850988388,0.250244140625,0.00022244676074478775,0.11263297138939399,290,9.951981851364944e-07,0.8315368000039598
312,2.0,200.0,0.005,0.09620648985493759,0.09612547775309364,0.11262505991349302,0.031358107924461365,0.009930798783898354,0.2499999850988388,0.250244140625,0.00022178557992447168,0.11262505991349302,290,9.95403698841977e-07,0.8284157000016421
313,2.0,200.0,0.005,0.09619943081412359,0.09611847437836124,0.11261714426276052,0.03135880082845688,0.009919526986777782,0.25,0.250244140625,0.00022112966689746827,0.11261714426276052,290,9.955989977124457e-07,0.8548876999993809
314,2.0,200.0,0.005,0.0961924053293977,0.09611150441815593,0.11260924768367518,0.031359486281871796,0.009908284991979599,0.2499999850988388,0.250244140625,0.00022047944366931915,0.11260924768367518,290,9.95786118865488e-07,0.8605624000047101
315,2.0,200.0,0.005,0.09618540661637665,0.0961045611039269,0.11260136319900903,0.03136017173528671,0.00989706814289093,0.2499999850988388,0.250244140625,0.00021983467740938067,0.11260136319900903,290,9.959651996287887e-07,0.8481475999869872
316,2.0,200.0,0.005,0.09617841910726274,0.09609762887439573,0.11259347389491405,0.031360846012830734,0.00988587737083435,0.25,0.250244140625,0.00021919482969678938,0.11259347389491405,290,9.961359392256575e-07,0.848541600003955
317,2.0,200.0,0.005,0.09617146273949548,0.09609072766327664,0.11258560369728327,0.03136151283979416,0.00987471267580986,0.2499999850988388,0.250244140625,0.0002185603225370869,0.11258560369728327,290,9.962997537787254e-07,0.836981399988872
318,2.0,200.0,0.005,0.09616452736955701,0.09608384731960116,0.1125777422503894,0.031362179666757584,0.009863574057817459,0.2499999850988388,0.250244140625,0.00021793076302856207,0.1125777422503894,290,9.96457435141937e-07,0.8276775999984238
319,2.0,200.0,0.005,0.09615762192145685,0.09607699677389811,0.11256990070115418,0.03136283531785011,0.009852462448179722,0.2499999701976776,0.250244140625,0.00021730644220951945,0.11256990070115418,290,9.96609322499285e-07,0.8598675999965053
320,2.0,200.0,0.005,0.096150728790776,0.09607015843758093,0.1125620590098137,0.031363487243652344,0.009841373190283775,0.25,0.250244140625,0.00021668655972462147,0.1125620590098137,290,9.967544526859092e-07,0.8189077999995789
321,2.0,200.0,0.005,0.09614385694554817,0.096063341251675,0.11255422877745881,0.031364139169454575,0.009830310940742493,0.25,0.250244140625,0.00021607184316962957,0.11255422877745881,290,9.968943782949497e-07,0.8613116999913473
322,2.0,200.0,0.005,0.09613701793378646,0.09605655677630061,0.11254642512153631,0.03136478364467621,0.0098192747682333,0.2499999850988388,0.250244140625,0.00021546188509091735,0.11254642512153631,290,9.970305358780202e-07,0.8583726999931969
323,2.0,200.0,0.005,0.09613018651676522,0.09604977979135858,0.11253861865509493,0.031365420669317245,0.009808260947465897,0.2499999850988388,0.250244140625,0.00021485640900209546,0.11253861865509493,290,9.9716051814449e-07,0.8623946000006981
324,2.0,200.0,0.005,0.09612338759399797,0.09604303517028537,0.11253083955859065,0.03136605769395828,0.009797273203730583,0.25,0.250244140625,0.0002142557204933837,0.11253083955859065,290,9.972873410143097e-07,0.8390876000048593
325,2.0,200.0,0.005,0.09611661062102331,0.09603631238910867,0.11252307658106296,0.031366683542728424,0.00978630967438221,0.25,0.250244140625,0.00021365960128605366,0.11252307658106296,290,9.974113021111975e-07,0.835559999992256
326,2.0,200.0,0.005,0.0961098516421597,0.09602960747631448,0.11251532532012985,0.031367309391498566,0.009775371290743351,0.25,0.250244140625,0.00021306792041286826,0.11251532532012985,290,9.975307629508847e-07,0.8401963000069372
327,2.0,200.0,0.005,0.09610311615670497,0.09602292594330783,0.11250759337929045,0.03136792778968811,0.009764457121491432,0.2499999701976776,0.250244140625,0.00021248069242574275,0.11250759337929045,290,9.976475075209547e-07,0.8582465000072261
328,2.0,200.0,0.005,0.09609639525463297,0.09601625888937576,0.11249987093168103,0.03136853873729706,0.009753565303981304,0.25,0.25,0.00021189766994211823,0.11249987093168103,290,9.977610262315823e-07,0.8639878999965731
329,2.0,200.0,0.005,0.09608970630447422,0.0960096236569718,0.1124921794342522,0.031369149684906006,0.009742699563503265,0.25,0.25,0.00021131904213689268,0.1124921794342522,290,9.978725821212761e-07,0.8251985999959288
330,2.0,200.0,0.005,0.09608302802038321,0.09600299899098405,0.11248449422220805,0.03136975318193436,0.009731855243444443,0.2499999850988388,0.25,0.0002107445616275072,0.11248449422220805,290,9.979811200084736e-07,0.8316996999928961
331,2.0,200.0,0.005,0.0960763745728636,0.09599639903490784,0.11247683296870321,0.03137035295367241,0.00972103700041771,0.25,0.25,0.00021017419931013137,0.11247683296870321,290,9.980881956540802e-07,0.8453641999949468
332,2.0,200.0,0.005,0.09606973897093496,0.09598981681266389,0.11246918724443078,0.03137095272541046,0.009710241109132767,0.25,0.25,0.00020960795518476516,0.11246918724443078,290,9.981923068757665e-07,0.8638336000003619
333,2.0,200.0,0.005,0.09606312058220247,0.09598325170862118,0.11246155780692534,0.03137154504656792,0.009699465706944466,0.25,0.25,0.00020904571283608675,0.11246155780692534,290,9.982952790847435e-07,0.8396024999965448
334,2.0,200.0,0.005,0.09605652580252885,0.09597671008325218,0.11245395232055823,0.03137213736772537,0.009688716381788254,0.25,0.25,0.0002084875595755875,0.11245395232055823,290,9.983965064753982e-07,0.8411491000006208
335,2.0,200.0,0.005,0.09604995009517683,0.09597018741844608,0.11244636601706849,0.03137272968888283,0.009677989408373833,0.25,0.25,0.00020793297153431922,0.11244636601706849,290,9.984960973628816e-07,0.8406055999948876
336,2.0,200.0,0.005,0.096043396265723,0.09596368652723003,0.11243880263254628,0.031373314559459686,0.009667284786701202,0.25,0.25,0.00020738263265229762,0.11243880263254628,290,9.985946205137592e-07,0.8201414000068326
337,2.0,200.0,0.005,0.09603686324341638,0.09595720632674588,0.1124312618977773,0.031373899430036545,0.009656603448092937,0.2499999850988388,0.25,0.00020683609182015061,0.1124312618977773,290,9.986926203051974e-07,0.8417778000002727
338,2.0,200.0,0.005,0.09603034372454346,0.09595073952166201,0.11242373504816297,0.031374480575323105,0.009645944461226463,0.2499999850988388,0.25,0.00020629331993404776,0.11242373504816297,290,9.987881246452229e-07,0.9202087000012398
339,2.0,200.0,0.005,0.09602384098825752,0.09594428939578831,0.11241622651734627,0.031375057995319366,0.009635306894779205,0.25,0.25,0.000205754186026752,0.11241622651734627,290,9.988832402218767e-07,0.8536258999956772
340,2.0,200.0,0.005,0.09601736526603702,0.0959378661666334,0.11240874913007937,0.03137563169002533,0.009624693542718887,0.2499999850988388,0.25,0.0002052188356174156,0.11240874913007937,290,9.989779168173006e-07,0.8309529999969527
341,2.0,200.0,0.005,0.09601090964945717,0.09593146294812424,0.11240129468443728,0.031376197934150696,0.009614100679755211,0.2499999701976776,0.25,0.0002046870213234797,0.11240129468443728,290,9.990719367115434e-07,0.8209989000024507
342,2.0,200.0,0.005,0.09600446433031888,0.09592506992274852,0.11239385211424933,0.031376756727695465,0.009603530168533325,0.2499999850988388,0.25,0.00020415875769685954,0.11239385211424933,290,9.991645408640331e-07,0.8872068999917246
343,2.0,200.0,0.005,0.09599804632765828,0.09591870409836648,0.11238644209339521,0.03137731924653053,0.00959298200905323,0.25,0.25,0.00020363419025670737,0.11238644209339521,290,9.992576402107731e-07,0.8447468000085792
344,2.0,200.0,0.005,0.0959916355500471,0.09591234539938234,0.11237904043450153,0.031377874314785004,0.009582455269992352,0.2499999850988388,0.25,0.00020311294065322727,0.11237904043450153,290,9.993486031036732e-07,0.8565317000029609
345,2.0,200.0,0.005,0.09598525324992158,0.09590601507916369,0.11237167349150969,0.031378425657749176,0.009571949020028114,0.25,0.25,0.0002025951980613172,0.11237167349150969,290,9.994403755071383e-07,0.8930429999891203
346,2.0,200.0,0.005,0.09597888652421689,0.09589970022440111,0.11236432575952417,0.03137896955013275,0.009561466053128242,0.2499999850988388,0.25,0.00020208080240990967,0.11236432575952417,290,9.995318519567266e-07,0.8274018999945838
347,2.0,200.0,0.005,0.09597253499889918,0.09589340046758003,0.11235699741362776,0.03137951344251633,0.009551003575325012,0.25,0.25,0.00020156971004325897,0.11235699741362776,290,9.996226454210525e-07,0.8501693999860436
348,2.0,200.0,0.005,0.09596620235638875,0.09588711948553282,0.11234969260324622,0.031380053609609604,0.009540563449263573,0.25,0.25,0.00020106195006519556,0.11234969260324622,290,9.99713110619517e-07,0.8355758999969112
349,2.0,200.0,0.005,0.0959598867298005,0.09588085542627553,0.11234240925037887,0.03138059377670288,0.009530141949653625,0.25,0.25,0.00020055737695656717,0.11234240925037887,290,9.998034749210169e-07,0.8417436000017915
350,4.0,500.0,0.01,0.1004826602887994,0.10041119633602709,0.10953968869985718,0.03143167123198509,0.0040032281540334225,0.2499999850988388,0.25,0.0003543432685546577,0.10953968869985718,290,9.459460500986889e-07,0.881701799997245
351,4.0,500.0,0.01,0.10047544008936021,0.10040407074406031,0.10952746795408037,0.03143246844410896,0.0039936876855790615,0.2499999850988388,0.25,0.00035061882226727903,0.10952746795408037,290,9.400107193184102e-07,0.8463640999980271
352,4.0,500.0,0.01,0.10046548115514037,0.10039422722957846,0.10950871552920115,0.03143357113003731,0.00398203544318676,0.2499999850988388,0.25,0.0003442529996391386,0.10950871552920115,290,9.411324786080459e-07,0.8454455000028247
353,4.0,500.0,0.01,0.10045335605264287,0.10038223605499248,0.10948463958728982,0.03143492713570595,0.0039685070514678955,0.2499999850988388,0.25,0.0003354950458742678,0.10948463958728982,290,9.427867164412715e-07,0.8346617000061087
354,4.0,500.0,0.01,0.10043964727976588,0.10036867749885885,0.10945649982984504,0.031436506658792496,0.003953327424824238,0.2499999850988388,0.25,0.00032467886921949685,0.10945649982984504,290,9.457929390058389e-07,0.8342601000040304
355,4.0,500.0,0.01,0.10042492961586116,0.10035412413422613,0.10942557452555657,0.03143831342458725,0.0039367168210446835,0.25,0.250244140625,0.000312265707179904,0.10942557452555657,290,9.509850512767177e-07,0.8671428999950876
356,4.0,500.0,0.01,0.10040973063320316,0.10033910143789299,0.1093930832280506,0.031440310180187225,0.003918888512998819,0.2499999850988388,0.250244140625,0.0002988182532135397,0.1093930832280506,290,9.58984117537386e-07,0.8236276999959955
357,4.0,500.0,0.01,0.10039452687750679,0.1003240838582359,0.10936014123446043,0.03144243359565735,0.0039000585675239563,0.2499999850988388,0.250244140625,0.00028494492289610207,0.10936014123446043,289,9.953315421013103e-07,0.8562094999942929
358,4.0,500.0,0.01,0.10037967810429145,0.10030942906554301,0.10932764607363213,0.031444650143384933,0.0038804388605058193,0.25,0.25048828125,0.0002712122513912618,0.10932764607363213,289,9.935645155363193e-07,0.8334539999923436
359,4.0,500.0,0.01,0.10036545597022553,0.10029540653765355,0.10929628516467216,0.03144698962569237,0.003860244294628501,0.2499999850988388,0.250244140625,0.0002580786822363734,0.10929628516467216,290,9.051549602455926e-07,0.8726935000013327
360,4.0,500.0,0.01,0.10035203080213549,0.10028218461721125,0.10926651540695749,0.03144938498735428,0.00383967999368906,0.25,0.250244140625,0.0002458626695442945,0.10926651540695749,290,9.179715363473818e-07,0.8461762999941129
361,4.0,500.0,0.01,0.1003394749229035,0.100269833601006,0.10923857543817092,0.03145188093185425,0.0038189440965652466,0.25,0.250244140625,0.00023473343753721565,0.10923857543817092,290,9.3054286203446e-07,0.8233955999894533
362,4.0,500.0,0.01,0.10032783132398129,0.10025839456615597,0.10921258605819077,0.031454578042030334,0.0037982179783284664,0.2499999850988388,0.25048828125,0.00022474322759080678,0.10921258605819077,290,9.445935222256432e-07,0.8252313999983016
363,4.0,500.0,0.01,0.10031706470242129,0.10024783055847869,0.10918851684289335,0.03145750239491463,0.00377766415476799,0.2499999850988388,0.25048828125,0.00021586284856311977,0.10918851684289335,290,9.579822903024464e-07,0.8324520999885863
364,4.0,500.0,0.01,0.10030711971305611,0.10023808489449623,0.10916627663118922,0.031460609287023544,0.003757420927286148,0.2499999850988388,0.25048828125,0.00020799452613573521,0.10916627663118922,290,9.702151255337207e-07,0.8834262000018498
365,4.0,500.0,0.01,0.10029793758596384,0.1002290978487497,0.10914574886008022,0.03146369010210037,0.0037376047112047672,0.2499999850988388,0.25048828125,0.00020102625421714038,0.10914574886008022,290,9.81360575631631e-07,0.8444955000013579
366,4.0,500.0,0.01,0.1002894385128902,0.10022078869190679,0.10912678579314664,0.03146674856543541,0.003718307241797447,0.25,0.25048828125,0.0001948291901499033,0.10912678579314664,290,9.910695433560008e-07,0.806675500003621
367,4.0,500.0,0.01,0.100281541937546,0.10021307621668385,0.10910923865363041,0.03146973252296448,0.0036995988339185715,0.25,0.25048828125,0.00018927942437585443,0.10910923865363041,290,9.967441660445804e-07,0.8278728000004776
368,4.0,500.0,0.01,0.10027418306746848,0.10020589496099717,0.10909298108832706,0.031472813338041306,0.003681529313325882,0.25,0.250244140625,0.0001842657948145643,0.10909298108832706,290,9.856233221457117e-07,0.8578086999914376
369,4.0,500.0,0.01,0.10026729764129362,0.10019918028676278,0.10907789268003606,0.03147602081298828,0.003664133371785283,0.2499999850988388,0.250244140625,0.0001796882861526683,0.10907789268003606,290,9.527871949067791e-07,0.8652801999996882
370,4.0,500.0,0.01,0.10026082164799324,0.10019286799342832,0.10906385950949497,0.0314793698489666,0.003647428471595049,0.25,0.250244140625,0.00017547348397783935,0.10906385950949497,290,9.639512561588396e-07,0.8802037999994354
371,4.0,500.0,0.01,0.10025471796286295,0.10018692119796764,0.10905080444144583,0.0314825139939785,0.003631425090134144,0.2499999701976776,0.250244140625,0.00017154685338027775,0.10905080444144583,290,9.729729070696887e-07,0.8363618999865139
372,4.0,500.0,0.01,0.10024891639754926,0.10018126977023488,0.10903861566424501,0.03148545324802399,0.0036161174066364765,0.25,0.250244140625,0.00016785081243142486,0.10903861566424501,290,9.827181645483676e-07,0.8132786999922246
373,4.0,500.0,0.01,0.1002434063402279,0.10017590309887144,0.10902725155287539,0.03148823603987694,0.0036015005316585302,0.25,0.250244140625,0.0001643440336920321,0.10902725155287539,290,9.926897954475129e-07,0.8224926000111736
374,4.0,500.0,0.01,0.10023814094428081,0.10017077456683028,0.10901663201351282,0.03149080276489258,0.0035875574685633183,0.25,0.250244140625,0.000160989846335724,0.10901663201351282,290,9.6624100097459e-07,0.8427355000021635
375,4.0,500.0,0.01,0.10023311252374811,0.10016587664787337,0.1090067214967901,0.03149314969778061,0.0035742726176977158,0.2499999850988388,0.250244140625,0.00015776196960359812,0.1090067214967901,290,9.74404569099925e-07,0.8623443999968003
376,4.0,500.0,0.01,0.10022827602355536,0.10016116435956937,0.10899744212570277,0.031495437026023865,0.0035616226959973574,0.25,0.250244140625,0.000154639026732184,0.10899744212570277,290,9.818388682747375e-07,0.9031144000036875
377,4.0,500.0,0.01,0.10022363330302488,0.1001566399211968,0.10898877111702777,0.03149751201272011,0.003549586981534958,0.25,0.250244140625,0.00015160677139647305,0.10898877111702777,290,9.887107784441187e-07,0.8573483999934979
378,4.0,500.0,0.01,0.1002191647896264,0.10015228392972614,0.10898066049974817,0.031499456614255905,0.0035381403286010027,0.25,0.250244140625,0.00014866072160657495,0.10898066049974817,290,9.954073200951831e-07,0.8138936000032118
379,4.0,500.0,0.01,0.10021484831473984,0.1001480744828955,0.10897305887434486,0.03150125592947006,0.003527257591485977,0.25,0.250244140625,0.00014578977425117046,0.10897305887434486,290,9.91185511951433e-07,0.8653372999979183
380,4.0,500.0,0.01,0.10021069742257085,0.1001440253977881,0.10896595809273413,0.031502865254879,0.0035169159527868032,0.2499999850988388,0.250244140625,0.00014299601025413722,0.10896595809273413,290,9.951692265080709e-07,0.8734141000022646
381,4.0,500.0,0.01,0.10020668563472673,0.10014011046795741,0.1089593031240525,0.03150429204106331,0.0035070874728262424,0.25,0.250244140625,0.00014027678116690367,0.1089593031240525,290,9.988203116096316e-07,0.8403382999968017
382,4.0,500.0,0.01,0.10020281600317126,0.1001363329702816,0.10895307303528091,0.03150555118918419,0.0034977481700479984,0.2499999850988388,0.250244140625,0.00013763367314822972,0.10895307303528091,291,9.83580314385248e-07,0.8464361999940593
383,4.0,500.0,0.01,0.10019907377906524,0.10013267816383772,0.1089472280218425,0.03150688856840134,0.003488872665911913,0.25,0.250244140625,0.00013506371760740876,0.1089472280218425,291,9.815145053789615e-07,0.8437627999956021
384,4.0,500.0,0.01,0.10019546274486112,0.10012915025389868,0.10894175049191782,0.03150813281536102,0.0034804358147084713,0.25,0.250244140625,0.00013258073886390775,0.10894175049191782,291,9.813666370327722e-07,0.8562669999955688
385,4.0,500.0,0.01,0.10019196496862816,0.10012573150783674,0.10893659814135585,0.031509336084127426,0.003472412470728159,0.2499999850988388,0.250244140625,0.00013018204481340945,0.10893659814135585,291,9.82261868425069e-07,0.8702122999966377
386,4.0,500.0,0.01,0.10018858707261304,0.10012242887851813,0.10893175911610892,0.031510405242443085,0.003464778885245323,0.2499999850988388,0.250244140625,0.00012787528976332396,0.10893175911610892,291,9.83565173742056e-07,0.847583199996734
387,4.0,500.0,0.01,0.1001853262094148,0.10011923974764725,0.10892721081737879,0.0315113440155983,0.0034575117751955986,0.2499999850988388,0.250244140625,0.00012566121586132795,0.10892721081737879,291,9.849682816718895e-07,0.8267747999925632
388,4.0,500.0,0.01,0.10018216654866367,0.10011614851861625,0.10892291778577756,0.03151215612888336,0.0034505873918533325,0.2499999850988388,0.250244140625,0.00012354252976365387,0.10892291778577756,291,9.863336353282379e-07,0.8688184999919031
389,4.0,500.0,0.01,0.10017911641557377,0.10011316359999264,0.10891887263514675,0.03151297941803932,0.003443983616307378,0.25,0.250244140625,0.00012151952250860631,0.10891887263514675,291,9.876072572575046e-07,0.8432257999957073
390,4.0,500.0,0.01,0.10017615955875184,0.10011026897461082,0.10891504131204079,0.03151381015777588,0.0034376773983240128,0.25,0.250244140625,0.00011959063704125583,0.10891504131204079,291,9.88772725523678e-07,0.8225820999941789
391,4.0,500.0,0.01,0.10017329326322189,0.10010746200246623,0.10891140599131044,0.03151477128267288,0.0034316489472985268,0.25,0.250244140625,0.00011776864266721532,0.10891140599131044,291,9.898350466661543e-07,0.8425291000021389
392,4.0,500.0,0.01,0.10017052972188968,0.10010475532722476,0.10890796868949282,0.03151561692357063,0.0034258777741342783,0.2499999850988388,0.250244140625,0.00011604622704908252,0.10890796868949282,291,9.90809335601875e-07,0.8504533999948762
393,4.0,500.0,0.01,0.10016783979852784,0.10010211996399897,0.1089046833604269,0.03151640295982361,0.003420343156903982,0.25,0.250244140625,0.0001144157286034897,0.1089046833604269,291,9.917139043652681e-07,0.8372842999960994
394,4.0,500.0,0.01,0.10016523459273252,0.10009956687501494,0.10890155208833052,0.03151744604110718,0.003415027167648077,0.2499999850988388,0.250244140625,0.00011288154200883582,0.10890155208833052,291,9.92574514640081e-07,0.8552035000029719
395,4.0,500.0,0.01,0.10016270612152856,0.1000970883823056,0.10889855578321368,0.031518615782260895,0.003409912344068289,0.25,0.250244140625,0.00011144763993797824,0.10889855578321368,291,9.934231148956377e-07,0.9109760999999708
396,4.0,500.0,0.01,0.10016025477111962,0.10009468526136753,0.10889568627843987,0.031519681215286255,0.003404982853680849,0.25,0.250244140625,0.0001101045636460185,0.10889568627843987,291,9.94302361376949e-07,0.8620509000029415
397,4.0,500.0,0.01,0.10015786218068894,0.10009233914160501,0.10889291414690065,0.03152083605527878,0.003400220302864909,0.2499999701976776,0.25,0.00010884015500778332,0.10889291414690065,291,9.95272385498066e-07,0.871765099989716
398,4.0,500.0,0.01,0.10015553080318101,0.10009005258678996,0.10889023500033286,0.03152209520339966,0.003395612118765712,0.2499999850988388,0.25,0.00010766687773866579,0.10889023500033286,291,9.96422438588577e-07,0.8534512000042014
399,4.0,500.0,0.01,0.10015325993194445,0.10008782523486032,0.10888764182524775,0.03152325376868248,0.0033911443315446377,0.25,0.25,0.00010657258098945022,0.10888764182524775,291,9.978839257965193e-07,0.8358846999908565
400,4.0,500.0,0.01,0.10015104707517385,0.10008565472067057,0.10888512655429218,0.03152431547641754,0.0033868039026856422,0.25,0.25,0.00010555237531661987,0.10888512655429218,291,9.998328786765519e-07,0.8576152000023285
401,4.0,500.0,0.01,0.10014888878553642,0.10008353770259304,0.10888267935674129,0.03152528405189514,0.0033825798891484737,0.2499999850988388,0.25,0.00010460214980412275,0.10888267935674129,291,9.6516323392349e-07,0.8682702999940375
402,4.0,500.0,0.01,0.10014676577643282,0.10008145500951236,0.10888027427390741,0.03152615576982498,0.003378461115062237,0.2499999850988388,0.25,0.00010371692769695073,0.10888027427390741,291,9.66067628363913e-07,0.8316000000049826
403,4.0,500.0,0.01,0.10014469562144797,0.10007942418614249,0.1088779274533611,0.03152705729007721,0.003374437801539898,0.2499999850988388,0.25,0.00010288873454555869,0.1088779274533611,291,9.669858059721049e-07,0.830903699999908
404,4.0,500.0,0.01,0.10014265983259775,0.10007742688792295,0.10887561422270763,0.03152792900800705,0.0033705015666782856,0.2499999850988388,0.25,0.000102121353847906,0.10887561422270763,291,9.679217119122e-07,0.8283116999955382
405,4.0,500.0,0.01,0.10014066658457511,0.10007547132493698,0.10887334092282158,0.03152881935238838,0.0033666440285742283,0.2499999850988388,0.25,0.00010140215454157442,0.10887334092282158,291,9.688832859442162e-07,0.8863589999964461
406,4.0,500.0,0.01,0.1001387095828274,0.10007355128365697,0.1088710979092969,0.03152971714735031,0.0033628582023084164,0.2499999850988388,0.25,0.00010073634621221572,0.1088710979092969,291,9.698744606366974e-07,0.8591949999972712
407,4.0,500.0,0.01,0.10013677668896481,0.10007165476446017,0.1088688685419396,0.03153054416179657,0.003359138034284115,0.25,0.25,0.0001001156197162345,0.1088688685419396,291,9.708975963853452e-07,0.8315201999939745
408,4.0,500.0,0.01,0.1001348741302657,0.10006978805236696,0.10886665887725927,0.031531307846307755,0.0033554770052433014,0.2499999850988388,0.25,9.953664994100109e-05,0.10886665887725927,291,9.719563089349694e-07,0.8562626999919303
409,4.0,500.0,0.01,0.10013300577088445,0.10006795505297555,0.10886447125976022,0.03153201565146446,0.0033518702257424593,0.2499999850988388,0.25,9.899577707983553e-05,0.10886447125976022,291,9.730541090505894e-07,0.8399129000026733
410,4.0,500.0,0.01,0.10013114856756535,0.10006613274957296,0.10886227768646585,0.031532689929008484,0.003348312806338072,0.2499999850988388,0.25,9.849078924162313e-05,0.10886227768646585,291,9.741918353969872e-07,0.8465256999916164
411,4.0,500.0,0.01,0.10012932585303115,0.10006434443064409,0.10886010463074751,0.03153340518474579,0.0033448017202317715,0.2499999850988388,0.25,9.80161566985771e-05,0.10886010463074751,291,9.99204413948983e-07,0.8410517000011168
412,4.0,500.0,0.01,0.1001275180981521,0.10006257069697869,0.10885792805090859,0.03153407573699951,0.003341332543641329,0.25,0.25,9.75748262135312e-05,0.10885792805090859,291,9.980768870877182e-07,0.8887096999969799
413,4.0,500.0,0.01,0.10012574625543971,0.10006083253182192,0.10885577189903543,0.031534694135189056,0.0033379029482603073,0.2499999850988388,0.25,9.716155909700319e-05,0.10885577189903543,291,9.971727244341284e-07,0.8419801000127336
414,4.0,500.0,0.01,0.1001239736341168,0.10005909326395437,0.10885359253897903,0.03153528273105621,0.003334508743137121,0.25,0.25,9.677314665168524e-05,0.10885359253897903,291,9.964284099103187e-07,0.849522500007879
415,4.0,500.0,0.01,0.10012222237158325,0.10005737502239402,0.10885141505790645,0.03153586387634277,0.0033311485312879086,0.2499999850988388,0.25,9.64098799158819e-05,0.10885141505790645,291,9.957984761674366e-07,0.8980212999886135
416,4.0,500.0,0.01,0.10012049186519265,0.10005567727946593,0.10884923891001815,0.031536392867565155,0.003327819285914302,0.25,0.25,9.606896492186934e-05,0.10884923891001815,291,9.952563774536303e-07,0.8556275000009919
417,4.0,500.0,0.01,0.10011876857321876,0.10005398643523622,0.108847047664906,0.03153694421052933,0.0033245193772017956,0.2499999850988388,0.25,9.574738214723766e-05,0.108847047664906,291,9.947884371706853e-07,0.8527816000132589
418,4.0,500.0,0.01,0.1001170667654902,0.10005231682984832,0.10884485789006018,0.03153745457530022,0.0033212481066584587,0.25,0.25,9.544622298562899e-05,0.10884485789006018,291,9.943855796474767e-07,0.8672743999923114
419,4.0,500.0,0.01,0.10011536707975359,0.10005064914668367,0.10884264654931816,0.031537920236587524,0.0033180012833327055,0.2499999850988388,0.25,9.516262070974335e-05,0.10884264654931816,291,9.940463995017974e-07,0.845885000002454
420,4.0,500.0,0.01,0.1001136874330623,0.10004900129208545,0.10884043464173201,0.03153834491968155,0.003314779605716467,0.2499999850988388,0.25,9.489538933848962e-05,0.10884043464173201,291,9.937709284643317e-07,0.8156295999942813
421,4.0,500.0,0.01,0.10011201120282179,0.10004735666813916,0.10883820259657588,0.03153872489929199,0.00331158097833395,0.2499999850988388,0.25,9.464324830332771e-05,0.10883820259657588,291,9.935646428127628e-07,0.8285180999955628
422,4.0,500.0,0.01,0.1001103517170661,0.10004572860427581,0.1088359657850392,0.03153907507658005,0.0033084037713706493,0.2499999850988388,0.249755859375,9.440525900572538e-05,0.1088359657850392,291,9.934345269362365e-07,0.8467619000002742
423,4.0,500.0,0.01,0.10010869538371474,0.1000441035195908,0.10883370772175364,0.03153938427567482,0.003305247984826565,0.25,0.249755859375,9.418026456842199e-05,0.10883370772175364,291,9.93394185376822e-07,0.8775528999976814
424,4.0,500.0,0.01,0.10010705371474647,0.10004249291674966,0.10883144282581736,0.031539689749479294,0.0033021108247339725,0.25,0.249755859375,9.396544919582084e-05,0.10883144282581736,291,9.945292920094185e-07,0.8610438000032445
425,4.0,500.0,0.01,0.1001054108818267,0.10004088091805767,0.10882915095325549,0.03154003620147705,0.00329899275675416,0.2499999850988388,0.249755859375,9.376261732541025e-05,0.10882915095325549,291,9.96265855487755e-07,0.8279375999991316
426,4.0,500.0,0.01,0.10010377888423266,0.1000392796024202,0.10882684702641433,0.03154036030173302,0.0032958921510726213,0.25,0.249755859375,9.357093222206458e-05,0.10882684702641433,291,9.980343665555288e-07,0.8584928000054788
427,4.0,500.0,0.01,0.10010215029962873,0.10003768156147143,0.10882452176706359,0.03154066205024719,0.003292807610705495,0.2499999850988388,0.249755859375,9.338869858765975e-05,0.10882452176706359,291,9.998324621396363e-07,0.8511534999997821
428,4.0,500.0,0.01,0.10010052983697307,0.10003609151627672,0.10882218086973673,0.03154093399643898,0.0032897386699914932,0.25,0.249755859375,9.321513789473101e-05,0.10882218086973673,292,9.952849540402322e-07,0.8348572000104468
429,4.0,500.0,0.01,0.1000989159632952,0.10003450791710179,0.1088198223142714,0.03154120221734047,0.0032866843976080418,0.2499999850988388,0.249755859375,9.304890409111977e-05,0.1088198223142714,292,9.963310340884644e-07,0.8678939000092214
430,4.0,500.0,0.01,0.10009730968550036,0.10003293172568271,0.10881744657881257,0.03154151886701584,0.0032836440950632095,0.25,0.249755859375,9.288899309467524e-05,0.10881744657881257,292,9.977094997682466e-07,0.887817000009818
431,4.0,500.0,0.01,0.1000956987094786,0.10003135070565156,0.10881503887112677,0.03154183551669121,0.003280616831034422,0.2499999850988388,0.249755859375,9.273665637010708e-05,0.10881503887112677,292,9.994517174556266e-07,0.9383168999920599
432,4.0,500.0,0.01,0.10009410221086176,0.1000297840168077,0.10881262191933266,0.031542181968688965,0.003277601208537817,0.2499999850988388,0.24951171875,9.259104263037443e-05,0.10881262191933266,292,9.508087868933863e-07,0.9271050999959698
433,4.0,500.0,0.01,0.1000925048128935,0.1000282163094031,0.10881017716971823,0.03154253587126732,0.0032745967619121075,0.2499999850988388,0.24951171875,9.245116234524176e-05,0.10881017716971823,292,9.534772130075152e-07,0.8780283999949461
434,4.0,500.0,0.01,0.10009090809839287,0.1000266492081664,0.10880770586596267,0.031542859971523285,0.003271603025496006,0.25,0.24951171875,9.23165280255489e-05,0.10880770586596267,292,9.560149817736505e-07,0.8569703999964986
435,4.0,500.0,0.01,0.10008932147297239,0.10002509212616062,0.10880521930024356,0.03154316544532776,0.0032686181366443634,0.2499999850988388,0.24951171875,9.218563354806975e-05,0.10880521930024356,292,9.56995093616799e-07,0.8622009999962756
436,4.0,500.0,0.01,0.10008773600694482,0.10002353612531667,0.10880270611969596,0.03154345601797104,0.003265642561018467,0.2499999701976776,0.24951171875,9.205952665070072e-05,0.10880270611969596,292,9.99541786546991e-07,0.8551543000066886
437,4.0,500.0,0.01,0.10008615136051834,0.10002198089564501,0.10880016566757711,0.03154372051358223,0.0032626744359731674,0.25,0.24951171875,9.19369122129865e-05,0.10880016566757711,292,9.91110162824156e-07,0.8509328999934951
438,4.0,500.0,0.01,0.1000845672824851,0.10002042617476199,0.108797596734517,0.03154397010803223,0.003259713761508465,0.25,0.24951171875,9.181745554087684e-05,0.108797596734517,292,9.86413878021868e-07,0.8586966000002576
439,4.0,500.0,0.01,0.10008298917701852,0.10001887738733006,0.10879500582600807,0.031544193625450134,0.0032567596063017845,0.25,0.24951171875,9.17009892873466e-05,0.10879500582600807,292,9.91761677510313e-07,0.8470458999945549
440,4.0,500.0,0.01,0.10008140689627044,0.10001732438969202,0.10879238024212824,0.03154439851641655,0.0032538108061999083,0.2499999850988388,0.24951171875,9.158692409982905e-05,0.10879238024212824,292,9.531357266392373e-07,0.8407437999994727
441,4.0,500.0,0.01,0.10007984052415074,0.10001578725504756,0.10878974293802947,0.03154458850622177,0.003250868059694767,0.25,0.24951171875,9.147491800831631e-05,0.10878974293802947,292,9.552362262447136e-07,0.8591103999933694
442,4.0,500.0,0.01,0.10007825943582209,0.10001423538789601,0.10878705764561694,0.0315447598695755,0.0032479288056492805,0.25,0.24951171875,9.136463631875813e-05,0.10878705764561694,292,9.528153588831489e-07,0.8658618000044953
443,4.0,500.0,0.01,0.10007668942429461,0.10001269456494936,0.10878435371317419,0.03154491260647774,0.0032449946738779545,0.25,0.24951171875,9.125601354753599e-05,0.10878435371317419,292,9.486025140639192e-07,0.85149659999297
444,4.0,500.0,0.01,0.10007511771993484,0.10001115203147527,0.10878161592907448,0.03154505044221878,0.0032420638017356396,0.2499999850988388,0.24951171875,9.114869317272678e-05,0.10878161592907448,292,9.969105110220985e-07,0.842005300000892
445,4.0,500.0,0.01,0.1000735466868245,0.10000961015714341,0.10877884605710736,0.03154517710208893,0.003239135257899761,0.2499999850988388,0.24951171875,9.104228229261935e-05,0.10877884605710736,292,9.927749534965685e-07,0.8336924000032013
446,4.0,500.0,0.01,0.1000719801929053,0.10000807280896418,0.10877604852959848,0.03154528886079788,0.0032362095080316067,0.2499999701976776,0.24951171875,9.09366863197647e-05,0.10877604852959848,292,9.890176472931178e-07,0.845765099991695
447,4.0,500.0,0.01,0.10007041603086489,0.10000653778428185,0.10877321991762869,0.03154538571834564,0.0032332860864698887,0.25,0.24951171875,9.083154873223975e-05,0.10877321991762869,292,9.857383437827053e-07,0.867912100002286
448,4.0,500.0,0.01,0.10006884208686302,0.1000049929734471,0.10877034500138358,0.031545475125312805,0.003230363829061389,0.25,0.24951171875,9.072683315025643e-05,0.10877034500138358,292,9.829998105605898e-07,0.8901345999911427
449,4.0,500.0,0.01,0.10006728090372301,0.10000346092906214,0.10876744981811826,0.031545549631118774,0.003227442502975464,0.25,0.24951171875,9.062213212018833e-05,0.10876744981811826,292,9.80972146590229e-07,0.8473140999994939
450,4.0,500.0,0.01,0.10006571790049466,0.10000192705480995,0.108764516697275,0.03154561296105385,0.0032245232723653316,0.2499999850988388,0.24951171875,9.051748202182353e-05,0.108764516697275,292,9.800685321197136e-07,0.8411760999879334
451,4.0,500.0,0.01,0.10006415499424881,0.10000039328731916,0.10876154702434793,0.031545668840408325,0.0032216038089245558,0.2499999850988388,0.24951171875,9.04126136447303e-05,0.10876154702434793,292,9.812383736660281e-07,0.8490267000015592
452,4.0,500.0,0.01,0.10006259008296944,0.0999988575152605,0.10875853766757428,0.031545717269182205,0.003218685043975711,0.2499999850988388,0.24951171875,9.0307294158265e-05,0.10875853766757428,292,9.862044254224473e-07,0.8362121999962255
453,4.0,500.0,0.01,0.10006102607893788,0.09999732266162552,0.10875549133297743,0.03154575452208519,0.003215766279026866,0.25,0.24951171875,9.020147263072431e-05,0.10875549133297743,292,9.934624546924588e-07,0.8872274000023026
454,4.0,500.0,0.01,0.10005946929807885,0.09999579503395706,0.10875241489543834,0.03154578432440758,0.0032128479797393084,0.25,0.24951171875,9.009505447465926e-05,0.10875241489543834,292,9.78583667861833e-07,0.8650402000057511
455,4.0,500.0,0.01,0.1000579058977632,0.09999426079987048,0.10874929102995282,0.03154581040143967,0.003209928749129176,0.25,0.24951171875,8.998777047963813e-05,0.10874929102995282,292,9.863123211374032e-07,0.8830165000108536
456,4.0,500.0,0.01,0.10005634615755493,0.09999273023567015,0.10874613118417692,0.03154582902789116,0.0032070092856884003,0.25,0.24951171875,8.987951878225431e-05,0.10874613118417692,292,9.8503134723176e-07,0.8528170999925351
457,4.0,500.0,0.01,0.10005478875345125,0.09999120201502501,0.10874293303057783,0.031545840203762054,0.0032040898222476244,0.2499999850988388,0.24951171875,8.977036486612633e-05,0.10874293303057783,292,9.847637173453845e-07,0.8552944999973988
458,4.0,500.0,0.01,0.10005323146305609,0.0999896739211269,0.10873969311193374,0.03154584765434265,0.003201169427484274,0.2499999850988388,0.24951171875,8.96599522093311e-05,0.10873969311193374,292,9.842726905353757e-07,0.8543170000048121
459,4.0,500.0,0.01,0.10005168016517746,0.099988151820211,0.1087364178027708,0.03154584765434265,0.0031982497312128544,0.25,0.24951171875,8.954850636655465e-05,0.1087364178027708,292,9.844865831308037e-07,0.8943627999979071
460,4.0,500.0,0.01,0.10005011646941779,0.09998661733817785,0.10873308399005607,0.031545840203762054,0.0031953291036188602,0.2499999850988388,0.24951171875,8.943561988417059e-05,0.10873308399005607,292,9.870473630800624e-07,0.8682146000064677
461,4.0,500.0,0.01,0.10004856181526778,0.09998509191079286,0.10872971724643772,0.03154582902789116,0.0031924075447022915,0.25,0.24951171875,8.932136552175507e-05,0.10872971724643772,292,9.896488887939728e-07,0.8662271999928635
462,4.0,500.0,0.01,0.10004700406271896,0.09998356338407777,0.10872630153820911,0.031545814126729965,0.00318948645144701,0.25,0.24951171875,8.920561958802864e-05,0.10872630153820911,292,9.92292064581536e-07,0.8419500000018161
463,4.0,500.0,0.01,0.10004544812583632,0.09998203668979265,0.10872284216141528,0.031545791774988174,0.003186564426869154,0.25,0.24951171875,8.908847667044029e-05,0.10872284216141528,292,9.94978130912364e-07,0.8144864000059897
464,4.0,500.0,0.01,0.10004389583953906,0.09998051364003929,0.10871934044581207,0.03154577314853668,0.0031836426351219416,0.2499999850988388,0.24951171875,8.896955114323646e-05,0.10871934044581207,292,9.97709378954025e-07,0.8474190999986604
465,4.0,500.0,0.01,0.1000423444453631,0.09997899148520123,0.10871579247413844,0.03154574707150459,0.0031807213090360165,0.2499999850988388,0.24951171875,8.884909038897604e-05,0.10871579247413844,293,9.818438696942098e-07,0.9388993999891682
466,4.0,500.0,0.01,0.10004078866753999,0.09997746495742622,0.10871219102482105,0.031545717269182205,0.0031777992844581604,0.25,0.24951171875,8.872695616446435e-05,0.10871219102482105,293,9.814993391824328e-07,0.8642420999967726
467,4.0,500.0,0.01,0.10003923522296299,0.09997594075730938,0.10870854307271206,0.03154568374156952,0.003174878191202879,0.2499999850988388,0.24951171875,8.860300295054913e-05,0.10870854307271206,293,9.811347131038052e-07,0.8623717000009492
468,4.0,500.0,0.01,0.10003768310689397,0.09997441788942583,0.10870484703929056,0.031545646488666534,0.0031719570979475975,0.25,0.24951171875,8.847732533467934e-05,0.10870484703929056,293,9.807532359758835e-07,0.873464199990849
469,4.0,500.0,0.01,0.10003613378302585,0.09997289780070465,0.10870110366593898,0.03154561296105385,0.0031690369360148907,0.25,0.24951171875,8.834969776216894e-05,0.10870110366593898,293,9.80356774936945e-07,0.8515592999901855
470,4.0,500.0,0.01,0.10003458305171337,0.09997137630500477,0.10869730685407011,0.031545571982860565,0.003166117472574115,0.25,0.24951171875,8.822028758004308e-05,0.10869730685407011,293,9.799465808505131e-07,0.875486799995997
471,4.0,500.0,0.01,0.1000330317386005,0.09996985421586296,0.10869345721158802,0.03154553100466728,0.003163199173286557,0.25,0.24951171875,8.808891288936138e-05,0.10869345721158802,293,9.795208231494943e-07,0.8768096999992849
472,4.0,500.0,0.01,0.10003148967282274,0.09996834135775813,0.10868956639292031,0.031545490026474,0.003160282503813505,0.25,0.24951171875,8.795542089501396e-05,0.10868956639292031,293,9.790771853162533e-07,0.8520773999916855
473,4.0,500.0,0.01,0.10002993467782871,0.0999668155587955,0.10868560539420984,0.031545449048280716,0.0031573669984936714,0.2499999850988388,0.24951171875,8.782014629105106e-05,0.10868560539420984,293,9.78611265819947e-07,0.8465269000007538
474,4.0,500.0,0.01,0.10002838963175106,0.09996529968779448,0.10868160274852662,0.03154540807008743,0.0031544535886496305,0.2499999850988388,0.24951171875,8.768280531512573e-05,0.10868160274852662,293,9.781181162365452e-07,0.9004004000016721
475,4.0,500.0,0.01,0.10002685124090059,0.09996379046177609,0.10867755339836654,0.03154536336660385,0.0031515415757894516,0.25,0.24951171875,8.754332520766184e-05,0.10867755339836654,293,9.775947128941249e-07,0.8551922000042396
476,4.0,500.0,0.01,0.1000253010537699,0.0999622694008276,0.10867343372311028,0.03154532238841057,0.0031486330553889275,0.25,0.249755859375,8.740193152334541e-05,0.10867343372311028,293,9.77039592783248e-07,0.8405644000013126
477,4.0,500.0,0.01,0.10002376039134497,0.09996075784968371,0.10866926964153281,0.03154527768492699,0.0031457263976335526,0.2499999850988388,0.249755859375,8.725831139599904e-05,0.10866926964153281,293,9.764647548490473e-07,0.8564562999963528
478,4.0,500.0,0.01,0.10002221539952938,0.0999592419421408,0.10866504375657457,0.031545236706733704,0.003142822068184614,0.2499999850988388,0.249755859375,8.711263944860548e-05,0.10866504375657457,293,9.759029382882446e-07,0.8380641999974614
479,4.0,500.0,0.01,0.10002068319675765,0.09995773879011413,0.10866077632392858,0.03154519200325012,0.0031399214640259743,0.2499999850988388,0.249755859375,8.696476288605481e-05,0.10866077632392858,293,9.75430034734506e-07,0.8448656999971718
480,4.0,500.0,0.01,0.10001913613275032,0.09995622074425559,0.10865643370632037,0.03154514729976654,0.0031370241194963455,0.25,0.249755859375,8.681472536409274e-05,0.10865643370632037,293,9.751742380790707e-07,0.8315881000016816
481,4.0,500.0,0.01,0.10001759849610864,0.09995471208385318,0.10865204497405684,0.03154510259628296,0.0031341309659183025,0.25,0.249755859375,8.666246139910072e-05,0.10865204497405684,293,9.766778728707434e-07,0.8428215000021737
482,4.0,500.0,0.01,0.10001605565553631,0.09995319818692383,0.10864759214976522,0.03154505789279938,0.0031312410719692707,0.25,0.249755859375,8.650805102661252e-05,0.10864759214976522,293,9.801015113124804e-07,0.8386045000079321
483,4.0,500.0,0.01,0.10001452616111443,0.09995169758957878,0.10864309779480089,0.031545013189315796,0.003128355834633112,0.25,0.249755859375,8.63512686919421e-05,0.10864309779480089,293,9.835793954671214e-07,0.8557559000037145
484,4.0,500.0,0.01,0.10001298969647968,0.09995018998011136,0.10863853752773071,0.031544968485832214,0.003125474788248539,0.2499999850988388,0.249755859375,8.619228901807219e-05,0.10863853752773071,293,9.87109248122733e-07,0.8299232999997912
485,4.0,500.0,0.01,0.10001145434764692,0.09994868343522319,0.1086339209594491,0.03154492378234863,0.0031225988641381264,0.25,0.249755859375,8.60312138684094e-05,0.1086339209594491,293,9.906900321936357e-07,0.8642025000008289
486,4.0,500.0,0.01,0.10000992229985552,0.09994718014248194,0.10862925099404255,0.03154487907886505,0.0031197278294712305,0.2499999850988388,0.249755859375,8.586760668549687e-05,0.10862925099404255,293,9.943217175861812e-07,0.8652238999929978
487,4.0,500.0,0.01,0.10000838770083002,0.09994567424123027,0.10862452139200224,0.03154483810067177,0.0031168621499091387,0.25,0.249755859375,8.570172940380871e-05,0.10862452139200224,293,9.980008516797306e-07,0.8655660999938846
488,4.0,500.0,0.01,0.10000686036377252,0.0999441755474642,0.10861974464573802,0.03154479339718819,0.003114002291113138,0.2499999850988388,0.249755859375,8.553347288398072e-05,0.10861974464573802,294,9.902722122822041e-07,0.8781988999980967
489,4.0,500.0,0.01,0.10000533906625991,0.09994268283131008,0.1086149202855852,0.031544752418994904,0.003111148253083229,0.25,0.249755859375,8.536282257409766e-05,0.1086149202855852,294,9.892550179096822e-07,0.8605119999992894
490,4.0,500.0,0.01,0.10000381527632184,0.09994118755288131,0.10861003818259478,0.03154471144080162,0.0031083011999726295,0.25,0.249755859375,8.518979302607477e-05,0.10861003818259478,294,9.806310774400448e-07,0.8557216999906814
491,4.0,500.0,0.01,0.10000228713735997,0.09993968786396146,0.10860509759736076,0.03154466673731804,0.0031054606661200523,0.2499999850988388,0.249755859375,8.501452975906432e-05,0.10860509759736076,294,9.713812616007268e-07,0.8520231000002241
492,4.0,500.0,0.01,0.10000076793717931,0.09993819704956156,0.1086001164496434,0.031544625759124756,0.00310262618586421,0.2499999850988388,0.249755859375,8.483664714731276e-05,0.1086001164496434,294,9.72409241263511e-07,0.8204073999950197
493,4.0,500.0,0.01,0.09999924906505286,0.09993670648405344,0.108595085611754,0.03154458478093147,0.003099799621850252,0.2499999850988388,0.249755859375,8.465640712529421e-05,0.108595085611754,294,9.77562480914934e-07,0.8334105999965686
494,4.0,500.0,0.01,0.09999772877983751,0.09993521442955361,0.1085900045674455,0.03154454752802849,0.0030969802755862474,0.25,0.249755859375,8.447391155641526e-05,0.1085900045674455,294,9.79770775102417e-07,0.8760522000084165
495,4.0,500.0,0.01,0.0999962225527059,0.09993373634931853,0.10858489508137566,0.031544510275125504,0.0030941693112254143,0.2499999701976776,0.249755859375,8.428886940237135e-05,0.10858489508137566,294,9.793745779068901e-07,0.870134800003143
496,4.0,500.0,0.01,0.0999947124198317,0.0999322542855754,0.10857973655463987,0.03154446929693222,0.003091366495937109,0.25,0.249755859375,8.410155714955181e-05,0.10857973655463987,294,9.780524854719895e-07,0.8786306000110926
497,4.0,500.0,0.01,0.09999319850724563,0.09993076835457607,0.10857453168543571,0.031544432044029236,0.0030885720625519753,0.25,0.249755859375,8.391193841816857e-05,0.10857453168543571,294,9.76676579488591e-07,0.86952389999351
498,4.0,500.0,0.01,0.09999168679287389,0.09992928453331545,0.10856929149312405,0.03154439479112625,0.0030857864767313004,0.2499999850988388,0.249755859375,8.372001320822164e-05,0.10856929149312405,294,9.75533037289115e-07,0.890034200012451
499,4.0,500.0,0.01,0.09999018578660365,0.09992781132935237,0.10856728258899442,0.03154435753822327,0.003083009971305728,0.2499999850988388,0.249755859375,8.35257233120501e-05,0.10856728258899442,294,9.746676440010382e-07,0.8604421000054572
500,8.0,500.0,0.02,0.09921879846485433,0.09916636658808317,0.1079053797710155,0.031502194702625275,0.0010464841034263372,0.2499999850988388,0.24951171875,7.731153891654685e-05,0.1079053797710155,293,9.92455470320039e-07,0.8987519999936922
501,8.0,500.0,0.02,0.09921836043076687,0.09916594091776855,0.10790141439239062,0.03150218725204468,0.0010458662873134017,0.25,0.24951171875,7.817861478542909e-05,0.10790141439239062,293,9.974022375431153e-07,0.8354785000119591
502,8.0,500.0,0.02,0.09921775654819338,0.09916535198338805,0.10789676735391407,0.03150217980146408,0.0010451192501932383,0.2499999701976776,0.24951171875,7.966056000441313e-05,0.10789676735391407,294,9.774151853807098e-07,0.8399279000004753
503,8.0,500.0,0.02,0.09921697314067225,0.09916458587425243,0.10789132993090148,0.03150217607617378,0.0010442545171827078,0.2499999850988388,0.249755859375,8.176120172720402e-05,0.10789132993090148,294,9.768271204120828e-07,0.8742742000031285
504,8.0,500.0,0.02,0.09921600072080249,0.09916363292926901,0.10788498103573503,0.03150217980146408,0.0010432805866003036,0.25,0.249755859375,8.448451990261674e-05,0.10788498103573503,294,9.760815014906402e-07,0.8846200000116369
505,8.0,500.0,0.02,0.09921482103914668,0.09916247470295701,0.10787756464511311,0.03150217980146408,0.0010422078194096684,0.25,0.249755859375,8.782625809544697e-05,0.10787756464511311,294,9.752636853842795e-07,0.8540426999970805
506,8.0,500.0,0.02,0.09921340798657016,0.09916108480259404,0.10786888274616363,0.03150218725204468,0.001041049836203456,0.25,0.249755859375,9.176634921459481e-05,0.10786888274616363,294,9.995586650228064e-07,0.8799571999988984
507,8.0,500.0,0.02,0.09921173701136464,0.09915943833467641,0.10785870251386845,0.031502194702625275,0.0010398240992799401,0.2499999850988388,0.249755859375,9.625505481380969e-05,0.10785870251386845,294,9.989364646149883e-07,0.8659283000015421
508,8.0,500.0,0.02,0.09920975807409958,0.09915748469725476,0.10785342083479078,0.03150220587849617,0.0010385585483163595,0.25,0.249755859375,0.00010120697697857395,0.10785342083479078,294,9.98469985175084e-07,0.8888947000086773
509,8.0,500.0,0.02,0.09920744443250552,0.09915519641836838,0.10785636845445477,0.031502217054367065,0.0010372898541390896,0.2499999850988388,0.249755859375,0.00010648086754372343,0.10785342083479078,294,9.982139088958043e-07,0.8463403999921866
510,8.0,500.0,0.02,0.09920476369007503,0.09915254011058261,0.10785954359831552,0.03150223195552826,0.001036067376844585,0.25,0.25,0.0001118780710385181,0.10785342083479078,295,9.98180651420473e-07,0.8564433999999892
511,8.0,500.0,0.02,0.09920167901513721,0.09914947768168147,0.1078629843687117,0.03150224685668945,0.0010349543299525976,0.25,0.25,0.00011714089487213641,0.10785342083479078,295,9.98333128425587e-07,0.8501912000065204
512,8.0,500.0,0.02,0.09919818482431683,0.0991460021303511,0.10786678767228637,0.03150226175785065,0.0010340216103941202,0.25,0.25,0.0001219404730363749,0.10785342083479078,295,9.985606882597615e-07,0.8418683999916539
513,8.0,500.0,0.02,0.09919427520278812,0.09914210608610854,0.10787107255481161,0.03150228410959244,0.001033341628499329,0.25,0.25,0.00012587656965479255,0.10785342083479078,295,9.986613999645062e-07,0.8422834000084549
514,8.0,500.0,0.02,0.09919000705106104,0.09913784539194698,0.10787603159533973,0.03150230273604393,0.0010329678189009428,0.25,0.25,0.00012843028525821865,0.10785342083479078,295,9.992551267860944e-07,0.8680110999994213
515,8.0,500.0,0.02,0.09918545209517539,0.09913329137669713,0.10788185694895928,0.03150232136249542,0.00103291985578835,0.25,0.25,0.00012896307453047484,0.10785342083479078,296,9.847544535381496e-07,0.8668155000050319
516,8.0,500.0,0.02,0.09918075243732406,0.0991285868871443,0.10788876108741166,0.03150234743952751,0.001033160137012601,0.25,0.25,0.00012674889876507223,0.10785342083479078,296,9.859157282312087e-07,0.9552442999993218
517,8.0,500.0,0.02,0.09917609186093315,0.09912391785155043,0.10789690534185338,0.0315023735165596,0.001033581793308258,0.25,0.25,0.00012118153972551227,0.10785342083479078,296,9.953373515555936e-07,0.8668178999942029
518,8.0,500.0,0.02,0.0991717314907077,0.09911954877159626,0.10790640033700015,0.03150240331888199,0.0010340157896280289,0.2499999850988388,0.25,0.00011213962716283277,0.10785342083479078,296,9.969425015771596e-07,0.8764034000050742
519,8.0,500.0,0.02,0.0991679169353646,0.09911572944834723,0.10791719125306272,0.031502433121204376,0.0010342526948079467,0.2499999850988388,0.25,0.0001004533696686849,0.10785342083479078,297,9.496420681304212e-07,0.8249026999983471
520,8.0,500.0,0.02,0.09916485015374384,0.09911266598363182,0.10792903247376794,0.03150246664881706,0.0010340851731598377,0.25,0.249755859375,8.823053212836385e-05,0.10785342083479078,297,9.435250894215664e-07,0.9460828000010224
521,8.0,500.0,0.02,0.09916266098862359,0.09911049137182379,0.10794149205177812,0.03150250017642975,0.001033355831168592,0.25,0.25,7.87226963439025e-05,0.10785342083479078,297,9.401402622577204e-07,0.8878526999906171
522,8.0,500.0,0.02,0.0991613042929903,0.09910916213856492,0.1079538849793879,0.03150253742933273,0.001031980849802494,0.2499999850988388,0.25,7.500125502701849e-05,0.10785342083479078,297,9.463095276414527e-07,0.8645584999903804
523,8.0,500.0,0.02,0.09916062631803044,0.09910852446100153,0.10796541002777044,0.03150257095694542,0.0010299643035978079,0.2499999850988388,0.25,7.754330727038905e-05,0.10785342083479078,297,9.541683163118932e-07,0.8308746999973664
524,8.0,500.0,0.02,0.09916036713563832,0.09910831702289166,0.10797522118499576,0.031502608209848404,0.0010273752268403769,0.25,0.25,8.3715065557044e-05,0.10785342083479078,297,9.497999577146323e-07,0.8811618999898201
525,8.0,500.0,0.02,0.0991602639725129,0.09910827492658746,0.10798262173975137,0.03150264546275139,0.0010243200231343508,0.25,0.25,9.016620606416836e-05,0.10785342083479078,296,9.668106847033518e-07,0.8546648000046844
526,8.0,500.0,0.02,0.0991600834272943,0.09910816254393677,0.10798715633774464,0.031502678990364075,0.0010209102183580399,0.25,0.250244140625,9.459416469326243e-05,0.10785342083479078,283,9.520826104272265e-07,0.8355721999978414
527,8.0,500.0,0.02,0.09915969429429683,0.09910784668041456,0.10798872098147409,0.03150271624326706,0.0010172448819503188,0.2499999850988388,0.250244140625,9.59599856287241e-05,0.10785342083479078,296,9.58097770346734e-07,0.8874090999888722
528,8.0,500.0,0.02,0.0991590330687054,0.09910726231501256,0.10798749970303269,0.03150274604558945,0.0010134003823623061,0.25,0.250244140625,9.414511441718787e-05,0.10785342083479078,297,9.586335269458799e-07,0.8785747999936575
529,8.0,500.0,0.02,0.09915814059231125,0.0991064489512115,0.10798396016370375,0.03150277957320213,0.0010094430763274431,0.25,0.250244140625,8.964891458163038e-05,0.10785342083479078,297,9.60784101265877e-07,0.8884269999980461
530,8.0,500.0,0.02,0.099157083392199,0.09910547199664624,0.10797868502554296,0.03150280937552452,0.001005429308861494,0.2499999850988388,0.250244140625,8.331401477335021e-05,0.10785342083479078,296,9.890550753765004e-07,0.8621043000021018
531,8.0,500.0,0.02,0.09915597538054861,0.09910444400935375,0.10797232866349814,0.03150283917784691,0.0010014266008511186,0.25,0.250244140625,7.614212518092245e-05,0.10785342083479078,283,9.641156719252063e-07,0.851186100000632
532,8.0,500.0,0.02,0.09915488910847661,0.09910343618304787,0.10796544824003505,0.031502868980169296,0.0009975028224289417,0.25,0.250244140625,6.910300726303831e-05,0.10785342083479078,283,9.724919783518432e-07,0.8209509000007529
533,8.0,500.0,0.02,0.0991538989575597,0.09910252131931657,0.1079585229495684,0.03150290250778198,0.0009937367867678404,0.2499999850988388,0.250244140625,6.301263783825561e-05,0.10785342083479078,283,9.664886817486362e-07,0.8214931999973487
534,8.0,500.0,0.02,0.09915303376105931,0.09910172679855805,0.10795187961649294,0.03150293976068497,0.0009902011370286345,0.25,0.250244140625,5.8407946198713034e-05,0.10785342083479078,297,9.607419194124046e-07,0.8654406999994535
535,8.0,500.0,0.02,0.09915230134324793,0.09910105914631549,0.10794572810395156,0.03150297328829765,0.0009869611822068691,0.2499999850988388,0.250244140625,5.54808066226542e-05,0.10785342083479078,297,9.595989919311056e-07,0.8650289000070188
536,8.0,500.0,0.02,0.09915168863870631,0.09910050434908327,0.10794017617786825,0.03150301054120064,0.0009840639540925622,0.25,0.250244140625,5.409361983765848e-05,0.10785342083479078,297,9.583700978043891e-07,0.8410097000014503
537,8.0,500.0,0.02,0.09915116407309149,0.09910003029980187,0.1079352504699597,0.031503044068813324,0.0009815364610403776,0.2499999850988388,0.250244140625,5.389167563407682e-05,0.10785342083479078,297,9.571290131899347e-07,0.9198915000015404
538,8.0,500.0,0.02,0.09915071161215387,0.09909962074396393,0.10793095509228329,0.03150307759642601,0.0009793895296752453,0.25,0.250244140625,5.445213901111856e-05,0.10785342083479078,297,9.559279098150167e-07,0.848308199987514
539,8.0,500.0,0.02,0.09915028580690755,0.09909923043700887,0.10792723301875072,0.03150311857461929,0.000977612566202879,0.2499999850988388,0.250244140625,5.540611164178699e-05,0.10785342083479078,297,9.548020342227037e-07,0.8321121999906609
540,8.0,500.0,0.02,0.09914987237803476,0.09909884549030872,0.10792404860540292,0.03150315582752228,0.0009761865949258208,0.25,0.250244140625,5.6473752920283005e-05,0.10785342083479078,297,9.537727393397201e-07,0.88381099999242
541,8.0,500.0,0.02,0.09914944842964724,0.099098443574685,0.10792134791645644,0.03150319308042526,0.0009750830940902233,0.2499999850988388,0.250244140625,5.747107934439555e-05,0.10785342083479078,297,9.528522725112863e-07,0.8538379999954486
542,8.0,500.0,0.02,0.0991490015991235,0.09909801299853417,0.10791908588780776,0.03150322288274765,0.0009742688853293657,0.25,0.250244140625,5.828718713019043e-05,0.10785342083479078,297,9.520455616762906e-07,0.8430300000036368
543,8.0,500.0,0.02,0.09914851768933527,0.09909754024505907,0.10791721456318389,0.031503256410360336,0.0009737093932926655,0.25,0.250244140625,5.8864749007625505e-05,0.10785342083479078,297,9.513535026726175e-07,0.8909674000024097
544,8.0,500.0,0.02,0.09914799796379725,0.09909702721247071,0.10791570417690279,0.03150328993797302,0.0009733730694279075,0.25,0.250244140625,5.917866656091064e-05,0.10785342083479078,297,9.507725774959983e-07,0.8328687000030186
545,8.0,500.0,0.02,0.09914744008435956,0.09909647217636086,0.10791452173418364,0.03150331974029541,0.000973229412920773,0.25,0.250244140625,5.922880882280879e-05,0.10785342083479078,297,9.50297301148304e-07,0.9133543000061763
546,8.0,500.0,0.02,0.09914684482073365,0.0990958764838609,0.10791363857400642,0.0315033458173275,0.0009732495527714491,0.25,0.250244140625,5.902978591620922e-05,0.10785342083479078,297,9.499200334281878e-07,0.8353453999880003
547,8.0,500.0,0.02,0.09914621973614406,0.09909524818900238,0.10791303418819416,0.03150337561964989,0.0009734085761010647,0.2499999850988388,0.250244140625,5.860744568053633e-05,0.10785342083479078,297,9.496317782969866e-07,0.8852624999999534
548,8.0,500.0,0.02,0.09914557379397405,0.09909459671431063,0.10791268916190899,0.031503401696681976,0.0009736838983371854,0.25,0.250244140625,5.7996985560748726e-05,0.10785342083479078,297,9.49421231968617e-07,0.8784822999878088
549,8.0,500.0,0.02,0.09914492004644454,0.09909393553529262,0.10791258829780359,0.031503431499004364,0.0009740539826452732,0.25,0.250244140625,5.724063885281794e-05,0.10785342083479078,297,9.492764160277318e-07,0.8675914000050398
550,8.0,500.0,0.02,0.09914425846947911,0.09909326508817817,0.10791269933697137,0.03150345757603645,0.0009744961862452328,0.2499999850988388,0.250244140625,5.639011214952916e-05,0.10785342083479078,297,9.491840091424694e-07,0.8909561000036774
551,8.0,500.0,0.02,0.09914360500871765,0.09909260168484972,0.10791300719582061,0.03150348737835884,0.000974991824477911,0.2499999850988388,0.250244140625,5.549893103307113e-05,0.10785342083479078,297,9.491300838350356e-07,0.8478554999892367
552,8.0,500.0,0.02,0.09914296544947601,0.09909195153693609,0.10791348225011488,0.03150351718068123,0.0009755197679623961,0.25,0.250244140625,5.4625139455311e-05,0.10785342083479078,297,9.491013694324644e-07,0.8424481999973068
553,8.0,500.0,0.02,0.0991423484837158,0.09909132374524943,0.10791409632970138,0.03150354325771332,0.0009760597604326904,0.25,0.250244140625,5.382483504945412e-05,0.10785342083479078,297,9.490865427456934e-07,0.8293733000027714
554,8.0,500.0,0.02,0.09914175470230144,0.09909071930740934,0.10791480946037137,0.031503576785326004,0.0009765909053385258,0.25,0.250244140625,5.314822556101717e-05,0.10785342083479078,297,9.490777776897688e-07,0.8646193000022322
555,8.0,500.0,0.02,0.09914118399624496,0.0990901385221143,0.10791557964649055,0.03150361403822899,0.0009770930046215653,0.2499999701976776,0.250244140625,5.2636787586379796e-05,0.10785342083479078,297,9.490735038462352e-07,0.8659912000002805
556,8.0,500.0,0.02,0.09914063422651515,0.09908957965662256,0.10791636230163394,0.03150365501642227,0.0009775457438081503,0.2499999701976776,0.250244140625,5.231347677181475e-05,0.10785342083479078,297,9.490803000508306e-07,0.8318686000129674
557,8.0,500.0,0.02,0.09914010969233124,0.09908904732587172,0.10791712050495411,0.031503695994615555,0.0009779335232451558,0.25,0.250244140625,5.2183651860104874e-05,0.10785342083479078,297,9.491137434824471e-07,0.8702522000094177
558,8.0,500.0,0.02,0.09913960542058425,0.09908853686408925,0.10791780963995531,0.03150373697280884,0.0009782409761101007,0.25,0.250244140625,5.2234710892662406e-05,0.10785342083479078,297,9.492008876798322e-07,0.8450617000053171
559,8.0,500.0,0.02,0.09913912202185718,0.09908804912726162,0.10791839488323461,0.03150378167629242,0.0009784556459635496,0.25,0.250244140625,5.243879058980383e-05,0.10785342083479078,297,9.493782868561923e-07,0.8758824999968056
560,8.0,500.0,0.02,0.09913864913541032,0.099087573969319,0.10791883497628693,0.0315038226544857,0.0009785671718418598,0.25,0.250244140625,5.275878720567562e-05,0.10785342083479078,297,9.496899071325268e-07,0.8502073999989079
561,8.0,500.0,0.02,0.09913818070164848,0.09908710547315855,0.10791910086587449,0.03150387108325958,0.0009785678703337908,0.25,0.250244140625,5.315350426826626e-05,0.10785342083479078,297,9.501795846592331e-07,0.8600730000034673
562,8.0,500.0,0.02,0.0991377090159637,0.0990866360254419,0.10791916904213565,0.03150391951203346,0.0009784535504877567,0.2499999701976776,0.250244140625,5.358577618608251e-05,0.10785342083479078,297,9.50883516786714e-07,0.851400300001842
563,8.0,500.0,0.02,0.09913722672377918,0.09908615829021875,0.10791902589749917,0.03150396794080734,0.000978223280981183,0.2499999850988388,0.250244140625,5.4025163990445435e-05,0.10785342083479078,297,9.518222096005268e-07,0.8405588000023272
564,8.0,500.0,0.02,0.09913675040699882,0.09908568871993911,0.10791869359569271,0.03150402009487152,0.0009778833482414484,0.2499999850988388,0.250244140625,5.4452979384223e-05,0.10785342083479078,297,9.529965853992492e-07,0.8541869000036968
565,8.0,500.0,0.02,0.0991362651264171,0.09908521232557174,0.10791816585114689,0.03150409087538719,0.0009774354984983802,0.2499999850988388,0.250244140625,5.4862754041096196e-05,0.10785342083479078,297,9.543836817426403e-07,0.8347696999990148
566,8.0,500.0,0.02,0.09913576638109639,0.09908472447719083,0.10791745544017822,0.031504176557064056,0.0009768863674253225,0.2499999850988388,0.250244140625,5.525622327695601e-05,0.10785342083479078,297,9.559402395606293e-07,0.8516822999954456
567,8.0,500.0,0.02,0.0991352613019447,0.09908423211431756,0.10791659414359497,0.03150426596403122,0.0009762460831552744,0.25,0.250244140625,5.5645632528467104e-05,0.10785342083479078,297,9.576136139630058e-07,0.8859798999910709
568,8.0,500.0,0.02,0.09913475117021224,0.099083736303998,0.1079156109585657,0.03150435909628868,0.0009755253558978438,0.25,0.250244140625,5.604404577752575e-05,0.10785342083479078,297,9.593470584605724e-07,0.8391798000084236
569,8.0,500.0,0.02,0.099134233804188,0.09908323466335542,0.10791453220694561,0.03150445222854614,0.0009747344302013516,0.25,0.250244140625,5.64664151170291e-05,0.10785342083479078,297,9.610871063212976e-07,0.8739625000016531
570,8.0,500.0,0.02,0.09913369695254941,0.09908271476853978,0.10791337388970604,0.0315045490860939,0.0009738817461766303,0.2499999850988388,0.250244140625,5.6924953241832554e-05,0.10785342083479078,297,9.62787562708258e-07,0.8482635999971535
571,8.0,500.0,0.02,0.0991331675821773,0.09908220323276214,0.10791219573622084,0.03150464594364166,0.0009729851735755801,0.25,0.250244140625,5.742985740653239e-05,0.10785342083479078,297,9.644321736708572e-07,0.8243138000107137
572,8.0,500.0,0.02,0.09913263319898862,0.09908168738801497,0.10791101039769888,0.03150475025177002,0.0009720530360937119,0.2499999701976776,0.250244140625,5.798424535896629e-05,0.10785342083479078,297,9.66003862000009e-07,0.8483985000057146
573,8.0,500.0,0.02,0.09913208485365863,0.09908115813223663,0.10790983140619428,0.03150484710931778,0.000971093715634197,0.2499999850988388,0.250244140625,5.858695294591598e-05,0.10785342083479078,297,9.674988660152006e-07,0.8848696999921231
574,8.0,500.0,0.02,0.09913153761370291,0.09908063025377875,0.10790869637570731,0.031504951417446136,0.0009701204253360629,0.25,0.250244140625,5.923263597651385e-05,0.10785342083479078,297,9.689332068126586e-07,0.8855075000028592
575,8.0,500.0,0.02,0.0991309689557496,0.09908008116337838,0.10790759654392316,0.03150505572557449,0.0009691368322819471,0.25,0.250244140625,5.991085708956234e-05,0.10785342083479078,297,9.703145001692341e-07,0.8472363999899244
576,8.0,500.0,0.02,0.09913040581646496,0.09907953751853787,0.10790657558251064,0.03150515630841255,0.0009681570809334517,0.2499999701976776,0.250244140625,6.060997111489996e-05,0.10785342083479078,297,9.716728054076408e-07,0.839839899999788
577,8.0,500.0,0.02,0.09912982856402468,0.09907897964505773,0.10790562042601236,0.03150526061654091,0.0009671829175204039,0.2499999850988388,0.250244140625,6.131624832050875e-05,0.10785342083479078,297,9.730213570227586e-07,0.8466737999988254
578,8.0,500.0,0.02,0.09912924061318176,0.09907841083335937,0.10790474056047096,0.031505364924669266,0.0009662207448855042,0.25,0.250244140625,6.201580981723964e-05,0.10785342083479078,297,9.743803153472174e-07,0.8628353999956744
579,8.0,500.0,0.02,0.09912864794516496,0.09907783694173701,0.10790394527399291,0.03150548040866852,0.0009652761509642005,0.2499999701976776,0.250244140625,6.269307050388306e-05,0.10785342083479078,297,9.757694225497708e-07,0.858499900001334
580,8.0,500.0,0.02,0.09912803854501562,0.09907724596268254,0.10790322062586961,0.03150559961795807,0.0009643491357564926,0.2499999850988388,0.25048828125,6.333755300147459e-05,0.10785342083479078,297,9.771993442370029e-07,0.8518148000002839
581,8.0,500.0,0.02,0.09912742246858351,0.09907664784261533,0.10790257511692596,0.03150572255253792,0.0009634451707825065,0.25,0.25048828125,6.393557850969955e-05,0.10785342083479078,297,9.78684425165739e-07,0.8412010000029113
582,8.0,500.0,0.02,0.09912679399657957,0.09907603688226976,0.10790199744028696,0.03150584548711777,0.0009625634411349893,0.2499999850988388,0.25048828125,6.447544001275674e-05,0.10785342083479078,297,9.802307445899691e-07,0.8968576000042958
583,8.0,500.0,0.02,0.09912615667083718,0.09907541658715763,0.10790148483138846,0.031505972146987915,0.0009617055766284466,0.25,0.25048828125,6.494730041595176e-05,0.10785342083479078,297,9.818447145782352e-07,0.8475711000064621
584,8.0,500.0,0.02,0.09912550567139436,0.09907478216339398,0.10790102362414179,0.031506095081567764,0.0009608706459403038,0.2499999701976776,0.25048828125,6.53415554552339e-05,0.10785342083479078,297,9.835263420536183e-07,0.8738331000058679
585,8.0,500.0,0.02,0.09912484742081625,0.09907414001678018,0.10790061233959436,0.03150622174143791,0.0009600591147318482,0.25,0.25048828125,6.565007788594812e-05,0.10785342083479078,297,9.852765113255698e-07,0.9154453000082867
586,8.0,500.0,0.02,0.0991241772971947,0.09907348557104284,0.10790023536317023,0.03150634840130806,0.000959268887527287,0.25,0.25048828125,6.586554081877694e-05,0.10785342083479078,297,9.870895393019017e-07,0.8620735000004061
587,8.0,500.0,0.02,0.09912349722371486,0.09907282077497852,0.10789988469998485,0.03150647506117821,0.00095849868375808,0.25,0.25048828125,6.59817669657059e-05,0.10785342083479078,297,9.889587694842704e-07,0.8622516000032192
588,8.0,500.0,0.02,0.09912281837641392,0.09907215677668471,0.10789956283285115,0.031506601721048355,0.0009577499004080892,0.25,0.25048828125,6.599393236683682e-05,0.10785342083479078,297,9.908759648929902e-07,0.8668273000075715
589,8.0,500.0,0.02,0.09912213581313532,0.09907148868848722,0.10789925355811848,0.0315067321062088,0.0009570196270942688,0.25,0.25048828125,6.589767144760117e-05,0.10785342083479078,297,9.928265350711328e-07,0.8584561000025133
590,8.0,500.0,0.02,0.09912145294991706,0.09907081996274565,0.10789895069200706,0.03150686249136925,0.0009563062340021133,0.25,0.25048828125,6.568993558175862e-05,0.10785342083479078,297,9.947942833336284e-07,0.8586791999987327
591,8.0,500.0,0.02,0.09912076594870195,0.09907014681262553,0.10789864055538843,0.031506992876529694,0.0009556071599945426,0.2499999850988388,0.25048828125,6.53690512990579e-05,0.10785342083479078,297,9.96760007564215e-07,0.864630500000203
592,8.0,500.0,0.02,0.09912008234067253,0.09906947677163772,0.10789832307198001,0.03150712326169014,0.0009549222886562347,0.25,0.25048828125,6.493523687822744e-05,0.10785342083479078,297,9.98703566398139e-07,0.8691619000019273
593,8.0,500.0,0.02,0.09911939995346446,0.09906880771281984,0.10789798786474812,0.031507253646850586,0.0009542493498884141,0.25,0.25048828125,6.438954005716369e-05,0.10785342083479078,297,9.398390817268554e-07,0.8261311000096612
594,8.0,500.0,0.02,0.09911872989167345,0.09906815070910265,0.10789764128135987,0.03150738775730133,0.0009535897406749427,0.25,0.25048828125,6.373500946210697e-05,0.10785342083479078,297,9.413475702512134e-07,0.8701890000083949
595,8.0,500.0,0.02,0.09911805651366236,0.09906749024644018,0.1078972596441033,0.03150751441717148,0.0009529376402497292,0.2499999701976776,0.25048828125,6.297531217569485e-05,0.10785342083479078,297,9.4277314230377e-07,0.8360248000099091
596,8.0,500.0,0.02,0.0991173965027735,0.09906684293064218,0.10789685801386725,0.031507644802331924,0.0009522963664494455,0.25,0.25048828125,6.211704021552578e-05,0.10785342083479078,297,9.440978657349369e-07,0.8501235000003362
597,8.0,500.0,0.02,0.09911675624505334,0.09906621513168976,0.10789644050176797,0.03150777518749237,0.0009516669088043272,0.2499999850988388,0.25048828125,6.1167920648586e-05,0.10785342083479078,297,9.453077826249299e-07,0.8870064000075217
598,8.0,500.0,0.02,0.09911611096011762,0.09906558222775634,0.10789597680409085,0.03150790184736252,0.000951041525695473,0.2499999850988388,0.25048828125,6.013550591887906e-05,0.10785342083479078,297,9.464011593945031e-07,0.8587036999961128
599,8.0,500.0,0.02,0.09911549786169993,0.09906498123443665,0.1078955089249557,0.031508028507232666,0.0009504299378022552,0.25,0.25048828125,5.903175042476505e-05,0.10785342083479078,297,9.47371460922626e-07,0.8509287999913795
