role,scenario_index,iterations,relative_residual,converged,reason,dtype,device
forward,0,225,9.880164372320056e-07,True,CONVERGED,float64,cuda:0
forward,1,294,9.83771419594861e-07,True,CONVERGED,float64,cuda:0
forward,2,294,9.837714263042086e-07,True,CONVERGED,float64,cuda:0
adjoint,0,223,9.281028003397344e-07,True,CONVERGED,float64,cuda:0
adjoint,1,290,9.80867917343275e-07,True,CONVERGED,float64,cuda:0
adjoint,2,290,9.808679096927099e-07,True,CONVERGED,float64,cuda:0
forward,0,250,9.81001354845589e-07,True,CONVERGED,float64,cuda:0
forward,1,294,9.095872357340154e-07,True,CONVERGED,float64,cuda:0
forward,2,294,9.095922485443214e-07,True,CONVERGED,float64,cuda:0
adjoint,0,251,9.294076927645649e-07,True,CONVERGED,float64,cuda:0
adjoint,1,290,9.947335400334727e-07,True,CONVERGED,float64,cuda:0
adjoint,2,290,9.948652541393758e-07,True,CONVERGED,float64,cuda:0
forward,0,254,9.39473926551592e-07,True,CONVERGED,float64,cuda:0
forward,1,295,9.053692131762159e-07,True,CONVERGED,float64,cuda:0
forward,2,295,9.047147782271391e-07,True,CONVERGED,float64,cuda:0
adjoint,0,252,9.022364968914173e-07,True,CONVERGED,float64,cuda:0
adjoint,1,291,9.435607308995337e-07,True,CONVERGED,float64,cuda:0
adjoint,2,291,9.439253370547235e-07,True,CONVERGED,float64,cuda:0
forward,0,257,9.524414373759766e-07,True,CONVERGED,float64,cuda:0
forward,1,302,9.235675733338178e-07,True,CONVERGED,float64,cuda:0
forward,2,302,9.223044373410412e-07,True,CONVERGED,float64,cuda:0
adjoint,0,254,9.525130345388118e-07,True,CONVERGED,float64,cuda:0
adjoint,1,292,9.250128799851377e-07,True,CONVERGED,float64,cuda:0
adjoint,2,292,9.255082891134648e-07,True,CONVERGED,float64,cuda:0
forward,0,273,9.998574550854585e-07,True,CONVERGED,float64,cuda:0
forward,1,304,9.795422886156487e-07,True,CONVERGED,float64,cuda:0
forward,2,304,9.791951947560718e-07,True,CONVERGED,float64,cuda:0
adjoint,0,256,9.861635018616835e-07,True,CONVERGED,float64,cuda:0
adjoint,1,293,9.378700356048904e-07,True,CONVERGED,float64,cuda:0
adjoint,2,293,9.3794243776212e-07,True,CONVERGED,float64,cuda:0
forward,0,275,9.640343826618722e-07,True,CONVERGED,float64,cuda:0
forward,1,305,9.41827433789013e-07,True,CONVERGED,float64,cuda:0
forward,2,305,9.417688114441638e-07,True,CONVERGED,float64,cuda:0
adjoint,0,271,9.100877800605381e-07,True,CONVERGED,float64,cuda:0
adjoint,1,294,9.913696230908525e-07,True,CONVERGED,float64,cuda:0
adjoint,2,294,9.926703024259797e-07,True,CONVERGED,float64,cuda:0
forward,0,276,8.994643428249232e-07,True,CONVERGED,float64,cuda:0
forward,1,305,9.20443594889374e-07,True,CONVERGED,float64,cuda:0
forward,2,305,9.203917223238293e-07,True,CONVERGED,float64,cuda:0
adjoint,0,272,9.214756866092235e-07,True,CONVERGED,float64,cuda:0
adjoint,1,296,9.362562453735141e-07,True,CONVERGED,float64,cuda:0
adjoint,2,296,9.425074513158173e-07,True,CONVERGED,float64,cuda:0
forward,0,276,9.096739634861408e-07,True,CONVERGED,float64,cuda:0
forward,1,304,9.670942521289997e-07,True,CONVERGED,float64,cuda:0
forward,2,304,9.663459670119003e-07,True,CONVERGED,float64,cuda:0
adjoint,0,273,9.681089081097204e-07,True,CONVERGED,float64,cuda:0
adjoint,1,294,9.433949514431127e-07,True,CONVERGED,float64,cuda:0
adjoint,2,294,9.713611078982744e-07,True,CONVERGED,float64,cuda:0
forward,0,276,9.1510197034576e-07,True,CONVERGED,float64,cuda:0
forward,1,303,9.573124786458968e-07,True,CONVERGED,float64,cuda:0
forward,2,303,9.541776698293548e-07,True,CONVERGED,float64,cuda:0
adjoint,0,276,9.994085993185514e-07,True,CONVERGED,float64,cuda:0
adjoint,1,291,9.300205304892102e-07,True,CONVERGED,float64,cuda:0
adjoint,2,289,9.774715539329778e-07,True,CONVERGED,float64,cuda:0
forward,0,276,9.502397407580728e-07,True,CONVERGED,float64,cuda:0
forward,1,301,9.716238126334732e-07,True,CONVERGED,float64,cuda:0
forward,2,301,9.705800181940938e-07,True,CONVERGED,float64,cuda:0
adjoint,0,279,8.446409558752194e-07,True,CONVERGED,float64,cuda:0
adjoint,1,297,9.695137646508615e-07,True,CONVERGED,float64,cuda:0
adjoint,2,297,9.683122759178602e-07,True,CONVERGED,float64,cuda:0
forward,0,274,9.227471954010985e-07,True,CONVERGED,float64,cuda:0
forward,1,293,9.621244764320219e-07,True,CONVERGED,float64,cuda:0
forward,2,294,9.240340957074229e-07,True,CONVERGED,float64,cuda:0
adjoint,0,273,9.500285948782345e-07,True,CONVERGED,float64,cuda:0
adjoint,1,288,9.855949887173913e-07,True,CONVERGED,float64,cuda:0
adjoint,2,288,9.724947653142327e-07,True,CONVERGED,float64,cuda:0
forward,0,279,9.162449687487501e-07,True,CONVERGED,float64,cuda:0
forward,1,298,9.086354737104808e-07,True,CONVERGED,float64,cuda:0
forward,2,298,9.427885811019275e-07,True,CONVERGED,float64,cuda:0
adjoint,0,280,9.978049029421287e-07,True,CONVERGED,float64,cuda:0
adjoint,1,293,9.755811312769415e-07,True,CONVERGED,float64,cuda:0
adjoint,2,292,9.864036450489422e-07,True,CONVERGED,float64,cuda:0
forward,0,278,9.332636763389494e-07,True,CONVERGED,float64,cuda:0
forward,1,296,8.937274609453178e-07,True,CONVERGED,float64,cuda:0
forward,2,296,9.576108628468032e-07,True,CONVERGED,float64,cuda:0
adjoint,0,279,9.45778272998277e-07,True,CONVERGED,float64,cuda:0
adjoint,1,301,9.906533637284441e-07,True,CONVERGED,float64,cuda:0
adjoint,2,302,8.932027511945966e-07,True,CONVERGED,float64,cuda:0
forward,0,277,9.137254300455047e-07,True,CONVERGED,float64,cuda:0
forward,1,282,9.66192113354389e-07,True,CONVERGED,float64,cuda:0
forward,2,293,8.755880855088601e-07,True,CONVERGED,float64,cuda:0
adjoint,0,282,9.777804368158934e-07,True,CONVERGED,float64,cuda:0
adjoint,1,299,9.176390092631126e-07,True,CONVERGED,float64,cuda:0
adjoint,2,299,9.412155671046978e-07,True,CONVERGED,float64,cuda:0
forward,0,278,8.689935379328521e-07,True,CONVERGED,float64,cuda:0
forward,1,282,9.48933515879319e-07,True,CONVERGED,float64,cuda:0
forward,2,278,9.617351521781182e-07,True,CONVERGED,float64,cuda:0
adjoint,0,282,9.022581502784712e-07,True,CONVERGED,float64,cuda:0
adjoint,1,296,9.206117191191841e-07,True,CONVERGED,float64,cuda:0
adjoint,2,296,9.567994263426747e-07,True,CONVERGED,float64,cuda:0
forward,0,276,9.572083336663002e-07,True,CONVERGED,float64,cuda:0
forward,1,278,9.205701482598104e-07,True,CONVERGED,float64,cuda:0
forward,2,287,9.147423281980574e-07,True,CONVERGED,float64,cuda:0
adjoint,0,279,9.225338393388486e-07,True,CONVERGED,float64,cuda:0
adjoint,1,293,9.016454889766311e-07,True,CONVERGED,float64,cuda:0
adjoint,2,293,9.594026009946706e-07,True,CONVERGED,float64,cuda:0
forward,0,272,9.593082814882403e-07,True,CONVERGED,float64,cuda:0
forward,1,273,9.735198015843566e-07,True,CONVERGED,float64,cuda:0
forward,2,284,8.945505149497096e-07,True,CONVERGED,float64,cuda:0
adjoint,0,280,9.988548236627885e-07,True,CONVERGED,float64,cuda:0
adjoint,1,292,9.696070476986337e-07,True,CONVERGED,float64,cuda:0
adjoint,2,293,9.254814663994222e-07,True,CONVERGED,float64,cuda:0
forward,0,268,9.217288142699819e-07,True,CONVERGED,float64,cuda:0
forward,1,271,9.484433232235697e-07,True,CONVERGED,float64,cuda:0
forward,2,280,9.537703911254176e-07,True,CONVERGED,float64,cuda:0
adjoint,0,272,8.446022079372466e-07,True,CONVERGED,float64,cuda:0
adjoint,1,289,9.569373362184682e-07,True,CONVERGED,float64,cuda:0
adjoint,2,290,9.598159027832871e-07,True,CONVERGED,float64,cuda:0
forward,0,268,9.739614198262961e-07,True,CONVERGED,float64,cuda:0
forward,1,276,9.933748831977574e-07,True,CONVERGED,float64,cuda:0
forward,2,278,9.306997815021238e-07,True,CONVERGED,float64,cuda:0
adjoint,0,276,9.115300163345088e-07,True,CONVERGED,float64,cuda:0
adjoint,1,286,9.29893008958144e-07,True,CONVERGED,float64,cuda:0
adjoint,2,287,9.55801662133051e-07,True,CONVERGED,float64,cuda:0
forward,0,270,8.435411546257768e-07,True,CONVERGED,float64,cuda:0
forward,1,275,9.436426566545647e-07,True,CONVERGED,float64,cuda:0
forward,2,275,9.823804552417826e-07,True,CONVERGED,float64,cuda:0
adjoint,0,275,9.398690226918269e-07,True,CONVERGED,float64,cuda:0
adjoint,1,285,9.088407401481271e-07,True,CONVERGED,float64,cuda:0
adjoint,2,286,9.425281211942244e-07,True,CONVERGED,float64,cuda:0
forward,0,270,8.874632902066692e-07,True,CONVERGED,float64,cuda:0
forward,1,273,9.869100367842153e-07,True,CONVERGED,float64,cuda:0
forward,2,277,9.587394466880525e-07,True,CONVERGED,float64,cuda:0
adjoint,0,275,8.448894676413183e-07,True,CONVERGED,float64,cuda:0
adjoint,1,284,9.940380806418818e-07,True,CONVERGED,float64,cuda:0
adjoint,2,286,8.932672144139481e-07,True,CONVERGED,float64,cuda:0
forward,0,269,9.760715777210078e-07,True,CONVERGED,float64,cuda:0
forward,1,272,9.689414325671325e-07,True,CONVERGED,float64,cuda:0
forward,2,276,9.893840648021061e-07,True,CONVERGED,float64,cuda:0
adjoint,0,274,9.094183265386901e-07,True,CONVERGED,float64,cuda:0
adjoint,1,283,9.843322112190153e-07,True,CONVERGED,float64,cuda:0
adjoint,2,285,9.111345686288498e-07,True,CONVERGED,float64,cuda:0
forward,0,264,9.357539436486474e-07,True,CONVERGED,float64,cuda:0
forward,1,267,9.440344388551224e-07,True,CONVERGED,float64,cuda:0
forward,2,275,9.883443082269626e-07,True,CONVERGED,float64,cuda:0
adjoint,0,268,9.334147959935308e-07,True,CONVERGED,float64,cuda:0
adjoint,1,282,9.139439362385431e-07,True,CONVERGED,float64,cuda:0
adjoint,2,283,9.67525759390926e-07,True,CONVERGED,float64,cuda:0
forward,0,262,9.768049526964316e-07,True,CONVERGED,float64,cuda:0
forward,1,265,8.691608394733359e-07,True,CONVERGED,float64,cuda:0
forward,2,276,9.681022765219778e-07,True,CONVERGED,float64,cuda:0
adjoint,0,266,9.764943339364546e-07,True,CONVERGED,float64,cuda:0
adjoint,1,283,9.05650841150724e-07,True,CONVERGED,float64,cuda:0
adjoint,2,284,9.310550129701934e-07,True,CONVERGED,float64,cuda:0
forward,0,267,8.79930387744545e-07,True,CONVERGED,float64,cuda:0
forward,1,265,9.614387342864557e-07,True,CONVERGED,float64,cuda:0
forward,2,275,9.303519468568243e-07,True,CONVERGED,float64,cuda:0
adjoint,0,272,9.114814302597735e-07,True,CONVERGED,float64,cuda:0
adjoint,1,280,9.648838813599917e-07,True,CONVERGED,float64,cuda:0
adjoint,2,282,9.117181801799738e-07,True,CONVERGED,float64,cuda:0
forward,0,269,9.79948037441409e-07,True,CONVERGED,float64,cuda:0
forward,1,265,9.417792797357026e-07,True,CONVERGED,float64,cuda:0
forward,2,276,9.937000586813106e-07,True,CONVERGED,float64,cuda:0
adjoint,0,274,9.001191072329182e-07,True,CONVERGED,float64,cuda:0
adjoint,1,283,9.380147929283571e-07,True,CONVERGED,float64,cuda:0
adjoint,2,285,9.094472392703573e-07,True,CONVERGED,float64,cuda:0
forward,0,269,9.86091479699726e-07,True,CONVERGED,float64,cuda:0
forward,1,265,9.33437748120236e-07,True,CONVERGED,float64,cuda:0
forward,2,276,9.772085162724063e-07,True,CONVERGED,float64,cuda:0
adjoint,0,273,9.996825345523408e-07,True,CONVERGED,float64,cuda:0
adjoint,1,283,9.16789600093561e-07,True,CONVERGED,float64,cuda:0
adjoint,2,284,9.97721901942707e-07,True,CONVERGED,float64,cuda:0
forward,0,267,8.659689049076233e-07,True,CONVERGED,float64,cuda:0
forward,1,264,8.672277506345624e-07,True,CONVERGED,float64,cuda:0
forward,2,275,9.55019940451396e-07,True,CONVERGED,float64,cuda:0
adjoint,0,271,9.547392022431665e-07,True,CONVERGED,float64,cuda:0
adjoint,1,279,9.783959785032467e-07,True,CONVERGED,float64,cuda:0
adjoint,2,282,8.732167669409497e-07,True,CONVERGED,float64,cuda:0
forward,0,265,9.560792343438262e-07,True,CONVERGED,float64,cuda:0
forward,1,265,9.022429028073075e-07,True,CONVERGED,float64,cuda:0
forward,2,275,9.766925728102612e-07,True,CONVERGED,float64,cuda:0
adjoint,0,266,9.69386652133608e-07,True,CONVERGED,float64,cuda:0
adjoint,1,278,9.75102536506565e-07,True,CONVERGED,float64,cuda:0
adjoint,2,281,9.86183811596867e-07,True,CONVERGED,float64,cuda:0
forward,0,266,9.748552079204853e-07,True,CONVERGED,float64,cuda:0
forward,1,264,9.019548795405472e-07,True,CONVERGED,float64,cuda:0
forward,2,275,9.19623286837234e-07,True,CONVERGED,float64,cuda:0
adjoint,0,268,9.757478448213267e-07,True,CONVERGED,float64,cuda:0
adjoint,1,277,9.141443829879994e-07,True,CONVERGED,float64,cuda:0
adjoint,2,280,9.799469331078136e-07,True,CONVERGED,float64,cuda:0
forward,0,269,9.898941257027386e-07,True,CONVERGED,float64,cuda:0
forward,1,266,9.012767564586016e-07,True,CONVERGED,float64,cuda:0
forward,2,276,9.877448046080155e-07,True,CONVERGED,float64,cuda:0
adjoint,0,273,9.596384444130099e-07,True,CONVERGED,float64,cuda:0
adjoint,1,282,9.766901167704909e-07,True,CONVERGED,float64,cuda:0
adjoint,2,284,9.95594483201395e-07,True,CONVERGED,float64,cuda:0
forward,0,270,8.254872754673426e-07,True,CONVERGED,float64,cuda:0
forward,1,267,8.618991207542666e-07,True,CONVERGED,float64,cuda:0
forward,2,277,9.088119976836566e-07,True,CONVERGED,float64,cuda:0
adjoint,0,274,9.416169228617074e-07,True,CONVERGED,float64,cuda:0
adjoint,1,283,9.261667446159459e-07,True,CONVERGED,float64,cuda:0
adjoint,2,285,9.432233228684044e-07,True,CONVERGED,float64,cuda:0
forward,0,267,9.539465751337602e-07,True,CONVERGED,float64,cuda:0
forward,1,265,9.310918481770567e-07,True,CONVERGED,float64,cuda:0
forward,2,275,9.990156683630578e-07,True,CONVERGED,float64,cuda:0
adjoint,0,272,8.979119123005666e-07,True,CONVERGED,float64,cuda:0
adjoint,1,279,9.545349475292594e-07,True,CONVERGED,float64,cuda:0
adjoint,2,282,9.922032504805133e-07,True,CONVERGED,float64,cuda:0
forward,0,261,9.84522632611935e-07,True,CONVERGED,float64,cuda:0
forward,1,268,9.827260534384205e-07,True,CONVERGED,float64,cuda:0
forward,2,276,9.453274840837722e-07,True,CONVERGED,float64,cuda:0
adjoint,0,267,8.980057422231356e-07,True,CONVERGED,float64,cuda:0
adjoint,1,282,9.765439955330623e-07,True,CONVERGED,float64,cuda:0
adjoint,2,283,9.059106828936385e-07,True,CONVERGED,float64,cuda:0
forward,0,267,9.693796084697788e-07,True,CONVERGED,float64,cuda:0
forward,1,268,9.556069686888113e-07,True,CONVERGED,float64,cuda:0
forward,2,276,9.693070743865924e-07,True,CONVERGED,float64,cuda:0
adjoint,0,268,8.913443432701428e-07,True,CONVERGED,float64,cuda:0
adjoint,1,283,9.82594676712857e-07,True,CONVERGED,float64,cuda:0
adjoint,2,284,9.688930952114455e-07,True,CONVERGED,float64,cuda:0
forward,0,262,9.902533202425711e-07,True,CONVERGED,float64,cuda:0
forward,1,265,9.37973375815884e-07,True,CONVERGED,float64,cuda:0
forward,2,276,9.251514234578492e-07,True,CONVERGED,float64,cuda:0
adjoint,0,267,9.497488052667659e-07,True,CONVERGED,float64,cuda:0
adjoint,1,282,9.927979546683548e-07,True,CONVERGED,float64,cuda:0
adjoint,2,283,9.402325374047745e-07,True,CONVERGED,float64,cuda:0
forward,0,263,9.56648237477412e-07,True,CONVERGED,float64,cuda:0
forward,1,264,9.414473541258179e-07,True,CONVERGED,float64,cuda:0
forward,2,274,9.64968022265693e-07,True,CONVERGED,float64,cuda:0
adjoint,0,272,9.089049550271855e-07,True,CONVERGED,float64,cuda:0
adjoint,1,276,9.377168821864872e-07,True,CONVERGED,float64,cuda:0
adjoint,2,279,9.87706492815402e-07,True,CONVERGED,float64,cuda:0
forward,0,259,9.203833250351855e-07,True,CONVERGED,float64,cuda:0
forward,1,273,9.269173169495345e-07,True,CONVERGED,float64,cuda:0
forward,2,270,9.68779681873074e-07,True,CONVERGED,float64,cuda:0
adjoint,0,275,9.721275613094922e-07,True,CONVERGED,float64,cuda:0
adjoint,1,281,8.958925047288709e-07,True,CONVERGED,float64,cuda:0
adjoint,2,280,9.568930744626553e-07,True,CONVERGED,float64,cuda:0
forward,0,271,9.811733800032687e-07,True,CONVERGED,float64,cuda:0
forward,1,277,9.518235119260714e-07,True,CONVERGED,float64,cuda:0
forward,2,276,9.567844640200267e-07,True,CONVERGED,float64,cuda:0
adjoint,0,274,9.91079818244708e-07,True,CONVERGED,float64,cuda:0
adjoint,1,283,9.583449315773345e-07,True,CONVERGED,float64,cuda:0
adjoint,2,283,9.293618652846186e-07,True,CONVERGED,float64,cuda:0
forward,0,272,9.477340270537454e-07,True,CONVERGED,float64,cuda:0
forward,1,278,9.44648591451032e-07,True,CONVERGED,float64,cuda:0
forward,2,278,9.23476376479768e-07,True,CONVERGED,float64,cuda:0
adjoint,0,274,9.66665343336451e-07,True,CONVERGED,float64,cuda:0
adjoint,1,284,8.805026189221616e-07,True,CONVERGED,float64,cuda:0
adjoint,2,283,9.85489870095954e-07,True,CONVERGED,float64,cuda:0
forward,0,273,8.77831988450079e-07,True,CONVERGED,float64,cuda:0
forward,1,279,9.010048190133602e-07,True,CONVERGED,float64,cuda:0
forward,2,279,8.67930209159943e-07,True,CONVERGED,float64,cuda:0
adjoint,0,273,9.85357874944223e-07,True,CONVERGED,float64,cuda:0
adjoint,1,283,9.970944581314095e-07,True,CONVERGED,float64,cuda:0
adjoint,2,284,8.989749342157079e-07,True,CONVERGED,float64,cuda:0
forward,0,272,9.739520051742736e-07,True,CONVERGED,float64,cuda:0
forward,1,281,9.585138862984285e-07,True,CONVERGED,float64,cuda:0
forward,2,281,9.178319980681997e-07,True,CONVERGED,float64,cuda:0
adjoint,0,272,9.114921609451533e-07,True,CONVERGED,float64,cuda:0
adjoint,1,284,9.575680288190396e-07,True,CONVERGED,float64,cuda:0
adjoint,2,285,9.472219097342191e-07,True,CONVERGED,float64,cuda:0
forward,0,272,9.390685546663476e-07,True,CONVERGED,float64,cuda:0
forward,1,283,9.641709031598027e-07,True,CONVERGED,float64,cuda:0
forward,2,282,9.92907378143296e-07,True,CONVERGED,float64,cuda:0
adjoint,0,273,8.882275562290366e-07,True,CONVERGED,float64,cuda:0
adjoint,1,283,9.672535909877232e-07,True,CONVERGED,float64,cuda:0
adjoint,2,286,9.953976399619118e-07,True,CONVERGED,float64,cuda:0
forward,0,272,9.84888063314799e-07,True,CONVERGED,float64,cuda:0
forward,1,285,8.673078137852907e-07,True,CONVERGED,float64,cuda:0
forward,2,285,8.814943853975636e-07,True,CONVERGED,float64,cuda:0
adjoint,0,282,9.982110343271671e-07,True,CONVERGED,float64,cuda:0
adjoint,1,281,9.721140273290568e-07,True,CONVERGED,float64,cuda:0
adjoint,2,288,9.78614105557353e-07,True,CONVERGED,float64,cuda:0
forward,0,270,8.327123066948901e-07,True,CONVERGED,float64,cuda:0
forward,1,279,9.258798711818656e-07,True,CONVERGED,float64,cuda:0
forward,2,278,9.918414534311524e-07,True,CONVERGED,float64,cuda:0
adjoint,0,273,9.512977515119566e-07,True,CONVERGED,float64,cuda:0
adjoint,1,278,8.804446435347318e-07,True,CONVERGED,float64,cuda:0
adjoint,2,278,9.343143448742036e-07,True,CONVERGED,float64,cuda:0
forward,0,269,9.479935426229128e-07,True,CONVERGED,float64,cuda:0
forward,1,280,9.164211954934807e-07,True,CONVERGED,float64,cuda:0
forward,2,280,9.025049528161338e-07,True,CONVERGED,float64,cuda:0
adjoint,0,271,9.757331294285136e-07,True,CONVERGED,float64,cuda:0
adjoint,1,279,8.879698451671633e-07,True,CONVERGED,float64,cuda:0
adjoint,2,277,9.206654270432554e-07,True,CONVERGED,float64,cuda:0
forward,0,273,8.786354262906465e-07,True,CONVERGED,float64,cuda:0
forward,1,285,9.749395054379372e-07,True,CONVERGED,float64,cuda:0
forward,2,285,9.629344157065264e-07,True,CONVERGED,float64,cuda:0
adjoint,0,282,9.519514801852905e-07,True,CONVERGED,float64,cuda:0
adjoint,1,290,9.946387039631915e-07,True,CONVERGED,float64,cuda:0
adjoint,2,285,9.750119587657232e-07,True,CONVERGED,float64,cuda:0
forward,0,272,9.982297320859017e-07,True,CONVERGED,float64,cuda:0
forward,1,285,9.326422429357048e-07,True,CONVERGED,float64,cuda:0
forward,2,285,9.192819659826326e-07,True,CONVERGED,float64,cuda:0
adjoint,0,283,9.486457762951458e-07,True,CONVERGED,float64,cuda:0
adjoint,1,290,9.510555269456831e-07,True,CONVERGED,float64,cuda:0
adjoint,2,288,9.595733285954871e-07,True,CONVERGED,float64,cuda:0
forward,0,266,9.810805745895007e-07,True,CONVERGED,float64,cuda:0
forward,1,282,8.356919785885033e-07,True,CONVERGED,float64,cuda:0
forward,2,280,9.721719741381462e-07,True,CONVERGED,float64,cuda:0
adjoint,0,276,9.429183955297485e-07,True,CONVERGED,float64,cuda:0
adjoint,1,284,9.203087368642654e-07,True,CONVERGED,float64,cuda:0
adjoint,2,283,9.01808691360745e-07,True,CONVERGED,float64,cuda:0
forward,0,268,9.38585818091639e-07,True,CONVERGED,float64,cuda:0
forward,1,282,9.802901368025823e-07,True,CONVERGED,float64,cuda:0
forward,2,276,9.815898681502246e-07,True,CONVERGED,float64,cuda:0
adjoint,0,278,9.632992647793142e-07,True,CONVERGED,float64,cuda:0
adjoint,1,286,8.654293266266668e-07,True,CONVERGED,float64,cuda:0
adjoint,2,285,8.513837184543358e-07,True,CONVERGED,float64,cuda:0
forward,0,257,8.850134214696217e-07,True,CONVERGED,float64,cuda:0
forward,1,286,9.077806152842728e-07,True,CONVERGED,float64,cuda:0
forward,2,272,8.699976689517559e-07,True,CONVERGED,float64,cuda:0
adjoint,0,283,9.608653744548801e-07,True,CONVERGED,float64,cuda:0
adjoint,1,290,8.722401239824539e-07,True,CONVERGED,float64,cuda:0
adjoint,2,290,9.380467390420555e-07,True,CONVERGED,float64,cuda:0
forward,0,266,9.554214267003023e-07,True,CONVERGED,float64,cuda:0
forward,1,291,8.514699400789213e-07,True,CONVERGED,float64,cuda:0
forward,2,276,8.778799202008242e-07,True,CONVERGED,float64,cuda:0
adjoint,0,290,8.438766311254743e-07,True,CONVERGED,float64,cuda:0
adjoint,1,294,9.759411555828545e-07,True,CONVERGED,float64,cuda:0
adjoint,2,295,9.169798879986935e-07,True,CONVERGED,float64,cuda:0
forward,0,263,9.715718131862709e-07,True,CONVERGED,float64,cuda:0
forward,1,291,8.64414892867186e-07,True,CONVERGED,float64,cuda:0
forward,2,276,9.50492645797051e-07,True,CONVERGED,float64,cuda:0
adjoint,0,284,9.991878109005762e-07,True,CONVERGED,float64,cuda:0
adjoint,1,295,9.100447322923727e-07,True,CONVERGED,float64,cuda:0
adjoint,2,295,9.755636236334018e-07,True,CONVERGED,float64,cuda:0
forward,0,274,9.525994688114238e-07,True,CONVERGED,float64,cuda:0
forward,1,291,8.346585598933301e-07,True,CONVERGED,float64,cuda:0
forward,2,277,8.53079454953007e-07,True,CONVERGED,float64,cuda:0
adjoint,0,290,9.880709507111326e-07,True,CONVERGED,float64,cuda:0
adjoint,1,284,9.271364438168694e-07,True,CONVERGED,float64,cuda:0
adjoint,2,294,9.76973314655162e-07,True,CONVERGED,float64,cuda:0
forward,0,278,9.032416201260093e-07,True,CONVERGED,float64,cuda:0
forward,1,289,9.088129105674957e-07,True,CONVERGED,float64,cuda:0
forward,2,277,9.055803107137554e-07,True,CONVERGED,float64,cuda:0
adjoint,0,284,9.86343217945952e-07,True,CONVERGED,float64,cuda:0
adjoint,1,295,8.864767708055676e-07,True,CONVERGED,float64,cuda:0
adjoint,2,295,8.783545448486773e-07,True,CONVERGED,float64,cuda:0
forward,0,272,9.439878260595243e-07,True,CONVERGED,float64,cuda:0
forward,1,285,9.474217436941967e-07,True,CONVERGED,float64,cuda:0
forward,2,288,9.756978768473937e-07,True,CONVERGED,float64,cuda:0
adjoint,0,286,9.291842524123306e-07,True,CONVERGED,float64,cuda:0
adjoint,1,294,9.658713186330246e-07,True,CONVERGED,float64,cuda:0
adjoint,2,294,9.618302652298812e-07,True,CONVERGED,float64,cuda:0
forward,0,273,9.132344329651461e-07,True,CONVERGED,float64,cuda:0
forward,1,291,9.858306780384179e-07,True,CONVERGED,float64,cuda:0
forward,2,292,9.233358516370745e-07,True,CONVERGED,float64,cuda:0
adjoint,0,282,9.682983742226637e-07,True,CONVERGED,float64,cuda:0
adjoint,1,296,9.791614095450602e-07,True,CONVERGED,float64,cuda:0
adjoint,2,296,9.970732466780023e-07,True,CONVERGED,float64,cuda:0
forward,0,273,9.579674537613263e-07,True,CONVERGED,float64,cuda:0
forward,1,293,8.152874530102767e-07,True,CONVERGED,float64,cuda:0
forward,2,293,8.335892268244118e-07,True,CONVERGED,float64,cuda:0
adjoint,0,285,9.956142135116217e-07,True,CONVERGED,float64,cuda:0
adjoint,1,298,9.216462320202125e-07,True,CONVERGED,float64,cuda:0
adjoint,2,298,9.52614072747143e-07,True,CONVERGED,float64,cuda:0
forward,0,275,9.174231890374716e-07,True,CONVERGED,float64,cuda:0
forward,1,283,9.741817115607648e-07,True,CONVERGED,float64,cuda:0
forward,2,291,9.462689851993154e-07,True,CONVERGED,float64,cuda:0
adjoint,0,289,8.661422851540879e-07,True,CONVERGED,float64,cuda:0
adjoint,1,298,9.332826149387985e-07,True,CONVERGED,float64,cuda:0
adjoint,2,298,9.364598979655849e-07,True,CONVERGED,float64,cuda:0
forward,0,276,8.927498297306539e-07,True,CONVERGED,float64,cuda:0
forward,1,282,9.242702346331941e-07,True,CONVERGED,float64,cuda:0
forward,2,281,9.59485225700121e-07,True,CONVERGED,float64,cuda:0
adjoint,0,289,9.827517118620203e-07,True,CONVERGED,float64,cuda:0
adjoint,1,301,9.588625395366735e-07,True,CONVERGED,float64,cuda:0
adjoint,2,301,9.894748571460755e-07,True,CONVERGED,float64,cuda:0
forward,0,276,9.676376791724263e-07,True,CONVERGED,float64,cuda:0
forward,1,285,9.015236941917189e-07,True,CONVERGED,float64,cuda:0
forward,2,286,9.253209055767024e-07,True,CONVERGED,float64,cuda:0
adjoint,0,290,8.78407599542871e-07,True,CONVERGED,float64,cuda:0
adjoint,1,305,9.672602171276265e-07,True,CONVERGED,float64,cuda:0
adjoint,2,305,9.457943746609477e-07,True,CONVERGED,float64,cuda:0
forward,0,279,9.536363266231519e-07,True,CONVERGED,float64,cuda:0
forward,1,297,9.903570950894255e-07,True,CONVERGED,float64,cuda:0
forward,2,290,9.848979255788537e-07,True,CONVERGED,float64,cuda:0
adjoint,0,295,8.81364732174268e-07,True,CONVERGED,float64,cuda:0
adjoint,1,307,8.593178122464017e-07,True,CONVERGED,float64,cuda:0
adjoint,2,306,9.83298623623301e-07,True,CONVERGED,float64,cuda:0
forward,0,280,9.881582939657827e-07,True,CONVERGED,float64,cuda:0
forward,1,302,9.330381907708124e-07,True,CONVERGED,float64,cuda:0
forward,2,301,9.841055449044713e-07,True,CONVERGED,float64,cuda:0
adjoint,0,295,9.954195838576482e-07,True,CONVERGED,float64,cuda:0
adjoint,1,306,9.490138712358512e-07,True,CONVERGED,float64,cuda:0
adjoint,2,306,9.482358007142521e-07,True,CONVERGED,float64,cuda:0
forward,0,278,9.355018256727316e-07,True,CONVERGED,float64,cuda:0
forward,1,301,9.16472395003082e-07,True,CONVERGED,float64,cuda:0
forward,2,300,9.235152993720809e-07,True,CONVERGED,float64,cuda:0
adjoint,0,295,9.663322830669502e-07,True,CONVERGED,float64,cuda:0
adjoint,1,305,9.773088222710154e-07,True,CONVERGED,float64,cuda:0
adjoint,2,305,9.313204847201342e-07,True,CONVERGED,float64,cuda:0
forward,0,279,9.483602110784066e-07,True,CONVERGED,float64,cuda:0
forward,1,301,9.814127006433268e-07,True,CONVERGED,float64,cuda:0
forward,2,301,9.742236201972706e-07,True,CONVERGED,float64,cuda:0
adjoint,0,296,8.402637773884048e-07,True,CONVERGED,float64,cuda:0
adjoint,1,305,9.126356629784153e-07,True,CONVERGED,float64,cuda:0
adjoint,2,305,8.858394258911263e-07,True,CONVERGED,float64,cuda:0
forward,0,282,9.281472961281088e-07,True,CONVERGED,float64,cuda:0
forward,1,302,9.070456188038067e-07,True,CONVERGED,float64,cuda:0
forward,2,302,9.845315162451242e-07,True,CONVERGED,float64,cuda:0
adjoint,0,296,9.673023618760544e-07,True,CONVERGED,float64,cuda:0
adjoint,1,305,9.0994301612988e-07,True,CONVERGED,float64,cuda:0
adjoint,2,304,9.927055188652413e-07,True,CONVERGED,float64,cuda:0
forward,0,287,9.161049123778997e-07,True,CONVERGED,float64,cuda:0
forward,1,299,9.119236012880058e-07,True,CONVERGED,float64,cuda:0
forward,2,298,9.952514952371747e-07,True,CONVERGED,float64,cuda:0
adjoint,0,291,9.405443137963352e-07,True,CONVERGED,float64,cuda:0
adjoint,1,302,9.721936425617059e-07,True,CONVERGED,float64,cuda:0
adjoint,2,302,9.790851345576987e-07,True,CONVERGED,float64,cuda:0
forward,0,289,9.381463113277147e-07,True,CONVERGED,float64,cuda:0
forward,1,299,9.954913140214533e-07,True,CONVERGED,float64,cuda:0
forward,2,300,9.995778999965018e-07,True,CONVERGED,float64,cuda:0
adjoint,0,296,9.506783878265322e-07,True,CONVERGED,float64,cuda:0
adjoint,1,305,9.406205989399337e-07,True,CONVERGED,float64,cuda:0
adjoint,2,306,8.847841494833784e-07,True,CONVERGED,float64,cuda:0
forward,0,290,8.715896916653203e-07,True,CONVERGED,float64,cuda:0
forward,1,301,9.686667141318704e-07,True,CONVERGED,float64,cuda:0
forward,2,302,9.345301674976222e-07,True,CONVERGED,float64,cuda:0
adjoint,0,295,9.295394642800323e-07,True,CONVERGED,float64,cuda:0
adjoint,1,305,9.91773480855037e-07,True,CONVERGED,float64,cuda:0
adjoint,2,305,9.96247101770845e-07,True,CONVERGED,float64,cuda:0
forward,0,284,9.551261552748754e-07,True,CONVERGED,float64,cuda:0
forward,1,298,9.217070982043853e-07,True,CONVERGED,float64,cuda:0
forward,2,283,9.646036964707008e-07,True,CONVERGED,float64,cuda:0
adjoint,0,291,9.465856527098331e-07,True,CONVERGED,float64,cuda:0
adjoint,1,301,9.927512587529331e-07,True,CONVERGED,float64,cuda:0
adjoint,2,302,8.844502645615101e-07,True,CONVERGED,float64,cuda:0
forward,0,296,8.845626957552777e-07,True,CONVERGED,float64,cuda:0
forward,1,303,9.882658839252718e-07,True,CONVERGED,float64,cuda:0
forward,2,304,9.064018684648553e-07,True,CONVERGED,float64,cuda:0
adjoint,0,297,9.875218588281904e-07,True,CONVERGED,float64,cuda:0
adjoint,1,307,9.88945389083483e-07,True,CONVERGED,float64,cuda:0
adjoint,2,307,9.189902956432811e-07,True,CONVERGED,float64,cuda:0
forward,0,296,8.908023533645456e-07,True,CONVERGED,float64,cuda:0
forward,1,294,9.812096213440429e-07,True,CONVERGED,float64,cuda:0
forward,2,290,9.9673504328321e-07,True,CONVERGED,float64,cuda:0
adjoint,0,297,8.739602264938125e-07,True,CONVERGED,float64,cuda:0
adjoint,1,308,9.192034191120296e-07,True,CONVERGED,float64,cuda:0
adjoint,2,305,9.129525685842634e-07,True,CONVERGED,float64,cuda:0
forward,0,294,9.742427350405481e-07,True,CONVERGED,float64,cuda:0
forward,1,287,9.260339392234657e-07,True,CONVERGED,float64,cuda:0
forward,2,284,9.971606813483632e-07,True,CONVERGED,float64,cuda:0
adjoint,0,295,9.383355977879546e-07,True,CONVERGED,float64,cuda:0
adjoint,1,306,9.354317446897174e-07,True,CONVERGED,float64,cuda:0
adjoint,2,306,9.474427192089207e-07,True,CONVERGED,float64,cuda:0
forward,0,287,9.66737558231015e-07,True,CONVERGED,float64,cuda:0
forward,1,285,9.925960147804256e-07,True,CONVERGED,float64,cuda:0
forward,2,296,9.425220393299711e-07,True,CONVERGED,float64,cuda:0
adjoint,0,294,9.399348669921802e-07,True,CONVERGED,float64,cuda:0
adjoint,1,305,8.893643812798804e-07,True,CONVERGED,float64,cuda:0
adjoint,2,305,9.392643796192454e-07,True,CONVERGED,float64,cuda:0
forward,0,291,9.879948108634066e-07,True,CONVERGED,float64,cuda:0
forward,1,284,9.40983926021691e-07,True,CONVERGED,float64,cuda:0
forward,2,294,9.9674461893137e-07,True,CONVERGED,float64,cuda:0
adjoint,0,295,9.658702148693348e-07,True,CONVERGED,float64,cuda:0
adjoint,1,305,9.374982761571077e-07,True,CONVERGED,float64,cuda:0
adjoint,2,305,9.451269231993118e-07,True,CONVERGED,float64,cuda:0
forward,0,295,9.312155355512938e-07,True,CONVERGED,float64,cuda:0
forward,1,299,9.367397482358299e-07,True,CONVERGED,float64,cuda:0
forward,2,296,9.81890717176954e-07,True,CONVERGED,float64,cuda:0
adjoint,0,295,9.449709520634039e-07,True,CONVERGED,float64,cuda:0
adjoint,1,305,9.821129674281504e-07,True,CONVERGED,float64,cuda:0
adjoint,2,304,9.98302407419628e-07,True,CONVERGED,float64,cuda:0
forward,0,297,8.742544406265082e-07,True,CONVERGED,float64,cuda:0
forward,1,304,8.889639843536754e-07,True,CONVERGED,float64,cuda:0
forward,2,303,9.944437507911333e-07,True,CONVERGED,float64,cuda:0
adjoint,0,296,9.716491916879658e-07,True,CONVERGED,float64,cuda:0
adjoint,1,306,9.705176666315389e-07,True,CONVERGED,float64,cuda:0
adjoint,2,306,9.838917904512008e-07,True,CONVERGED,float64,cuda:0
forward,0,298,8.379366890332242e-07,True,CONVERGED,float64,cuda:0
forward,1,304,9.494368532052189e-07,True,CONVERGED,float64,cuda:0
forward,2,304,9.392207109394572e-07,True,CONVERGED,float64,cuda:0
adjoint,0,297,8.428416915527442e-07,True,CONVERGED,float64,cuda:0
adjoint,1,306,9.354290972288548e-07,True,CONVERGED,float64,cuda:0
adjoint,2,306,9.704887289778022e-07,True,CONVERGED,float64,cuda:0
forward,0,298,9.04367382460999e-07,True,CONVERGED,float64,cuda:0
forward,1,301,9.089785385391719e-07,True,CONVERGED,float64,cuda:0
forward,2,303,9.690282499237462e-07,True,CONVERGED,float64,cuda:0
adjoint,0,297,9.232420072768973e-07,True,CONVERGED,float64,cuda:0
adjoint,1,306,9.577348302904634e-07,True,CONVERGED,float64,cuda:0
adjoint,2,300,9.425777537622433e-07,True,CONVERGED,float64,cuda:0
forward,0,298,8.734115527617532e-07,True,CONVERGED,float64,cuda:0
forward,1,304,9.530721839026775e-07,True,CONVERGED,float64,cuda:0
forward,2,292,9.834903922254493e-07,True,CONVERGED,float64,cuda:0
adjoint,0,280,9.952811700185713e-07,True,CONVERGED,float64,cuda:0
adjoint,1,299,9.724192309676639e-07,True,CONVERGED,float64,cuda:0
adjoint,2,305,9.248174567930132e-07,True,CONVERGED,float64,cuda:0
forward,0,299,8.153988987398465e-07,True,CONVERGED,float64,cuda:0
forward,1,288,9.898476849131962e-07,True,CONVERGED,float64,cuda:0
forward,2,305,9.608451271619733e-07,True,CONVERGED,float64,cuda:0
adjoint,0,282,9.585882959468154e-07,True,CONVERGED,float64,cuda:0
adjoint,1,299,9.68684875510342e-07,True,CONVERGED,float64,cuda:0
adjoint,2,305,9.297699670296127e-07,True,CONVERGED,float64,cuda:0
forward,0,298,9.937137036903428e-07,True,CONVERGED,float64,cuda:0
forward,1,303,9.863244683681644e-07,True,CONVERGED,float64,cuda:0
forward,2,305,9.369627121411829e-07,True,CONVERGED,float64,cuda:0
adjoint,0,299,8.7288441958328e-07,True,CONVERGED,float64,cuda:0
adjoint,1,300,9.284487114232124e-07,True,CONVERGED,float64,cuda:0
adjoint,2,305,9.224188450584467e-07,True,CONVERGED,float64,cuda:0
forward,0,298,9.446699552076657e-07,True,CONVERGED,float64,cuda:0
forward,1,293,9.848127709682864e-07,True,CONVERGED,float64,cuda:0
forward,2,288,9.990592075002664e-07,True,CONVERGED,float64,cuda:0
adjoint,0,299,9.285669346495757e-07,True,CONVERGED,float64,cuda:0
adjoint,1,293,9.625744119596667e-07,True,CONVERGED,float64,cuda:0
adjoint,2,294,9.862432217075378e-07,True,CONVERGED,float64,cuda:0
forward,0,298,8.603472254225399e-07,True,CONVERGED,float64,cuda:0
forward,1,292,9.260851818659374e-07,True,CONVERGED,float64,cuda:0
forward,2,305,8.706888467489124e-07,True,CONVERGED,float64,cuda:0
adjoint,0,299,8.829123662751118e-07,True,CONVERGED,float64,cuda:0
adjoint,1,292,9.854822634488964e-07,True,CONVERGED,float64,cuda:0
adjoint,2,306,8.487551353756298e-07,True,CONVERGED,float64,cuda:0
forward,0,295,9.71858487298324e-07,True,CONVERGED,float64,cuda:0
forward,1,288,9.896450590440238e-07,True,CONVERGED,float64,cuda:0
forward,2,298,9.369530519799632e-07,True,CONVERGED,float64,cuda:0
adjoint,0,301,8.592571689155196e-07,True,CONVERGED,float64,cuda:0
adjoint,1,291,9.95449634425394e-07,True,CONVERGED,float64,cuda:0
adjoint,2,297,9.798274816702366e-07,True,CONVERGED,float64,cuda:0
forward,0,296,9.539441912620472e-07,True,CONVERGED,float64,cuda:0
forward,1,299,9.689451028742302e-07,True,CONVERGED,float64,cuda:0
forward,2,304,9.744348865876463e-07,True,CONVERGED,float64,cuda:0
adjoint,0,298,9.288345053447735e-07,True,CONVERGED,float64,cuda:0
adjoint,1,305,9.665605958290658e-07,True,CONVERGED,float64,cuda:0
adjoint,2,299,9.57290672382248e-07,True,CONVERGED,float64,cuda:0
forward,0,296,9.757567021592465e-07,True,CONVERGED,float64,cuda:0
forward,1,300,9.405494874720381e-07,True,CONVERGED,float64,cuda:0
forward,2,304,9.489889687600962e-07,True,CONVERGED,float64,cuda:0
adjoint,0,297,9.540486113820791e-07,True,CONVERGED,float64,cuda:0
adjoint,1,305,9.654728800300362e-07,True,CONVERGED,float64,cuda:0
adjoint,2,298,9.893256509208278e-07,True,CONVERGED,float64,cuda:0
forward,0,294,9.936397911131402e-07,True,CONVERGED,float64,cuda:0
forward,1,294,9.868209447875314e-07,True,CONVERGED,float64,cuda:0
forward,2,301,9.910454224455153e-07,True,CONVERGED,float64,cuda:0
adjoint,0,299,9.389869171647013e-07,True,CONVERGED,float64,cuda:0
adjoint,1,291,9.096233857786266e-07,True,CONVERGED,float64,cuda:0
adjoint,2,291,9.776292948491558e-07,True,CONVERGED,float64,cuda:0
forward,0,296,9.66824397136687e-07,True,CONVERGED,float64,cuda:0
forward,1,303,9.118393329312248e-07,True,CONVERGED,float64,cuda:0
forward,2,305,8.639310249852899e-07,True,CONVERGED,float64,cuda:0
adjoint,0,298,9.72819249867494e-07,True,CONVERGED,float64,cuda:0
adjoint,1,296,9.971376735048798e-07,True,CONVERGED,float64,cuda:0
adjoint,2,305,8.760970237989891e-07,True,CONVERGED,float64,cuda:0
forward,0,297,9.800594855781464e-07,True,CONVERGED,float64,cuda:0
forward,1,305,8.668218384607132e-07,True,CONVERGED,float64,cuda:0
forward,2,288,8.647935798448915e-07,True,CONVERGED,float64,cuda:0
adjoint,0,298,9.89146406396136e-07,True,CONVERGED,float64,cuda:0
adjoint,1,297,9.65255465757762e-07,True,CONVERGED,float64,cuda:0
adjoint,2,304,9.88824937706983e-07,True,CONVERGED,float64,cuda:0
forward,0,297,8.844239915606304e-07,True,CONVERGED,float64,cuda:0
forward,1,304,9.385303185989597e-07,True,CONVERGED,float64,cuda:0
forward,2,289,9.366204549441775e-07,True,CONVERGED,float64,cuda:0
adjoint,0,298,9.741213765664272e-07,True,CONVERGED,float64,cuda:0
adjoint,1,295,9.788966092499746e-07,True,CONVERGED,float64,cuda:0
adjoint,2,304,9.966515997117592e-07,True,CONVERGED,float64,cuda:0
forward,0,290,8.489744029767785e-07,True,CONVERGED,float64,cuda:0
forward,1,300,9.508317934859341e-07,True,CONVERGED,float64,cuda:0
forward,2,302,9.12862389778024e-07,True,CONVERGED,float64,cuda:0
adjoint,0,296,9.343802626268462e-07,True,CONVERGED,float64,cuda:0
adjoint,1,304,9.457941613446483e-07,True,CONVERGED,float64,cuda:0
adjoint,2,299,9.675569065938152e-07,True,CONVERGED,float64,cuda:0
forward,0,286,9.43607696055489e-07,True,CONVERGED,float64,cuda:0
forward,1,304,9.219603107203477e-07,True,CONVERGED,float64,cuda:0
forward,2,304,9.805442388963355e-07,True,CONVERGED,float64,cuda:0
adjoint,0,297,8.941873702177383e-07,True,CONVERGED,float64,cuda:0
adjoint,1,305,9.354318545436956e-07,True,CONVERGED,float64,cuda:0
adjoint,2,297,9.850546700152085e-07,True,CONVERGED,float64,cuda:0
forward,0,291,9.857117939289188e-07,True,CONVERGED,float64,cuda:0
forward,1,304,9.633106295486284e-07,True,CONVERGED,float64,cuda:0
forward,2,304,9.751779893685488e-07,True,CONVERGED,float64,cuda:0
adjoint,0,297,9.551646953156326e-07,True,CONVERGED,float64,cuda:0
adjoint,1,304,9.991345183138123e-07,True,CONVERGED,float64,cuda:0
adjoint,2,295,9.766497064589618e-07,True,CONVERGED,float64,cuda:0
forward,0,296,9.55755716983629e-07,True,CONVERGED,float64,cuda:0
forward,1,304,8.887940205587886e-07,True,CONVERGED,float64,cuda:0
forward,2,304,8.910118065754049e-07,True,CONVERGED,float64,cuda:0
adjoint,0,297,7.982151299502303e-07,True,CONVERGED,float64,cuda:0
adjoint,1,304,9.121908444437567e-07,True,CONVERGED,float64,cuda:0
adjoint,2,302,9.9490683524554e-07,True,CONVERGED,float64,cuda:0
forward,0,297,8.705363486988445e-07,True,CONVERGED,float64,cuda:0
forward,1,303,9.210357540018448e-07,True,CONVERGED,float64,cuda:0
forward,2,304,8.536245636223531e-07,True,CONVERGED,float64,cuda:0
adjoint,0,297,8.640192615331852e-07,True,CONVERGED,float64,cuda:0
adjoint,1,305,8.908763573945158e-07,True,CONVERGED,float64,cuda:0
adjoint,2,302,9.878877101822232e-07,True,CONVERGED,float64,cuda:0
forward,0,296,9.956400230299476e-07,True,CONVERGED,float64,cuda:0
forward,1,302,9.980452775868128e-07,True,CONVERGED,float64,cuda:0
forward,2,303,8.824833010694634e-07,True,CONVERGED,float64,cuda:0
adjoint,0,296,9.256831302257093e-07,True,CONVERGED,float64,cuda:0
adjoint,1,304,9.744316791692935e-07,True,CONVERGED,float64,cuda:0
adjoint,2,304,9.172945651782966e-07,True,CONVERGED,float64,cuda:0
forward,0,296,9.92856962959412e-07,True,CONVERGED,float64,cuda:0
forward,1,303,9.335121072973133e-07,True,CONVERGED,float64,cuda:0
forward,2,303,9.667641647566749e-07,True,CONVERGED,float64,cuda:0
adjoint,0,296,8.517535365686915e-07,True,CONVERGED,float64,cuda:0
adjoint,1,305,9.108768974035126e-07,True,CONVERGED,float64,cuda:0
adjoint,2,304,9.936580116163153e-07,True,CONVERGED,float64,cuda:0
forward,0,296,9.9416436470839e-07,True,CONVERGED,float64,cuda:0
forward,1,303,9.977861129093454e-07,True,CONVERGED,float64,cuda:0
forward,2,303,9.79338709585373e-07,True,CONVERGED,float64,cuda:0
adjoint,0,296,9.078345824140621e-07,True,CONVERGED,float64,cuda:0
adjoint,1,305,9.074903549408547e-07,True,CONVERGED,float64,cuda:0
adjoint,2,304,9.90100177267499e-07,True,CONVERGED,float64,cuda:0
forward,0,296,9.477939322759987e-07,True,CONVERGED,float64,cuda:0
forward,1,303,9.566686990022566e-07,True,CONVERGED,float64,cuda:0
forward,2,303,9.500940821081215e-07,True,CONVERGED,float64,cuda:0
adjoint,0,296,8.468037933641563e-07,True,CONVERGED,float64,cuda:0
adjoint,1,304,9.990033482349915e-07,True,CONVERGED,float64,cuda:0
adjoint,2,304,9.439343017780166e-07,True,CONVERGED,float64,cuda:0
forward,0,296,8.87220451814488e-07,True,CONVERGED,float64,cuda:0
forward,1,302,9.492034184933447e-07,True,CONVERGED,float64,cuda:0
forward,2,303,8.770332562357171e-07,True,CONVERGED,float64,cuda:0
adjoint,0,294,9.69369855737375e-07,True,CONVERGED,float64,cuda:0
adjoint,1,304,9.076986731788333e-07,True,CONVERGED,float64,cuda:0
adjoint,2,303,9.99784133964223e-07,True,CONVERGED,float64,cuda:0
forward,0,295,9.047515807563556e-07,True,CONVERGED,float64,cuda:0
forward,1,302,9.42936947527067e-07,True,CONVERGED,float64,cuda:0
forward,2,303,9.112115839778205e-07,True,CONVERGED,float64,cuda:0
adjoint,0,294,9.524066356322792e-07,True,CONVERGED,float64,cuda:0
adjoint,1,303,9.845831217043193e-07,True,CONVERGED,float64,cuda:0
adjoint,2,303,9.225503873369358e-07,True,CONVERGED,float64,cuda:0
forward,0,285,9.62305549879495e-07,True,CONVERGED,float64,cuda:0
forward,1,303,9.491171471314635e-07,True,CONVERGED,float64,cuda:0
forward,2,304,8.450828712355545e-07,True,CONVERGED,float64,cuda:0
adjoint,0,290,9.679045145357036e-07,True,CONVERGED,float64,cuda:0
adjoint,1,303,9.648719276803447e-07,True,CONVERGED,float64,cuda:0
adjoint,2,303,8.801339567087679e-07,True,CONVERGED,float64,cuda:0
forward,0,293,9.900194724328505e-07,True,CONVERGED,float64,cuda:0
forward,1,303,9.319482801903799e-07,True,CONVERGED,float64,cuda:0
forward,2,303,9.80343605978966e-07,True,CONVERGED,float64,cuda:0
adjoint,0,289,9.22625311609329e-07,True,CONVERGED,float64,cuda:0
adjoint,1,303,9.31284896577055e-07,True,CONVERGED,float64,cuda:0
adjoint,2,303,8.444787291412354e-07,True,CONVERGED,float64,cuda:0
forward,0,283,8.533902390636668e-07,True,CONVERGED,float64,cuda:0
forward,1,303,8.494698105943815e-07,True,CONVERGED,float64,cuda:0
forward,2,303,8.901425531735471e-07,True,CONVERGED,float64,cuda:0
adjoint,0,289,9.81244780406108e-07,True,CONVERGED,float64,cuda:0
adjoint,1,303,9.199854107620097e-07,True,CONVERGED,float64,cuda:0
adjoint,2,302,9.785981808884632e-07,True,CONVERGED,float64,cuda:0
forward,0,284,9.89703922072786e-07,True,CONVERGED,float64,cuda:0
forward,1,303,8.502923276062113e-07,True,CONVERGED,float64,cuda:0
forward,2,303,8.61071675147615e-07,True,CONVERGED,float64,cuda:0
adjoint,0,288,9.117929310729274e-07,True,CONVERGED,float64,cuda:0
adjoint,1,303,8.803895238768463e-07,True,CONVERGED,float64,cuda:0
adjoint,2,302,9.1925844267383e-07,True,CONVERGED,float64,cuda:0
forward,0,291,9.74874193213477e-07,True,CONVERGED,float64,cuda:0
forward,1,301,9.01751802369871e-07,True,CONVERGED,float64,cuda:0
forward,2,301,8.839594726404578e-07,True,CONVERGED,float64,cuda:0
adjoint,0,287,9.393129009761622e-07,True,CONVERGED,float64,cuda:0
adjoint,1,298,9.650337627923533e-07,True,CONVERGED,float64,cuda:0
adjoint,2,290,9.158777830269132e-07,True,CONVERGED,float64,cuda:0
forward,0,289,9.45132138175392e-07,True,CONVERGED,float64,cuda:0
forward,1,300,9.472086992947303e-07,True,CONVERGED,float64,cuda:0
forward,2,299,9.77411989484319e-07,True,CONVERGED,float64,cuda:0
adjoint,0,287,8.795847811667367e-07,True,CONVERGED,float64,cuda:0
adjoint,1,296,9.973662115840012e-07,True,CONVERGED,float64,cuda:0
adjoint,2,284,9.946357823686778e-07,True,CONVERGED,float64,cuda:0
forward,0,292,9.369249741523696e-07,True,CONVERGED,float64,cuda:0
forward,1,302,8.154854899150618e-07,True,CONVERGED,float64,cuda:0
forward,2,301,9.556218363029784e-07,True,CONVERGED,float64,cuda:0
adjoint,0,288,9.58172160358288e-07,True,CONVERGED,float64,cuda:0
adjoint,1,301,9.4901501317294e-07,True,CONVERGED,float64,cuda:0
adjoint,2,292,9.780334087738962e-07,True,CONVERGED,float64,cuda:0
forward,0,291,9.479333805728946e-07,True,CONVERGED,float64,cuda:0
forward,1,301,9.371086520793644e-07,True,CONVERGED,float64,cuda:0
forward,2,301,8.581487781036071e-07,True,CONVERGED,float64,cuda:0
adjoint,0,286,8.363564923132565e-07,True,CONVERGED,float64,cuda:0
adjoint,1,300,9.555468207677674e-07,True,CONVERGED,float64,cuda:0
adjoint,2,287,9.913318126292287e-07,True,CONVERGED,float64,cuda:0
forward,0,289,9.746560365918746e-07,True,CONVERGED,float64,cuda:0
forward,1,300,9.933296091211545e-07,True,CONVERGED,float64,cuda:0
forward,2,300,9.11632327538e-07,True,CONVERGED,float64,cuda:0
adjoint,0,285,8.936762422622586e-07,True,CONVERGED,float64,cuda:0
adjoint,1,297,9.374809837485715e-07,True,CONVERGED,float64,cuda:0
adjoint,2,289,9.510784011419891e-07,True,CONVERGED,float64,cuda:0
forward,0,293,9.19295417567688e-07,True,CONVERGED,float64,cuda:0
forward,1,302,9.035541678210813e-07,True,CONVERGED,float64,cuda:0
forward,2,302,8.653894592961073e-07,True,CONVERGED,float64,cuda:0
adjoint,0,293,9.452389584106899e-07,True,CONVERGED,float64,cuda:0
adjoint,1,302,8.818750241570151e-07,True,CONVERGED,float64,cuda:0
adjoint,2,289,9.97440242326895e-07,True,CONVERGED,float64,cuda:0
forward,0,292,9.552730733979702e-07,True,CONVERGED,float64,cuda:0
forward,1,302,8.703450478764725e-07,True,CONVERGED,float64,cuda:0
forward,2,301,9.394115186587969e-07,True,CONVERGED,float64,cuda:0
adjoint,0,288,8.736181428675752e-07,True,CONVERGED,float64,cuda:0
adjoint,1,299,9.88121677867738e-07,True,CONVERGED,float64,cuda:0
adjoint,2,289,9.967575843111938e-07,True,CONVERGED,float64,cuda:0
forward,0,293,9.168715408042052e-07,True,CONVERGED,float64,cuda:0
forward,1,302,9.184319050991894e-07,True,CONVERGED,float64,cuda:0
forward,2,301,9.846829925334398e-07,True,CONVERGED,float64,cuda:0
adjoint,0,293,9.450461149621049e-07,True,CONVERGED,float64,cuda:0
adjoint,1,299,9.701930994338946e-07,True,CONVERGED,float64,cuda:0
adjoint,2,290,9.826781861771931e-07,True,CONVERGED,float64,cuda:0
forward,0,293,8.529428809627452e-07,True,CONVERGED,float64,cuda:0
forward,1,302,8.908832326955171e-07,True,CONVERGED,float64,cuda:0
forward,2,301,9.400349346634448e-07,True,CONVERGED,float64,cuda:0
adjoint,0,291,9.396278374013315e-07,True,CONVERGED,float64,cuda:0
adjoint,1,298,9.432028276167014e-07,True,CONVERGED,float64,cuda:0
adjoint,2,290,9.347144808454484e-07,True,CONVERGED,float64,cuda:0
forward,0,293,9.441241697001364e-07,True,CONVERGED,float64,cuda:0
forward,1,301,9.788426295761402e-07,True,CONVERGED,float64,cuda:0
forward,2,301,9.613651922067611e-07,True,CONVERGED,float64,cuda:0
adjoint,0,295,8.923905958080761e-07,True,CONVERGED,float64,cuda:0
adjoint,1,298,9.950414420661497e-07,True,CONVERGED,float64,cuda:0
adjoint,2,291,9.705082068798923e-07,True,CONVERGED,float64,cuda:0
forward,0,292,8.833779854846633e-07,True,CONVERGED,float64,cuda:0
forward,1,301,9.269446260983e-07,True,CONVERGED,float64,cuda:0
forward,2,300,9.808002206154774e-07,True,CONVERGED,float64,cuda:0
adjoint,0,289,9.874005213010177e-07,True,CONVERGED,float64,cuda:0
adjoint,1,297,9.657294291909873e-07,True,CONVERGED,float64,cuda:0
adjoint,2,292,9.1675949998124e-07,True,CONVERGED,float64,cuda:0
forward,0,293,8.658834308703478e-07,True,CONVERGED,float64,cuda:0
forward,1,301,9.4475552887788e-07,True,CONVERGED,float64,cuda:0
forward,2,301,9.54011816231779e-07,True,CONVERGED,float64,cuda:0
adjoint,0,295,8.873675683994584e-07,True,CONVERGED,float64,cuda:0
adjoint,1,298,9.548622556969344e-07,True,CONVERGED,float64,cuda:0
adjoint,2,292,9.118947733541665e-07,True,CONVERGED,float64,cuda:0
forward,0,291,9.998206892946022e-07,True,CONVERGED,float64,cuda:0
forward,1,301,8.891187463262773e-07,True,CONVERGED,float64,cuda:0
forward,2,300,9.750992332267497e-07,True,CONVERGED,float64,cuda:0
adjoint,0,290,9.008734924092103e-07,True,CONVERGED,float64,cuda:0
adjoint,1,297,8.962660784399393e-07,True,CONVERGED,float64,cuda:0
adjoint,2,296,9.253945857251593e-07,True,CONVERGED,float64,cuda:0
forward,0,293,8.037658877664506e-07,True,CONVERGED,float64,cuda:0
forward,1,300,9.843826364095846e-07,True,CONVERGED,float64,cuda:0
forward,2,301,9.342823551677847e-07,True,CONVERGED,float64,cuda:0
adjoint,0,293,9.320808070908586e-07,True,CONVERGED,float64,cuda:0
adjoint,1,297,9.282738530494295e-07,True,CONVERGED,float64,cuda:0
adjoint,2,292,9.674424321076943e-07,True,CONVERGED,float64,cuda:0
forward,0,292,8.94985261766871e-07,True,CONVERGED,float64,cuda:0
forward,1,300,9.732314283490762e-07,True,CONVERGED,float64,cuda:0
forward,2,300,9.915198150258239e-07,True,CONVERGED,float64,cuda:0
adjoint,0,289,9.669053534399225e-07,True,CONVERGED,float64,cuda:0
adjoint,1,296,8.86540168156219e-07,True,CONVERGED,float64,cuda:0
adjoint,2,291,9.423402811347357e-07,True,CONVERGED,float64,cuda:0
forward,0,292,8.635903633029652e-07,True,CONVERGED,float64,cuda:0
forward,1,300,9.233525773399595e-07,True,CONVERGED,float64,cuda:0
forward,2,300,9.71774532160184e-07,True,CONVERGED,float64,cuda:0
adjoint,0,289,9.111062442769128e-07,True,CONVERGED,float64,cuda:0
adjoint,1,295,9.26096491688982e-07,True,CONVERGED,float64,cuda:0
adjoint,2,288,9.773349716235546e-07,True,CONVERGED,float64,cuda:0
forward,0,293,8.570086809565697e-07,True,CONVERGED,float64,cuda:0
forward,1,298,9.653846942044702e-07,True,CONVERGED,float64,cuda:0
forward,2,300,9.490818014945171e-07,True,CONVERGED,float64,cuda:0
adjoint,0,293,9.657584385505756e-07,True,CONVERGED,float64,cuda:0
adjoint,1,295,9.78903173261765e-07,True,CONVERGED,float64,cuda:0
adjoint,2,290,9.790488274370112e-07,True,CONVERGED,float64,cuda:0
forward,0,292,9.696510858027443e-07,True,CONVERGED,float64,cuda:0
forward,1,298,9.604372501953076e-07,True,CONVERGED,float64,cuda:0
forward,2,300,9.573467395759061e-07,True,CONVERGED,float64,cuda:0
adjoint,0,291,9.469590080511932e-07,True,CONVERGED,float64,cuda:0
adjoint,1,295,9.29257074086183e-07,True,CONVERGED,float64,cuda:0
adjoint,2,289,9.812663505723748e-07,True,CONVERGED,float64,cuda:0
forward,0,291,9.626914993071541e-07,True,CONVERGED,float64,cuda:0
forward,1,292,9.931347598798858e-07,True,CONVERGED,float64,cuda:0
forward,2,300,9.216399640427136e-07,True,CONVERGED,float64,cuda:0
adjoint,0,294,9.59969454113293e-07,True,CONVERGED,float64,cuda:0
adjoint,1,294,9.808797032893168e-07,True,CONVERGED,float64,cuda:0
adjoint,2,286,9.244385301353187e-07,True,CONVERGED,float64,cuda:0
forward,0,292,8.744181951280965e-07,True,CONVERGED,float64,cuda:0
forward,1,294,9.907808559642932e-07,True,CONVERGED,float64,cuda:0
forward,2,300,9.408285184501063e-07,True,CONVERGED,float64,cuda:0
adjoint,0,293,9.990181366945785e-07,True,CONVERGED,float64,cuda:0
adjoint,1,295,9.187869340214738e-07,True,CONVERGED,float64,cuda:0
adjoint,2,290,8.807176434665209e-07,True,CONVERGED,float64,cuda:0
forward,0,292,9.76200021215406e-07,True,CONVERGED,float64,cuda:0
forward,1,294,9.621504326107928e-07,True,CONVERGED,float64,cuda:0
forward,2,299,9.818718409308795e-07,True,CONVERGED,float64,cuda:0
adjoint,0,296,8.758165566197e-07,True,CONVERGED,float64,cuda:0
adjoint,1,295,9.710997365795567e-07,True,CONVERGED,float64,cuda:0
adjoint,2,291,9.31988218519154e-07,True,CONVERGED,float64,cuda:0
forward,0,291,9.95636383519754e-07,True,CONVERGED,float64,cuda:0
forward,1,290,9.769199113881827e-07,True,CONVERGED,float64,cuda:0
forward,2,300,9.229170805389825e-07,True,CONVERGED,float64,cuda:0
adjoint,0,295,9.57738359378389e-07,True,CONVERGED,float64,cuda:0
adjoint,1,295,9.33083277389589e-07,True,CONVERGED,float64,cuda:0
adjoint,2,291,9.316738576623875e-07,True,CONVERGED,float64,cuda:0
forward,0,291,9.731644846139142e-07,True,CONVERGED,float64,cuda:0
forward,1,288,9.081745523355679e-07,True,CONVERGED,float64,cuda:0
forward,2,299,9.895438356212443e-07,True,CONVERGED,float64,cuda:0
adjoint,0,296,8.562073633166112e-07,True,CONVERGED,float64,cuda:0
adjoint,1,295,9.191717140958578e-07,True,CONVERGED,float64,cuda:0
adjoint,2,291,9.248818013122436e-07,True,CONVERGED,float64,cuda:0
forward,0,293,9.056043922940156e-07,True,CONVERGED,float64,cuda:0
forward,1,288,9.940431349974776e-07,True,CONVERGED,float64,cuda:0
forward,2,297,9.999491752980058e-07,True,CONVERGED,float64,cuda:0
adjoint,0,297,8.556803848779248e-07,True,CONVERGED,float64,cuda:0
adjoint,1,296,9.304658653337386e-07,True,CONVERGED,float64,cuda:0
adjoint,2,294,9.550571357856942e-07,True,CONVERGED,float64,cuda:0
forward,0,293,8.92866637327958e-07,True,CONVERGED,float64,cuda:0
forward,1,285,9.53228021368239e-07,True,CONVERGED,float64,cuda:0
forward,2,297,9.712083969054048e-07,True,CONVERGED,float64,cuda:0
adjoint,0,297,8.82266512312425e-07,True,CONVERGED,float64,cuda:0
adjoint,1,296,9.631074893657737e-07,True,CONVERGED,float64,cuda:0
adjoint,2,295,9.994099011730564e-07,True,CONVERGED,float64,cuda:0
forward,0,292,9.314761060748864e-07,True,CONVERGED,float64,cuda:0
forward,1,287,9.589324705970673e-07,True,CONVERGED,float64,cuda:0
forward,2,299,9.334595821722696e-07,True,CONVERGED,float64,cuda:0
adjoint,0,296,9.882128662602053e-07,True,CONVERGED,float64,cuda:0
adjoint,1,296,8.770403199466978e-07,True,CONVERGED,float64,cuda:0
adjoint,2,293,9.903684590820954e-07,True,CONVERGED,float64,cuda:0
forward,0,293,8.799595873488269e-07,True,CONVERGED,float64,cuda:0
forward,1,286,9.622118868348842e-07,True,CONVERGED,float64,cuda:0
forward,2,297,9.475998176908444e-07,True,CONVERGED,float64,cuda:0
adjoint,0,297,8.530715487372202e-07,True,CONVERGED,float64,cuda:0
adjoint,1,297,8.354801068304128e-07,True,CONVERGED,float64,cuda:0
adjoint,2,296,9.329701173122726e-07,True,CONVERGED,float64,cuda:0
forward,0,294,9.040782154507989e-07,True,CONVERGED,float64,cuda:0
forward,1,286,9.823877784924902e-07,True,CONVERGED,float64,cuda:0
forward,2,292,9.345670222103263e-07,True,CONVERGED,float64,cuda:0
adjoint,0,297,9.673750554722174e-07,True,CONVERGED,float64,cuda:0
adjoint,1,297,9.356508191602077e-07,True,CONVERGED,float64,cuda:0
adjoint,2,297,9.311503496685245e-07,True,CONVERGED,float64,cuda:0
forward,0,292,9.607102639103658e-07,True,CONVERGED,float64,cuda:0
forward,1,286,9.363621584452212e-07,True,CONVERGED,float64,cuda:0
forward,2,295,9.384249021139092e-07,True,CONVERGED,float64,cuda:0
adjoint,0,297,8.50328013858221e-07,True,CONVERGED,float64,cuda:0
adjoint,1,297,8.424775185449802e-07,True,CONVERGED,float64,cuda:0
adjoint,2,297,8.644791522272568e-07,True,CONVERGED,float64,cuda:0
forward,0,292,9.037998884523963e-07,True,CONVERGED,float64,cuda:0
forward,1,287,9.401631813717697e-07,True,CONVERGED,float64,cuda:0
forward,2,296,9.51958008217415e-07,True,CONVERGED,float64,cuda:0
adjoint,0,296,9.33252184588849e-07,True,CONVERGED,float64,cuda:0
adjoint,1,296,9.512760435896871e-07,True,CONVERGED,float64,cuda:0
adjoint,2,296,9.668357238003605e-07,True,CONVERGED,float64,cuda:0
forward,0,294,9.195421260152364e-07,True,CONVERGED,float64,cuda:0
forward,1,286,9.562568179599242e-07,True,CONVERGED,float64,cuda:0
forward,2,292,9.52821897043926e-07,True,CONVERGED,float64,cuda:0
adjoint,0,297,9.1130121158929e-07,True,CONVERGED,float64,cuda:0
adjoint,1,297,9.474927959081636e-07,True,CONVERGED,float64,cuda:0
adjoint,2,297,9.5271938867258e-07,True,CONVERGED,float64,cuda:0
forward,0,294,9.312563392308697e-07,True,CONVERGED,float64,cuda:0
forward,1,288,9.7868826495065e-07,True,CONVERGED,float64,cuda:0
forward,2,294,9.699414412995192e-07,True,CONVERGED,float64,cuda:0
adjoint,0,297,8.626939801136199e-07,True,CONVERGED,float64,cuda:0
adjoint,1,297,9.517862836125715e-07,True,CONVERGED,float64,cuda:0
adjoint,2,297,9.382780420001863e-07,True,CONVERGED,float64,cuda:0
forward,0,293,9.558437993397504e-07,True,CONVERGED,float64,cuda:0
forward,1,290,9.45586653744026e-07,True,CONVERGED,float64,cuda:0
forward,2,276,9.970548278869986e-07,True,CONVERGED,float64,cuda:0
adjoint,0,296,8.734978808803515e-07,True,CONVERGED,float64,cuda:0
adjoint,1,296,9.974437992148113e-07,True,CONVERGED,float64,cuda:0
adjoint,2,296,9.899525283383624e-07,True,CONVERGED,float64,cuda:0
forward,0,294,9.438870647266984e-07,True,CONVERGED,float64,cuda:0
forward,1,292,9.398306278669156e-07,True,CONVERGED,float64,cuda:0
forward,2,296,9.73117510353966e-07,True,CONVERGED,float64,cuda:0
adjoint,0,296,9.216994854483754e-07,True,CONVERGED,float64,cuda:0
adjoint,1,297,9.288726913119686e-07,True,CONVERGED,float64,cuda:0
adjoint,2,296,9.96286398982792e-07,True,CONVERGED,float64,cuda:0
forward,0,297,9.589194943230404e-07,True,CONVERGED,float64,cuda:0
forward,1,291,8.844850546332092e-07,True,CONVERGED,float64,cuda:0
forward,2,299,9.021176819045918e-07,True,CONVERGED,float64,cuda:0
adjoint,0,297,9.204248546004508e-07,True,CONVERGED,float64,cuda:0
adjoint,1,297,9.949337021155252e-07,True,CONVERGED,float64,cuda:0
adjoint,2,297,9.319290300050522e-07,True,CONVERGED,float64,cuda:0
forward,0,297,9.59910935663749e-07,True,CONVERGED,float64,cuda:0
forward,1,290,9.279665330404076e-07,True,CONVERGED,float64,cuda:0
forward,2,298,9.744873841417558e-07,True,CONVERGED,float64,cuda:0
adjoint,0,297,8.550614354830686e-07,True,CONVERGED,float64,cuda:0
adjoint,1,297,8.918542595007312e-07,True,CONVERGED,float64,cuda:0
adjoint,2,296,9.866353157626332e-07,True,CONVERGED,float64,cuda:0
forward,0,296,9.682676771662172e-07,True,CONVERGED,float64,cuda:0
forward,1,286,9.812341404149193e-07,True,CONVERGED,float64,cuda:0
forward,2,296,9.296194987422836e-07,True,CONVERGED,float64,cuda:0
adjoint,0,296,9.231545725737929e-07,True,CONVERGED,float64,cuda:0
adjoint,1,297,8.56081620316089e-07,True,CONVERGED,float64,cuda:0
adjoint,2,297,9.372601854023477e-07,True,CONVERGED,float64,cuda:0
forward,0,296,9.76413617398169e-07,True,CONVERGED,float64,cuda:0
forward,1,286,9.159259832372901e-07,True,CONVERGED,float64,cuda:0
forward,2,296,9.881002418888879e-07,True,CONVERGED,float64,cuda:0
adjoint,0,296,9.479027602387273e-07,True,CONVERGED,float64,cuda:0
adjoint,1,297,8.656773743820828e-07,True,CONVERGED,float64,cuda:0
adjoint,2,297,9.695900247359012e-07,True,CONVERGED,float64,cuda:0
forward,0,297,9.910383945877973e-07,True,CONVERGED,float64,cuda:0
forward,1,288,9.097377816694734e-07,True,CONVERGED,float64,cuda:0
forward,2,299,9.337702057061846e-07,True,CONVERGED,float64,cuda:0
adjoint,0,296,9.337042336875481e-07,True,CONVERGED,float64,cuda:0
adjoint,1,296,9.110134894056124e-07,True,CONVERGED,float64,cuda:0
adjoint,2,296,8.910031138490596e-07,True,CONVERGED,float64,cuda:0
forward,0,298,9.581942576896235e-07,True,CONVERGED,float64,cuda:0
forward,1,290,9.231022234255462e-07,True,CONVERGED,float64,cuda:0
forward,2,300,9.6220818211763e-07,True,CONVERGED,float64,cuda:0
adjoint,0,297,8.939451711160242e-07,True,CONVERGED,float64,cuda:0
adjoint,1,296,9.140083132073961e-07,True,CONVERGED,float64,cuda:0
adjoint,2,295,9.961472698856101e-07,True,CONVERGED,float64,cuda:0
forward,0,297,9.938904697159923e-07,True,CONVERGED,float64,cuda:0
forward,1,291,9.291263311091049e-07,True,CONVERGED,float64,cuda:0
forward,2,297,9.421538691002614e-07,True,CONVERGED,float64,cuda:0
adjoint,0,296,9.860219827398736e-07,True,CONVERGED,float64,cuda:0
adjoint,1,291,9.744521637438713e-07,True,CONVERGED,float64,cuda:0
adjoint,2,295,8.820668558427076e-07,True,CONVERGED,float64,cuda:0
forward,0,298,9.618485649570513e-07,True,CONVERGED,float64,cuda:0
forward,1,292,9.838183772447134e-07,True,CONVERGED,float64,cuda:0
forward,2,298,9.69640074133299e-07,True,CONVERGED,float64,cuda:0
adjoint,0,296,9.78291292580881e-07,True,CONVERGED,float64,cuda:0
adjoint,1,291,9.090973117939116e-07,True,CONVERGED,float64,cuda:0
adjoint,2,294,9.991769166307223e-07,True,CONVERGED,float64,cuda:0
forward,0,298,9.513241789508906e-07,True,CONVERGED,float64,cuda:0
forward,1,293,9.567803248296926e-07,True,CONVERGED,float64,cuda:0
forward,2,296,9.854758159555482e-07,True,CONVERGED,float64,cuda:0
adjoint,0,293,9.168114686960278e-07,True,CONVERGED,float64,cuda:0
adjoint,1,290,9.408628208267279e-07,True,CONVERGED,float64,cuda:0
adjoint,2,294,9.618834916920013e-07,True,CONVERGED,float64,cuda:0
forward,0,288,9.45367024718886e-07,True,CONVERGED,float64,cuda:0
forward,1,292,8.952984037655215e-07,True,CONVERGED,float64,cuda:0
forward,2,295,9.317780189826888e-07,True,CONVERGED,float64,cuda:0
adjoint,0,294,9.07419413462616e-07,True,CONVERGED,float64,cuda:0
adjoint,1,290,9.526275670269635e-07,True,CONVERGED,float64,cuda:0
adjoint,2,295,8.731820846371496e-07,True,CONVERGED,float64,cuda:0
forward,0,300,9.169857586255584e-07,True,CONVERGED,float64,cuda:0
forward,1,289,9.393625432726034e-07,True,CONVERGED,float64,cuda:0
forward,2,296,9.240129600032417e-07,True,CONVERGED,float64,cuda:0
adjoint,0,298,9.490285086442595e-07,True,CONVERGED,float64,cuda:0
adjoint,1,290,9.380125177684465e-07,True,CONVERGED,float64,cuda:0
adjoint,2,295,9.80086356665028e-07,True,CONVERGED,float64,cuda:0
forward,0,302,9.152543216850144e-07,True,CONVERGED,float64,cuda:0
forward,1,290,9.6829218886946e-07,True,CONVERGED,float64,cuda:0
forward,2,300,9.933164062503794e-07,True,CONVERGED,float64,cuda:0
adjoint,0,296,8.63009386669052e-07,True,CONVERGED,float64,cuda:0
adjoint,1,292,9.127350284611613e-07,True,CONVERGED,float64,cuda:0
adjoint,2,296,9.546253026727936e-07,True,CONVERGED,float64,cuda:0
forward,0,302,9.940007795434823e-07,True,CONVERGED,float64,cuda:0
forward,1,291,9.592004801216173e-07,True,CONVERGED,float64,cuda:0
forward,2,300,9.846493339703762e-07,True,CONVERGED,float64,cuda:0
adjoint,0,304,9.522141547106592e-07,True,CONVERGED,float64,cuda:0
adjoint,1,292,8.902471440681703e-07,True,CONVERGED,float64,cuda:0
adjoint,2,295,9.194394344810267e-07,True,CONVERGED,float64,cuda:0
forward,0,302,9.30087803428826e-07,True,CONVERGED,float64,cuda:0
forward,1,305,9.802056574528507e-07,True,CONVERGED,float64,cuda:0
forward,2,306,9.97795386968713e-07,True,CONVERGED,float64,cuda:0
adjoint,0,303,9.49457610573936e-07,True,CONVERGED,float64,cuda:0
adjoint,1,297,9.116752475561293e-07,True,CONVERGED,float64,cuda:0
adjoint,2,297,9.96246506834264e-07,True,CONVERGED,float64,cuda:0
forward,0,303,9.37406480365462e-07,True,CONVERGED,float64,cuda:0
forward,1,306,9.544027403102607e-07,True,CONVERGED,float64,cuda:0
forward,2,307,9.131140835821745e-07,True,CONVERGED,float64,cuda:0
adjoint,0,304,9.530615936216589e-07,True,CONVERGED,float64,cuda:0
adjoint,1,299,8.419510004387432e-07,True,CONVERGED,float64,cuda:0
adjoint,2,298,9.606434775732327e-07,True,CONVERGED,float64,cuda:0
forward,0,302,9.32177594276746e-07,True,CONVERGED,float64,cuda:0
forward,1,293,9.732388869009424e-07,True,CONVERGED,float64,cuda:0
forward,2,293,9.169580922843676e-07,True,CONVERGED,float64,cuda:0
adjoint,0,305,9.656791726463852e-07,True,CONVERGED,float64,cuda:0
adjoint,1,294,9.697119460167314e-07,True,CONVERGED,float64,cuda:0
adjoint,2,294,9.108740435727016e-07,True,CONVERGED,float64,cuda:0
forward,0,302,9.92356014553503e-07,True,CONVERGED,float64,cuda:0
forward,1,299,9.158218685959186e-07,True,CONVERGED,float64,cuda:0
forward,2,297,9.009116767410574e-07,True,CONVERGED,float64,cuda:0
adjoint,0,310,9.81632838610544e-07,True,CONVERGED,float64,cuda:0
adjoint,1,304,9.978763832456478e-07,True,CONVERGED,float64,cuda:0
adjoint,2,305,9.023417940827429e-07,True,CONVERGED,float64,cuda:0
forward,0,297,9.67500553423875e-07,True,CONVERGED,float64,cuda:0
forward,1,306,9.656801172761631e-07,True,CONVERGED,float64,cuda:0
forward,2,300,9.478661281863622e-07,True,CONVERGED,float64,cuda:0
adjoint,0,312,8.916543298880355e-07,True,CONVERGED,float64,cuda:0
adjoint,1,307,9.409754503691793e-07,True,CONVERGED,float64,cuda:0
adjoint,2,308,8.758432560781242e-07,True,CONVERGED,float64,cuda:0
forward,0,301,9.325946045148744e-07,True,CONVERGED,float64,cuda:0
forward,1,298,9.919276415697558e-07,True,CONVERGED,float64,cuda:0
forward,2,297,8.374871153143479e-07,True,CONVERGED,float64,cuda:0
adjoint,0,308,9.758189890813137e-07,True,CONVERGED,float64,cuda:0
adjoint,1,301,9.554457354194295e-07,True,CONVERGED,float64,cuda:0
adjoint,2,302,9.783368075767196e-07,True,CONVERGED,float64,cuda:0
forward,0,300,9.430248995766157e-07,True,CONVERGED,float64,cuda:0
forward,1,297,9.395056003313543e-07,True,CONVERGED,float64,cuda:0
forward,2,294,9.047503196532156e-07,True,CONVERGED,float64,cuda:0
adjoint,0,307,9.321518978560997e-07,True,CONVERGED,float64,cuda:0
adjoint,1,294,9.321940212755621e-07,True,CONVERGED,float64,cuda:0
adjoint,2,294,9.406640384934297e-07,True,CONVERGED,float64,cuda:0
forward,0,306,8.409466221156879e-07,True,CONVERGED,float64,cuda:0
forward,1,300,9.934216820992326e-07,True,CONVERGED,float64,cuda:0
forward,2,299,9.520657742404109e-07,True,CONVERGED,float64,cuda:0
adjoint,0,305,9.850540005294378e-07,True,CONVERGED,float64,cuda:0
adjoint,1,300,9.827947342744682e-07,True,CONVERGED,float64,cuda:0
adjoint,2,302,9.612241437266442e-07,True,CONVERGED,float64,cuda:0
forward,0,307,9.881400594886112e-07,True,CONVERGED,float64,cuda:0
forward,1,314,9.497231446366063e-07,True,CONVERGED,float64,cuda:0
forward,2,310,9.419267390918201e-07,True,CONVERGED,float64,cuda:0
adjoint,0,307,9.956486161537301e-07,True,CONVERGED,float64,cuda:0
adjoint,1,305,9.787076870323711e-07,True,CONVERGED,float64,cuda:0
adjoint,2,306,8.254972738770096e-07,True,CONVERGED,float64,cuda:0
forward,0,306,9.023396938817464e-07,True,CONVERGED,float64,cuda:0
forward,1,301,9.83653533384008e-07,True,CONVERGED,float64,cuda:0
forward,2,304,9.758092255597149e-07,True,CONVERGED,float64,cuda:0
adjoint,0,306,9.73773475896994e-07,True,CONVERGED,float64,cuda:0
adjoint,1,303,9.792674887656772e-07,True,CONVERGED,float64,cuda:0
adjoint,2,305,8.686278645536183e-07,True,CONVERGED,float64,cuda:0
forward,0,297,9.948578933629763e-07,True,CONVERGED,float64,cuda:0
forward,1,299,9.586813348095865e-07,True,CONVERGED,float64,cuda:0
forward,2,306,9.693462111363185e-07,True,CONVERGED,float64,cuda:0
adjoint,0,302,9.760064502511969e-07,True,CONVERGED,float64,cuda:0
adjoint,1,302,9.260684307332864e-07,True,CONVERGED,float64,cuda:0
adjoint,2,302,9.437772592936681e-07,True,CONVERGED,float64,cuda:0
forward,0,296,9.251925465032266e-07,True,CONVERGED,float64,cuda:0
forward,1,308,9.352018285068708e-07,True,CONVERGED,float64,cuda:0
forward,2,309,9.272092545107936e-07,True,CONVERGED,float64,cuda:0
adjoint,0,307,9.592078712226216e-07,True,CONVERGED,float64,cuda:0
adjoint,1,305,9.799679846934797e-07,True,CONVERGED,float64,cuda:0
adjoint,2,307,9.457266120068036e-07,True,CONVERGED,float64,cuda:0
forward,0,300,8.720305537286678e-07,True,CONVERGED,float64,cuda:0
forward,1,311,9.433798360513716e-07,True,CONVERGED,float64,cuda:0
forward,2,313,9.360066184051549e-07,True,CONVERGED,float64,cuda:0
adjoint,0,315,8.990436541229589e-07,True,CONVERGED,float64,cuda:0
adjoint,1,314,9.990576600817584e-07,True,CONVERGED,float64,cuda:0
adjoint,2,312,8.838109621356171e-07,True,CONVERGED,float64,cuda:0
forward,0,297,9.549437751917134e-07,True,CONVERGED,float64,cuda:0
forward,1,311,9.669384892934e-07,True,CONVERGED,float64,cuda:0
forward,2,312,9.497223805902935e-07,True,CONVERGED,float64,cuda:0
adjoint,0,306,9.201637395376337e-07,True,CONVERGED,float64,cuda:0
adjoint,1,312,9.819800822679223e-07,True,CONVERGED,float64,cuda:0
adjoint,2,312,9.77582079135103e-07,True,CONVERGED,float64,cuda:0
forward,0,296,9.61983691890001e-07,True,CONVERGED,float64,cuda:0
forward,1,309,8.946814719093154e-07,True,CONVERGED,float64,cuda:0
forward,2,307,9.77289808104791e-07,True,CONVERGED,float64,cuda:0
adjoint,0,306,9.870693320654932e-07,True,CONVERGED,float64,cuda:0
adjoint,1,299,9.97276397439292e-07,True,CONVERGED,float64,cuda:0
adjoint,2,308,9.927711587129212e-07,True,CONVERGED,float64,cuda:0
forward,0,297,9.311978578781187e-07,True,CONVERGED,float64,cuda:0
forward,1,306,9.308313088705606e-07,True,CONVERGED,float64,cuda:0
forward,2,299,9.462313357292836e-07,True,CONVERGED,float64,cuda:0
adjoint,0,309,8.883477382650027e-07,True,CONVERGED,float64,cuda:0
adjoint,1,304,9.243295922868615e-07,True,CONVERGED,float64,cuda:0
adjoint,2,306,9.208228680523098e-07,True,CONVERGED,float64,cuda:0
forward,0,298,9.882228215171757e-07,True,CONVERGED,float64,cuda:0
forward,1,306,8.904168017113719e-07,True,CONVERGED,float64,cuda:0
forward,2,307,8.737703191480497e-07,True,CONVERGED,float64,cuda:0
adjoint,0,308,9.95827240341432e-07,True,CONVERGED,float64,cuda:0
adjoint,1,306,9.888866197188386e-07,True,CONVERGED,float64,cuda:0
adjoint,2,305,8.904174196235782e-07,True,CONVERGED,float64,cuda:0
forward,0,300,9.508724286421587e-07,True,CONVERGED,float64,cuda:0
forward,1,307,9.633296086765483e-07,True,CONVERGED,float64,cuda:0
forward,2,299,8.715822794769352e-07,True,CONVERGED,float64,cuda:0
adjoint,0,310,9.021679175745524e-07,True,CONVERGED,float64,cuda:0
adjoint,1,305,9.480130823694187e-07,True,CONVERGED,float64,cuda:0
adjoint,2,307,9.062181519508921e-07,True,CONVERGED,float64,cuda:0
forward,0,305,8.916796479743389e-07,True,CONVERGED,float64,cuda:0
forward,1,310,9.592590675056583e-07,True,CONVERGED,float64,cuda:0
forward,2,306,9.644044636502054e-07,True,CONVERGED,float64,cuda:0
adjoint,0,307,9.73591166303478e-07,True,CONVERGED,float64,cuda:0
adjoint,1,303,9.411188994184134e-07,True,CONVERGED,float64,cuda:0
adjoint,2,312,9.757527872580585e-07,True,CONVERGED,float64,cuda:0
forward,0,307,8.518249512238511e-07,True,CONVERGED,float64,cuda:0
forward,1,312,9.654950952877612e-07,True,CONVERGED,float64,cuda:0
forward,2,306,9.582438176760676e-07,True,CONVERGED,float64,cuda:0
adjoint,0,311,9.244279195475584e-07,True,CONVERGED,float64,cuda:0
adjoint,1,307,9.942574852659376e-07,True,CONVERGED,float64,cuda:0
adjoint,2,314,9.965532603472574e-07,True,CONVERGED,float64,cuda:0
forward,0,299,9.31507306848809e-07,True,CONVERGED,float64,cuda:0
forward,1,311,9.565241140825557e-07,True,CONVERGED,float64,cuda:0
forward,2,307,9.97972955589439e-07,True,CONVERGED,float64,cuda:0
adjoint,0,310,9.860086973107724e-07,True,CONVERGED,float64,cuda:0
adjoint,1,306,8.967405755706107e-07,True,CONVERGED,float64,cuda:0
adjoint,2,314,9.772376188002433e-07,True,CONVERGED,float64,cuda:0
forward,0,304,9.870073459431395e-07,True,CONVERGED,float64,cuda:0
forward,1,310,8.966151526516606e-07,True,CONVERGED,float64,cuda:0
forward,2,308,9.990030305444534e-07,True,CONVERGED,float64,cuda:0
adjoint,0,312,8.883119687713363e-07,True,CONVERGED,float64,cuda:0
adjoint,1,311,9.804618913855172e-07,True,CONVERGED,float64,cuda:0
adjoint,2,310,9.982020598643357e-07,True,CONVERGED,float64,cuda:0
forward,0,303,9.969920524788058e-07,True,CONVERGED,float64,cuda:0
forward,1,310,8.928343777275369e-07,True,CONVERGED,float64,cuda:0
forward,2,310,9.567584892573972e-07,True,CONVERGED,float64,cuda:0
adjoint,0,312,9.097648589628156e-07,True,CONVERGED,float64,cuda:0
adjoint,1,314,9.028640890554551e-07,True,CONVERGED,float64,cuda:0
adjoint,2,308,9.264557736975527e-07,True,CONVERGED,float64,cuda:0
forward,0,302,9.358850825129336e-07,True,CONVERGED,float64,cuda:0
forward,1,311,9.518566419344437e-07,True,CONVERGED,float64,cuda:0
forward,2,309,9.638290805624614e-07,True,CONVERGED,float64,cuda:0
adjoint,0,313,9.702899155302411e-07,True,CONVERGED,float64,cuda:0
adjoint,1,313,9.354248033370913e-07,True,CONVERGED,float64,cuda:0
adjoint,2,315,9.398794155456276e-07,True,CONVERGED,float64,cuda:0
forward,0,300,9.13736998746447e-07,True,CONVERGED,float64,cuda:0
forward,1,314,9.258358185195733e-07,True,CONVERGED,float64,cuda:0
forward,2,311,9.199360219921963e-07,True,CONVERGED,float64,cuda:0
adjoint,0,308,9.996548846777962e-07,True,CONVERGED,float64,cuda:0
adjoint,1,305,9.443577434834945e-07,True,CONVERGED,float64,cuda:0
adjoint,2,317,8.98669419154437e-07,True,CONVERGED,float64,cuda:0
forward,0,301,9.595623735290111e-07,True,CONVERGED,float64,cuda:0
forward,1,315,8.966013659072592e-07,True,CONVERGED,float64,cuda:0
forward,2,312,9.842466971157044e-07,True,CONVERGED,float64,cuda:0
adjoint,0,309,9.65582103899304e-07,True,CONVERGED,float64,cuda:0
adjoint,1,305,8.668174745390913e-07,True,CONVERGED,float64,cuda:0
adjoint,2,317,9.543175530991737e-07,True,CONVERGED,float64,cuda:0
forward,0,303,9.787518973346364e-07,True,CONVERGED,float64,cuda:0
forward,1,313,9.771252980324113e-07,True,CONVERGED,float64,cuda:0
forward,2,311,9.70629766927515e-07,True,CONVERGED,float64,cuda:0
adjoint,0,314,9.67117466118307e-07,True,CONVERGED,float64,cuda:0
adjoint,1,313,9.949485021423203e-07,True,CONVERGED,float64,cuda:0
adjoint,2,316,9.187400209477724e-07,True,CONVERGED,float64,cuda:0
forward,0,307,9.314024346330047e-07,True,CONVERGED,float64,cuda:0
forward,1,312,9.941832670072452e-07,True,CONVERGED,float64,cuda:0
forward,2,312,9.178365153893798e-07,True,CONVERGED,float64,cuda:0
adjoint,0,303,9.736279185087055e-07,True,CONVERGED,float64,cuda:0
adjoint,1,311,9.700362208855475e-07,True,CONVERGED,float64,cuda:0
adjoint,2,315,9.667129228683433e-07,True,CONVERGED,float64,cuda:0
forward,0,308,9.405776230450433e-07,True,CONVERGED,float64,cuda:0
forward,1,313,9.99437721628263e-07,True,CONVERGED,float64,cuda:0
forward,2,314,9.837807452944563e-07,True,CONVERGED,float64,cuda:0
adjoint,0,316,9.781395157122834e-07,True,CONVERGED,float64,cuda:0
adjoint,1,308,9.879938442112547e-07,True,CONVERGED,float64,cuda:0
adjoint,2,316,9.432664265159915e-07,True,CONVERGED,float64,cuda:0
forward,0,308,9.724277283291718e-07,True,CONVERGED,float64,cuda:0
forward,1,314,9.698499538698055e-07,True,CONVERGED,float64,cuda:0
forward,2,315,9.865920038788925e-07,True,CONVERGED,float64,cuda:0
adjoint,0,317,9.593355926125956e-07,True,CONVERGED,float64,cuda:0
adjoint,1,312,9.974498469877028e-07,True,CONVERGED,float64,cuda:0
adjoint,2,317,9.046198307436206e-07,True,CONVERGED,float64,cuda:0
forward,0,310,9.967732229840837e-07,True,CONVERGED,float64,cuda:0
forward,1,312,9.594163087926136e-07,True,CONVERGED,float64,cuda:0
forward,2,313,9.579864098343934e-07,True,CONVERGED,float64,cuda:0
adjoint,0,315,9.138852021417512e-07,True,CONVERGED,float64,cuda:0
adjoint,1,312,9.694048186615328e-07,True,CONVERGED,float64,cuda:0
adjoint,2,314,9.926829387403527e-07,True,CONVERGED,float64,cuda:0
forward,0,311,9.391424942437478e-07,True,CONVERGED,float64,cuda:0
forward,1,312,9.67593589283411e-07,True,CONVERGED,float64,cuda:0
forward,2,314,9.059892764354714e-07,True,CONVERGED,float64,cuda:0
adjoint,0,315,9.66829030021682e-07,True,CONVERGED,float64,cuda:0
adjoint,1,308,9.913039164853524e-07,True,CONVERGED,float64,cuda:0
adjoint,2,316,9.40993399693683e-07,True,CONVERGED,float64,cuda:0
forward,0,308,9.690205001001695e-07,True,CONVERGED,float64,cuda:0
forward,1,315,9.537284543123368e-07,True,CONVERGED,float64,cuda:0
forward,2,316,9.746523483571575e-07,True,CONVERGED,float64,cuda:0
adjoint,0,315,9.548468917137526e-07,True,CONVERGED,float64,cuda:0
adjoint,1,317,9.031743247240268e-07,True,CONVERGED,float64,cuda:0
adjoint,2,318,9.406775358875514e-07,True,CONVERGED,float64,cuda:0
forward,0,310,9.303119041462458e-07,True,CONVERGED,float64,cuda:0
forward,1,315,9.387382396139371e-07,True,CONVERGED,float64,cuda:0
forward,2,316,9.779639731970362e-07,True,CONVERGED,float64,cuda:0
adjoint,0,315,9.978694961647076e-07,True,CONVERGED,float64,cuda:0
adjoint,1,316,9.924215576609912e-07,True,CONVERGED,float64,cuda:0
adjoint,2,317,9.82304957697109e-07,True,CONVERGED,float64,cuda:0
forward,0,312,9.873834431648797e-07,True,CONVERGED,float64,cuda:0
forward,1,311,9.187191065881575e-07,True,CONVERGED,float64,cuda:0
forward,2,314,9.96507664866696e-07,True,CONVERGED,float64,cuda:0
adjoint,0,314,9.561397846676067e-07,True,CONVERGED,float64,cuda:0
adjoint,1,309,9.563225481452368e-07,True,CONVERGED,float64,cuda:0
adjoint,2,316,9.861169450369702e-07,True,CONVERGED,float64,cuda:0
forward,0,314,8.706445559254113e-07,True,CONVERGED,float64,cuda:0
forward,1,310,9.909761892217427e-07,True,CONVERGED,float64,cuda:0
forward,2,315,9.213190772692256e-07,True,CONVERGED,float64,cuda:0
adjoint,0,314,8.998833242177573e-07,True,CONVERGED,float64,cuda:0
adjoint,1,306,9.978980707364636e-07,True,CONVERGED,float64,cuda:0
adjoint,2,316,9.890014094154488e-07,True,CONVERGED,float64,cuda:0
forward,0,309,9.71499371624867e-07,True,CONVERGED,float64,cuda:0
forward,1,313,9.873269288722776e-07,True,CONVERGED,float64,cuda:0
forward,2,317,8.99657352619492e-07,True,CONVERGED,float64,cuda:0
adjoint,0,316,9.499640018432871e-07,True,CONVERGED,float64,cuda:0
adjoint,1,317,9.978185411787574e-07,True,CONVERGED,float64,cuda:0
adjoint,2,319,9.620338060841168e-07,True,CONVERGED,float64,cuda:0
forward,0,313,9.57449628302412e-07,True,CONVERGED,float64,cuda:0
forward,1,310,9.830633987700215e-07,True,CONVERGED,float64,cuda:0
forward,2,316,9.988101466283666e-07,True,CONVERGED,float64,cuda:0
adjoint,0,316,9.501117104666899e-07,True,CONVERGED,float64,cuda:0
adjoint,1,319,9.632570309184784e-07,True,CONVERGED,float64,cuda:0
adjoint,2,317,9.97045186665914e-07,True,CONVERGED,float64,cuda:0
forward,0,308,9.646549008716083e-07,True,CONVERGED,float64,cuda:0
forward,1,308,9.95712848190933e-07,True,CONVERGED,float64,cuda:0
forward,2,315,9.463055724839967e-07,True,CONVERGED,float64,cuda:0
adjoint,0,315,9.940606489311013e-07,True,CONVERGED,float64,cuda:0
adjoint,1,311,9.80692100741788e-07,True,CONVERGED,float64,cuda:0
adjoint,2,311,9.214150640190039e-07,True,CONVERGED,float64,cuda:0
forward,0,307,9.078701195837088e-07,True,CONVERGED,float64,cuda:0
forward,1,314,9.500216956460534e-07,True,CONVERGED,float64,cuda:0
forward,2,311,9.135287326405131e-07,True,CONVERGED,float64,cuda:0
adjoint,0,309,9.81635435804579e-07,True,CONVERGED,float64,cuda:0
adjoint,1,306,9.959141645607119e-07,True,CONVERGED,float64,cuda:0
adjoint,2,304,9.372006851933383e-07,True,CONVERGED,float64,cuda:0
forward,0,307,9.096013584965889e-07,True,CONVERGED,float64,cuda:0
forward,1,314,9.1054333040306e-07,True,CONVERGED,float64,cuda:0
forward,2,303,9.590579115263848e-07,True,CONVERGED,float64,cuda:0
adjoint,0,309,8.853718227667262e-07,True,CONVERGED,float64,cuda:0
adjoint,1,302,9.635552229854012e-07,True,CONVERGED,float64,cuda:0
adjoint,2,306,9.168026403298607e-07,True,CONVERGED,float64,cuda:0
forward,0,301,9.657838307797016e-07,True,CONVERGED,float64,cuda:0
forward,1,309,9.97881931390803e-07,True,CONVERGED,float64,cuda:0
forward,2,310,9.000184427462294e-07,True,CONVERGED,float64,cuda:0
adjoint,0,304,9.976159416753297e-07,True,CONVERGED,float64,cuda:0
adjoint,1,300,9.98978332066839e-07,True,CONVERGED,float64,cuda:0
adjoint,2,298,9.137739139861125e-07,True,CONVERGED,float64,cuda:0
forward,0,307,9.460988548353101e-07,True,CONVERGED,float64,cuda:0
forward,1,310,9.325264463171284e-07,True,CONVERGED,float64,cuda:0
forward,2,303,9.537331417023465e-07,True,CONVERGED,float64,cuda:0
adjoint,0,309,9.97736039825022e-07,True,CONVERGED,float64,cuda:0
adjoint,1,313,9.445204550749358e-07,True,CONVERGED,float64,cuda:0
adjoint,2,307,9.64704279311955e-07,True,CONVERGED,float64,cuda:0
forward,0,312,8.967682970884722e-07,True,CONVERGED,float64,cuda:0
forward,1,311,9.682884658923783e-07,True,CONVERGED,float64,cuda:0
forward,2,314,9.505023090785497e-07,True,CONVERGED,float64,cuda:0
adjoint,0,313,9.299434295190775e-07,True,CONVERGED,float64,cuda:0
adjoint,1,316,9.61183067385779e-07,True,CONVERGED,float64,cuda:0
adjoint,2,310,9.631103267482737e-07,True,CONVERGED,float64,cuda:0
forward,0,306,9.969204062718491e-07,True,CONVERGED,float64,cuda:0
forward,1,310,9.968632386845047e-07,True,CONVERGED,float64,cuda:0
forward,2,313,9.305116399811289e-07,True,CONVERGED,float64,cuda:0
adjoint,0,312,9.571930091644007e-07,True,CONVERGED,float64,cuda:0
adjoint,1,315,9.859000612916557e-07,True,CONVERGED,float64,cuda:0
adjoint,2,309,9.957306900151996e-07,True,CONVERGED,float64,cuda:0
forward,0,304,9.236960409670648e-07,True,CONVERGED,float64,cuda:0
forward,1,303,9.719220666148322e-07,True,CONVERGED,float64,cuda:0
forward,2,309,9.994057619180075e-07,True,CONVERGED,float64,cuda:0
adjoint,0,316,9.803905801511936e-07,True,CONVERGED,float64,cuda:0
adjoint,1,310,9.353675841506009e-07,True,CONVERGED,float64,cuda:0
adjoint,2,310,9.672216938263976e-07,True,CONVERGED,float64,cuda:0
forward,0,304,9.967990575864115e-07,True,CONVERGED,float64,cuda:0
forward,1,310,9.302211452524431e-07,True,CONVERGED,float64,cuda:0
forward,2,310,9.109463705245848e-07,True,CONVERGED,float64,cuda:0
adjoint,0,318,8.537872054135761e-07,True,CONVERGED,float64,cuda:0
adjoint,1,314,9.17187002356204e-07,True,CONVERGED,float64,cuda:0
adjoint,2,312,9.45226153188868e-07,True,CONVERGED,float64,cuda:0
forward,0,301,9.027523202705069e-07,True,CONVERGED,float64,cuda:0
forward,1,312,9.195827897103912e-07,True,CONVERGED,float64,cuda:0
forward,2,313,9.302163512825739e-07,True,CONVERGED,float64,cuda:0
adjoint,0,315,9.798495086280594e-07,True,CONVERGED,float64,cuda:0
adjoint,1,313,9.739612020400856e-07,True,CONVERGED,float64,cuda:0
adjoint,2,313,9.756411935880696e-07,True,CONVERGED,float64,cuda:0
forward,0,306,9.807421835465677e-07,True,CONVERGED,float64,cuda:0
forward,1,310,9.14039309309332e-07,True,CONVERGED,float64,cuda:0
forward,2,315,9.822093688648969e-07,True,CONVERGED,float64,cuda:0
adjoint,0,313,9.590221425531232e-07,True,CONVERGED,float64,cuda:0
adjoint,1,315,9.936588804150733e-07,True,CONVERGED,float64,cuda:0
adjoint,2,313,9.821940959053662e-07,True,CONVERGED,float64,cuda:0
forward,0,308,9.897146467011762e-07,True,CONVERGED,float64,cuda:0
forward,1,310,9.57849780006679e-07,True,CONVERGED,float64,cuda:0
forward,2,315,9.898495119641068e-07,True,CONVERGED,float64,cuda:0
adjoint,0,315,9.465176824986749e-07,True,CONVERGED,float64,cuda:0
adjoint,1,315,8.750203673442348e-07,True,CONVERGED,float64,cuda:0
adjoint,2,308,9.835745544648466e-07,True,CONVERGED,float64,cuda:0
forward,0,307,8.970159902979689e-07,True,CONVERGED,float64,cuda:0
forward,1,312,9.488792834673666e-07,True,CONVERGED,float64,cuda:0
forward,2,314,9.65728008277213e-07,True,CONVERGED,float64,cuda:0
adjoint,0,316,9.134092141361993e-07,True,CONVERGED,float64,cuda:0
adjoint,1,305,9.342573883170479e-07,True,CONVERGED,float64,cuda:0
adjoint,2,309,9.417094172573447e-07,True,CONVERGED,float64,cuda:0
forward,0,307,9.700447165768432e-07,True,CONVERGED,float64,cuda:0
forward,1,311,9.655230737787717e-07,True,CONVERGED,float64,cuda:0
forward,2,314,9.557599106798575e-07,True,CONVERGED,float64,cuda:0
adjoint,0,312,9.98750425533602e-07,True,CONVERGED,float64,cuda:0
adjoint,1,312,9.923574737864472e-07,True,CONVERGED,float64,cuda:0
adjoint,2,311,9.767416837990632e-07,True,CONVERGED,float64,cuda:0
forward,0,308,9.21150021350698e-07,True,CONVERGED,float64,cuda:0
forward,1,313,9.814939590469532e-07,True,CONVERGED,float64,cuda:0
forward,2,318,9.477897716173532e-07,True,CONVERGED,float64,cuda:0
adjoint,0,311,9.952826212899432e-07,True,CONVERGED,float64,cuda:0
adjoint,1,309,9.118020377695461e-07,True,CONVERGED,float64,cuda:0
adjoint,2,310,9.958371546732306e-07,True,CONVERGED,float64,cuda:0
forward,0,320,9.677399399292434e-07,True,CONVERGED,float64,cuda:0
forward,1,315,9.693089509900789e-07,True,CONVERGED,float64,cuda:0
forward,2,322,9.562655567734476e-07,True,CONVERGED,float64,cuda:0
adjoint,0,323,9.527915513496097e-07,True,CONVERGED,float64,cuda:0
adjoint,1,320,9.92949854849843e-07,True,CONVERGED,float64,cuda:0
adjoint,2,316,9.630167044596684e-07,True,CONVERGED,float64,cuda:0
forward,0,325,9.065885788501297e-07,True,CONVERGED,float64,cuda:0
forward,1,318,9.793851950569162e-07,True,CONVERGED,float64,cuda:0
forward,2,324,9.313046446411078e-07,True,CONVERGED,float64,cuda:0
adjoint,0,328,9.693573943582003e-07,True,CONVERGED,float64,cuda:0
adjoint,1,331,9.115619345843698e-07,True,CONVERGED,float64,cuda:0
adjoint,2,319,9.50655666944997e-07,True,CONVERGED,float64,cuda:0
forward,0,322,9.787212926009574e-07,True,CONVERGED,float64,cuda:0
forward,1,316,9.182758056333127e-07,True,CONVERGED,float64,cuda:0
forward,2,318,9.908744163982902e-07,True,CONVERGED,float64,cuda:0
adjoint,0,323,9.190293142239669e-07,True,CONVERGED,float64,cuda:0
adjoint,1,328,9.530485557821975e-07,True,CONVERGED,float64,cuda:0
adjoint,2,317,9.50790512004116e-07,True,CONVERGED,float64,cuda:0
forward,0,317,9.380886221053806e-07,True,CONVERGED,float64,cuda:0
forward,1,315,9.241831338650462e-07,True,CONVERGED,float64,cuda:0
forward,2,317,9.385510312357092e-07,True,CONVERGED,float64,cuda:0
adjoint,0,320,9.400872230548914e-07,True,CONVERGED,float64,cuda:0
adjoint,1,316,9.186305881010723e-07,True,CONVERGED,float64,cuda:0
adjoint,2,313,9.581048406726113e-07,True,CONVERGED,float64,cuda:0
forward,0,315,8.760570907428881e-07,True,CONVERGED,float64,cuda:0
forward,1,317,9.580556155855494e-07,True,CONVERGED,float64,cuda:0
forward,2,312,8.538654573283747e-07,True,CONVERGED,float64,cuda:0
adjoint,0,317,9.073568554295869e-07,True,CONVERGED,float64,cuda:0
adjoint,1,311,9.908014850177605e-07,True,CONVERGED,float64,cuda:0
adjoint,2,315,9.933800080998065e-07,True,CONVERGED,float64,cuda:0
forward,0,317,8.934997300607975e-07,True,CONVERGED,float64,cuda:0
forward,1,317,9.964261084302107e-07,True,CONVERGED,float64,cuda:0
forward,2,313,9.130777959967483e-07,True,CONVERGED,float64,cuda:0
adjoint,0,318,9.191930428973446e-07,True,CONVERGED,float64,cuda:0
adjoint,1,301,9.885876565113441e-07,True,CONVERGED,float64,cuda:0
adjoint,2,314,9.439853486910127e-07,True,CONVERGED,float64,cuda:0
forward,0,316,8.620542977401535e-07,True,CONVERGED,float64,cuda:0
forward,1,317,9.984985420153913e-07,True,CONVERGED,float64,cuda:0
forward,2,312,8.562398882061176e-07,True,CONVERGED,float64,cuda:0
adjoint,0,316,9.595408279602188e-07,True,CONVERGED,float64,cuda:0
adjoint,1,315,9.158871648295413e-07,True,CONVERGED,float64,cuda:0
adjoint,2,314,9.509461871952387e-07,True,CONVERGED,float64,cuda:0
forward,0,311,9.562458180482356e-07,True,CONVERGED,float64,cuda:0
forward,1,311,9.844900346947831e-07,True,CONVERGED,float64,cuda:0
forward,2,312,9.503167978819902e-07,True,CONVERGED,float64,cuda:0
adjoint,0,314,9.037499548420304e-07,True,CONVERGED,float64,cuda:0
adjoint,1,313,9.92305658485927e-07,True,CONVERGED,float64,cuda:0
adjoint,2,311,9.449674871451359e-07,True,CONVERGED,float64,cuda:0
forward,0,317,9.550053265255444e-07,True,CONVERGED,float64,cuda:0
forward,1,313,9.79642620336047e-07,True,CONVERGED,float64,cuda:0
forward,2,316,9.48967813256071e-07,True,CONVERGED,float64,cuda:0
adjoint,0,320,9.670670495710112e-07,True,CONVERGED,float64,cuda:0
adjoint,1,319,9.364109461635331e-07,True,CONVERGED,float64,cuda:0
adjoint,2,317,9.588550263689849e-07,True,CONVERGED,float64,cuda:0
forward,0,324,9.493016956382254e-07,True,CONVERGED,float64,cuda:0
forward,1,323,9.838102333370257e-07,True,CONVERGED,float64,cuda:0
forward,2,322,9.658388456812429e-07,True,CONVERGED,float64,cuda:0
adjoint,0,321,9.86238497983844e-07,True,CONVERGED,float64,cuda:0
adjoint,1,332,9.89376675821793e-07,True,CONVERGED,float64,cuda:0
adjoint,2,316,9.651626782435891e-07,True,CONVERGED,float64,cuda:0
forward,0,319,9.950742242486034e-07,True,CONVERGED,float64,cuda:0
forward,1,327,9.226564822912439e-07,True,CONVERGED,float64,cuda:0
forward,2,326,9.410030728648892e-07,True,CONVERGED,float64,cuda:0
adjoint,0,323,9.784585945792962e-07,True,CONVERGED,float64,cuda:0
adjoint,1,334,8.87710084912399e-07,True,CONVERGED,float64,cuda:0
adjoint,2,316,9.447926043656104e-07,True,CONVERGED,float64,cuda:0
forward,0,320,9.160559958435916e-07,True,CONVERGED,float64,cuda:0
forward,1,327,9.567729145044044e-07,True,CONVERGED,float64,cuda:0
forward,2,325,9.818129033577107e-07,True,CONVERGED,float64,cuda:0
adjoint,0,325,9.54105077085529e-07,True,CONVERGED,float64,cuda:0
adjoint,1,330,9.810479986073066e-07,True,CONVERGED,float64,cuda:0
adjoint,2,318,9.568409829751974e-07,True,CONVERGED,float64,cuda:0
forward,0,322,8.748573651988814e-07,True,CONVERGED,float64,cuda:0
forward,1,324,9.314350516074146e-07,True,CONVERGED,float64,cuda:0
forward,2,324,9.999281403652315e-07,True,CONVERGED,float64,cuda:0
adjoint,0,323,9.43894790046804e-07,True,CONVERGED,float64,cuda:0
adjoint,1,330,8.938039842771433e-07,True,CONVERGED,float64,cuda:0
adjoint,2,318,9.986003199325958e-07,True,CONVERGED,float64,cuda:0
forward,0,322,9.491582493037217e-07,True,CONVERGED,float64,cuda:0
forward,1,325,9.518762821520611e-07,True,CONVERGED,float64,cuda:0
forward,2,324,9.611984934467505e-07,True,CONVERGED,float64,cuda:0
adjoint,0,322,9.808196999611778e-07,True,CONVERGED,float64,cuda:0
adjoint,1,330,9.832185172225171e-07,True,CONVERGED,float64,cuda:0
adjoint,2,319,8.681795965561918e-07,True,CONVERGED,float64,cuda:0
forward,0,316,9.754585314728805e-07,True,CONVERGED,float64,cuda:0
forward,1,328,9.800140751984722e-07,True,CONVERGED,float64,cuda:0
forward,2,329,9.137468761384161e-07,True,CONVERGED,float64,cuda:0
adjoint,0,322,9.727959894840372e-07,True,CONVERGED,float64,cuda:0
adjoint,1,331,9.87851689636847e-07,True,CONVERGED,float64,cuda:0
adjoint,2,320,9.056117360549914e-07,True,CONVERGED,float64,cuda:0
forward,0,320,9.335270859879228e-07,True,CONVERGED,float64,cuda:0
forward,1,329,9.703694668612157e-07,True,CONVERGED,float64,cuda:0
forward,2,329,9.04935742503874e-07,True,CONVERGED,float64,cuda:0
adjoint,0,321,9.80400770889028e-07,True,CONVERGED,float64,cuda:0
adjoint,1,330,9.85066021540259e-07,True,CONVERGED,float64,cuda:0
adjoint,2,320,9.71310936202862e-07,True,CONVERGED,float64,cuda:0
forward,0,323,9.418977843030874e-07,True,CONVERGED,float64,cuda:0
forward,1,328,9.477105437205021e-07,True,CONVERGED,float64,cuda:0
forward,2,327,9.754888760794147e-07,True,CONVERGED,float64,cuda:0
adjoint,0,321,9.988337728789663e-07,True,CONVERGED,float64,cuda:0
adjoint,1,330,9.83937311021035e-07,True,CONVERGED,float64,cuda:0
adjoint,2,318,9.58418657366928e-07,True,CONVERGED,float64,cuda:0
forward,0,321,9.443857622009579e-07,True,CONVERGED,float64,cuda:0
forward,1,320,9.586334367320535e-07,True,CONVERGED,float64,cuda:0
forward,2,322,8.794957514304757e-07,True,CONVERGED,float64,cuda:0
adjoint,0,322,9.780192760572006e-07,True,CONVERGED,float64,cuda:0
adjoint,1,328,9.585832081879285e-07,True,CONVERGED,float64,cuda:0
adjoint,2,320,9.164915310642127e-07,True,CONVERGED,float64,cuda:0
forward,0,323,9.532155370069484e-07,True,CONVERGED,float64,cuda:0
forward,1,326,8.847169641593206e-07,True,CONVERGED,float64,cuda:0
forward,2,324,9.439351911053065e-07,True,CONVERGED,float64,cuda:0
adjoint,0,322,9.600987535719822e-07,True,CONVERGED,float64,cuda:0
adjoint,1,327,9.450866165906621e-07,True,CONVERGED,float64,cuda:0
adjoint,2,321,9.443166399890385e-07,True,CONVERGED,float64,cuda:0
forward,0,327,9.945497050302354e-07,True,CONVERGED,float64,cuda:0
forward,1,323,9.913518050016436e-07,True,CONVERGED,float64,cuda:0
forward,2,328,9.923165779333512e-07,True,CONVERGED,float64,cuda:0
adjoint,0,322,9.376533999279486e-07,True,CONVERGED,float64,cuda:0
adjoint,1,327,9.490186463864667e-07,True,CONVERGED,float64,cuda:0
adjoint,2,323,9.087688421685285e-07,True,CONVERGED,float64,cuda:0
forward,0,331,9.876663335761673e-07,True,CONVERGED,float64,cuda:0
forward,1,310,9.757380149594658e-07,True,CONVERGED,float64,cuda:0
forward,2,330,9.498032844707948e-07,True,CONVERGED,float64,cuda:0
adjoint,0,322,9.265344593082303e-07,True,CONVERGED,float64,cuda:0
adjoint,1,324,9.048186108896928e-07,True,CONVERGED,float64,cuda:0
adjoint,2,325,8.991952617612489e-07,True,CONVERGED,float64,cuda:0
forward,0,333,9.245184780014661e-07,True,CONVERGED,float64,cuda:0
forward,1,321,9.978721604905452e-07,True,CONVERGED,float64,cuda:0
forward,2,332,9.702093417893298e-07,True,CONVERGED,float64,cuda:0
adjoint,0,323,9.633038411072655e-07,True,CONVERGED,float64,cuda:0
adjoint,1,326,9.314559813758098e-07,True,CONVERGED,float64,cuda:0
adjoint,2,329,9.808350997203767e-07,True,CONVERGED,float64,cuda:0
forward,0,328,9.469316630412045e-07,True,CONVERGED,float64,cuda:0
forward,1,323,9.282258564940274e-07,True,CONVERGED,float64,cuda:0
forward,2,315,9.70651186948704e-07,True,CONVERGED,float64,cuda:0
adjoint,0,322,9.680603727152024e-07,True,CONVERGED,float64,cuda:0
adjoint,1,326,9.99898787948642e-07,True,CONVERGED,float64,cuda:0
adjoint,2,329,9.452934785022645e-07,True,CONVERGED,float64,cuda:0
forward,0,313,9.692654846658784e-07,True,CONVERGED,float64,cuda:0
forward,1,304,9.866642573326352e-07,True,CONVERGED,float64,cuda:0
forward,2,326,9.938832524450255e-07,True,CONVERGED,float64,cuda:0
adjoint,0,322,8.831634902961923e-07,True,CONVERGED,float64,cuda:0
adjoint,1,328,8.914110871183096e-07,True,CONVERGED,float64,cuda:0
adjoint,2,328,9.40170652178704e-07,True,CONVERGED,float64,cuda:0
forward,0,326,9.842333339875165e-07,True,CONVERGED,float64,cuda:0
forward,1,319,9.850055727908588e-07,True,CONVERGED,float64,cuda:0
forward,2,327,9.403307496616926e-07,True,CONVERGED,float64,cuda:0
adjoint,0,323,9.718714466563067e-07,True,CONVERGED,float64,cuda:0
adjoint,1,328,9.93472273475487e-07,True,CONVERGED,float64,cuda:0
adjoint,2,328,9.259145686263821e-07,True,CONVERGED,float64,cuda:0
forward,0,318,9.18077423413215e-07,True,CONVERGED,float64,cuda:0
forward,1,320,9.907034810467515e-07,True,CONVERGED,float64,cuda:0
forward,2,325,9.674257265677808e-07,True,CONVERGED,float64,cuda:0
adjoint,0,323,9.389594508041926e-07,True,CONVERGED,float64,cuda:0
adjoint,1,329,8.987215777990036e-07,True,CONVERGED,float64,cuda:0
adjoint,2,327,9.66589333770638e-07,True,CONVERGED,float64,cuda:0
forward,0,319,9.332730508017736e-07,True,CONVERGED,float64,cuda:0
forward,1,318,9.921798231179976e-07,True,CONVERGED,float64,cuda:0
forward,2,315,9.831176933068653e-07,True,CONVERGED,float64,cuda:0
adjoint,0,319,9.244286341281095e-07,True,CONVERGED,float64,cuda:0
adjoint,1,320,9.531955841516388e-07,True,CONVERGED,float64,cuda:0
adjoint,2,318,9.801340958518012e-07,True,CONVERGED,float64,cuda:0
forward,0,321,9.430855900468044e-07,True,CONVERGED,float64,cuda:0
forward,1,310,9.999664315270527e-07,True,CONVERGED,float64,cuda:0
forward,2,320,9.556257771895952e-07,True,CONVERGED,float64,cuda:0
adjoint,0,321,9.194365545891209e-07,True,CONVERGED,float64,cuda:0
adjoint,1,328,9.073936452154992e-07,True,CONVERGED,float64,cuda:0
adjoint,2,322,9.733398204092743e-07,True,CONVERGED,float64,cuda:0
forward,0,321,9.799991343538647e-07,True,CONVERGED,float64,cuda:0
forward,1,314,9.348194602912076e-07,True,CONVERGED,float64,cuda:0
forward,2,318,9.342198739651488e-07,True,CONVERGED,float64,cuda:0
adjoint,0,321,9.18524359282319e-07,True,CONVERGED,float64,cuda:0
adjoint,1,323,9.361042734098816e-07,True,CONVERGED,float64,cuda:0
adjoint,2,319,9.7128346455454e-07,True,CONVERGED,float64,cuda:0
forward,0,321,9.297205396471008e-07,True,CONVERGED,float64,cuda:0
forward,1,318,9.005070278582702e-07,True,CONVERGED,float64,cuda:0
forward,2,309,9.949235877018162e-07,True,CONVERGED,float64,cuda:0
adjoint,0,321,9.530933903272256e-07,True,CONVERGED,float64,cuda:0
adjoint,1,326,9.8858467950903e-07,True,CONVERGED,float64,cuda:0
adjoint,2,318,9.572578887625353e-07,True,CONVERGED,float64,cuda:0
forward,0,324,9.993706019151836e-07,True,CONVERGED,float64,cuda:0
forward,1,324,9.329278099484418e-07,True,CONVERGED,float64,cuda:0
forward,2,310,9.6509397898054e-07,True,CONVERGED,float64,cuda:0
adjoint,0,321,9.825795709392976e-07,True,CONVERGED,float64,cuda:0
adjoint,1,328,8.941310671350499e-07,True,CONVERGED,float64,cuda:0
adjoint,2,322,9.507681485275275e-07,True,CONVERGED,float64,cuda:0
forward,0,327,9.135494005812095e-07,True,CONVERGED,float64,cuda:0
forward,1,330,9.823956450946257e-07,True,CONVERGED,float64,cuda:0
forward,2,303,9.004630889087728e-07,True,CONVERGED,float64,cuda:0
adjoint,0,324,8.843064694680991e-07,True,CONVERGED,float64,cuda:0
adjoint,1,327,9.89467361510823e-07,True,CONVERGED,float64,cuda:0
adjoint,2,321,9.487066745332338e-07,True,CONVERGED,float64,cuda:0
forward,0,329,9.282544108774269e-07,True,CONVERGED,float64,cuda:0
forward,1,331,9.299996248495165e-07,True,CONVERGED,float64,cuda:0
forward,2,303,9.904059158122977e-07,True,CONVERGED,float64,cuda:0
adjoint,0,325,9.476307948480251e-07,True,CONVERGED,float64,cuda:0
adjoint,1,328,9.630270930217025e-07,True,CONVERGED,float64,cuda:0
adjoint,2,322,9.689824903518316e-07,True,CONVERGED,float64,cuda:0
forward,0,334,9.141061428276413e-07,True,CONVERGED,float64,cuda:0
forward,1,331,9.658253190125943e-07,True,CONVERGED,float64,cuda:0
forward,2,313,9.499126528838405e-07,True,CONVERGED,float64,cuda:0
adjoint,0,329,9.68368557474433e-07,True,CONVERGED,float64,cuda:0
adjoint,1,331,9.994992285546307e-07,True,CONVERGED,float64,cuda:0
adjoint,2,325,8.795517376118371e-07,True,CONVERGED,float64,cuda:0
forward,0,330,9.580467469434002e-07,True,CONVERGED,float64,cuda:0
forward,1,331,9.301200766276361e-07,True,CONVERGED,float64,cuda:0
forward,2,325,9.858343647660262e-07,True,CONVERGED,float64,cuda:0
adjoint,0,324,8.923466252635503e-07,True,CONVERGED,float64,cuda:0
adjoint,1,328,8.917676348795945e-07,True,CONVERGED,float64,cuda:0
adjoint,2,319,9.199864289153973e-07,True,CONVERGED,float64,cuda:0
forward,0,332,9.572734832281909e-07,True,CONVERGED,float64,cuda:0
forward,1,334,9.782612053610338e-07,True,CONVERGED,float64,cuda:0
forward,2,328,8.990748424112731e-07,True,CONVERGED,float64,cuda:0
adjoint,0,326,9.88889087572251e-07,True,CONVERGED,float64,cuda:0
adjoint,1,333,9.147702872349497e-07,True,CONVERGED,float64,cuda:0
adjoint,2,321,9.484958872432265e-07,True,CONVERGED,float64,cuda:0
forward,0,335,9.263774948076932e-07,True,CONVERGED,float64,cuda:0
forward,1,336,9.531750325859296e-07,True,CONVERGED,float64,cuda:0
forward,2,329,9.721549034394794e-07,True,CONVERGED,float64,cuda:0
adjoint,0,331,9.80914607271447e-07,True,CONVERGED,float64,cuda:0
adjoint,1,341,9.511287201562535e-07,True,CONVERGED,float64,cuda:0
adjoint,2,325,9.098852978199243e-07,True,CONVERGED,float64,cuda:0
forward,0,341,9.270951538711627e-07,True,CONVERGED,float64,cuda:0
forward,1,336,9.06309405181768e-07,True,CONVERGED,float64,cuda:0
forward,2,340,9.030329312474799e-07,True,CONVERGED,float64,cuda:0
adjoint,0,340,9.772534388063597e-07,True,CONVERGED,float64,cuda:0
adjoint,1,342,9.728031549847718e-07,True,CONVERGED,float64,cuda:0
adjoint,2,339,9.572423755019481e-07,True,CONVERGED,float64,cuda:0
forward,0,336,9.084206800551806e-07,True,CONVERGED,float64,cuda:0
forward,1,336,9.181251635095364e-07,True,CONVERGED,float64,cuda:0
forward,2,334,9.6726140426047e-07,True,CONVERGED,float64,cuda:0
adjoint,0,345,9.616153684757014e-07,True,CONVERGED,float64,cuda:0
adjoint,1,340,9.717005038414349e-07,True,CONVERGED,float64,cuda:0
adjoint,2,340,9.724352938246325e-07,True,CONVERGED,float64,cuda:0
forward,0,338,9.811911604253263e-07,True,CONVERGED,float64,cuda:0
forward,1,320,9.564569338156496e-07,True,CONVERGED,float64,cuda:0
forward,2,331,9.508800390803955e-07,True,CONVERGED,float64,cuda:0
adjoint,0,330,8.9197738997373e-07,True,CONVERGED,float64,cuda:0
adjoint,1,338,9.925904897377423e-07,True,CONVERGED,float64,cuda:0
adjoint,2,338,9.85331324517274e-07,True,CONVERGED,float64,cuda:0
forward,0,335,9.982888160001725e-07,True,CONVERGED,float64,cuda:0
forward,1,332,9.889542502372546e-07,True,CONVERGED,float64,cuda:0
forward,2,329,8.828273365216062e-07,True,CONVERGED,float64,cuda:0
adjoint,0,328,9.522666630451872e-07,True,CONVERGED,float64,cuda:0
adjoint,1,335,9.379074687862783e-07,True,CONVERGED,float64,cuda:0
adjoint,2,336,9.297380396742681e-07,True,CONVERGED,float64,cuda:0
forward,0,336,9.124540749109076e-07,True,CONVERGED,float64,cuda:0
forward,1,333,9.749550964238817e-07,True,CONVERGED,float64,cuda:0
forward,2,336,9.488445012069989e-07,True,CONVERGED,float64,cuda:0
adjoint,0,333,9.461750216304266e-07,True,CONVERGED,float64,cuda:0
adjoint,1,329,9.197336584189413e-07,True,CONVERGED,float64,cuda:0
adjoint,2,331,9.484769456709239e-07,True,CONVERGED,float64,cuda:0
forward,0,334,9.723557405902392e-07,True,CONVERGED,float64,cuda:0
forward,1,327,9.165304479560565e-07,True,CONVERGED,float64,cuda:0
forward,2,330,9.373645800527004e-07,True,CONVERGED,float64,cuda:0
adjoint,0,340,9.810433882627906e-07,True,CONVERGED,float64,cuda:0
adjoint,1,336,9.699582408541084e-07,True,CONVERGED,float64,cuda:0
adjoint,2,335,9.081841873758852e-07,True,CONVERGED,float64,cuda:0
forward,0,336,9.266433650815968e-07,True,CONVERGED,float64,cuda:0
forward,1,333,9.78814190370605e-07,True,CONVERGED,float64,cuda:0
forward,2,336,9.278437234077299e-07,True,CONVERGED,float64,cuda:0
adjoint,0,332,9.64632737673168e-07,True,CONVERGED,float64,cuda:0
adjoint,1,329,9.193358093626187e-07,True,CONVERGED,float64,cuda:0
adjoint,2,326,9.303295270171622e-07,True,CONVERGED,float64,cuda:0
forward,0,332,9.705357388515952e-07,True,CONVERGED,float64,cuda:0
forward,1,331,9.891530848373213e-07,True,CONVERGED,float64,cuda:0
forward,2,335,9.835509856900102e-07,True,CONVERGED,float64,cuda:0
adjoint,0,330,8.824974713041157e-07,True,CONVERGED,float64,cuda:0
adjoint,1,327,9.576351428285568e-07,True,CONVERGED,float64,cuda:0
adjoint,2,324,9.161849611150146e-07,True,CONVERGED,float64,cuda:0
forward,0,330,9.770765110850846e-07,True,CONVERGED,float64,cuda:0
forward,1,334,9.640582744156895e-07,True,CONVERGED,float64,cuda:0
forward,2,337,9.492283145814295e-07,True,CONVERGED,float64,cuda:0
adjoint,0,332,9.063780054504127e-07,True,CONVERGED,float64,cuda:0
adjoint,1,330,9.546719924909161e-07,True,CONVERGED,float64,cuda:0
adjoint,2,324,9.702870569712852e-07,True,CONVERGED,float64,cuda:0
forward,0,336,9.85538742692855e-07,True,CONVERGED,float64,cuda:0
forward,1,338,8.90858104976209e-07,True,CONVERGED,float64,cuda:0
forward,2,339,9.183030091291215e-07,True,CONVERGED,float64,cuda:0
adjoint,0,328,9.36463428295377e-07,True,CONVERGED,float64,cuda:0
adjoint,1,328,9.579889802778863e-07,True,CONVERGED,float64,cuda:0
adjoint,2,323,9.59670083787473e-07,True,CONVERGED,float64,cuda:0
forward,0,320,9.581119901171695e-07,True,CONVERGED,float64,cuda:0
forward,1,344,9.670718693065833e-07,True,CONVERGED,float64,cuda:0
forward,2,336,9.8765141797622e-07,True,CONVERGED,float64,cuda:0
adjoint,0,332,9.318065129118659e-07,True,CONVERGED,float64,cuda:0
adjoint,1,346,9.064435713672439e-07,True,CONVERGED,float64,cuda:0
adjoint,2,339,9.600242135341845e-07,True,CONVERGED,float64,cuda:0
forward,0,326,9.365816425817788e-07,True,CONVERGED,float64,cuda:0
forward,1,345,8.983060361898943e-07,True,CONVERGED,float64,cuda:0
forward,2,343,9.06162244313039e-07,True,CONVERGED,float64,cuda:0
adjoint,0,342,9.293378237660736e-07,True,CONVERGED,float64,cuda:0
adjoint,1,346,9.273418548378237e-07,True,CONVERGED,float64,cuda:0
adjoint,2,341,9.941358460798796e-07,True,CONVERGED,float64,cuda:0
forward,0,345,9.910905334910047e-07,True,CONVERGED,float64,cuda:0
forward,1,349,9.623019262483544e-07,True,CONVERGED,float64,cuda:0
forward,2,350,8.850472511725234e-07,True,CONVERGED,float64,cuda:0
adjoint,0,328,9.899555650633285e-07,True,CONVERGED,float64,cuda:0
adjoint,1,350,9.561268188714522e-07,True,CONVERGED,float64,cuda:0
adjoint,2,349,9.739654020462986e-07,True,CONVERGED,float64,cuda:0
forward,0,351,9.783399463141068e-07,True,CONVERGED,float64,cuda:0
forward,1,348,9.806554580996869e-07,True,CONVERGED,float64,cuda:0
forward,2,349,9.957090935308814e-07,True,CONVERGED,float64,cuda:0
adjoint,0,348,9.986866688109057e-07,True,CONVERGED,float64,cuda:0
adjoint,1,348,9.393037451378455e-07,True,CONVERGED,float64,cuda:0
adjoint,2,353,9.698708363392025e-07,True,CONVERGED,float64,cuda:0
forward,0,340,9.4704933694912e-07,True,CONVERGED,float64,cuda:0
forward,1,346,9.816885599920765e-07,True,CONVERGED,float64,cuda:0
forward,2,343,9.712961895154483e-07,True,CONVERGED,float64,cuda:0
adjoint,0,345,9.641326283877738e-07,True,CONVERGED,float64,cuda:0
adjoint,1,348,9.26611518712605e-07,True,CONVERGED,float64,cuda:0
adjoint,2,339,9.718648822820722e-07,True,CONVERGED,float64,cuda:0
forward,0,342,9.457903840705501e-07,True,CONVERGED,float64,cuda:0
forward,1,347,9.720918894566948e-07,True,CONVERGED,float64,cuda:0
forward,2,342,9.466885781102582e-07,True,CONVERGED,float64,cuda:0
adjoint,0,350,9.617653495614022e-07,True,CONVERGED,float64,cuda:0
adjoint,1,348,9.119921626751491e-07,True,CONVERGED,float64,cuda:0
adjoint,2,338,9.646728220008218e-07,True,CONVERGED,float64,cuda:0
forward,0,325,9.86375653193077e-07,True,CONVERGED,float64,cuda:0
forward,1,348,9.702555801087335e-07,True,CONVERGED,float64,cuda:0
forward,2,346,8.280326978241681e-07,True,CONVERGED,float64,cuda:0
adjoint,0,342,9.606305534236975e-07,True,CONVERGED,float64,cuda:0
adjoint,1,349,8.728613414457348e-07,True,CONVERGED,float64,cuda:0
adjoint,2,338,9.428704223842679e-07,True,CONVERGED,float64,cuda:0
forward,0,347,9.430758840007748e-07,True,CONVERGED,float64,cuda:0
forward,1,351,9.742854556373076e-07,True,CONVERGED,float64,cuda:0
forward,2,351,9.597135533433065e-07,True,CONVERGED,float64,cuda:0
adjoint,0,355,9.870566248180852e-07,True,CONVERGED,float64,cuda:0
adjoint,1,352,9.841134674254262e-07,True,CONVERGED,float64,cuda:0
adjoint,2,346,9.900702273635262e-07,True,CONVERGED,float64,cuda:0
forward,0,346,9.111577693409691e-07,True,CONVERGED,float64,cuda:0
forward,1,349,9.150482155285332e-07,True,CONVERGED,float64,cuda:0
forward,2,350,9.59967288546175e-07,True,CONVERGED,float64,cuda:0
adjoint,0,347,9.353709208689703e-07,True,CONVERGED,float64,cuda:0
adjoint,1,339,9.537029083183665e-07,True,CONVERGED,float64,cuda:0
adjoint,2,347,9.806488880278855e-07,True,CONVERGED,float64,cuda:0
forward,0,339,9.521446071477998e-07,True,CONVERGED,float64,cuda:0
forward,1,347,9.251629962811885e-07,True,CONVERGED,float64,cuda:0
forward,2,345,9.219079905606065e-07,True,CONVERGED,float64,cuda:0
adjoint,0,342,9.508196287487688e-07,True,CONVERGED,float64,cuda:0
adjoint,1,347,9.505628076316625e-07,True,CONVERGED,float64,cuda:0
adjoint,2,343,9.335038096305199e-07,True,CONVERGED,float64,cuda:0
forward,0,336,9.121910045943777e-07,True,CONVERGED,float64,cuda:0
forward,1,340,9.772739123380114e-07,True,CONVERGED,float64,cuda:0
forward,2,340,9.919948712326716e-07,True,CONVERGED,float64,cuda:0
adjoint,0,339,9.146040959569895e-07,True,CONVERGED,float64,cuda:0
adjoint,1,342,9.79591953419577e-07,True,CONVERGED,float64,cuda:0
adjoint,2,341,9.414124703672647e-07,True,CONVERGED,float64,cuda:0
forward,0,335,9.58059771213174e-07,True,CONVERGED,float64,cuda:0
forward,1,338,9.723290638462656e-07,True,CONVERGED,float64,cuda:0
forward,2,338,9.636895631955176e-07,True,CONVERGED,float64,cuda:0
adjoint,0,341,9.930438310936788e-07,True,CONVERGED,float64,cuda:0
adjoint,1,329,9.184984952848536e-07,True,CONVERGED,float64,cuda:0
adjoint,2,339,9.307282768985384e-07,True,CONVERGED,float64,cuda:0
forward,0,335,9.30010395915999e-07,True,CONVERGED,float64,cuda:0
forward,1,338,9.575683972150513e-07,True,CONVERGED,float64,cuda:0
forward,2,340,9.961412166999237e-07,True,CONVERGED,float64,cuda:0
adjoint,0,340,9.60587098617624e-07,True,CONVERGED,float64,cuda:0
adjoint,1,330,9.99386963726056e-07,True,CONVERGED,float64,cuda:0
adjoint,2,338,9.601664553313655e-07,True,CONVERGED,float64,cuda:0
forward,0,335,8.999132098571662e-07,True,CONVERGED,float64,cuda:0
forward,1,339,9.144591558322566e-07,True,CONVERGED,float64,cuda:0
forward,2,341,8.396682567664046e-07,True,CONVERGED,float64,cuda:0
adjoint,0,339,9.919973464877405e-07,True,CONVERGED,float64,cuda:0
adjoint,1,334,9.397295388550578e-07,True,CONVERGED,float64,cuda:0
adjoint,2,339,9.595331041685177e-07,True,CONVERGED,float64,cuda:0
forward,0,333,9.283706638764071e-07,True,CONVERGED,float64,cuda:0
forward,1,339,9.873304453468495e-07,True,CONVERGED,float64,cuda:0
forward,2,341,9.384217929492646e-07,True,CONVERGED,float64,cuda:0
adjoint,0,335,9.672475968788993e-07,True,CONVERGED,float64,cuda:0
adjoint,1,333,9.68083900840578e-07,True,CONVERGED,float64,cuda:0
adjoint,2,338,9.813919636215945e-07,True,CONVERGED,float64,cuda:0
forward,0,336,9.371574125031647e-07,True,CONVERGED,float64,cuda:0
forward,1,341,8.942016830179422e-07,True,CONVERGED,float64,cuda:0
forward,2,342,9.269735696172901e-07,True,CONVERGED,float64,cuda:0
adjoint,0,335,9.28722868389766e-07,True,CONVERGED,float64,cuda:0
adjoint,1,337,9.782717786846033e-07,True,CONVERGED,float64,cuda:0
adjoint,2,340,9.708125651132843e-07,True,CONVERGED,float64,cuda:0
forward,0,337,9.303305076653078e-07,True,CONVERGED,float64,cuda:0
forward,1,340,9.722873870815643e-07,True,CONVERGED,float64,cuda:0
forward,2,342,9.352784461775624e-07,True,CONVERGED,float64,cuda:0
adjoint,0,338,9.330796091153181e-07,True,CONVERGED,float64,cuda:0
adjoint,1,342,9.477601732212954e-07,True,CONVERGED,float64,cuda:0
adjoint,2,343,9.851531928828213e-07,True,CONVERGED,float64,cuda:0
forward,0,337,9.348082844271238e-07,True,CONVERGED,float64,cuda:0
forward,1,339,9.777628160706245e-07,True,CONVERGED,float64,cuda:0
forward,2,342,9.749654722599052e-07,True,CONVERGED,float64,cuda:0
adjoint,0,338,9.190574239416413e-07,True,CONVERGED,float64,cuda:0
adjoint,1,343,9.591094213615901e-07,True,CONVERGED,float64,cuda:0
adjoint,2,345,9.680816793724832e-07,True,CONVERGED,float64,cuda:0
forward,0,335,9.76749717207937e-07,True,CONVERGED,float64,cuda:0
forward,1,339,9.789856793031316e-07,True,CONVERGED,float64,cuda:0
forward,2,343,9.546522656118783e-07,True,CONVERGED,float64,cuda:0
adjoint,0,338,9.176893755339609e-07,True,CONVERGED,float64,cuda:0
adjoint,1,344,9.27496325417906e-07,True,CONVERGED,float64,cuda:0
adjoint,2,345,9.782138617508233e-07,True,CONVERGED,float64,cuda:0
forward,0,333,9.75098767101875e-07,True,CONVERGED,float64,cuda:0
forward,1,338,9.725082746640827e-07,True,CONVERGED,float64,cuda:0
forward,2,343,9.490063899135883e-07,True,CONVERGED,float64,cuda:0
adjoint,0,338,9.137688189776998e-07,True,CONVERGED,float64,cuda:0
adjoint,1,344,9.59601104170783e-07,True,CONVERGED,float64,cuda:0
adjoint,2,346,9.174330172883084e-07,True,CONVERGED,float64,cuda:0
forward,0,335,9.368157820084862e-07,True,CONVERGED,float64,cuda:0
forward,1,339,8.663876269324405e-07,True,CONVERGED,float64,cuda:0
forward,2,343,9.570853000328854e-07,True,CONVERGED,float64,cuda:0
adjoint,0,337,9.739507407826414e-07,True,CONVERGED,float64,cuda:0
adjoint,1,346,9.64775832323191e-07,True,CONVERGED,float64,cuda:0
adjoint,2,345,9.831051266733494e-07,True,CONVERGED,float64,cuda:0
forward,0,335,8.91627429356942e-07,True,CONVERGED,float64,cuda:0
forward,1,339,8.977356979836065e-07,True,CONVERGED,float64,cuda:0
forward,2,344,9.537507592839867e-07,True,CONVERGED,float64,cuda:0
adjoint,0,338,9.328460627127886e-07,True,CONVERGED,float64,cuda:0
adjoint,1,347,9.754532272247857e-07,True,CONVERGED,float64,cuda:0
adjoint,2,346,9.619385613098744e-07,True,CONVERGED,float64,cuda:0
forward,0,333,9.80306122834752e-07,True,CONVERGED,float64,cuda:0
forward,1,338,8.719260085761899e-07,True,CONVERGED,float64,cuda:0
forward,2,344,9.611800402822543e-07,True,CONVERGED,float64,cuda:0
adjoint,0,337,9.698003725981248e-07,True,CONVERGED,float64,cuda:0
adjoint,1,345,9.471936862937126e-07,True,CONVERGED,float64,cuda:0
adjoint,2,345,9.991358468163118e-07,True,CONVERGED,float64,cuda:0
forward,0,334,9.489396019981533e-07,True,CONVERGED,float64,cuda:0
forward,1,338,9.196323059391645e-07,True,CONVERGED,float64,cuda:0
forward,2,345,9.583827562655551e-07,True,CONVERGED,float64,cuda:0
adjoint,0,338,9.172491108925514e-07,True,CONVERGED,float64,cuda:0
adjoint,1,345,9.297147016576923e-07,True,CONVERGED,float64,cuda:0
adjoint,2,345,9.827997187080598e-07,True,CONVERGED,float64,cuda:0
forward,0,341,9.395751993015211e-07,True,CONVERGED,float64,cuda:0
forward,1,340,9.677415128609204e-07,True,CONVERGED,float64,cuda:0
forward,2,347,9.395091258749445e-07,True,CONVERGED,float64,cuda:0
adjoint,0,342,8.812116460672672e-07,True,CONVERGED,float64,cuda:0
adjoint,1,349,9.377576680880104e-07,True,CONVERGED,float64,cuda:0
adjoint,2,345,9.927139829118542e-07,True,CONVERGED,float64,cuda:0
forward,0,344,9.249342711807364e-07,True,CONVERGED,float64,cuda:0
forward,1,348,9.249098409893634e-07,True,CONVERGED,float64,cuda:0
forward,2,347,9.90483006645882e-07,True,CONVERGED,float64,cuda:0
adjoint,0,343,9.809313411660814e-07,True,CONVERGED,float64,cuda:0
adjoint,1,350,9.441200925194274e-07,True,CONVERGED,float64,cuda:0
adjoint,2,343,9.316155343569547e-07,True,CONVERGED,float64,cuda:0
forward,0,338,9.73099671102999e-07,True,CONVERGED,float64,cuda:0
forward,1,340,9.356932431645397e-07,True,CONVERGED,float64,cuda:0
forward,2,347,9.671508840023932e-07,True,CONVERGED,float64,cuda:0
adjoint,0,339,9.391582650023042e-07,True,CONVERGED,float64,cuda:0
adjoint,1,346,9.514740041762858e-07,True,CONVERGED,float64,cuda:0
adjoint,2,344,9.515509564476619e-07,True,CONVERGED,float64,cuda:0
forward,0,346,9.46663274999655e-07,True,CONVERGED,float64,cuda:0
forward,1,352,9.769510265575636e-07,True,CONVERGED,float64,cuda:0
forward,2,348,8.853559991598702e-07,True,CONVERGED,float64,cuda:0
adjoint,0,347,9.279917667261184e-07,True,CONVERGED,float64,cuda:0
adjoint,1,350,9.380778314784417e-07,True,CONVERGED,float64,cuda:0
adjoint,2,343,8.83738578202944e-07,True,CONVERGED,float64,cuda:0
forward,0,348,9.003019369887673e-07,True,CONVERGED,float64,cuda:0
forward,1,353,9.594952463783516e-07,True,CONVERGED,float64,cuda:0
forward,2,348,8.739941425752396e-07,True,CONVERGED,float64,cuda:0
adjoint,0,349,9.320506232320551e-07,True,CONVERGED,float64,cuda:0
adjoint,1,350,9.292583229269959e-07,True,CONVERGED,float64,cuda:0
adjoint,2,350,9.156646591516081e-07,True,CONVERGED,float64,cuda:0
forward,0,340,9.363430791382748e-07,True,CONVERGED,float64,cuda:0
forward,1,346,9.470645325823031e-07,True,CONVERGED,float64,cuda:0
forward,2,352,9.665935697876011e-07,True,CONVERGED,float64,cuda:0
adjoint,0,341,9.853256984942837e-07,True,CONVERGED,float64,cuda:0
adjoint,1,351,8.925592250365393e-07,True,CONVERGED,float64,cuda:0
adjoint,2,350,9.88928998883077e-07,True,CONVERGED,float64,cuda:0
forward,0,339,9.735138691577723e-07,True,CONVERGED,float64,cuda:0
forward,1,347,9.805789545941185e-07,True,CONVERGED,float64,cuda:0
forward,2,352,9.362127868118328e-07,True,CONVERGED,float64,cuda:0
adjoint,0,342,9.420549129009163e-07,True,CONVERGED,float64,cuda:0
adjoint,1,349,9.843963742241787e-07,True,CONVERGED,float64,cuda:0
adjoint,2,350,9.279243067695376e-07,True,CONVERGED,float64,cuda:0
forward,0,335,9.805952279109474e-07,True,CONVERGED,float64,cuda:0
forward,1,347,8.980270719337616e-07,True,CONVERGED,float64,cuda:0
forward,2,354,9.35272976576024e-07,True,CONVERGED,float64,cuda:0
adjoint,0,341,9.511238349098204e-07,True,CONVERGED,float64,cuda:0
adjoint,1,346,9.972262168915646e-07,True,CONVERGED,float64,cuda:0
adjoint,2,346,9.214744980840423e-07,True,CONVERGED,float64,cuda:0
forward,0,336,9.653109580171512e-07,True,CONVERGED,float64,cuda:0
forward,1,345,9.22967979571053e-07,True,CONVERGED,float64,cuda:0
forward,2,352,9.726869883140216e-07,True,CONVERGED,float64,cuda:0
adjoint,0,341,9.434780085546431e-07,True,CONVERGED,float64,cuda:0
adjoint,1,346,9.872710584808008e-07,True,CONVERGED,float64,cuda:0
adjoint,2,347,9.164113750611407e-07,True,CONVERGED,float64,cuda:0
forward,0,328,9.96957352280004e-07,True,CONVERGED,float64,cuda:0
forward,1,342,9.887638721979478e-07,True,CONVERGED,float64,cuda:0
forward,2,348,9.795994533425161e-07,True,CONVERGED,float64,cuda:0
adjoint,0,340,9.524812433048279e-07,True,CONVERGED,float64,cuda:0
adjoint,1,348,9.887278295699524e-07,True,CONVERGED,float64,cuda:0
adjoint,2,345,9.970786617698934e-07,True,CONVERGED,float64,cuda:0
forward,0,342,9.163489204074946e-07,True,CONVERGED,float64,cuda:0
forward,1,345,9.831644922541485e-07,True,CONVERGED,float64,cuda:0
forward,2,351,9.841574950020618e-07,True,CONVERGED,float64,cuda:0
adjoint,0,341,9.526583658262119e-07,True,CONVERGED,float64,cuda:0
adjoint,1,351,9.914491337646473e-07,True,CONVERGED,float64,cuda:0
adjoint,2,350,9.485492855026836e-07,True,CONVERGED,float64,cuda:0
forward,0,341,9.874033410553394e-07,True,CONVERGED,float64,cuda:0
forward,1,344,9.755897736813316e-07,True,CONVERGED,float64,cuda:0
forward,2,349,9.80068008383445e-07,True,CONVERGED,float64,cuda:0
adjoint,0,340,9.611762885552373e-07,True,CONVERGED,float64,cuda:0
adjoint,1,347,9.913029046789006e-07,True,CONVERGED,float64,cuda:0
adjoint,2,348,9.507263623295626e-07,True,CONVERGED,float64,cuda:0
forward,0,347,8.792363950878591e-07,True,CONVERGED,float64,cuda:0
forward,1,343,9.860992841736476e-07,True,CONVERGED,float64,cuda:0
forward,2,347,9.007327304067422e-07,True,CONVERGED,float64,cuda:0
adjoint,0,349,9.625958984458191e-07,True,CONVERGED,float64,cuda:0
adjoint,1,336,9.72288638370358e-07,True,CONVERGED,float64,cuda:0
adjoint,2,339,9.636043640776546e-07,True,CONVERGED,float64,cuda:0
forward,0,342,9.926132698254914e-07,True,CONVERGED,float64,cuda:0
forward,1,361,9.612391603776113e-07,True,CONVERGED,float64,cuda:0
forward,2,359,9.985451613911815e-07,True,CONVERGED,float64,cuda:0
adjoint,0,353,9.887350870640762e-07,True,CONVERGED,float64,cuda:0
adjoint,1,353,9.861830557066447e-07,True,CONVERGED,float64,cuda:0
adjoint,2,350,9.789318617823784e-07,True,CONVERGED,float64,cuda:0
forward,0,340,9.803098052032399e-07,True,CONVERGED,float64,cuda:0
forward,1,360,9.829392374833332e-07,True,CONVERGED,float64,cuda:0
forward,2,355,9.864562711436541e-07,True,CONVERGED,float64,cuda:0
adjoint,0,353,9.543688347749555e-07,True,CONVERGED,float64,cuda:0
adjoint,1,354,8.858252752545813e-07,True,CONVERGED,float64,cuda:0
adjoint,2,350,9.565384433422643e-07,True,CONVERGED,float64,cuda:0
forward,0,348,9.261076432009107e-07,True,CONVERGED,float64,cuda:0
forward,1,346,9.401980459513982e-07,True,CONVERGED,float64,cuda:0
forward,2,348,9.662808090398422e-07,True,CONVERGED,float64,cuda:0
adjoint,0,347,9.5597762841978e-07,True,CONVERGED,float64,cuda:0
adjoint,1,343,9.503394958852196e-07,True,CONVERGED,float64,cuda:0
adjoint,2,335,9.258001645207739e-07,True,CONVERGED,float64,cuda:0
forward,0,328,9.782229088566803e-07,True,CONVERGED,float64,cuda:0
forward,1,340,9.395658723359762e-07,True,CONVERGED,float64,cuda:0
forward,2,341,9.286305711050788e-07,True,CONVERGED,float64,cuda:0
adjoint,0,339,9.24211614853804e-07,True,CONVERGED,float64,cuda:0
adjoint,1,340,9.770739735323637e-07,True,CONVERGED,float64,cuda:0
adjoint,2,341,8.850455604349658e-07,True,CONVERGED,float64,cuda:0
forward,0,327,9.425492015881882e-07,True,CONVERGED,float64,cuda:0
forward,1,339,9.433550502968857e-07,True,CONVERGED,float64,cuda:0
forward,2,341,9.824639975911795e-07,True,CONVERGED,float64,cuda:0
adjoint,0,337,9.806415328213842e-07,True,CONVERGED,float64,cuda:0
adjoint,1,341,9.9475210117567e-07,True,CONVERGED,float64,cuda:0
adjoint,2,341,8.814456874647686e-07,True,CONVERGED,float64,cuda:0
forward,0,337,9.950990590114933e-07,True,CONVERGED,float64,cuda:0
forward,1,342,9.654894304415558e-07,True,CONVERGED,float64,cuda:0
forward,2,343,9.7378992952477e-07,True,CONVERGED,float64,cuda:0
adjoint,0,342,9.68638789445025e-07,True,CONVERGED,float64,cuda:0
adjoint,1,345,9.7448443258417e-07,True,CONVERGED,float64,cuda:0
adjoint,2,341,9.000527681270538e-07,True,CONVERGED,float64,cuda:0
forward,0,337,9.956127110300086e-07,True,CONVERGED,float64,cuda:0
forward,1,338,9.852574881813545e-07,True,CONVERGED,float64,cuda:0
forward,2,344,9.999798663136955e-07,True,CONVERGED,float64,cuda:0
adjoint,0,342,9.318067912259799e-07,True,CONVERGED,float64,cuda:0
adjoint,1,347,9.489132223809781e-07,True,CONVERGED,float64,cuda:0
adjoint,2,343,9.6807673416262e-07,True,CONVERGED,float64,cuda:0
forward,0,337,8.839620690632984e-07,True,CONVERGED,float64,cuda:0
forward,1,340,9.735918117866953e-07,True,CONVERGED,float64,cuda:0
forward,2,344,9.997134846313112e-07,True,CONVERGED,float64,cuda:0
adjoint,0,341,9.168204939265805e-07,True,CONVERGED,float64,cuda:0
adjoint,1,346,9.760771541462207e-07,True,CONVERGED,float64,cuda:0
adjoint,2,344,9.760010616870572e-07,True,CONVERGED,float64,cuda:0
forward,0,337,9.170126095351761e-07,True,CONVERGED,float64,cuda:0
forward,1,341,9.095901840235238e-07,True,CONVERGED,float64,cuda:0
forward,2,345,9.568142127437851e-07,True,CONVERGED,float64,cuda:0
adjoint,0,341,9.354366529204948e-07,True,CONVERGED,float64,cuda:0
adjoint,1,347,8.844587130925374e-07,True,CONVERGED,float64,cuda:0
adjoint,2,344,9.851644651779075e-07,True,CONVERGED,float64,cuda:0
forward,0,339,9.771969584221605e-07,True,CONVERGED,float64,cuda:0
forward,1,340,9.532587010205082e-07,True,CONVERGED,float64,cuda:0
forward,2,347,9.191195391902277e-07,True,CONVERGED,float64,cuda:0
adjoint,0,341,9.535576705075876e-07,True,CONVERGED,float64,cuda:0
adjoint,1,348,9.775901282886686e-07,True,CONVERGED,float64,cuda:0
adjoint,2,345,9.319259678660802e-07,True,CONVERGED,float64,cuda:0
forward,0,338,9.315448859443746e-07,True,CONVERGED,float64,cuda:0
forward,1,339,9.052661339736804e-07,True,CONVERGED,float64,cuda:0
forward,2,345,9.9013886914385e-07,True,CONVERGED,float64,cuda:0
adjoint,0,342,9.784490302804698e-07,True,CONVERGED,float64,cuda:0
adjoint,1,348,8.878683946019715e-07,True,CONVERGED,float64,cuda:0
adjoint,2,344,9.439837245162101e-07,True,CONVERGED,float64,cuda:0
forward,0,336,9.846196211003613e-07,True,CONVERGED,float64,cuda:0
forward,1,338,9.082809844970311e-07,True,CONVERGED,float64,cuda:0
forward,2,344,9.454053694683865e-07,True,CONVERGED,float64,cuda:0
adjoint,0,343,9.815324235420528e-07,True,CONVERGED,float64,cuda:0
adjoint,1,346,9.84290983797698e-07,True,CONVERGED,float64,cuda:0
adjoint,2,343,8.823616622691427e-07,True,CONVERGED,float64,cuda:0
forward,0,336,9.618383684273422e-07,True,CONVERGED,float64,cuda:0
forward,1,338,9.758882639959902e-07,True,CONVERGED,float64,cuda:0
forward,2,343,9.732410465531257e-07,True,CONVERGED,float64,cuda:0
adjoint,0,345,9.827266385522718e-07,True,CONVERGED,float64,cuda:0
adjoint,1,346,9.43860990884124e-07,True,CONVERGED,float64,cuda:0
adjoint,2,341,9.81899644594213e-07,True,CONVERGED,float64,cuda:0
forward,0,339,9.641935548812735e-07,True,CONVERGED,float64,cuda:0
forward,1,344,9.568054850654538e-07,True,CONVERGED,float64,cuda:0
forward,2,344,8.776977055158556e-07,True,CONVERGED,float64,cuda:0
adjoint,0,343,9.772238359232383e-07,True,CONVERGED,float64,cuda:0
adjoint,1,344,9.84632131525444e-07,True,CONVERGED,float64,cuda:0
adjoint,2,342,9.168378075888135e-07,True,CONVERGED,float64,cuda:0
forward,0,339,9.761968436792441e-07,True,CONVERGED,float64,cuda:0
forward,1,344,9.545310789716148e-07,True,CONVERGED,float64,cuda:0
forward,2,344,8.606484821010367e-07,True,CONVERGED,float64,cuda:0
adjoint,0,343,9.8681991677996e-07,True,CONVERGED,float64,cuda:0
adjoint,1,343,9.600431988067806e-07,True,CONVERGED,float64,cuda:0
adjoint,2,341,9.15144124767774e-07,True,CONVERGED,float64,cuda:0
forward,0,338,9.19897606778637e-07,True,CONVERGED,float64,cuda:0
forward,1,343,9.830232172190474e-07,True,CONVERGED,float64,cuda:0
forward,2,343,9.153174194591116e-07,True,CONVERGED,float64,cuda:0
adjoint,0,343,9.220324936976846e-07,True,CONVERGED,float64,cuda:0
adjoint,1,343,9.65659086775142e-07,True,CONVERGED,float64,cuda:0
adjoint,2,341,8.633373730124928e-07,True,CONVERGED,float64,cuda:0
forward,0,336,9.381884558497216e-07,True,CONVERGED,float64,cuda:0
forward,1,342,9.61272304719588e-07,True,CONVERGED,float64,cuda:0
forward,2,343,9.32084536875184e-07,True,CONVERGED,float64,cuda:0
adjoint,0,342,9.812277495978062e-07,True,CONVERGED,float64,cuda:0
adjoint,1,343,9.585640226075216e-07,True,CONVERGED,float64,cuda:0
adjoint,2,341,8.945785151988115e-07,True,CONVERGED,float64,cuda:0
forward,0,336,8.843055164640038e-07,True,CONVERGED,float64,cuda:0
forward,1,337,9.836436467620312e-07,True,CONVERGED,float64,cuda:0
forward,2,343,9.484024571505059e-07,True,CONVERGED,float64,cuda:0
adjoint,0,343,9.441270008671537e-07,True,CONVERGED,float64,cuda:0
adjoint,1,345,9.221239017228559e-07,True,CONVERGED,float64,cuda:0
adjoint,2,341,9.25404645649505e-07,True,CONVERGED,float64,cuda:0
forward,0,333,9.629912342069552e-07,True,CONVERGED,float64,cuda:0
forward,1,338,9.964915583855389e-07,True,CONVERGED,float64,cuda:0
forward,2,343,9.241641616119838e-07,True,CONVERGED,float64,cuda:0
adjoint,0,342,9.762247369492266e-07,True,CONVERGED,float64,cuda:0
adjoint,1,346,9.203836461047036e-07,True,CONVERGED,float64,cuda:0
adjoint,2,341,9.107070584319153e-07,True,CONVERGED,float64,cuda:0
forward,0,332,9.140147937331831e-07,True,CONVERGED,float64,cuda:0
forward,1,341,9.621644128588829e-07,True,CONVERGED,float64,cuda:0
forward,2,343,9.65837943487922e-07,True,CONVERGED,float64,cuda:0
adjoint,0,342,9.092576247930306e-07,True,CONVERGED,float64,cuda:0
adjoint,1,346,9.236389172541606e-07,True,CONVERGED,float64,cuda:0
adjoint,2,341,9.945619924135564e-07,True,CONVERGED,float64,cuda:0
forward,0,332,9.181928843906249e-07,True,CONVERGED,float64,cuda:0
forward,1,341,9.597724229278441e-07,True,CONVERGED,float64,cuda:0
forward,2,343,9.961522183617807e-07,True,CONVERGED,float64,cuda:0
adjoint,0,342,8.970332621408289e-07,True,CONVERGED,float64,cuda:0
adjoint,1,346,9.183366610379805e-07,True,CONVERGED,float64,cuda:0
adjoint,2,342,8.709366086736661e-07,True,CONVERGED,float64,cuda:0
forward,0,331,9.784089617139505e-07,True,CONVERGED,float64,cuda:0
forward,1,340,9.587997187708238e-07,True,CONVERGED,float64,cuda:0
forward,2,343,9.993615347752604e-07,True,CONVERGED,float64,cuda:0
adjoint,0,342,9.210272188923035e-07,True,CONVERGED,float64,cuda:0
adjoint,1,346,9.287133712778831e-07,True,CONVERGED,float64,cuda:0
adjoint,2,342,8.605992522044968e-07,True,CONVERGED,float64,cuda:0
forward,0,328,9.91767971759345e-07,True,CONVERGED,float64,cuda:0
forward,1,338,9.7164530489349e-07,True,CONVERGED,float64,cuda:0
forward,2,343,9.771033696190769e-07,True,CONVERGED,float64,cuda:0
adjoint,0,342,9.336669511276455e-07,True,CONVERGED,float64,cuda:0
adjoint,1,346,9.256447542621391e-07,True,CONVERGED,float64,cuda:0
adjoint,2,342,8.377731115836515e-07,True,CONVERGED,float64,cuda:0
forward,0,329,9.855600741269526e-07,True,CONVERGED,float64,cuda:0
forward,1,337,9.828372905728152e-07,True,CONVERGED,float64,cuda:0
forward,2,343,9.246350582379364e-07,True,CONVERGED,float64,cuda:0
adjoint,0,342,9.282750206549477e-07,True,CONVERGED,float64,cuda:0
adjoint,1,345,9.65815702006623e-07,True,CONVERGED,float64,cuda:0
adjoint,2,342,8.534780871859142e-07,True,CONVERGED,float64,cuda:0
forward,0,332,9.338580277814658e-07,True,CONVERGED,float64,cuda:0
forward,1,336,9.907774112694996e-07,True,CONVERGED,float64,cuda:0
forward,2,343,9.266345573072737e-07,True,CONVERGED,float64,cuda:0
adjoint,0,342,9.432037746691196e-07,True,CONVERGED,float64,cuda:0
adjoint,1,345,8.986643797543846e-07,True,CONVERGED,float64,cuda:0
adjoint,2,342,8.358656689134663e-07,True,CONVERGED,float64,cuda:0
forward,0,335,9.728419679439396e-07,True,CONVERGED,float64,cuda:0
forward,1,336,9.913601459250393e-07,True,CONVERGED,float64,cuda:0
forward,2,343,9.36474301504415e-07,True,CONVERGED,float64,cuda:0
adjoint,0,342,9.055227942426519e-07,True,CONVERGED,float64,cuda:0
adjoint,1,345,9.0779772515487e-07,True,CONVERGED,float64,cuda:0
adjoint,2,341,9.577121821041513e-07,True,CONVERGED,float64,cuda:0
forward,0,335,9.813373258260268e-07,True,CONVERGED,float64,cuda:0
forward,1,337,8.773600572941289e-07,True,CONVERGED,float64,cuda:0
forward,2,343,9.414113469813348e-07,True,CONVERGED,float64,cuda:0
adjoint,0,342,9.00893762309481e-07,True,CONVERGED,float64,cuda:0
adjoint,1,345,9.250256882511958e-07,True,CONVERGED,float64,cuda:0
adjoint,2,341,9.580842776816502e-07,True,CONVERGED,float64,cuda:0
forward,0,334,9.746213075091871e-07,True,CONVERGED,float64,cuda:0
forward,1,336,9.958709868898666e-07,True,CONVERGED,float64,cuda:0
forward,2,343,9.449065929535134e-07,True,CONVERGED,float64,cuda:0
adjoint,0,342,9.41178626916426e-07,True,CONVERGED,float64,cuda:0
adjoint,1,345,9.303151255021645e-07,True,CONVERGED,float64,cuda:0
adjoint,2,342,8.48790812915467e-07,True,CONVERGED,float64,cuda:0
forward,0,334,9.872987590091601e-07,True,CONVERGED,float64,cuda:0
forward,1,337,9.718203141934157e-07,True,CONVERGED,float64,cuda:0
forward,2,343,9.528445121833999e-07,True,CONVERGED,float64,cuda:0
adjoint,0,342,9.798637646923558e-07,True,CONVERGED,float64,cuda:0
adjoint,1,345,9.875707777919341e-07,True,CONVERGED,float64,cuda:0
adjoint,2,342,8.765906635627266e-07,True,CONVERGED,float64,cuda:0
forward,0,335,9.34437462479663e-07,True,CONVERGED,float64,cuda:0
forward,1,338,8.88403663865029e-07,True,CONVERGED,float64,cuda:0
forward,2,343,9.732250648118143e-07,True,CONVERGED,float64,cuda:0
adjoint,0,342,9.8123718321094e-07,True,CONVERGED,float64,cuda:0
adjoint,1,346,9.480631329522588e-07,True,CONVERGED,float64,cuda:0
adjoint,2,342,9.156846473487241e-07,True,CONVERGED,float64,cuda:0
forward,0,334,9.450241918384714e-07,True,CONVERGED,float64,cuda:0
forward,1,338,9.146691152103319e-07,True,CONVERGED,float64,cuda:0
forward,2,343,9.79537965938266e-07,True,CONVERGED,float64,cuda:0
adjoint,0,343,9.516714626537494e-07,True,CONVERGED,float64,cuda:0
adjoint,1,346,9.583386225903325e-07,True,CONVERGED,float64,cuda:0
adjoint,2,342,9.340283481589635e-07,True,CONVERGED,float64,cuda:0
forward,0,332,9.581444485763207e-07,True,CONVERGED,float64,cuda:0
forward,1,338,8.979820001355778e-07,True,CONVERGED,float64,cuda:0
forward,2,343,9.62027141172059e-07,True,CONVERGED,float64,cuda:0
adjoint,0,342,9.867607401204046e-07,True,CONVERGED,float64,cuda:0
adjoint,1,346,9.261695673145787e-07,True,CONVERGED,float64,cuda:0
adjoint,2,342,9.166177071115858e-07,True,CONVERGED,float64,cuda:0
forward,0,332,9.00649802562858e-07,True,CONVERGED,float64,cuda:0
forward,1,337,9.674516225539774e-07,True,CONVERGED,float64,cuda:0
forward,2,342,9.889268036689984e-07,True,CONVERGED,float64,cuda:0
adjoint,0,342,9.43057863557839e-07,True,CONVERGED,float64,cuda:0
adjoint,1,345,9.798584772800867e-07,True,CONVERGED,float64,cuda:0
adjoint,2,342,8.770763438876827e-07,True,CONVERGED,float64,cuda:0
forward,0,333,9.80651730149056e-07,True,CONVERGED,float64,cuda:0
forward,1,337,9.038691992024432e-07,True,CONVERGED,float64,cuda:0
forward,2,343,9.190285426354987e-07,True,CONVERGED,float64,cuda:0
adjoint,0,342,9.128536392652536e-07,True,CONVERGED,float64,cuda:0
adjoint,1,345,9.357437919040799e-07,True,CONVERGED,float64,cuda:0
adjoint,2,341,9.997040743024328e-07,True,CONVERGED,float64,cuda:0
forward,0,334,9.387824848533406e-07,True,CONVERGED,float64,cuda:0
forward,1,336,9.663121252432361e-07,True,CONVERGED,float64,cuda:0
forward,2,342,9.80271540876491e-07,True,CONVERGED,float64,cuda:0
adjoint,0,342,8.999908148977992e-07,True,CONVERGED,float64,cuda:0
adjoint,1,344,9.807658392332674e-07,True,CONVERGED,float64,cuda:0
adjoint,2,341,9.668413769486449e-07,True,CONVERGED,float64,cuda:0
forward,0,332,9.776636581786033e-07,True,CONVERGED,float64,cuda:0
forward,1,336,9.769338152195635e-07,True,CONVERGED,float64,cuda:0
forward,2,342,9.807100629960075e-07,True,CONVERGED,float64,cuda:0
adjoint,0,342,8.976136726139825e-07,True,CONVERGED,float64,cuda:0
adjoint,1,344,9.71515826814561e-07,True,CONVERGED,float64,cuda:0
adjoint,2,341,9.667483835068025e-07,True,CONVERGED,float64,cuda:0
forward,0,330,9.853770777743087e-07,True,CONVERGED,float64,cuda:0
forward,1,337,8.995563318163022e-07,True,CONVERGED,float64,cuda:0
forward,2,342,9.849546270229035e-07,True,CONVERGED,float64,cuda:0
adjoint,0,342,9.223490117739451e-07,True,CONVERGED,float64,cuda:0
adjoint,1,345,9.03967747890528e-07,True,CONVERGED,float64,cuda:0
adjoint,2,341,9.836860937320885e-07,True,CONVERGED,float64,cuda:0
forward,0,330,9.858935667432482e-07,True,CONVERGED,float64,cuda:0
forward,1,337,9.545919676736234e-07,True,CONVERGED,float64,cuda:0
forward,2,342,9.618947886343641e-07,True,CONVERGED,float64,cuda:0
adjoint,0,342,9.065611295730948e-07,True,CONVERGED,float64,cuda:0
adjoint,1,345,9.551512971612855e-07,True,CONVERGED,float64,cuda:0
adjoint,2,342,8.413130965282865e-07,True,CONVERGED,float64,cuda:0
forward,0,329,9.716533414250242e-07,True,CONVERGED,float64,cuda:0
forward,1,337,9.960319386168809e-07,True,CONVERGED,float64,cuda:0
forward,2,342,9.68769769112963e-07,True,CONVERGED,float64,cuda:0
adjoint,0,342,9.428327014650603e-07,True,CONVERGED,float64,cuda:0
adjoint,1,345,9.822216678380614e-07,True,CONVERGED,float64,cuda:0
adjoint,2,342,8.587878783886499e-07,True,CONVERGED,float64,cuda:0
forward,0,329,9.741651229357082e-07,True,CONVERGED,float64,cuda:0
forward,1,338,8.666008572185575e-07,True,CONVERGED,float64,cuda:0
forward,2,342,9.776146590142845e-07,True,CONVERGED,float64,cuda:0
adjoint,0,342,9.466410182634853e-07,True,CONVERGED,float64,cuda:0
adjoint,1,345,9.912068742603247e-07,True,CONVERGED,float64,cuda:0
adjoint,2,342,8.635898099277111e-07,True,CONVERGED,float64,cuda:0
forward,0,330,9.77630709096798e-07,True,CONVERGED,float64,cuda:0
forward,1,337,9.74072717967637e-07,True,CONVERGED,float64,cuda:0
forward,2,342,9.826131391213468e-07,True,CONVERGED,float64,cuda:0
adjoint,0,342,9.098837744641547e-07,True,CONVERGED,float64,cuda:0
adjoint,1,345,9.789422805670876e-07,True,CONVERGED,float64,cuda:0
adjoint,2,342,8.492291148415975e-07,True,CONVERGED,float64,cuda:0
forward,0,329,9.989575867805355e-07,True,CONVERGED,float64,cuda:0
forward,1,337,9.361673225691063e-07,True,CONVERGED,float64,cuda:0
forward,2,342,9.878207236383355e-07,True,CONVERGED,float64,cuda:0
adjoint,0,342,9.254569393537675e-07,True,CONVERGED,float64,cuda:0
adjoint,1,345,9.61017232182355e-07,True,CONVERGED,float64,cuda:0
adjoint,2,341,9.938823773491724e-07,True,CONVERGED,float64,cuda:0
forward,0,328,9.70456509902909e-07,True,CONVERGED,float64,cuda:0
forward,1,337,8.928653362741027e-07,True,CONVERGED,float64,cuda:0
forward,2,342,9.961697288027746e-07,True,CONVERGED,float64,cuda:0
adjoint,0,342,9.335651459060805e-07,True,CONVERGED,float64,cuda:0
adjoint,1,345,9.561728117729735e-07,True,CONVERGED,float64,cuda:0
adjoint,2,341,9.885680194382297e-07,True,CONVERGED,float64,cuda:0
forward,0,333,9.895900504751018e-07,True,CONVERGED,float64,cuda:0
forward,1,336,9.607934824125805e-07,True,CONVERGED,float64,cuda:0
forward,2,343,9.257607803874642e-07,True,CONVERGED,float64,cuda:0
adjoint,0,342,9.36808967200498e-07,True,CONVERGED,float64,cuda:0
adjoint,1,345,9.621896987343962e-07,True,CONVERGED,float64,cuda:0
adjoint,2,341,9.803366026792863e-07,True,CONVERGED,float64,cuda:0
forward,0,331,9.741704129558218e-07,True,CONVERGED,float64,cuda:0
forward,1,337,9.355253306325456e-07,True,CONVERGED,float64,cuda:0
forward,2,342,9.7276178296317e-07,True,CONVERGED,float64,cuda:0
adjoint,0,342,9.619308656285788e-07,True,CONVERGED,float64,cuda:0
adjoint,1,345,9.777589683826645e-07,True,CONVERGED,float64,cuda:0
adjoint,2,342,8.448902319688053e-07,True,CONVERGED,float64,cuda:0
forward,0,333,9.776107130346305e-07,True,CONVERGED,float64,cuda:0
forward,1,337,9.95041629500962e-07,True,CONVERGED,float64,cuda:0
forward,2,342,9.655933322138268e-07,True,CONVERGED,float64,cuda:0
adjoint,0,342,9.631192479231621e-07,True,CONVERGED,float64,cuda:0
adjoint,1,345,9.843407333456418e-07,True,CONVERGED,float64,cuda:0
adjoint,2,342,8.353652823420353e-07,True,CONVERGED,float64,cuda:0
forward,0,334,9.9335119474801e-07,True,CONVERGED,float64,cuda:0
forward,1,338,8.840809155697705e-07,True,CONVERGED,float64,cuda:0
forward,2,342,9.597525044741953e-07,True,CONVERGED,float64,cuda:0
adjoint,0,342,9.622298122784212e-07,True,CONVERGED,float64,cuda:0
adjoint,1,345,9.908220164184181e-07,True,CONVERGED,float64,cuda:0
adjoint,2,342,8.356664840446891e-07,True,CONVERGED,float64,cuda:0
forward,0,335,9.463199536177372e-07,True,CONVERGED,float64,cuda:0
forward,1,338,8.963817485993952e-07,True,CONVERGED,float64,cuda:0
forward,2,342,9.616934150952395e-07,True,CONVERGED,float64,cuda:0
adjoint,0,342,9.945292580329598e-07,True,CONVERGED,float64,cuda:0
adjoint,1,346,9.050631803153259e-07,True,CONVERGED,float64,cuda:0
adjoint,2,342,8.448771152931502e-07,True,CONVERGED,float64,cuda:0
forward,0,335,9.408086590724041e-07,True,CONVERGED,float64,cuda:0
forward,1,338,8.708580872966572e-07,True,CONVERGED,float64,cuda:0
forward,2,342,9.648487553147966e-07,True,CONVERGED,float64,cuda:0
adjoint,0,342,9.931223532883187e-07,True,CONVERGED,float64,cuda:0
adjoint,1,346,9.075330852919896e-07,True,CONVERGED,float64,cuda:0
adjoint,2,342,8.458209692391135e-07,True,CONVERGED,float64,cuda:0
forward,0,334,9.774154157871107e-07,True,CONVERGED,float64,cuda:0
forward,1,337,9.430845408395195e-07,True,CONVERGED,float64,cuda:0
forward,2,342,9.603240215030818e-07,True,CONVERGED,float64,cuda:0
adjoint,0,343,9.303669578481497e-07,True,CONVERGED,float64,cuda:0
adjoint,1,345,9.889993272487765e-07,True,CONVERGED,float64,cuda:0
adjoint,2,342,8.346370510704339e-07,True,CONVERGED,float64,cuda:0
forward,0,334,9.248132798766738e-07,True,CONVERGED,float64,cuda:0
forward,1,336,9.998735987528125e-07,True,CONVERGED,float64,cuda:0
forward,2,342,9.617228052081493e-07,True,CONVERGED,float64,cuda:0
adjoint,0,342,9.738289016148983e-07,True,CONVERGED,float64,cuda:0
adjoint,1,345,9.641582578225184e-07,True,CONVERGED,float64,cuda:0
adjoint,2,341,9.761637093070702e-07,True,CONVERGED,float64,cuda:0
forward,0,334,9.968576701094592e-07,True,CONVERGED,float64,cuda:0
forward,1,336,9.97408391431503e-07,True,CONVERGED,float64,cuda:0
forward,2,342,9.936588693510514e-07,True,CONVERGED,float64,cuda:0
adjoint,0,342,9.250380253707818e-07,True,CONVERGED,float64,cuda:0
adjoint,1,345,9.624705897714694e-07,True,CONVERGED,float64,cuda:0
adjoint,2,341,9.654343560241116e-07,True,CONVERGED,float64,cuda:0
forward,0,334,9.329619172480733e-07,True,CONVERGED,float64,cuda:0
forward,1,336,9.964221335683253e-07,True,CONVERGED,float64,cuda:0
forward,2,342,9.596441338261542e-07,True,CONVERGED,float64,cuda:0
adjoint,0,342,9.718237334817912e-07,True,CONVERGED,float64,cuda:0
adjoint,1,345,9.79577888041509e-07,True,CONVERGED,float64,cuda:0
adjoint,2,341,9.718526713673276e-07,True,CONVERGED,float64,cuda:0
forward,0,334,9.769275994592483e-07,True,CONVERGED,float64,cuda:0
forward,1,337,9.064698848350273e-07,True,CONVERGED,float64,cuda:0
forward,2,342,9.631072591895195e-07,True,CONVERGED,float64,cuda:0
adjoint,0,343,9.39828323281458e-07,True,CONVERGED,float64,cuda:0
adjoint,1,346,8.981071712997881e-07,True,CONVERGED,float64,cuda:0
adjoint,2,341,9.958972473763606e-07,True,CONVERGED,float64,cuda:0
forward,0,335,9.298780812625701e-07,True,CONVERGED,float64,cuda:0
forward,1,337,9.381020501598124e-07,True,CONVERGED,float64,cuda:0
forward,2,342,9.570664035008757e-07,True,CONVERGED,float64,cuda:0
adjoint,0,343,9.415856932539119e-07,True,CONVERGED,float64,cuda:0
adjoint,1,345,9.992295517845357e-07,True,CONVERGED,float64,cuda:0
adjoint,2,341,9.906335005086105e-07,True,CONVERGED,float64,cuda:0
forward,0,335,9.483821780109472e-07,True,CONVERGED,float64,cuda:0
forward,1,337,9.511004656277574e-07,True,CONVERGED,float64,cuda:0
forward,2,342,9.458854084111634e-07,True,CONVERGED,float64,cuda:0
adjoint,0,343,9.342191897384608e-07,True,CONVERGED,float64,cuda:0
adjoint,1,345,9.784443979824858e-07,True,CONVERGED,float64,cuda:0
adjoint,2,341,9.719336030165552e-07,True,CONVERGED,float64,cuda:0
forward,0,335,9.537222645051268e-07,True,CONVERGED,float64,cuda:0
forward,1,337,9.560065160570804e-07,True,CONVERGED,float64,cuda:0
forward,2,342,9.352936252523447e-07,True,CONVERGED,float64,cuda:0
adjoint,0,343,9.352669689477722e-07,True,CONVERGED,float64,cuda:0
adjoint,1,345,9.659763710328734e-07,True,CONVERGED,float64,cuda:0
adjoint,2,341,9.576124131704634e-07,True,CONVERGED,float64,cuda:0
forward,0,335,9.536321974016002e-07,True,CONVERGED,float64,cuda:0
forward,1,337,9.55807770709726e-07,True,CONVERGED,float64,cuda:0
forward,2,342,9.254564683713896e-07,True,CONVERGED,float64,cuda:0
adjoint,0,342,9.968493956895063e-07,True,CONVERGED,float64,cuda:0
adjoint,1,345,9.677393722797489e-07,True,CONVERGED,float64,cuda:0
adjoint,2,341,9.50477809905591e-07,True,CONVERGED,float64,cuda:0
forward,0,335,9.443864826357438e-07,True,CONVERGED,float64,cuda:0
forward,1,337,9.43797178188859e-07,True,CONVERGED,float64,cuda:0
forward,2,342,9.198803536845149e-07,True,CONVERGED,float64,cuda:0
adjoint,0,343,9.506053720331223e-07,True,CONVERGED,float64,cuda:0
adjoint,1,345,9.719424490250443e-07,True,CONVERGED,float64,cuda:0
adjoint,2,341,9.48961778223422e-07,True,CONVERGED,float64,cuda:0
forward,0,335,9.222132124706498e-07,True,CONVERGED,float64,cuda:0
forward,1,336,9.99146007961415e-07,True,CONVERGED,float64,cuda:0
forward,2,342,9.198849853899888e-07,True,CONVERGED,float64,cuda:0
adjoint,0,343,9.38151977651099e-07,True,CONVERGED,float64,cuda:0
adjoint,1,345,9.680064775453319e-07,True,CONVERGED,float64,cuda:0
adjoint,2,341,9.466245843841328e-07,True,CONVERGED,float64,cuda:0
forward,0,335,8.974187039300185e-07,True,CONVERGED,float64,cuda:0
forward,1,336,9.859180683733262e-07,True,CONVERGED,float64,cuda:0
forward,2,342,9.233874463088446e-07,True,CONVERGED,float64,cuda:0
adjoint,0,342,9.949594241080365e-07,True,CONVERGED,float64,cuda:0
adjoint,1,345,9.599360874235233e-07,True,CONVERGED,float64,cuda:0
adjoint,2,341,9.54664594404924e-07,True,CONVERGED,float64,cuda:0
forward,0,334,9.825916767531408e-07,True,CONVERGED,float64,cuda:0
forward,1,336,9.861450520477976e-07,True,CONVERGED,float64,cuda:0
forward,2,342,9.279369744865848e-07,True,CONVERGED,float64,cuda:0
adjoint,0,342,9.734278994093473e-07,True,CONVERGED,float64,cuda:0
adjoint,1,345,9.59473082534223e-07,True,CONVERGED,float64,cuda:0
adjoint,2,341,9.258423916127141e-07,True,CONVERGED,float64,cuda:0
forward,0,334,9.860371222879922e-07,True,CONVERGED,float64,cuda:0
forward,1,336,9.94083876905362e-07,True,CONVERGED,float64,cuda:0
forward,2,342,9.315140723861858e-07,True,CONVERGED,float64,cuda:0
adjoint,0,342,9.842216882109327e-07,True,CONVERGED,float64,cuda:0
adjoint,1,345,9.7118926882205e-07,True,CONVERGED,float64,cuda:0
adjoint,2,341,9.396112095800046e-07,True,CONVERGED,float64,cuda:0
forward,0,335,9.146700191559384e-07,True,CONVERGED,float64,cuda:0
forward,1,337,9.232539900273305e-07,True,CONVERGED,float64,cuda:0
forward,2,342,9.294066151650227e-07,True,CONVERGED,float64,cuda:0
adjoint,0,343,9.47032796006566e-07,True,CONVERGED,float64,cuda:0
adjoint,1,345,9.792988841617133e-07,True,CONVERGED,float64,cuda:0
adjoint,2,341,9.602527355361463e-07,True,CONVERGED,float64,cuda:0
forward,0,335,9.254269600854771e-07,True,CONVERGED,float64,cuda:0
forward,1,337,9.390663601171069e-07,True,CONVERGED,float64,cuda:0
forward,2,342,9.202429725106226e-07,True,CONVERGED,float64,cuda:0
adjoint,0,342,9.98624817948187e-07,True,CONVERGED,float64,cuda:0
adjoint,1,345,9.726914277566911e-07,True,CONVERGED,float64,cuda:0
adjoint,2,341,9.481746697319553e-07,True,CONVERGED,float64,cuda:0
forward,0,335,9.301470645908395e-07,True,CONVERGED,float64,cuda:0
forward,1,337,9.466834689920604e-07,True,CONVERGED,float64,cuda:0
forward,2,342,9.08270739917617e-07,True,CONVERGED,float64,cuda:0
adjoint,0,342,9.929564148293439e-07,True,CONVERGED,float64,cuda:0
adjoint,1,345,9.594667881481235e-07,True,CONVERGED,float64,cuda:0
adjoint,2,341,9.346855796630153e-07,True,CONVERGED,float64,cuda:0
forward,0,335,9.340727911702631e-07,True,CONVERGED,float64,cuda:0
forward,1,337,9.507504078162523e-07,True,CONVERGED,float64,cuda:0
forward,2,342,8.971067854507314e-07,True,CONVERGED,float64,cuda:0
adjoint,0,342,9.964520450782973e-07,True,CONVERGED,float64,cuda:0
adjoint,1,345,9.510542173644751e-07,True,CONVERGED,float64,cuda:0
adjoint,2,341,9.267837325876369e-07,True,CONVERGED,float64,cuda:0
forward,0,335,9.386782219247461e-07,True,CONVERGED,float64,cuda:0
forward,1,337,9.54849833150854e-07,True,CONVERGED,float64,cuda:0
forward,2,342,8.876090158874104e-07,True,CONVERGED,float64,cuda:0
adjoint,0,343,9.544559131597415e-07,True,CONVERGED,float64,cuda:0
adjoint,1,345,9.482428037898565e-07,True,CONVERGED,float64,cuda:0
adjoint,2,341,9.231208482382368e-07,True,CONVERGED,float64,cuda:0
forward,0,335,9.463479265390502e-07,True,CONVERGED,float64,cuda:0
forward,1,337,9.574912348419219e-07,True,CONVERGED,float64,cuda:0
forward,2,341,9.942283190818516e-07,True,CONVERGED,float64,cuda:0
adjoint,0,343,9.694645789304083e-07,True,CONVERGED,float64,cuda:0
adjoint,1,345,9.449104344616547e-07,True,CONVERGED,float64,cuda:0
adjoint,2,341,9.218793299063983e-07,True,CONVERGED,float64,cuda:0
forward,0,335,9.37989824809499e-07,True,CONVERGED,float64,cuda:0
forward,1,337,9.438284286082299e-07,True,CONVERGED,float64,cuda:0
forward,2,341,9.904705931769e-07,True,CONVERGED,float64,cuda:0
adjoint,0,343,9.641990771541362e-07,True,CONVERGED,float64,cuda:0
adjoint,1,345,9.378075204377018e-07,True,CONVERGED,float64,cuda:0
adjoint,2,341,9.214073267388571e-07,True,CONVERGED,float64,cuda:0
forward,0,335,9.292140798657469e-07,True,CONVERGED,float64,cuda:0
forward,1,336,9.939758815438943e-07,True,CONVERGED,float64,cuda:0
forward,2,341,9.956297834421334e-07,True,CONVERGED,float64,cuda:0
adjoint,0,343,9.602804485692686e-07,True,CONVERGED,float64,cuda:0
adjoint,1,345,9.42173537964669e-07,True,CONVERGED,float64,cuda:0
adjoint,2,341,9.249481497864087e-07,True,CONVERGED,float64,cuda:0
forward,0,335,9.232484171795251e-07,True,CONVERGED,float64,cuda:0
forward,1,336,9.850377177267547e-07,True,CONVERGED,float64,cuda:0
forward,2,342,8.916180676232779e-07,True,CONVERGED,float64,cuda:0
adjoint,0,343,9.520964164658002e-07,True,CONVERGED,float64,cuda:0
adjoint,1,345,9.53942566992575e-07,True,CONVERGED,float64,cuda:0
adjoint,2,341,9.306664273556405e-07,True,CONVERGED,float64,cuda:0
forward,0,335,9.23167417463731e-07,True,CONVERGED,float64,cuda:0
forward,1,336,9.82046703042496e-07,True,CONVERGED,float64,cuda:0
forward,2,342,8.986626733371865e-07,True,CONVERGED,float64,cuda:0
adjoint,0,343,9.640412253961932e-07,True,CONVERGED,float64,cuda:0
adjoint,1,345,9.632512290783672e-07,True,CONVERGED,float64,cuda:0
adjoint,2,341,9.58183689293609e-07,True,CONVERGED,float64,cuda:0
forward,0,335,9.260981680769037e-07,True,CONVERGED,float64,cuda:0
forward,1,336,9.805189766380788e-07,True,CONVERGED,float64,cuda:0
forward,2,342,8.983879500738483e-07,True,CONVERGED,float64,cuda:0
adjoint,0,343,9.644698153303572e-07,True,CONVERGED,float64,cuda:0
adjoint,1,345,9.634830915198264e-07,True,CONVERGED,float64,cuda:0
adjoint,2,341,9.537876927670261e-07,True,CONVERGED,float64,cuda:0
forward,0,335,9.264850501232474e-07,True,CONVERGED,float64,cuda:0
forward,1,336,9.796455537258815e-07,True,CONVERGED,float64,cuda:0
forward,2,341,9.983238663260901e-07,True,CONVERGED,float64,cuda:0
adjoint,0,343,9.660835688691452e-07,True,CONVERGED,float64,cuda:0
adjoint,1,345,9.501593248630407e-07,True,CONVERGED,float64,cuda:0
adjoint,2,341,9.489006329255605e-07,True,CONVERGED,float64,cuda:0
forward,0,335,9.404471505454485e-07,True,CONVERGED,float64,cuda:0
forward,1,336,9.867867150523623e-07,True,CONVERGED,float64,cuda:0
forward,2,341,9.905419565570625e-07,True,CONVERGED,float64,cuda:0
adjoint,0,343,9.536416427109216e-07,True,CONVERGED,float64,cuda:0
adjoint,1,345,9.447619310116269e-07,True,CONVERGED,float64,cuda:0
adjoint,2,341,9.515769471667165e-07,True,CONVERGED,float64,cuda:0
forward,0,335,9.584537841120748e-07,True,CONVERGED,float64,cuda:0
forward,1,337,9.330054489090233e-07,True,CONVERGED,float64,cuda:0
forward,2,341,9.848717663719414e-07,True,CONVERGED,float64,cuda:0
adjoint,0,343,9.70764050553857e-07,True,CONVERGED,float64,cuda:0
adjoint,1,345,9.463985702174704e-07,True,CONVERGED,float64,cuda:0
adjoint,2,341,9.357696090386317e-07,True,CONVERGED,float64,cuda:0
forward,0,335,9.647970752905284e-07,True,CONVERGED,float64,cuda:0
forward,1,337,9.369977926832149e-07,True,CONVERGED,float64,cuda:0
forward,2,341,9.828288917074688e-07,True,CONVERGED,float64,cuda:0
adjoint,0,343,9.732657111784333e-07,True,CONVERGED,float64,cuda:0
adjoint,1,345,9.46508627562129e-07,True,CONVERGED,float64,cuda:0
adjoint,2,341,9.30453870286252e-07,True,CONVERGED,float64,cuda:0
forward,0,335,9.59666383980483e-07,True,CONVERGED,float64,cuda:0
forward,1,337,9.327562967468872e-07,True,CONVERGED,float64,cuda:0
forward,2,341,9.808498275784532e-07,True,CONVERGED,float64,cuda:0
adjoint,0,343,9.689756071272969e-07,True,CONVERGED,float64,cuda:0
adjoint,1,345,9.43638487618363e-07,True,CONVERGED,float64,cuda:0
adjoint,2,341,9.511100865559774e-07,True,CONVERGED,float64,cuda:0
forward,0,335,9.506358874460854e-07,True,CONVERGED,float64,cuda:0
forward,1,336,9.899297761171947e-07,True,CONVERGED,float64,cuda:0
forward,2,341,9.831316342201334e-07,True,CONVERGED,float64,cuda:0
adjoint,0,343,9.69312795398631e-07,True,CONVERGED,float64,cuda:0
adjoint,1,345,9.460615986505207e-07,True,CONVERGED,float64,cuda:0
adjoint,2,341,9.4936048365175e-07,True,CONVERGED,float64,cuda:0
forward,0,335,9.399133574115126e-07,True,CONVERGED,float64,cuda:0
forward,1,336,9.807997670422291e-07,True,CONVERGED,float64,cuda:0
forward,2,341,9.865012866207993e-07,True,CONVERGED,float64,cuda:0
adjoint,0,343,9.651070867454675e-07,True,CONVERGED,float64,cuda:0
adjoint,1,345,9.475608004549472e-07,True,CONVERGED,float64,cuda:0
adjoint,2,341,9.345438760803557e-07,True,CONVERGED,float64,cuda:0
forward,0,335,9.395018323199148e-07,True,CONVERGED,float64,cuda:0
forward,1,336,9.79179378688961e-07,True,CONVERGED,float64,cuda:0
forward,2,341,9.83080579620308e-07,True,CONVERGED,float64,cuda:0
adjoint,0,343,9.669314034631564e-07,True,CONVERGED,float64,cuda:0
adjoint,1,345,9.457841594257437e-07,True,CONVERGED,float64,cuda:0
adjoint,2,341,9.313815544721508e-07,True,CONVERGED,float64,cuda:0
forward,0,335,9.48955896373856e-07,True,CONVERGED,float64,cuda:0
forward,1,336,9.840258310107732e-07,True,CONVERGED,float64,cuda:0
forward,2,341,9.792838957903205e-07,True,CONVERGED,float64,cuda:0
adjoint,0,343,9.748561814031734e-07,True,CONVERGED,float64,cuda:0
adjoint,1,345,9.434955768929111e-07,True,CONVERGED,float64,cuda:0
adjoint,2,341,9.37492672643176e-07,True,CONVERGED,float64,cuda:0
forward,0,335,9.59113267794605e-07,True,CONVERGED,float64,cuda:0
forward,1,336,9.866301554365472e-07,True,CONVERGED,float64,cuda:0
forward,2,341,9.812014077000163e-07,True,CONVERGED,float64,cuda:0
adjoint,0,343,9.827892410278955e-07,True,CONVERGED,float64,cuda:0
adjoint,1,345,9.483504189798221e-07,True,CONVERGED,float64,cuda:0
adjoint,2,341,9.414220905777415e-07,True,CONVERGED,float64,cuda:0
forward,0,335,9.58884435695535e-07,True,CONVERGED,float64,cuda:0
forward,1,336,9.829940371309162e-07,True,CONVERGED,float64,cuda:0
forward,2,341,9.815526403619414e-07,True,CONVERGED,float64,cuda:0
adjoint,0,343,9.846782987716548e-07,True,CONVERGED,float64,cuda:0
adjoint,1,345,9.510004659317557e-07,True,CONVERGED,float64,cuda:0
adjoint,2,341,9.380988707083038e-07,True,CONVERGED,float64,cuda:0
forward,0,335,9.386107556425975e-07,True,CONVERGED,float64,cuda:0
forward,1,336,9.720950916881193e-07,True,CONVERGED,float64,cuda:0
forward,2,341,9.774395822752895e-07,True,CONVERGED,float64,cuda:0
adjoint,0,343,9.70257705902147e-07,True,CONVERGED,float64,cuda:0
adjoint,1,345,9.450153208962509e-07,True,CONVERGED,float64,cuda:0
adjoint,2,341,9.235402854416779e-07,True,CONVERGED,float64,cuda:0
forward,0,335,9.238728810134034e-07,True,CONVERGED,float64,cuda:0
forward,1,336,9.665114773027071e-07,True,CONVERGED,float64,cuda:0
forward,2,341,9.766561547238804e-07,True,CONVERGED,float64,cuda:0
adjoint,0,343,9.554524141492726e-07,True,CONVERGED,float64,cuda:0
adjoint,1,345,9.418243088737212e-07,True,CONVERGED,float64,cuda:0
adjoint,2,341,9.136389026958295e-07,True,CONVERGED,float64,cuda:0
forward,0,335,9.373915113567607e-07,True,CONVERGED,float64,cuda:0
forward,1,336,9.706212356225594e-07,True,CONVERGED,float64,cuda:0
forward,2,341,9.726230082722635e-07,True,CONVERGED,float64,cuda:0
adjoint,0,343,9.674174155818233e-07,True,CONVERGED,float64,cuda:0
adjoint,1,345,9.421345045656492e-07,True,CONVERGED,float64,cuda:0
adjoint,2,341,9.197692274569254e-07,True,CONVERGED,float64,cuda:0
forward,0,335,9.56415671793183e-07,True,CONVERGED,float64,cuda:0
forward,1,336,9.77694376652946e-07,True,CONVERGED,float64,cuda:0
forward,2,341,9.722956814296336e-07,True,CONVERGED,float64,cuda:0
adjoint,0,343,9.758720007081739e-07,True,CONVERGED,float64,cuda:0
adjoint,1,345,9.457878041834492e-07,True,CONVERGED,float64,cuda:0
adjoint,2,341,9.281680396485913e-07,True,CONVERGED,float64,cuda:0
forward,0,335,9.599125499639495e-07,True,CONVERGED,float64,cuda:0
forward,1,336,9.795725802118137e-07,True,CONVERGED,float64,cuda:0
forward,2,341,9.711959664998406e-07,True,CONVERGED,float64,cuda:0
adjoint,0,343,9.746120882293926e-07,True,CONVERGED,float64,cuda:0
adjoint,1,345,9.458220787713975e-07,True,CONVERGED,float64,cuda:0
adjoint,2,341,9.282411875053429e-07,True,CONVERGED,float64,cuda:0
forward,0,335,9.438415319050792e-07,True,CONVERGED,float64,cuda:0
forward,1,336,9.720360821897659e-07,True,CONVERGED,float64,cuda:0
forward,2,341,9.672434034765069e-07,True,CONVERGED,float64,cuda:0
adjoint,0,343,9.67150292974292e-07,True,CONVERGED,float64,cuda:0
adjoint,1,345,9.407119271546144e-07,True,CONVERGED,float64,cuda:0
adjoint,2,341,9.180153264176315e-07,True,CONVERGED,float64,cuda:0
forward,0,335,9.335375169375099e-07,True,CONVERGED,float64,cuda:0
forward,1,336,9.698052014182015e-07,True,CONVERGED,float64,cuda:0
forward,2,341,9.686773933416014e-07,True,CONVERGED,float64,cuda:0
adjoint,0,343,9.614591287685985e-07,True,CONVERGED,float64,cuda:0
adjoint,1,345,9.424087699043305e-07,True,CONVERGED,float64,cuda:0
adjoint,2,341,9.132793230679037e-07,True,CONVERGED,float64,cuda:0
forward,0,335,9.423286604799817e-07,True,CONVERGED,float64,cuda:0
forward,1,336,9.718356861733923e-07,True,CONVERGED,float64,cuda:0
forward,2,341,9.71751226394682e-07,True,CONVERGED,float64,cuda:0
adjoint,0,343,9.694206987570396e-07,True,CONVERGED,float64,cuda:0
adjoint,1,345,9.488005920827353e-07,True,CONVERGED,float64,cuda:0
adjoint,2,341,9.180636757337288e-07,True,CONVERGED,float64,cuda:0
forward,0,335,9.460902004059777e-07,True,CONVERGED,float64,cuda:0
forward,1,336,9.682222391610735e-07,True,CONVERGED,float64,cuda:0
forward,2,341,9.691857413728474e-07,True,CONVERGED,float64,cuda:0
adjoint,0,343,9.713340472844441e-07,True,CONVERGED,float64,cuda:0
adjoint,1,345,9.460795036258007e-07,True,CONVERGED,float64,cuda:0
adjoint,2,341,9.186256766843531e-07,True,CONVERGED,float64,cuda:0
forward,0,335,9.481193938977407e-07,True,CONVERGED,float64,cuda:0
forward,1,336,9.65485113983794e-07,True,CONVERGED,float64,cuda:0
forward,2,341,9.680850803471412e-07,True,CONVERGED,float64,cuda:0
adjoint,0,343,9.72213881030696e-07,True,CONVERGED,float64,cuda:0
adjoint,1,345,9.43683785977218e-07,True,CONVERGED,float64,cuda:0
adjoint,2,341,9.178368411657369e-07,True,CONVERGED,float64,cuda:0
forward,0,335,9.522785029201076e-07,True,CONVERGED,float64,cuda:0
forward,1,336,9.659919721011694e-07,True,CONVERGED,float64,cuda:0
forward,2,341,9.702465115232905e-07,True,CONVERGED,float64,cuda:0
adjoint,0,343,9.758029025456247e-07,True,CONVERGED,float64,cuda:0
adjoint,1,345,9.476158417676959e-07,True,CONVERGED,float64,cuda:0
adjoint,2,341,9.199962888976358e-07,True,CONVERGED,float64,cuda:0
forward,0,335,9.415379366651849e-07,True,CONVERGED,float64,cuda:0
forward,1,336,9.620128593797456e-07,True,CONVERGED,float64,cuda:0
forward,2,341,9.694365075091091e-07,True,CONVERGED,float64,cuda:0
adjoint,0,343,9.71089947125096e-07,True,CONVERGED,float64,cuda:0
adjoint,1,345,9.483157460015486e-07,True,CONVERGED,float64,cuda:0
adjoint,2,341,9.162247159388446e-07,True,CONVERGED,float64,cuda:0
forward,0,335,9.375155164917956e-07,True,CONVERGED,float64,cuda:0
forward,1,336,9.633477142663866e-07,True,CONVERGED,float64,cuda:0
forward,2,341,9.707282283018455e-07,True,CONVERGED,float64,cuda:0
adjoint,0,343,9.691363683306859e-07,True,CONVERGED,float64,cuda:0
adjoint,1,345,9.515937270127823e-07,True,CONVERGED,float64,cuda:0
adjoint,2,341,9.164295131752409e-07,True,CONVERGED,float64,cuda:0
forward,0,335,9.355095239708384e-07,True,CONVERGED,float64,cuda:0
forward,1,336,9.63279601889545e-07,True,CONVERGED,float64,cuda:0
forward,2,341,9.693458559586037e-07,True,CONVERGED,float64,cuda:0
adjoint,0,343,9.66940484208285e-07,True,CONVERGED,float64,cuda:0
adjoint,1,345,9.508863520179525e-07,True,CONVERGED,float64,cuda:0
adjoint,2,341,9.147594043950753e-07,True,CONVERGED,float64,cuda:0
forward,0,335,9.448413433018456e-07,True,CONVERGED,float64,cuda:0
forward,1,336,9.635669222428446e-07,True,CONVERGED,float64,cuda:0
forward,2,341,9.678744673537162e-07,True,CONVERGED,float64,cuda:0
adjoint,0,343,9.704827923618623e-07,True,CONVERGED,float64,cuda:0
adjoint,1,345,9.497973471425985e-07,True,CONVERGED,float64,cuda:0
adjoint,2,341,9.161367922172188e-07,True,CONVERGED,float64,cuda:0
forward,0,335,9.577683145718972e-07,True,CONVERGED,float64,cuda:0
forward,1,336,9.65879201320807e-07,True,CONVERGED,float64,cuda:0
forward,2,341,9.679105515086536e-07,True,CONVERGED,float64,cuda:0
adjoint,0,343,9.76292779758801e-07,True,CONVERGED,float64,cuda:0
adjoint,1,345,9.499567173967537e-07,True,CONVERGED,float64,cuda:0
adjoint,2,341,9.196404132974656e-07,True,CONVERGED,float64,cuda:0
forward,0,335,9.534212343058805e-07,True,CONVERGED,float64,cuda:0
forward,1,336,9.635139822069762e-07,True,CONVERGED,float64,cuda:0
forward,2,341,9.651449755596896e-07,True,CONVERGED,float64,cuda:0
adjoint,0,343,9.723255024821053e-07,True,CONVERGED,float64,cuda:0
adjoint,1,345,9.466033606352141e-07,True,CONVERGED,float64,cuda:0
adjoint,2,341,9.170474640780672e-07,True,CONVERGED,float64,cuda:0
forward,0,335,9.464364716756933e-07,True,CONVERGED,float64,cuda:0
forward,1,336,9.627320592508751e-07,True,CONVERGED,float64,cuda:0
forward,2,341,9.638400900071834e-07,True,CONVERGED,float64,cuda:0
adjoint,0,343,9.68885547803376e-07,True,CONVERGED,float64,cuda:0
adjoint,1,345,9.467694407009043e-07,True,CONVERGED,float64,cuda:0
adjoint,2,341,9.151447125306696e-07,True,CONVERGED,float64,cuda:0
forward,0,335,9.372314215586268e-07,True,CONVERGED,float64,cuda:0
forward,1,336,9.637703337689815e-07,True,CONVERGED,float64,cuda:0
forward,2,341,9.634156549413426e-07,True,CONVERGED,float64,cuda:0
adjoint,0,343,9.65779600087515e-07,True,CONVERGED,float64,cuda:0
adjoint,1,345,9.477421006885109e-07,True,CONVERGED,float64,cuda:0
adjoint,2,341,9.142345294088307e-07,True,CONVERGED,float64,cuda:0
forward,0,335,9.348103950477852e-07,True,CONVERGED,float64,cuda:0
forward,1,336,9.66047558662563e-07,True,CONVERGED,float64,cuda:0
forward,2,341,9.64924356793387e-07,True,CONVERGED,float64,cuda:0
adjoint,0,343,9.689292840903067e-07,True,CONVERGED,float64,cuda:0
adjoint,1,345,9.50653856969845e-07,True,CONVERGED,float64,cuda:0
adjoint,2,341,9.163012695082101e-07,True,CONVERGED,float64,cuda:0
forward,0,335,9.359589025703321e-07,True,CONVERGED,float64,cuda:0
forward,1,336,9.61433646480939e-07,True,CONVERGED,float64,cuda:0
forward,2,341,9.604201542089626e-07,True,CONVERGED,float64,cuda:0
adjoint,0,343,9.64004453431861e-07,True,CONVERGED,float64,cuda:0
adjoint,1,345,9.447390433178915e-07,True,CONVERGED,float64,cuda:0
adjoint,2,341,9.121908445324895e-07,True,CONVERGED,float64,cuda:0
forward,0,335,9.438288618138044e-07,True,CONVERGED,float64,cuda:0
forward,1,336,9.622925059723814e-07,True,CONVERGED,float64,cuda:0
forward,2,341,9.608065520928043e-07,True,CONVERGED,float64,cuda:0
adjoint,0,343,9.674394188157259e-07,True,CONVERGED,float64,cuda:0
adjoint,1,345,9.449021347463465e-07,True,CONVERGED,float64,cuda:0
adjoint,2,341,9.141496553820362e-07,True,CONVERGED,float64,cuda:0
forward,0,335,9.452857107844804e-07,True,CONVERGED,float64,cuda:0
forward,1,336,9.648068704340322e-07,True,CONVERGED,float64,cuda:0
forward,2,341,9.626339201115357e-07,True,CONVERGED,float64,cuda:0
adjoint,0,343,9.713980089900628e-07,True,CONVERGED,float64,cuda:0
adjoint,1,345,9.473264620343805e-07,True,CONVERGED,float64,cuda:0
adjoint,2,341,9.178833804658296e-07,True,CONVERGED,float64,cuda:0
forward,0,335,9.381229860294157e-07,True,CONVERGED,float64,cuda:0
forward,1,336,9.629124330184444e-07,True,CONVERGED,float64,cuda:0
forward,2,341,9.608788523832404e-07,True,CONVERGED,float64,cuda:0
adjoint,0,343,9.680785872153791e-07,True,CONVERGED,float64,cuda:0
adjoint,1,345,9.459334349807347e-07,True,CONVERGED,float64,cuda:0
adjoint,2,341,9.153465745862386e-07,True,CONVERGED,float64,cuda:0
forward,0,335,9.250538757679622e-07,True,CONVERGED,float64,cuda:0
forward,1,336,9.619795506638206e-07,True,CONVERGED,float64,cuda:0
forward,2,341,9.607442442188123e-07,True,CONVERGED,float64,cuda:0
adjoint,0,343,9.66862852558735e-07,True,CONVERGED,float64,cuda:0
adjoint,1,345,9.468535783303952e-07,True,CONVERGED,float64,cuda:0
adjoint,2,341,9.138459226888461e-07,True,CONVERGED,float64,cuda:0
forward,0,335,9.157806680946617e-07,True,CONVERGED,float64,cuda:0
forward,1,336,9.600289745672973e-07,True,CONVERGED,float64,cuda:0
forward,2,341,9.597639796013659e-07,True,CONVERGED,float64,cuda:0
adjoint,0,343,9.645337682116483e-07,True,CONVERGED,float64,cuda:0
adjoint,1,345,9.458555216580571e-07,True,CONVERGED,float64,cuda:0
adjoint,2,341,9.116350425916411e-07,True,CONVERGED,float64,cuda:0
forward,0,335,9.161276112585707e-07,True,CONVERGED,float64,cuda:0
forward,1,336,9.612281010906179e-07,True,CONVERGED,float64,cuda:0
forward,2,341,9.605151085145826e-07,True,CONVERGED,float64,cuda:0
adjoint,0,343,9.665689636559238e-07,True,CONVERGED,float64,cuda:0
adjoint,1,345,9.466838096224324e-07,True,CONVERGED,float64,cuda:0
adjoint,2,341,9.141195517485164e-07,True,CONVERGED,float64,cuda:0
forward,0,335,9.194478514015153e-07,True,CONVERGED,float64,cuda:0
forward,1,336,9.61011529729666e-07,True,CONVERGED,float64,cuda:0
forward,2,341,9.605223453500698e-07,True,CONVERGED,float64,cuda:0
adjoint,0,343,9.681820641747247e-07,True,CONVERGED,float64,cuda:0
adjoint,1,345,9.455864890835052e-07,True,CONVERGED,float64,cuda:0
adjoint,2,341,9.145472385522712e-07,True,CONVERGED,float64,cuda:0
forward,0,335,9.286607502887658e-07,True,CONVERGED,float64,cuda:0
forward,1,336,9.608561677931063e-07,True,CONVERGED,float64,cuda:0
forward,2,341,9.60380605074825e-07,True,CONVERGED,float64,cuda:0
adjoint,0,343,9.686797550974857e-07,True,CONVERGED,float64,cuda:0
adjoint,1,345,9.437719972401753e-07,True,CONVERGED,float64,cuda:0
adjoint,2,341,9.147364677534513e-07,True,CONVERGED,float64,cuda:0
forward,0,335,9.329052403131893e-07,True,CONVERGED,float64,cuda:0
forward,1,336,9.594278000350808e-07,True,CONVERGED,float64,cuda:0
forward,2,341,9.600872495630412e-07,True,CONVERGED,float64,cuda:0
adjoint,0,343,9.69527246784646e-07,True,CONVERGED,float64,cuda:0
adjoint,1,345,9.412175607278022e-07,True,CONVERGED,float64,cuda:0
adjoint,2,341,9.148952034209659e-07,True,CONVERGED,float64,cuda:0
forward,0,335,9.372426763295599e-07,True,CONVERGED,float64,cuda:0
forward,1,336,9.593464655164762e-07,True,CONVERGED,float64,cuda:0
forward,2,341,9.618082358355683e-07,True,CONVERGED,float64,cuda:0
adjoint,0,343,9.72889773777521e-07,True,CONVERGED,float64,cuda:0
adjoint,1,345,9.402340196337223e-07,True,CONVERGED,float64,cuda:0
adjoint,2,341,9.167330997278116e-07,True,CONVERGED,float64,cuda:0
forward,0,335,9.454136866790283e-07,True,CONVERGED,float64,cuda:0
forward,1,336,9.601072248202894e-07,True,CONVERGED,float64,cuda:0
forward,2,341,9.656538152775337e-07,True,CONVERGED,float64,cuda:0
adjoint,0,343,9.802674927550646e-07,True,CONVERGED,float64,cuda:0
adjoint,1,345,9.389099800469003e-07,True,CONVERGED,float64,cuda:0
adjoint,2,341,9.223696068831527e-07,True,CONVERGED,float64,cuda:0
forward,0,335,9.477843260279338e-07,True,CONVERGED,float64,cuda:0
forward,1,336,9.638697786050835e-07,True,CONVERGED,float64,cuda:0
forward,2,341,9.702984465964964e-07,True,CONVERGED,float64,cuda:0
adjoint,0,343,9.880006970217992e-07,True,CONVERGED,float64,cuda:0
adjoint,1,345,9.412000041381701e-07,True,CONVERGED,float64,cuda:0
adjoint,2,341,9.300748466903362e-07,True,CONVERGED,float64,cuda:0
forward,0,335,9.336415488020164e-07,True,CONVERGED,float64,cuda:0
forward,1,336,9.591453720905145e-07,True,CONVERGED,float64,cuda:0
forward,2,341,9.709202427943715e-07,True,CONVERGED,float64,cuda:0
adjoint,0,343,9.86448696648178e-07,True,CONVERGED,float64,cuda:0
adjoint,1,345,9.39909295948891e-07,True,CONVERGED,float64,cuda:0
adjoint,2,341,9.263993635148347e-07,True,CONVERGED,float64,cuda:0
forward,0,335,9.090299499572802e-07,True,CONVERGED,float64,cuda:0
forward,1,336,9.54903745358319e-07,True,CONVERGED,float64,cuda:0
forward,2,341,9.714814881736573e-07,True,CONVERGED,float64,cuda:0
adjoint,0,343,9.835553050902388e-07,True,CONVERGED,float64,cuda:0
adjoint,1,345,9.421494273205552e-07,True,CONVERGED,float64,cuda:0
adjoint,2,341,9.218856094193969e-07,True,CONVERGED,float64,cuda:0
forward,0,335,9.023319896415796e-07,True,CONVERGED,float64,cuda:0
forward,1,336,9.538715295301597e-07,True,CONVERGED,float64,cuda:0
forward,2,341,9.721878637400738e-07,True,CONVERGED,float64,cuda:0
adjoint,0,343,9.807700593845865e-07,True,CONVERGED,float64,cuda:0
adjoint,1,345,9.440082760693811e-07,True,CONVERGED,float64,cuda:0
adjoint,2,341,9.199642578621452e-07,True,CONVERGED,float64,cuda:0
forward,0,335,9.028876402085126e-07,True,CONVERGED,float64,cuda:0
forward,1,336,9.523870730907946e-07,True,CONVERGED,float64,cuda:0
forward,2,341,9.724244978559018e-07,True,CONVERGED,float64,cuda:0
adjoint,0,343,9.825492542192097e-07,True,CONVERGED,float64,cuda:0
adjoint,1,345,9.411000493188098e-07,True,CONVERGED,float64,cuda:0
adjoint,2,341,9.206096314141961e-07,True,CONVERGED,float64,cuda:0
forward,0,335,9.065761068622744e-07,True,CONVERGED,float64,cuda:0
forward,1,336,9.564317628404006e-07,True,CONVERGED,float64,cuda:0
forward,2,341,9.734910404451427e-07,True,CONVERGED,float64,cuda:0
adjoint,0,343,9.879123570483875e-07,True,CONVERGED,float64,cuda:0
adjoint,1,345,9.415480454406591e-07,True,CONVERGED,float64,cuda:0
adjoint,2,341,9.261842990979067e-07,True,CONVERGED,float64,cuda:0
forward,0,335,9.115834418833372e-07,True,CONVERGED,float64,cuda:0
forward,1,336,9.585995423151503e-07,True,CONVERGED,float64,cuda:0
forward,2,341,9.726786043638984e-07,True,CONVERGED,float64,cuda:0
adjoint,0,343,9.88002845055847e-07,True,CONVERGED,float64,cuda:0
adjoint,1,345,9.414253511053415e-07,True,CONVERGED,float64,cuda:0
adjoint,2,341,9.278936003257605e-07,True,CONVERGED,float64,cuda:0
forward,0,335,8.995857269793915e-07,True,CONVERGED,float64,cuda:0
forward,1,336,9.52353309100618e-07,True,CONVERGED,float64,cuda:0
forward,2,341,9.670934408538216e-07,True,CONVERGED,float64,cuda:0
adjoint,0,343,9.794538841052022e-07,True,CONVERGED,float64,cuda:0
adjoint,1,345,9.356798916715813e-07,True,CONVERGED,float64,cuda:0
adjoint,2,341,9.187474843809051e-07,True,CONVERGED,float64,cuda:0
forward,0,335,8.952453710901291e-07,True,CONVERGED,float64,cuda:0
forward,1,336,9.515620059684456e-07,True,CONVERGED,float64,cuda:0
forward,2,341,9.628584304645505e-07,True,CONVERGED,float64,cuda:0
adjoint,0,343,9.741220588460183e-07,True,CONVERGED,float64,cuda:0
adjoint,1,345,9.342110230314658e-07,True,CONVERGED,float64,cuda:0
adjoint,2,341,9.140646826696098e-07,True,CONVERGED,float64,cuda:0
forward,0,335,8.987375767273484e-07,True,CONVERGED,float64,cuda:0
forward,1,336,9.534690725436928e-07,True,CONVERGED,float64,cuda:0
forward,2,341,9.61598005323182e-07,True,CONVERGED,float64,cuda:0
adjoint,0,343,9.741973050862127e-07,True,CONVERGED,float64,cuda:0
adjoint,1,345,9.338588433947913e-07,True,CONVERGED,float64,cuda:0
adjoint,2,341,9.152896057935772e-07,True,CONVERGED,float64,cuda:0
forward,0,335,9.029656679161883e-07,True,CONVERGED,float64,cuda:0
forward,1,336,9.540394043860316e-07,True,CONVERGED,float64,cuda:0
forward,2,341,9.605305909770239e-07,True,CONVERGED,float64,cuda:0
adjoint,0,343,9.739889425673893e-07,True,CONVERGED,float64,cuda:0
adjoint,1,345,9.309736541397515e-07,True,CONVERGED,float64,cuda:0
adjoint,2,341,9.181037437631879e-07,True,CONVERGED,float64,cuda:0
forward,0,335,8.999982347539919e-07,True,CONVERGED,float64,cuda:0
forward,1,336,9.520925580218021e-07,True,CONVERGED,float64,cuda:0
forward,2,341,9.590008724789347e-07,True,CONVERGED,float64,cuda:0
adjoint,0,343,9.741758000553267e-07,True,CONVERGED,float64,cuda:0
adjoint,1,345,9.285462145379176e-07,True,CONVERGED,float64,cuda:0
adjoint,2,341,9.18443642435287e-07,True,CONVERGED,float64,cuda:0
forward,0,335,9.116114272896088e-07,True,CONVERGED,float64,cuda:0
forward,1,336,9.523335525349154e-07,True,CONVERGED,float64,cuda:0
forward,2,341,9.592777799290904e-07,True,CONVERGED,float64,cuda:0
adjoint,0,343,9.739762109740843e-07,True,CONVERGED,float64,cuda:0
adjoint,1,345,9.295925211711163e-07,True,CONVERGED,float64,cuda:0
adjoint,2,341,9.18355184106274e-07,True,CONVERGED,float64,cuda:0
forward,0,335,9.05482939138447e-07,True,CONVERGED,float64,cuda:0
forward,1,336,9.51147113359008e-07,True,CONVERGED,float64,cuda:0
forward,2,341,9.590348610635071e-07,True,CONVERGED,float64,cuda:0
adjoint,0,343,9.725134501079885e-07,True,CONVERGED,float64,cuda:0
adjoint,1,345,9.30163025384918e-07,True,CONVERGED,float64,cuda:0
adjoint,2,341,9.153474190878035e-07,True,CONVERGED,float64,cuda:0
forward,0,335,8.981271869590317e-07,True,CONVERGED,float64,cuda:0
forward,1,336,9.472458267161297e-07,True,CONVERGED,float64,cuda:0
forward,2,341,9.586408334906072e-07,True,CONVERGED,float64,cuda:0
adjoint,0,343,9.714675945459292e-07,True,CONVERGED,float64,cuda:0
adjoint,1,345,9.285155472122887e-07,True,CONVERGED,float64,cuda:0
adjoint,2,341,9.132760060989355e-07,True,CONVERGED,float64,cuda:0
forward,0,335,8.998628929426941e-07,True,CONVERGED,float64,cuda:0
forward,1,336,9.469364534158785e-07,True,CONVERGED,float64,cuda:0
forward,2,341,9.61032975140703e-07,True,CONVERGED,float64,cuda:0
adjoint,0,343,9.75276159723109e-07,True,CONVERGED,float64,cuda:0
adjoint,1,345,9.301143093375351e-07,True,CONVERGED,float64,cuda:0
adjoint,2,341,9.17154334478122e-07,True,CONVERGED,float64,cuda:0
forward,0,335,9.057196873499184e-07,True,CONVERGED,float64,cuda:0
forward,1,336,9.464689836180849e-07,True,CONVERGED,float64,cuda:0
forward,2,341,9.624636886671215e-07,True,CONVERGED,float64,cuda:0
adjoint,0,343,9.7768595292998e-07,True,CONVERGED,float64,cuda:0
adjoint,1,345,9.305937679177805e-07,True,CONVERGED,float64,cuda:0
adjoint,2,341,9.200564555219227e-07,True,CONVERGED,float64,cuda:0
forward,0,335,9.072711463109617e-07,True,CONVERGED,float64,cuda:0
forward,1,336,9.472376983848432e-07,True,CONVERGED,float64,cuda:0
forward,2,341,9.640311631757293e-07,True,CONVERGED,float64,cuda:0
adjoint,0,343,9.78332771132368e-07,True,CONVERGED,float64,cuda:0
adjoint,1,345,9.318232452630523e-07,True,CONVERGED,float64,cuda:0
adjoint,2,341,9.223600427993923e-07,True,CONVERGED,float64,cuda:0
forward,0,335,9.043904222092656e-07,True,CONVERGED,float64,cuda:0
forward,1,336,9.447499316472149e-07,True,CONVERGED,float64,cuda:0
forward,2,341,9.641221531150104e-07,True,CONVERGED,float64,cuda:0
adjoint,0,343,9.77011798072118e-07,True,CONVERGED,float64,cuda:0
adjoint,1,345,9.309081820970406e-07,True,CONVERGED,float64,cuda:0
adjoint,2,341,9.199847733286931e-07,True,CONVERGED,float64,cuda:0
forward,0,335,9.084655089326522e-07,True,CONVERGED,float64,cuda:0
forward,1,336,9.460389319036765e-07,True,CONVERGED,float64,cuda:0
forward,2,341,9.654885768499319e-07,True,CONVERGED,float64,cuda:0
adjoint,0,343,9.787411073991052e-07,True,CONVERGED,float64,cuda:0
adjoint,1,345,9.323379560270041e-07,True,CONVERGED,float64,cuda:0
adjoint,2,341,9.21903453211404e-07,True,CONVERGED,float64,cuda:0
forward,0,335,9.088280372320048e-07,True,CONVERGED,float64,cuda:0
forward,1,336,9.454991608739425e-07,True,CONVERGED,float64,cuda:0
forward,2,341,9.652477804083211e-07,True,CONVERGED,float64,cuda:0
adjoint,0,343,9.780127858070889e-07,True,CONVERGED,float64,cuda:0
adjoint,1,345,9.314378804588292e-07,True,CONVERGED,float64,cuda:0
adjoint,2,341,9.212731571851568e-07,True,CONVERGED,float64,cuda:0
forward,0,335,9.148059935707066e-07,True,CONVERGED,float64,cuda:0
forward,1,336,9.480892651142999e-07,True,CONVERGED,float64,cuda:0
forward,2,341,9.669229487445312e-07,True,CONVERGED,float64,cuda:0
adjoint,0,343,9.811930282870694e-07,True,CONVERGED,float64,cuda:0
adjoint,1,345,9.324148152745635e-07,True,CONVERGED,float64,cuda:0
adjoint,2,341,9.256466071140232e-07,True,CONVERGED,float64,cuda:0
forward,0,335,9.137833968151226e-07,True,CONVERGED,float64,cuda:0
forward,1,336,9.470819233198212e-07,True,CONVERGED,float64,cuda:0
forward,2,341,9.644501642325619e-07,True,CONVERGED,float64,cuda:0
adjoint,0,343,9.771398330236071e-07,True,CONVERGED,float64,cuda:0
adjoint,1,345,9.288648670588176e-07,True,CONVERGED,float64,cuda:0
adjoint,2,341,9.248949249016988e-07,True,CONVERGED,float64,cuda:0
forward,0,335,9.195407266974177e-07,True,CONVERGED,float64,cuda:0
forward,1,336,9.506417881172823e-07,True,CONVERGED,float64,cuda:0
forward,2,341,9.684122778519026e-07,True,CONVERGED,float64,cuda:0
adjoint,0,343,9.820542679482438e-07,True,CONVERGED,float64,cuda:0
adjoint,1,345,9.315484505531525e-07,True,CONVERGED,float64,cuda:0
adjoint,2,341,9.297985912900528e-07,True,CONVERGED,float64,cuda:0
forward,0,335,9.225371411872888e-07,True,CONVERGED,float64,cuda:0
forward,1,336,9.531941037899242e-07,True,CONVERGED,float64,cuda:0
forward,2,341,9.726434697970443e-07,True,CONVERGED,float64,cuda:0
adjoint,0,343,9.84879571565719e-07,True,CONVERGED,float64,cuda:0
adjoint,1,345,9.346986801058372e-07,True,CONVERGED,float64,cuda:0
adjoint,2,341,9.332739590088747e-07,True,CONVERGED,float64,cuda:0
forward,0,335,9.123454528633919e-07,True,CONVERGED,float64,cuda:0
forward,1,336,9.461921980697918e-07,True,CONVERGED,float64,cuda:0
forward,2,341,9.667323361090663e-07,True,CONVERGED,float64,cuda:0
adjoint,0,343,9.749450724109224e-07,True,CONVERGED,float64,cuda:0
adjoint,1,345,9.277174443531712e-07,True,CONVERGED,float64,cuda:0
adjoint,2,341,9.214827118561145e-07,True,CONVERGED,float64,cuda:0
forward,0,335,9.185786116588272e-07,True,CONVERGED,float64,cuda:0
forward,1,336,9.5060499468709e-07,True,CONVERGED,float64,cuda:0
forward,2,341,9.721714360564822e-07,True,CONVERGED,float64,cuda:0
adjoint,0,343,9.807969126283265e-07,True,CONVERGED,float64,cuda:0
adjoint,1,345,9.322678674230444e-07,True,CONVERGED,float64,cuda:0
adjoint,2,341,9.281227119383547e-07,True,CONVERGED,float64,cuda:0
forward,0,335,9.250865227395585e-07,True,CONVERGED,float64,cuda:0
forward,1,336,9.560359843209631e-07,True,CONVERGED,float64,cuda:0
forward,2,341,9.78035614982047e-07,True,CONVERGED,float64,cuda:0
adjoint,0,343,9.88393810243786e-07,True,CONVERGED,float64,cuda:0
adjoint,1,345,9.369033170184082e-07,True,CONVERGED,float64,cuda:0
adjoint,2,341,9.353030215770791e-07,True,CONVERGED,float64,cuda:0
forward,0,335,9.181516623400817e-07,True,CONVERGED,float64,cuda:0
forward,1,336,9.500204420021137e-07,True,CONVERGED,float64,cuda:0
forward,2,341,9.709636250825016e-07,True,CONVERGED,float64,cuda:0
adjoint,0,343,9.755373564309723e-07,True,CONVERGED,float64,cuda:0
adjoint,1,345,9.292436846374958e-07,True,CONVERGED,float64,cuda:0
adjoint,2,341,9.257067484098755e-07,True,CONVERGED,float64,cuda:0
forward,0,335,9.229328796524903e-07,True,CONVERGED,float64,cuda:0
forward,1,336,9.54545708003589e-07,True,CONVERGED,float64,cuda:0
forward,2,341,9.754139050040018e-07,True,CONVERGED,float64,cuda:0
adjoint,0,343,9.826734034648558e-07,True,CONVERGED,float64,cuda:0
adjoint,1,345,9.328761319172179e-07,True,CONVERGED,float64,cuda:0
adjoint,2,341,9.3088302887208e-07,True,CONVERGED,float64,cuda:0
forward,0,335,9.223093869798631e-07,True,CONVERGED,float64,cuda:0
forward,1,336,9.556233568810653e-07,True,CONVERGED,float64,cuda:0
forward,2,341,9.774355999718892e-07,True,CONVERGED,float64,cuda:0
adjoint,0,343,9.837581147182847e-07,True,CONVERGED,float64,cuda:0
adjoint,1,345,9.342491126189776e-07,True,CONVERGED,float64,cuda:0
adjoint,2,341,9.304599120113332e-07,True,CONVERGED,float64,cuda:0
forward,0,335,9.20946335635288e-07,True,CONVERGED,float64,cuda:0
forward,1,336,9.561408871496328e-07,True,CONVERGED,float64,cuda:0
forward,2,341,9.77393192935484e-07,True,CONVERGED,float64,cuda:0
adjoint,0,343,9.79186199533716e-07,True,CONVERGED,float64,cuda:0
adjoint,1,345,9.339377455471899e-07,True,CONVERGED,float64,cuda:0
adjoint,2,341,9.287131960817533e-07,True,CONVERGED,float64,cuda:0
forward,0,335,9.223819809225906e-07,True,CONVERGED,float64,cuda:0
forward,1,336,9.573488796041228e-07,True,CONVERGED,float64,cuda:0
forward,2,341,9.796195803790438e-07,True,CONVERGED,float64,cuda:0
adjoint,0,343,9.811076405877282e-07,True,CONVERGED,float64,cuda:0
adjoint,1,345,9.352441787797313e-07,True,CONVERGED,float64,cuda:0
adjoint,2,341,9.305176069102033e-07,True,CONVERGED,float64,cuda:0
forward,0,335,9.184959146818869e-07,True,CONVERGED,float64,cuda:0
forward,1,336,9.547438610631816e-07,True,CONVERGED,float64,cuda:0
forward,2,341,9.775932317023426e-07,True,CONVERGED,float64,cuda:0
adjoint,0,343,9.768120891195958e-07,True,CONVERGED,float64,cuda:0
adjoint,1,345,9.323113163927102e-07,True,CONVERGED,float64,cuda:0
adjoint,2,341,9.256775029716664e-07,True,CONVERGED,float64,cuda:0
forward,0,335,9.201262277449916e-07,True,CONVERGED,float64,cuda:0
forward,1,336,9.570828026228824e-07,True,CONVERGED,float64,cuda:0
forward,2,341,9.791033063206896e-07,True,CONVERGED,float64,cuda:0
adjoint,0,343,9.785461314092918e-07,True,CONVERGED,float64,cuda:0
adjoint,1,345,9.328401202440833e-07,True,CONVERGED,float64,cuda:0
adjoint,2,341,9.271629171619542e-07,True,CONVERGED,float64,cuda:0
forward,0,335,9.20756887308741e-07,True,CONVERGED,float64,cuda:0
forward,1,336,9.576735008319475e-07,True,CONVERGED,float64,cuda:0
forward,2,341,9.783490486384406e-07,True,CONVERGED,float64,cuda:0
adjoint,0,343,9.756071204311362e-07,True,CONVERGED,float64,cuda:0
adjoint,1,345,9.322471430063156e-07,True,CONVERGED,float64,cuda:0
adjoint,2,341,9.277409787885233e-07,True,CONVERGED,float64,cuda:0
forward,0,335,9.170071953396542e-07,True,CONVERGED,float64,cuda:0
forward,1,336,9.556346902825247e-07,True,CONVERGED,float64,cuda:0
forward,2,341,9.751988102772082e-07,True,CONVERGED,float64,cuda:0
adjoint,0,343,9.719965703925238e-07,True,CONVERGED,float64,cuda:0
adjoint,1,345,9.293708245495381e-07,True,CONVERGED,float64,cuda:0
adjoint,2,341,9.236592202402498e-07,True,CONVERGED,float64,cuda:0
forward,0,335,9.192181936853562e-07,True,CONVERGED,float64,cuda:0
forward,1,336,9.599686506027939e-07,True,CONVERGED,float64,cuda:0
forward,2,341,9.789084096120393e-07,True,CONVERGED,float64,cuda:0
adjoint,0,343,9.779027108683586e-07,True,CONVERGED,float64,cuda:0
adjoint,1,345,9.33116943329222e-07,True,CONVERGED,float64,cuda:0
adjoint,2,341,9.274546716247202e-07,True,CONVERGED,float64,cuda:0
forward,0,335,9.107542861734851e-07,True,CONVERGED,float64,cuda:0
forward,1,336,9.520877546872074e-07,True,CONVERGED,float64,cuda:0
forward,2,341,9.692901405870048e-07,True,CONVERGED,float64,cuda:0
adjoint,0,343,9.615842935691446e-07,True,CONVERGED,float64,cuda:0
adjoint,1,345,9.24116868025384e-07,True,CONVERGED,float64,cuda:0
adjoint,2,341,9.161978675116381e-07,True,CONVERGED,float64,cuda:0
forward,0,335,9.171246487744529e-07,True,CONVERGED,float64,cuda:0
forward,1,336,9.59950187198554e-07,True,CONVERGED,float64,cuda:0
forward,2,341,9.765826557147012e-07,True,CONVERGED,float64,cuda:0
adjoint,0,343,9.743728432541296e-07,True,CONVERGED,float64,cuda:0
adjoint,1,345,9.313239214969479e-07,True,CONVERGED,float64,cuda:0
adjoint,2,341,9.254307015844348e-07,True,CONVERGED,float64,cuda:0
forward,0,335,9.152988140720014e-07,True,CONVERGED,float64,cuda:0
forward,1,336,9.586418644815019e-07,True,CONVERGED,float64,cuda:0
forward,2,341,9.733879011462908e-07,True,CONVERGED,float64,cuda:0
adjoint,0,343,9.699851556323803e-07,True,CONVERGED,float64,cuda:0
adjoint,1,345,9.277896889183288e-07,True,CONVERGED,float64,cuda:0
adjoint,2,341,9.22324028745771e-07,True,CONVERGED,float64,cuda:0
forward,0,335,9.121089637387285e-07,True,CONVERGED,float64,cuda:0
forward,1,336,9.550938529571992e-07,True,CONVERGED,float64,cuda:0
forward,2,341,9.694861141477147e-07,True,CONVERGED,float64,cuda:0
adjoint,0,343,9.607195800431788e-07,True,CONVERGED,float64,cuda:0
adjoint,1,345,9.238875540317513e-07,True,CONVERGED,float64,cuda:0
adjoint,2,341,9.172262578955312e-07,True,CONVERGED,float64,cuda:0
forward,0,335,9.136026939167572e-07,True,CONVERGED,float64,cuda:0
forward,1,336,9.584549559959682e-07,True,CONVERGED,float64,cuda:0
forward,2,341,9.738996243464238e-07,True,CONVERGED,float64,cuda:0
adjoint,0,343,9.699027718498745e-07,True,CONVERGED,float64,cuda:0
adjoint,1,345,9.285155584163649e-07,True,CONVERGED,float64,cuda:0
adjoint,2,341,9.209273934664501e-07,True,CONVERGED,float64,cuda:0
forward,0,335,9.094052137676501e-07,True,CONVERGED,float64,cuda:0
forward,1,336,9.551274312510272e-07,True,CONVERGED,float64,cuda:0
forward,2,341,9.700170340669853e-07,True,CONVERGED,float64,cuda:0
adjoint,0,343,9.617278541532273e-07,True,CONVERGED,float64,cuda:0
adjoint,1,345,9.248446784411603e-07,True,CONVERGED,float64,cuda:0
adjoint,2,341,9.151687585486284e-07,True,CONVERGED,float64,cuda:0
forward,0,335,9.084033772626868e-07,True,CONVERGED,float64,cuda:0
forward,1,336,9.540968146716476e-07,True,CONVERGED,float64,cuda:0
forward,2,341,9.689723595172377e-07,True,CONVERGED,float64,cuda:0
adjoint,0,343,9.60964066265832e-07,True,CONVERGED,float64,cuda:0
adjoint,1,345,9.238342220546509e-07,True,CONVERGED,float64,cuda:0
adjoint,2,341,9.131790084733659e-07,True,CONVERGED,float64,cuda:0
forward,0,335,9.120557441839515e-07,True,CONVERGED,float64,cuda:0
forward,1,336,9.57887608165608e-07,True,CONVERGED,float64,cuda:0
forward,2,341,9.725181674210719e-07,True,CONVERGED,float64,cuda:0
adjoint,0,343,9.66980729082862e-07,True,CONVERGED,float64,cuda:0
adjoint,1,345,9.276779993316342e-07,True,CONVERGED,float64,cuda:0
adjoint,2,341,9.179282131898889e-07,True,CONVERGED,float64,cuda:0
forward,0,335,9.063617147711345e-07,True,CONVERGED,float64,cuda:0
forward,1,336,9.512520134293208e-07,True,CONVERGED,float64,cuda:0
forward,2,341,9.652017826554754e-07,True,CONVERGED,float64,cuda:0
adjoint,0,343,9.583873362997336e-07,True,CONVERGED,float64,cuda:0
adjoint,1,345,9.198460698630348e-07,True,CONVERGED,float64,cuda:0
adjoint,2,341,9.088899083947002e-07,True,CONVERGED,float64,cuda:0
forward,0,335,9.076923274576435e-07,True,CONVERGED,float64,cuda:0
forward,1,336,9.567911403659925e-07,True,CONVERGED,float64,cuda:0
forward,2,341,9.700146913778384e-07,True,CONVERGED,float64,cuda:0
adjoint,0,343,9.653335808600973e-07,True,CONVERGED,float64,cuda:0
adjoint,1,345,9.267264414908805e-07,True,CONVERGED,float64,cuda:0
adjoint,2,341,9.140598875345292e-07,True,CONVERGED,float64,cuda:0
forward,0,335,9.055747517508651e-07,True,CONVERGED,float64,cuda:0
forward,1,336,9.535495214656117e-07,True,CONVERGED,float64,cuda:0
forward,2,341,9.653357149369132e-07,True,CONVERGED,float64,cuda:0
adjoint,0,343,9.591042642522994e-07,True,CONVERGED,float64,cuda:0
adjoint,1,345,9.223402118114163e-07,True,CONVERGED,float64,cuda:0
adjoint,2,341,9.097442132850357e-07,True,CONVERGED,float64,cuda:0
forward,0,335,9.078873797865068e-07,True,CONVERGED,float64,cuda:0
forward,1,336,9.580020913642416e-07,True,CONVERGED,float64,cuda:0
forward,2,341,9.686723863102008e-07,True,CONVERGED,float64,cuda:0
adjoint,0,343,9.633915499897551e-07,True,CONVERGED,float64,cuda:0
adjoint,1,345,9.267884539167643e-07,True,CONVERGED,float64,cuda:0
adjoint,2,341,9.14060360337481e-07,True,CONVERGED,float64,cuda:0
forward,0,335,9.057307051468049e-07,True,CONVERGED,float64,cuda:0
forward,1,336,9.558563182767184e-07,True,CONVERGED,float64,cuda:0
forward,2,341,9.666956063894504e-07,True,CONVERGED,float64,cuda:0
adjoint,0,343,9.614509448727482e-07,True,CONVERGED,float64,cuda:0
adjoint,1,345,9.245739715043398e-07,True,CONVERGED,float64,cuda:0
adjoint,2,341,9.110597476694381e-07,True,CONVERGED,float64,cuda:0
forward,0,335,9.06886277320257e-07,True,CONVERGED,float64,cuda:0
forward,1,336,9.559930202322991e-07,True,CONVERGED,float64,cuda:0
forward,2,341,9.68334350531261e-07,True,CONVERGED,float64,cuda:0
adjoint,0,343,9.618945745001959e-07,True,CONVERGED,float64,cuda:0
adjoint,1,345,9.262820841344548e-07,True,CONVERGED,float64,cuda:0
adjoint,2,341,9.118083314964335e-07,True,CONVERGED,float64,cuda:0
forward,0,335,9.074480198579334e-07,True,CONVERGED,float64,cuda:0
forward,1,336,9.578241046648168e-07,True,CONVERGED,float64,cuda:0
forward,2,341,9.730647013350342e-07,True,CONVERGED,float64,cuda:0
adjoint,0,343,9.691186143571927e-07,True,CONVERGED,float64,cuda:0
adjoint,1,345,9.314002468418446e-07,True,CONVERGED,float64,cuda:0
adjoint,2,341,9.150251274348107e-07,True,CONVERGED,float64,cuda:0
forward,0,335,9.039247202680093e-07,True,CONVERGED,float64,cuda:0
forward,1,336,9.477820772204807e-07,True,CONVERGED,float64,cuda:0
forward,2,341,9.626681817974845e-07,True,CONVERGED,float64,cuda:0
adjoint,0,343,9.563911103530397e-07,True,CONVERGED,float64,cuda:0
adjoint,1,345,9.177090820261673e-07,True,CONVERGED,float64,cuda:0
adjoint,2,341,9.025393736198989e-07,True,CONVERGED,float64,cuda:0
forward,0,335,9.055016894765166e-07,True,CONVERGED,float64,cuda:0
forward,1,336,9.562615204525644e-07,True,CONVERGED,float64,cuda:0
forward,2,341,9.689954764574663e-07,True,CONVERGED,float64,cuda:0
adjoint,0,343,9.65284730967468e-07,True,CONVERGED,float64,cuda:0
adjoint,1,345,9.274802918460791e-07,True,CONVERGED,float64,cuda:0
adjoint,2,341,9.111381398997993e-07,True,CONVERGED,float64,cuda:0
forward,0,335,9.070210315150363e-07,True,CONVERGED,float64,cuda:0
forward,1,336,9.592864926017851e-07,True,CONVERGED,float64,cuda:0
forward,2,341,9.739175513879889e-07,True,CONVERGED,float64,cuda:0
adjoint,0,343,9.715205321173313e-07,True,CONVERGED,float64,cuda:0
adjoint,1,345,9.34029258164528e-07,True,CONVERGED,float64,cuda:0
adjoint,2,341,9.16023057504587e-07,True,CONVERGED,float64,cuda:0
forward,0,335,9.021561025873727e-07,True,CONVERGED,float64,cuda:0
forward,1,336,9.442096591036217e-07,True,CONVERGED,float64,cuda:0
forward,2,341,9.583771405459338e-07,True,CONVERGED,float64,cuda:0
adjoint,0,343,9.51667414050195e-07,True,CONVERGED,float64,cuda:0
adjoint,1,345,9.135851761273974e-07,True,CONVERGED,float64,cuda:0
adjoint,2,341,8.981026797630737e-07,True,CONVERGED,float64,cuda:0
forward,0,335,9.051192365764417e-07,True,CONVERGED,float64,cuda:0
forward,1,336,9.542190913655477e-07,True,CONVERGED,float64,cuda:0
forward,2,341,9.62336398984898e-07,True,CONVERGED,float64,cuda:0
adjoint,0,343,9.581760371314745e-07,True,CONVERGED,float64,cuda:0
adjoint,1,345,9.213935455986139e-07,True,CONVERGED,float64,cuda:0
adjoint,2,341,9.079612814758135e-07,True,CONVERGED,float64,cuda:0
forward,0,335,9.29518779771443e-07,True,CONVERGED,float64,cuda:0
forward,1,336,9.729295298147636e-07,True,CONVERGED,float64,cuda:0
forward,2,342,9.472612219630179e-07,True,CONVERGED,float64,cuda:0
adjoint,0,344,9.56624716114703e-07,True,CONVERGED,float64,cuda:0
adjoint,1,345,9.61915828160328e-07,True,CONVERGED,float64,cuda:0
adjoint,2,341,9.414764770355744e-07,True,CONVERGED,float64,cuda:0
forward,0,335,8.818250542757233e-07,True,CONVERGED,float64,cuda:0
forward,1,336,9.236809949704914e-07,True,CONVERGED,float64,cuda:0
forward,2,341,9.449580573119807e-07,True,CONVERGED,float64,cuda:0
adjoint,0,343,9.442523804697692e-07,True,CONVERGED,float64,cuda:0
adjoint,1,344,9.93598012900079e-07,True,CONVERGED,float64,cuda:0
adjoint,2,341,8.707672906172376e-07,True,CONVERGED,float64,cuda:0
forward,0,335,8.740841949761407e-07,True,CONVERGED,float64,cuda:0
forward,1,336,9.254752262971187e-07,True,CONVERGED,float64,cuda:0
forward,2,341,9.47421887136459e-07,True,CONVERGED,float64,cuda:0
adjoint,0,343,9.186415727202325e-07,True,CONVERGED,float64,cuda:0
adjoint,1,344,9.722164967944128e-07,True,CONVERGED,float64,cuda:0
adjoint,2,341,8.826350138330141e-07,True,CONVERGED,float64,cuda:0
forward,0,335,9.129018115608362e-07,True,CONVERGED,float64,cuda:0
forward,1,336,9.476045239854392e-07,True,CONVERGED,float64,cuda:0
forward,2,341,9.569323387487033e-07,True,CONVERGED,float64,cuda:0
adjoint,0,343,9.589595928636856e-07,True,CONVERGED,float64,cuda:0
adjoint,1,345,8.998829439100223e-07,True,CONVERGED,float64,cuda:0
adjoint,2,341,9.426563968817992e-07,True,CONVERGED,float64,cuda:0
forward,0,335,9.457307939324378e-07,True,CONVERGED,float64,cuda:0
forward,1,336,9.986898184515558e-07,True,CONVERGED,float64,cuda:0
forward,2,341,9.852127007471303e-07,True,CONVERGED,float64,cuda:0
adjoint,0,344,9.433526523437363e-07,True,CONVERGED,float64,cuda:0
adjoint,1,345,9.384271103722978e-07,True,CONVERGED,float64,cuda:0
adjoint,2,341,9.905500255121396e-07,True,CONVERGED,float64,cuda:0
forward,0,335,9.109659253898819e-07,True,CONVERGED,float64,cuda:0
forward,1,336,9.574840489812314e-07,True,CONVERGED,float64,cuda:0
forward,2,341,9.64442371563665e-07,True,CONVERGED,float64,cuda:0
adjoint,0,343,9.608375109595514e-07,True,CONVERGED,float64,cuda:0
adjoint,1,345,9.176124747422109e-07,True,CONVERGED,float64,cuda:0
adjoint,2,341,9.207193107538169e-07,True,CONVERGED,float64,cuda:0
forward,0,335,8.722633338582052e-07,True,CONVERGED,float64,cuda:0
forward,1,336,9.516044966262427e-07,True,CONVERGED,float64,cuda:0
forward,2,341,9.546883479546374e-07,True,CONVERGED,float64,cuda:0
adjoint,0,343,9.439137327610767e-07,True,CONVERGED,float64,cuda:0
adjoint,1,345,9.120635305993191e-07,True,CONVERGED,float64,cuda:0
adjoint,2,341,8.77947195292367e-07,True,CONVERGED,float64,cuda:0
forward,0,335,8.886820438318751e-07,True,CONVERGED,float64,cuda:0
forward,1,336,9.750397917427416e-07,True,CONVERGED,float64,cuda:0
forward,2,342,9.447949802307606e-07,True,CONVERGED,float64,cuda:0
adjoint,0,343,9.810785544285882e-07,True,CONVERGED,float64,cuda:0
adjoint,1,345,9.449619088845943e-07,True,CONVERGED,float64,cuda:0
adjoint,2,341,9.0231482975109e-07,True,CONVERGED,float64,cuda:0
forward,0,335,8.81655329185968e-07,True,CONVERGED,float64,cuda:0
forward,1,336,9.566100925786695e-07,True,CONVERGED,float64,cuda:0
forward,2,341,9.61531206586893e-07,True,CONVERGED,float64,cuda:0
adjoint,0,343,9.525806386420739e-07,True,CONVERGED,float64,cuda:0
adjoint,1,345,9.213778458999225e-07,True,CONVERGED,float64,cuda:0
adjoint,2,341,8.910824016149142e-07,True,CONVERGED,float64,cuda:0
forward,0,335,9.249677738704651e-07,True,CONVERGED,float64,cuda:0
forward,1,336,9.73250903430395e-07,True,CONVERGED,float64,cuda:0
forward,2,341,9.765398305052208e-07,True,CONVERGED,float64,cuda:0
adjoint,0,343,9.822065258662743e-07,True,CONVERGED,float64,cuda:0
adjoint,1,345,9.285757486971372e-07,True,CONVERGED,float64,cuda:0
adjoint,2,341,9.450560686401829e-07,True,CONVERGED,float64,cuda:0
forward,0,335,9.411078640447383e-07,True,CONVERGED,float64,cuda:0
forward,1,336,9.949141041296934e-07,True,CONVERGED,float64,cuda:0
forward,2,341,9.893288425585386e-07,True,CONVERGED,float64,cuda:0
adjoint,0,344,9.390572656678626e-07,True,CONVERGED,float64,cuda:0
adjoint,1,345,9.390336662667522e-07,True,CONVERGED,float64,cuda:0
adjoint,2,341,9.946983083169603e-07,True,CONVERGED,float64,cuda:0
forward,0,335,9.184916281019e-07,True,CONVERGED,float64,cuda:0
forward,1,336,9.546199546505064e-07,True,CONVERGED,float64,cuda:0
forward,2,341,9.819845907916064e-07,True,CONVERGED,float64,cuda:0
adjoint,0,343,9.760493481204544e-07,True,CONVERGED,float64,cuda:0
adjoint,1,345,9.11545493049461e-07,True,CONVERGED,float64,cuda:0
adjoint,2,341,9.673651940100437e-07,True,CONVERGED,float64,cuda:0
forward,0,335,9.190303864194821e-07,True,CONVERGED,float64,cuda:0
forward,1,336,9.476253653566292e-07,True,CONVERGED,float64,cuda:0
forward,2,341,9.925025408766945e-07,True,CONVERGED,float64,cuda:0
adjoint,0,343,9.701542249452386e-07,True,CONVERGED,float64,cuda:0
adjoint,1,345,8.960454100928355e-07,True,CONVERGED,float64,cuda:0
adjoint,2,341,9.545083565053396e-07,True,CONVERGED,float64,cuda:0
forward,0,335,9.2123234081576e-07,True,CONVERGED,float64,cuda:0
forward,1,336,9.471970288120286e-07,True,CONVERGED,float64,cuda:0
forward,2,342,8.997732052160107e-07,True,CONVERGED,float64,cuda:0
adjoint,0,343,9.807305347523463e-07,True,CONVERGED,float64,cuda:0
adjoint,1,345,9.04135544034591e-07,True,CONVERGED,float64,cuda:0
adjoint,2,341,9.621480517710503e-07,True,CONVERGED,float64,cuda:0
forward,0,335,9.415902111313407e-07,True,CONVERGED,float64,cuda:0
forward,1,336,9.509600920547778e-07,True,CONVERGED,float64,cuda:0
forward,2,342,9.380184206848281e-07,True,CONVERGED,float64,cuda:0
adjoint,0,344,9.535934260010312e-07,True,CONVERGED,float64,cuda:0
adjoint,1,345,9.501344054286626e-07,True,CONVERGED,float64,cuda:0
adjoint,2,342,8.511645400539853e-07,True,CONVERGED,float64,cuda:0
forward,0,335,9.191630408367608e-07,True,CONVERGED,float64,cuda:0
forward,1,336,9.495586723370269e-07,True,CONVERGED,float64,cuda:0
forward,2,342,9.030061035359095e-07,True,CONVERGED,float64,cuda:0
adjoint,0,343,9.81967210655338e-07,True,CONVERGED,float64,cuda:0
adjoint,1,345,9.084006021297277e-07,True,CONVERGED,float64,cuda:0
adjoint,2,341,9.56625894946437e-07,True,CONVERGED,float64,cuda:0
forward,0,335,9.181189109337682e-07,True,CONVERGED,float64,cuda:0
forward,1,336,9.538744288066063e-07,True,CONVERGED,float64,cuda:0
forward,2,342,9.020935562572018e-07,True,CONVERGED,float64,cuda:0
adjoint,0,343,9.79357348248326e-07,True,CONVERGED,float64,cuda:0
adjoint,1,345,9.09641305863648e-07,True,CONVERGED,float64,cuda:0
adjoint,2,341,9.628039573893272e-07,True,CONVERGED,float64,cuda:0
forward,0,335,9.367139147327971e-07,True,CONVERGED,float64,cuda:0
forward,1,336,9.694707716189494e-07,True,CONVERGED,float64,cuda:0
forward,2,342,9.233253632805007e-07,True,CONVERGED,float64,cuda:0
adjoint,0,344,9.443769062376979e-07,True,CONVERGED,float64,cuda:0
adjoint,1,345,9.456806346448748e-07,True,CONVERGED,float64,cuda:0
adjoint,2,342,8.547733456525034e-07,True,CONVERGED,float64,cuda:0
forward,0,335,9.171693223189082e-07,True,CONVERGED,float64,cuda:0
forward,1,336,9.610736039128682e-07,True,CONVERGED,float64,cuda:0
forward,2,342,9.005633382507857e-07,True,CONVERGED,float64,cuda:0
adjoint,0,343,9.835562202528124e-07,True,CONVERGED,float64,cuda:0
adjoint,1,345,9.189386269462312e-07,True,CONVERGED,float64,cuda:0
adjoint,2,341,9.80825636225689e-07,True,CONVERGED,float64,cuda:0
forward,0,335,9.137434646851544e-07,True,CONVERGED,float64,cuda:0
forward,1,336,9.565703571088742e-07,True,CONVERGED,float64,cuda:0
forward,2,341,9.971264687459296e-07,True,CONVERGED,float64,cuda:0
adjoint,0,343,9.799116496424744e-07,True,CONVERGED,float64,cuda:0
adjoint,1,345,9.16510164221264e-07,True,CONVERGED,float64,cuda:0
adjoint,2,341,9.719618458559223e-07,True,CONVERGED,float64,cuda:0
forward,0,335,9.206867340686308e-07,True,CONVERGED,float64,cuda:0
forward,1,336,9.538870450599862e-07,True,CONVERGED,float64,cuda:0
forward,2,342,9.077392883287451e-07,True,CONVERGED,float64,cuda:0
adjoint,0,344,9.283954771996067e-07,True,CONVERGED,float64,cuda:0
adjoint,1,345,9.272947381741368e-07,True,CONVERGED,float64,cuda:0
adjoint,2,341,9.815655413964482e-07,True,CONVERGED,float64,cuda:0
forward,0,335,9.066827302148744e-07,True,CONVERGED,float64,cuda:0
forward,1,336,9.464564373147034e-07,True,CONVERGED,float64,cuda:0
forward,2,341,9.898340535540368e-07,True,CONVERGED,float64,cuda:0
adjoint,0,343,9.599804317004018e-07,True,CONVERGED,float64,cuda:0
adjoint,1,344,9.986431905419963e-07,True,CONVERGED,float64,cuda:0
adjoint,2,341,9.583522363462088e-07,True,CONVERGED,float64,cuda:0
forward,0,335,9.053957072456954e-07,True,CONVERGED,float64,cuda:0
forward,1,336,9.447528703849689e-07,True,CONVERGED,float64,cuda:0
forward,2,341,9.878700923519454e-07,True,CONVERGED,float64,cuda:0
adjoint,0,343,9.57238168247448e-07,True,CONVERGED,float64,cuda:0
adjoint,1,344,9.950351222949461e-07,True,CONVERGED,float64,cuda:0
adjoint,2,341,9.567436696494528e-07,True,CONVERGED,float64,cuda:0
forward,0,335,9.131467112373546e-07,True,CONVERGED,float64,cuda:0
forward,1,336,9.518821153545718e-07,True,CONVERGED,float64,cuda:0
forward,2,341,9.939883580618436e-07,True,CONVERGED,float64,cuda:0
adjoint,0,343,9.841705129536687e-07,True,CONVERGED,float64,cuda:0
adjoint,1,345,9.101412375904716e-07,True,CONVERGED,float64,cuda:0
adjoint,2,341,9.72891932868495e-07,True,CONVERGED,float64,cuda:0
forward,0,335,9.312246447646614e-07,True,CONVERGED,float64,cuda:0
forward,1,336,9.591771379237653e-07,True,CONVERGED,float64,cuda:0
forward,2,342,9.174737202307767e-07,True,CONVERGED,float64,cuda:0
adjoint,0,344,9.513351626624241e-07,True,CONVERGED,float64,cuda:0
adjoint,1,345,9.349410467425005e-07,True,CONVERGED,float64,cuda:0
adjoint,2,341,9.842056203785353e-07,True,CONVERGED,float64,cuda:0
forward,0,335,8.953050955472158e-07,True,CONVERGED,float64,cuda:0
forward,1,336,9.443352224157028e-07,True,CONVERGED,float64,cuda:0
forward,2,341,9.696623644887669e-07,True,CONVERGED,float64,cuda:0
adjoint,0,343,9.377579745812411e-07,True,CONVERGED,float64,cuda:0
adjoint,1,344,9.61843302902719e-07,True,CONVERGED,float64,cuda:0
adjoint,2,341,9.207633692975264e-07,True,CONVERGED,float64,cuda:0
forward,0,335,8.963389492753564e-07,True,CONVERGED,float64,cuda:0
forward,1,336,9.66177571871338e-07,True,CONVERGED,float64,cuda:0
forward,2,341,9.74141832564458e-07,True,CONVERGED,float64,cuda:0
adjoint,0,343,9.508243408467319e-07,True,CONVERGED,float64,cuda:0
adjoint,1,344,9.458805781180277e-07,True,CONVERGED,float64,cuda:0
adjoint,2,341,9.329568470054186e-07,True,CONVERGED,float64,cuda:0
forward,0,335,9.239461364286261e-07,True,CONVERGED,float64,cuda:0
forward,1,336,9.605082627479014e-07,True,CONVERGED,float64,cuda:0
forward,2,341,9.930670333988462e-07,True,CONVERGED,float64,cuda:0
adjoint,0,343,9.82870622872377e-07,True,CONVERGED,float64,cuda:0
adjoint,1,345,9.070546095302057e-07,True,CONVERGED,float64,cuda:0
adjoint,2,341,9.853962206450204e-07,True,CONVERGED,float64,cuda:0
forward,0,336,9.051012647634446e-07,True,CONVERGED,float64,cuda:0
forward,1,337,9.164013986653858e-07,True,CONVERGED,float64,cuda:0
forward,2,343,9.121994538315365e-07,True,CONVERGED,float64,cuda:0
adjoint,0,348,9.73984799532116e-07,True,CONVERGED,float64,cuda:0
adjoint,1,345,9.998625908579228e-07,True,CONVERGED,float64,cuda:0
adjoint,2,342,9.102850114373628e-07,True,CONVERGED,float64,cuda:0
forward,0,335,8.7138365586928e-07,True,CONVERGED,float64,cuda:0
forward,1,336,9.497749278407549e-07,True,CONVERGED,float64,cuda:0
forward,2,341,9.528827574990153e-07,True,CONVERGED,float64,cuda:0
adjoint,0,343,9.215066087876062e-07,True,CONVERGED,float64,cuda:0
adjoint,1,344,9.401280227252866e-07,True,CONVERGED,float64,cuda:0
adjoint,2,341,9.08417200164329e-07,True,CONVERGED,float64,cuda:0
forward,0,334,9.890574841019801e-07,True,CONVERGED,float64,cuda:0
forward,1,337,9.228915559854937e-07,True,CONVERGED,float64,cuda:0
forward,2,341,9.438470625358091e-07,True,CONVERGED,float64,cuda:0
adjoint,0,342,9.905162604565728e-07,True,CONVERGED,float64,cuda:0
adjoint,1,343,9.972406940701964e-07,True,CONVERGED,float64,cuda:0
adjoint,2,341,9.68034935815231e-07,True,CONVERGED,float64,cuda:0
forward,0,335,9.168047165702106e-07,True,CONVERGED,float64,cuda:0
forward,1,336,9.374569859698027e-07,True,CONVERGED,float64,cuda:0
forward,2,341,9.783228611263517e-07,True,CONVERGED,float64,cuda:0
adjoint,0,343,9.581722438412706e-07,True,CONVERGED,float64,cuda:0
adjoint,1,344,9.873505958324577e-07,True,CONVERGED,float64,cuda:0
adjoint,2,341,9.299559146212212e-07,True,CONVERGED,float64,cuda:0
forward,0,336,9.427009826431768e-07,True,CONVERGED,float64,cuda:0
forward,1,337,9.784594031403549e-07,True,CONVERGED,float64,cuda:0
forward,2,343,9.037253225800507e-07,True,CONVERGED,float64,cuda:0
adjoint,0,349,9.57828201779013e-07,True,CONVERGED,float64,cuda:0
adjoint,1,346,9.023504835534626e-07,True,CONVERGED,float64,cuda:0
adjoint,2,342,9.36655072715779e-07,True,CONVERGED,float64,cuda:0
forward,0,335,9.062178966936095e-07,True,CONVERGED,float64,cuda:0
forward,1,336,9.383485006522597e-07,True,CONVERGED,float64,cuda:0
forward,2,341,9.586785273753014e-07,True,CONVERGED,float64,cuda:0
adjoint,0,343,9.394481159246886e-07,True,CONVERGED,float64,cuda:0
adjoint,1,344,9.615945225863874e-07,True,CONVERGED,float64,cuda:0
adjoint,2,341,9.067559924358413e-07,True,CONVERGED,float64,cuda:0
forward,0,334,9.94797741892968e-07,True,CONVERGED,float64,cuda:0
forward,1,337,9.221723087041472e-07,True,CONVERGED,float64,cuda:0
forward,2,341,9.415278019071714e-07,True,CONVERGED,float64,cuda:0
adjoint,0,342,9.827852536717034e-07,True,CONVERGED,float64,cuda:0
adjoint,1,343,9.781518351796136e-07,True,CONVERGED,float64,cuda:0
adjoint,2,341,9.777515953799223e-07,True,CONVERGED,float64,cuda:0
forward,0,335,8.60397479568527e-07,True,CONVERGED,float64,cuda:0
forward,1,336,9.127767929061194e-07,True,CONVERGED,float64,cuda:0
forward,2,341,9.148837544810318e-07,True,CONVERGED,float64,cuda:0
adjoint,0,340,9.208293124777059e-07,True,CONVERGED,float64,cuda:0
adjoint,1,322,9.283731820486744e-07,True,CONVERGED,float64,cuda:0
adjoint,2,324,9.168902337941914e-07,True,CONVERGED,float64,cuda:0
forward,0,336,9.144645610909911e-07,True,CONVERGED,float64,cuda:0
forward,1,337,9.633521744800639e-07,True,CONVERGED,float64,cuda:0
forward,2,341,9.73443116828491e-07,True,CONVERGED,float64,cuda:0
adjoint,0,341,9.050758245740063e-07,True,CONVERGED,float64,cuda:0
adjoint,1,331,9.532425002332034e-07,True,CONVERGED,float64,cuda:0
adjoint,2,329,9.598276125503875e-07,True,CONVERGED,float64,cuda:0
forward,0,338,9.358369310516402e-07,True,CONVERGED,float64,cuda:0
forward,1,339,8.82712878511328e-07,True,CONVERGED,float64,cuda:0
forward,2,344,8.86038107885222e-07,True,CONVERGED,float64,cuda:0
adjoint,0,343,9.020569436326641e-07,True,CONVERGED,float64,cuda:0
adjoint,1,335,8.939553862899524e-07,True,CONVERGED,float64,cuda:0
adjoint,2,340,9.258481220886895e-07,True,CONVERGED,float64,cuda:0
forward,0,335,9.087636869938345e-07,True,CONVERGED,float64,cuda:0
forward,1,336,9.378174467597794e-07,True,CONVERGED,float64,cuda:0
forward,2,341,9.698815734954823e-07,True,CONVERGED,float64,cuda:0
adjoint,0,340,9.39330099887736e-07,True,CONVERGED,float64,cuda:0
adjoint,1,328,9.738480320185795e-07,True,CONVERGED,float64,cuda:0
adjoint,2,325,9.512382162297334e-07,True,CONVERGED,float64,cuda:0
forward,0,334,9.331056611197273e-07,True,CONVERGED,float64,cuda:0
forward,1,336,9.293868751312139e-07,True,CONVERGED,float64,cuda:0
forward,2,341,8.667318806891385e-07,True,CONVERGED,float64,cuda:0
adjoint,0,338,9.54479489404119e-07,True,CONVERGED,float64,cuda:0
adjoint,1,323,9.428643067809545e-07,True,CONVERGED,float64,cuda:0
adjoint,2,323,9.558274618522843e-07,True,CONVERGED,float64,cuda:0
forward,0,335,9.028652245957444e-07,True,CONVERGED,float64,cuda:0
forward,1,337,9.142703616439504e-07,True,CONVERGED,float64,cuda:0
forward,2,340,9.96797192643364e-07,True,CONVERGED,float64,cuda:0
adjoint,0,340,9.651117107863907e-07,True,CONVERGED,float64,cuda:0
adjoint,1,328,9.599855032649394e-07,True,CONVERGED,float64,cuda:0
adjoint,2,325,9.434870684848855e-07,True,CONVERGED,float64,cuda:0
forward,0,337,9.956512295976055e-07,True,CONVERGED,float64,cuda:0
forward,1,339,9.326320501208946e-07,True,CONVERGED,float64,cuda:0
forward,2,342,9.71455869326292e-07,True,CONVERGED,float64,cuda:0
adjoint,0,342,9.325580781208051e-07,True,CONVERGED,float64,cuda:0
adjoint,1,333,9.812749568307388e-07,True,CONVERGED,float64,cuda:0
adjoint,2,339,9.398155800339639e-07,True,CONVERGED,float64,cuda:0
forward,0,337,9.086031829204176e-07,True,CONVERGED,float64,cuda:0
forward,1,340,9.81683825685915e-07,True,CONVERGED,float64,cuda:0
forward,2,342,9.012366585552277e-07,True,CONVERGED,float64,cuda:0
adjoint,0,342,9.673956469266997e-07,True,CONVERGED,float64,cuda:0
adjoint,1,330,9.348653919954046e-07,True,CONVERGED,float64,cuda:0
adjoint,2,330,9.863128020383207e-07,True,CONVERGED,float64,cuda:0
forward,0,334,9.643417828833825e-07,True,CONVERGED,float64,cuda:0
forward,1,337,9.077200009746396e-07,True,CONVERGED,float64,cuda:0
forward,2,339,9.438668165474856e-07,True,CONVERGED,float64,cuda:0
adjoint,0,338,9.834677448220845e-07,True,CONVERGED,float64,cuda:0
adjoint,1,323,9.89211032415528e-07,True,CONVERGED,float64,cuda:0
adjoint,2,326,9.303977215832788e-07,True,CONVERGED,float64,cuda:0
forward,0,330,9.920052576380971e-07,True,CONVERGED,float64,cuda:0
forward,1,338,9.64404134160931e-07,True,CONVERGED,float64,cuda:0
forward,2,342,9.66493340121186e-07,True,CONVERGED,float64,cuda:0
adjoint,0,334,9.92994313291731e-07,True,CONVERGED,float64,cuda:0
adjoint,1,332,9.749462939645775e-07,True,CONVERGED,float64,cuda:0
adjoint,2,329,9.562507991785056e-07,True,CONVERGED,float64,cuda:0
forward,0,327,9.871648642270921e-07,True,CONVERGED,float64,cuda:0
forward,1,340,8.57736289594006e-07,True,CONVERGED,float64,cuda:0
forward,2,343,9.430151006442005e-07,True,CONVERGED,float64,cuda:0
adjoint,0,332,9.880499694236234e-07,True,CONVERGED,float64,cuda:0
adjoint,1,337,9.086606422736066e-07,True,CONVERGED,float64,cuda:0
adjoint,2,325,9.739791302692783e-07,True,CONVERGED,float64,cuda:0
forward,0,331,9.925935482065294e-07,True,CONVERGED,float64,cuda:0
forward,1,339,9.849728821743837e-07,True,CONVERGED,float64,cuda:0
forward,2,343,9.71070329955564e-07,True,CONVERGED,float64,cuda:0
adjoint,0,330,9.96167457225979e-07,True,CONVERGED,float64,cuda:0
adjoint,1,336,9.690196519659506e-07,True,CONVERGED,float64,cuda:0
adjoint,2,325,9.392872657479999e-07,True,CONVERGED,float64,cuda:0
forward,0,319,9.676088449583955e-07,True,CONVERGED,float64,cuda:0
forward,1,338,9.155698892075902e-07,True,CONVERGED,float64,cuda:0
forward,2,341,9.989636752151632e-07,True,CONVERGED,float64,cuda:0
adjoint,0,326,9.180631582098949e-07,True,CONVERGED,float64,cuda:0
adjoint,1,332,9.98726076205404e-07,True,CONVERGED,float64,cuda:0
adjoint,2,323,9.90354223170678e-07,True,CONVERGED,float64,cuda:0
forward,0,323,9.52979312516623e-07,True,CONVERGED,float64,cuda:0
forward,1,338,9.878890886281913e-07,True,CONVERGED,float64,cuda:0
forward,2,341,9.7936405680847e-07,True,CONVERGED,float64,cuda:0
adjoint,0,325,9.423455270819081e-07,True,CONVERGED,float64,cuda:0
adjoint,1,332,9.341331899215902e-07,True,CONVERGED,float64,cuda:0
adjoint,2,323,9.600090291389366e-07,True,CONVERGED,float64,cuda:0
forward,0,325,9.093967678816643e-07,True,CONVERGED,float64,cuda:0
forward,1,339,9.239440212907524e-07,True,CONVERGED,float64,cuda:0
forward,2,342,9.483986510456946e-07,True,CONVERGED,float64,cuda:0
adjoint,0,331,9.655489273637725e-07,True,CONVERGED,float64,cuda:0
adjoint,1,331,9.98627624525731e-07,True,CONVERGED,float64,cuda:0
adjoint,2,323,9.174401274697476e-07,True,CONVERGED,float64,cuda:0
forward,0,330,9.915765174437722e-07,True,CONVERGED,float64,cuda:0
forward,1,338,9.792426521393498e-07,True,CONVERGED,float64,cuda:0
forward,2,342,9.69845285001449e-07,True,CONVERGED,float64,cuda:0
adjoint,0,322,9.080149099338674e-07,True,CONVERGED,float64,cuda:0
adjoint,1,334,9.507628420884402e-07,True,CONVERGED,float64,cuda:0
adjoint,2,323,9.353744769035006e-07,True,CONVERGED,float64,cuda:0
forward,0,332,9.91731087894102e-07,True,CONVERGED,float64,cuda:0
forward,1,340,9.118026756886763e-07,True,CONVERGED,float64,cuda:0
forward,2,341,9.864259556419017e-07,True,CONVERGED,float64,cuda:0
adjoint,0,329,9.769027325426782e-07,True,CONVERGED,float64,cuda:0
adjoint,1,331,9.272757791507082e-07,True,CONVERGED,float64,cuda:0
adjoint,2,325,9.217677613392113e-07,True,CONVERGED,float64,cuda:0
forward,0,329,9.429888749140779e-07,True,CONVERGED,float64,cuda:0
forward,1,342,9.924894339164796e-07,True,CONVERGED,float64,cuda:0
forward,2,340,9.583107258144563e-07,True,CONVERGED,float64,cuda:0
adjoint,0,339,9.570582142548014e-07,True,CONVERGED,float64,cuda:0
adjoint,1,329,9.716035585791837e-07,True,CONVERGED,float64,cuda:0
adjoint,2,327,9.789504467943806e-07,True,CONVERGED,float64,cuda:0
forward,0,334,9.510189340417589e-07,True,CONVERGED,float64,cuda:0
forward,1,343,9.205751352734583e-07,True,CONVERGED,float64,cuda:0
forward,2,340,9.78600570479884e-07,True,CONVERGED,float64,cuda:0
adjoint,0,339,9.473474771114916e-07,True,CONVERGED,float64,cuda:0
adjoint,1,332,8.542824361630695e-07,True,CONVERGED,float64,cuda:0
adjoint,2,330,9.059563728028752e-07,True,CONVERGED,float64,cuda:0
forward,0,332,9.87494334552583e-07,True,CONVERGED,float64,cuda:0
forward,1,344,9.606216514265974e-07,True,CONVERGED,float64,cuda:0
forward,2,341,9.361473634005169e-07,True,CONVERGED,float64,cuda:0
adjoint,0,339,9.825717796648691e-07,True,CONVERGED,float64,cuda:0
adjoint,1,333,9.76946164850158e-07,True,CONVERGED,float64,cuda:0
adjoint,2,331,9.789875454850796e-07,True,CONVERGED,float64,cuda:0
forward,0,334,9.950623474245354e-07,True,CONVERGED,float64,cuda:0
forward,1,344,9.41453468026724e-07,True,CONVERGED,float64,cuda:0
forward,2,341,9.406952207713577e-07,True,CONVERGED,float64,cuda:0
adjoint,0,340,9.69516036327319e-07,True,CONVERGED,float64,cuda:0
adjoint,1,334,9.38385516250752e-07,True,CONVERGED,float64,cuda:0
adjoint,2,333,9.52258378850648e-07,True,CONVERGED,float64,cuda:0
forward,0,336,9.450075646487565e-07,True,CONVERGED,float64,cuda:0
forward,1,343,9.324520174391489e-07,True,CONVERGED,float64,cuda:0
forward,2,327,9.746687554624224e-07,True,CONVERGED,float64,cuda:0
adjoint,0,342,9.128790271508223e-07,True,CONVERGED,float64,cuda:0
adjoint,1,333,9.276960086207669e-07,True,CONVERGED,float64,cuda:0
adjoint,2,340,9.268296283766443e-07,True,CONVERGED,float64,cuda:0
forward,0,335,9.313955157256939e-07,True,CONVERGED,float64,cuda:0
forward,1,341,9.199014542644905e-07,True,CONVERGED,float64,cuda:0
forward,2,330,9.5337597291013e-07,True,CONVERGED,float64,cuda:0
adjoint,0,341,9.914977099849509e-07,True,CONVERGED,float64,cuda:0
adjoint,1,332,8.927150943471809e-07,True,CONVERGED,float64,cuda:0
adjoint,2,340,9.248535812559656e-07,True,CONVERGED,float64,cuda:0
forward,0,333,9.156991617160067e-07,True,CONVERGED,float64,cuda:0
forward,1,339,9.278250315055292e-07,True,CONVERGED,float64,cuda:0
forward,2,324,9.938877623289918e-07,True,CONVERGED,float64,cuda:0
adjoint,0,339,9.94339039509292e-07,True,CONVERGED,float64,cuda:0
adjoint,1,331,9.491278601295244e-07,True,CONVERGED,float64,cuda:0
adjoint,2,337,9.729605540357322e-07,True,CONVERGED,float64,cuda:0
forward,0,333,9.328813634482591e-07,True,CONVERGED,float64,cuda:0
forward,1,339,8.792374440967018e-07,True,CONVERGED,float64,cuda:0
forward,2,329,9.363433197915166e-07,True,CONVERGED,float64,cuda:0
adjoint,0,340,8.712181889154879e-07,True,CONVERGED,float64,cuda:0
adjoint,1,331,9.449744394431954e-07,True,CONVERGED,float64,cuda:0
adjoint,2,335,9.405847837955012e-07,True,CONVERGED,float64,cuda:0
forward,0,333,9.344358571940583e-07,True,CONVERGED,float64,cuda:0
forward,1,339,9.138199362876089e-07,True,CONVERGED,float64,cuda:0
forward,2,329,9.89553148780904e-07,True,CONVERGED,float64,cuda:0
adjoint,0,340,8.910317232330561e-07,True,CONVERGED,float64,cuda:0
adjoint,1,331,9.95676597158862e-07,True,CONVERGED,float64,cuda:0
adjoint,2,333,9.880479457663614e-07,True,CONVERGED,float64,cuda:0
forward,0,333,9.62713627212029e-07,True,CONVERGED,float64,cuda:0
forward,1,340,9.394123635055594e-07,True,CONVERGED,float64,cuda:0
forward,2,331,8.633139373412713e-07,True,CONVERGED,float64,cuda:0
adjoint,0,340,9.959897909826225e-07,True,CONVERGED,float64,cuda:0
adjoint,1,331,9.565887090746004e-07,True,CONVERGED,float64,cuda:0
adjoint,2,332,9.922004644491005e-07,True,CONVERGED,float64,cuda:0
forward,0,333,9.96290541819e-07,True,CONVERGED,float64,cuda:0
forward,1,340,9.138698033547339e-07,True,CONVERGED,float64,cuda:0
forward,2,333,9.586707805098938e-07,True,CONVERGED,float64,cuda:0
adjoint,0,340,9.699016980448475e-07,True,CONVERGED,float64,cuda:0
adjoint,1,328,9.770496745812754e-07,True,CONVERGED,float64,cuda:0
adjoint,2,331,9.025115481013869e-07,True,CONVERGED,float64,cuda:0
forward,0,333,9.415651609502619e-07,True,CONVERGED,float64,cuda:0
forward,1,338,9.471516658159766e-07,True,CONVERGED,float64,cuda:0
forward,2,335,9.958546867363347e-07,True,CONVERGED,float64,cuda:0
adjoint,0,339,9.575287042607153e-07,True,CONVERGED,float64,cuda:0
adjoint,1,330,9.265535721276529e-07,True,CONVERGED,float64,cuda:0
adjoint,2,329,8.884332723830563e-07,True,CONVERGED,float64,cuda:0
forward,0,333,9.811046976002787e-07,True,CONVERGED,float64,cuda:0
forward,1,338,9.625288916779245e-07,True,CONVERGED,float64,cuda:0
forward,2,336,9.683144550410978e-07,True,CONVERGED,float64,cuda:0
adjoint,0,339,9.532064473858431e-07,True,CONVERGED,float64,cuda:0
adjoint,1,330,9.280675366964635e-07,True,CONVERGED,float64,cuda:0
adjoint,2,330,8.777664467394897e-07,True,CONVERGED,float64,cuda:0
forward,0,334,8.894377851220955e-07,True,CONVERGED,float64,cuda:0
forward,1,338,9.953670028565131e-07,True,CONVERGED,float64,cuda:0
forward,2,339,9.74840496414632e-07,True,CONVERGED,float64,cuda:0
adjoint,0,339,9.436034192428347e-07,True,CONVERGED,float64,cuda:0
adjoint,1,329,9.913783353822205e-07,True,CONVERGED,float64,cuda:0
adjoint,2,329,9.221337339981847e-07,True,CONVERGED,float64,cuda:0
forward,0,334,9.866598980133133e-07,True,CONVERGED,float64,cuda:0
forward,1,339,9.203108146115314e-07,True,CONVERGED,float64,cuda:0
forward,2,340,9.454328872374659e-07,True,CONVERGED,float64,cuda:0
adjoint,0,339,9.846903134982548e-07,True,CONVERGED,float64,cuda:0
adjoint,1,330,9.659279804024057e-07,True,CONVERGED,float64,cuda:0
adjoint,2,327,9.705689742219616e-07,True,CONVERGED,float64,cuda:0
forward,0,335,8.930230705711503e-07,True,CONVERGED,float64,cuda:0
forward,1,339,9.811771747246185e-07,True,CONVERGED,float64,cuda:0
forward,2,340,9.621082897642568e-07,True,CONVERGED,float64,cuda:0
adjoint,0,340,9.374201548354178e-07,True,CONVERGED,float64,cuda:0
adjoint,1,331,9.296735112280221e-07,True,CONVERGED,float64,cuda:0
adjoint,2,329,8.597378292594914e-07,True,CONVERGED,float64,cuda:0
forward,0,335,9.170851738157403e-07,True,CONVERGED,float64,cuda:0
forward,1,340,8.810125273694898e-07,True,CONVERGED,float64,cuda:0
forward,2,340,9.741242308679963e-07,True,CONVERGED,float64,cuda:0
adjoint,0,340,9.310182172373318e-07,True,CONVERGED,float64,cuda:0
adjoint,1,331,9.425953935441234e-07,True,CONVERGED,float64,cuda:0
adjoint,2,328,9.719055920101158e-07,True,CONVERGED,float64,cuda:0
forward,0,335,9.052635934398339e-07,True,CONVERGED,float64,cuda:0
forward,1,340,9.302776204247695e-07,True,CONVERGED,float64,cuda:0
forward,2,340,9.638835690235759e-07,True,CONVERGED,float64,cuda:0
adjoint,0,340,9.211707137320396e-07,True,CONVERGED,float64,cuda:0
adjoint,1,330,9.827766417617126e-07,True,CONVERGED,float64,cuda:0
adjoint,2,328,8.575249262070471e-07,True,CONVERGED,float64,cuda:0
forward,0,334,9.97033322918064e-07,True,CONVERGED,float64,cuda:0
forward,1,340,9.600658347674416e-07,True,CONVERGED,float64,cuda:0
forward,2,339,9.922420498901704e-07,True,CONVERGED,float64,cuda:0
adjoint,0,340,9.256860191215987e-07,True,CONVERGED,float64,cuda:0
adjoint,1,330,9.453231868083169e-07,True,CONVERGED,float64,cuda:0
adjoint,2,327,9.875630487127794e-07,True,CONVERGED,float64,cuda:0
forward,0,336,9.948980147512568e-07,True,CONVERGED,float64,cuda:0
forward,1,340,9.79952549216156e-07,True,CONVERGED,float64,cuda:0
forward,2,339,9.756570374953533e-07,True,CONVERGED,float64,cuda:0
adjoint,0,340,9.983040289192434e-07,True,CONVERGED,float64,cuda:0
adjoint,1,330,9.439506789473179e-07,True,CONVERGED,float64,cuda:0
adjoint,2,328,9.052951891758916e-07,True,CONVERGED,float64,cuda:0
forward,0,335,9.616477529706685e-07,True,CONVERGED,float64,cuda:0
forward,1,340,9.506699440614883e-07,True,CONVERGED,float64,cuda:0
forward,2,340,9.441039306978313e-07,True,CONVERGED,float64,cuda:0
adjoint,0,340,9.749421223722683e-07,True,CONVERGED,float64,cuda:0
adjoint,1,328,9.232549211916903e-07,True,CONVERGED,float64,cuda:0
adjoint,2,327,9.510946208491281e-07,True,CONVERGED,float64,cuda:0
forward,0,336,9.839271207982328e-07,True,CONVERGED,float64,cuda:0
forward,1,340,9.077274669217909e-07,True,CONVERGED,float64,cuda:0
forward,2,340,9.529723280054157e-07,True,CONVERGED,float64,cuda:0
adjoint,0,341,9.83795906247289e-07,True,CONVERGED,float64,cuda:0
adjoint,1,329,9.20248404598896e-07,True,CONVERGED,float64,cuda:0
adjoint,2,327,9.58396493902974e-07,True,CONVERGED,float64,cuda:0
forward,0,337,9.16897016923966e-07,True,CONVERGED,float64,cuda:0
forward,1,340,9.443269081231813e-07,True,CONVERGED,float64,cuda:0
forward,2,341,9.156031797697713e-07,True,CONVERGED,float64,cuda:0
adjoint,0,342,8.267372555929675e-07,True,CONVERGED,float64,cuda:0
adjoint,1,332,8.963065351326878e-07,True,CONVERGED,float64,cuda:0
adjoint,2,328,9.527973518391393e-07,True,CONVERGED,float64,cuda:0
forward,0,337,8.884556985050264e-07,True,CONVERGED,float64,cuda:0
forward,1,340,9.363545753787403e-07,True,CONVERGED,float64,cuda:0
forward,2,341,9.337167162162923e-07,True,CONVERGED,float64,cuda:0
adjoint,0,341,9.722411544543048e-07,True,CONVERGED,float64,cuda:0
adjoint,1,332,9.529228194722566e-07,True,CONVERGED,float64,cuda:0
adjoint,2,330,9.66032732360541e-07,True,CONVERGED,float64,cuda:0
forward,0,336,9.70018706075602e-07,True,CONVERGED,float64,cuda:0
forward,1,340,9.291711893768818e-07,True,CONVERGED,float64,cuda:0
forward,2,341,9.481303744148004e-07,True,CONVERGED,float64,cuda:0
adjoint,0,341,9.692146229880638e-07,True,CONVERGED,float64,cuda:0
adjoint,1,332,8.858265832459351e-07,True,CONVERGED,float64,cuda:0
adjoint,2,330,9.67266380746871e-07,True,CONVERGED,float64,cuda:0
forward,0,336,9.868012965770813e-07,True,CONVERGED,float64,cuda:0
forward,1,340,9.528770067436592e-07,True,CONVERGED,float64,cuda:0
forward,2,341,9.274055118481432e-07,True,CONVERGED,float64,cuda:0
adjoint,0,341,9.65532888857056e-07,True,CONVERGED,float64,cuda:0
adjoint,1,331,9.834043189756744e-07,True,CONVERGED,float64,cuda:0
adjoint,2,328,9.98001854385851e-07,True,CONVERGED,float64,cuda:0
forward,0,337,9.044293411743278e-07,True,CONVERGED,float64,cuda:0
forward,1,340,9.555010432133808e-07,True,CONVERGED,float64,cuda:0
forward,2,341,9.003043357772759e-07,True,CONVERGED,float64,cuda:0
adjoint,0,341,9.540167179391885e-07,True,CONVERGED,float64,cuda:0
adjoint,1,331,9.489904950819324e-07,True,CONVERGED,float64,cuda:0
adjoint,2,328,9.156308876391592e-07,True,CONVERGED,float64,cuda:0
forward,0,336,9.708211940786384e-07,True,CONVERGED,float64,cuda:0
forward,1,340,9.394712962583734e-07,True,CONVERGED,float64,cuda:0
forward,2,341,9.051944884224248e-07,True,CONVERGED,float64,cuda:0
adjoint,0,341,9.315172479917259e-07,True,CONVERGED,float64,cuda:0
adjoint,1,330,9.144205174547191e-07,True,CONVERGED,float64,cuda:0
adjoint,2,327,9.874091674351562e-07,True,CONVERGED,float64,cuda:0
forward,0,336,9.462242494769815e-07,True,CONVERGED,float64,cuda:0
forward,1,340,9.359093588846828e-07,True,CONVERGED,float64,cuda:0
forward,2,341,8.957514793387628e-07,True,CONVERGED,float64,cuda:0
adjoint,0,341,8.990914843085466e-07,True,CONVERGED,float64,cuda:0
adjoint,1,329,9.528377848499144e-07,True,CONVERGED,float64,cuda:0
adjoint,2,327,9.555519897826803e-07,True,CONVERGED,float64,cuda:0
forward,0,336,9.532218630597593e-07,True,CONVERGED,float64,cuda:0
forward,1,340,9.517301125056714e-07,True,CONVERGED,float64,cuda:0
forward,2,340,9.940575815595708e-07,True,CONVERGED,float64,cuda:0
adjoint,0,341,8.745353347224039e-07,True,CONVERGED,float64,cuda:0
adjoint,1,329,9.92127138316996e-07,True,CONVERGED,float64,cuda:0
adjoint,2,327,9.354593848690254e-07,True,CONVERGED,float64,cuda:0
forward,0,336,9.121201341001281e-07,True,CONVERGED,float64,cuda:0
forward,1,340,9.782172975338853e-07,True,CONVERGED,float64,cuda:0
forward,2,340,9.787531012825512e-07,True,CONVERGED,float64,cuda:0
adjoint,0,340,9.976544749088158e-07,True,CONVERGED,float64,cuda:0
adjoint,1,330,9.224889081017254e-07,True,CONVERGED,float64,cuda:0
adjoint,2,326,9.974036911701343e-07,True,CONVERGED,float64,cuda:0
forward,0,336,9.189955885295572e-07,True,CONVERGED,float64,cuda:0
forward,1,340,9.597476828306747e-07,True,CONVERGED,float64,cuda:0
forward,2,340,9.649523959645423e-07,True,CONVERGED,float64,cuda:0
adjoint,0,341,8.654170275000026e-07,True,CONVERGED,float64,cuda:0
adjoint,1,329,9.72518956787623e-07,True,CONVERGED,float64,cuda:0
adjoint,2,326,9.804003429976764e-07,True,CONVERGED,float64,cuda:0
forward,0,336,9.257612327423204e-07,True,CONVERGED,float64,cuda:0
forward,1,340,9.545723918533148e-07,True,CONVERGED,float64,cuda:0
forward,2,340,9.738133287574312e-07,True,CONVERGED,float64,cuda:0
adjoint,0,341,8.796551550901505e-07,True,CONVERGED,float64,cuda:0
adjoint,1,330,9.38535443257101e-07,True,CONVERGED,float64,cuda:0
adjoint,2,326,9.66440013185034e-07,True,CONVERGED,float64,cuda:0
forward,0,336,9.57395078974634e-07,True,CONVERGED,float64,cuda:0
forward,1,340,9.634440951907314e-07,True,CONVERGED,float64,cuda:0
forward,2,340,9.83408223721502e-07,True,CONVERGED,float64,cuda:0
adjoint,0,341,8.911128346272142e-07,True,CONVERGED,float64,cuda:0
adjoint,1,331,9.241015685763382e-07,True,CONVERGED,float64,cuda:0
adjoint,2,326,9.782240964949772e-07,True,CONVERGED,float64,cuda:0
forward,0,336,9.233555508095015e-07,True,CONVERGED,float64,cuda:0
forward,1,340,9.479529187768667e-07,True,CONVERGED,float64,cuda:0
forward,2,340,9.877979808824226e-07,True,CONVERGED,float64,cuda:0
adjoint,0,341,8.924440449410692e-07,True,CONVERGED,float64,cuda:0
adjoint,1,331,9.145047685352879e-07,True,CONVERGED,float64,cuda:0
adjoint,2,327,9.674805573247532e-07,True,CONVERGED,float64,cuda:0
forward,0,336,9.393182429866973e-07,True,CONVERGED,float64,cuda:0
forward,1,340,9.519524410008593e-07,True,CONVERGED,float64,cuda:0
forward,2,340,9.81226772625344e-07,True,CONVERGED,float64,cuda:0
adjoint,0,341,8.881669956705464e-07,True,CONVERGED,float64,cuda:0
adjoint,1,330,9.613860453404061e-07,True,CONVERGED,float64,cuda:0
adjoint,2,326,9.785998652964743e-07,True,CONVERGED,float64,cuda:0
forward,0,336,9.163418697526014e-07,True,CONVERGED,float64,cuda:0
forward,1,340,9.272594899909687e-07,True,CONVERGED,float64,cuda:0
forward,2,340,9.712517075653326e-07,True,CONVERGED,float64,cuda:0
adjoint,0,340,9.908406752713692e-07,True,CONVERGED,float64,cuda:0
adjoint,1,329,9.755178517472608e-07,True,CONVERGED,float64,cuda:0
adjoint,2,326,9.63944571525764e-07,True,CONVERGED,float64,cuda:0
forward,0,336,9.116971892321757e-07,True,CONVERGED,float64,cuda:0
forward,1,340,9.263569536363173e-07,True,CONVERGED,float64,cuda:0
forward,2,340,9.51381070987248e-07,True,CONVERGED,float64,cuda:0
adjoint,0,341,8.592449482058499e-07,True,CONVERGED,float64,cuda:0
adjoint,1,329,9.347470320281653e-07,True,CONVERGED,float64,cuda:0
adjoint,2,326,9.596495820503504e-07,True,CONVERGED,float64,cuda:0
forward,0,336,9.139647235196589e-07,True,CONVERGED,float64,cuda:0
forward,1,340,9.353962812978787e-07,True,CONVERGED,float64,cuda:0
forward,2,340,9.579626067468792e-07,True,CONVERGED,float64,cuda:0
adjoint,0,341,8.674577306699143e-07,True,CONVERGED,float64,cuda:0
adjoint,1,329,9.087252133548499e-07,True,CONVERGED,float64,cuda:0
adjoint,2,326,9.609664781895259e-07,True,CONVERGED,float64,cuda:0
forward,0,336,9.212067341361016e-07,True,CONVERGED,float64,cuda:0
forward,1,340,9.384985684428888e-07,True,CONVERGED,float64,cuda:0
forward,2,340,9.497063958767029e-07,True,CONVERGED,float64,cuda:0
adjoint,0,341,8.764091324027012e-07,True,CONVERGED,float64,cuda:0
adjoint,1,328,9.843867809902975e-07,True,CONVERGED,float64,cuda:0
adjoint,2,326,9.613994627522537e-07,True,CONVERGED,float64,cuda:0
forward,0,336,9.291110491146842e-07,True,CONVERGED,float64,cuda:0
forward,1,340,9.385750763302142e-07,True,CONVERGED,float64,cuda:0
forward,2,340,9.533566537987434e-07,True,CONVERGED,float64,cuda:0
adjoint,0,341,8.853217726384501e-07,True,CONVERGED,float64,cuda:0
adjoint,1,328,9.79565573943263e-07,True,CONVERGED,float64,cuda:0
adjoint,2,326,9.649155809222294e-07,True,CONVERGED,float64,cuda:0
forward,0,336,9.52161617403146e-07,True,CONVERGED,float64,cuda:0
forward,1,340,9.383558896972587e-07,True,CONVERGED,float64,cuda:0
forward,2,340,9.718238028695768e-07,True,CONVERGED,float64,cuda:0
adjoint,0,341,9.04099116502565e-07,True,CONVERGED,float64,cuda:0
adjoint,1,328,9.989993708693204e-07,True,CONVERGED,float64,cuda:0
adjoint,2,326,9.728171809197288e-07,True,CONVERGED,float64,cuda:0
forward,0,336,9.765428491768022e-07,True,CONVERGED,float64,cuda:0
forward,1,340,9.268391530913395e-07,True,CONVERGED,float64,cuda:0
forward,2,340,9.725726822001003e-07,True,CONVERGED,float64,cuda:0
adjoint,0,341,9.510597856207187e-07,True,CONVERGED,float64,cuda:0
adjoint,1,328,9.75876469930537e-07,True,CONVERGED,float64,cuda:0
adjoint,2,326,9.838802526301294e-07,True,CONVERGED,float64,cuda:0
forward,0,336,9.953789596409999e-07,True,CONVERGED,float64,cuda:0
forward,1,340,9.340698223456573e-07,True,CONVERGED,float64,cuda:0
forward,2,340,9.880342472381426e-07,True,CONVERGED,float64,cuda:0
adjoint,0,341,9.7607934435802e-07,True,CONVERGED,float64,cuda:0
adjoint,1,329,9.387506815669955e-07,True,CONVERGED,float64,cuda:0
adjoint,2,327,8.984566582014666e-07,True,CONVERGED,float64,cuda:0
forward,0,336,9.543930586370022e-07,True,CONVERGED,float64,cuda:0
forward,1,340,9.193232076994148e-07,True,CONVERGED,float64,cuda:0
forward,2,340,9.799251953825332e-07,True,CONVERGED,float64,cuda:0
adjoint,0,341,9.746341728553333e-07,True,CONVERGED,float64,cuda:0
adjoint,1,329,9.107132518978666e-07,True,CONVERGED,float64,cuda:0
adjoint,2,327,9.054198429267991e-07,True,CONVERGED,float64,cuda:0
forward,0,337,8.763553397439968e-07,True,CONVERGED,float64,cuda:0
forward,1,340,9.397865354065622e-07,True,CONVERGED,float64,cuda:0
forward,2,340,9.854651041857109e-07,True,CONVERGED,float64,cuda:0
adjoint,0,341,9.840915607680413e-07,True,CONVERGED,float64,cuda:0
adjoint,1,329,9.410255603427435e-07,True,CONVERGED,float64,cuda:0
adjoint,2,327,9.073984120515872e-07,True,CONVERGED,float64,cuda:0
forward,0,337,8.702647351184884e-07,True,CONVERGED,float64,cuda:0
forward,1,340,9.257193883791403e-07,True,CONVERGED,float64,cuda:0
forward,2,340,9.688397320944362e-07,True,CONVERGED,float64,cuda:0
adjoint,0,341,9.742609630291626e-07,True,CONVERGED,float64,cuda:0
adjoint,1,328,9.798010005378318e-07,True,CONVERGED,float64,cuda:0
adjoint,2,327,9.02467591863894e-07,True,CONVERGED,float64,cuda:0
forward,0,337,8.690621773898775e-07,True,CONVERGED,float64,cuda:0
forward,1,340,9.345293095928324e-07,True,CONVERGED,float64,cuda:0
forward,2,340,9.708698957269424e-07,True,CONVERGED,float64,cuda:0
adjoint,0,341,9.7345946350919e-07,True,CONVERGED,float64,cuda:0
adjoint,1,328,9.871507500635524e-07,True,CONVERGED,float64,cuda:0
adjoint,2,326,9.985724087677277e-07,True,CONVERGED,float64,cuda:0
forward,0,337,8.731932217061909e-07,True,CONVERGED,float64,cuda:0
forward,1,340,9.523654844645702e-07,True,CONVERGED,float64,cuda:0
forward,2,340,9.859787770448002e-07,True,CONVERGED,float64,cuda:0
adjoint,0,341,9.822873134482947e-07,True,CONVERGED,float64,cuda:0
adjoint,1,329,9.499007243528168e-07,True,CONVERGED,float64,cuda:0
adjoint,2,327,9.229219658205824e-07,True,CONVERGED,float64,cuda:0
forward,0,336,9.787563044563855e-07,True,CONVERGED,float64,cuda:0
forward,1,340,9.566151454878919e-07,True,CONVERGED,float64,cuda:0
forward,2,341,8.733293269225215e-07,True,CONVERGED,float64,cuda:0
adjoint,0,341,9.798511644511071e-07,True,CONVERGED,float64,cuda:0
adjoint,1,329,9.663983426038484e-07,True,CONVERGED,float64,cuda:0
adjoint,2,327,9.115602489251165e-07,True,CONVERGED,float64,cuda:0
forward,0,336,9.758095217651778e-07,True,CONVERGED,float64,cuda:0
forward,1,340,9.357585191705357e-07,True,CONVERGED,float64,cuda:0
forward,2,341,8.799276239561241e-07,True,CONVERGED,float64,cuda:0
adjoint,0,341,9.845919610756689e-07,True,CONVERGED,float64,cuda:0
adjoint,1,330,9.375893447916018e-07,True,CONVERGED,float64,cuda:0
adjoint,2,327,9.245058450976185e-07,True,CONVERGED,float64,cuda:0
forward,0,336,9.90011169597366e-07,True,CONVERGED,float64,cuda:0
forward,1,340,9.474250892899235e-07,True,CONVERGED,float64,cuda:0
forward,2,341,9.041703953430395e-07,True,CONVERGED,float64,cuda:0
adjoint,0,342,8.40779002662784e-07,True,CONVERGED,float64,cuda:0
adjoint,1,331,9.479205395306453e-07,True,CONVERGED,float64,cuda:0
adjoint,2,327,9.93341758595117e-07,True,CONVERGED,float64,cuda:0
forward,0,335,9.805918409129957e-07,True,CONVERGED,float64,cuda:0
forward,1,340,9.244515839054765e-07,True,CONVERGED,float64,cuda:0
forward,2,341,9.039083421612918e-07,True,CONVERGED,float64,cuda:0
adjoint,0,341,9.802007279568139e-07,True,CONVERGED,float64,cuda:0
adjoint,1,329,9.57956722135829e-07,True,CONVERGED,float64,cuda:0
adjoint,2,327,9.411226046391742e-07,True,CONVERGED,float64,cuda:0
forward,0,336,9.515634826833274e-07,True,CONVERGED,float64,cuda:0
forward,1,340,9.240175662588142e-07,True,CONVERGED,float64,cuda:0
forward,2,340,9.764389005032997e-07,True,CONVERGED,float64,cuda:0
adjoint,0,341,9.656579804818306e-07,True,CONVERGED,float64,cuda:0
adjoint,1,329,9.254122969870517e-07,True,CONVERGED,float64,cuda:0
adjoint,2,326,9.929141374671327e-07,True,CONVERGED,float64,cuda:0
forward,0,337,8.698407795704694e-07,True,CONVERGED,float64,cuda:0
forward,1,340,9.722103113160591e-07,True,CONVERGED,float64,cuda:0
forward,2,340,9.593525039665254e-07,True,CONVERGED,float64,cuda:0
adjoint,0,341,9.943914888868219e-07,True,CONVERGED,float64,cuda:0
adjoint,1,328,9.73488980650802e-07,True,CONVERGED,float64,cuda:0
adjoint,2,327,8.980999676713547e-07,True,CONVERGED,float64,cuda:0
forward,0,337,8.820793558217275e-07,True,CONVERGED,float64,cuda:0
forward,1,340,9.871529483898823e-07,True,CONVERGED,float64,cuda:0
forward,2,341,8.771473143560357e-07,True,CONVERGED,float64,cuda:0
adjoint,0,341,9.709798999055593e-07,True,CONVERGED,float64,cuda:0
adjoint,1,329,9.08012980428812e-07,True,CONVERGED,float64,cuda:0
adjoint,2,327,9.04322727729546e-07,True,CONVERGED,float64,cuda:0
forward,0,336,9.501415285823412e-07,True,CONVERGED,float64,cuda:0
forward,1,340,9.354086240923607e-07,True,CONVERGED,float64,cuda:0
forward,2,340,9.621401271077069e-07,True,CONVERGED,float64,cuda:0
adjoint,0,341,9.532023034182338e-07,True,CONVERGED,float64,cuda:0
adjoint,1,328,9.65097408983373e-07,True,CONVERGED,float64,cuda:0
adjoint,2,326,9.799328485743943e-07,True,CONVERGED,float64,cuda:0
forward,0,335,9.948786729999337e-07,True,CONVERGED,float64,cuda:0
forward,1,340,9.473773155982306e-07,True,CONVERGED,float64,cuda:0
forward,2,340,9.902003196508415e-07,True,CONVERGED,float64,cuda:0
adjoint,0,341,9.300902844569258e-07,True,CONVERGED,float64,cuda:0
adjoint,1,329,9.600235412230162e-07,True,CONVERGED,float64,cuda:0
adjoint,2,327,9.36279834950681e-07,True,CONVERGED,float64,cuda:0
forward,0,336,9.783131961813295e-07,True,CONVERGED,float64,cuda:0
forward,1,340,9.786802565831612e-07,True,CONVERGED,float64,cuda:0
forward,2,341,9.824331763543884e-07,True,CONVERGED,float64,cuda:0
adjoint,0,341,9.896511517723975e-07,True,CONVERGED,float64,cuda:0
adjoint,1,331,9.983978112893228e-07,True,CONVERGED,float64,cuda:0
adjoint,2,330,9.425679545394986e-07,True,CONVERGED,float64,cuda:0
forward,0,336,9.287882686150609e-07,True,CONVERGED,float64,cuda:0
forward,1,340,9.758678004861246e-07,True,CONVERGED,float64,cuda:0
forward,2,341,9.188234557468884e-07,True,CONVERGED,float64,cuda:0
adjoint,0,341,9.552702038434383e-07,True,CONVERGED,float64,cuda:0
adjoint,1,330,9.806044199819463e-07,True,CONVERGED,float64,cuda:0
adjoint,2,328,9.122746962510752e-07,True,CONVERGED,float64,cuda:0
forward,0,335,9.6596394114809e-07,True,CONVERGED,float64,cuda:0
forward,1,340,9.016858990290283e-07,True,CONVERGED,float64,cuda:0
forward,2,340,9.692611759900524e-07,True,CONVERGED,float64,cuda:0
adjoint,0,341,9.268661491698471e-07,True,CONVERGED,float64,cuda:0
adjoint,1,328,9.519159778491572e-07,True,CONVERGED,float64,cuda:0
adjoint,2,326,9.678015032611143e-07,True,CONVERGED,float64,cuda:0
forward,0,335,9.909937359685258e-07,True,CONVERGED,float64,cuda:0
forward,1,340,8.917276382764356e-07,True,CONVERGED,float64,cuda:0
forward,2,340,9.550396814331816e-07,True,CONVERGED,float64,cuda:0
adjoint,0,341,9.275414785085408e-07,True,CONVERGED,float64,cuda:0
adjoint,1,328,9.508308287474418e-07,True,CONVERGED,float64,cuda:0
adjoint,2,326,9.297374014247443e-07,True,CONVERGED,float64,cuda:0
forward,0,336,9.9710814276349e-07,True,CONVERGED,float64,cuda:0
forward,1,340,9.92486613258938e-07,True,CONVERGED,float64,cuda:0
forward,2,341,8.804589914706291e-07,True,CONVERGED,float64,cuda:0
adjoint,0,342,9.211470106712156e-07,True,CONVERGED,float64,cuda:0
adjoint,1,330,9.556663294625945e-07,True,CONVERGED,float64,cuda:0
adjoint,2,328,8.936941561888901e-07,True,CONVERGED,float64,cuda:0
forward,0,337,8.88403110891144e-07,True,CONVERGED,float64,cuda:0
forward,1,341,9.152359300897152e-07,True,CONVERGED,float64,cuda:0
forward,2,341,8.912178959466559e-07,True,CONVERGED,float64,cuda:0
adjoint,0,341,9.659182042404895e-07,True,CONVERGED,float64,cuda:0
adjoint,1,328,9.95690170504705e-07,True,CONVERGED,float64,cuda:0
adjoint,2,327,9.222632261661861e-07,True,CONVERGED,float64,cuda:0
forward,0,336,9.233030865748814e-07,True,CONVERGED,float64,cuda:0
forward,1,340,9.435425066807408e-07,True,CONVERGED,float64,cuda:0
forward,2,340,9.651176147545514e-07,True,CONVERGED,float64,cuda:0
adjoint,0,341,9.36397578279849e-07,True,CONVERGED,float64,cuda:0
adjoint,1,329,9.30994178671607e-07,True,CONVERGED,float64,cuda:0
adjoint,2,326,9.915503094357902e-07,True,CONVERGED,float64,cuda:0
forward,0,334,9.285968509165874e-07,True,CONVERGED,float64,cuda:0
forward,1,340,9.348504086289205e-07,True,CONVERGED,float64,cuda:0
forward,2,341,9.703918930327609e-07,True,CONVERGED,float64,cuda:0
adjoint,0,341,9.368625141519744e-07,True,CONVERGED,float64,cuda:0
adjoint,1,331,9.340705979911336e-07,True,CONVERGED,float64,cuda:0
adjoint,2,328,9.520076369955222e-07,True,CONVERGED,float64,cuda:0
forward,0,335,9.279925770818317e-07,True,CONVERGED,float64,cuda:0
forward,1,340,9.395780640379161e-07,True,CONVERGED,float64,cuda:0
forward,2,342,9.65727345776766e-07,True,CONVERGED,float64,cuda:0
adjoint,0,341,9.90667908043669e-07,True,CONVERGED,float64,cuda:0
adjoint,1,333,9.422433627803499e-07,True,CONVERGED,float64,cuda:0
adjoint,2,332,9.88103724936297e-07,True,CONVERGED,float64,cuda:0
forward,0,331,9.656619726032794e-07,True,CONVERGED,float64,cuda:0
forward,1,340,9.215231956165481e-07,True,CONVERGED,float64,cuda:0
forward,2,342,9.382713829348209e-07,True,CONVERGED,float64,cuda:0
adjoint,0,341,9.596975711543856e-07,True,CONVERGED,float64,cuda:0
adjoint,1,333,9.015979256774856e-07,True,CONVERGED,float64,cuda:0
adjoint,2,331,9.771003714815307e-07,True,CONVERGED,float64,cuda:0
forward,0,328,9.988298631515248e-07,True,CONVERGED,float64,cuda:0
forward,1,340,9.171256653427175e-07,True,CONVERGED,float64,cuda:0
forward,2,341,9.529372786881558e-07,True,CONVERGED,float64,cuda:0
adjoint,0,341,9.230856646463355e-07,True,CONVERGED,float64,cuda:0
adjoint,1,331,8.912815727295647e-07,True,CONVERGED,float64,cuda:0
adjoint,2,328,9.818586595201442e-07,True,CONVERGED,float64,cuda:0
forward,0,336,9.046928507869506e-07,True,CONVERGED,float64,cuda:0
forward,1,340,9.527292471101048e-07,True,CONVERGED,float64,cuda:0
forward,2,341,8.989745764929515e-07,True,CONVERGED,float64,cuda:0
adjoint,0,341,9.566455694687166e-07,True,CONVERGED,float64,cuda:0
adjoint,1,330,9.743239185412177e-07,True,CONVERGED,float64,cuda:0
adjoint,2,327,9.543350367698646e-07,True,CONVERGED,float64,cuda:0
forward,0,337,9.359644500505365e-07,True,CONVERGED,float64,cuda:0
forward,1,341,9.485364910706601e-07,True,CONVERGED,float64,cuda:0
forward,2,341,8.911596685797789e-07,True,CONVERGED,float64,cuda:0
adjoint,0,342,8.676917011179176e-07,True,CONVERGED,float64,cuda:0
adjoint,1,331,9.546487159699266e-07,True,CONVERGED,float64,cuda:0
adjoint,2,328,8.971240538965329e-07,True,CONVERGED,float64,cuda:0
forward,0,336,9.953162580515931e-07,True,CONVERGED,float64,cuda:0
forward,1,340,9.654426209393216e-07,True,CONVERGED,float64,cuda:0
forward,2,340,9.97300398214018e-07,True,CONVERGED,float64,cuda:0
adjoint,0,342,8.391010411872147e-07,True,CONVERGED,float64,cuda:0
adjoint,1,329,9.78148394207099e-07,True,CONVERGED,float64,cuda:0
adjoint,2,327,9.329471438727296e-07,True,CONVERGED,float64,cuda:0
forward,0,336,9.3399418204334e-07,True,CONVERGED,float64,cuda:0
forward,1,340,9.250166028234076e-07,True,CONVERGED,float64,cuda:0
forward,2,341,9.151181280182664e-07,True,CONVERGED,float64,cuda:0
adjoint,0,341,9.83119107720235e-07,True,CONVERGED,float64,cuda:0
adjoint,1,329,9.68108724518128e-07,True,CONVERGED,float64,cuda:0
adjoint,2,327,9.440512153236631e-07,True,CONVERGED,float64,cuda:0
forward,0,336,9.646988434333192e-07,True,CONVERGED,float64,cuda:0
forward,1,340,9.528666716667123e-07,True,CONVERGED,float64,cuda:0
forward,2,341,9.231883839764724e-07,True,CONVERGED,float64,cuda:0
adjoint,0,342,8.331023547615225e-07,True,CONVERGED,float64,cuda:0
adjoint,1,330,9.28162724894649e-07,True,CONVERGED,float64,cuda:0
adjoint,2,327,9.859963079058118e-07,True,CONVERGED,float64,cuda:0
forward,0,337,8.896026289046809e-07,True,CONVERGED,float64,cuda:0
forward,1,341,9.089269775082108e-07,True,CONVERGED,float64,cuda:0
forward,2,341,9.821110386452217e-07,True,CONVERGED,float64,cuda:0
adjoint,0,342,8.603467143971132e-07,True,CONVERGED,float64,cuda:0
adjoint,1,332,9.029626968430791e-07,True,CONVERGED,float64,cuda:0
adjoint,2,329,9.338084768260101e-07,True,CONVERGED,float64,cuda:0
forward,0,334,9.93412397338719e-07,True,CONVERGED,float64,cuda:0
forward,1,340,9.300759259651768e-07,True,CONVERGED,float64,cuda:0
forward,2,341,9.77136247878404e-07,True,CONVERGED,float64,cuda:0
adjoint,0,341,9.651709084767116e-07,True,CONVERGED,float64,cuda:0
adjoint,1,331,9.141967250395057e-07,True,CONVERGED,float64,cuda:0
adjoint,2,328,9.799307020049862e-07,True,CONVERGED,float64,cuda:0
forward,0,331,9.938322174913687e-07,True,CONVERGED,float64,cuda:0
forward,1,339,9.908754287869674e-07,True,CONVERGED,float64,cuda:0
forward,2,342,9.31407295172112e-07,True,CONVERGED,float64,cuda:0
adjoint,0,341,9.65225453735425e-07,True,CONVERGED,float64,cuda:0
adjoint,1,330,9.765906877368294e-07,True,CONVERGED,float64,cuda:0
adjoint,2,330,9.5454427592391e-07,True,CONVERGED,float64,cuda:0
forward,0,325,9.712942530358195e-07,True,CONVERGED,float64,cuda:0
forward,1,339,9.991462308699171e-07,True,CONVERGED,float64,cuda:0
forward,2,342,9.305904448543096e-07,True,CONVERGED,float64,cuda:0
adjoint,0,341,9.370443175944422e-07,True,CONVERGED,float64,cuda:0
adjoint,1,331,9.310753594219194e-07,True,CONVERGED,float64,cuda:0
adjoint,2,329,9.640981622340792e-07,True,CONVERGED,float64,cuda:0
forward,0,333,9.657789940447515e-07,True,CONVERGED,float64,cuda:0
forward,1,340,9.278148749052363e-07,True,CONVERGED,float64,cuda:0
forward,2,342,9.236016372623554e-07,True,CONVERGED,float64,cuda:0
adjoint,0,341,9.725075575088193e-07,True,CONVERGED,float64,cuda:0
adjoint,1,333,9.161633176946616e-07,True,CONVERGED,float64,cuda:0
adjoint,2,331,9.242236417318937e-07,True,CONVERGED,float64,cuda:0
forward,0,333,9.571035016121361e-07,True,CONVERGED,float64,cuda:0
forward,1,340,9.268077140755051e-07,True,CONVERGED,float64,cuda:0
forward,2,341,9.663639105901246e-07,True,CONVERGED,float64,cuda:0
adjoint,0,341,9.463610994007036e-07,True,CONVERGED,float64,cuda:0
adjoint,1,330,9.89450800537347e-07,True,CONVERGED,float64,cuda:0
adjoint,2,327,9.87469606724337e-07,True,CONVERGED,float64,cuda:0
forward,0,334,9.724859990626768e-07,True,CONVERGED,float64,cuda:0
forward,1,340,9.536402675848627e-07,True,CONVERGED,float64,cuda:0
forward,2,341,9.536425570752607e-07,True,CONVERGED,float64,cuda:0
adjoint,0,341,9.531105278843598e-07,True,CONVERGED,float64,cuda:0
adjoint,1,330,9.591288605838845e-07,True,CONVERGED,float64,cuda:0
adjoint,2,327,9.457025087899438e-07,True,CONVERGED,float64,cuda:0
forward,0,336,9.436464165593148e-07,True,CONVERGED,float64,cuda:0
forward,1,340,9.823845588513352e-07,True,CONVERGED,float64,cuda:0
forward,2,341,9.005938160560821e-07,True,CONVERGED,float64,cuda:0
adjoint,0,341,9.841318103490365e-07,True,CONVERGED,float64,cuda:0
adjoint,1,330,9.517923648590045e-07,True,CONVERGED,float64,cuda:0
adjoint,2,327,9.321201676418345e-07,True,CONVERGED,float64,cuda:0
forward,0,336,9.88718890685338e-07,True,CONVERGED,float64,cuda:0
forward,1,341,8.960727641876058e-07,True,CONVERGED,float64,cuda:0
forward,2,341,9.140355772315201e-07,True,CONVERGED,float64,cuda:0
adjoint,0,342,8.52086022318912e-07,True,CONVERGED,float64,cuda:0
adjoint,1,330,9.776169678487245e-07,True,CONVERGED,float64,cuda:0
adjoint,2,327,9.581710634101956e-07,True,CONVERGED,float64,cuda:0
forward,0,336,9.391381429563536e-07,True,CONVERGED,float64,cuda:0
forward,1,340,9.767806931537022e-07,True,CONVERGED,float64,cuda:0
forward,2,341,9.068152785239299e-07,True,CONVERGED,float64,cuda:0
adjoint,0,341,9.838267812987566e-07,True,CONVERGED,float64,cuda:0
adjoint,1,330,9.405620607239718e-07,True,CONVERGED,float64,cuda:0
adjoint,2,327,9.666572967920235e-07,True,CONVERGED,float64,cuda:0
forward,0,335,9.486269905223638e-07,True,CONVERGED,float64,cuda:0
forward,1,340,9.801548676764613e-07,True,CONVERGED,float64,cuda:0
forward,2,341,9.581565620050997e-07,True,CONVERGED,float64,cuda:0
adjoint,0,341,9.515373147721871e-07,True,CONVERGED,float64,cuda:0
adjoint,1,330,9.716850575242821e-07,True,CONVERGED,float64,cuda:0
adjoint,2,328,9.306505139209775e-07,True,CONVERGED,float64,cuda:0
forward,0,335,9.350353530444472e-07,True,CONVERGED,float64,cuda:0
forward,1,340,9.846136524625222e-07,True,CONVERGED,float64,cuda:0
forward,2,341,9.862162719749138e-07,True,CONVERGED,float64,cuda:0
adjoint,0,341,9.600589538673173e-07,True,CONVERGED,float64,cuda:0
adjoint,1,331,9.254382169079296e-07,True,CONVERGED,float64,cuda:0
adjoint,2,328,9.677022511589615e-07,True,CONVERGED,float64,cuda:0
forward,0,335,9.190141485079971e-07,True,CONVERGED,float64,cuda:0
forward,1,341,9.1290054589162e-07,True,CONVERGED,float64,cuda:0
forward,2,341,9.650329790917084e-07,True,CONVERGED,float64,cuda:0
adjoint,0,341,9.597205402340683e-07,True,CONVERGED,float64,cuda:0
adjoint,1,332,8.879630466246226e-07,True,CONVERGED,float64,cuda:0
adjoint,2,328,9.872824643014433e-07,True,CONVERGED,float64,cuda:0
forward,0,331,9.78609947058886e-07,True,CONVERGED,float64,cuda:0
forward,1,340,9.605313437243752e-07,True,CONVERGED,float64,cuda:0
forward,2,341,9.339334665723346e-07,True,CONVERGED,float64,cuda:0
adjoint,0,341,9.270044391821703e-07,True,CONVERGED,float64,cuda:0
adjoint,1,331,9.286226710080242e-07,True,CONVERGED,float64,cuda:0
adjoint,2,327,9.821767593717477e-07,True,CONVERGED,float64,cuda:0
forward,0,328,9.281731686716949e-07,True,CONVERGED,float64,cuda:0
forward,1,340,9.02384325103167e-07,True,CONVERGED,float64,cuda:0
forward,2,341,9.754064216328794e-07,True,CONVERGED,float64,cuda:0
adjoint,0,341,9.183604763151317e-07,True,CONVERGED,float64,cuda:0
adjoint,1,330,9.942884739859683e-07,True,CONVERGED,float64,cuda:0
adjoint,2,327,9.866487622214412e-07,True,CONVERGED,float64,cuda:0
forward,0,326,9.967591397586756e-07,True,CONVERGED,float64,cuda:0
forward,1,340,8.947167895197287e-07,True,CONVERGED,float64,cuda:0
forward,2,341,9.882942815336778e-07,True,CONVERGED,float64,cuda:0
adjoint,0,341,9.397166614326548e-07,True,CONVERGED,float64,cuda:0
adjoint,1,331,9.695793367973477e-07,True,CONVERGED,float64,cuda:0
adjoint,2,329,9.4953526080164e-07,True,CONVERGED,float64,cuda:0
forward,0,329,9.905747183321145e-07,True,CONVERGED,float64,cuda:0
forward,1,340,9.005965332981264e-07,True,CONVERGED,float64,cuda:0
forward,2,341,9.672201607399787e-07,True,CONVERGED,float64,cuda:0
adjoint,0,341,9.449258743026542e-07,True,CONVERGED,float64,cuda:0
adjoint,1,330,9.692423706104504e-07,True,CONVERGED,float64,cuda:0
adjoint,2,327,9.931191893811423e-07,True,CONVERGED,float64,cuda:0
forward,0,334,9.104543701452434e-07,True,CONVERGED,float64,cuda:0
forward,1,340,9.159975755407096e-07,True,CONVERGED,float64,cuda:0
forward,2,341,9.621221617871182e-07,True,CONVERGED,float64,cuda:0
adjoint,0,341,9.440471079660128e-07,True,CONVERGED,float64,cuda:0
adjoint,1,330,9.795762041046494e-07,True,CONVERGED,float64,cuda:0
adjoint,2,327,9.725244435962572e-07,True,CONVERGED,float64,cuda:0
forward,0,335,9.532902195625884e-07,True,CONVERGED,float64,cuda:0
forward,1,340,9.594833424846142e-07,True,CONVERGED,float64,cuda:0
forward,2,341,9.622220577650522e-07,True,CONVERGED,float64,cuda:0
adjoint,0,341,9.499040649014739e-07,True,CONVERGED,float64,cuda:0
adjoint,1,331,9.526196796607963e-07,True,CONVERGED,float64,cuda:0
adjoint,2,327,9.750485952871958e-07,True,CONVERGED,float64,cuda:0
forward,0,334,9.930134084198617e-07,True,CONVERGED,float64,cuda:0
forward,1,340,9.550349170681892e-07,True,CONVERGED,float64,cuda:0
forward,2,341,9.650008315070782e-07,True,CONVERGED,float64,cuda:0
adjoint,0,341,9.549335354573005e-07,True,CONVERGED,float64,cuda:0
adjoint,1,331,9.177904860576274e-07,True,CONVERGED,float64,cuda:0
adjoint,2,327,9.642998521232945e-07,True,CONVERGED,float64,cuda:0
forward,0,333,9.75992820557902e-07,True,CONVERGED,float64,cuda:0
forward,1,340,9.26211573357716e-07,True,CONVERGED,float64,cuda:0
forward,2,341,9.564649415460354e-07,True,CONVERGED,float64,cuda:0
adjoint,0,341,9.453780109701254e-07,True,CONVERGED,float64,cuda:0
adjoint,1,330,9.622677323602098e-07,True,CONVERGED,float64,cuda:0
adjoint,2,327,9.902241738306037e-07,True,CONVERGED,float64,cuda:0
forward,0,334,8.990607430670316e-07,True,CONVERGED,float64,cuda:0
forward,1,340,9.24947466268229e-07,True,CONVERGED,float64,cuda:0
forward,2,341,9.742083222705142e-07,True,CONVERGED,float64,cuda:0
adjoint,0,341,9.535410629691684e-07,True,CONVERGED,float64,cuda:0
adjoint,1,330,9.596971876029887e-07,True,CONVERGED,float64,cuda:0
adjoint,2,328,9.795567942879652e-07,True,CONVERGED,float64,cuda:0
forward,0,334,9.286277962739689e-07,True,CONVERGED,float64,cuda:0
forward,1,340,9.335868189189218e-07,True,CONVERGED,float64,cuda:0
forward,2,341,9.997702772436128e-07,True,CONVERGED,float64,cuda:0
adjoint,0,341,9.638488352424066e-07,True,CONVERGED,float64,cuda:0
adjoint,1,331,9.251321678556375e-07,True,CONVERGED,float64,cuda:0
adjoint,2,329,9.648160093062096e-07,True,CONVERGED,float64,cuda:0
forward,0,334,9.706596262783926e-07,True,CONVERGED,float64,cuda:0
forward,1,340,9.051859356229809e-07,True,CONVERGED,float64,cuda:0
forward,2,341,9.900800971655496e-07,True,CONVERGED,float64,cuda:0
adjoint,0,341,9.74494443811869e-07,True,CONVERGED,float64,cuda:0
adjoint,1,330,9.827556590993834e-07,True,CONVERGED,float64,cuda:0
adjoint,2,326,9.98835247637822e-07,True,CONVERGED,float64,cuda:0
forward,0,335,9.420896818833968e-07,True,CONVERGED,float64,cuda:0
forward,1,340,8.843137394171824e-07,True,CONVERGED,float64,cuda:0
forward,2,342,9.18710153512743e-07,True,CONVERGED,float64,cuda:0
adjoint,0,341,9.965030184860934e-07,True,CONVERGED,float64,cuda:0
adjoint,1,330,9.120990331455611e-07,True,CONVERGED,float64,cuda:0
adjoint,2,329,9.76393082031027e-07,True,CONVERGED,float64,cuda:0
forward,0,335,9.940599451818213e-07,True,CONVERGED,float64,cuda:0
forward,1,340,8.807895874786399e-07,True,CONVERGED,float64,cuda:0
forward,2,341,9.945772283967646e-07,True,CONVERGED,float64,cuda:0
adjoint,0,341,9.838804876824446e-07,True,CONVERGED,float64,cuda:0
adjoint,1,330,9.299690749914127e-07,True,CONVERGED,float64,cuda:0
adjoint,2,326,9.847573297180074e-07,True,CONVERGED,float64,cuda:0
forward,0,336,9.078020718030665e-07,True,CONVERGED,float64,cuda:0
forward,1,340,8.945117182598988e-07,True,CONVERGED,float64,cuda:0
forward,2,341,9.83699573690581e-07,True,CONVERGED,float64,cuda:0
adjoint,0,341,9.832869721255463e-07,True,CONVERGED,float64,cuda:0
adjoint,1,330,9.810917732253325e-07,True,CONVERGED,float64,cuda:0
adjoint,2,326,9.629073405158669e-07,True,CONVERGED,float64,cuda:0
forward,0,335,9.639255909879168e-07,True,CONVERGED,float64,cuda:0
forward,1,340,8.837097096873297e-07,True,CONVERGED,float64,cuda:0
forward,2,341,9.91120750575324e-07,True,CONVERGED,float64,cuda:0
adjoint,0,341,9.877255721318603e-07,True,CONVERGED,float64,cuda:0
adjoint,1,330,9.17742415969748e-07,True,CONVERGED,float64,cuda:0
adjoint,2,325,9.831159444154203e-07,True,CONVERGED,float64,cuda:0
forward,0,335,9.946000676427166e-07,True,CONVERGED,float64,cuda:0
forward,1,340,8.874889161542497e-07,True,CONVERGED,float64,cuda:0
forward,2,342,9.269033635073495e-07,True,CONVERGED,float64,cuda:0
adjoint,0,341,9.959272003478411e-07,True,CONVERGED,float64,cuda:0
adjoint,1,329,9.712977433505985e-07,True,CONVERGED,float64,cuda:0
adjoint,2,325,9.730097226668533e-07,True,CONVERGED,float64,cuda:0
forward,0,335,9.929657474577813e-07,True,CONVERGED,float64,cuda:0
forward,1,340,8.865135972039221e-07,True,CONVERGED,float64,cuda:0
forward,2,342,9.213860129132894e-07,True,CONVERGED,float64,cuda:0
adjoint,0,341,9.992274635813476e-07,True,CONVERGED,float64,cuda:0
adjoint,1,329,9.71550252725931e-07,True,CONVERGED,float64,cuda:0
adjoint,2,325,9.975776436268282e-07,True,CONVERGED,float64,cuda:0
forward,0,336,9.035499486507495e-07,True,CONVERGED,float64,cuda:0
forward,1,340,9.00506192458183e-07,True,CONVERGED,float64,cuda:0
forward,2,342,9.284577912088545e-07,True,CONVERGED,float64,cuda:0
adjoint,0,342,8.606380956718354e-07,True,CONVERGED,float64,cuda:0
adjoint,1,329,9.780935163351913e-07,True,CONVERGED,float64,cuda:0
adjoint,2,326,9.65208864686982e-07,True,CONVERGED,float64,cuda:0
forward,0,336,8.972716704529335e-07,True,CONVERGED,float64,cuda:0
forward,1,340,8.887520443511015e-07,True,CONVERGED,float64,cuda:0
forward,2,342,9.226158084328478e-07,True,CONVERGED,float64,cuda:0
adjoint,0,342,8.674782316959406e-07,True,CONVERGED,float64,cuda:0
adjoint,1,329,9.271548509866062e-07,True,CONVERGED,float64,cuda:0
adjoint,2,325,9.860870246328337e-07,True,CONVERGED,float64,cuda:0
forward,0,336,9.005718930000922e-07,True,CONVERGED,float64,cuda:0
forward,1,340,8.78209586199071e-07,True,CONVERGED,float64,cuda:0
forward,2,342,9.310390307702871e-07,True,CONVERGED,float64,cuda:0
adjoint,0,342,8.681844445000501e-07,True,CONVERGED,float64,cuda:0
adjoint,1,329,9.027932732645282e-07,True,CONVERGED,float64,cuda:0
adjoint,2,325,9.531484308523326e-07,True,CONVERGED,float64,cuda:0
forward,0,336,9.004384257525764e-07,True,CONVERGED,float64,cuda:0
forward,1,340,8.755961738154773e-07,True,CONVERGED,float64,cuda:0
forward,2,342,9.329435950389326e-07,True,CONVERGED,float64,cuda:0
adjoint,0,341,9.90431185413647e-07,True,CONVERGED,float64,cuda:0
adjoint,1,329,9.295697359808314e-07,True,CONVERGED,float64,cuda:0
adjoint,2,325,9.610929441515302e-07,True,CONVERGED,float64,cuda:0
forward,0,335,9.727980940867342e-07,True,CONVERGED,float64,cuda:0
forward,1,340,8.786354464042579e-07,True,CONVERGED,float64,cuda:0
forward,2,341,9.933771059993735e-07,True,CONVERGED,float64,cuda:0
adjoint,0,341,9.896935607488396e-07,True,CONVERGED,float64,cuda:0
adjoint,1,330,9.604649633792774e-07,True,CONVERGED,float64,cuda:0
adjoint,2,326,9.75376864309587e-07,True,CONVERGED,float64,cuda:0
forward,0,335,9.782153388717872e-07,True,CONVERGED,float64,cuda:0
forward,1,339,9.73883328232615e-07,True,CONVERGED,float64,cuda:0
forward,2,342,9.66029152321159e-07,True,CONVERGED,float64,cuda:0
adjoint,0,342,8.894807825718689e-07,True,CONVERGED,float64,cuda:0
adjoint,1,328,9.81756161244635e-07,True,CONVERGED,float64,cuda:0
adjoint,2,324,9.985229348999742e-07,True,CONVERGED,float64,cuda:0
forward,0,336,8.850480788446154e-07,True,CONVERGED,float64,cuda:0
forward,1,340,8.682656194714988e-07,True,CONVERGED,float64,cuda:0
forward,2,342,9.522890888044061e-07,True,CONVERGED,float64,cuda:0
adjoint,0,341,9.942410936361118e-07,True,CONVERGED,float64,cuda:0
adjoint,1,328,9.799958350613764e-07,True,CONVERGED,float64,cuda:0
adjoint,2,325,9.120062348657173e-07,True,CONVERGED,float64,cuda:0
forward,0,336,9.339530656942104e-07,True,CONVERGED,float64,cuda:0
forward,1,340,9.044710335831888e-07,True,CONVERGED,float64,cuda:0
forward,2,342,9.371049813224856e-07,True,CONVERGED,float64,cuda:0
adjoint,0,342,8.688968224874316e-07,True,CONVERGED,float64,cuda:0
adjoint,1,329,9.922697237515452e-07,True,CONVERGED,float64,cuda:0
adjoint,2,325,9.96233042183381e-07,True,CONVERGED,float64,cuda:0
forward,0,336,9.179093363168966e-07,True,CONVERGED,float64,cuda:0
forward,1,340,8.853451953396815e-07,True,CONVERGED,float64,cuda:0
forward,2,342,9.366716089891841e-07,True,CONVERGED,float64,cuda:0
adjoint,0,342,8.571125768853383e-07,True,CONVERGED,float64,cuda:0
adjoint,1,329,9.093340150522274e-07,True,CONVERGED,float64,cuda:0
adjoint,2,325,9.449932241659266e-07,True,CONVERGED,float64,cuda:0
forward,0,336,8.999248914148588e-07,True,CONVERGED,float64,cuda:0
forward,1,339,9.905314717934007e-07,True,CONVERGED,float64,cuda:0
forward,2,342,9.470903592535017e-07,True,CONVERGED,float64,cuda:0
adjoint,0,342,8.748177552865821e-07,True,CONVERGED,float64,cuda:0
adjoint,1,328,9.305895410486792e-07,True,CONVERGED,float64,cuda:0
adjoint,2,324,9.690249935351411e-07,True,CONVERGED,float64,cuda:0
forward,0,336,9.029213986360238e-07,True,CONVERGED,float64,cuda:0
forward,1,339,9.959610540019967e-07,True,CONVERGED,float64,cuda:0
forward,2,342,9.468656992041182e-07,True,CONVERGED,float64,cuda:0
adjoint,0,342,8.628301998832471e-07,True,CONVERGED,float64,cuda:0
adjoint,1,328,9.284879754131721e-07,True,CONVERGED,float64,cuda:0
adjoint,2,324,9.646844418542065e-07,True,CONVERGED,float64,cuda:0
forward,0,336,9.433317854964096e-07,True,CONVERGED,float64,cuda:0
forward,1,340,8.8537172303785e-07,True,CONVERGED,float64,cuda:0
forward,2,342,9.443215502356982e-07,True,CONVERGED,float64,cuda:0
adjoint,0,342,8.510767934934176e-07,True,CONVERGED,float64,cuda:0
adjoint,1,329,9.049705223934623e-07,True,CONVERGED,float64,cuda:0
adjoint,2,325,9.237123483530021e-07,True,CONVERGED,float64,cuda:0
forward,0,336,8.940063962537394e-07,True,CONVERGED,float64,cuda:0
forward,1,340,8.734208970509146e-07,True,CONVERGED,float64,cuda:0
forward,2,342,9.516918348969008e-07,True,CONVERGED,float64,cuda:0
adjoint,0,341,9.979014126678072e-07,True,CONVERGED,float64,cuda:0
adjoint,1,328,9.930876722415497e-07,True,CONVERGED,float64,cuda:0
adjoint,2,324,9.90148257309106e-07,True,CONVERGED,float64,cuda:0
forward,0,335,9.80950473252794e-07,True,CONVERGED,float64,cuda:0
forward,1,339,9.719557400537137e-07,True,CONVERGED,float64,cuda:0
forward,2,342,9.732579269726042e-07,True,CONVERGED,float64,cuda:0
adjoint,0,342,8.842688730760845e-07,True,CONVERGED,float64,cuda:0
adjoint,1,328,9.415085132631939e-07,True,CONVERGED,float64,cuda:0
adjoint,2,324,9.363647598425548e-07,True,CONVERGED,float64,cuda:0
forward,0,335,9.676054306628855e-07,True,CONVERGED,float64,cuda:0
forward,1,339,9.799255338670809e-07,True,CONVERGED,float64,cuda:0
forward,2,342,9.662802243690785e-07,True,CONVERGED,float64,cuda:0
adjoint,0,342,8.75832425555467e-07,True,CONVERGED,float64,cuda:0
adjoint,1,328,9.626397631076122e-07,True,CONVERGED,float64,cuda:0
adjoint,2,324,9.466390905360954e-07,True,CONVERGED,float64,cuda:0
forward,0,335,9.99902542281958e-07,True,CONVERGED,float64,cuda:0
forward,1,340,8.721337349969686e-07,True,CONVERGED,float64,cuda:0
forward,2,342,9.65751905263729e-07,True,CONVERGED,float64,cuda:0
adjoint,0,342,8.801876716697136e-07,True,CONVERGED,float64,cuda:0
adjoint,1,329,9.685709608689906e-07,True,CONVERGED,float64,cuda:0
adjoint,2,325,9.500577715303256e-07,True,CONVERGED,float64,cuda:0
forward,0,336,8.648160622632847e-07,True,CONVERGED,float64,cuda:0
forward,1,339,9.732858001042907e-07,True,CONVERGED,float64,cuda:0
forward,2,342,9.734580209875405e-07,True,CONVERGED,float64,cuda:0
adjoint,0,342,8.886898839409043e-07,True,CONVERGED,float64,cuda:0
adjoint,1,327,9.776598719911672e-07,True,CONVERGED,float64,cuda:0
adjoint,2,324,9.204005445202824e-07,True,CONVERGED,float64,cuda:0
forward,0,336,8.939102476233314e-07,True,CONVERGED,float64,cuda:0
forward,1,339,9.779273588195174e-07,True,CONVERGED,float64,cuda:0
forward,2,342,9.629740378713115e-07,True,CONVERGED,float64,cuda:0
adjoint,0,342,8.914457626992365e-07,True,CONVERGED,float64,cuda:0
adjoint,1,327,9.649646715436841e-07,True,CONVERGED,float64,cuda:0
adjoint,2,325,9.33979434521371e-07,True,CONVERGED,float64,cuda:0
forward,0,336,9.90777978647235e-07,True,CONVERGED,float64,cuda:0
forward,1,340,9.392786321723858e-07,True,CONVERGED,float64,cuda:0
forward,2,342,9.33116227637942e-07,True,CONVERGED,float64,cuda:0
adjoint,0,342,9.169082243483153e-07,True,CONVERGED,float64,cuda:0
adjoint,1,328,9.808233266995204e-07,True,CONVERGED,float64,cuda:0
adjoint,2,326,9.941934230968041e-07,True,CONVERGED,float64,cuda:0
forward,0,336,9.998140715077317e-07,True,CONVERGED,float64,cuda:0
forward,1,340,9.439636997102392e-07,True,CONVERGED,float64,cuda:0
forward,2,342,9.291065162377468e-07,True,CONVERGED,float64,cuda:0
adjoint,0,342,9.151468851515867e-07,True,CONVERGED,float64,cuda:0
adjoint,1,328,9.907683470431592e-07,True,CONVERGED,float64,cuda:0
adjoint,2,326,9.83741619916432e-07,True,CONVERGED,float64,cuda:0
forward,0,336,9.259108701425855e-07,True,CONVERGED,float64,cuda:0
forward,1,339,9.978772392683251e-07,True,CONVERGED,float64,cuda:0
forward,2,342,9.578256335373531e-07,True,CONVERGED,float64,cuda:0
adjoint,0,342,9.059876831187708e-07,True,CONVERGED,float64,cuda:0
adjoint,1,327,9.990208474188978e-07,True,CONVERGED,float64,cuda:0
adjoint,2,324,9.838140964806244e-07,True,CONVERGED,float64,cuda:0
forward,0,336,8.858372473381362e-07,True,CONVERGED,float64,cuda:0
forward,1,339,9.65069060751405e-07,True,CONVERGED,float64,cuda:0
forward,2,342,9.698150049071437e-07,True,CONVERGED,float64,cuda:0
adjoint,0,342,9.142535661691031e-07,True,CONVERGED,float64,cuda:0
adjoint,1,327,9.736181635983492e-07,True,CONVERGED,float64,cuda:0
adjoint,2,324,9.126577764442949e-07,True,CONVERGED,float64,cuda:0
forward,0,336,8.619973145225847e-07,True,CONVERGED,float64,cuda:0
forward,1,339,9.770474846400698e-07,True,CONVERGED,float64,cuda:0
forward,2,342,9.746431114318834e-07,True,CONVERGED,float64,cuda:0
adjoint,0,342,8.902538464466389e-07,True,CONVERGED,float64,cuda:0
adjoint,1,328,9.959272000674173e-07,True,CONVERGED,float64,cuda:0
adjoint,2,324,9.251452005853648e-07,True,CONVERGED,float64,cuda:0
forward,0,335,9.91888801714811e-07,True,CONVERGED,float64,cuda:0
forward,1,339,9.62968008502788e-07,True,CONVERGED,float64,cuda:0
forward,2,342,9.769268340198037e-07,True,CONVERGED,float64,cuda:0
adjoint,0,342,8.906484351375861e-07,True,CONVERGED,float64,cuda:0
adjoint,1,328,9.839789544702849e-07,True,CONVERGED,float64,cuda:0
adjoint,2,324,9.058218201438403e-07,True,CONVERGED,float64,cuda:0
forward,0,336,8.534270906974428e-07,True,CONVERGED,float64,cuda:0
forward,1,339,9.60746747449671e-07,True,CONVERGED,float64,cuda:0
forward,2,342,9.734637741912672e-07,True,CONVERGED,float64,cuda:0
adjoint,0,342,8.880311331489879e-07,True,CONVERGED,float64,cuda:0
adjoint,1,328,9.275100406973732e-07,True,CONVERGED,float64,cuda:0
adjoint,2,323,9.811461517868845e-07,True,CONVERGED,float64,cuda:0
forward,0,336,8.720942112667639e-07,True,CONVERGED,float64,cuda:0
forward,1,339,9.982802859891898e-07,True,CONVERGED,float64,cuda:0
forward,2,342,9.649910932785884e-07,True,CONVERGED,float64,cuda:0
adjoint,0,342,8.820196535080794e-07,True,CONVERGED,float64,cuda:0
adjoint,1,328,9.439530832967016e-07,True,CONVERGED,float64,cuda:0
adjoint,2,324,9.259047853332223e-07,True,CONVERGED,float64,cuda:0
forward,0,336,9.381747338458308e-07,True,CONVERGED,float64,cuda:0
forward,1,340,8.943884280137034e-07,True,CONVERGED,float64,cuda:0
forward,2,342,9.472401349171632e-07,True,CONVERGED,float64,cuda:0
adjoint,0,342,8.735897048736077e-07,True,CONVERGED,float64,cuda:0
adjoint,1,328,9.921810772498898e-07,True,CONVERGED,float64,cuda:0
adjoint,2,324,9.910076554818714e-07,True,CONVERGED,float64,cuda:0
forward,0,336,9.148338121530731e-07,True,CONVERGED,float64,cuda:0
forward,1,340,8.844947366246956e-07,True,CONVERGED,float64,cuda:0
forward,2,342,9.49521199091463e-07,True,CONVERGED,float64,cuda:0
adjoint,0,342,8.779141230746705e-07,True,CONVERGED,float64,cuda:0
adjoint,1,328,9.407086205686777e-07,True,CONVERGED,float64,cuda:0
adjoint,2,324,9.6430402203554e-07,True,CONVERGED,float64,cuda:0
forward,0,336,8.825808692046398e-07,True,CONVERGED,float64,cuda:0
forward,1,339,9.953284616974165e-07,True,CONVERGED,float64,cuda:0
forward,2,342,9.634405448922866e-07,True,CONVERGED,float64,cuda:0
adjoint,0,342,8.872788944376823e-07,True,CONVERGED,float64,cuda:0
adjoint,1,328,9.227759726782106e-07,True,CONVERGED,float64,cuda:0
adjoint,2,324,9.153528403785024e-07,True,CONVERGED,float64,cuda:0
forward,0,336,8.821419403083975e-07,True,CONVERGED,float64,cuda:0
forward,1,340,8.68542987664408e-07,True,CONVERGED,float64,cuda:0
forward,2,342,9.583180961836916e-07,True,CONVERGED,float64,cuda:0
adjoint,0,342,8.772651445253864e-07,True,CONVERGED,float64,cuda:0
adjoint,1,328,9.365538792040003e-07,True,CONVERGED,float64,cuda:0
adjoint,2,324,9.307855137825693e-07,True,CONVERGED,float64,cuda:0
forward,0,336,9.129631148235016e-07,True,CONVERGED,float64,cuda:0
forward,1,340,8.8594761672548e-07,True,CONVERGED,float64,cuda:0
forward,2,342,9.368392866551539e-07,True,CONVERGED,float64,cuda:0
adjoint,0,342,8.728628750791104e-07,True,CONVERGED,float64,cuda:0
adjoint,1,328,9.782715495687232e-07,True,CONVERGED,float64,cuda:0
adjoint,2,324,9.717267710075938e-07,True,CONVERGED,float64,cuda:0
forward,0,336,8.596561228211659e-07,True,CONVERGED,float64,cuda:0
forward,1,340,8.647198726099709e-07,True,CONVERGED,float64,cuda:0
forward,2,342,9.603001727170406e-07,True,CONVERGED,float64,cuda:0
adjoint,0,342,8.845651288498719e-07,True,CONVERGED,float64,cuda:0
adjoint,1,328,9.345224570144252e-07,True,CONVERGED,float64,cuda:0
adjoint,2,324,9.232490838655232e-07,True,CONVERGED,float64,cuda:0
forward,0,336,8.472156787613238e-07,True,CONVERGED,float64,cuda:0
forward,1,339,9.67373058896813e-07,True,CONVERGED,float64,cuda:0
forward,2,342,9.71419941304419e-07,True,CONVERGED,float64,cuda:0
adjoint,0,342,8.862901794199041e-07,True,CONVERGED,float64,cuda:0
adjoint,1,328,9.098350846627147e-07,True,CONVERGED,float64,cuda:0
adjoint,2,323,9.845281925209634e-07,True,CONVERGED,float64,cuda:0
forward,0,336,8.451697214912196e-07,True,CONVERGED,float64,cuda:0
forward,1,339,9.726792321809384e-07,True,CONVERGED,float64,cuda:0
forward,2,342,9.75805413416635e-07,True,CONVERGED,float64,cuda:0
adjoint,0,342,8.899629179783464e-07,True,CONVERGED,float64,cuda:0
adjoint,1,328,9.198782326125208e-07,True,CONVERGED,float64,cuda:0
adjoint,2,323,9.910502437943163e-07,True,CONVERGED,float64,cuda:0
forward,0,336,8.558892907629192e-07,True,CONVERGED,float64,cuda:0
forward,1,339,9.959409984290643e-07,True,CONVERGED,float64,cuda:0
forward,2,342,9.707176939607245e-07,True,CONVERGED,float64,cuda:0
adjoint,0,342,8.784607364182513e-07,True,CONVERGED,float64,cuda:0
adjoint,1,328,9.527283343462858e-07,True,CONVERGED,float64,cuda:0
adjoint,2,324,9.017215701215718e-07,True,CONVERGED,float64,cuda:0
forward,0,336,8.473263336519436e-07,True,CONVERGED,float64,cuda:0
forward,1,339,9.573517802625372e-07,True,CONVERGED,float64,cuda:0
forward,2,342,9.894856084793341e-07,True,CONVERGED,float64,cuda:0
adjoint,0,342,8.841768539750971e-07,True,CONVERGED,float64,cuda:0
adjoint,1,328,9.14919062006726e-07,True,CONVERGED,float64,cuda:0
adjoint,2,323,9.804733699027756e-07,True,CONVERGED,float64,cuda:0
forward,0,336,8.571458833517656e-07,True,CONVERGED,float64,cuda:0
forward,1,339,9.451634508894122e-07,True,CONVERGED,float64,cuda:0
forward,2,342,9.90653358799628e-07,True,CONVERGED,float64,cuda:0
adjoint,0,342,8.981335428211723e-07,True,CONVERGED,float64,cuda:0
adjoint,1,327,9.797269943934781e-07,True,CONVERGED,float64,cuda:0
adjoint,2,323,9.773970738062003e-07,True,CONVERGED,float64,cuda:0
forward,0,336,8.558263746630751e-07,True,CONVERGED,float64,cuda:0
forward,1,339,9.690745221321423e-07,True,CONVERGED,float64,cuda:0
forward,2,342,9.893863874397736e-07,True,CONVERGED,float64,cuda:0
adjoint,0,342,9.021517499910451e-07,True,CONVERGED,float64,cuda:0
adjoint,1,328,9.140689298525662e-07,True,CONVERGED,float64,cuda:0
adjoint,2,323,9.819975248158289e-07,True,CONVERGED,float64,cuda:0
forward,0,336,8.419776501722275e-07,True,CONVERGED,float64,cuda:0
forward,1,339,9.795344435620936e-07,True,CONVERGED,float64,cuda:0
forward,2,342,9.923246668050092e-07,True,CONVERGED,float64,cuda:0
adjoint,0,342,8.770191681593266e-07,True,CONVERGED,float64,cuda:0
adjoint,1,328,9.545849812238778e-07,True,CONVERGED,float64,cuda:0
adjoint,2,323,9.860052744555411e-07,True,CONVERGED,float64,cuda:0
forward,0,336,8.400448431457392e-07,True,CONVERGED,float64,cuda:0
forward,1,339,9.645182792630723e-07,True,CONVERGED,float64,cuda:0
forward,2,342,9.905606647716766e-07,True,CONVERGED,float64,cuda:0
adjoint,0,342,8.892933302412738e-07,True,CONVERGED,float64,cuda:0
adjoint,1,328,9.277893478114314e-07,True,CONVERGED,float64,cuda:0
adjoint,2,323,9.753414109601265e-07,True,CONVERGED,float64,cuda:0
forward,0,336,8.426672826969023e-07,True,CONVERGED,float64,cuda:0
forward,1,339,9.62587089970739e-07,True,CONVERGED,float64,cuda:0
forward,2,342,9.821375168740808e-07,True,CONVERGED,float64,cuda:0
adjoint,0,342,8.943959898985367e-07,True,CONVERGED,float64,cuda:0
adjoint,1,328,9.12209787989117e-07,True,CONVERGED,float64,cuda:0
adjoint,2,323,9.73173748675177e-07,True,CONVERGED,float64,cuda:0
forward,0,336,8.537255507610986e-07,True,CONVERGED,float64,cuda:0
forward,1,339,9.814308922195165e-07,True,CONVERGED,float64,cuda:0
forward,2,342,9.662406265736873e-07,True,CONVERGED,float64,cuda:0
adjoint,0,342,8.930845494961491e-07,True,CONVERGED,float64,cuda:0
adjoint,1,328,9.081238334407481e-07,True,CONVERGED,float64,cuda:0
adjoint,2,323,9.920232956058891e-07,True,CONVERGED,float64,cuda:0
forward,0,336,8.537556246730796e-07,True,CONVERGED,float64,cuda:0
forward,1,339,9.819628150011932e-07,True,CONVERGED,float64,cuda:0
forward,2,342,9.625952378192988e-07,True,CONVERGED,float64,cuda:0
adjoint,0,342,9.034474545507511e-07,True,CONVERGED,float64,cuda:0
adjoint,1,328,9.086582377456823e-07,True,CONVERGED,float64,cuda:0
adjoint,2,323,9.97185552685769e-07,True,CONVERGED,float64,cuda:0
forward,0,336,8.500335694892961e-07,True,CONVERGED,float64,cuda:0
forward,1,339,9.6914888608715e-07,True,CONVERGED,float64,cuda:0
forward,2,342,9.615043475630006e-07,True,CONVERGED,float64,cuda:0
adjoint,0,342,8.921394851263898e-07,True,CONVERGED,float64,cuda:0
adjoint,1,327,9.98205375406623e-07,True,CONVERGED,float64,cuda:0
adjoint,2,323,9.822068640827007e-07,True,CONVERGED,float64,cuda:0
forward,0,335,9.832236679567607e-07,True,CONVERGED,float64,cuda:0
forward,1,339,9.5572551608695e-07,True,CONVERGED,float64,cuda:0
forward,2,342,9.742965992320758e-07,True,CONVERGED,float64,cuda:0
adjoint,0,342,8.792156669774745e-07,True,CONVERGED,float64,cuda:0
adjoint,1,328,9.208985213361295e-07,True,CONVERGED,float64,cuda:0
adjoint,2,323,9.743312457157736e-07,True,CONVERGED,float64,cuda:0
forward,0,335,9.469104153987462e-07,True,CONVERGED,float64,cuda:0
forward,1,339,9.66654702524798e-07,True,CONVERGED,float64,cuda:0
forward,2,342,9.75969466930175e-07,True,CONVERGED,float64,cuda:0
adjoint,0,342,8.786524946368361e-07,True,CONVERGED,float64,cuda:0
adjoint,1,328,9.671996002223962e-07,True,CONVERGED,float64,cuda:0
adjoint,2,323,9.955847527406443e-07,True,CONVERGED,float64,cuda:0
forward,0,335,9.335062711714134e-07,True,CONVERGED,float64,cuda:0
forward,1,339,9.615613071047822e-07,True,CONVERGED,float64,cuda:0
forward,2,342,9.736510351878887e-07,True,CONVERGED,float64,cuda:0
adjoint,0,342,8.654413899412926e-07,True,CONVERGED,float64,cuda:0
adjoint,1,329,8.871232048982429e-07,True,CONVERGED,float64,cuda:0
adjoint,2,323,9.909090933998304e-07,True,CONVERGED,float64,cuda:0
forward,0,335,9.469374500728555e-07,True,CONVERGED,float64,cuda:0
forward,1,339,9.503435392203491e-07,True,CONVERGED,float64,cuda:0
forward,2,342,9.79106422506773e-07,True,CONVERGED,float64,cuda:0
adjoint,0,342,8.889028309674774e-07,True,CONVERGED,float64,cuda:0
adjoint,1,328,9.547952261608018e-07,True,CONVERGED,float64,cuda:0
adjoint,2,323,9.699533419008188e-07,True,CONVERGED,float64,cuda:0
forward,0,335,9.912498494561804e-07,True,CONVERGED,float64,cuda:0
forward,1,339,9.771157181509125e-07,True,CONVERGED,float64,cuda:0
forward,2,342,9.71215070120985e-07,True,CONVERGED,float64,cuda:0
adjoint,0,342,8.890031224605405e-07,True,CONVERGED,float64,cuda:0
adjoint,1,328,9.263641395581538e-07,True,CONVERGED,float64,cuda:0
adjoint,2,323,9.854738578965942e-07,True,CONVERGED,float64,cuda:0
forward,0,336,8.763858746976352e-07,True,CONVERGED,float64,cuda:0
forward,1,339,9.949851396099033e-07,True,CONVERGED,float64,cuda:0
forward,2,342,9.596376335363204e-07,True,CONVERGED,float64,cuda:0
adjoint,0,342,9.191720231431475e-07,True,CONVERGED,float64,cuda:0
adjoint,1,328,9.14853019215883e-07,True,CONVERGED,float64,cuda:0
adjoint,2,324,8.973671463756834e-07,True,CONVERGED,float64,cuda:0
forward,0,336,8.739502294525252e-07,True,CONVERGED,float64,cuda:0
forward,1,339,9.749930851035102e-07,True,CONVERGED,float64,cuda:0
forward,2,342,9.390370074540104e-07,True,CONVERGED,float64,cuda:0
adjoint,0,342,9.257021002697185e-07,True,CONVERGED,float64,cuda:0
adjoint,1,327,9.77708836401493e-07,True,CONVERGED,float64,cuda:0
adjoint,2,324,8.893580630310196e-07,True,CONVERGED,float64,cuda:0
forward,0,336,8.512662554450419e-07,True,CONVERGED,float64,cuda:0
forward,1,339,9.477781831070156e-07,True,CONVERGED,float64,cuda:0
forward,2,342,9.552868602516634e-07,True,CONVERGED,float64,cuda:0
adjoint,0,342,9.082144891998665e-07,True,CONVERGED,float64,cuda:0
adjoint,1,326,9.997745710834329e-07,True,CONVERGED,float64,cuda:0
adjoint,2,323,9.660688276682013e-07,True,CONVERGED,float64,cuda:0
forward,0,336,8.378353484081011e-07,True,CONVERGED,float64,cuda:0
forward,1,339,9.562774001489806e-07,True,CONVERGED,float64,cuda:0
forward,2,342,9.6106252793879e-07,True,CONVERGED,float64,cuda:0
adjoint,0,342,9.196333539224318e-07,True,CONVERGED,float64,cuda:0
adjoint,1,327,9.917086759958081e-07,True,CONVERGED,float64,cuda:0
adjoint,2,323,9.64671352026961e-07,True,CONVERGED,float64,cuda:0
forward,0,335,9.927071763817923e-07,True,CONVERGED,float64,cuda:0
forward,1,339,9.584998957716082e-07,True,CONVERGED,float64,cuda:0
forward,2,342,9.75874487248434e-07,True,CONVERGED,float64,cuda:0
adjoint,0,342,8.956030957577757e-07,True,CONVERGED,float64,cuda:0
adjoint,1,328,9.303592545391111e-07,True,CONVERGED,float64,cuda:0
adjoint,2,323,9.63808089237867e-07,True,CONVERGED,float64,cuda:0
forward,0,335,9.3474189784088e-07,True,CONVERGED,float64,cuda:0
forward,1,339,9.080589562802504e-07,True,CONVERGED,float64,cuda:0
forward,2,342,9.909040427444297e-07,True,CONVERGED,float64,cuda:0
adjoint,0,342,8.902742872638601e-07,True,CONVERGED,float64,cuda:0
adjoint,1,328,9.236467127709105e-07,True,CONVERGED,float64,cuda:0
adjoint,2,323,9.262684865842486e-07,True,CONVERGED,float64,cuda:0
forward,0,335,9.195171219277326e-07,True,CONVERGED,float64,cuda:0
forward,1,339,9.144510838983727e-07,True,CONVERGED,float64,cuda:0
forward,2,342,9.913426483456139e-07,True,CONVERGED,float64,cuda:0
adjoint,0,342,8.878411065974458e-07,True,CONVERGED,float64,cuda:0
adjoint,1,328,9.325548929089785e-07,True,CONVERGED,float64,cuda:0
adjoint,2,323,9.225181590764633e-07,True,CONVERGED,float64,cuda:0
forward,0,335,9.445189450569768e-07,True,CONVERGED,float64,cuda:0
forward,1,339,9.470424555876931e-07,True,CONVERGED,float64,cuda:0
forward,2,342,9.96302545806663e-07,True,CONVERGED,float64,cuda:0
adjoint,0,342,9.062409869694151e-07,True,CONVERGED,float64,cuda:0
adjoint,1,329,8.84619828061004e-07,True,CONVERGED,float64,cuda:0
adjoint,2,323,9.732400109860905e-07,True,CONVERGED,float64,cuda:0
forward,0,335,9.94907470005108e-07,True,CONVERGED,float64,cuda:0
forward,1,339,9.290314121147163e-07,True,CONVERGED,float64,cuda:0
forward,2,342,9.840904112236708e-07,True,CONVERGED,float64,cuda:0
adjoint,0,342,8.841846807163664e-07,True,CONVERGED,float64,cuda:0
adjoint,1,326,9.82793868188047e-07,True,CONVERGED,float64,cuda:0
adjoint,2,323,9.395502142833733e-07,True,CONVERGED,float64,cuda:0
forward,0,336,8.772220471204339e-07,True,CONVERGED,float64,cuda:0
forward,1,339,9.702441005326947e-07,True,CONVERGED,float64,cuda:0
forward,2,342,9.230238095842921e-07,True,CONVERGED,float64,cuda:0
adjoint,0,342,9.129705232153642e-07,True,CONVERGED,float64,cuda:0
adjoint,1,326,9.967988613497383e-07,True,CONVERGED,float64,cuda:0
adjoint,2,324,8.791453467981097e-07,True,CONVERGED,float64,cuda:0
forward,0,336,9.307961690104768e-07,True,CONVERGED,float64,cuda:0
forward,1,340,9.22474109689175e-07,True,CONVERGED,float64,cuda:0
forward,2,342,9.56327250338447e-07,True,CONVERGED,float64,cuda:0
adjoint,0,342,9.308319465049006e-07,True,CONVERGED,float64,cuda:0
adjoint,1,328,9.462874106752358e-07,True,CONVERGED,float64,cuda:0
adjoint,2,324,9.93731313068119e-07,True,CONVERGED,float64,cuda:0
forward,0,336,8.782699678184861e-07,True,CONVERGED,float64,cuda:0
forward,1,339,9.998290446344824e-07,True,CONVERGED,float64,cuda:0
forward,2,342,9.526491154872867e-07,True,CONVERGED,float64,cuda:0
adjoint,0,342,9.213411342085957e-07,True,CONVERGED,float64,cuda:0
adjoint,1,328,9.001681132084584e-07,True,CONVERGED,float64,cuda:0
adjoint,2,324,9.013467742078129e-07,True,CONVERGED,float64,cuda:0
forward,0,335,9.663633398419188e-07,True,CONVERGED,float64,cuda:0
forward,1,339,9.450858359231934e-07,True,CONVERGED,float64,cuda:0
forward,2,342,9.731858344185655e-07,True,CONVERGED,float64,cuda:0
adjoint,0,342,8.961996539061073e-07,True,CONVERGED,float64,cuda:0
adjoint,1,327,9.960047120088788e-07,True,CONVERGED,float64,cuda:0
adjoint,2,323,9.481976058172854e-07,True,CONVERGED,float64,cuda:0
forward,0,335,9.087285139955915e-07,True,CONVERGED,float64,cuda:0
forward,1,339,9.300662092247378e-07,True,CONVERGED,float64,cuda:0
forward,2,342,9.674551640027576e-07,True,CONVERGED,float64,cuda:0
adjoint,0,342,8.865935505516942e-07,True,CONVERGED,float64,cuda:0
adjoint,1,328,9.616371187104703e-07,True,CONVERGED,float64,cuda:0
adjoint,2,323,9.083180204165156e-07,True,CONVERGED,float64,cuda:0
forward,0,335,9.63057340719782e-07,True,CONVERGED,float64,cuda:0
forward,1,339,9.212488755156628e-07,True,CONVERGED,float64,cuda:0
forward,2,343,9.674093443763736e-07,True,CONVERGED,float64,cuda:0
adjoint,0,342,9.428802615386292e-07,True,CONVERGED,float64,cuda:0
adjoint,1,331,9.56068981944772e-07,True,CONVERGED,float64,cuda:0
adjoint,2,329,9.314465629213704e-07,True,CONVERGED,float64,cuda:0
forward,0,335,9.16153626990155e-07,True,CONVERGED,float64,cuda:0
forward,1,339,9.100476832610781e-07,True,CONVERGED,float64,cuda:0
forward,2,342,9.685927907767178e-07,True,CONVERGED,float64,cuda:0
adjoint,0,342,8.740797086774701e-07,True,CONVERGED,float64,cuda:0
adjoint,1,328,9.27841749076495e-07,True,CONVERGED,float64,cuda:0
adjoint,2,323,9.079854600514709e-07,True,CONVERGED,float64,cuda:0
forward,0,335,9.65174807461555e-07,True,CONVERGED,float64,cuda:0
forward,1,339,9.509856921572949e-07,True,CONVERGED,float64,cuda:0
forward,2,342,9.649739665934574e-07,True,CONVERGED,float64,cuda:0
adjoint,0,342,9.053771876479694e-07,True,CONVERGED,float64,cuda:0
adjoint,1,327,9.93272628212845e-07,True,CONVERGED,float64,cuda:0
adjoint,2,323,9.611132662941022e-07,True,CONVERGED,float64,cuda:0
forward,0,336,8.857262988566544e-07,True,CONVERGED,float64,cuda:0
forward,1,340,9.08390256326543e-07,True,CONVERGED,float64,cuda:0
forward,2,342,9.678842226354668e-07,True,CONVERGED,float64,cuda:0
adjoint,0,342,9.344461683938022e-07,True,CONVERGED,float64,cuda:0
adjoint,1,328,9.19587895058985e-07,True,CONVERGED,float64,cuda:0
adjoint,2,324,9.255238133637686e-07,True,CONVERGED,float64,cuda:0
forward,0,336,8.947168589958589e-07,True,CONVERGED,float64,cuda:0
forward,1,339,9.812858269707458e-07,True,CONVERGED,float64,cuda:0
forward,2,342,9.206381285035223e-07,True,CONVERGED,float64,cuda:0
adjoint,0,342,9.226240587024853e-07,True,CONVERGED,float64,cuda:0
adjoint,1,328,9.033596487020235e-07,True,CONVERGED,float64,cuda:0
adjoint,2,324,9.73259775583439e-07,True,CONVERGED,float64,cuda:0
forward,0,336,8.810866215328522e-07,True,CONVERGED,float64,cuda:0
forward,1,339,9.493691929384267e-07,True,CONVERGED,float64,cuda:0
forward,2,342,9.372079264002236e-07,True,CONVERGED,float64,cuda:0
adjoint,0,342,9.057713463410472e-07,True,CONVERGED,float64,cuda:0
adjoint,1,323,9.87747366164831e-07,True,CONVERGED,float64,cuda:0
adjoint,2,324,9.209999306199696e-07,True,CONVERGED,float64,cuda:0
forward,0,336,8.550370475290483e-07,True,CONVERGED,float64,cuda:0
forward,1,339,9.327683432448161e-07,True,CONVERGED,float64,cuda:0
forward,2,342,9.61186751366268e-07,True,CONVERGED,float64,cuda:0
adjoint,0,342,9.109032155096656e-07,True,CONVERGED,float64,cuda:0
adjoint,1,326,9.793601503538164e-07,True,CONVERGED,float64,cuda:0
adjoint,2,323,9.367271581944524e-07,True,CONVERGED,float64,cuda:0
forward,0,335,9.6905425024801e-07,True,CONVERGED,float64,cuda:0
forward,1,339,9.449885611754849e-07,True,CONVERGED,float64,cuda:0
forward,2,343,9.153708627281831e-07,True,CONVERGED,float64,cuda:0
adjoint,0,342,8.99956912633875e-07,True,CONVERGED,float64,cuda:0
adjoint,1,328,9.676514605236578e-07,True,CONVERGED,float64,cuda:0
adjoint,2,323,9.365318932080868e-07,True,CONVERGED,float64,cuda:0
forward,0,335,9.28781788447786e-07,True,CONVERGED,float64,cuda:0
forward,1,339,8.91713898409991e-07,True,CONVERGED,float64,cuda:0
forward,2,343,9.165341168725753e-07,True,CONVERGED,float64,cuda:0
adjoint,0,342,8.847905032505644e-07,True,CONVERGED,float64,cuda:0
adjoint,1,328,9.642215782398354e-07,True,CONVERGED,float64,cuda:0
adjoint,2,323,8.932359909426649e-07,True,CONVERGED,float64,cuda:0
forward,0,335,9.265346058583534e-07,True,CONVERGED,float64,cuda:0
forward,1,338,9.317103891867123e-07,True,CONVERGED,float64,cuda:0
forward,2,342,9.860521758513054e-07,True,CONVERGED,float64,cuda:0
adjoint,0,342,8.860498410718456e-07,True,CONVERGED,float64,cuda:0
adjoint,1,326,9.982042871972424e-07,True,CONVERGED,float64,cuda:0
adjoint,2,322,9.897555071477601e-07,True,CONVERGED,float64,cuda:0
forward,0,335,9.899080550117936e-07,True,CONVERGED,float64,cuda:0
forward,1,337,9.20720027922114e-07,True,CONVERGED,float64,cuda:0
forward,2,342,9.983717988189979e-07,True,CONVERGED,float64,cuda:0
adjoint,0,342,8.859694795545292e-07,True,CONVERGED,float64,cuda:0
adjoint,1,322,9.63742037285021e-07,True,CONVERGED,float64,cuda:0
adjoint,2,323,9.203396061408945e-07,True,CONVERGED,float64,cuda:0
forward,0,336,9.010603776047432e-07,True,CONVERGED,float64,cuda:0
forward,1,337,9.608771536389377e-07,True,CONVERGED,float64,cuda:0
forward,2,342,9.942889628117516e-07,True,CONVERGED,float64,cuda:0
adjoint,0,342,8.940353269459669e-07,True,CONVERGED,float64,cuda:0
adjoint,1,322,9.730467540965516e-07,True,CONVERGED,float64,cuda:0
adjoint,2,323,9.632857274414917e-07,True,CONVERGED,float64,cuda:0
forward,0,336,8.962832596419113e-07,True,CONVERGED,float64,cuda:0
forward,1,337,9.409703103677458e-07,True,CONVERGED,float64,cuda:0
forward,2,342,9.719891139130553e-07,True,CONVERGED,float64,cuda:0
adjoint,0,341,9.98431983716536e-07,True,CONVERGED,float64,cuda:0
adjoint,1,322,9.546188943171178e-07,True,CONVERGED,float64,cuda:0
adjoint,2,323,9.657880884317493e-07,True,CONVERGED,float64,cuda:0
forward,0,336,8.958862294022217e-07,True,CONVERGED,float64,cuda:0
forward,1,337,9.334930494511548e-07,True,CONVERGED,float64,cuda:0
forward,2,342,9.555865182334194e-07,True,CONVERGED,float64,cuda:0
adjoint,0,341,9.955309761525866e-07,True,CONVERGED,float64,cuda:0
adjoint,1,322,9.358524307031036e-07,True,CONVERGED,float64,cuda:0
adjoint,2,323,9.770491727264843e-07,True,CONVERGED,float64,cuda:0
forward,0,336,8.922331838534854e-07,True,CONVERGED,float64,cuda:0
forward,1,337,9.607643669331145e-07,True,CONVERGED,float64,cuda:0
forward,2,342,9.55210196118026e-07,True,CONVERGED,float64,cuda:0
adjoint,0,341,9.98497235289657e-07,True,CONVERGED,float64,cuda:0
adjoint,1,322,9.564953435378465e-07,True,CONVERGED,float64,cuda:0
adjoint,2,323,9.867996752372514e-07,True,CONVERGED,float64,cuda:0
forward,0,336,9.022291437698757e-07,True,CONVERGED,float64,cuda:0
forward,1,337,9.654093180496963e-07,True,CONVERGED,float64,cuda:0
forward,2,342,9.792003735912168e-07,True,CONVERGED,float64,cuda:0
adjoint,0,342,9.019752006046956e-07,True,CONVERGED,float64,cuda:0
adjoint,1,322,9.694006513150297e-07,True,CONVERGED,float64,cuda:0
adjoint,2,323,9.652061729539732e-07,True,CONVERGED,float64,cuda:0
forward,0,336,8.874814566569571e-07,True,CONVERGED,float64,cuda:0
forward,1,337,9.481839083708093e-07,True,CONVERGED,float64,cuda:0
forward,2,343,9.246939899326516e-07,True,CONVERGED,float64,cuda:0
adjoint,0,341,9.99785023434637e-07,True,CONVERGED,float64,cuda:0
adjoint,1,322,9.509468860386202e-07,True,CONVERGED,float64,cuda:0
adjoint,2,323,9.261950427636854e-07,True,CONVERGED,float64,cuda:0
forward,0,335,9.77992292168013e-07,True,CONVERGED,float64,cuda:0
forward,1,337,9.288331733245475e-07,True,CONVERGED,float64,cuda:0
forward,2,343,9.173188955125905e-07,True,CONVERGED,float64,cuda:0
adjoint,0,342,8.899611781721673e-07,True,CONVERGED,float64,cuda:0
adjoint,1,322,9.687890595417682e-07,True,CONVERGED,float64,cuda:0
adjoint,2,323,9.32847847419214e-07,True,CONVERGED,float64,cuda:0
forward,0,335,9.950677658380856e-07,True,CONVERGED,float64,cuda:0
forward,1,337,9.4269215802316e-07,True,CONVERGED,float64,cuda:0
forward,2,342,9.937629729002995e-07,True,CONVERGED,float64,cuda:0
adjoint,0,342,8.876997412276436e-07,True,CONVERGED,float64,cuda:0
adjoint,1,322,9.856584084152762e-07,True,CONVERGED,float64,cuda:0
adjoint,2,323,9.261269258388484e-07,True,CONVERGED,float64,cuda:0
forward,0,336,8.793890308752343e-07,True,CONVERGED,float64,cuda:0
forward,1,338,8.732670477158848e-07,True,CONVERGED,float64,cuda:0
forward,2,342,9.866871638725866e-07,True,CONVERGED,float64,cuda:0
adjoint,0,342,8.943990184472972e-07,True,CONVERGED,float64,cuda:0
adjoint,1,323,9.81181454193677e-07,True,CONVERGED,float64,cuda:0
adjoint,2,323,9.248829155425442e-07,True,CONVERGED,float64,cuda:0
forward,0,336,8.711275283739499e-07,True,CONVERGED,float64,cuda:0
forward,1,337,9.652215125678896e-07,True,CONVERGED,float64,cuda:0
forward,2,342,9.83605075976392e-07,True,CONVERGED,float64,cuda:0
adjoint,0,341,9.983771730696722e-07,True,CONVERGED,float64,cuda:0
adjoint,1,322,9.88932639828896e-07,True,CONVERGED,float64,cuda:0
adjoint,2,323,9.165777895623159e-07,True,CONVERGED,float64,cuda:0
forward,0,335,9.775026312529559e-07,True,CONVERGED,float64,cuda:0
forward,1,337,9.370324858962053e-07,True,CONVERGED,float64,cuda:0
forward,2,342,9.902733582332189e-07,True,CONVERGED,float64,cuda:0
adjoint,0,342,8.876709293368088e-07,True,CONVERGED,float64,cuda:0
adjoint,1,322,9.972640944484535e-07,True,CONVERGED,float64,cuda:0
adjoint,2,323,9.33568130971598e-07,True,CONVERGED,float64,cuda:0
forward,0,335,9.60349657262043e-07,True,CONVERGED,float64,cuda:0
forward,1,337,9.576733285544114e-07,True,CONVERGED,float64,cuda:0
forward,2,342,9.90121567829504e-07,True,CONVERGED,float64,cuda:0
adjoint,0,342,8.967370223131236e-07,True,CONVERGED,float64,cuda:0
adjoint,1,323,9.895507474158228e-07,True,CONVERGED,float64,cuda:0
adjoint,2,323,9.520923130469634e-07,True,CONVERGED,float64,cuda:0
forward,0,335,9.932688421837834e-07,True,CONVERGED,float64,cuda:0
forward,1,337,9.521523000486333e-07,True,CONVERGED,float64,cuda:0
forward,2,342,9.578344015057508e-07,True,CONVERGED,float64,cuda:0
adjoint,0,341,9.996692237488102e-07,True,CONVERGED,float64,cuda:0
adjoint,1,322,9.910919263309276e-07,True,CONVERGED,float64,cuda:0
adjoint,2,323,9.426813034979929e-07,True,CONVERGED,float64,cuda:0
forward,0,336,8.555511411114595e-07,True,CONVERGED,float64,cuda:0
forward,1,337,9.738065037262218e-07,True,CONVERGED,float64,cuda:0
forward,2,342,9.495309731120824e-07,True,CONVERGED,float64,cuda:0
adjoint,0,342,8.834575101720074e-07,True,CONVERGED,float64,cuda:0
adjoint,1,323,9.873221765407808e-07,True,CONVERGED,float64,cuda:0
adjoint,2,323,9.689268202677251e-07,True,CONVERGED,float64,cuda:0
forward,0,335,9.7363253884177e-07,True,CONVERGED,float64,cuda:0
forward,1,337,9.759965951688375e-07,True,CONVERGED,float64,cuda:0
forward,2,342,9.270664432478924e-07,True,CONVERGED,float64,cuda:0
adjoint,0,342,8.83512808221249e-07,True,CONVERGED,float64,cuda:0
adjoint,1,326,9.82943248859042e-07,True,CONVERGED,float64,cuda:0
adjoint,2,324,9.104233847594021e-07,True,CONVERGED,float64,cuda:0
forward,0,334,9.927827533549424e-07,True,CONVERGED,float64,cuda:0
forward,1,337,9.5765553296796e-07,True,CONVERGED,float64,cuda:0
forward,2,342,9.361340075404493e-07,True,CONVERGED,float64,cuda:0
adjoint,0,342,8.668888196922948e-07,True,CONVERGED,float64,cuda:0
adjoint,1,324,9.853946945023703e-07,True,CONVERGED,float64,cuda:0
adjoint,2,324,9.072689505618101e-07,True,CONVERGED,float64,cuda:0
forward,0,333,9.985740090718918e-07,True,CONVERGED,float64,cuda:0
forward,1,337,9.411965951896125e-07,True,CONVERGED,float64,cuda:0
forward,2,342,9.559895706945083e-07,True,CONVERGED,float64,cuda:0
adjoint,0,342,8.739510415146936e-07,True,CONVERGED,float64,cuda:0
adjoint,1,323,9.78886845539508e-07,True,CONVERGED,float64,cuda:0
adjoint,2,323,9.297838980013855e-07,True,CONVERGED,float64,cuda:0
forward,0,332,9.470067232621237e-07,True,CONVERGED,float64,cuda:0
forward,1,337,9.531710773151165e-07,True,CONVERGED,float64,cuda:0
forward,2,342,9.440587244879735e-07,True,CONVERGED,float64,cuda:0
adjoint,0,342,8.661522762496382e-07,True,CONVERGED,float64,cuda:0
adjoint,1,324,9.788218290835424e-07,True,CONVERGED,float64,cuda:0
adjoint,2,323,9.472347240873598e-07,True,CONVERGED,float64,cuda:0
forward,0,332,9.939318521007038e-07,True,CONVERGED,float64,cuda:0
forward,1,337,9.965328353295355e-07,True,CONVERGED,float64,cuda:0
forward,2,342,9.342018585455535e-07,True,CONVERGED,float64,cuda:0
adjoint,0,342,8.670312824124064e-07,True,CONVERGED,float64,cuda:0
adjoint,1,326,9.996001647252225e-07,True,CONVERGED,float64,cuda:0
adjoint,2,324,9.092973839489509e-07,True,CONVERGED,float64,cuda:0
forward,0,333,9.597999998233743e-07,True,CONVERGED,float64,cuda:0
forward,1,337,9.94166777229084e-07,True,CONVERGED,float64,cuda:0
forward,2,342,9.365180573927105e-07,True,CONVERGED,float64,cuda:0
adjoint,0,342,8.705927155678431e-07,True,CONVERGED,float64,cuda:0
adjoint,1,326,9.910863381839484e-07,True,CONVERGED,float64,cuda:0
adjoint,2,323,9.947489305792367e-07,True,CONVERGED,float64,cuda:0
forward,0,333,9.653552836699306e-07,True,CONVERGED,float64,cuda:0
forward,1,337,9.53463634704843e-07,True,CONVERGED,float64,cuda:0
forward,2,342,9.518056734930209e-07,True,CONVERGED,float64,cuda:0
adjoint,0,342,8.779873277030526e-07,True,CONVERGED,float64,cuda:0
adjoint,1,324,9.758557703530843e-07,True,CONVERGED,float64,cuda:0
adjoint,2,323,9.562672555610695e-07,True,CONVERGED,float64,cuda:0
forward,0,335,9.338813280329826e-07,True,CONVERGED,float64,cuda:0
forward,1,337,9.48171445595379e-07,True,CONVERGED,float64,cuda:0
forward,2,342,9.529307922068611e-07,True,CONVERGED,float64,cuda:0
adjoint,0,342,8.769493254033782e-07,True,CONVERGED,float64,cuda:0
adjoint,1,323,9.681958596937232e-07,True,CONVERGED,float64,cuda:0
adjoint,2,323,9.41899118843861e-07,True,CONVERGED,float64,cuda:0
forward,0,335,9.997051670763746e-07,True,CONVERGED,float64,cuda:0
forward,1,337,9.537064622297418e-07,True,CONVERGED,float64,cuda:0
forward,2,342,9.512314017859227e-07,True,CONVERGED,float64,cuda:0
adjoint,0,342,8.852080444506678e-07,True,CONVERGED,float64,cuda:0
adjoint,1,322,9.933621044514445e-07,True,CONVERGED,float64,cuda:0
adjoint,2,323,9.350459199039135e-07,True,CONVERGED,float64,cuda:0
forward,0,336,8.865305126706972e-07,True,CONVERGED,float64,cuda:0
forward,1,337,9.515155192379962e-07,True,CONVERGED,float64,cuda:0
forward,2,342,9.630562670908267e-07,True,CONVERGED,float64,cuda:0
adjoint,0,342,8.908585503031936e-07,True,CONVERGED,float64,cuda:0
adjoint,1,322,9.780666069189083e-07,True,CONVERGED,float64,cuda:0
adjoint,2,323,9.135462637830797e-07,True,CONVERGED,float64,cuda:0
forward,0,335,9.757030865504274e-07,True,CONVERGED,float64,cuda:0
forward,1,337,9.396640475370818e-07,True,CONVERGED,float64,cuda:0
forward,2,342,9.749891602439197e-07,True,CONVERGED,float64,cuda:0
adjoint,0,342,8.829726971866062e-07,True,CONVERGED,float64,cuda:0
adjoint,1,322,9.824747407262179e-07,True,CONVERGED,float64,cuda:0
adjoint,2,323,8.997883317952818e-07,True,CONVERGED,float64,cuda:0
forward,0,335,9.489870096596619e-07,True,CONVERGED,float64,cuda:0
forward,1,337,9.503130292154357e-07,True,CONVERGED,float64,cuda:0
forward,2,342,9.835241340277643e-07,True,CONVERGED,float64,cuda:0
adjoint,0,342,8.712832472272029e-07,True,CONVERGED,float64,cuda:0
adjoint,1,323,9.590651223684688e-07,True,CONVERGED,float64,cuda:0
adjoint,2,323,9.225136842277299e-07,True,CONVERGED,float64,cuda:0
forward,0,335,8.819143595537496e-07,True,CONVERGED,float64,cuda:0
forward,1,337,9.599542872833363e-07,True,CONVERGED,float64,cuda:0
forward,2,342,9.8589615558932e-07,True,CONVERGED,float64,cuda:0
adjoint,0,342,8.811645504965434e-07,True,CONVERGED,float64,cuda:0
adjoint,1,323,9.96171712874559e-07,True,CONVERGED,float64,cuda:0
adjoint,2,323,9.24530545133605e-07,True,CONVERGED,float64,cuda:0
forward,0,334,9.69666756804097e-07,True,CONVERGED,float64,cuda:0
forward,1,337,9.486666307518234e-07,True,CONVERGED,float64,cuda:0
forward,2,342,9.789163485298298e-07,True,CONVERGED,float64,cuda:0
adjoint,0,342,8.774390002979574e-07,True,CONVERGED,float64,cuda:0
adjoint,1,324,9.627458489199214e-07,True,CONVERGED,float64,cuda:0
adjoint,2,323,9.251160298266806e-07,True,CONVERGED,float64,cuda:0
forward,0,334,9.731545407620187e-07,True,CONVERGED,float64,cuda:0
forward,1,337,9.395550184930622e-07,True,CONVERGED,float64,cuda:0
forward,2,342,9.714883833133431e-07,True,CONVERGED,float64,cuda:0
adjoint,0,342,8.795878451974841e-07,True,CONVERGED,float64,cuda:0
adjoint,1,323,9.836595776164672e-07,True,CONVERGED,float64,cuda:0
adjoint,2,323,9.101571374198706e-07,True,CONVERGED,float64,cuda:0
forward,0,335,8.75201857006107e-07,True,CONVERGED,float64,cuda:0
forward,1,337,9.419601624242085e-07,True,CONVERGED,float64,cuda:0
forward,2,342,9.740313959941035e-07,True,CONVERGED,float64,cuda:0
adjoint,0,342,8.708087265527794e-07,True,CONVERGED,float64,cuda:0
adjoint,1,323,9.75098390130676e-07,True,CONVERGED,float64,cuda:0
adjoint,2,322,9.861961238080303e-07,True,CONVERGED,float64,cuda:0
forward,0,335,8.744679556431093e-07,True,CONVERGED,float64,cuda:0
forward,1,337,9.388491989238465e-07,True,CONVERGED,float64,cuda:0
forward,2,342,9.623774301887704e-07,True,CONVERGED,float64,cuda:0
adjoint,0,342,8.818320256877692e-07,True,CONVERGED,float64,cuda:0
adjoint,1,323,9.71189912356585e-07,True,CONVERGED,float64,cuda:0
adjoint,2,322,9.754938654239293e-07,True,CONVERGED,float64,cuda:0
forward,0,334,9.256106658920625e-07,True,CONVERGED,float64,cuda:0
forward,1,337,9.295541375625363e-07,True,CONVERGED,float64,cuda:0
forward,2,342,9.515158756641206e-07,True,CONVERGED,float64,cuda:0
adjoint,0,342,8.850693791788275e-07,True,CONVERGED,float64,cuda:0
adjoint,1,323,9.735158368944748e-07,True,CONVERGED,float64,cuda:0
adjoint,2,322,9.616457047487157e-07,True,CONVERGED,float64,cuda:0
forward,0,333,9.789481414007553e-07,True,CONVERGED,float64,cuda:0
forward,1,337,9.338425234882385e-07,True,CONVERGED,float64,cuda:0
forward,2,342,9.402534681040047e-07,True,CONVERGED,float64,cuda:0
adjoint,0,342,8.798874420763631e-07,True,CONVERGED,float64,cuda:0
adjoint,1,323,9.84810569759149e-07,True,CONVERGED,float64,cuda:0
adjoint,2,322,9.665588730223864e-07,True,CONVERGED,float64,cuda:0
forward,0,333,9.76490333034511e-07,True,CONVERGED,float64,cuda:0
forward,1,337,9.480997031245751e-07,True,CONVERGED,float64,cuda:0
forward,2,342,9.306373161789109e-07,True,CONVERGED,float64,cuda:0
adjoint,0,342,8.724287163778535e-07,True,CONVERGED,float64,cuda:0
adjoint,1,324,9.69002734458758e-07,True,CONVERGED,float64,cuda:0
adjoint,2,322,9.77129880729044e-07,True,CONVERGED,float64,cuda:0
forward,0,333,9.808509804707858e-07,True,CONVERGED,float64,cuda:0
forward,1,337,9.559772974929335e-07,True,CONVERGED,float64,cuda:0
forward,2,342,9.295922605425894e-07,True,CONVERGED,float64,cuda:0
adjoint,0,342,8.738296133318016e-07,True,CONVERGED,float64,cuda:0
adjoint,1,324,9.810693021952782e-07,True,CONVERGED,float64,cuda:0
adjoint,2,322,9.762079813952278e-07,True,CONVERGED,float64,cuda:0
forward,0,333,9.649558421428233e-07,True,CONVERGED,float64,cuda:0
forward,1,337,9.416307996273709e-07,True,CONVERGED,float64,cuda:0
forward,2,342,9.33975276626886e-07,True,CONVERGED,float64,cuda:0
adjoint,0,342,8.727244388280191e-07,True,CONVERGED,float64,cuda:0
adjoint,1,324,9.686273723771888e-07,True,CONVERGED,float64,cuda:0
adjoint,2,322,9.616838704699127e-07,True,CONVERGED,float64,cuda:0
forward,0,334,9.705149239659613e-07,True,CONVERGED,float64,cuda:0
forward,1,337,9.419524631135255e-07,True,CONVERGED,float64,cuda:0
forward,2,342,9.406113258543499e-07,True,CONVERGED,float64,cuda:0
adjoint,0,341,9.979018769907798e-07,True,CONVERGED,float64,cuda:0
adjoint,1,323,9.818291607724432e-07,True,CONVERGED,float64,cuda:0
adjoint,2,322,9.527626288606623e-07,True,CONVERGED,float64,cuda:0
forward,0,335,9.153292815853575e-07,True,CONVERGED,float64,cuda:0
forward,1,337,9.428717614445226e-07,True,CONVERGED,float64,cuda:0
forward,2,342,9.478284889477297e-07,True,CONVERGED,float64,cuda:0
adjoint,0,341,9.986881032047848e-07,True,CONVERGED,float64,cuda:0
adjoint,1,323,9.624014130649296e-07,True,CONVERGED,float64,cuda:0
adjoint,2,322,9.644635524560478e-07,True,CONVERGED,float64,cuda:0
forward,0,335,9.299324537228884e-07,True,CONVERGED,float64,cuda:0
forward,1,337,9.36787348182644e-07,True,CONVERGED,float64,cuda:0
forward,2,342,9.543511044106841e-07,True,CONVERGED,float64,cuda:0
adjoint,0,342,8.780851069502286e-07,True,CONVERGED,float64,cuda:0
adjoint,1,322,9.98021722512791e-07,True,CONVERGED,float64,cuda:0
adjoint,2,322,9.512412223699138e-07,True,CONVERGED,float64,cuda:0
forward,0,335,9.759603058639587e-07,True,CONVERGED,float64,cuda:0
forward,1,337,9.463116226549533e-07,True,CONVERGED,float64,cuda:0
forward,2,342,9.663630225685007e-07,True,CONVERGED,float64,cuda:0
adjoint,0,341,9.932491306006664e-07,True,CONVERGED,float64,cuda:0
adjoint,1,322,9.665138548645126e-07,True,CONVERGED,float64,cuda:0
adjoint,2,322,9.725925383827855e-07,True,CONVERGED,float64,cuda:0
forward,0,335,9.82849507945043e-07,True,CONVERGED,float64,cuda:0
forward,1,337,9.398264511178483e-07,True,CONVERGED,float64,cuda:0
forward,2,342,9.511134371339209e-07,True,CONVERGED,float64,cuda:0
adjoint,0,341,9.8838429346091e-07,True,CONVERGED,float64,cuda:0
adjoint,1,322,9.39003635169477e-07,True,CONVERGED,float64,cuda:0
adjoint,2,323,9.018320977460635e-07,True,CONVERGED,float64,cuda:0
forward,0,335,9.920837985788988e-07,True,CONVERGED,float64,cuda:0
forward,1,337,9.426161706748451e-07,True,CONVERGED,float64,cuda:0
forward,2,342,9.594533992594571e-07,True,CONVERGED,float64,cuda:0
adjoint,0,341,9.86937846760145e-07,True,CONVERGED,float64,cuda:0
adjoint,1,322,9.2800238340418e-07,True,CONVERGED,float64,cuda:0
adjoint,2,323,9.125533315933596e-07,True,CONVERGED,float64,cuda:0
forward,0,335,9.822566896419987e-07,True,CONVERGED,float64,cuda:0
forward,1,337,9.389311625705655e-07,True,CONVERGED,float64,cuda:0
forward,2,342,9.636840734401233e-07,True,CONVERGED,float64,cuda:0
adjoint,0,341,9.908302071813806e-07,True,CONVERGED,float64,cuda:0
adjoint,1,322,9.285596746260785e-07,True,CONVERGED,float64,cuda:0
adjoint,2,322,9.911900934872111e-07,True,CONVERGED,float64,cuda:0
forward,0,335,9.68462450841572e-07,True,CONVERGED,float64,cuda:0
forward,1,337,9.375119299979733e-07,True,CONVERGED,float64,cuda:0
forward,2,342,9.782082024108935e-07,True,CONVERGED,float64,cuda:0
adjoint,0,341,9.910112453470486e-07,True,CONVERGED,float64,cuda:0
adjoint,1,322,9.559141641844767e-07,True,CONVERGED,float64,cuda:0
adjoint,2,322,9.381936921093316e-07,True,CONVERGED,float64,cuda:0
forward,0,335,9.605763144846737e-07,True,CONVERGED,float64,cuda:0
forward,1,337,9.41360551565401e-07,True,CONVERGED,float64,cuda:0
forward,2,342,9.78127855789082e-07,True,CONVERGED,float64,cuda:0
adjoint,0,341,9.83752056511371e-07,True,CONVERGED,float64,cuda:0
adjoint,1,322,9.701173442381531e-07,True,CONVERGED,float64,cuda:0
adjoint,2,322,9.30438937294392e-07,True,CONVERGED,float64,cuda:0
forward,0,335,9.188991983609338e-07,True,CONVERGED,float64,cuda:0
forward,1,337,9.328301260324259e-07,True,CONVERGED,float64,cuda:0
forward,2,342,9.756565288288938e-07,True,CONVERGED,float64,cuda:0
adjoint,0,341,9.814968805530561e-07,True,CONVERGED,float64,cuda:0
adjoint,1,323,9.526566640650369e-07,True,CONVERGED,float64,cuda:0
adjoint,2,322,9.171679034932219e-07,True,CONVERGED,float64,cuda:0
forward,0,335,9.378649470391298e-07,True,CONVERGED,float64,cuda:0
forward,1,337,9.586450613399824e-07,True,CONVERGED,float64,cuda:0
forward,2,342,9.640063304864378e-07,True,CONVERGED,float64,cuda:0
adjoint,0,341,9.834984629469842e-07,True,CONVERGED,float64,cuda:0
adjoint,1,322,9.987093905610952e-07,True,CONVERGED,float64,cuda:0
adjoint,2,322,9.392930008150432e-07,True,CONVERGED,float64,cuda:0
forward,0,335,9.251735507338404e-07,True,CONVERGED,float64,cuda:0
forward,1,337,9.388630878292272e-07,True,CONVERGED,float64,cuda:0
forward,2,342,9.509571582862156e-07,True,CONVERGED,float64,cuda:0
adjoint,0,341,9.810652454050243e-07,True,CONVERGED,float64,cuda:0
adjoint,1,322,9.854817635806398e-07,True,CONVERGED,float64,cuda:0
adjoint,2,322,9.337984230189326e-07,True,CONVERGED,float64,cuda:0
forward,0,335,9.196519891487002e-07,True,CONVERGED,float64,cuda:0
forward,1,337,9.23449219628227e-07,True,CONVERGED,float64,cuda:0
forward,2,342,9.640545760882807e-07,True,CONVERGED,float64,cuda:0
adjoint,0,341,9.864244421389116e-07,True,CONVERGED,float64,cuda:0
adjoint,1,322,9.725122161145458e-07,True,CONVERGED,float64,cuda:0
adjoint,2,322,9.206466773078849e-07,True,CONVERGED,float64,cuda:0
forward,0,335,9.405567268934086e-07,True,CONVERGED,float64,cuda:0
forward,1,337,9.257553296156381e-07,True,CONVERGED,float64,cuda:0
forward,2,342,9.571174307440397e-07,True,CONVERGED,float64,cuda:0
adjoint,0,341,9.85126293766556e-07,True,CONVERGED,float64,cuda:0
adjoint,1,322,9.499331417664392e-07,True,CONVERGED,float64,cuda:0
adjoint,2,323,9.448370728510977e-07,True,CONVERGED,float64,cuda:0
forward,0,335,9.38536434513912e-07,True,CONVERGED,float64,cuda:0
forward,1,337,9.281490960420435e-07,True,CONVERGED,float64,cuda:0
forward,2,342,9.529376607525525e-07,True,CONVERGED,float64,cuda:0
adjoint,0,341,9.911523014513487e-07,True,CONVERGED,float64,cuda:0
adjoint,1,322,9.574376647303844e-07,True,CONVERGED,float64,cuda:0
adjoint,2,323,9.945942523646173e-07,True,CONVERGED,float64,cuda:0
forward,0,335,9.313706384500468e-07,True,CONVERGED,float64,cuda:0
forward,1,337,9.293062628603887e-07,True,CONVERGED,float64,cuda:0
forward,2,342,9.415258415652914e-07,True,CONVERGED,float64,cuda:0
adjoint,0,342,8.855691703237007e-07,True,CONVERGED,float64,cuda:0
adjoint,1,322,9.600542636145592e-07,True,CONVERGED,float64,cuda:0
adjoint,2,324,8.591340886886821e-07,True,CONVERGED,float64,cuda:0
forward,0,335,9.057722129690257e-07,True,CONVERGED,float64,cuda:0
forward,1,337,9.152639160305e-07,True,CONVERGED,float64,cuda:0
forward,2,342,9.492449603321394e-07,True,CONVERGED,float64,cuda:0
adjoint,0,341,9.800285729452107e-07,True,CONVERGED,float64,cuda:0
adjoint,1,322,9.40447170478074e-07,True,CONVERGED,float64,cuda:0
adjoint,2,323,9.419028785416529e-07,True,CONVERGED,float64,cuda:0
forward,0,335,9.147110536935207e-07,True,CONVERGED,float64,cuda:0
forward,1,337,9.146473437272538e-07,True,CONVERGED,float64,cuda:0
forward,2,342,9.563497231427489e-07,True,CONVERGED,float64,cuda:0
adjoint,0,341,9.814813018865427e-07,True,CONVERGED,float64,cuda:0
adjoint,1,322,9.42362161962139e-07,True,CONVERGED,float64,cuda:0
adjoint,2,322,9.951794037190975e-07,True,CONVERGED,float64,cuda:0
forward,0,335,8.962664459812446e-07,True,CONVERGED,float64,cuda:0
forward,1,337,9.134187118279477e-07,True,CONVERGED,float64,cuda:0
forward,2,342,9.72126364922416e-07,True,CONVERGED,float64,cuda:0
adjoint,0,341,9.865569854271243e-07,True,CONVERGED,float64,cuda:0
adjoint,1,322,9.713253395556824e-07,True,CONVERGED,float64,cuda:0
adjoint,2,322,8.637990806326335e-07,True,CONVERGED,float64,cuda:0
forward,0,335,8.69583983013563e-07,True,CONVERGED,float64,cuda:0
forward,1,337,9.200197642988267e-07,True,CONVERGED,float64,cuda:0
forward,2,342,9.482888241001987e-07,True,CONVERGED,float64,cuda:0
adjoint,0,341,9.654096950714172e-07,True,CONVERGED,float64,cuda:0
adjoint,1,322,9.400721968007248e-07,True,CONVERGED,float64,cuda:0
adjoint,2,322,9.735455289176167e-07,True,CONVERGED,float64,cuda:0
forward,0,335,9.004817154560646e-07,True,CONVERGED,float64,cuda:0
forward,1,337,9.369164973401154e-07,True,CONVERGED,float64,cuda:0
forward,2,342,9.493572126140716e-07,True,CONVERGED,float64,cuda:0
adjoint,0,341,9.731810215838724e-07,True,CONVERGED,float64,cuda:0
adjoint,1,322,9.461430748826073e-07,True,CONVERGED,float64,cuda:0
adjoint,2,323,9.056584611568171e-07,True,CONVERGED,float64,cuda:0
forward,0,335,9.243257744505914e-07,True,CONVERGED,float64,cuda:0
forward,1,337,9.223928455295355e-07,True,CONVERGED,float64,cuda:0
forward,2,342,9.591462212793317e-07,True,CONVERGED,float64,cuda:0
adjoint,0,341,9.888302283974125e-07,True,CONVERGED,float64,cuda:0
adjoint,1,322,9.419140738914151e-07,True,CONVERGED,float64,cuda:0
adjoint,2,323,8.960459397170286e-07,True,CONVERGED,float64,cuda:0
forward,0,335,9.047288028108123e-07,True,CONVERGED,float64,cuda:0
forward,1,337,8.936795996707655e-07,True,CONVERGED,float64,cuda:0
forward,2,342,9.66074664464818e-07,True,CONVERGED,float64,cuda:0
adjoint,0,342,8.681239426200396e-07,True,CONVERGED,float64,cuda:0
adjoint,1,322,9.437226250995664e-07,True,CONVERGED,float64,cuda:0
adjoint,2,322,8.894261996933222e-07,True,CONVERGED,float64,cuda:0
forward,0,335,8.759809181925395e-07,True,CONVERGED,float64,cuda:0
forward,1,337,9.034907337305388e-07,True,CONVERGED,float64,cuda:0
forward,2,342,9.641352915453291e-07,True,CONVERGED,float64,cuda:0
adjoint,0,341,9.910118402451638e-07,True,CONVERGED,float64,cuda:0
adjoint,1,322,9.560342022500098e-07,True,CONVERGED,float64,cuda:0
adjoint,2,322,8.830443529000561e-07,True,CONVERGED,float64,cuda:0
forward,0,335,9.019752434634236e-07,True,CONVERGED,float64,cuda:0
forward,1,337,9.753333954077698e-07,True,CONVERGED,float64,cuda:0
forward,2,342,9.536195324683187e-07,True,CONVERGED,float64,cuda:0
adjoint,0,341,9.825210855302124e-07,True,CONVERGED,float64,cuda:0
adjoint,1,322,9.70744700194312e-07,True,CONVERGED,float64,cuda:0
adjoint,2,323,9.659005279957932e-07,True,CONVERGED,float64,cuda:0
forward,0,335,9.060695692167225e-07,True,CONVERGED,float64,cuda:0
forward,1,337,9.755756618478088e-07,True,CONVERGED,float64,cuda:0
forward,2,342,9.436451717535402e-07,True,CONVERGED,float64,cuda:0
adjoint,0,341,9.903608413208495e-07,True,CONVERGED,float64,cuda:0
adjoint,1,322,9.712838747543822e-07,True,CONVERGED,float64,cuda:0
adjoint,2,324,8.602954907350784e-07,True,CONVERGED,float64,cuda:0
forward,0,335,8.763057372801262e-07,True,CONVERGED,float64,cuda:0
forward,1,337,8.95687153905449e-07,True,CONVERGED,float64,cuda:0
forward,2,342,9.521248675390365e-07,True,CONVERGED,float64,cuda:0
adjoint,0,341,9.892123107583094e-07,True,CONVERGED,float64,cuda:0
adjoint,1,322,9.397671490019838e-07,True,CONVERGED,float64,cuda:0
adjoint,2,322,9.792509349269594e-07,True,CONVERGED,float64,cuda:0
forward,0,335,9.028021798598999e-07,True,CONVERGED,float64,cuda:0
forward,1,337,8.911636928449058e-07,True,CONVERGED,float64,cuda:0
forward,2,342,9.516125921805786e-07,True,CONVERGED,float64,cuda:0
adjoint,0,342,8.696590792853865e-07,True,CONVERGED,float64,cuda:0
adjoint,1,322,9.399559279379425e-07,True,CONVERGED,float64,cuda:0
adjoint,2,322,9.434264920178342e-07,True,CONVERGED,float64,cuda:0
forward,0,335,9.262357934833417e-07,True,CONVERGED,float64,cuda:0
forward,1,337,9.207197914338769e-07,True,CONVERGED,float64,cuda:0
forward,2,342,9.437524935466928e-07,True,CONVERGED,float64,cuda:0
adjoint,0,342,8.661332198573091e-07,True,CONVERGED,float64,cuda:0
adjoint,1,322,9.393553403422381e-07,True,CONVERGED,float64,cuda:0
adjoint,2,323,9.664302422836101e-07,True,CONVERGED,float64,cuda:0
forward,0,335,8.811886524698004e-07,True,CONVERGED,float64,cuda:0
forward,1,337,9.176875006008167e-07,True,CONVERGED,float64,cuda:0
forward,2,342,9.383999400802226e-07,True,CONVERGED,float64,cuda:0
adjoint,0,341,9.835023763118724e-07,True,CONVERGED,float64,cuda:0
adjoint,1,322,9.375616769801822e-07,True,CONVERGED,float64,cuda:0
adjoint,2,323,9.500142342187944e-07,True,CONVERGED,float64,cuda:0
forward,0,334,9.83842432407263e-07,True,CONVERGED,float64,cuda:0
forward,1,337,8.912302874181519e-07,True,CONVERGED,float64,cuda:0
forward,2,342,9.465674085410491e-07,True,CONVERGED,float64,cuda:0
adjoint,0,341,9.7291967155317e-07,True,CONVERGED,float64,cuda:0
adjoint,1,322,9.329649774390361e-07,True,CONVERGED,float64,cuda:0
adjoint,2,322,9.140950826042794e-07,True,CONVERGED,float64,cuda:0
forward,0,335,8.612890488216977e-07,True,CONVERGED,float64,cuda:0
forward,1,337,8.966522106574393e-07,True,CONVERGED,float64,cuda:0
forward,2,342,9.635785362469563e-07,True,CONVERGED,float64,cuda:0
adjoint,0,341,9.941515268182962e-07,True,CONVERGED,float64,cuda:0
adjoint,1,322,9.539975893301418e-07,True,CONVERGED,float64,cuda:0
adjoint,2,321,9.505313787800701e-07,True,CONVERGED,float64,cuda:0
forward,0,335,8.651667770441095e-07,True,CONVERGED,float64,cuda:0
forward,1,337,9.066428144920623e-07,True,CONVERGED,float64,cuda:0
forward,2,342,9.729094778588433e-07,True,CONVERGED,float64,cuda:0
adjoint,0,341,9.950082373942645e-07,True,CONVERGED,float64,cuda:0
adjoint,1,322,9.745499870180193e-07,True,CONVERGED,float64,cuda:0
adjoint,2,321,9.369427675615009e-07,True,CONVERGED,float64,cuda:0
forward,0,334,9.92229932811762e-07,True,CONVERGED,float64,cuda:0
forward,1,337,9.215732803762209e-07,True,CONVERGED,float64,cuda:0
forward,2,342,9.427439695138463e-07,True,CONVERGED,float64,cuda:0
adjoint,0,341,9.688712412166932e-07,True,CONVERGED,float64,cuda:0
adjoint,1,322,9.969828095295236e-07,True,CONVERGED,float64,cuda:0
adjoint,2,323,9.361559553053766e-07,True,CONVERGED,float64,cuda:0
forward,0,335,8.961537018798959e-07,True,CONVERGED,float64,cuda:0
forward,1,337,8.975650574618886e-07,True,CONVERGED,float64,cuda:0
forward,2,342,9.339989767606545e-07,True,CONVERGED,float64,cuda:0
adjoint,0,341,9.921390326935405e-07,True,CONVERGED,float64,cuda:0
adjoint,1,322,9.227099230021652e-07,True,CONVERGED,float64,cuda:0
adjoint,2,323,9.77043057900565e-07,True,CONVERGED,float64,cuda:0
forward,0,335,9.86558541968264e-07,True,CONVERGED,float64,cuda:0
forward,1,337,9.150098601806064e-07,True,CONVERGED,float64,cuda:0
forward,2,342,9.627242515928723e-07,True,CONVERGED,float64,cuda:0
adjoint,0,342,8.993706002230017e-07,True,CONVERGED,float64,cuda:0
adjoint,1,322,9.21646719383797e-07,True,CONVERGED,float64,cuda:0
adjoint,2,323,9.83106618980248e-07,True,CONVERGED,float64,cuda:0
forward,0,335,9.011040868703115e-07,True,CONVERGED,float64,cuda:0
forward,1,337,8.948083592777079e-07,True,CONVERGED,float64,cuda:0
forward,2,342,9.239286413959988e-07,True,CONVERGED,float64,cuda:0
adjoint,0,341,9.901722185175552e-07,True,CONVERGED,float64,cuda:0
adjoint,1,322,9.176392728943143e-07,True,CONVERGED,float64,cuda:0
adjoint,2,324,8.580894082632109e-07,True,CONVERGED,float64,cuda:0
forward,0,335,8.753045510823942e-07,True,CONVERGED,float64,cuda:0
forward,1,337,9.118808753696244e-07,True,CONVERGED,float64,cuda:0
forward,2,342,9.276874944681905e-07,True,CONVERGED,float64,cuda:0
adjoint,0,341,9.60264042168455e-07,True,CONVERGED,float64,cuda:0
adjoint,1,322,9.436700397844137e-07,True,CONVERGED,float64,cuda:0
adjoint,2,324,9.004543302518716e-07,True,CONVERGED,float64,cuda:0
forward,0,335,8.894618285671319e-07,True,CONVERGED,float64,cuda:0
forward,1,337,9.081573690264509e-07,True,CONVERGED,float64,cuda:0
forward,2,342,9.432945711204665e-07,True,CONVERGED,float64,cuda:0
adjoint,0,341,9.871352879206965e-07,True,CONVERGED,float64,cuda:0
adjoint,1,322,9.327841729488114e-07,True,CONVERGED,float64,cuda:0
adjoint,2,323,9.062182481451701e-07,True,CONVERGED,float64,cuda:0
forward,0,335,8.78070611994056e-07,True,CONVERGED,float64,cuda:0
forward,1,337,8.983505186802564e-07,True,CONVERGED,float64,cuda:0
forward,2,343,9.467195803672716e-07,True,CONVERGED,float64,cuda:0
adjoint,0,342,8.978598427074446e-07,True,CONVERGED,float64,cuda:0
adjoint,1,324,9.655394136176546e-07,True,CONVERGED,float64,cuda:0
adjoint,2,318,9.927689908568945e-07,True,CONVERGED,float64,cuda:0
forward,0,334,8.808091779059728e-07,True,CONVERGED,float64,cuda:0
forward,1,336,9.66267471127332e-07,True,CONVERGED,float64,cuda:0
forward,2,342,9.57723150786839e-07,True,CONVERGED,float64,cuda:0
adjoint,0,341,9.392846674098085e-07,True,CONVERGED,float64,cuda:0
adjoint,1,322,9.508818030031165e-07,True,CONVERGED,float64,cuda:0
adjoint,2,324,9.131477281805477e-07,True,CONVERGED,float64,cuda:0
forward,0,334,8.867887268306459e-07,True,CONVERGED,float64,cuda:0
forward,1,336,9.95589056626026e-07,True,CONVERGED,float64,cuda:0
forward,2,342,9.606366682731709e-07,True,CONVERGED,float64,cuda:0
adjoint,0,341,9.426995912962487e-07,True,CONVERGED,float64,cuda:0
adjoint,1,322,9.648667347764473e-07,True,CONVERGED,float64,cuda:0
adjoint,2,321,9.395975365701665e-07,True,CONVERGED,float64,cuda:0
forward,0,335,9.488373111294456e-07,True,CONVERGED,float64,cuda:0
forward,1,339,9.233105381181775e-07,True,CONVERGED,float64,cuda:0
forward,2,342,9.829587495113346e-07,True,CONVERGED,float64,cuda:0
adjoint,0,342,8.976026473980013e-07,True,CONVERGED,float64,cuda:0
adjoint,1,326,9.909300705869317e-07,True,CONVERGED,float64,cuda:0
adjoint,2,322,9.792994071631235e-07,True,CONVERGED,float64,cuda:0
forward,0,335,9.809811790528373e-07,True,CONVERGED,float64,cuda:0
forward,1,338,9.261662727403315e-07,True,CONVERGED,float64,cuda:0
forward,2,342,9.8112072973312e-07,True,CONVERGED,float64,cuda:0
adjoint,0,342,8.988171417343384e-07,True,CONVERGED,float64,cuda:0
adjoint,1,324,9.745700362685413e-07,True,CONVERGED,float64,cuda:0
adjoint,2,322,9.81158850590305e-07,True,CONVERGED,float64,cuda:0
forward,0,335,8.74107005751055e-07,True,CONVERGED,float64,cuda:0
forward,1,336,9.962305667345995e-07,True,CONVERGED,float64,cuda:0
forward,2,342,9.69670542305957e-07,True,CONVERGED,float64,cuda:0
adjoint,0,342,8.863301584555093e-07,True,CONVERGED,float64,cuda:0
adjoint,1,322,9.644706364285854e-07,True,CONVERGED,float64,cuda:0
adjoint,2,322,9.957590265641175e-07,True,CONVERGED,float64,cuda:0
forward,0,335,8.836065177864393e-07,True,CONVERGED,float64,cuda:0
forward,1,336,9.816162618743636e-07,True,CONVERGED,float64,cuda:0
forward,2,342,9.706168059294352e-07,True,CONVERGED,float64,cuda:0
adjoint,0,341,9.61817563495305e-07,True,CONVERGED,float64,cuda:0
adjoint,1,322,9.457332578620766e-07,True,CONVERGED,float64,cuda:0
adjoint,2,323,9.231208227345304e-07,True,CONVERGED,float64,cuda:0
forward,0,335,9.286270539576717e-07,True,CONVERGED,float64,cuda:0
forward,1,337,9.127890443675688e-07,True,CONVERGED,float64,cuda:0
forward,2,342,9.392802002032641e-07,True,CONVERGED,float64,cuda:0
adjoint,0,341,9.79874377917226e-07,True,CONVERGED,float64,cuda:0
adjoint,1,322,9.562874068592966e-07,True,CONVERGED,float64,cuda:0
adjoint,2,324,8.960288350222243e-07,True,CONVERGED,float64,cuda:0
forward,0,335,9.68980876762607e-07,True,CONVERGED,float64,cuda:0
forward,1,338,8.795170271326759e-07,True,CONVERGED,float64,cuda:0
forward,2,342,9.635012875476547e-07,True,CONVERGED,float64,cuda:0
adjoint,0,342,8.988175874420259e-07,True,CONVERGED,float64,cuda:0
adjoint,1,323,9.76237306192566e-07,True,CONVERGED,float64,cuda:0
adjoint,2,323,9.986186002976992e-07,True,CONVERGED,float64,cuda:0
forward,0,335,9.023594298086823e-07,True,CONVERGED,float64,cuda:0
forward,1,337,9.408831204233329e-07,True,CONVERGED,float64,cuda:0
forward,2,342,9.539554703783852e-07,True,CONVERGED,float64,cuda:0
adjoint,0,341,9.903946921909916e-07,True,CONVERGED,float64,cuda:0
adjoint,1,322,9.58363617480884e-07,True,CONVERGED,float64,cuda:0
adjoint,2,323,9.472837064517035e-07,True,CONVERGED,float64,cuda:0
forward,0,334,9.514350509806331e-07,True,CONVERGED,float64,cuda:0
forward,1,336,9.847020036005275e-07,True,CONVERGED,float64,cuda:0
forward,2,342,9.682688206703845e-07,True,CONVERGED,float64,cuda:0
adjoint,0,341,9.633289747654203e-07,True,CONVERGED,float64,cuda:0
adjoint,1,322,9.30844514498146e-07,True,CONVERGED,float64,cuda:0
adjoint,2,321,9.606490722050634e-07,True,CONVERGED,float64,cuda:0
forward,0,334,9.468691929485401e-07,True,CONVERGED,float64,cuda:0
forward,1,336,9.649325476128288e-07,True,CONVERGED,float64,cuda:0
forward,2,342,9.774623188032293e-07,True,CONVERGED,float64,cuda:0
adjoint,0,341,9.680265730648495e-07,True,CONVERGED,float64,cuda:0
adjoint,1,322,9.573985548146492e-07,True,CONVERGED,float64,cuda:0
adjoint,2,321,8.835023346075561e-07,True,CONVERGED,float64,cuda:0
forward,0,335,9.352193712817997e-07,True,CONVERGED,float64,cuda:0
forward,1,337,9.181667123770899e-07,True,CONVERGED,float64,cuda:0
forward,2,342,9.734693785535006e-07,True,CONVERGED,float64,cuda:0
adjoint,0,341,9.926749577904668e-07,True,CONVERGED,float64,cuda:0
adjoint,1,322,9.426313098358765e-07,True,CONVERGED,float64,cuda:0
adjoint,2,322,9.990928844031097e-07,True,CONVERGED,float64,cuda:0
forward,0,335,8.902346933680425e-07,True,CONVERGED,float64,cuda:0
forward,1,337,9.238579184693539e-07,True,CONVERGED,float64,cuda:0
forward,2,342,9.309914102802324e-07,True,CONVERGED,float64,cuda:0
adjoint,0,341,9.72634377121551e-07,True,CONVERGED,float64,cuda:0
adjoint,1,322,9.165409814117646e-07,True,CONVERGED,float64,cuda:0
adjoint,2,323,9.737525460268195e-07,True,CONVERGED,float64,cuda:0
forward,0,334,9.887783941852704e-07,True,CONVERGED,float64,cuda:0
forward,1,337,8.79033160682137e-07,True,CONVERGED,float64,cuda:0
forward,2,342,9.38426645545484e-07,True,CONVERGED,float64,cuda:0
adjoint,0,341,9.511033002417788e-07,True,CONVERGED,float64,cuda:0
adjoint,1,322,9.230886129500734e-07,True,CONVERGED,float64,cuda:0
adjoint,2,323,9.510794499880411e-07,True,CONVERGED,float64,cuda:0
forward,0,335,8.781541316733527e-07,True,CONVERGED,float64,cuda:0
forward,1,337,8.563444910462733e-07,True,CONVERGED,float64,cuda:0
forward,2,342,9.477580188129248e-07,True,CONVERGED,float64,cuda:0
adjoint,0,341,9.638089856692535e-07,True,CONVERGED,float64,cuda:0
adjoint,1,322,9.173998939341792e-07,True,CONVERGED,float64,cuda:0
adjoint,2,323,9.079853967013085e-07,True,CONVERGED,float64,cuda:0
forward,0,335,9.188475694000759e-07,True,CONVERGED,float64,cuda:0
forward,1,337,9.015324367296933e-07,True,CONVERGED,float64,cuda:0
forward,2,342,9.350128481550674e-07,True,CONVERGED,float64,cuda:0
adjoint,0,341,9.86349576151451e-07,True,CONVERGED,float64,cuda:0
adjoint,1,322,9.29875973771351e-07,True,CONVERGED,float64,cuda:0
adjoint,2,323,9.559383733012928e-07,True,CONVERGED,float64,cuda:0
forward,0,335,9.933703016293798e-07,True,CONVERGED,float64,cuda:0
forward,1,337,9.457958011230494e-07,True,CONVERGED,float64,cuda:0
forward,2,342,9.309054033447627e-07,True,CONVERGED,float64,cuda:0
adjoint,0,341,9.546298038398166e-07,True,CONVERGED,float64,cuda:0
adjoint,1,322,9.809807895235535e-07,True,CONVERGED,float64,cuda:0
adjoint,2,324,9.639667081317426e-07,True,CONVERGED,float64,cuda:0
forward,0,335,8.803762856362031e-07,True,CONVERGED,float64,cuda:0
forward,1,337,8.665425873537504e-07,True,CONVERGED,float64,cuda:0
forward,2,342,9.395628657307009e-07,True,CONVERGED,float64,cuda:0
adjoint,0,341,9.5986509899773e-07,True,CONVERGED,float64,cuda:0
adjoint,1,322,9.336533471133444e-07,True,CONVERGED,float64,cuda:0
adjoint,2,323,9.54583941558956e-07,True,CONVERGED,float64,cuda:0
forward,0,334,9.820304914002494e-07,True,CONVERGED,float64,cuda:0
forward,1,336,9.867257228936866e-07,True,CONVERGED,float64,cuda:0
forward,2,342,9.5656742742315e-07,True,CONVERGED,float64,cuda:0
adjoint,0,341,9.49225851090184e-07,True,CONVERGED,float64,cuda:0
adjoint,1,322,9.263264709146899e-07,True,CONVERGED,float64,cuda:0
adjoint,2,323,8.920522737973227e-07,True,CONVERGED,float64,cuda:0
forward,0,334,9.58112074153544e-07,True,CONVERGED,float64,cuda:0
forward,1,336,9.8540458032935e-07,True,CONVERGED,float64,cuda:0
forward,2,342,9.771579160687282e-07,True,CONVERGED,float64,cuda:0
adjoint,0,341,9.660910837972377e-07,True,CONVERGED,float64,cuda:0
adjoint,1,322,9.592519795454348e-07,True,CONVERGED,float64,cuda:0
adjoint,2,322,8.719370294611469e-07,True,CONVERGED,float64,cuda:0
forward,0,335,8.814872285775267e-07,True,CONVERGED,float64,cuda:0
forward,1,337,9.126173505270334e-07,True,CONVERGED,float64,cuda:0
forward,2,342,9.610340022486076e-07,True,CONVERGED,float64,cuda:0
adjoint,0,341,9.737112201378975e-07,True,CONVERGED,float64,cuda:0
adjoint,1,322,9.670833006360675e-07,True,CONVERGED,float64,cuda:0
adjoint,2,322,9.728045754314443e-07,True,CONVERGED,float64,cuda:0
forward,0,335,9.092869182445567e-07,True,CONVERGED,float64,cuda:0
forward,1,337,9.17814785039298e-07,True,CONVERGED,float64,cuda:0
forward,2,342,9.50733698201021e-07,True,CONVERGED,float64,cuda:0
adjoint,0,341,9.590851618592418e-07,True,CONVERGED,float64,cuda:0
adjoint,1,322,9.559240799172632e-07,True,CONVERGED,float64,cuda:0
adjoint,2,323,9.214033200406525e-07,True,CONVERGED,float64,cuda:0
forward,0,334,9.856433266871408e-07,True,CONVERGED,float64,cuda:0
forward,1,337,8.670303983512477e-07,True,CONVERGED,float64,cuda:0
forward,2,342,9.527243956834632e-07,True,CONVERGED,float64,cuda:0
adjoint,0,341,9.474565959699715e-07,True,CONVERGED,float64,cuda:0
adjoint,1,322,9.363261292707444e-07,True,CONVERGED,float64,cuda:0
adjoint,2,322,9.689336618689222e-07,True,CONVERGED,float64,cuda:0
forward,0,334,9.339090152865751e-07,True,CONVERGED,float64,cuda:0
forward,1,336,9.76278138887953e-07,True,CONVERGED,float64,cuda:0
forward,2,342,9.609151743856801e-07,True,CONVERGED,float64,cuda:0
adjoint,0,341,9.634595768512805e-07,True,CONVERGED,float64,cuda:0
adjoint,1,322,9.589348754988342e-07,True,CONVERGED,float64,cuda:0
adjoint,2,321,9.818148818912832e-07,True,CONVERGED,float64,cuda:0
forward,0,334,9.886706341083897e-07,True,CONVERGED,float64,cuda:0
forward,1,336,9.90118374505986e-07,True,CONVERGED,float64,cuda:0
forward,2,342,9.741960334783774e-07,True,CONVERGED,float64,cuda:0
adjoint,0,341,9.86456958690865e-07,True,CONVERGED,float64,cuda:0
adjoint,1,322,9.731806676051226e-07,True,CONVERGED,float64,cuda:0
adjoint,2,321,9.948535015964702e-07,True,CONVERGED,float64,cuda:0
forward,0,334,9.957266704103506e-07,True,CONVERGED,float64,cuda:0
forward,1,337,8.789744702688453e-07,True,CONVERGED,float64,cuda:0
forward,2,342,9.40576423222513e-07,True,CONVERGED,float64,cuda:0
adjoint,0,341,9.726256774311308e-07,True,CONVERGED,float64,cuda:0
adjoint,1,322,9.447965501349381e-07,True,CONVERGED,float64,cuda:0
adjoint,2,323,9.593498892169538e-07,True,CONVERGED,float64,cuda:0
forward,0,335,9.298979424320006e-07,True,CONVERGED,float64,cuda:0
forward,1,337,9.118937189154816e-07,True,CONVERGED,float64,cuda:0
forward,2,342,9.308431743134924e-07,True,CONVERGED,float64,cuda:0
adjoint,0,341,9.405636432348988e-07,True,CONVERGED,float64,cuda:0
adjoint,1,322,9.768178564322552e-07,True,CONVERGED,float64,cuda:0
adjoint,2,324,9.516934903880777e-07,True,CONVERGED,float64,cuda:0
forward,0,334,9.803344868890472e-07,True,CONVERGED,float64,cuda:0
forward,1,337,8.741476616835837e-07,True,CONVERGED,float64,cuda:0
forward,2,342,9.238235526049908e-07,True,CONVERGED,float64,cuda:0
adjoint,0,341,9.669032233660944e-07,True,CONVERGED,float64,cuda:0
adjoint,1,322,9.310891725592707e-07,True,CONVERGED,float64,cuda:0
adjoint,2,323,9.711262356398206e-07,True,CONVERGED,float64,cuda:0
forward,0,334,9.961885101578614e-07,True,CONVERGED,float64,cuda:0
forward,1,337,8.662940522537171e-07,True,CONVERGED,float64,cuda:0
forward,2,342,9.335487675154014e-07,True,CONVERGED,float64,cuda:0
adjoint,0,341,9.746967174323322e-07,True,CONVERGED,float64,cuda:0
adjoint,1,322,9.222615753234864e-07,True,CONVERGED,float64,cuda:0
adjoint,2,323,9.67838401384581e-07,True,CONVERGED,float64,cuda:0
forward,0,335,8.736895591054337e-07,True,CONVERGED,float64,cuda:0
forward,1,336,9.993386390356103e-07,True,CONVERGED,float64,cuda:0
forward,2,342,9.526273719485771e-07,True,CONVERGED,float64,cuda:0
adjoint,0,341,9.929787352039466e-07,True,CONVERGED,float64,cuda:0
adjoint,1,322,9.331247782936429e-07,True,CONVERGED,float64,cuda:0
adjoint,2,322,9.284493833289866e-07,True,CONVERGED,float64,cuda:0
forward,0,334,9.762864694361267e-07,True,CONVERGED,float64,cuda:0
forward,1,336,9.770116848352274e-07,True,CONVERGED,float64,cuda:0
forward,2,342,9.602321048222212e-07,True,CONVERGED,float64,cuda:0
adjoint,0,341,9.722352421259258e-07,True,CONVERGED,float64,cuda:0
adjoint,1,322,9.421866930101103e-07,True,CONVERGED,float64,cuda:0
adjoint,2,321,9.770088598325144e-07,True,CONVERGED,float64,cuda:0
forward,0,334,8.965373763359443e-07,True,CONVERGED,float64,cuda:0
forward,1,336,9.738155777121929e-07,True,CONVERGED,float64,cuda:0
forward,2,342,9.726687330273433e-07,True,CONVERGED,float64,cuda:0
adjoint,0,341,9.613420124797973e-07,True,CONVERGED,float64,cuda:0
adjoint,1,322,9.811514437632302e-07,True,CONVERGED,float64,cuda:0
adjoint,2,320,9.428675639476732e-07,True,CONVERGED,float64,cuda:0
forward,0,335,8.794862037164175e-07,True,CONVERGED,float64,cuda:0
forward,1,337,9.380921330654288e-07,True,CONVERGED,float64,cuda:0
forward,2,342,9.521538001685459e-07,True,CONVERGED,float64,cuda:0
adjoint,0,341,9.918174236471965e-07,True,CONVERGED,float64,cuda:0
adjoint,1,322,9.70289284204297e-07,True,CONVERGED,float64,cuda:0
adjoint,2,322,9.012784042464212e-07,True,CONVERGED,float64,cuda:0
forward,0,335,8.797311902919485e-07,True,CONVERGED,float64,cuda:0
forward,1,337,9.404434782538042e-07,True,CONVERGED,float64,cuda:0
forward,2,342,9.325979497571322e-07,True,CONVERGED,float64,cuda:0
adjoint,0,341,9.769372140887682e-07,True,CONVERGED,float64,cuda:0
adjoint,1,322,9.493623463952e-07,True,CONVERGED,float64,cuda:0
adjoint,2,323,9.58804886154563e-07,True,CONVERGED,float64,cuda:0
forward,0,334,9.67587460844942e-07,True,CONVERGED,float64,cuda:0
forward,1,337,8.727246583723771e-07,True,CONVERGED,float64,cuda:0
forward,2,342,9.245134356650373e-07,True,CONVERGED,float64,cuda:0
adjoint,0,341,9.683878547445452e-07,True,CONVERGED,float64,cuda:0
adjoint,1,322,9.2283696013274e-07,True,CONVERGED,float64,cuda:0
adjoint,2,323,9.679593795100922e-07,True,CONVERGED,float64,cuda:0
forward,0,334,9.887498602278385e-07,True,CONVERGED,float64,cuda:0
forward,1,336,9.730875285076043e-07,True,CONVERGED,float64,cuda:0
forward,2,342,9.439450678260744e-07,True,CONVERGED,float64,cuda:0
adjoint,0,341,9.87782829771314e-07,True,CONVERGED,float64,cuda:0
adjoint,1,322,9.313311555738026e-07,True,CONVERGED,float64,cuda:0
adjoint,2,323,9.65478288239467e-07,True,CONVERGED,float64,cuda:0
forward,0,334,9.856797721322132e-07,True,CONVERGED,float64,cuda:0
forward,1,336,9.9462772864637e-07,True,CONVERGED,float64,cuda:0
forward,2,342,9.336717433109382e-07,True,CONVERGED,float64,cuda:0
adjoint,0,341,9.799412582299151e-07,True,CONVERGED,float64,cuda:0
adjoint,1,322,9.340023943573086e-07,True,CONVERGED,float64,cuda:0
adjoint,2,323,9.089642241749262e-07,True,CONVERGED,float64,cuda:0
forward,0,335,8.918849705600702e-07,True,CONVERGED,float64,cuda:0
forward,1,337,9.213852530535194e-07,True,CONVERGED,float64,cuda:0
forward,2,342,9.28021423736572e-07,True,CONVERGED,float64,cuda:0
adjoint,0,341,9.678862917696656e-07,True,CONVERGED,float64,cuda:0
adjoint,1,322,9.632878911724707e-07,True,CONVERGED,float64,cuda:0
adjoint,2,324,8.637132332222306e-07,True,CONVERGED,float64,cuda:0
forward,0,335,8.653641254926497e-07,True,CONVERGED,float64,cuda:0
forward,1,337,8.965361890187674e-07,True,CONVERGED,float64,cuda:0
forward,2,342,9.198138792462501e-07,True,CONVERGED,float64,cuda:0
adjoint,0,341,9.573344441468297e-07,True,CONVERGED,float64,cuda:0
adjoint,1,322,9.588307884730477e-07,True,CONVERGED,float64,cuda:0
adjoint,2,323,9.791383931470997e-07,True,CONVERGED,float64,cuda:0
forward,0,334,9.62920173712416e-07,True,CONVERGED,float64,cuda:0
forward,1,337,8.785965276643231e-07,True,CONVERGED,float64,cuda:0
forward,2,342,9.215055874161671e-07,True,CONVERGED,float64,cuda:0
adjoint,0,341,9.624399048632257e-07,True,CONVERGED,float64,cuda:0
adjoint,1,322,9.40253686347142e-07,True,CONVERGED,float64,cuda:0
adjoint,2,323,9.884455577241525e-07,True,CONVERGED,float64,cuda:0
forward,0,334,9.996938051714518e-07,True,CONVERGED,float64,cuda:0
forward,1,337,8.596724588436958e-07,True,CONVERGED,float64,cuda:0
forward,2,342,9.293896233629874e-07,True,CONVERGED,float64,cuda:0
adjoint,0,341,9.78099217582708e-07,True,CONVERGED,float64,cuda:0
adjoint,1,322,9.086030828427041e-07,True,CONVERGED,float64,cuda:0
adjoint,2,324,8.899692973467007e-07,True,CONVERGED,float64,cuda:0
forward,0,335,8.7174599798633e-07,True,CONVERGED,float64,cuda:0
forward,1,336,9.76686398387235e-07,True,CONVERGED,float64,cuda:0
forward,2,342,9.589281369510787e-07,True,CONVERGED,float64,cuda:0
adjoint,0,341,9.901330876420513e-07,True,CONVERGED,float64,cuda:0
adjoint,1,322,9.312198695695345e-07,True,CONVERGED,float64,cuda:0
adjoint,2,323,9.049040877809225e-07,True,CONVERGED,float64,cuda:0
forward,0,334,9.49184442519878e-07,True,CONVERGED,float64,cuda:0
forward,1,336,9.718226554029436e-07,True,CONVERGED,float64,cuda:0
forward,2,342,9.593620535147658e-07,True,CONVERGED,float64,cuda:0
adjoint,0,341,9.73781239559392e-07,True,CONVERGED,float64,cuda:0
adjoint,1,322,9.354108860701815e-07,True,CONVERGED,float64,cuda:0
adjoint,2,321,9.75310488513424e-07,True,CONVERGED,float64,cuda:0
forward,0,335,8.770666543326913e-07,True,CONVERGED,float64,cuda:0
forward,1,338,9.091051032833003e-07,True,CONVERGED,float64,cuda:0
forward,2,342,9.450539329032344e-07,True,CONVERGED,float64,cuda:0
adjoint,0,341,9.943720737525364e-07,True,CONVERGED,float64,cuda:0
adjoint,1,330,9.692522486970035e-07,True,CONVERGED,float64,cuda:0
adjoint,2,324,9.493761968007418e-07,True,CONVERGED,float64,cuda:0
forward,0,337,9.550594241582782e-07,True,CONVERGED,float64,cuda:0
forward,1,337,8.741214682918989e-07,True,CONVERGED,float64,cuda:0
forward,2,344,9.481571669678498e-07,True,CONVERGED,float64,cuda:0
adjoint,0,344,9.155259862579139e-07,True,CONVERGED,float64,cuda:0
adjoint,1,324,9.968229905830559e-07,True,CONVERGED,float64,cuda:0
adjoint,2,326,9.540225745255213e-07,True,CONVERGED,float64,cuda:0
forward,0,338,8.96848416536347e-07,True,CONVERGED,float64,cuda:0
forward,1,337,9.14734682436684e-07,True,CONVERGED,float64,cuda:0
forward,2,345,9.718286979939383e-07,True,CONVERGED,float64,cuda:0
adjoint,0,344,9.564657893117509e-07,True,CONVERGED,float64,cuda:0
adjoint,1,329,9.949005926403345e-07,True,CONVERGED,float64,cuda:0
adjoint,2,335,9.932726986276615e-07,True,CONVERGED,float64,cuda:0
forward,0,338,8.642449842686983e-07,True,CONVERGED,float64,cuda:0
forward,1,337,9.378681399710861e-07,True,CONVERGED,float64,cuda:0
forward,2,345,9.658047530630693e-07,True,CONVERGED,float64,cuda:0
adjoint,0,344,9.294345305496665e-07,True,CONVERGED,float64,cuda:0
adjoint,1,331,9.81165810629579e-07,True,CONVERGED,float64,cuda:0
adjoint,2,336,9.381388854350167e-07,True,CONVERGED,float64,cuda:0
forward,0,337,9.689795247950357e-07,True,CONVERGED,float64,cuda:0
forward,1,339,8.479546069551892e-07,True,CONVERGED,float64,cuda:0
forward,2,344,9.998634271712196e-07,True,CONVERGED,float64,cuda:0
adjoint,0,343,9.718283203833027e-07,True,CONVERGED,float64,cuda:0
adjoint,1,332,9.831776027735404e-07,True,CONVERGED,float64,cuda:0
adjoint,2,331,9.978231051513456e-07,True,CONVERGED,float64,cuda:0
forward,0,335,9.84533059888748e-07,True,CONVERGED,float64,cuda:0
forward,1,339,8.782917015509456e-07,True,CONVERGED,float64,cuda:0
forward,2,343,9.901313470469938e-07,True,CONVERGED,float64,cuda:0
adjoint,0,342,8.977386527388138e-07,True,CONVERGED,float64,cuda:0
adjoint,1,328,9.80676586519585e-07,True,CONVERGED,float64,cuda:0
adjoint,2,325,9.49187268221172e-07,True,CONVERGED,float64,cuda:0
forward,0,336,8.711191124551669e-07,True,CONVERGED,float64,cuda:0
forward,1,338,9.73963122218267e-07,True,CONVERGED,float64,cuda:0
forward,2,344,9.575135116039704e-07,True,CONVERGED,float64,cuda:0
adjoint,0,342,9.433239429427215e-07,True,CONVERGED,float64,cuda:0
adjoint,1,329,9.529759896971175e-07,True,CONVERGED,float64,cuda:0
adjoint,2,325,9.614043656719437e-07,True,CONVERGED,float64,cuda:0
forward,0,337,8.707037556051048e-07,True,CONVERGED,float64,cuda:0
forward,1,340,9.52959517050918e-07,True,CONVERGED,float64,cuda:0
forward,2,343,9.617560116492807e-07,True,CONVERGED,float64,cuda:0
adjoint,0,343,8.377641044065258e-07,True,CONVERGED,float64,cuda:0
adjoint,1,329,9.564204094184473e-07,True,CONVERGED,float64,cuda:0
adjoint,2,323,9.502468510819704e-07,True,CONVERGED,float64,cuda:0
forward,0,336,9.379744238413227e-07,True,CONVERGED,float64,cuda:0
forward,1,340,9.702573831900762e-07,True,CONVERGED,float64,cuda:0
forward,2,343,9.206414608760513e-07,True,CONVERGED,float64,cuda:0
adjoint,0,342,9.916849284025705e-07,True,CONVERGED,float64,cuda:0
adjoint,1,329,8.969665417250128e-07,True,CONVERGED,float64,cuda:0
adjoint,2,323,9.443359732350895e-07,True,CONVERGED,float64,cuda:0
forward,0,335,9.914997640805166e-07,True,CONVERGED,float64,cuda:0
forward,1,339,9.628894113342224e-07,True,CONVERGED,float64,cuda:0
forward,2,342,9.37048519915508e-07,True,CONVERGED,float64,cuda:0
adjoint,0,342,8.986436385378103e-07,True,CONVERGED,float64,cuda:0
adjoint,1,328,9.467103119810659e-07,True,CONVERGED,float64,cuda:0
adjoint,2,324,9.209051525357372e-07,True,CONVERGED,float64,cuda:0
forward,0,335,8.917418496721658e-07,True,CONVERGED,float64,cuda:0
forward,1,338,9.716459406619738e-07,True,CONVERGED,float64,cuda:0
forward,2,341,9.995570685739748e-07,True,CONVERGED,float64,cuda:0
adjoint,0,341,9.590984673442913e-07,True,CONVERGED,float64,cuda:0
adjoint,1,327,9.86903307579365e-07,True,CONVERGED,float64,cuda:0
adjoint,2,324,9.371390960388598e-07,True,CONVERGED,float64,cuda:0
forward,0,334,9.362998528432531e-07,True,CONVERGED,float64,cuda:0
forward,1,338,9.809140474360661e-07,True,CONVERGED,float64,cuda:0
forward,2,342,9.21339032497827e-07,True,CONVERGED,float64,cuda:0
adjoint,0,341,9.326468543926844e-07,True,CONVERGED,float64,cuda:0
adjoint,1,328,9.061079892028017e-07,True,CONVERGED,float64,cuda:0
adjoint,2,322,9.934715155552875e-07,True,CONVERGED,float64,cuda:0
forward,0,333,8.999519062108699e-07,True,CONVERGED,float64,cuda:0
forward,1,339,9.205959099336618e-07,True,CONVERGED,float64,cuda:0
forward,2,342,9.334937767491183e-07,True,CONVERGED,float64,cuda:0
adjoint,0,341,9.764198959343586e-07,True,CONVERGED,float64,cuda:0
adjoint,1,328,9.844868337432236e-07,True,CONVERGED,float64,cuda:0
adjoint,2,322,9.427865907531434e-07,True,CONVERGED,float64,cuda:0
forward,0,334,9.745113534987266e-07,True,CONVERGED,float64,cuda:0
forward,1,339,9.633763629053765e-07,True,CONVERGED,float64,cuda:0
forward,2,342,9.300537999555151e-07,True,CONVERGED,float64,cuda:0
adjoint,0,342,8.926762315596323e-07,True,CONVERGED,float64,cuda:0
adjoint,1,329,9.148466316668703e-07,True,CONVERGED,float64,cuda:0
adjoint,2,323,9.117265856562376e-07,True,CONVERGED,float64,cuda:0
forward,0,336,9.139332809034598e-07,True,CONVERGED,float64,cuda:0
forward,1,339,9.816274477446182e-07,True,CONVERGED,float64,cuda:0
forward,2,341,9.925512749970119e-07,True,CONVERGED,float64,cuda:0
adjoint,0,342,9.03862594788241e-07,True,CONVERGED,float64,cuda:0
adjoint,1,329,9.205137336866447e-07,True,CONVERGED,float64,cuda:0
adjoint,2,325,9.554347701410919e-07,True,CONVERGED,float64,cuda:0
forward,0,336,9.66592636538372e-07,True,CONVERGED,float64,cuda:0
forward,1,340,9.89146110451807e-07,True,CONVERGED,float64,cuda:0
forward,2,341,9.641762991988373e-07,True,CONVERGED,float64,cuda:0
adjoint,0,342,8.749440876608072e-07,True,CONVERGED,float64,cuda:0
adjoint,1,330,9.482077453207939e-07,True,CONVERGED,float64,cuda:0
adjoint,2,326,9.81090451510668e-07,True,CONVERGED,float64,cuda:0
forward,0,336,9.83094211354985e-07,True,CONVERGED,float64,cuda:0
forward,1,341,9.055636959359017e-07,True,CONVERGED,float64,cuda:0
forward,2,341,9.628801204115193e-07,True,CONVERGED,float64,cuda:0
adjoint,0,342,9.060819103717594e-07,True,CONVERGED,float64,cuda:0
adjoint,1,331,9.317047636140985e-07,True,CONVERGED,float64,cuda:0
adjoint,2,327,8.722158163363266e-07,True,CONVERGED,float64,cuda:0
forward,0,337,8.779542952140052e-07,True,CONVERGED,float64,cuda:0
forward,1,341,9.226830958141373e-07,True,CONVERGED,float64,cuda:0
forward,2,342,9.390124998019502e-07,True,CONVERGED,float64,cuda:0
adjoint,0,342,8.996671663448825e-07,True,CONVERGED,float64,cuda:0
adjoint,1,330,9.540925688379164e-07,True,CONVERGED,float64,cuda:0
adjoint,2,330,9.996193950121374e-07,True,CONVERGED,float64,cuda:0
forward,0,336,9.415568050428428e-07,True,CONVERGED,float64,cuda:0
forward,1,340,9.76365305417522e-07,True,CONVERGED,float64,cuda:0
forward,2,342,9.315399262538651e-07,True,CONVERGED,float64,cuda:0
adjoint,0,341,9.7751207229811e-07,True,CONVERGED,float64,cuda:0
adjoint,1,330,9.558582998079308e-07,True,CONVERGED,float64,cuda:0
adjoint,2,331,9.65700062573298e-07,True,CONVERGED,float64,cuda:0
forward,0,335,9.974902747941144e-07,True,CONVERGED,float64,cuda:0
forward,1,339,9.482477254024745e-07,True,CONVERGED,float64,cuda:0
forward,2,343,9.299114599990787e-07,True,CONVERGED,float64,cuda:0
adjoint,0,342,9.72969548156468e-07,True,CONVERGED,float64,cuda:0
adjoint,1,330,9.121442890283047e-07,True,CONVERGED,float64,cuda:0
adjoint,2,331,9.980101561132686e-07,True,CONVERGED,float64,cuda:0
forward,0,332,9.789901486604893e-07,True,CONVERGED,float64,cuda:0
forward,1,339,9.070368570273059e-07,True,CONVERGED,float64,cuda:0
forward,2,342,9.502650398852265e-07,True,CONVERGED,float64,cuda:0
adjoint,0,342,9.260164945511485e-07,True,CONVERGED,float64,cuda:0
adjoint,1,328,9.427919704237788e-07,True,CONVERGED,float64,cuda:0
adjoint,2,322,8.626715584334817e-07,True,CONVERGED,float64,cuda:0
forward,0,335,9.595351353400335e-07,True,CONVERGED,float64,cuda:0
forward,1,337,8.781374832828465e-07,True,CONVERGED,float64,cuda:0
forward,2,342,9.475974667778886e-07,True,CONVERGED,float64,cuda:0
adjoint,0,341,9.855245246353594e-07,True,CONVERGED,float64,cuda:0
adjoint,1,322,9.90500363776674e-07,True,CONVERGED,float64,cuda:0
adjoint,2,326,9.462149345345212e-07,True,CONVERGED,float64,cuda:0
forward,0,336,9.366328348491956e-07,True,CONVERGED,float64,cuda:0
forward,1,338,9.453889506300484e-07,True,CONVERGED,float64,cuda:0
forward,2,342,9.071956496879164e-07,True,CONVERGED,float64,cuda:0
adjoint,0,338,9.17133363547021e-07,True,CONVERGED,float64,cuda:0
adjoint,1,323,9.779603723544405e-07,True,CONVERGED,float64,cuda:0
adjoint,2,325,9.049891484455204e-07,True,CONVERGED,float64,cuda:0
forward,0,337,9.365491735189625e-07,True,CONVERGED,float64,cuda:0
forward,1,338,9.666844428018316e-07,True,CONVERGED,float64,cuda:0
forward,2,341,9.898715844723078e-07,True,CONVERGED,float64,cuda:0
adjoint,0,337,9.642064234409875e-07,True,CONVERGED,float64,cuda:0
adjoint,1,322,9.970386910754677e-07,True,CONVERGED,float64,cuda:0
adjoint,2,324,9.627456710636974e-07,True,CONVERGED,float64,cuda:0
forward,0,337,9.854688085105068e-07,True,CONVERGED,float64,cuda:0
forward,1,339,9.366234382486305e-07,True,CONVERGED,float64,cuda:0
forward,2,341,9.665746518257684e-07,True,CONVERGED,float64,cuda:0
adjoint,0,337,9.32916968104787e-07,True,CONVERGED,float64,cuda:0
adjoint,1,327,9.849641253262073e-07,True,CONVERGED,float64,cuda:0
adjoint,2,324,9.827278193718277e-07,True,CONVERGED,float64,cuda:0
forward,0,338,9.77625973846814e-07,True,CONVERGED,float64,cuda:0
forward,1,339,9.283818305277783e-07,True,CONVERGED,float64,cuda:0
forward,2,341,9.637639636424756e-07,True,CONVERGED,float64,cuda:0
adjoint,0,337,9.029886383959626e-07,True,CONVERGED,float64,cuda:0
adjoint,1,329,9.59071345057854e-07,True,CONVERGED,float64,cuda:0
adjoint,2,325,9.62551564101597e-07,True,CONVERGED,float64,cuda:0
forward,0,339,8.582286034153402e-07,True,CONVERGED,float64,cuda:0
forward,1,339,8.580989409474633e-07,True,CONVERGED,float64,cuda:0
forward,2,341,9.462057560129309e-07,True,CONVERGED,float64,cuda:0
adjoint,0,337,9.216109320869144e-07,True,CONVERGED,float64,cuda:0
adjoint,1,329,9.542838552622402e-07,True,CONVERGED,float64,cuda:0
adjoint,2,326,9.417392434916359e-07,True,CONVERGED,float64,cuda:0
forward,0,338,9.670050851570873e-07,True,CONVERGED,float64,cuda:0
forward,1,338,9.471321684244978e-07,True,CONVERGED,float64,cuda:0
forward,2,341,9.755884596273888e-07,True,CONVERGED,float64,cuda:0
adjoint,0,338,8.697372113780579e-07,True,CONVERGED,float64,cuda:0
adjoint,1,329,9.891847915074951e-07,True,CONVERGED,float64,cuda:0
adjoint,2,327,9.84122304677162e-07,True,CONVERGED,float64,cuda:0
forward,0,338,9.129730175103273e-07,True,CONVERGED,float64,cuda:0
forward,1,338,9.40113081362464e-07,True,CONVERGED,float64,cuda:0
forward,2,342,9.408794582957153e-07,True,CONVERGED,float64,cuda:0
adjoint,0,336,9.878499118807836e-07,True,CONVERGED,float64,cuda:0
adjoint,1,330,9.97120015525694e-07,True,CONVERGED,float64,cuda:0
adjoint,2,335,9.371872771399421e-07,True,CONVERGED,float64,cuda:0
forward,0,338,8.867368996817657e-07,True,CONVERGED,float64,cuda:0
forward,1,338,9.70471824488265e-07,True,CONVERGED,float64,cuda:0
forward,2,342,9.449654047986616e-07,True,CONVERGED,float64,cuda:0
adjoint,0,333,9.664445756604148e-07,True,CONVERGED,float64,cuda:0
adjoint,1,333,9.78323369855984e-07,True,CONVERGED,float64,cuda:0
adjoint,2,335,9.978478935670286e-07,True,CONVERGED,float64,cuda:0
forward,0,338,8.828195097058186e-07,True,CONVERGED,float64,cuda:0
forward,1,338,9.955318540132385e-07,True,CONVERGED,float64,cuda:0
forward,2,342,9.221992642866709e-07,True,CONVERGED,float64,cuda:0
adjoint,0,333,9.87968029171178e-07,True,CONVERGED,float64,cuda:0
adjoint,1,333,9.75211929269444e-07,True,CONVERGED,float64,cuda:0
adjoint,2,336,9.112262636523488e-07,True,CONVERGED,float64,cuda:0
forward,0,338,9.729934045559033e-07,True,CONVERGED,float64,cuda:0
forward,1,339,8.959993212036882e-07,True,CONVERGED,float64,cuda:0
forward,2,343,9.560701863294809e-07,True,CONVERGED,float64,cuda:0
adjoint,0,331,9.645334546983694e-07,True,CONVERGED,float64,cuda:0
adjoint,1,335,9.93781719611597e-07,True,CONVERGED,float64,cuda:0
adjoint,2,336,9.46699146750086e-07,True,CONVERGED,float64,cuda:0
forward,0,338,9.559365458658548e-07,True,CONVERGED,float64,cuda:0
forward,1,338,9.640922721137058e-07,True,CONVERGED,float64,cuda:0
forward,2,343,9.417956368431953e-07,True,CONVERGED,float64,cuda:0
adjoint,0,333,9.689428199911359e-07,True,CONVERGED,float64,cuda:0
adjoint,1,334,9.903925660412632e-07,True,CONVERGED,float64,cuda:0
adjoint,2,332,9.973415122942146e-07,True,CONVERGED,float64,cuda:0
forward,0,337,9.668697420746773e-07,True,CONVERGED,float64,cuda:0
forward,1,338,8.91908523516148e-07,True,CONVERGED,float64,cuda:0
forward,2,342,9.987351493202697e-07,True,CONVERGED,float64,cuda:0
adjoint,0,336,9.754222195649638e-07,True,CONVERGED,float64,cuda:0
adjoint,1,333,9.80365736052758e-07,True,CONVERGED,float64,cuda:0
adjoint,2,328,9.897402106167999e-07,True,CONVERGED,float64,cuda:0
forward,0,336,9.66788645928452e-07,True,CONVERGED,float64,cuda:0
forward,1,337,9.226697340143386e-07,True,CONVERGED,float64,cuda:0
forward,2,343,9.850608428851252e-07,True,CONVERGED,float64,cuda:0
adjoint,0,342,9.485681599221777e-07,True,CONVERGED,float64,cuda:0
adjoint,1,325,9.78415162914884e-07,True,CONVERGED,float64,cuda:0
adjoint,2,324,9.68297087662981e-07,True,CONVERGED,float64,cuda:0
forward,0,340,9.425573380882436e-07,True,CONVERGED,float64,cuda:0
forward,1,347,9.412926138490036e-07,True,CONVERGED,float64,cuda:0
forward,2,344,9.723805723631288e-07,True,CONVERGED,float64,cuda:0
adjoint,0,338,9.948942955107407e-07,True,CONVERGED,float64,cuda:0
adjoint,1,334,9.640830501319323e-07,True,CONVERGED,float64,cuda:0
adjoint,2,336,9.812594444982234e-07,True,CONVERGED,float64,cuda:0
forward,0,338,8.734489637367854e-07,True,CONVERGED,float64,cuda:0
forward,1,345,9.990491591963262e-07,True,CONVERGED,float64,cuda:0
forward,2,344,9.622185617506209e-07,True,CONVERGED,float64,cuda:0
adjoint,0,343,9.269680242048611e-07,True,CONVERGED,float64,cuda:0
adjoint,1,333,9.972557555052305e-07,True,CONVERGED,float64,cuda:0
adjoint,2,335,9.708585926598904e-07,True,CONVERGED,float64,cuda:0
forward,0,337,9.949151959125573e-07,True,CONVERGED,float64,cuda:0
forward,1,344,9.270382392144139e-07,True,CONVERGED,float64,cuda:0
forward,2,341,9.332412276893012e-07,True,CONVERGED,float64,cuda:0
adjoint,0,344,9.683528443532038e-07,True,CONVERGED,float64,cuda:0
adjoint,1,333,9.507397796383375e-07,True,CONVERGED,float64,cuda:0
adjoint,2,333,9.975221782442135e-07,True,CONVERGED,float64,cuda:0
forward,0,338,9.152894715977275e-07,True,CONVERGED,float64,cuda:0
forward,1,347,9.778228342565263e-07,True,CONVERGED,float64,cuda:0
forward,2,342,9.656535461791237e-07,True,CONVERGED,float64,cuda:0
adjoint,0,344,9.247346198605665e-07,True,CONVERGED,float64,cuda:0
adjoint,1,333,9.793739112979887e-07,True,CONVERGED,float64,cuda:0
adjoint,2,333,9.766507519852718e-07,True,CONVERGED,float64,cuda:0
forward,0,340,9.657196298060436e-07,True,CONVERGED,float64,cuda:0
forward,1,344,9.78827417381418e-07,True,CONVERGED,float64,cuda:0
forward,2,338,9.598347788465356e-07,True,CONVERGED,float64,cuda:0
adjoint,0,346,9.856716283996112e-07,True,CONVERGED,float64,cuda:0
adjoint,1,334,9.549400357666106e-07,True,CONVERGED,float64,cuda:0
adjoint,2,335,9.854091553137588e-07,True,CONVERGED,float64,cuda:0
forward,0,342,8.640533623729558e-07,True,CONVERGED,float64,cuda:0
forward,1,339,9.664621631269277e-07,True,CONVERGED,float64,cuda:0
forward,2,340,9.184242370105545e-07,True,CONVERGED,float64,cuda:0
adjoint,0,347,9.349632867248207e-07,True,CONVERGED,float64,cuda:0
adjoint,1,337,9.025692456821187e-07,True,CONVERGED,float64,cuda:0
adjoint,2,337,9.256076122722152e-07,True,CONVERGED,float64,cuda:0
forward,0,345,9.83090715252898e-07,True,CONVERGED,float64,cuda:0
forward,1,334,9.324973590382913e-07,True,CONVERGED,float64,cuda:0
forward,2,339,9.919754603476078e-07,True,CONVERGED,float64,cuda:0
adjoint,0,342,9.65865561435182e-07,True,CONVERGED,float64,cuda:0
adjoint,1,333,9.46612527289076e-07,True,CONVERGED,float64,cuda:0
adjoint,2,334,9.502668121891558e-07,True,CONVERGED,float64,cuda:0
forward,0,345,9.340332740129094e-07,True,CONVERGED,float64,cuda:0
forward,1,344,9.68571863697788e-07,True,CONVERGED,float64,cuda:0
forward,2,337,9.44972842335663e-07,True,CONVERGED,float64,cuda:0
adjoint,0,338,9.55292613194098e-07,True,CONVERGED,float64,cuda:0
adjoint,1,332,9.98267031160291e-07,True,CONVERGED,float64,cuda:0
adjoint,2,334,9.510420558685555e-07,True,CONVERGED,float64,cuda:0
forward,0,338,9.968122712018931e-07,True,CONVERGED,float64,cuda:0
forward,1,346,9.670664692219877e-07,True,CONVERGED,float64,cuda:0
forward,2,340,9.762995607144896e-07,True,CONVERGED,float64,cuda:0
adjoint,0,343,9.692332878493148e-07,True,CONVERGED,float64,cuda:0
adjoint,1,333,8.497299258219784e-07,True,CONVERGED,float64,cuda:0
adjoint,2,335,9.499450027589219e-07,True,CONVERGED,float64,cuda:0
forward,0,336,9.921841459752847e-07,True,CONVERGED,float64,cuda:0
forward,1,349,9.26034084077843e-07,True,CONVERGED,float64,cuda:0
forward,2,342,9.630771251172078e-07,True,CONVERGED,float64,cuda:0
adjoint,0,345,9.344063971037155e-07,True,CONVERGED,float64,cuda:0
adjoint,1,333,8.568071877454193e-07,True,CONVERGED,float64,cuda:0
adjoint,2,337,9.636020860471754e-07,True,CONVERGED,float64,cuda:0
forward,0,339,9.22277726931721e-07,True,CONVERGED,float64,cuda:0
forward,1,350,9.867913822482345e-07,True,CONVERGED,float64,cuda:0
forward,2,347,9.938413466055843e-07,True,CONVERGED,float64,cuda:0
adjoint,0,346,9.984130313085328e-07,True,CONVERGED,float64,cuda:0
adjoint,1,334,9.566400253169768e-07,True,CONVERGED,float64,cuda:0
adjoint,2,340,9.77533528973115e-07,True,CONVERGED,float64,cuda:0
forward,0,340,9.595736814590305e-07,True,CONVERGED,float64,cuda:0
forward,1,351,9.018474146471072e-07,True,CONVERGED,float64,cuda:0
forward,2,348,9.786638489182936e-07,True,CONVERGED,float64,cuda:0
adjoint,0,347,9.991855807161387e-07,True,CONVERGED,float64,cuda:0
adjoint,1,335,9.755761081029024e-07,True,CONVERGED,float64,cuda:0
adjoint,2,341,9.256641399191726e-07,True,CONVERGED,float64,cuda:0
forward,0,336,9.479011348266721e-07,True,CONVERGED,float64,cuda:0
forward,1,346,9.824418752770703e-07,True,CONVERGED,float64,cuda:0
forward,2,346,9.749511670903405e-07,True,CONVERGED,float64,cuda:0
adjoint,0,344,9.144823829931088e-07,True,CONVERGED,float64,cuda:0
adjoint,1,333,9.751246468881776e-07,True,CONVERGED,float64,cuda:0
adjoint,2,339,9.239593074804912e-07,True,CONVERGED,float64,cuda:0
forward,0,337,9.159322934431006e-07,True,CONVERGED,float64,cuda:0
forward,1,347,9.979570831516188e-07,True,CONVERGED,float64,cuda:0
forward,2,347,9.73471453068684e-07,True,CONVERGED,float64,cuda:0
adjoint,0,337,9.775447772612682e-07,True,CONVERGED,float64,cuda:0
adjoint,1,333,9.980951378154266e-07,True,CONVERGED,float64,cuda:0
adjoint,2,338,9.273166154457011e-07,True,CONVERGED,float64,cuda:0
forward,0,345,9.271863150885712e-07,True,CONVERGED,float64,cuda:0
forward,1,351,9.96679198906914e-07,True,CONVERGED,float64,cuda:0
forward,2,350,9.587175060302526e-07,True,CONVERGED,float64,cuda:0
adjoint,0,339,9.644678367046336e-07,True,CONVERGED,float64,cuda:0
adjoint,1,331,9.144201817439052e-07,True,CONVERGED,float64,cuda:0
adjoint,2,338,9.62495237524239e-07,True,CONVERGED,float64,cuda:0
forward,0,345,9.66074789763468e-07,True,CONVERGED,float64,cuda:0
forward,1,350,9.906798994406288e-07,True,CONVERGED,float64,cuda:0
forward,2,350,9.425506492164821e-07,True,CONVERGED,float64,cuda:0
adjoint,0,343,9.237113787051324e-07,True,CONVERGED,float64,cuda:0
adjoint,1,331,8.721300122742496e-07,True,CONVERGED,float64,cuda:0
adjoint,2,339,9.514784406632905e-07,True,CONVERGED,float64,cuda:0
forward,0,347,9.794628852883656e-07,True,CONVERGED,float64,cuda:0
forward,1,351,9.907507622362718e-07,True,CONVERGED,float64,cuda:0
forward,2,349,9.769109093552712e-07,True,CONVERGED,float64,cuda:0
adjoint,0,343,9.71790237731183e-07,True,CONVERGED,float64,cuda:0
adjoint,1,330,9.849444337508113e-07,True,CONVERGED,float64,cuda:0
adjoint,2,338,9.440819291840472e-07,True,CONVERGED,float64,cuda:0
forward,0,348,9.509140813296799e-07,True,CONVERGED,float64,cuda:0
forward,1,351,9.989664351615626e-07,True,CONVERGED,float64,cuda:0
forward,2,349,9.777558794002914e-07,True,CONVERGED,float64,cuda:0
adjoint,0,342,9.453519468688035e-07,True,CONVERGED,float64,cuda:0
adjoint,1,332,9.747357305951196e-07,True,CONVERGED,float64,cuda:0
adjoint,2,337,9.694293406506434e-07,True,CONVERGED,float64,cuda:0
forward,0,346,9.801238132698472e-07,True,CONVERGED,float64,cuda:0
forward,1,349,9.284087101530086e-07,True,CONVERGED,float64,cuda:0
forward,2,348,9.558420082634268e-07,True,CONVERGED,float64,cuda:0
adjoint,0,345,9.454749126655946e-07,True,CONVERGED,float64,cuda:0
adjoint,1,333,9.087956906392325e-07,True,CONVERGED,float64,cuda:0
adjoint,2,337,9.63756375128661e-07,True,CONVERGED,float64,cuda:0
forward,0,335,9.437331278632423e-07,True,CONVERGED,float64,cuda:0
forward,1,349,9.36595898647058e-07,True,CONVERGED,float64,cuda:0
forward,2,343,9.892770728665296e-07,True,CONVERGED,float64,cuda:0
adjoint,0,344,9.495493167943534e-07,True,CONVERGED,float64,cuda:0
adjoint,1,333,8.54613487350646e-07,True,CONVERGED,float64,cuda:0
adjoint,2,337,9.497446766908847e-07,True,CONVERGED,float64,cuda:0
forward,0,336,9.692532136838309e-07,True,CONVERGED,float64,cuda:0
forward,1,349,9.23011505552118e-07,True,CONVERGED,float64,cuda:0
forward,2,343,9.264142522055021e-07,True,CONVERGED,float64,cuda:0
adjoint,0,343,9.977857886687445e-07,True,CONVERGED,float64,cuda:0
adjoint,1,333,9.271536584218402e-07,True,CONVERGED,float64,cuda:0
adjoint,2,338,9.563379168743582e-07,True,CONVERGED,float64,cuda:0
forward,0,337,9.521216691816123e-07,True,CONVERGED,float64,cuda:0
forward,1,349,9.22753297301816e-07,True,CONVERGED,float64,cuda:0
forward,2,343,9.219490570063225e-07,True,CONVERGED,float64,cuda:0
adjoint,0,344,9.5438963584837e-07,True,CONVERGED,float64,cuda:0
adjoint,1,333,9.532645670128002e-07,True,CONVERGED,float64,cuda:0
adjoint,2,338,9.91228705784297e-07,True,CONVERGED,float64,cuda:0
forward,0,338,8.78780188464207e-07,True,CONVERGED,float64,cuda:0
forward,1,348,9.635004559816521e-07,True,CONVERGED,float64,cuda:0
forward,2,342,9.646551609256025e-07,True,CONVERGED,float64,cuda:0
adjoint,0,344,9.946034727131419e-07,True,CONVERGED,float64,cuda:0
adjoint,1,333,8.894982522879287e-07,True,CONVERGED,float64,cuda:0
adjoint,2,334,9.994149036948434e-07,True,CONVERGED,float64,cuda:0
forward,0,337,9.811839512784652e-07,True,CONVERGED,float64,cuda:0
forward,1,347,9.730050384750797e-07,True,CONVERGED,float64,cuda:0
forward,2,341,9.95810821557355e-07,True,CONVERGED,float64,cuda:0
adjoint,0,344,9.483256053467104e-07,True,CONVERGED,float64,cuda:0
adjoint,1,332,9.821185361810374e-07,True,CONVERGED,float64,cuda:0
adjoint,2,331,9.364923353053099e-07,True,CONVERGED,float64,cuda:0
forward,0,337,9.356141439468643e-07,True,CONVERGED,float64,cuda:0
forward,1,347,9.92330375919717e-07,True,CONVERGED,float64,cuda:0
forward,2,340,9.83209948172532e-07,True,CONVERGED,float64,cuda:0
adjoint,0,344,9.225131169849873e-07,True,CONVERGED,float64,cuda:0
adjoint,1,332,9.60245802927008e-07,True,CONVERGED,float64,cuda:0
adjoint,2,335,9.949414119180005e-07,True,CONVERGED,float64,cuda:0
forward,0,337,9.306037698344052e-07,True,CONVERGED,float64,cuda:0
forward,1,347,9.805643974635378e-07,True,CONVERGED,float64,cuda:0
forward,2,339,9.932851374166685e-07,True,CONVERGED,float64,cuda:0
adjoint,0,344,9.343522792801585e-07,True,CONVERGED,float64,cuda:0
adjoint,1,332,9.635862577105207e-07,True,CONVERGED,float64,cuda:0
adjoint,2,336,9.731118912114358e-07,True,CONVERGED,float64,cuda:0
forward,0,337,9.19282098011169e-07,True,CONVERGED,float64,cuda:0
forward,1,346,9.837182468380613e-07,True,CONVERGED,float64,cuda:0
forward,2,338,9.802040439219703e-07,True,CONVERGED,float64,cuda:0
adjoint,0,343,9.770090295914017e-07,True,CONVERGED,float64,cuda:0
adjoint,1,332,9.14106547804701e-07,True,CONVERGED,float64,cuda:0
adjoint,2,330,9.860259606080982e-07,True,CONVERGED,float64,cuda:0
forward,0,337,9.250675795307728e-07,True,CONVERGED,float64,cuda:0
forward,1,346,9.980111739629416e-07,True,CONVERGED,float64,cuda:0
forward,2,338,9.89698379787333e-07,True,CONVERGED,float64,cuda:0
adjoint,0,343,9.455171501228033e-07,True,CONVERGED,float64,cuda:0
adjoint,1,331,9.989063401130548e-07,True,CONVERGED,float64,cuda:0
adjoint,2,330,9.343536460739869e-07,True,CONVERGED,float64,cuda:0
forward,0,337,9.296281103844838e-07,True,CONVERGED,float64,cuda:0
forward,1,346,9.531060701661984e-07,True,CONVERGED,float64,cuda:0
forward,2,339,9.592152195796942e-07,True,CONVERGED,float64,cuda:0
adjoint,0,342,9.627784607577533e-07,True,CONVERGED,float64,cuda:0
adjoint,1,332,9.192192747563264e-07,True,CONVERGED,float64,cuda:0
adjoint,2,330,9.083810799067934e-07,True,CONVERGED,float64,cuda:0
forward,0,337,9.299946983676304e-07,True,CONVERGED,float64,cuda:0
forward,1,346,9.943948442611867e-07,True,CONVERGED,float64,cuda:0
forward,2,341,9.685045348055909e-07,True,CONVERGED,float64,cuda:0
adjoint,0,342,9.443299971213021e-07,True,CONVERGED,float64,cuda:0
adjoint,1,331,9.47774742944115e-07,True,CONVERGED,float64,cuda:0
adjoint,2,333,9.75949854834421e-07,True,CONVERGED,float64,cuda:0
forward,0,337,9.381430458053693e-07,True,CONVERGED,float64,cuda:0
forward,1,344,9.960741621157455e-07,True,CONVERGED,float64,cuda:0
forward,2,341,9.608250100095887e-07,True,CONVERGED,float64,cuda:0
adjoint,0,342,9.433372448544894e-07,True,CONVERGED,float64,cuda:0
adjoint,1,329,9.944348388785245e-07,True,CONVERGED,float64,cuda:0
adjoint,2,331,9.752856802079008e-07,True,CONVERGED,float64,cuda:0
forward,0,337,9.477994048637894e-07,True,CONVERGED,float64,cuda:0
forward,1,344,9.776055595608316e-07,True,CONVERGED,float64,cuda:0
forward,2,339,9.783144084171815e-07,True,CONVERGED,float64,cuda:0
adjoint,0,342,9.353698529680648e-07,True,CONVERGED,float64,cuda:0
adjoint,1,331,9.67942066424171e-07,True,CONVERGED,float64,cuda:0
adjoint,2,329,9.605960808240762e-07,True,CONVERGED,float64,cuda:0
forward,0,337,9.102999582159149e-07,True,CONVERGED,float64,cuda:0
forward,1,345,9.98510088444365e-07,True,CONVERGED,float64,cuda:0
forward,2,339,9.373258554804225e-07,True,CONVERGED,float64,cuda:0
adjoint,0,342,9.619185971896643e-07,True,CONVERGED,float64,cuda:0
adjoint,1,332,8.99612541011357e-07,True,CONVERGED,float64,cuda:0
adjoint,2,329,9.96691235285023e-07,True,CONVERGED,float64,cuda:0
forward,0,337,9.08163587231545e-07,True,CONVERGED,float64,cuda:0
forward,1,345,9.867886296302696e-07,True,CONVERGED,float64,cuda:0
forward,2,339,9.433710943807801e-07,True,CONVERGED,float64,cuda:0
adjoint,0,343,9.390757652629741e-07,True,CONVERGED,float64,cuda:0
adjoint,1,332,9.027869593403013e-07,True,CONVERGED,float64,cuda:0
adjoint,2,330,9.303798085368321e-07,True,CONVERGED,float64,cuda:0
forward,0,337,9.138545205837517e-07,True,CONVERGED,float64,cuda:0
forward,1,346,9.951404000338348e-07,True,CONVERGED,float64,cuda:0
forward,2,339,9.674357442907067e-07,True,CONVERGED,float64,cuda:0
adjoint,0,343,9.51748260263132e-07,True,CONVERGED,float64,cuda:0
adjoint,1,331,9.760336555893334e-07,True,CONVERGED,float64,cuda:0
adjoint,2,333,9.81971167262025e-07,True,CONVERGED,float64,cuda:0
forward,0,337,9.204598210297461e-07,True,CONVERGED,float64,cuda:0
forward,1,344,9.780781932907045e-07,True,CONVERGED,float64,cuda:0
forward,2,339,9.612389701822662e-07,True,CONVERGED,float64,cuda:0
adjoint,0,342,9.854922364743576e-07,True,CONVERGED,float64,cuda:0
adjoint,1,330,9.70728639798035e-07,True,CONVERGED,float64,cuda:0
adjoint,2,330,9.348308625706355e-07,True,CONVERGED,float64,cuda:0
forward,0,337,9.212806422233485e-07,True,CONVERGED,float64,cuda:0
forward,1,344,9.975045095851858e-07,True,CONVERGED,float64,cuda:0
forward,2,339,9.593947869057247e-07,True,CONVERGED,float64,cuda:0
adjoint,0,342,9.725035209858448e-07,True,CONVERGED,float64,cuda:0
adjoint,1,330,9.164935599348106e-07,True,CONVERGED,float64,cuda:0
adjoint,2,330,9.345382135626385e-07,True,CONVERGED,float64,cuda:0
forward,0,336,9.823384359019784e-07,True,CONVERGED,float64,cuda:0
forward,1,346,9.761558662424965e-07,True,CONVERGED,float64,cuda:0
forward,2,339,9.848651637033002e-07,True,CONVERGED,float64,cuda:0
adjoint,0,342,9.68693554128405e-07,True,CONVERGED,float64,cuda:0
adjoint,1,328,9.982518575062896e-07,True,CONVERGED,float64,cuda:0
adjoint,2,330,9.203409884017672e-07,True,CONVERGED,float64,cuda:0
forward,0,336,9.699539646247968e-07,True,CONVERGED,float64,cuda:0
forward,1,344,9.939047415154124e-07,True,CONVERGED,float64,cuda:0
forward,2,339,9.812946822162575e-07,True,CONVERGED,float64,cuda:0
adjoint,0,342,9.710863587081921e-07,True,CONVERGED,float64,cuda:0
adjoint,1,329,9.737467228187028e-07,True,CONVERGED,float64,cuda:0
adjoint,2,330,9.486678708043432e-07,True,CONVERGED,float64,cuda:0
forward,0,336,9.85486310171153e-07,True,CONVERGED,float64,cuda:0
forward,1,346,9.873433868267502e-07,True,CONVERGED,float64,cuda:0
forward,2,339,9.759174522270093e-07,True,CONVERGED,float64,cuda:0
adjoint,0,342,9.634309223537772e-07,True,CONVERGED,float64,cuda:0
adjoint,1,331,9.124834805090682e-07,True,CONVERGED,float64,cuda:0
adjoint,2,330,9.318184519810186e-07,True,CONVERGED,float64,cuda:0
forward,0,337,8.746391902311244e-07,True,CONVERGED,float64,cuda:0
forward,1,347,9.428716353442739e-07,True,CONVERGED,float64,cuda:0
forward,2,339,9.625702032423282e-07,True,CONVERGED,float64,cuda:0
adjoint,0,342,9.916739610110884e-07,True,CONVERGED,float64,cuda:0
adjoint,1,331,9.320401672382258e-07,True,CONVERGED,float64,cuda:0
adjoint,2,330,9.429204630217548e-07,True,CONVERGED,float64,cuda:0
forward,0,336,9.982372730793363e-07,True,CONVERGED,float64,cuda:0
forward,1,347,9.475299966677595e-07,True,CONVERGED,float64,cuda:0
forward,2,339,9.666982355960182e-07,True,CONVERGED,float64,cuda:0
adjoint,0,343,9.500868531962051e-07,True,CONVERGED,float64,cuda:0
adjoint,1,330,9.54626279080136e-07,True,CONVERGED,float64,cuda:0
adjoint,2,330,9.766848860018352e-07,True,CONVERGED,float64,cuda:0
forward,0,337,8.925096906543366e-07,True,CONVERGED,float64,cuda:0
forward,1,347,9.476687427703583e-07,True,CONVERGED,float64,cuda:0
forward,2,340,9.694544277457275e-07,True,CONVERGED,float64,cuda:0
adjoint,0,342,9.939305002668506e-07,True,CONVERGED,float64,cuda:0
adjoint,1,328,9.995371554711453e-07,True,CONVERGED,float64,cuda:0
adjoint,2,332,9.738302561094824e-07,True,CONVERGED,float64,cuda:0
forward,0,337,9.016633142705111e-07,True,CONVERGED,float64,cuda:0
forward,1,347,9.978964302686193e-07,True,CONVERGED,float64,cuda:0
forward,2,340,9.68517987315035e-07,True,CONVERGED,float64,cuda:0
adjoint,0,342,9.560537005057515e-07,True,CONVERGED,float64,cuda:0
adjoint,1,329,9.66985378929625e-07,True,CONVERGED,float64,cuda:0
adjoint,2,334,9.80872885768214e-07,True,CONVERGED,float64,cuda:0
forward,0,336,9.884429021189608e-07,True,CONVERGED,float64,cuda:0
forward,1,347,9.448092450363114e-07,True,CONVERGED,float64,cuda:0
forward,2,340,9.704218793689704e-07,True,CONVERGED,float64,cuda:0
adjoint,0,342,9.571563119820796e-07,True,CONVERGED,float64,cuda:0
adjoint,1,326,9.929361341295548e-07,True,CONVERGED,float64,cuda:0
adjoint,2,332,9.61986243893988e-07,True,CONVERGED,float64,cuda:0
forward,0,336,9.85418477432538e-07,True,CONVERGED,float64,cuda:0
forward,1,346,9.880594083501988e-07,True,CONVERGED,float64,cuda:0
forward,2,339,9.917290600267285e-07,True,CONVERGED,float64,cuda:0
adjoint,0,342,9.56898778373467e-07,True,CONVERGED,float64,cuda:0
adjoint,1,327,9.377179745020337e-07,True,CONVERGED,float64,cuda:0
adjoint,2,331,8.989129643399384e-07,True,CONVERGED,float64,cuda:0
forward,0,336,9.74406599866463e-07,True,CONVERGED,float64,cuda:0
forward,1,346,9.970606542882573e-07,True,CONVERGED,float64,cuda:0
forward,2,339,9.853736345068334e-07,True,CONVERGED,float64,cuda:0
adjoint,0,342,9.424587968677648e-07,True,CONVERGED,float64,cuda:0
adjoint,1,327,9.432853751918389e-07,True,CONVERGED,float64,cuda:0
adjoint,2,331,8.872412659054759e-07,True,CONVERGED,float64,cuda:0
forward,0,336,9.700286097026487e-07,True,CONVERGED,float64,cuda:0
forward,1,346,9.970969354537792e-07,True,CONVERGED,float64,cuda:0
forward,2,339,9.914055733472487e-07,True,CONVERGED,float64,cuda:0
adjoint,0,341,9.994231207646386e-07,True,CONVERGED,float64,cuda:0
adjoint,1,326,9.905480709994732e-07,True,CONVERGED,float64,cuda:0
adjoint,2,331,9.172221526659842e-07,True,CONVERGED,float64,cuda:0
forward,0,336,9.651333084796885e-07,True,CONVERGED,float64,cuda:0
forward,1,347,9.316620197853459e-07,True,CONVERGED,float64,cuda:0
forward,2,340,9.554909508958828e-07,True,CONVERGED,float64,cuda:0
adjoint,0,341,9.931247652450458e-07,True,CONVERGED,float64,cuda:0
adjoint,1,326,9.582528432817396e-07,True,CONVERGED,float64,cuda:0
adjoint,2,331,9.551124369078071e-07,True,CONVERGED,float64,cuda:0
forward,0,336,9.613153786260142e-07,True,CONVERGED,float64,cuda:0
forward,1,347,9.415424676346894e-07,True,CONVERGED,float64,cuda:0
forward,2,340,9.56714823418003e-07,True,CONVERGED,float64,cuda:0
adjoint,0,341,9.775363727998943e-07,True,CONVERGED,float64,cuda:0
adjoint,1,326,9.211675901616359e-07,True,CONVERGED,float64,cuda:0
adjoint,2,331,9.858033911565307e-07,True,CONVERGED,float64,cuda:0
forward,0,336,9.649258152273883e-07,True,CONVERGED,float64,cuda:0
forward,1,347,9.516311768748332e-07,True,CONVERGED,float64,cuda:0
forward,2,340,9.64035310565471e-07,True,CONVERGED,float64,cuda:0
adjoint,0,342,9.523754957792206e-07,True,CONVERGED,float64,cuda:0
adjoint,1,326,9.152103104395295e-07,True,CONVERGED,float64,cuda:0
adjoint,2,332,9.595262267503847e-07,True,CONVERGED,float64,cuda:0
forward,0,336,9.79552253906037e-07,True,CONVERGED,float64,cuda:0
forward,1,347,9.52030078579914e-07,True,CONVERGED,float64,cuda:0
forward,2,340,9.614653020084756e-07,True,CONVERGED,float64,cuda:0
adjoint,0,342,9.51772492342162e-07,True,CONVERGED,float64,cuda:0
adjoint,1,326,9.235971547502789e-07,True,CONVERGED,float64,cuda:0
adjoint,2,332,9.61845802336383e-07,True,CONVERGED,float64,cuda:0
forward,0,337,9.141093913914606e-07,True,CONVERGED,float64,cuda:0
forward,1,347,9.410006754570126e-07,True,CONVERGED,float64,cuda:0
forward,2,340,9.320425224961053e-07,True,CONVERGED,float64,cuda:0
adjoint,0,341,9.6948364075517e-07,True,CONVERGED,float64,cuda:0
adjoint,1,326,9.389361914558196e-07,True,CONVERGED,float64,cuda:0
adjoint,2,331,9.863666639328663e-07,True,CONVERGED,float64,cuda:0
forward,0,337,9.149202209926989e-07,True,CONVERGED,float64,cuda:0
forward,1,347,9.387095251659045e-07,True,CONVERGED,float64,cuda:0
forward,2,340,9.56103550774073e-07,True,CONVERGED,float64,cuda:0
adjoint,0,341,9.799897058308794e-07,True,CONVERGED,float64,cuda:0
adjoint,1,326,9.658977078860475e-07,True,CONVERGED,float64,cuda:0
adjoint,2,331,9.590968591255614e-07,True,CONVERGED,float64,cuda:0
forward,0,337,9.13482503917495e-07,True,CONVERGED,float64,cuda:0
forward,1,347,9.398845656859032e-07,True,CONVERGED,float64,cuda:0
forward,2,340,9.564717195450103e-07,True,CONVERGED,float64,cuda:0
adjoint,0,341,9.724480401293385e-07,True,CONVERGED,float64,cuda:0
adjoint,1,326,9.650234010228345e-07,True,CONVERGED,float64,cuda:0
adjoint,2,331,9.335799883226255e-07,True,CONVERGED,float64,cuda:0
forward,0,336,9.907897033148442e-07,True,CONVERGED,float64,cuda:0
forward,1,347,9.43522318216345e-07,True,CONVERGED,float64,cuda:0
forward,2,340,9.752779640686051e-07,True,CONVERGED,float64,cuda:0
adjoint,0,341,9.597218178078595e-07,True,CONVERGED,float64,cuda:0
adjoint,1,326,9.548588078696103e-07,True,CONVERGED,float64,cuda:0
adjoint,2,331,9.238353850849239e-07,True,CONVERGED,float64,cuda:0
forward,0,336,9.81630700142433e-07,True,CONVERGED,float64,cuda:0
forward,1,347,9.479763491867455e-07,True,CONVERGED,float64,cuda:0
forward,2,340,9.841172550007825e-07,True,CONVERGED,float64,cuda:0
adjoint,0,341,9.931844854084306e-07,True,CONVERGED,float64,cuda:0
adjoint,1,326,9.583905360244337e-07,True,CONVERGED,float64,cuda:0
adjoint,2,331,9.276800453320616e-07,True,CONVERGED,float64,cuda:0
forward,0,336,9.990404522595507e-07,True,CONVERGED,float64,cuda:0
forward,1,347,9.629647783186384e-07,True,CONVERGED,float64,cuda:0
forward,2,340,9.929239628075813e-07,True,CONVERGED,float64,cuda:0
adjoint,0,341,9.945188979965525e-07,True,CONVERGED,float64,cuda:0
adjoint,1,326,9.898431300318626e-07,True,CONVERGED,float64,cuda:0
adjoint,2,331,9.455320921674387e-07,True,CONVERGED,float64,cuda:0
forward,0,337,9.287176479712451e-07,True,CONVERGED,float64,cuda:0
forward,1,347,9.837732428942361e-07,True,CONVERGED,float64,cuda:0
forward,2,340,9.530710601246002e-07,True,CONVERGED,float64,cuda:0
adjoint,0,341,9.717686758173132e-07,True,CONVERGED,float64,cuda:0
adjoint,1,327,9.828994757300872e-07,True,CONVERGED,float64,cuda:0
adjoint,2,331,9.934770045842062e-07,True,CONVERGED,float64,cuda:0
forward,0,337,9.291233013961602e-07,True,CONVERGED,float64,cuda:0
forward,1,347,9.826900649108352e-07,True,CONVERGED,float64,cuda:0
forward,2,340,9.54590581075472e-07,True,CONVERGED,float64,cuda:0
adjoint,0,341,9.92122362710055e-07,True,CONVERGED,float64,cuda:0
adjoint,1,328,9.69782373511174e-07,True,CONVERGED,float64,cuda:0
adjoint,2,331,9.925068269065317e-07,True,CONVERGED,float64,cuda:0
forward,0,337,9.189196040629974e-07,True,CONVERGED,float64,cuda:0
forward,1,347,9.769789422973911e-07,True,CONVERGED,float64,cuda:0
forward,2,340,9.775748272718938e-07,True,CONVERGED,float64,cuda:0
adjoint,0,342,9.467902789095304e-07,True,CONVERGED,float64,cuda:0
adjoint,1,328,9.796547374260706e-07,True,CONVERGED,float64,cuda:0
adjoint,2,331,9.688833101681447e-07,True,CONVERGED,float64,cuda:0
forward,0,336,9.98507783715511e-07,True,CONVERGED,float64,cuda:0
forward,1,347,9.69500165964224e-07,True,CONVERGED,float64,cuda:0
forward,2,340,9.78034958799783e-07,True,CONVERGED,float64,cuda:0
adjoint,0,342,9.492096077539975e-07,True,CONVERGED,float64,cuda:0
adjoint,1,328,9.84766047933867e-07,True,CONVERGED,float64,cuda:0
adjoint,2,331,9.614145769650714e-07,True,CONVERGED,float64,cuda:0
forward,0,337,9.252209747113517e-07,True,CONVERGED,float64,cuda:0
forward,1,347,9.772376407280313e-07,True,CONVERGED,float64,cuda:0
forward,2,340,9.741624685429722e-07,True,CONVERGED,float64,cuda:0
adjoint,0,342,9.48164818166457e-07,True,CONVERGED,float64,cuda:0
adjoint,1,328,9.930956567205307e-07,True,CONVERGED,float64,cuda:0
adjoint,2,331,9.48824589327899e-07,True,CONVERGED,float64,cuda:0
forward,0,337,9.365587122232559e-07,True,CONVERGED,float64,cuda:0
forward,1,347,9.833556950380541e-07,True,CONVERGED,float64,cuda:0
forward,2,340,9.674440745195474e-07,True,CONVERGED,float64,cuda:0
adjoint,0,342,9.443134300222309e-07,True,CONVERGED,float64,cuda:0
adjoint,1,328,9.956782764799024e-07,True,CONVERGED,float64,cuda:0
adjoint,2,331,9.446151494598667e-07,True,CONVERGED,float64,cuda:0
forward,0,337,9.397395696197409e-07,True,CONVERGED,float64,cuda:0
forward,1,347,9.769972684084395e-07,True,CONVERGED,float64,cuda:0
forward,2,340,9.631953185482072e-07,True,CONVERGED,float64,cuda:0
adjoint,0,342,9.443111241956627e-07,True,CONVERGED,float64,cuda:0
adjoint,1,328,9.950200137827295e-07,True,CONVERGED,float64,cuda:0
adjoint,2,331,9.488919423282573e-07,True,CONVERGED,float64,cuda:0
forward,0,337,9.372112043322994e-07,True,CONVERGED,float64,cuda:0
forward,1,347,9.673678006176233e-07,True,CONVERGED,float64,cuda:0
forward,2,340,9.585694719067533e-07,True,CONVERGED,float64,cuda:0
adjoint,0,342,9.449394073296686e-07,True,CONVERGED,float64,cuda:0
adjoint,1,328,9.889492365227515e-07,True,CONVERGED,float64,cuda:0
adjoint,2,331,9.624354288995463e-07,True,CONVERGED,float64,cuda:0
forward,0,337,9.276551202545776e-07,True,CONVERGED,float64,cuda:0
forward,1,347,9.612504993657786e-07,True,CONVERGED,float64,cuda:0
forward,2,340,9.56626299366028e-07,True,CONVERGED,float64,cuda:0
adjoint,0,341,9.962670535525398e-07,True,CONVERGED,float64,cuda:0
adjoint,1,328,9.81077517148279e-07,True,CONVERGED,float64,cuda:0
adjoint,2,331,9.58255740800568e-07,True,CONVERGED,float64,cuda:0
forward,0,337,9.261461313842111e-07,True,CONVERGED,float64,cuda:0
forward,1,347,9.604325800438375e-07,True,CONVERGED,float64,cuda:0
forward,2,340,9.560908142962118e-07,True,CONVERGED,float64,cuda:0
adjoint,0,341,9.91386318164833e-07,True,CONVERGED,float64,cuda:0
adjoint,1,328,9.8737207698326e-07,True,CONVERGED,float64,cuda:0
adjoint,2,331,9.494493080233595e-07,True,CONVERGED,float64,cuda:0
forward,0,337,9.373042581457622e-07,True,CONVERGED,float64,cuda:0
forward,1,347,9.596804193637853e-07,True,CONVERGED,float64,cuda:0
forward,2,340,9.520510898857924e-07,True,CONVERGED,float64,cuda:0
adjoint,0,341,9.951821573297309e-07,True,CONVERGED,float64,cuda:0
adjoint,1,328,9.949940353515442e-07,True,CONVERGED,float64,cuda:0
adjoint,2,331,9.560879083533025e-07,True,CONVERGED,float64,cuda:0
forward,0,337,9.45117388661802e-07,True,CONVERGED,float64,cuda:0
forward,1,347,9.616249810068412e-07,True,CONVERGED,float64,cuda:0
forward,2,340,9.418654214741566e-07,True,CONVERGED,float64,cuda:0
adjoint,0,341,9.947726782797237e-07,True,CONVERGED,float64,cuda:0
adjoint,1,329,9.439492238521142e-07,True,CONVERGED,float64,cuda:0
adjoint,2,331,9.794146746192725e-07,True,CONVERGED,float64,cuda:0
forward,0,337,9.422051643493348e-07,True,CONVERGED,float64,cuda:0
forward,1,347,9.586294781956811e-07,True,CONVERGED,float64,cuda:0
forward,2,340,9.367866521081312e-07,True,CONVERGED,float64,cuda:0
adjoint,0,341,9.901911089651631e-07,True,CONVERGED,float64,cuda:0
adjoint,1,328,9.98646464228851e-07,True,CONVERGED,float64,cuda:0
adjoint,2,331,9.835174751843624e-07,True,CONVERGED,float64,cuda:0
forward,0,337,9.302025116773458e-07,True,CONVERGED,float64,cuda:0
forward,1,347,9.53396621331512e-07,True,CONVERGED,float64,cuda:0
forward,2,340,9.475600850449312e-07,True,CONVERGED,float64,cuda:0
adjoint,0,341,9.885681112468985e-07,True,CONVERGED,float64,cuda:0
adjoint,1,329,9.435168714607086e-07,True,CONVERGED,float64,cuda:0
adjoint,2,331,9.511370385119998e-07,True,CONVERGED,float64,cuda:0
forward,0,337,9.297670715175586e-07,True,CONVERGED,float64,cuda:0
forward,1,347,9.523024279197391e-07,True,CONVERGED,float64,cuda:0
forward,2,340,9.469087425565686e-07,True,CONVERGED,float64,cuda:0
adjoint,0,341,9.858663210193914e-07,True,CONVERGED,float64,cuda:0
adjoint,1,329,9.48070772598352e-07,True,CONVERGED,float64,cuda:0
adjoint,2,331,9.500663782195163e-07,True,CONVERGED,float64,cuda:0
forward,0,337,9.4061954803144e-07,True,CONVERGED,float64,cuda:0
forward,1,347,9.5491619404881e-07,True,CONVERGED,float64,cuda:0
forward,2,340,9.331978059320388e-07,True,CONVERGED,float64,cuda:0
adjoint,0,341,9.829650402387282e-07,True,CONVERGED,float64,cuda:0
adjoint,1,329,9.402531441472612e-07,True,CONVERGED,float64,cuda:0
adjoint,2,331,9.764142797316903e-07,True,CONVERGED,float64,cuda:0
forward,0,337,9.52939656011863e-07,True,CONVERGED,float64,cuda:0
forward,1,347,9.573320262912993e-07,True,CONVERGED,float64,cuda:0
forward,2,340,9.132301140453266e-07,True,CONVERGED,float64,cuda:0
adjoint,0,341,9.575844508818118e-07,True,CONVERGED,float64,cuda:0
adjoint,1,329,9.362051106177185e-07,True,CONVERGED,float64,cuda:0
adjoint,2,332,9.709538411516838e-07,True,CONVERGED,float64,cuda:0
forward,0,337,9.575082137176895e-07,True,CONVERGED,float64,cuda:0
forward,1,347,9.487831243182789e-07,True,CONVERGED,float64,cuda:0
forward,2,340,9.251363594186311e-07,True,CONVERGED,float64,cuda:0
adjoint,0,341,9.796331835760562e-07,True,CONVERGED,float64,cuda:0
adjoint,1,328,9.909352376382528e-07,True,CONVERGED,float64,cuda:0
adjoint,2,331,9.677131731934258e-07,True,CONVERGED,float64,cuda:0
forward,0,337,9.52094913721915e-07,True,CONVERGED,float64,cuda:0
forward,1,347,9.421474688815788e-07,True,CONVERGED,float64,cuda:0
forward,2,340,9.305495106425067e-07,True,CONVERGED,float64,cuda:0
adjoint,0,341,9.75352471453461e-07,True,CONVERGED,float64,cuda:0
adjoint,1,328,9.886367407139349e-07,True,CONVERGED,float64,cuda:0
adjoint,2,331,9.480961576301148e-07,True,CONVERGED,float64,cuda:0
forward,0,337,9.383799667856984e-07,True,CONVERGED,float64,cuda:0
forward,1,347,9.40412513816629e-07,True,CONVERGED,float64,cuda:0
forward,2,340,9.246769016333592e-07,True,CONVERGED,float64,cuda:0
adjoint,0,341,9.66977814251603e-07,True,CONVERGED,float64,cuda:0
adjoint,1,328,9.807398823758914e-07,True,CONVERGED,float64,cuda:0
adjoint,2,331,9.588144129048034e-07,True,CONVERGED,float64,cuda:0
forward,0,337,9.408746155407333e-07,True,CONVERGED,float64,cuda:0
forward,1,347,9.419764017957733e-07,True,CONVERGED,float64,cuda:0
forward,2,339,9.920239131789065e-07,True,CONVERGED,float64,cuda:0
adjoint,0,341,9.416109332121272e-07,True,CONVERGED,float64,cuda:0
adjoint,1,327,9.788535101183311e-07,True,CONVERGED,float64,cuda:0
adjoint,2,332,9.61048061249588e-07,True,CONVERGED,float64,cuda:0
forward,0,337,9.546090983959846e-07,True,CONVERGED,float64,cuda:0
forward,1,347,9.357647399270092e-07,True,CONVERGED,float64,cuda:0
forward,2,340,9.155225660971293e-07,True,CONVERGED,float64,cuda:0
adjoint,0,341,9.681611247991253e-07,True,CONVERGED,float64,cuda:0
adjoint,1,327,9.842221566889846e-07,True,CONVERGED,float64,cuda:0
adjoint,2,331,9.625453407723541e-07,True,CONVERGED,float64,cuda:0
forward,0,337,9.659041874608566e-07,True,CONVERGED,float64,cuda:0
forward,1,346,9.999624199728585e-07,True,CONVERGED,float64,cuda:0
forward,2,340,9.233618656813986e-07,True,CONVERGED,float64,cuda:0
adjoint,0,341,9.734678718021585e-07,True,CONVERGED,float64,cuda:0
adjoint,1,327,9.913890843934777e-07,True,CONVERGED,float64,cuda:0
adjoint,2,331,9.474164018943558e-07,True,CONVERGED,float64,cuda:0
forward,0,337,9.600209363987588e-07,True,CONVERGED,float64,cuda:0
forward,1,346,9.956375535334137e-07,True,CONVERGED,float64,cuda:0
forward,2,339,9.950590632477968e-07,True,CONVERGED,float64,cuda:0
adjoint,0,341,9.543744670478094e-07,True,CONVERGED,float64,cuda:0
adjoint,1,326,9.976847582457359e-07,True,CONVERGED,float64,cuda:0
adjoint,2,331,9.741831912477436e-07,True,CONVERGED,float64,cuda:0
forward,0,336,9.932404426311052e-07,True,CONVERGED,float64,cuda:0
forward,1,346,9.86950485087214e-07,True,CONVERGED,float64,cuda:0
forward,2,339,9.83989960230673e-07,True,CONVERGED,float64,cuda:0
adjoint,0,340,9.965713236131326e-07,True,CONVERGED,float64,cuda:0
adjoint,1,326,9.685310450119173e-07,True,CONVERGED,float64,cuda:0
adjoint,2,332,9.55321647513998e-07,True,CONVERGED,float64,cuda:0
forward,0,336,9.966245871053976e-07,True,CONVERGED,float64,cuda:0
forward,1,346,9.82569778480387e-07,True,CONVERGED,float64,cuda:0
forward,2,339,9.951378277904803e-07,True,CONVERGED,float64,cuda:0
adjoint,0,340,9.981980090257688e-07,True,CONVERGED,float64,cuda:0
adjoint,1,326,9.727889646025782e-07,True,CONVERGED,float64,cuda:0
adjoint,2,331,9.783556940940472e-07,True,CONVERGED,float64,cuda:0
forward,0,337,9.624646426680385e-07,True,CONVERGED,float64,cuda:0
forward,1,346,9.790450374837463e-07,True,CONVERGED,float64,cuda:0
forward,2,339,9.900623838616043e-07,True,CONVERGED,float64,cuda:0
adjoint,0,341,9.453753813161415e-07,True,CONVERGED,float64,cuda:0
adjoint,1,326,9.533237595961861e-07,True,CONVERGED,float64,cuda:0
adjoint,2,331,9.79124578415278e-07,True,CONVERGED,float64,cuda:0
forward,0,337,9.632406717483953e-07,True,CONVERGED,float64,cuda:0
forward,1,345,9.873518041660578e-07,True,CONVERGED,float64,cuda:0
forward,2,339,9.7808396167925e-07,True,CONVERGED,float64,cuda:0
adjoint,0,341,9.649297746279954e-07,True,CONVERGED,float64,cuda:0
adjoint,1,325,9.619550700853254e-07,True,CONVERGED,float64,cuda:0
adjoint,2,332,9.492195056786983e-07,True,CONVERGED,float64,cuda:0
forward,0,337,9.6454496442884e-07,True,CONVERGED,float64,cuda:0
forward,1,345,9.83173636295184e-07,True,CONVERGED,float64,cuda:0
forward,2,339,9.885448616166516e-07,True,CONVERGED,float64,cuda:0
adjoint,0,341,9.762725448031825e-07,True,CONVERGED,float64,cuda:0
adjoint,1,325,9.646129816729376e-07,True,CONVERGED,float64,cuda:0
adjoint,2,331,9.884539170483672e-07,True,CONVERGED,float64,cuda:0
forward,0,336,9.99564483166993e-07,True,CONVERGED,float64,cuda:0
forward,1,345,9.651200438545682e-07,True,CONVERGED,float64,cuda:0
forward,2,339,9.911449858248298e-07,True,CONVERGED,float64,cuda:0
adjoint,0,342,9.093937494090806e-07,True,CONVERGED,float64,cuda:0
adjoint,1,325,9.363006836002181e-07,True,CONVERGED,float64,cuda:0
adjoint,2,332,9.427223535767608e-07,True,CONVERGED,float64,cuda:0
forward,0,336,9.906934692052886e-07,True,CONVERGED,float64,cuda:0
forward,1,345,9.499560757383067e-07,True,CONVERGED,float64,cuda:0
forward,2,339,9.895645567277548e-07,True,CONVERGED,float64,cuda:0
adjoint,0,342,9.353084001032483e-07,True,CONVERGED,float64,cuda:0
adjoint,1,324,9.882462958004064e-07,True,CONVERGED,float64,cuda:0
adjoint,2,332,9.550583346533244e-07,True,CONVERGED,float64,cuda:0
forward,0,336,9.847839637603154e-07,True,CONVERGED,float64,cuda:0
forward,1,345,9.438533719923554e-07,True,CONVERGED,float64,cuda:0
forward,2,339,9.848499574786017e-07,True,CONVERGED,float64,cuda:0
adjoint,0,342,9.484098699330368e-07,True,CONVERGED,float64,cuda:0
adjoint,1,324,9.633280074965026e-07,True,CONVERGED,float64,cuda:0
adjoint,2,332,9.439565752399935e-07,True,CONVERGED,float64,cuda:0
forward,0,336,9.91916061097241e-07,True,CONVERGED,float64,cuda:0
forward,1,345,9.358874304826052e-07,True,CONVERGED,float64,cuda:0
forward,2,339,9.953272520419582e-07,True,CONVERGED,float64,cuda:0
adjoint,0,342,9.517740146754651e-07,True,CONVERGED,float64,cuda:0
adjoint,1,324,9.434322114657929e-07,True,CONVERGED,float64,cuda:0
adjoint,2,331,9.589421789870858e-07,True,CONVERGED,float64,cuda:0
forward,0,336,9.934434485033584e-07,True,CONVERGED,float64,cuda:0
forward,1,344,9.959914548187016e-07,True,CONVERGED,float64,cuda:0
forward,2,339,9.976905464589335e-07,True,CONVERGED,float64,cuda:0
adjoint,0,342,9.677190231165354e-07,True,CONVERGED,float64,cuda:0
adjoint,1,323,9.850538264940924e-07,True,CONVERGED,float64,cuda:0
adjoint,2,331,9.535257937155993e-07,True,CONVERGED,float64,cuda:0
forward,0,336,9.96466606475292e-07,True,CONVERGED,float64,cuda:0
forward,1,344,9.95400089071364e-07,True,CONVERGED,float64,cuda:0
forward,2,339,9.821140688998553e-07,True,CONVERGED,float64,cuda:0
adjoint,0,342,9.518963800536091e-07,True,CONVERGED,float64,cuda:0
adjoint,1,323,9.845912320896705e-07,True,CONVERGED,float64,cuda:0
adjoint,2,331,9.922760621905206e-07,True,CONVERGED,float64,cuda:0
forward,0,336,9.945563880217448e-07,True,CONVERGED,float64,cuda:0
forward,1,344,9.887786619921426e-07,True,CONVERGED,float64,cuda:0
forward,2,339,9.84575984798545e-07,True,CONVERGED,float64,cuda:0
adjoint,0,342,9.396723898118386e-07,True,CONVERGED,float64,cuda:0
adjoint,1,323,9.79903306860985e-07,True,CONVERGED,float64,cuda:0
adjoint,2,331,9.814322273292364e-07,True,CONVERGED,float64,cuda:0
forward,0,336,9.93507514493778e-07,True,CONVERGED,float64,cuda:0
forward,1,344,9.782176545953694e-07,True,CONVERGED,float64,cuda:0
forward,2,340,9.408771302854631e-07,True,CONVERGED,float64,cuda:0
adjoint,0,342,9.449115818476423e-07,True,CONVERGED,float64,cuda:0
adjoint,1,323,9.589180787292087e-07,True,CONVERGED,float64,cuda:0
adjoint,2,331,9.37895200397569e-07,True,CONVERGED,float64,cuda:0
forward,0,336,9.951489326896407e-07,True,CONVERGED,float64,cuda:0
forward,1,344,9.74821680837483e-07,True,CONVERGED,float64,cuda:0
forward,2,339,9.945384417148536e-07,True,CONVERGED,float64,cuda:0
adjoint,0,342,9.398126922569376e-07,True,CONVERGED,float64,cuda:0
adjoint,1,323,9.540246036179257e-07,True,CONVERGED,float64,cuda:0
adjoint,2,331,9.37972989284768e-07,True,CONVERGED,float64,cuda:0
forward,0,336,9.889289285351172e-07,True,CONVERGED,float64,cuda:0
forward,1,344,9.773626405887128e-07,True,CONVERGED,float64,cuda:0
forward,2,339,9.947090107630086e-07,True,CONVERGED,float64,cuda:0
adjoint,0,342,9.285325231904253e-07,True,CONVERGED,float64,cuda:0
adjoint,1,323,9.54111863772078e-07,True,CONVERGED,float64,cuda:0
adjoint,2,331,9.417550873074519e-07,True,CONVERGED,float64,cuda:0
forward,0,336,9.838405115980333e-07,True,CONVERGED,float64,cuda:0
forward,1,344,9.781693987447357e-07,True,CONVERGED,float64,cuda:0
forward,2,339,9.87503423601187e-07,True,CONVERGED,float64,cuda:0
adjoint,0,342,9.197419808848096e-07,True,CONVERGED,float64,cuda:0
adjoint,1,323,9.619307480313366e-07,True,CONVERGED,float64,cuda:0
adjoint,2,331,9.530211279489503e-07,True,CONVERGED,float64,cuda:0
forward,0,336,9.885123277244439e-07,True,CONVERGED,float64,cuda:0
forward,1,344,9.713880816672466e-07,True,CONVERGED,float64,cuda:0
forward,2,339,9.909338314298422e-07,True,CONVERGED,float64,cuda:0
adjoint,0,342,9.103005318372803e-07,True,CONVERGED,float64,cuda:0
adjoint,1,323,9.80427684388464e-07,True,CONVERGED,float64,cuda:0
adjoint,2,331,9.304768249562838e-07,True,CONVERGED,float64,cuda:0
forward,0,336,9.904991269430898e-07,True,CONVERGED,float64,cuda:0
forward,1,344,9.688821464346234e-07,True,CONVERGED,float64,cuda:0
forward,2,339,9.922934596363395e-07,True,CONVERGED,float64,cuda:0
adjoint,0,341,9.872142225278017e-07,True,CONVERGED,float64,cuda:0
adjoint,1,325,9.255970669383387e-07,True,CONVERGED,float64,cuda:0
adjoint,2,331,9.10975673244589e-07,True,CONVERGED,float64,cuda:0
forward,0,336,9.81889000754924e-07,True,CONVERGED,float64,cuda:0
forward,1,344,9.74644266120348e-07,True,CONVERGED,float64,cuda:0
forward,2,339,9.77046719555359e-07,True,CONVERGED,float64,cuda:0
adjoint,0,341,9.550771966984757e-07,True,CONVERGED,float64,cuda:0
adjoint,1,330,9.005474989866306e-07,True,CONVERGED,float64,cuda:0
adjoint,2,331,9.181835225054045e-07,True,CONVERGED,float64,cuda:0
forward,0,336,9.80435156656074e-07,True,CONVERGED,float64,cuda:0
forward,1,343,9.978087224581102e-07,True,CONVERGED,float64,cuda:0
forward,2,339,9.660148863742382e-07,True,CONVERGED,float64,cuda:0
adjoint,0,340,9.81418069176038e-07,True,CONVERGED,float64,cuda:0
adjoint,1,331,9.178861657970173e-07,True,CONVERGED,float64,cuda:0
adjoint,2,331,9.086188986042821e-07,True,CONVERGED,float64,cuda:0
forward,0,336,9.863275083820117e-07,True,CONVERGED,float64,cuda:0
forward,1,343,9.940872671170623e-07,True,CONVERGED,float64,cuda:0
forward,2,339,9.555263875460244e-07,True,CONVERGED,float64,cuda:0
adjoint,0,340,9.876382450816432e-07,True,CONVERGED,float64,cuda:0
adjoint,1,331,9.557636969379978e-07,True,CONVERGED,float64,cuda:0
adjoint,2,331,8.945146238890597e-07,True,CONVERGED,float64,cuda:0
forward,0,336,9.823299875773459e-07,True,CONVERGED,float64,cuda:0
forward,1,343,9.9115225424294e-07,True,CONVERGED,float64,cuda:0
forward,2,339,9.406146393248869e-07,True,CONVERGED,float64,cuda:0
adjoint,0,340,9.649062029272539e-07,True,CONVERGED,float64,cuda:0
adjoint,1,331,9.688066205000648e-07,True,CONVERGED,float64,cuda:0
adjoint,2,330,9.986442585224862e-07,True,CONVERGED,float64,cuda:0
forward,0,336,9.801209907058837e-07,True,CONVERGED,float64,cuda:0
forward,1,343,9.885762583343222e-07,True,CONVERGED,float64,cuda:0
forward,2,338,9.977335244072584e-07,True,CONVERGED,float64,cuda:0
adjoint,0,340,9.586047658696412e-07,True,CONVERGED,float64,cuda:0
adjoint,1,331,9.783589029128089e-07,True,CONVERGED,float64,cuda:0
adjoint,2,330,9.954515953503685e-07,True,CONVERGED,float64,cuda:0
forward,0,336,9.760272323814504e-07,True,CONVERGED,float64,cuda:0
forward,1,343,9.878065198752492e-07,True,CONVERGED,float64,cuda:0
forward,2,338,9.94826968603722e-07,True,CONVERGED,float64,cuda:0
adjoint,0,339,9.97685871123559e-07,True,CONVERGED,float64,cuda:0
adjoint,1,331,9.839406187899414e-07,True,CONVERGED,float64,cuda:0
adjoint,2,330,9.933968864146188e-07,True,CONVERGED,float64,cuda:0
forward,0,336,9.769014857662282e-07,True,CONVERGED,float64,cuda:0
forward,1,343,9.890135981220756e-07,True,CONVERGED,float64,cuda:0
forward,2,338,9.946183202356701e-07,True,CONVERGED,float64,cuda:0
adjoint,0,339,9.911679449353153e-07,True,CONVERGED,float64,cuda:0
adjoint,1,331,9.886241839172845e-07,True,CONVERGED,float64,cuda:0
adjoint,2,330,9.92083393442077e-07,True,CONVERGED,float64,cuda:0
forward,0,336,9.972653378586463e-07,True,CONVERGED,float64,cuda:0
forward,1,343,9.924553370485395e-07,True,CONVERGED,float64,cuda:0
forward,2,338,9.89357336746552e-07,True,CONVERGED,float64,cuda:0
adjoint,0,340,9.62026161214892e-07,True,CONVERGED,float64,cuda:0
adjoint,1,331,9.931315527097765e-07,True,CONVERGED,float64,cuda:0
adjoint,2,330,9.912185687172749e-07,True,CONVERGED,float64,cuda:0
forward,0,337,9.317389371270083e-07,True,CONVERGED,float64,cuda:0
forward,1,343,9.900303034795722e-07,True,CONVERGED,float64,cuda:0
forward,2,338,9.707944816836624e-07,True,CONVERGED,float64,cuda:0
adjoint,0,341,9.534740408942528e-07,True,CONVERGED,float64,cuda:0
adjoint,1,332,8.797737158902299e-07,True,CONVERGED,float64,cuda:0
adjoint,2,330,9.887219042397313e-07,True,CONVERGED,float64,cuda:0
forward,0,336,9.751323272088314e-07,True,CONVERGED,float64,cuda:0
forward,1,343,9.816106200625149e-07,True,CONVERGED,float64,cuda:0
forward,2,338,9.547020615614667e-07,True,CONVERGED,float64,cuda:0
adjoint,0,341,9.865609817475362e-07,True,CONVERGED,float64,cuda:0
adjoint,1,332,8.760031532106989e-07,True,CONVERGED,float64,cuda:0
adjoint,2,330,9.8442320919404e-07,True,CONVERGED,float64,cuda:0
forward,0,336,9.713229103029574e-07,True,CONVERGED,float64,cuda:0
forward,1,343,9.697285293157813e-07,True,CONVERGED,float64,cuda:0
forward,2,338,9.555366940030653e-07,True,CONVERGED,float64,cuda:0
adjoint,0,341,9.883687317532328e-07,True,CONVERGED,float64,cuda:0
adjoint,1,332,8.775840884759341e-07,True,CONVERGED,float64,cuda:0
adjoint,2,330,9.994317941107521e-07,True,CONVERGED,float64,cuda:0
forward,0,336,9.904661375570878e-07,True,CONVERGED,float64,cuda:0
forward,1,343,9.807757079594758e-07,True,CONVERGED,float64,cuda:0
forward,2,338,9.599585249522806e-07,True,CONVERGED,float64,cuda:0
adjoint,0,341,9.557166988334188e-07,True,CONVERGED,float64,cuda:0
adjoint,1,332,8.863242772074846e-07,True,CONVERGED,float64,cuda:0
adjoint,2,330,9.827677216120781e-07,True,CONVERGED,float64,cuda:0
forward,0,336,9.741393936735578e-07,True,CONVERGED,float64,cuda:0
forward,1,343,9.78327846240551e-07,True,CONVERGED,float64,cuda:0
forward,2,338,9.470452116126962e-07,True,CONVERGED,float64,cuda:0
adjoint,0,341,9.59521752816705e-07,True,CONVERGED,float64,cuda:0
adjoint,1,332,8.90242587480478e-07,True,CONVERGED,float64,cuda:0
adjoint,2,330,9.792281380792057e-07,True,CONVERGED,float64,cuda:0
forward,0,336,9.621274752008625e-07,True,CONVERGED,float64,cuda:0
forward,1,343,9.529725706861185e-07,True,CONVERGED,float64,cuda:0
forward,2,338,9.393413388361191e-07,True,CONVERGED,float64,cuda:0
adjoint,0,341,9.739900741356698e-07,True,CONVERGED,float64,cuda:0
adjoint,1,332,8.990733112680585e-07,True,CONVERGED,float64,cuda:0
adjoint,2,330,9.911068400287097e-07,True,CONVERGED,float64,cuda:0
forward,0,336,9.665562752907156e-07,True,CONVERGED,float64,cuda:0
forward,1,343,9.381697650118782e-07,True,CONVERGED,float64,cuda:0
forward,2,338,9.373843072252933e-07,True,CONVERGED,float64,cuda:0
adjoint,0,340,9.975617752639388e-07,True,CONVERGED,float64,cuda:0
adjoint,1,332,8.887826001359252e-07,True,CONVERGED,float64,cuda:0
adjoint,2,330,9.9133239664505e-07,True,CONVERGED,float64,cuda:0
forward,0,336,9.69398605294127e-07,True,CONVERGED,float64,cuda:0
forward,1,343,9.411856740857913e-07,True,CONVERGED,float64,cuda:0
forward,2,337,9.933807035688905e-07,True,CONVERGED,float64,cuda:0
adjoint,0,340,9.591140360046432e-07,True,CONVERGED,float64,cuda:0
adjoint,1,332,8.812906536758136e-07,True,CONVERGED,float64,cuda:0
adjoint,2,330,9.816324891588655e-07,True,CONVERGED,float64,cuda:0
forward,0,336,9.613514655532523e-07,True,CONVERGED,float64,cuda:0
forward,1,343,9.241497527452336e-07,True,CONVERGED,float64,cuda:0
forward,2,337,9.8762012052653e-07,True,CONVERGED,float64,cuda:0
adjoint,0,340,9.533917727595005e-07,True,CONVERGED,float64,cuda:0
adjoint,1,332,8.788248144228887e-07,True,CONVERGED,float64,cuda:0
adjoint,2,330,9.80755694098839e-07,True,CONVERGED,float64,cuda:0
forward,0,336,9.645559627137497e-07,True,CONVERGED,float64,cuda:0
forward,1,343,9.07241369425249e-07,True,CONVERGED,float64,cuda:0
forward,2,337,9.909633592310349e-07,True,CONVERGED,float64,cuda:0
adjoint,0,340,9.78492174277466e-07,True,CONVERGED,float64,cuda:0
adjoint,1,332,8.777577336846408e-07,True,CONVERGED,float64,cuda:0
adjoint,2,330,9.994243568639852e-07,True,CONVERGED,float64,cuda:0
forward,0,336,9.55435460714491e-07,True,CONVERGED,float64,cuda:0
forward,1,343,9.243043631905348e-07,True,CONVERGED,float64,cuda:0
forward,2,337,9.81462696307569e-07,True,CONVERGED,float64,cuda:0
adjoint,0,340,9.663699798889103e-07,True,CONVERGED,float64,cuda:0
adjoint,1,332,8.824477686432294e-07,True,CONVERGED,float64,cuda:0
adjoint,2,330,9.886714657222376e-07,True,CONVERGED,float64,cuda:0
forward,0,336,9.712301380087102e-07,True,CONVERGED,float64,cuda:0
forward,1,343,9.214524785329314e-07,True,CONVERGED,float64,cuda:0
forward,2,338,9.396810235451928e-07,True,CONVERGED,float64,cuda:0
adjoint,0,339,9.97097332667517e-07,True,CONVERGED,float64,cuda:0
adjoint,1,332,8.836816636496931e-07,True,CONVERGED,float64,cuda:0
adjoint,2,330,9.912600984515817e-07,True,CONVERGED,float64,cuda:0
forward,0,336,9.481727299237112e-07,True,CONVERGED,float64,cuda:0
forward,1,343,9.043944162068641e-07,True,CONVERGED,float64,cuda:0
forward,2,337,9.915813253084037e-07,True,CONVERGED,float64,cuda:0
adjoint,0,340,9.852184366974235e-07,True,CONVERGED,float64,cuda:0
adjoint,1,332,8.902613998410259e-07,True,CONVERGED,float64,cuda:0
adjoint,2,330,9.989485825976734e-07,True,CONVERGED,float64,cuda:0
forward,0,336,9.479967319359107e-07,True,CONVERGED,float64,cuda:0
forward,1,343,9.059136910569329e-07,True,CONVERGED,float64,cuda:0
forward,2,337,9.964494002151633e-07,True,CONVERGED,float64,cuda:0
adjoint,0,340,9.836031174816909e-07,True,CONVERGED,float64,cuda:0
adjoint,1,332,8.930770991150249e-07,True,CONVERGED,float64,cuda:0
adjoint,2,331,9.137466029175298e-07,True,CONVERGED,float64,cuda:0
forward,0,336,9.63515980431458e-07,True,CONVERGED,float64,cuda:0
forward,1,342,9.938088577173107e-07,True,CONVERGED,float64,cuda:0
forward,2,338,9.566155671315452e-07,True,CONVERGED,float64,cuda:0
adjoint,0,340,9.783688281937175e-07,True,CONVERGED,float64,cuda:0
adjoint,1,332,8.907272310625567e-07,True,CONVERGED,float64,cuda:0
adjoint,2,330,9.964014679793158e-07,True,CONVERGED,float64,cuda:0
forward,0,336,9.503997800802776e-07,True,CONVERGED,float64,cuda:0
forward,1,342,9.960041368921415e-07,True,CONVERGED,float64,cuda:0
forward,2,338,9.452044210000752e-07,True,CONVERGED,float64,cuda:0
adjoint,0,340,9.916686800849662e-07,True,CONVERGED,float64,cuda:0
adjoint,1,332,8.956651777193521e-07,True,CONVERGED,float64,cuda:0
adjoint,2,330,9.959476120822338e-07,True,CONVERGED,float64,cuda:0
forward,0,336,9.558581549899512e-07,True,CONVERGED,float64,cuda:0
forward,1,343,9.046266479941707e-07,True,CONVERGED,float64,cuda:0
forward,2,338,9.492150899027547e-07,True,CONVERGED,float64,cuda:0
adjoint,0,339,9.950105003447991e-07,True,CONVERGED,float64,cuda:0
adjoint,1,332,9.07291364992443e-07,True,CONVERGED,float64,cuda:0
adjoint,2,331,9.288658465431712e-07,True,CONVERGED,float64,cuda:0
forward,0,336,9.685836237458391e-07,True,CONVERGED,float64,cuda:0
forward,1,343,9.089143519034465e-07,True,CONVERGED,float64,cuda:0
forward,2,337,9.9147440695685e-07,True,CONVERGED,float64,cuda:0
adjoint,0,341,9.630552094554816e-07,True,CONVERGED,float64,cuda:0
adjoint,1,332,9.104096154016671e-07,True,CONVERGED,float64,cuda:0
adjoint,2,330,9.912259626706045e-07,True,CONVERGED,float64,cuda:0
forward,0,336,9.657315217640875e-07,True,CONVERGED,float64,cuda:0
forward,1,343,9.167435181075872e-07,True,CONVERGED,float64,cuda:0
forward,2,337,9.877252599953509e-07,True,CONVERGED,float64,cuda:0
adjoint,0,341,9.58669347371123e-07,True,CONVERGED,float64,cuda:0
adjoint,1,332,9.132605035820431e-07,True,CONVERGED,float64,cuda:0
adjoint,2,330,9.931655842607798e-07,True,CONVERGED,float64,cuda:0
forward,0,336,9.470765346094889e-07,True,CONVERGED,float64,cuda:0
forward,1,343,9.050049333034914e-07,True,CONVERGED,float64,cuda:0
forward,2,338,9.362034433772535e-07,True,CONVERGED,float64,cuda:0
adjoint,0,340,9.71652365651471e-07,True,CONVERGED,float64,cuda:0
adjoint,1,332,9.14968117106442e-07,True,CONVERGED,float64,cuda:0
adjoint,2,331,9.166060097227596e-07,True,CONVERGED,float64,cuda:0
forward,0,336,9.636491713291383e-07,True,CONVERGED,float64,cuda:0
forward,1,342,9.808226368608008e-07,True,CONVERGED,float64,cuda:0
forward,2,338,9.748755238310043e-07,True,CONVERGED,float64,cuda:0
adjoint,0,339,9.976253659785966e-07,True,CONVERGED,float64,cuda:0
adjoint,1,332,9.182708961815965e-07,True,CONVERGED,float64,cuda:0
adjoint,2,330,9.99245852277645e-07,True,CONVERGED,float64,cuda:0
forward,0,336,9.624443718318283e-07,True,CONVERGED,float64,cuda:0
forward,1,342,9.776149757894213e-07,True,CONVERGED,float64,cuda:0
forward,2,338,9.97414267967128e-07,True,CONVERGED,float64,cuda:0
adjoint,0,339,9.812552956437183e-07,True,CONVERGED,float64,cuda:0
adjoint,1,332,9.189786079479753e-07,True,CONVERGED,float64,cuda:0
adjoint,2,331,8.907729460029148e-07,True,CONVERGED,float64,cuda:0
forward,0,336,9.494105800886524e-07,True,CONVERGED,float64,cuda:0
forward,1,342,9.833526220549738e-07,True,CONVERGED,float64,cuda:0
forward,2,339,9.183645570117871e-07,True,CONVERGED,float64,cuda:0
adjoint,0,339,9.856218011069459e-07,True,CONVERGED,float64,cuda:0
adjoint,1,332,9.184020923795801e-07,True,CONVERGED,float64,cuda:0
adjoint,2,331,8.906275433509964e-07,True,CONVERGED,float64,cuda:0
forward,0,336,9.554149063582442e-07,True,CONVERGED,float64,cuda:0
forward,1,342,9.853136731794273e-07,True,CONVERGED,float64,cuda:0
forward,2,339,9.266802949136066e-07,True,CONVERGED,float64,cuda:0
adjoint,0,339,9.990572562486392e-07,True,CONVERGED,float64,cuda:0
adjoint,1,332,9.2241892212278e-07,True,CONVERGED,float64,cuda:0
adjoint,2,331,8.954170354256481e-07,True,CONVERGED,float64,cuda:0
forward,0,336,9.642113060524588e-07,True,CONVERGED,float64,cuda:0
forward,1,343,9.088841946608411e-07,True,CONVERGED,float64,cuda:0
forward,2,338,9.732281203560651e-07,True,CONVERGED,float64,cuda:0
adjoint,0,341,9.535457107514752e-07,True,CONVERGED,float64,cuda:0
adjoint,1,332,9.145182037062974e-07,True,CONVERGED,float64,cuda:0
adjoint,2,330,9.9354165707482e-07,True,CONVERGED,float64,cuda:0
forward,0,336,9.406964112370452e-07,True,CONVERGED,float64,cuda:0
forward,1,343,9.607985645479338e-07,True,CONVERGED,float64,cuda:0
forward,2,338,9.357128953735717e-07,True,CONVERGED,float64,cuda:0
adjoint,0,341,9.758598866962185e-07,True,CONVERGED,float64,cuda:0
adjoint,1,332,9.15599403127476e-07,True,CONVERGED,float64,cuda:0
adjoint,2,331,9.268563050352984e-07,True,CONVERGED,float64,cuda:0
forward,0,336,9.408335844604085e-07,True,CONVERGED,float64,cuda:0
forward,1,343,9.852124819041435e-07,True,CONVERGED,float64,cuda:0
forward,2,338,9.43004460040805e-07,True,CONVERGED,float64,cuda:0
adjoint,0,341,9.580968210856022e-07,True,CONVERGED,float64,cuda:0
adjoint,1,332,8.997202041370586e-07,True,CONVERGED,float64,cuda:0
adjoint,2,332,9.186033377792173e-07,True,CONVERGED,float64,cuda:0
forward,0,336,9.537946268843296e-07,True,CONVERGED,float64,cuda:0
forward,1,343,9.23586112588548e-07,True,CONVERGED,float64,cuda:0
forward,2,339,9.344753766805745e-07,True,CONVERGED,float64,cuda:0
adjoint,0,340,9.988513735020193e-07,True,CONVERGED,float64,cuda:0
adjoint,1,332,9.268497351797076e-07,True,CONVERGED,float64,cuda:0
adjoint,2,331,9.361594100441413e-07,True,CONVERGED,float64,cuda:0
forward,0,336,9.460060468859959e-07,True,CONVERGED,float64,cuda:0
forward,1,342,9.989673280689355e-07,True,CONVERGED,float64,cuda:0
forward,2,339,9.556445490959512e-07,True,CONVERGED,float64,cuda:0
adjoint,0,340,9.833930055800726e-07,True,CONVERGED,float64,cuda:0
adjoint,1,332,9.293565867962028e-07,True,CONVERGED,float64,cuda:0
adjoint,2,331,9.272598586779165e-07,True,CONVERGED,float64,cuda:0
forward,0,336,9.440997777380348e-07,True,CONVERGED,float64,cuda:0
forward,1,343,9.349121230751518e-07,True,CONVERGED,float64,cuda:0
forward,2,339,9.293395088927177e-07,True,CONVERGED,float64,cuda:0
adjoint,0,340,9.905897423335838e-07,True,CONVERGED,float64,cuda:0
adjoint,1,332,9.204518792739897e-07,True,CONVERGED,float64,cuda:0
adjoint,2,331,9.22859444460651e-07,True,CONVERGED,float64,cuda:0
forward,0,336,9.714945932677189e-07,True,CONVERGED,float64,cuda:0
forward,1,342,9.990693323376265e-07,True,CONVERGED,float64,cuda:0
forward,2,338,9.825181296420018e-07,True,CONVERGED,float64,cuda:0
adjoint,0,340,9.98068824462526e-07,True,CONVERGED,float64,cuda:0
adjoint,1,332,9.381539036659312e-07,True,CONVERGED,float64,cuda:0
adjoint,2,330,9.855939553662176e-07,True,CONVERGED,float64,cuda:0
forward,0,336,9.615644880608197e-07,True,CONVERGED,float64,cuda:0
forward,1,343,9.33686297577035e-07,True,CONVERGED,float64,cuda:0
forward,2,338,9.309193922593202e-07,True,CONVERGED,float64,cuda:0
adjoint,0,341,9.809800544231223e-07,True,CONVERGED,float64,cuda:0
adjoint,1,332,9.332829626978355e-07,True,CONVERGED,float64,cuda:0
adjoint,2,330,9.540454218046e-07,True,CONVERGED,float64,cuda:0
forward,0,336,9.421964371276686e-07,True,CONVERGED,float64,cuda:0
forward,1,343,9.801540157710218e-07,True,CONVERGED,float64,cuda:0
forward,2,338,9.164964692876166e-07,True,CONVERGED,float64,cuda:0
adjoint,0,339,9.916834229543204e-07,True,CONVERGED,float64,cuda:0
adjoint,1,332,8.994921048830169e-07,True,CONVERGED,float64,cuda:0
adjoint,2,331,9.529635893275811e-07,True,CONVERGED,float64,cuda:0
forward,0,336,9.666314361437969e-07,True,CONVERGED,float64,cuda:0
forward,1,343,9.618466680512355e-07,True,CONVERGED,float64,cuda:0
forward,2,338,9.48125352547536e-07,True,CONVERGED,float64,cuda:0
adjoint,0,339,9.793981496621155e-07,True,CONVERGED,float64,cuda:0
adjoint,1,332,9.070792535481787e-07,True,CONVERGED,float64,cuda:0
adjoint,2,331,9.843689177710639e-07,True,CONVERGED,float64,cuda:0
forward,0,336,9.526980768578517e-07,True,CONVERGED,float64,cuda:0
forward,1,343,9.155108610164744e-07,True,CONVERGED,float64,cuda:0
forward,2,338,9.646652154942297e-07,True,CONVERGED,float64,cuda:0
adjoint,0,340,9.751914129478915e-07,True,CONVERGED,float64,cuda:0
adjoint,1,332,9.36429973575151e-07,True,CONVERGED,float64,cuda:0
adjoint,2,330,9.877891903995646e-07,True,CONVERGED,float64,cuda:0
forward,0,336,9.570643370404215e-07,True,CONVERGED,float64,cuda:0
forward,1,342,9.99292914130419e-07,True,CONVERGED,float64,cuda:0
forward,2,339,9.494183785797638e-07,True,CONVERGED,float64,cuda:0
adjoint,0,340,9.885080921967154e-07,True,CONVERGED,float64,cuda:0
adjoint,1,332,9.511378954475266e-07,True,CONVERGED,float64,cuda:0
adjoint,2,331,9.03067724818185e-07,True,CONVERGED,float64,cuda:0
forward,0,336,9.492421734012013e-07,True,CONVERGED,float64,cuda:0
forward,1,343,9.372617027731781e-07,True,CONVERGED,float64,cuda:0
forward,2,339,9.209428461412435e-07,True,CONVERGED,float64,cuda:0
adjoint,0,340,9.825832348201116e-07,True,CONVERGED,float64,cuda:0
adjoint,1,332,9.307161039011593e-07,True,CONVERGED,float64,cuda:0
adjoint,2,331,9.206787605192425e-07,True,CONVERGED,float64,cuda:0
forward,0,336,9.443925118281981e-07,True,CONVERGED,float64,cuda:0
forward,1,343,9.235613863638638e-07,True,CONVERGED,float64,cuda:0
forward,2,338,9.977727291569853e-07,True,CONVERGED,float64,cuda:0
adjoint,0,339,9.983249216226058e-07,True,CONVERGED,float64,cuda:0
adjoint,1,332,9.43709700285613e-07,True,CONVERGED,float64,cuda:0
adjoint,2,331,9.089224110691463e-07,True,CONVERGED,float64,cuda:0
forward,0,336,9.5371631539176e-07,True,CONVERGED,float64,cuda:0
forward,1,343,9.082376784158607e-07,True,CONVERGED,float64,cuda:0
forward,2,338,9.933898711948926e-07,True,CONVERGED,float64,cuda:0
adjoint,0,340,9.661188622125087e-07,True,CONVERGED,float64,cuda:0
adjoint,1,332,9.212062611122168e-07,True,CONVERGED,float64,cuda:0
adjoint,2,331,9.009327177996382e-07,True,CONVERGED,float64,cuda:0
forward,0,336,9.756470979085687e-07,True,CONVERGED,float64,cuda:0
forward,1,343,9.561998785625519e-07,True,CONVERGED,float64,cuda:0
forward,2,338,9.444004461042143e-07,True,CONVERGED,float64,cuda:0
adjoint,0,339,9.950854153377128e-07,True,CONVERGED,float64,cuda:0
adjoint,1,332,9.012165495468232e-07,True,CONVERGED,float64,cuda:0
adjoint,2,331,9.464941523761615e-07,True,CONVERGED,float64,cuda:0
forward,0,336,9.51950983719897e-07,True,CONVERGED,float64,cuda:0
forward,1,343,9.577496111338753e-07,True,CONVERGED,float64,cuda:0
forward,2,338,9.318660603889316e-07,True,CONVERGED,float64,cuda:0
adjoint,0,340,9.964418843027169e-07,True,CONVERGED,float64,cuda:0
adjoint,1,332,9.226503553852917e-07,True,CONVERGED,float64,cuda:0
adjoint,2,330,9.945140123863188e-07,True,CONVERGED,float64,cuda:0
forward,0,336,8.972867651931156e-07,True,CONVERGED,float64,cuda:0
forward,1,343,9.335219427450615e-07,True,CONVERGED,float64,cuda:0
forward,2,338,9.387554826303917e-07,True,CONVERGED,float64,cuda:0
adjoint,0,341,9.762952351464762e-07,True,CONVERGED,float64,cuda:0
adjoint,1,332,8.979080362512714e-07,True,CONVERGED,float64,cuda:0
adjoint,2,330,9.826999749805214e-07,True,CONVERGED,float64,cuda:0
forward,0,336,9.550572423502186e-07,True,CONVERGED,float64,cuda:0
forward,1,343,9.479923262630954e-07,True,CONVERGED,float64,cuda:0
forward,2,338,9.608249626772648e-07,True,CONVERGED,float64,cuda:0
adjoint,0,339,9.870911924656621e-07,True,CONVERGED,float64,cuda:0
adjoint,1,332,9.105532967249406e-07,True,CONVERGED,float64,cuda:0
adjoint,2,331,9.549350091445627e-07,True,CONVERGED,float64,cuda:0
forward,0,336,9.427363641062734e-07,True,CONVERGED,float64,cuda:0
forward,1,342,9.941807316042987e-07,True,CONVERGED,float64,cuda:0
forward,2,338,9.975159316844527e-07,True,CONVERGED,float64,cuda:0
adjoint,0,339,9.321478510675878e-07,True,CONVERGED,float64,cuda:0
adjoint,1,332,9.065484557927619e-07,True,CONVERGED,float64,cuda:0
adjoint,2,331,9.232048456013041e-07,True,CONVERGED,float64,cuda:0
forward,0,336,9.369260151281276e-07,True,CONVERGED,float64,cuda:0
forward,1,342,9.719294852087897e-07,True,CONVERGED,float64,cuda:0
forward,2,339,9.64339455411635e-07,True,CONVERGED,float64,cuda:0
adjoint,0,339,9.713161504172324e-07,True,CONVERGED,float64,cuda:0
adjoint,1,332,9.260363044543328e-07,True,CONVERGED,float64,cuda:0
adjoint,2,331,9.019401958414417e-07,True,CONVERGED,float64,cuda:0
forward,0,336,9.394543363551477e-07,True,CONVERGED,float64,cuda:0
forward,1,342,9.962795478862607e-07,True,CONVERGED,float64,cuda:0
forward,2,339,9.246692866713393e-07,True,CONVERGED,float64,cuda:0
adjoint,0,339,9.967116894310986e-07,True,CONVERGED,float64,cuda:0
adjoint,1,332,9.189424713752587e-07,True,CONVERGED,float64,cuda:0
adjoint,2,331,8.948805348090836e-07,True,CONVERGED,float64,cuda:0
forward,0,336,9.568752981638414e-07,True,CONVERGED,float64,cuda:0
forward,1,343,9.413411363111033e-07,True,CONVERGED,float64,cuda:0
forward,2,338,9.85794509554683e-07,True,CONVERGED,float64,cuda:0
adjoint,0,341,9.50653576315582e-07,True,CONVERGED,float64,cuda:0
adjoint,1,332,9.056840720602949e-07,True,CONVERGED,float64,cuda:0
adjoint,2,331,9.012935062809601e-07,True,CONVERGED,float64,cuda:0
forward,0,336,9.584842289813973e-07,True,CONVERGED,float64,cuda:0
forward,1,343,9.542039522124867e-07,True,CONVERGED,float64,cuda:0
forward,2,338,9.425418653255753e-07,True,CONVERGED,float64,cuda:0
adjoint,0,341,9.744461029632896e-07,True,CONVERGED,float64,cuda:0
adjoint,1,332,9.224292269421436e-07,True,CONVERGED,float64,cuda:0
adjoint,2,330,9.71022668325348e-07,True,CONVERGED,float64,cuda:0
forward,0,336,9.696706552720437e-07,True,CONVERGED,float64,cuda:0
forward,1,343,9.502266216122843e-07,True,CONVERGED,float64,cuda:0
forward,2,338,9.625357092342808e-07,True,CONVERGED,float64,cuda:0
adjoint,0,339,9.937610165727929e-07,True,CONVERGED,float64,cuda:0
adjoint,1,332,8.844769147568239e-07,True,CONVERGED,float64,cuda:0
adjoint,2,331,9.544343872218075e-07,True,CONVERGED,float64,cuda:0
forward,0,336,9.73519688428669e-07,True,CONVERGED,float64,cuda:0
forward,1,343,9.69084771391623e-07,True,CONVERGED,float64,cuda:0
forward,2,338,9.624902945177763e-07,True,CONVERGED,float64,cuda:0
adjoint,0,339,9.92133647027384e-07,True,CONVERGED,float64,cuda:0
adjoint,1,332,8.897874022038738e-07,True,CONVERGED,float64,cuda:0
adjoint,2,331,9.689491347113453e-07,True,CONVERGED,float64,cuda:0
forward,0,336,9.518526754329338e-07,True,CONVERGED,float64,cuda:0
forward,1,343,9.581401327363114e-07,True,CONVERGED,float64,cuda:0
forward,2,338,9.825959935579432e-07,True,CONVERGED,float64,cuda:0
adjoint,0,340,9.779856209366072e-07,True,CONVERGED,float64,cuda:0
adjoint,1,332,9.032851641618548e-07,True,CONVERGED,float64,cuda:0
adjoint,2,331,9.550140423762515e-07,True,CONVERGED,float64,cuda:0
forward,0,336,9.6186162799174e-07,True,CONVERGED,float64,cuda:0
forward,1,343,9.382135964899314e-07,True,CONVERGED,float64,cuda:0
forward,2,339,9.532563954254617e-07,True,CONVERGED,float64,cuda:0
adjoint,0,341,9.503724027752339e-07,True,CONVERGED,float64,cuda:0
adjoint,1,332,8.89594114267826e-07,True,CONVERGED,float64,cuda:0
adjoint,2,331,9.176315480055419e-07,True,CONVERGED,float64,cuda:0
forward,0,336,9.51162178327703e-07,True,CONVERGED,float64,cuda:0
forward,1,343,9.751205231748045e-07,True,CONVERGED,float64,cuda:0
forward,2,339,9.518005519284029e-07,True,CONVERGED,float64,cuda:0
adjoint,0,340,9.7401301687613e-07,True,CONVERGED,float64,cuda:0
adjoint,1,331,9.883615151379558e-07,True,CONVERGED,float64,cuda:0
adjoint,2,331,9.038124830833704e-07,True,CONVERGED,float64,cuda:0
forward,0,336,9.517269921030136e-07,True,CONVERGED,float64,cuda:0
forward,1,343,9.475892325943366e-07,True,CONVERGED,float64,cuda:0
forward,2,339,9.596221754064167e-07,True,CONVERGED,float64,cuda:0
adjoint,0,340,9.63055567141186e-07,True,CONVERGED,float64,cuda:0
adjoint,1,332,9.056631449877418e-07,True,CONVERGED,float64,cuda:0
adjoint,2,330,9.998544507989152e-07,True,CONVERGED,float64,cuda:0
forward,0,336,9.46809175648795e-07,True,CONVERGED,float64,cuda:0
forward,1,342,9.84420903065391e-07,True,CONVERGED,float64,cuda:0
forward,2,339,9.391864916304048e-07,True,CONVERGED,float64,cuda:0
adjoint,0,340,9.649353459573497e-07,True,CONVERGED,float64,cuda:0
adjoint,1,332,9.156823089309601e-07,True,CONVERGED,float64,cuda:0
adjoint,2,331,8.971264646393916e-07,True,CONVERGED,float64,cuda:0
forward,0,336,9.671331960671061e-07,True,CONVERGED,float64,cuda:0
forward,1,343,9.420941025992916e-07,True,CONVERGED,float64,cuda:0
forward,2,338,9.91890616891768e-07,True,CONVERGED,float64,cuda:0
adjoint,0,340,9.568049307957192e-07,True,CONVERGED,float64,cuda:0
adjoint,1,332,8.966932522194176e-07,True,CONVERGED,float64,cuda:0
adjoint,2,331,9.584093071748452e-07,True,CONVERGED,float64,cuda:0
forward,0,336,9.61925841237899e-07,True,CONVERGED,float64,cuda:0
forward,1,343,9.778708237323181e-07,True,CONVERGED,float64,cuda:0
forward,2,338,9.429513243702856e-07,True,CONVERGED,float64,cuda:0
adjoint,0,341,9.891315221738624e-07,True,CONVERGED,float64,cuda:0
adjoint,1,332,8.864246560227657e-07,True,CONVERGED,float64,cuda:0
adjoint,2,331,9.162777873899073e-07,True,CONVERGED,float64,cuda:0
forward,0,336,9.524939719292359e-07,True,CONVERGED,float64,cuda:0
forward,1,342,9.910700787482268e-07,True,CONVERGED,float64,cuda:0
forward,2,339,9.627750686714389e-07,True,CONVERGED,float64,cuda:0
adjoint,0,340,9.616227800745682e-07,True,CONVERGED,float64,cuda:0
adjoint,1,332,9.211053006636915e-07,True,CONVERGED,float64,cuda:0
adjoint,2,331,9.231554700270319e-07,True,CONVERGED,float64,cuda:0
forward,0,336,9.456988344705574e-07,True,CONVERGED,float64,cuda:0
forward,1,343,9.708888233474272e-07,True,CONVERGED,float64,cuda:0
forward,2,341,9.890378707514145e-07,True,CONVERGED,float64,cuda:0
adjoint,0,340,9.9485349808959e-07,True,CONVERGED,float64,cuda:0
adjoint,1,332,9.043585536906261e-07,True,CONVERGED,float64,cuda:0
adjoint,2,332,9.512280060123204e-07,True,CONVERGED,float64,cuda:0
forward,0,336,9.350947372865118e-07,True,CONVERGED,float64,cuda:0
forward,1,343,9.406942283305567e-07,True,CONVERGED,float64,cuda:0
forward,2,339,9.72432464053611e-07,True,CONVERGED,float64,cuda:0
adjoint,0,340,9.779413975810188e-07,True,CONVERGED,float64,cuda:0
adjoint,1,332,9.156143435835131e-07,True,CONVERGED,float64,cuda:0
adjoint,2,331,9.469306824459608e-07,True,CONVERGED,float64,cuda:0
forward,0,336,9.468374231727149e-07,True,CONVERGED,float64,cuda:0
forward,1,343,9.400018933433949e-07,True,CONVERGED,float64,cuda:0
forward,2,338,9.70274230094484e-07,True,CONVERGED,float64,cuda:0
adjoint,0,340,9.99231067808356e-07,True,CONVERGED,float64,cuda:0
adjoint,1,332,9.261788917855998e-07,True,CONVERGED,float64,cuda:0
adjoint,2,330,9.90731754104943e-07,True,CONVERGED,float64,cuda:0
forward,0,336,9.511328929811108e-07,True,CONVERGED,float64,cuda:0
forward,1,343,9.53838125635572e-07,True,CONVERGED,float64,cuda:0
forward,2,338,9.33817225777778e-07,True,CONVERGED,float64,cuda:0
adjoint,0,340,9.953800635356946e-07,True,CONVERGED,float64,cuda:0
adjoint,1,332,8.954446401204399e-07,True,CONVERGED,float64,cuda:0
adjoint,2,330,9.463344225640859e-07,True,CONVERGED,float64,cuda:0
forward,0,336,9.252584018326656e-07,True,CONVERGED,float64,cuda:0
forward,1,343,9.778117443085817e-07,True,CONVERGED,float64,cuda:0
forward,2,338,9.363529227921019e-07,True,CONVERGED,float64,cuda:0
adjoint,0,339,9.654816096068244e-07,True,CONVERGED,float64,cuda:0
adjoint,1,331,9.576146439071054e-07,True,CONVERGED,float64,cuda:0
adjoint,2,330,9.916305179892767e-07,True,CONVERGED,float64,cuda:0
forward,0,336,9.167121940898082e-07,True,CONVERGED,float64,cuda:0
forward,1,344,9.372950408980482e-07,True,CONVERGED,float64,cuda:0
forward,2,338,9.356108625249189e-07,True,CONVERGED,float64,cuda:0
adjoint,0,335,9.99787903602693e-07,True,CONVERGED,float64,cuda:0
adjoint,1,331,9.606763790512736e-07,True,CONVERGED,float64,cuda:0
adjoint,2,330,9.76693734224218e-07,True,CONVERGED,float64,cuda:0
forward,0,336,9.110237257220475e-07,True,CONVERGED,float64,cuda:0
forward,1,343,9.789545290368197e-07,True,CONVERGED,float64,cuda:0
forward,2,338,9.706970843458271e-07,True,CONVERGED,float64,cuda:0
adjoint,0,335,9.829844995453604e-07,True,CONVERGED,float64,cuda:0
adjoint,1,331,9.653349132723975e-07,True,CONVERGED,float64,cuda:0
adjoint,2,331,9.493592595088539e-07,True,CONVERGED,float64,cuda:0
forward,0,335,9.803069037191084e-07,True,CONVERGED,float64,cuda:0
forward,1,343,9.652040948555864e-07,True,CONVERGED,float64,cuda:0
forward,2,338,9.944258069953429e-07,True,CONVERGED,float64,cuda:0
adjoint,0,334,9.835487584014932e-07,True,CONVERGED,float64,cuda:0
adjoint,1,331,9.65285182033188e-07,True,CONVERGED,float64,cuda:0
adjoint,2,331,9.777575541703694e-07,True,CONVERGED,float64,cuda:0
forward,0,335,9.920475401411043e-07,True,CONVERGED,float64,cuda:0
forward,1,343,9.608057404951905e-07,True,CONVERGED,float64,cuda:0
forward,2,339,9.911189956362838e-07,True,CONVERGED,float64,cuda:0
adjoint,0,335,9.492627974350126e-07,True,CONVERGED,float64,cuda:0
adjoint,1,331,9.918712369931117e-07,True,CONVERGED,float64,cuda:0
adjoint,2,332,9.306987140832972e-07,True,CONVERGED,float64,cuda:0
forward,0,335,9.96356481726643e-07,True,CONVERGED,float64,cuda:0
forward,1,344,9.870791374856022e-07,True,CONVERGED,float64,cuda:0
forward,2,339,9.550993140033797e-07,True,CONVERGED,float64,cuda:0
adjoint,0,334,9.725723611432883e-07,True,CONVERGED,float64,cuda:0
adjoint,1,332,8.85903543996674e-07,True,CONVERGED,float64,cuda:0
adjoint,2,332,9.442277771515864e-07,True,CONVERGED,float64,cuda:0
forward,0,336,9.186425276142123e-07,True,CONVERGED,float64,cuda:0
forward,1,345,9.639165481831515e-07,True,CONVERGED,float64,cuda:0
forward,2,339,9.663259764277247e-07,True,CONVERGED,float64,cuda:0
adjoint,0,334,9.714141351179187e-07,True,CONVERGED,float64,cuda:0
adjoint,1,331,9.679590216658676e-07,True,CONVERGED,float64,cuda:0
adjoint,2,332,9.417574740152995e-07,True,CONVERGED,float64,cuda:0
forward,0,336,9.777704679604565e-07,True,CONVERGED,float64,cuda:0
forward,1,344,9.942829286262295e-07,True,CONVERGED,float64,cuda:0
forward,2,338,9.938997133658912e-07,True,CONVERGED,float64,cuda:0
adjoint,0,335,9.293429646461893e-07,True,CONVERGED,float64,cuda:0
adjoint,1,331,9.628188529957983e-07,True,CONVERGED,float64,cuda:0
adjoint,2,331,9.956661503664022e-07,True,CONVERGED,float64,cuda:0
forward,0,336,9.296733594803197e-07,True,CONVERGED,float64,cuda:0
forward,1,345,9.290903287937384e-07,True,CONVERGED,float64,cuda:0
forward,2,339,9.630274402742114e-07,True,CONVERGED,float64,cuda:0
adjoint,0,334,9.622816697611556e-07,True,CONVERGED,float64,cuda:0
adjoint,1,331,9.910281951461672e-07,True,CONVERGED,float64,cuda:0
adjoint,2,331,9.808467945617644e-07,True,CONVERGED,float64,cuda:0
forward,0,335,8.767378290274794e-07,True,CONVERGED,float64,cuda:0
forward,1,346,9.492757537713578e-07,True,CONVERGED,float64,cuda:0
forward,2,342,9.672192669167237e-07,True,CONVERGED,float64,cuda:0
adjoint,0,330,9.254427170884844e-07,True,CONVERGED,float64,cuda:0
adjoint,1,332,8.616591399505349e-07,True,CONVERGED,float64,cuda:0
adjoint,2,332,9.864142194829403e-07,True,CONVERGED,float64,cuda:0
forward,0,338,9.542287963723614e-07,True,CONVERGED,float64,cuda:0
forward,1,346,9.64516951221648e-07,True,CONVERGED,float64,cuda:0
forward,2,339,9.689392189830907e-07,True,CONVERGED,float64,cuda:0
adjoint,0,342,9.484767747808896e-07,True,CONVERGED,float64,cuda:0
adjoint,1,329,9.883480485734514e-07,True,CONVERGED,float64,cuda:0
adjoint,2,330,9.961194796622092e-07,True,CONVERGED,float64,cuda:0
forward,0,338,9.591732054686396e-07,True,CONVERGED,float64,cuda:0
forward,1,346,9.881291034430966e-07,True,CONVERGED,float64,cuda:0
forward,2,338,9.760901498821264e-07,True,CONVERGED,float64,cuda:0
adjoint,0,342,9.91729653449582e-07,True,CONVERGED,float64,cuda:0
adjoint,1,332,8.788840297045877e-07,True,CONVERGED,float64,cuda:0
adjoint,2,336,9.267610453122054e-07,True,CONVERGED,float64,cuda:0
forward,0,339,9.450856300626487e-07,True,CONVERGED,float64,cuda:0
forward,1,346,9.414111953019874e-07,True,CONVERGED,float64,cuda:0
forward,2,339,9.364003087095967e-07,True,CONVERGED,float64,cuda:0
adjoint,0,341,9.832466856803113e-07,True,CONVERGED,float64,cuda:0
adjoint,1,332,9.22898644310013e-07,True,CONVERGED,float64,cuda:0
adjoint,2,335,9.570298836191567e-07,True,CONVERGED,float64,cuda:0
forward,0,339,9.076082999835336e-07,True,CONVERGED,float64,cuda:0
forward,1,346,9.295678826076565e-07,True,CONVERGED,float64,cuda:0
forward,2,338,9.481727843616753e-07,True,CONVERGED,float64,cuda:0
adjoint,0,341,9.495883236823351e-07,True,CONVERGED,float64,cuda:0
adjoint,1,332,8.899182770487171e-07,True,CONVERGED,float64,cuda:0
adjoint,2,332,9.947359137643974e-07,True,CONVERGED,float64,cuda:0
forward,0,338,9.473028971037216e-07,True,CONVERGED,float64,cuda:0
forward,1,344,9.87370487670469e-07,True,CONVERGED,float64,cuda:0
forward,2,336,9.918072576787954e-07,True,CONVERGED,float64,cuda:0
adjoint,0,341,9.476467316723044e-07,True,CONVERGED,float64,cuda:0
adjoint,1,331,9.855815547013398e-07,True,CONVERGED,float64,cuda:0
adjoint,2,331,9.188743621879029e-07,True,CONVERGED,float64,cuda:0
forward,0,337,9.111933375591094e-07,True,CONVERGED,float64,cuda:0
forward,1,344,9.836912882201068e-07,True,CONVERGED,float64,cuda:0
forward,2,337,9.697261583883227e-07,True,CONVERGED,float64,cuda:0
adjoint,0,340,9.294929026791905e-07,True,CONVERGED,float64,cuda:0
adjoint,1,331,9.83639307174583e-07,True,CONVERGED,float64,cuda:0
adjoint,2,331,9.994129989464876e-07,True,CONVERGED,float64,cuda:0
forward,0,336,9.614811668092835e-07,True,CONVERGED,float64,cuda:0
forward,1,341,9.667397040542864e-07,True,CONVERGED,float64,cuda:0
forward,2,336,9.965101783814807e-07,True,CONVERGED,float64,cuda:0
adjoint,0,338,9.722893653744062e-07,True,CONVERGED,float64,cuda:0
adjoint,1,331,9.722668551926182e-07,True,CONVERGED,float64,cuda:0
adjoint,2,331,9.949397846293289e-07,True,CONVERGED,float64,cuda:0
forward,0,336,9.364453402246974e-07,True,CONVERGED,float64,cuda:0
forward,1,340,9.820491500490437e-07,True,CONVERGED,float64,cuda:0
forward,2,336,9.633569052543028e-07,True,CONVERGED,float64,cuda:0
adjoint,0,339,9.144075584007235e-07,True,CONVERGED,float64,cuda:0
adjoint,1,331,9.406007199051297e-07,True,CONVERGED,float64,cuda:0
adjoint,2,336,9.199559747618284e-07,True,CONVERGED,float64,cuda:0
forward,0,336,9.594664742845067e-07,True,CONVERGED,float64,cuda:0
forward,1,340,9.714592994712425e-07,True,CONVERGED,float64,cuda:0
forward,2,337,9.446938183708076e-07,True,CONVERGED,float64,cuda:0
adjoint,0,339,9.68188192033229e-07,True,CONVERGED,float64,cuda:0
adjoint,1,331,9.182977933630757e-07,True,CONVERGED,float64,cuda:0
adjoint,2,331,9.994655616575706e-07,True,CONVERGED,float64,cuda:0
forward,0,336,9.53697950037905e-07,True,CONVERGED,float64,cuda:0
forward,1,340,9.845200226003478e-07,True,CONVERGED,float64,cuda:0
forward,2,337,9.90689690987798e-07,True,CONVERGED,float64,cuda:0
adjoint,0,339,9.853560642177008e-07,True,CONVERGED,float64,cuda:0
adjoint,1,330,9.784820091545216e-07,True,CONVERGED,float64,cuda:0
adjoint,2,330,9.8529660537666e-07,True,CONVERGED,float64,cuda:0
forward,0,336,9.411268804829509e-07,True,CONVERGED,float64,cuda:0
forward,1,341,9.792157134850915e-07,True,CONVERGED,float64,cuda:0
forward,2,336,9.479549534396355e-07,True,CONVERGED,float64,cuda:0
adjoint,0,339,9.7437429902588e-07,True,CONVERGED,float64,cuda:0
adjoint,1,330,9.450349983708576e-07,True,CONVERGED,float64,cuda:0
adjoint,2,336,9.134444881685013e-07,True,CONVERGED,float64,cuda:0
forward,0,336,9.677993508021839e-07,True,CONVERGED,float64,cuda:0
forward,1,345,9.62095784180578e-07,True,CONVERGED,float64,cuda:0
forward,2,336,9.74624652018001e-07,True,CONVERGED,float64,cuda:0
adjoint,0,339,9.893481067579638e-07,True,CONVERGED,float64,cuda:0
adjoint,1,331,9.129898848025285e-07,True,CONVERGED,float64,cuda:0
adjoint,2,331,9.837124356071953e-07,True,CONVERGED,float64,cuda:0
forward,0,337,9.722515110938012e-07,True,CONVERGED,float64,cuda:0
forward,1,345,9.888083052344034e-07,True,CONVERGED,float64,cuda:0
forward,2,336,9.770168928468587e-07,True,CONVERGED,float64,cuda:0
adjoint,0,340,9.520919729529077e-07,True,CONVERGED,float64,cuda:0
adjoint,1,331,9.570770024087884e-07,True,CONVERGED,float64,cuda:0
adjoint,2,330,9.89820290204863e-07,True,CONVERGED,float64,cuda:0
forward,0,338,9.420909238134088e-07,True,CONVERGED,float64,cuda:0
forward,1,343,9.930763374933439e-07,True,CONVERGED,float64,cuda:0
forward,2,337,9.977681136643157e-07,True,CONVERGED,float64,cuda:0
adjoint,0,341,9.898461244210758e-07,True,CONVERGED,float64,cuda:0
adjoint,1,331,9.641807193641942e-07,True,CONVERGED,float64,cuda:0
adjoint,2,330,9.532047377189623e-07,True,CONVERGED,float64,cuda:0
forward,0,338,9.755412136720037e-07,True,CONVERGED,float64,cuda:0
forward,1,346,9.1740255627581e-07,True,CONVERGED,float64,cuda:0
forward,2,338,9.489353148035408e-07,True,CONVERGED,float64,cuda:0
adjoint,0,342,9.994504369851327e-07,True,CONVERGED,float64,cuda:0
adjoint,1,330,9.782303968146047e-07,True,CONVERGED,float64,cuda:0
adjoint,2,330,9.589081641309132e-07,True,CONVERGED,float64,cuda:0
forward,0,338,9.176137189745516e-07,True,CONVERGED,float64,cuda:0
forward,1,345,9.896073534756873e-07,True,CONVERGED,float64,cuda:0
forward,2,337,9.460926576798267e-07,True,CONVERGED,float64,cuda:0
adjoint,0,342,9.454194577402216e-07,True,CONVERGED,float64,cuda:0
adjoint,1,329,9.92421442418902e-07,True,CONVERGED,float64,cuda:0
adjoint,2,330,9.429120554995292e-07,True,CONVERGED,float64,cuda:0
forward,0,338,8.793239033321528e-07,True,CONVERGED,float64,cuda:0
forward,1,342,9.855087365172464e-07,True,CONVERGED,float64,cuda:0
forward,2,337,9.400529623636238e-07,True,CONVERGED,float64,cuda:0
adjoint,0,341,9.595182708028145e-07,True,CONVERGED,float64,cuda:0
adjoint,1,332,8.567151155208406e-07,True,CONVERGED,float64,cuda:0
adjoint,2,330,9.475865773027027e-07,True,CONVERGED,float64,cuda:0
forward,0,338,8.785475694834959e-07,True,CONVERGED,float64,cuda:0
forward,1,341,9.288018497440831e-07,True,CONVERGED,float64,cuda:0
forward,2,337,9.805105018815985e-07,True,CONVERGED,float64,cuda:0
adjoint,0,340,9.737312259783364e-07,True,CONVERGED,float64,cuda:0
adjoint,1,331,9.69482556951929e-07,True,CONVERGED,float64,cuda:0
adjoint,2,330,9.533354316624039e-07,True,CONVERGED,float64,cuda:0
forward,0,337,9.301048224106519e-07,True,CONVERGED,float64,cuda:0
forward,1,340,9.468327948723198e-07,True,CONVERGED,float64,cuda:0
forward,2,338,9.88481239260989e-07,True,CONVERGED,float64,cuda:0
adjoint,0,341,9.55681416256667e-07,True,CONVERGED,float64,cuda:0
adjoint,1,331,8.837591760702371e-07,True,CONVERGED,float64,cuda:0
adjoint,2,329,9.105880675479948e-07,True,CONVERGED,float64,cuda:0
forward,0,336,9.590070972586522e-07,True,CONVERGED,float64,cuda:0
forward,1,340,9.661566815579144e-07,True,CONVERGED,float64,cuda:0
forward,2,339,9.680257992976946e-07,True,CONVERGED,float64,cuda:0
adjoint,0,341,9.875010619091457e-07,True,CONVERGED,float64,cuda:0
adjoint,1,323,9.517940620778665e-07,True,CONVERGED,float64,cuda:0
adjoint,2,329,9.887426612967813e-07,True,CONVERGED,float64,cuda:0
forward,0,336,9.389325324363604e-07,True,CONVERGED,float64,cuda:0
forward,1,340,9.66885400564412e-07,True,CONVERGED,float64,cuda:0
forward,2,339,9.708384685675005e-07,True,CONVERGED,float64,cuda:0
adjoint,0,339,9.548806294090783e-07,True,CONVERGED,float64,cuda:0
adjoint,1,328,9.932150899666154e-07,True,CONVERGED,float64,cuda:0
adjoint,2,329,9.476153541530139e-07,True,CONVERGED,float64,cuda:0
forward,0,336,9.543059565651547e-07,True,CONVERGED,float64,cuda:0
forward,1,341,9.259585130044502e-07,True,CONVERGED,float64,cuda:0
forward,2,340,9.735376787151253e-07,True,CONVERGED,float64,cuda:0
adjoint,0,334,9.664928076906095e-07,True,CONVERGED,float64,cuda:0
adjoint,1,330,9.82259362425209e-07,True,CONVERGED,float64,cuda:0
adjoint,2,328,9.713082387972701e-07,True,CONVERGED,float64,cuda:0
forward,0,336,9.484064628558297e-07,True,CONVERGED,float64,cuda:0
forward,1,341,9.859810902257675e-07,True,CONVERGED,float64,cuda:0
forward,2,339,9.29457335476492e-07,True,CONVERGED,float64,cuda:0
adjoint,0,341,9.639776679303575e-07,True,CONVERGED,float64,cuda:0
adjoint,1,331,9.69096811646921e-07,True,CONVERGED,float64,cuda:0
adjoint,2,329,9.264145203887812e-07,True,CONVERGED,float64,cuda:0
forward,0,338,9.074137475096176e-07,True,CONVERGED,float64,cuda:0
forward,1,342,9.579860118429345e-07,True,CONVERGED,float64,cuda:0
forward,2,337,9.961471139302167e-07,True,CONVERGED,float64,cuda:0
adjoint,0,341,9.919511509542648e-07,True,CONVERGED,float64,cuda:0
adjoint,1,330,9.84580891494842e-07,True,CONVERGED,float64,cuda:0
adjoint,2,329,9.434794711804483e-07,True,CONVERGED,float64,cuda:0
forward,0,338,9.128023017022367e-07,True,CONVERGED,float64,cuda:0
forward,1,342,9.529256237674799e-07,True,CONVERGED,float64,cuda:0
forward,2,337,9.813933941346268e-07,True,CONVERGED,float64,cuda:0
adjoint,0,342,9.182224262996664e-07,True,CONVERGED,float64,cuda:0
adjoint,1,329,9.465450903172757e-07,True,CONVERGED,float64,cuda:0
adjoint,2,329,9.357563784135554e-07,True,CONVERGED,float64,cuda:0
forward,0,336,9.573792917605772e-07,True,CONVERGED,float64,cuda:0
forward,1,342,9.74931337679317e-07,True,CONVERGED,float64,cuda:0
forward,2,339,9.5477155997393e-07,True,CONVERGED,float64,cuda:0
adjoint,0,341,9.452922071332963e-07,True,CONVERGED,float64,cuda:0
adjoint,1,331,9.597883513532099e-07,True,CONVERGED,float64,cuda:0
adjoint,2,329,9.629217607654375e-07,True,CONVERGED,float64,cuda:0
forward,0,336,9.388486010564269e-07,True,CONVERGED,float64,cuda:0
forward,1,341,9.79507347307319e-07,True,CONVERGED,float64,cuda:0
forward,2,340,9.852098268236194e-07,True,CONVERGED,float64,cuda:0
adjoint,0,334,9.824375072183243e-07,True,CONVERGED,float64,cuda:0
adjoint,1,331,9.45412624837991e-07,True,CONVERGED,float64,cuda:0
adjoint,2,328,9.606275480267607e-07,True,CONVERGED,float64,cuda:0
forward,0,336,9.462183972873756e-07,True,CONVERGED,float64,cuda:0
forward,1,341,9.755827060367438e-07,True,CONVERGED,float64,cuda:0
forward,2,340,9.822979160071106e-07,True,CONVERGED,float64,cuda:0
adjoint,0,334,9.780460695424142e-07,True,CONVERGED,float64,cuda:0
adjoint,1,330,9.67028354967642e-07,True,CONVERGED,float64,cuda:0
adjoint,2,329,9.789126051385862e-07,True,CONVERGED,float64,cuda:0
forward,0,336,9.30141394556741e-07,True,CONVERGED,float64,cuda:0
forward,1,341,9.879918877589544e-07,True,CONVERGED,float64,cuda:0
forward,2,339,9.861969726450584e-07,True,CONVERGED,float64,cuda:0
adjoint,0,335,9.665971969151102e-07,True,CONVERGED,float64,cuda:0
adjoint,1,331,9.653133466584805e-07,True,CONVERGED,float64,cuda:0
adjoint,2,330,8.987900923796624e-07,True,CONVERGED,float64,cuda:0
forward,0,336,9.062910148999839e-07,True,CONVERGED,float64,cuda:0
forward,1,342,9.87828364618063e-07,True,CONVERGED,float64,cuda:0
forward,2,339,9.636606539741134e-07,True,CONVERGED,float64,cuda:0
adjoint,0,335,9.911799666512227e-07,True,CONVERGED,float64,cuda:0
adjoint,1,332,8.371691550365386e-07,True,CONVERGED,float64,cuda:0
adjoint,2,330,9.493880858047258e-07,True,CONVERGED,float64,cuda:0
forward,0,336,8.862543249280509e-07,True,CONVERGED,float64,cuda:0
forward,1,343,9.829457129457518e-07,True,CONVERGED,float64,cuda:0
forward,2,339,9.29121432240052e-07,True,CONVERGED,float64,cuda:0
adjoint,0,336,9.779249934151615e-07,True,CONVERGED,float64,cuda:0
adjoint,1,331,9.939735583222555e-07,True,CONVERGED,float64,cuda:0
adjoint,2,330,9.964977521293131e-07,True,CONVERGED,float64,cuda:0
forward,0,336,9.119077214838588e-07,True,CONVERGED,float64,cuda:0
forward,1,343,9.492103113482554e-07,True,CONVERGED,float64,cuda:0
forward,2,338,9.604143984582595e-07,True,CONVERGED,float64,cuda:0
adjoint,0,339,9.960302442344008e-07,True,CONVERGED,float64,cuda:0
adjoint,1,332,8.507189704102263e-07,True,CONVERGED,float64,cuda:0
adjoint,2,331,8.963785801295939e-07,True,CONVERGED,float64,cuda:0
forward,0,336,9.685402491196268e-07,True,CONVERGED,float64,cuda:0
forward,1,341,9.959106392846374e-07,True,CONVERGED,float64,cuda:0
forward,2,338,9.793159186210935e-07,True,CONVERGED,float64,cuda:0
adjoint,0,340,9.92508872399371e-07,True,CONVERGED,float64,cuda:0
adjoint,1,332,8.526858430049798e-07,True,CONVERGED,float64,cuda:0
adjoint,2,331,9.049291175919616e-07,True,CONVERGED,float64,cuda:0
forward,0,336,8.808952870724271e-07,True,CONVERGED,float64,cuda:0
forward,1,342,9.82144826851209e-07,True,CONVERGED,float64,cuda:0
forward,2,338,9.911847001695702e-07,True,CONVERGED,float64,cuda:0
adjoint,0,334,9.988004817278256e-07,True,CONVERGED,float64,cuda:0
adjoint,1,331,9.756961549830928e-07,True,CONVERGED,float64,cuda:0
adjoint,2,331,9.072134731318731e-07,True,CONVERGED,float64,cuda:0
forward,0,335,9.96591922670746e-07,True,CONVERGED,float64,cuda:0
forward,1,343,9.812420521498006e-07,True,CONVERGED,float64,cuda:0
forward,2,339,9.552880790214687e-07,True,CONVERGED,float64,cuda:0
adjoint,0,334,9.724261574819134e-07,True,CONVERGED,float64,cuda:0
adjoint,1,331,9.851559315803997e-07,True,CONVERGED,float64,cuda:0
adjoint,2,331,9.229852967636353e-07,True,CONVERGED,float64,cuda:0
forward,0,335,9.894265474775403e-07,True,CONVERGED,float64,cuda:0
forward,1,343,9.92621487799493e-07,True,CONVERGED,float64,cuda:0
forward,2,339,9.685198534846719e-07,True,CONVERGED,float64,cuda:0
adjoint,0,334,9.664330837626276e-07,True,CONVERGED,float64,cuda:0
adjoint,1,331,9.76349935781274e-07,True,CONVERGED,float64,cuda:0
adjoint,2,331,9.440243433890425e-07,True,CONVERGED,float64,cuda:0
forward,0,335,9.791442751734254e-07,True,CONVERGED,float64,cuda:0
forward,1,342,9.98451894158356e-07,True,CONVERGED,float64,cuda:0
forward,2,339,9.848216888653934e-07,True,CONVERGED,float64,cuda:0
adjoint,0,333,9.93824267502883e-07,True,CONVERGED,float64,cuda:0
adjoint,1,331,9.447063520794643e-07,True,CONVERGED,float64,cuda:0
adjoint,2,331,9.395952103408637e-07,True,CONVERGED,float64,cuda:0
forward,0,335,9.674700627794165e-07,True,CONVERGED,float64,cuda:0
forward,1,342,9.87399093705112e-07,True,CONVERGED,float64,cuda:0
forward,2,341,9.985614032250223e-07,True,CONVERGED,float64,cuda:0
adjoint,0,333,9.748342296987377e-07,True,CONVERGED,float64,cuda:0
adjoint,1,331,9.222356338355316e-07,True,CONVERGED,float64,cuda:0
adjoint,2,331,9.483108269301741e-07,True,CONVERGED,float64,cuda:0
forward,0,335,9.4512959599001e-07,True,CONVERGED,float64,cuda:0
forward,1,343,9.819762204773768e-07,True,CONVERGED,float64,cuda:0
forward,2,342,9.380812000971072e-07,True,CONVERGED,float64,cuda:0
adjoint,0,333,9.49876038218831e-07,True,CONVERGED,float64,cuda:0
adjoint,1,331,9.453807142802489e-07,True,CONVERGED,float64,cuda:0
adjoint,2,331,9.63022650264287e-07,True,CONVERGED,float64,cuda:0
forward,0,335,9.574840142330287e-07,True,CONVERGED,float64,cuda:0
forward,1,343,9.924343604145874e-07,True,CONVERGED,float64,cuda:0
forward,2,341,9.878295360691487e-07,True,CONVERGED,float64,cuda:0
adjoint,0,333,9.649542598487675e-07,True,CONVERGED,float64,cuda:0
adjoint,1,331,9.66369328817153e-07,True,CONVERGED,float64,cuda:0
adjoint,2,331,9.77925542639071e-07,True,CONVERGED,float64,cuda:0
forward,0,335,9.93349091660249e-07,True,CONVERGED,float64,cuda:0
forward,1,343,9.95342924145113e-07,True,CONVERGED,float64,cuda:0
forward,2,339,9.924650718132809e-07,True,CONVERGED,float64,cuda:0
adjoint,0,333,9.964126013219625e-07,True,CONVERGED,float64,cuda:0
adjoint,1,331,9.641130831480685e-07,True,CONVERGED,float64,cuda:0
adjoint,2,331,9.685714744900113e-07,True,CONVERGED,float64,cuda:0
forward,0,336,8.853319800261881e-07,True,CONVERGED,float64,cuda:0
forward,1,344,9.74787196076503e-07,True,CONVERGED,float64,cuda:0
forward,2,339,9.790239490680454e-07,True,CONVERGED,float64,cuda:0
adjoint,0,334,9.814978695640736e-07,True,CONVERGED,float64,cuda:0
adjoint,1,331,9.590594842987462e-07,True,CONVERGED,float64,cuda:0
adjoint,2,331,9.626449706992399e-07,True,CONVERGED,float64,cuda:0
forward,0,336,8.586736212198361e-07,True,CONVERGED,float64,cuda:0
forward,1,343,9.963407932707557e-07,True,CONVERGED,float64,cuda:0
forward,2,342,9.488072503084144e-07,True,CONVERGED,float64,cuda:0
adjoint,0,334,9.621418819087095e-07,True,CONVERGED,float64,cuda:0
adjoint,1,331,9.529903320374184e-07,True,CONVERGED,float64,cuda:0
adjoint,2,331,9.691238275782625e-07,True,CONVERGED,float64,cuda:0
forward,0,335,9.890468358151408e-07,True,CONVERGED,float64,cuda:0
forward,1,344,9.893979630573866e-07,True,CONVERGED,float64,cuda:0
forward,2,342,9.591877433720874e-07,True,CONVERGED,float64,cuda:0
adjoint,0,333,9.8978430893449e-07,True,CONVERGED,float64,cuda:0
adjoint,1,331,9.447894608716946e-07,True,CONVERGED,float64,cuda:0
adjoint,2,331,9.814094107557125e-07,True,CONVERGED,float64,cuda:0
forward,0,335,9.916722709322171e-07,True,CONVERGED,float64,cuda:0
forward,1,343,9.935440922340254e-07,True,CONVERGED,float64,cuda:0
forward,2,342,9.760194635651576e-07,True,CONVERGED,float64,cuda:0
adjoint,0,333,9.923207519503945e-07,True,CONVERGED,float64,cuda:0
adjoint,1,331,9.49877793926753e-07,True,CONVERGED,float64,cuda:0
adjoint,2,331,9.727119403876852e-07,True,CONVERGED,float64,cuda:0
forward,0,336,8.727184301230473e-07,True,CONVERGED,float64,cuda:0
forward,1,343,9.758379940415074e-07,True,CONVERGED,float64,cuda:0
forward,2,342,9.676760025309912e-07,True,CONVERGED,float64,cuda:0
adjoint,0,334,9.676777409675314e-07,True,CONVERGED,float64,cuda:0
adjoint,1,331,9.538951204750071e-07,True,CONVERGED,float64,cuda:0
adjoint,2,331,9.270546504841595e-07,True,CONVERGED,float64,cuda:0
forward,0,336,8.760754313830608e-07,True,CONVERGED,float64,cuda:0
forward,1,343,9.741951528454002e-07,True,CONVERGED,float64,cuda:0
forward,2,342,9.545912480743218e-07,True,CONVERGED,float64,cuda:0
adjoint,0,334,9.683142675981042e-07,True,CONVERGED,float64,cuda:0
adjoint,1,331,9.586141158464378e-07,True,CONVERGED,float64,cuda:0
adjoint,2,331,8.967271264901577e-07,True,CONVERGED,float64,cuda:0
forward,0,336,8.873624081945778e-07,True,CONVERGED,float64,cuda:0
forward,1,342,9.940983585631534e-07,True,CONVERGED,float64,cuda:0
forward,2,342,9.512175449807733e-07,True,CONVERGED,float64,cuda:0
adjoint,0,334,9.788484966331592e-07,True,CONVERGED,float64,cuda:0
adjoint,1,331,9.605730835343065e-07,True,CONVERGED,float64,cuda:0
adjoint,2,330,9.864389595425466e-07,True,CONVERGED,float64,cuda:0
forward,0,336,9.000891045971449e-07,True,CONVERGED,float64,cuda:0
forward,1,342,9.87156715336097e-07,True,CONVERGED,float64,cuda:0
forward,2,342,9.451366394969371e-07,True,CONVERGED,float64,cuda:0
adjoint,0,334,9.95057209580821e-07,True,CONVERGED,float64,cuda:0
adjoint,1,331,9.594710234111967e-07,True,CONVERGED,float64,cuda:0
adjoint,2,330,9.612613393688285e-07,True,CONVERGED,float64,cuda:0
forward,0,336,9.033144627977146e-07,True,CONVERGED,float64,cuda:0
forward,1,342,9.774714885776052e-07,True,CONVERGED,float64,cuda:0
forward,2,339,9.752421952783643e-07,True,CONVERGED,float64,cuda:0
adjoint,0,334,9.98289370754474e-07,True,CONVERGED,float64,cuda:0
adjoint,1,331,9.550477334165954e-07,True,CONVERGED,float64,cuda:0
adjoint,2,330,9.65180200951665e-07,True,CONVERGED,float64,cuda:0
forward,0,336,9.009081474106923e-07,True,CONVERGED,float64,cuda:0
forward,1,342,9.74215136836612e-07,True,CONVERGED,float64,cuda:0
forward,2,341,9.990170453960624e-07,True,CONVERGED,float64,cuda:0
adjoint,0,334,9.92243285836591e-07,True,CONVERGED,float64,cuda:0
adjoint,1,331,9.515900833038618e-07,True,CONVERGED,float64,cuda:0
adjoint,2,330,9.6758834510317e-07,True,CONVERGED,float64,cuda:0
forward,0,336,9.010229928392201e-07,True,CONVERGED,float64,cuda:0
forward,1,342,9.919957738227754e-07,True,CONVERGED,float64,cuda:0
forward,2,342,9.614605287487528e-07,True,CONVERGED,float64,cuda:0
adjoint,0,334,9.942816213721508e-07,True,CONVERGED,float64,cuda:0
adjoint,1,331,9.516501115991856e-07,True,CONVERGED,float64,cuda:0
adjoint,2,330,9.457377994221281e-07,True,CONVERGED,float64,cuda:0
forward,0,336,9.144095160339907e-07,True,CONVERGED,float64,cuda:0
forward,1,342,9.959124239099092e-07,True,CONVERGED,float64,cuda:0
forward,2,342,9.745689561813036e-07,True,CONVERGED,float64,cuda:0
adjoint,0,335,9.198131398691935e-07,True,CONVERGED,float64,cuda:0
adjoint,1,331,9.49617373744502e-07,True,CONVERGED,float64,cuda:0
adjoint,2,330,9.223413423431884e-07,True,CONVERGED,float64,cuda:0
forward,0,336,9.31799900320148e-07,True,CONVERGED,float64,cuda:0
forward,1,343,9.659816071231885e-07,True,CONVERGED,float64,cuda:0
forward,2,342,9.828055464191324e-07,True,CONVERGED,float64,cuda:0
adjoint,0,335,9.459143519257709e-07,True,CONVERGED,float64,cuda:0
adjoint,1,331,9.468171588272821e-07,True,CONVERGED,float64,cuda:0
adjoint,2,330,9.317442643313136e-07,True,CONVERGED,float64,cuda:0
forward,0,336,9.307052658018174e-07,True,CONVERGED,float64,cuda:0
forward,1,343,9.725153853335582e-07,True,CONVERGED,float64,cuda:0
forward,2,342,9.807563400541434e-07,True,CONVERGED,float64,cuda:0
adjoint,0,335,9.386747431274649e-07,True,CONVERGED,float64,cuda:0
adjoint,1,331,9.241769735519732e-07,True,CONVERGED,float64,cuda:0
adjoint,2,330,9.628658934569213e-07,True,CONVERGED,float64,cuda:0
forward,0,336,9.186946246179032e-07,True,CONVERGED,float64,cuda:0
forward,1,343,9.772270175297022e-07,True,CONVERGED,float64,cuda:0
forward,2,342,9.913438160428447e-07,True,CONVERGED,float64,cuda:0
adjoint,0,335,9.172359334274372e-07,True,CONVERGED,float64,cuda:0
adjoint,1,330,9.817375706538103e-07,True,CONVERGED,float64,cuda:0
adjoint,2,330,9.93522147938431e-07,True,CONVERGED,float64,cuda:0
forward,0,336,9.18236763396662e-07,True,CONVERGED,float64,cuda:0
forward,1,343,9.721795065785093e-07,True,CONVERGED,float64,cuda:0
forward,2,342,9.894699981396897e-07,True,CONVERGED,float64,cuda:0
adjoint,0,335,9.168460975720111e-07,True,CONVERGED,float64,cuda:0
adjoint,1,331,9.147184281845227e-07,True,CONVERGED,float64,cuda:0
adjoint,2,331,9.131270756858733e-07,True,CONVERGED,float64,cuda:0
forward,0,336,9.213877380312626e-07,True,CONVERGED,float64,cuda:0
forward,1,343,9.645977733081899e-07,True,CONVERGED,float64,cuda:0
forward,2,342,9.796026557799815e-07,True,CONVERGED,float64,cuda:0
adjoint,0,335,9.260033389607069e-07,True,CONVERGED,float64,cuda:0
adjoint,1,331,9.387063058653478e-07,True,CONVERGED,float64,cuda:0
adjoint,2,330,9.991496077971755e-07,True,CONVERGED,float64,cuda:0
forward,0,336,9.152145054529078e-07,True,CONVERGED,float64,cuda:0
forward,1,343,9.656188323599929e-07,True,CONVERGED,float64,cuda:0
forward,2,342,9.710011560664786e-07,True,CONVERGED,float64,cuda:0
adjoint,0,335,9.244038029573691e-07,True,CONVERGED,float64,cuda:0
adjoint,1,331,9.421543539464952e-07,True,CONVERGED,float64,cuda:0
adjoint,2,330,9.80985600906186e-07,True,CONVERGED,float64,cuda:0
forward,0,336,9.05578527338463e-07,True,CONVERGED,float64,cuda:0
forward,1,343,9.730555567612412e-07,True,CONVERGED,float64,cuda:0
forward,2,342,9.724038767322694e-07,True,CONVERGED,float64,cuda:0
adjoint,0,334,9.998718602338297e-07,True,CONVERGED,float64,cuda:0
adjoint,1,331,9.359392735615914e-07,True,CONVERGED,float64,cuda:0
adjoint,2,330,9.605426727699684e-07,True,CONVERGED,float64,cuda:0
forward,0,336,9.046894502219712e-07,True,CONVERGED,float64,cuda:0
forward,1,343,9.700197278440644e-07,True,CONVERGED,float64,cuda:0
forward,2,342,9.734386477578634e-07,True,CONVERGED,float64,cuda:0
adjoint,0,335,9.117648925987783e-07,True,CONVERGED,float64,cuda:0
adjoint,1,331,9.404906428287235e-07,True,CONVERGED,float64,cuda:0
adjoint,2,330,9.554292215408759e-07,True,CONVERGED,float64,cuda:0
forward,0,336,9.175876503997328e-07,True,CONVERGED,float64,cuda:0
forward,1,343,9.607697007926932e-07,True,CONVERGED,float64,cuda:0
forward,2,342,9.772174032949568e-07,True,CONVERGED,float64,cuda:0
adjoint,0,335,9.282132673047523e-07,True,CONVERGED,float64,cuda:0
adjoint,1,331,9.452417328880054e-07,True,CONVERGED,float64,cuda:0
adjoint,2,330,9.64830606848151e-07,True,CONVERGED,float64,cuda:0
forward,0,336,9.183849109993236e-07,True,CONVERGED,float64,cuda:0
forward,1,343,9.68280598870196e-07,True,CONVERGED,float64,cuda:0
forward,2,342,9.84873304286461e-07,True,CONVERGED,float64,cuda:0
adjoint,0,335,9.236262396819914e-07,True,CONVERGED,float64,cuda:0
adjoint,1,331,9.312431867350397e-07,True,CONVERGED,float64,cuda:0
adjoint,2,330,9.813276852973477e-07,True,CONVERGED,float64,cuda:0
forward,0,336,9.21536598938138e-07,True,CONVERGED,float64,cuda:0
forward,1,343,9.73198122246164e-07,True,CONVERGED,float64,cuda:0
forward,2,342,9.881971258449475e-07,True,CONVERGED,float64,cuda:0
adjoint,0,335,9.219438575506741e-07,True,CONVERGED,float64,cuda:0
adjoint,1,331,9.20102741090706e-07,True,CONVERGED,float64,cuda:0
adjoint,2,330,9.977901027799512e-07,True,CONVERGED,float64,cuda:0
forward,0,336,9.301676211424433e-07,True,CONVERGED,float64,cuda:0
forward,1,343,9.685741255717083e-07,True,CONVERGED,float64,cuda:0
forward,2,342,9.904997164243194e-07,True,CONVERGED,float64,cuda:0
adjoint,0,335,9.309644861080521e-07,True,CONVERGED,float64,cuda:0
adjoint,1,331,9.357546612896324e-07,True,CONVERGED,float64,cuda:0
adjoint,2,331,9.075335950042821e-07,True,CONVERGED,float64,cuda:0
forward,0,336,9.348417390692261e-07,True,CONVERGED,float64,cuda:0
forward,1,343,9.637175234439146e-07,True,CONVERGED,float64,cuda:0
forward,2,342,9.879236492969401e-07,True,CONVERGED,float64,cuda:0
adjoint,0,335,9.375755560116682e-07,True,CONVERGED,float64,cuda:0
adjoint,1,331,9.476731782801829e-07,True,CONVERGED,float64,cuda:0
adjoint,2,330,9.910606232379014e-07,True,CONVERGED,float64,cuda:0
forward,0,336,9.274625573388478e-07,True,CONVERGED,float64,cuda:0
forward,1,343,9.623178494643936e-07,True,CONVERGED,float64,cuda:0
forward,2,342,9.79805095718157e-07,True,CONVERGED,float64,cuda:0
adjoint,0,335,9.296345765349815e-07,True,CONVERGED,float64,cuda:0
adjoint,1,331,9.451682463924981e-07,True,CONVERGED,float64,cuda:0
adjoint,2,330,9.599318572187693e-07,True,CONVERGED,float64,cuda:0
forward,0,336,9.218365602037232e-07,True,CONVERGED,float64,cuda:0
forward,1,343,9.585588698066701e-07,True,CONVERGED,float64,cuda:0
forward,2,342,9.817430079889138e-07,True,CONVERGED,float64,cuda:0
adjoint,0,335,9.241445488406268e-07,True,CONVERGED,float64,cuda:0
adjoint,1,331,9.511642392557794e-07,True,CONVERGED,float64,cuda:0
adjoint,2,330,9.386123272657146e-07,True,CONVERGED,float64,cuda:0
forward,0,336,9.223526616845493e-07,True,CONVERGED,float64,cuda:0
forward,1,342,9.90030718921207e-07,True,CONVERGED,float64,cuda:0
forward,2,342,9.839348289635257e-07,True,CONVERGED,float64,cuda:0
adjoint,0,335,9.230810461745723e-07,True,CONVERGED,float64,cuda:0
adjoint,1,331,9.581113057691273e-07,True,CONVERGED,float64,cuda:0
adjoint,2,330,9.362124594450807e-07,True,CONVERGED,float64,cuda:0
forward,0,336,9.269196949827785e-07,True,CONVERGED,float64,cuda:0
forward,1,342,9.851523076761563e-07,True,CONVERGED,float64,cuda:0
forward,2,342,9.830684937453006e-07,True,CONVERGED,float64,cuda:0
adjoint,0,335,9.284361331264958e-07,True,CONVERGED,float64,cuda:0
adjoint,1,331,9.6177340084298e-07,True,CONVERGED,float64,cuda:0
adjoint,2,330,9.380311964858973e-07,True,CONVERGED,float64,cuda:0
forward,0,336,9.279639571957003e-07,True,CONVERGED,float64,cuda:0
forward,1,342,9.917063689775734e-07,True,CONVERGED,float64,cuda:0
forward,2,342,9.865165538209297e-07,True,CONVERGED,float64,cuda:0
adjoint,0,335,9.289979874534509e-07,True,CONVERGED,float64,cuda:0
adjoint,1,331,9.58444862561954e-07,True,CONVERGED,float64,cuda:0
adjoint,2,330,9.380737073055139e-07,True,CONVERGED,float64,cuda:0
forward,0,336,9.30014693377417e-07,True,CONVERGED,float64,cuda:0
forward,1,342,9.989161655697573e-07,True,CONVERGED,float64,cuda:0
forward,2,342,9.794284464360025e-07,True,CONVERGED,float64,cuda:0
adjoint,0,335,9.307424739369443e-07,True,CONVERGED,float64,cuda:0
adjoint,1,331,9.511293337653203e-07,True,CONVERGED,float64,cuda:0
adjoint,2,330,9.435725099957029e-07,True,CONVERGED,float64,cuda:0
forward,0,336,9.332065078267907e-07,True,CONVERGED,float64,cuda:0
forward,1,342,9.975472127882308e-07,True,CONVERGED,float64,cuda:0
forward,2,342,9.796819260701468e-07,True,CONVERGED,float64,cuda:0
adjoint,0,335,9.349953386351296e-07,True,CONVERGED,float64,cuda:0
adjoint,1,331,9.514691113500408e-07,True,CONVERGED,float64,cuda:0
adjoint,2,330,9.54681099306268e-07,True,CONVERGED,float64,cuda:0
forward,0,336,9.391621732045846e-07,True,CONVERGED,float64,cuda:0
forward,1,342,9.935734130260244e-07,True,CONVERGED,float64,cuda:0
forward,2,342,9.865550243853317e-07,True,CONVERGED,float64,cuda:0
adjoint,0,335,9.412585733076203e-07,True,CONVERGED,float64,cuda:0
adjoint,1,331,9.55633044682978e-07,True,CONVERGED,float64,cuda:0
adjoint,2,330,9.653737468406547e-07,True,CONVERGED,float64,cuda:0
forward,0,336,9.348464113664474e-07,True,CONVERGED,float64,cuda:0
forward,1,342,9.980592674302808e-07,True,CONVERGED,float64,cuda:0
forward,2,342,9.867685478003563e-07,True,CONVERGED,float64,cuda:0
adjoint,0,335,9.367137627447838e-07,True,CONVERGED,float64,cuda:0
adjoint,1,331,9.467191169704771e-07,True,CONVERGED,float64,cuda:0
adjoint,2,330,9.583694877095527e-07,True,CONVERGED,float64,cuda:0
forward,0,336,9.299975684582146e-07,True,CONVERGED,float64,cuda:0
forward,1,343,9.598875042113344e-07,True,CONVERGED,float64,cuda:0
forward,2,342,9.844424575311991e-07,True,CONVERGED,float64,cuda:0
adjoint,0,335,9.325823262493124e-07,True,CONVERGED,float64,cuda:0
adjoint,1,331,9.379638548243797e-07,True,CONVERGED,float64,cuda:0
adjoint,2,330,9.464425310542585e-07,True,CONVERGED,float64,cuda:0
forward,0,336,9.338872574665861e-07,True,CONVERGED,float64,cuda:0
forward,1,342,9.95085544012164e-07,True,CONVERGED,float64,cuda:0
forward,2,342,9.810141330858637e-07,True,CONVERGED,float64,cuda:0
adjoint,0,335,9.374159629334952e-07,True,CONVERGED,float64,cuda:0
adjoint,1,331,9.520715810064956e-07,True,CONVERGED,float64,cuda:0
adjoint,2,330,9.447097020032273e-07,True,CONVERGED,float64,cuda:0
forward,0,336,9.35334352435797e-07,True,CONVERGED,float64,cuda:0
forward,1,342,9.876264113814334e-07,True,CONVERGED,float64,cuda:0
forward,2,342,9.941447850184986e-07,True,CONVERGED,float64,cuda:0
adjoint,0,335,9.370558374228528e-07,True,CONVERGED,float64,cuda:0
adjoint,1,331,9.601031720036774e-07,True,CONVERGED,float64,cuda:0
adjoint,2,330,9.511422081076737e-07,True,CONVERGED,float64,cuda:0
forward,0,336,9.252345414510818e-07,True,CONVERGED,float64,cuda:0
forward,1,343,9.60894616571292e-07,True,CONVERGED,float64,cuda:0
forward,2,342,9.786863907337919e-07,True,CONVERGED,float64,cuda:0
adjoint,0,335,9.228657769650831e-07,True,CONVERGED,float64,cuda:0
adjoint,1,331,9.50483053354398e-07,True,CONVERGED,float64,cuda:0
adjoint,2,330,9.451122613371849e-07,True,CONVERGED,float64,cuda:0
forward,0,336,9.268049288085252e-07,True,CONVERGED,float64,cuda:0
forward,1,343,9.585493181876055e-07,True,CONVERGED,float64,cuda:0
forward,2,342,9.783357195676776e-07,True,CONVERGED,float64,cuda:0
adjoint,0,335,9.288504453485679e-07,True,CONVERGED,float64,cuda:0
adjoint,1,331,9.49553670807762e-07,True,CONVERGED,float64,cuda:0
adjoint,2,330,9.502722510260106e-07,True,CONVERGED,float64,cuda:0
forward,0,336,9.394308164380446e-07,True,CONVERGED,float64,cuda:0
forward,1,342,9.915548009646379e-07,True,CONVERGED,float64,cuda:0
forward,2,342,9.835302275391359e-07,True,CONVERGED,float64,cuda:0
adjoint,0,335,9.396177021722739e-07,True,CONVERGED,float64,cuda:0
adjoint,1,331,9.608438156127618e-07,True,CONVERGED,float64,cuda:0
adjoint,2,330,9.697027497109776e-07,True,CONVERGED,float64,cuda:0
forward,0,336,9.329029998840381e-07,True,CONVERGED,float64,cuda:0
forward,1,342,9.956680480595415e-07,True,CONVERGED,float64,cuda:0
forward,2,342,9.905350432837038e-07,True,CONVERGED,float64,cuda:0
adjoint,0,335,9.31025283270034e-07,True,CONVERGED,float64,cuda:0
adjoint,1,331,9.537806413778894e-07,True,CONVERGED,float64,cuda:0
adjoint,2,330,9.747428590824874e-07,True,CONVERGED,float64,cuda:0
forward,0,336,9.265073766590264e-07,True,CONVERGED,float64,cuda:0
forward,1,343,9.605518760166898e-07,True,CONVERGED,float64,cuda:0
forward,2,342,9.95358547377377e-07,True,CONVERGED,float64,cuda:0
adjoint,0,335,9.227908586615854e-07,True,CONVERGED,float64,cuda:0
adjoint,1,331,9.447334341463578e-07,True,CONVERGED,float64,cuda:0
adjoint,2,330,9.738635930552872e-07,True,CONVERGED,float64,cuda:0
forward,0,336,9.316227978740785e-07,True,CONVERGED,float64,cuda:0
forward,1,343,9.574729676717836e-07,True,CONVERGED,float64,cuda:0
forward,2,342,9.931285349424982e-07,True,CONVERGED,float64,cuda:0
adjoint,0,335,9.288362785880126e-07,True,CONVERGED,float64,cuda:0
adjoint,1,331,9.468839082898222e-07,True,CONVERGED,float64,cuda:0
adjoint,2,330,9.721013616995988e-07,True,CONVERGED,float64,cuda:0
forward,0,336,9.422107958358182e-07,True,CONVERGED,float64,cuda:0
forward,1,342,9.955846469707305e-07,True,CONVERGED,float64,cuda:0
forward,2,342,9.845083489614352e-07,True,CONVERGED,float64,cuda:0
adjoint,0,335,9.397575923448949e-07,True,CONVERGED,float64,cuda:0
adjoint,1,331,9.585965327292627e-07,True,CONVERGED,float64,cuda:0
adjoint,2,330,9.70907551029769e-07,True,CONVERGED,float64,cuda:0
forward,0,336,9.399104072270612e-07,True,CONVERGED,float64,cuda:0
forward,1,342,9.96164476452621e-07,True,CONVERGED,float64,cuda:0
forward,2,342,9.867178924486453e-07,True,CONVERGED,float64,cuda:0
adjoint,0,335,9.353681217611448e-07,True,CONVERGED,float64,cuda:0
adjoint,1,331,9.581229855620238e-07,True,CONVERGED,float64,cuda:0
adjoint,2,330,9.680689802717832e-07,True,CONVERGED,float64,cuda:0
forward,0,336,9.275727707812817e-07,True,CONVERGED,float64,cuda:0
forward,1,343,9.69071412483426e-07,True,CONVERGED,float64,cuda:0
forward,2,342,9.886603484965177e-07,True,CONVERGED,float64,cuda:0
adjoint,0,335,9.209514259303493e-07,True,CONVERGED,float64,cuda:0
adjoint,1,331,9.478139040997978e-07,True,CONVERGED,float64,cuda:0
adjoint,2,330,9.56888504265788e-07,True,CONVERGED,float64,cuda:0
forward,0,336,9.337136690694497e-07,True,CONVERGED,float64,cuda:0
forward,1,343,9.63944559018311e-07,True,CONVERGED,float64,cuda:0
forward,2,342,9.861906418750287e-07,True,CONVERGED,float64,cuda:0
adjoint,0,335,9.259372096491219e-07,True,CONVERGED,float64,cuda:0
adjoint,1,331,9.554503200208669e-07,True,CONVERGED,float64,cuda:0
adjoint,2,330,9.574475773088026e-07,True,CONVERGED,float64,cuda:0
forward,0,336,9.421848400412734e-07,True,CONVERGED,float64,cuda:0
forward,1,342,9.974572183729495e-07,True,CONVERGED,float64,cuda:0
forward,2,342,9.973202793987824e-07,True,CONVERGED,float64,cuda:0
adjoint,0,335,9.354149586920025e-07,True,CONVERGED,float64,cuda:0
adjoint,1,331,9.62287469371042e-07,True,CONVERGED,float64,cuda:0
adjoint,2,330,9.539569299195329e-07,True,CONVERGED,float64,cuda:0
forward,0,336,9.391938846429667e-07,True,CONVERGED,float64,cuda:0
forward,1,343,9.618660643923084e-07,True,CONVERGED,float64,cuda:0
forward,2,342,9.963457637814978e-07,True,CONVERGED,float64,cuda:0
adjoint,0,335,9.320511623043575e-07,True,CONVERGED,float64,cuda:0
adjoint,1,331,9.575984566299158e-07,True,CONVERGED,float64,cuda:0
adjoint,2,330,9.464001417832449e-07,True,CONVERGED,float64,cuda:0
forward,0,336,9.365677082195679e-07,True,CONVERGED,float64,cuda:0
forward,1,343,9.68110210577364e-07,True,CONVERGED,float64,cuda:0
forward,2,342,9.908401282767504e-07,True,CONVERGED,float64,cuda:0
adjoint,0,335,9.258699794098477e-07,True,CONVERGED,float64,cuda:0
adjoint,1,331,9.524465028602539e-07,True,CONVERGED,float64,cuda:0
adjoint,2,330,9.448162854238989e-07,True,CONVERGED,float64,cuda:0
forward,0,336,9.396962538062346e-07,True,CONVERGED,float64,cuda:0
forward,1,343,9.6794332193459e-07,True,CONVERGED,float64,cuda:0
forward,2,342,9.945822233864395e-07,True,CONVERGED,float64,cuda:0
adjoint,0,335,9.298370545615428e-07,True,CONVERGED,float64,cuda:0
adjoint,1,331,9.500908205129719e-07,True,CONVERGED,float64,cuda:0
adjoint,2,330,9.440809207904083e-07,True,CONVERGED,float64,cuda:0
forward,0,336,9.486480743942099e-07,True,CONVERGED,float64,cuda:0
forward,1,343,9.606711659140823e-07,True,CONVERGED,float64,cuda:0
forward,2,343,9.499920707637189e-07,True,CONVERGED,float64,cuda:0
adjoint,0,335,9.386080916070875e-07,True,CONVERGED,float64,cuda:0
adjoint,1,331,9.544432190991582e-07,True,CONVERGED,float64,cuda:0
adjoint,2,330,9.472546026199529e-07,True,CONVERGED,float64,cuda:0
forward,0,336,9.498432631608008e-07,True,CONVERGED,float64,cuda:0
forward,1,343,9.609359487915095e-07,True,CONVERGED,float64,cuda:0
forward,2,343,9.482518546266378e-07,True,CONVERGED,float64,cuda:0
adjoint,0,335,9.390056352335898e-07,True,CONVERGED,float64,cuda:0
adjoint,1,331,9.532208248172838e-07,True,CONVERGED,float64,cuda:0
adjoint,2,330,9.458897007597933e-07,True,CONVERGED,float64,cuda:0
forward,0,336,9.43692058971742e-07,True,CONVERGED,float64,cuda:0
forward,1,343,9.682145195797256e-07,True,CONVERGED,float64,cuda:0
forward,2,343,9.528466805064693e-07,True,CONVERGED,float64,cuda:0
adjoint,0,335,9.307322532143834e-07,True,CONVERGED,float64,cuda:0
adjoint,1,331,9.481367616571437e-07,True,CONVERGED,float64,cuda:0
adjoint,2,330,9.414840128056254e-07,True,CONVERGED,float64,cuda:0
forward,0,336,9.450834799582797e-07,True,CONVERGED,float64,cuda:0
forward,1,343,9.664686367431055e-07,True,CONVERGED,float64,cuda:0
forward,2,343,9.461233464584356e-07,True,CONVERGED,float64,cuda:0
adjoint,0,335,9.298748088916395e-07,True,CONVERGED,float64,cuda:0
adjoint,1,331,9.533893387736441e-07,True,CONVERGED,float64,cuda:0
adjoint,2,330,9.398317527736099e-07,True,CONVERGED,float64,cuda:0
forward,0,336,9.487879446694906e-07,True,CONVERGED,float64,cuda:0
forward,1,343,9.666645214866178e-07,True,CONVERGED,float64,cuda:0
forward,2,342,9.978611826565948e-07,True,CONVERGED,float64,cuda:0
adjoint,0,335,9.354725952626036e-07,True,CONVERGED,float64,cuda:0
adjoint,1,331,9.55317231911568e-07,True,CONVERGED,float64,cuda:0
adjoint,2,330,9.306281666824369e-07,True,CONVERGED,float64,cuda:0
forward,0,336,9.501396817424171e-07,True,CONVERGED,float64,cuda:0
forward,1,343,9.672256399996467e-07,True,CONVERGED,float64,cuda:0
forward,2,342,9.975034890186689e-07,True,CONVERGED,float64,cuda:0
adjoint,0,335,9.360375006242113e-07,True,CONVERGED,float64,cuda:0
adjoint,1,331,9.571665328610057e-07,True,CONVERGED,float64,cuda:0
adjoint,2,330,9.275744446817869e-07,True,CONVERGED,float64,cuda:0
forward,0,336,9.456732434050525e-07,True,CONVERGED,float64,cuda:0
forward,1,343,9.663298788617704e-07,True,CONVERGED,float64,cuda:0
forward,2,342,9.959548396818648e-07,True,CONVERGED,float64,cuda:0
adjoint,0,335,9.309477532764675e-07,True,CONVERGED,float64,cuda:0
adjoint,1,331,9.557829306018198e-07,True,CONVERGED,float64,cuda:0
adjoint,2,330,9.261826598813664e-07,True,CONVERGED,float64,cuda:0
forward,0,336,9.478235495192113e-07,True,CONVERGED,float64,cuda:0
forward,1,343,9.641981352619336e-07,True,CONVERGED,float64,cuda:0
forward,2,342,9.98737137942654e-07,True,CONVERGED,float64,cuda:0
adjoint,0,335,9.295892876633981e-07,True,CONVERGED,float64,cuda:0
adjoint,1,331,9.601843509539377e-07,True,CONVERGED,float64,cuda:0
adjoint,2,330,9.367178033421353e-07,True,CONVERGED,float64,cuda:0
forward,0,336,9.481634872098692e-07,True,CONVERGED,float64,cuda:0
forward,1,343,9.661940356085898e-07,True,CONVERGED,float64,cuda:0
forward,2,342,9.981200362140184e-07,True,CONVERGED,float64,cuda:0
adjoint,0,335,9.310718814580393e-07,True,CONVERGED,float64,cuda:0
adjoint,1,331,9.571778286892315e-07,True,CONVERGED,float64,cuda:0
adjoint,2,330,9.361193678164617e-07,True,CONVERGED,float64,cuda:0
forward,0,336,9.490100612673793e-07,True,CONVERGED,float64,cuda:0
forward,1,343,9.693946063952856e-07,True,CONVERGED,float64,cuda:0
forward,2,342,9.999504576262158e-07,True,CONVERGED,float64,cuda:0
adjoint,0,335,9.331410530208462e-07,True,CONVERGED,float64,cuda:0
adjoint,1,331,9.525833415138246e-07,True,CONVERGED,float64,cuda:0
adjoint,2,330,9.362090819982817e-07,True,CONVERGED,float64,cuda:0
forward,0,336,9.533748651703229e-07,True,CONVERGED,float64,cuda:0
forward,1,343,9.676705016547837e-07,True,CONVERGED,float64,cuda:0
forward,2,343,9.456253509385829e-07,True,CONVERGED,float64,cuda:0
adjoint,0,335,9.368052582836482e-07,True,CONVERGED,float64,cuda:0
adjoint,1,331,9.575394321583363e-07,True,CONVERGED,float64,cuda:0
adjoint,2,330,9.42447116278953e-07,True,CONVERGED,float64,cuda:0
forward,0,336,9.538795230841983e-07,True,CONVERGED,float64,cuda:0
forward,1,343,9.666879265281365e-07,True,CONVERGED,float64,cuda:0
forward,2,343,9.523403282432012e-07,True,CONVERGED,float64,cuda:0
adjoint,0,335,9.35401000203691e-07,True,CONVERGED,float64,cuda:0
adjoint,1,331,9.59172703567141e-07,True,CONVERGED,float64,cuda:0
adjoint,2,330,9.485805755987503e-07,True,CONVERGED,float64,cuda:0
forward,0,336,9.471233781331848e-07,True,CONVERGED,float64,cuda:0
forward,1,343,9.680556409209244e-07,True,CONVERGED,float64,cuda:0
forward,2,342,9.999486678482488e-07,True,CONVERGED,float64,cuda:0
adjoint,0,335,9.287096255687204e-07,True,CONVERGED,float64,cuda:0
adjoint,1,331,9.512182238557558e-07,True,CONVERGED,float64,cuda:0
adjoint,2,330,9.428811904747872e-07,True,CONVERGED,float64,cuda:0
forward,0,336,9.501703672045091e-07,True,CONVERGED,float64,cuda:0
forward,1,343,9.687886049086056e-07,True,CONVERGED,float64,cuda:0
forward,2,343,9.536889732214707e-07,True,CONVERGED,float64,cuda:0
adjoint,0,335,9.317748586718328e-07,True,CONVERGED,float64,cuda:0
adjoint,1,331,9.54701981756344e-07,True,CONVERGED,float64,cuda:0
adjoint,2,330,9.416832059361971e-07,True,CONVERGED,float64,cuda:0
forward,0,336,9.558167872166166e-07,True,CONVERGED,float64,cuda:0
forward,1,343,9.662239179631785e-07,True,CONVERGED,float64,cuda:0
forward,2,342,9.967901008393688e-07,True,CONVERGED,float64,cuda:0
adjoint,0,335,9.380646404118359e-07,True,CONVERGED,float64,cuda:0
adjoint,1,331,9.628734011138907e-07,True,CONVERGED,float64,cuda:0
adjoint,2,330,9.408258936731754e-07,True,CONVERGED,float64,cuda:0
forward,0,336,9.532829879284808e-07,True,CONVERGED,float64,cuda:0
forward,1,343,9.652750444613435e-07,True,CONVERGED,float64,cuda:0
forward,2,342,9.995951848907316e-07,True,CONVERGED,float64,cuda:0
adjoint,0,335,9.327724484404953e-07,True,CONVERGED,float64,cuda:0
adjoint,1,331,9.62982349359135e-07,True,CONVERGED,float64,cuda:0
adjoint,2,330,9.426075889111181e-07,True,CONVERGED,float64,cuda:0
forward,0,336,9.466592921334061e-07,True,CONVERGED,float64,cuda:0
forward,1,343,9.620016555948833e-07,True,CONVERGED,float64,cuda:0
forward,2,343,9.452894538604793e-07,True,CONVERGED,float64,cuda:0
adjoint,0,335,9.248377724932917e-07,True,CONVERGED,float64,cuda:0
adjoint,1,331,9.547674383122686e-07,True,CONVERGED,float64,cuda:0
adjoint,2,330,9.311818619937301e-07,True,CONVERGED,float64,cuda:0
forward,0,336,9.53835961669067e-07,True,CONVERGED,float64,cuda:0
forward,1,343,9.66709502041889e-07,True,CONVERGED,float64,cuda:0
forward,2,342,9.981509991970074e-07,True,CONVERGED,float64,cuda:0
adjoint,0,335,9.352417124891529e-07,True,CONVERGED,float64,cuda:0
adjoint,1,331,9.590063479270698e-07,True,CONVERGED,float64,cuda:0
adjoint,2,330,9.297597355086342e-07,True,CONVERGED,float64,cuda:0
forward,0,336,9.58297527007189e-07,True,CONVERGED,float64,cuda:0
forward,1,343,9.677908152887064e-07,True,CONVERGED,float64,cuda:0
forward,2,342,9.975270157291747e-07,True,CONVERGED,float64,cuda:0
adjoint,0,335,9.39541128290016e-07,True,CONVERGED,float64,cuda:0
adjoint,1,331,9.631548668555405e-07,True,CONVERGED,float64,cuda:0
adjoint,2,330,9.360818586769788e-07,True,CONVERGED,float64,cuda:0
forward,0,336,9.536195036436496e-07,True,CONVERGED,float64,cuda:0
forward,1,343,9.652986343657186e-07,True,CONVERGED,float64,cuda:0
forward,2,343,9.460821115109529e-07,True,CONVERGED,float64,cuda:0
adjoint,0,335,9.324710727927329e-07,True,CONVERGED,float64,cuda:0
adjoint,1,331,9.608441694504445e-07,True,CONVERGED,float64,cuda:0
adjoint,2,330,9.407100552327469e-07,True,CONVERGED,float64,cuda:0
forward,0,336,9.509300068498648e-07,True,CONVERGED,float64,cuda:0
forward,1,343,9.621247470087737e-07,True,CONVERGED,float64,cuda:0
forward,2,343,9.563185879514186e-07,True,CONVERGED,float64,cuda:0
adjoint,0,335,9.258790593793411e-07,True,CONVERGED,float64,cuda:0
adjoint,1,331,9.564662390953163e-07,True,CONVERGED,float64,cuda:0
adjoint,2,330,9.419368624192406e-07,True,CONVERGED,float64,cuda:0
forward,0,336,9.5589181929091e-07,True,CONVERGED,float64,cuda:0
forward,1,343,9.679464903969658e-07,True,CONVERGED,float64,cuda:0
forward,2,343,9.455374715168556e-07,True,CONVERGED,float64,cuda:0
adjoint,0,335,9.356948898389397e-07,True,CONVERGED,float64,cuda:0
adjoint,1,331,9.582340090876438e-07,True,CONVERGED,float64,cuda:0
adjoint,2,330,9.371417756512391e-07,True,CONVERGED,float64,cuda:0
forward,0,336,9.600930423966061e-07,True,CONVERGED,float64,cuda:0
forward,1,343,9.69133308173343e-07,True,CONVERGED,float64,cuda:0
forward,2,342,9.9703681406492e-07,True,CONVERGED,float64,cuda:0
adjoint,0,335,9.407086763760628e-07,True,CONVERGED,float64,cuda:0
adjoint,1,331,9.62402111399172e-07,True,CONVERGED,float64,cuda:0
adjoint,2,330,9.334621480837531e-07,True,CONVERGED,float64,cuda:0
forward,0,336,9.556911982773858e-07,True,CONVERGED,float64,cuda:0
forward,1,343,9.639939233073121e-07,True,CONVERGED,float64,cuda:0
forward,2,342,9.99235347566818e-07,True,CONVERGED,float64,cuda:0
adjoint,0,335,9.336778536209959e-07,True,CONVERGED,float64,cuda:0
adjoint,1,331,9.642092906180959e-07,True,CONVERGED,float64,cuda:0
adjoint,2,330,9.339593165288552e-07,True,CONVERGED,float64,cuda:0
forward,0,336,9.522387927797894e-07,True,CONVERGED,float64,cuda:0
forward,1,343,9.561859618178157e-07,True,CONVERGED,float64,cuda:0
forward,2,343,9.439241156976521e-07,True,CONVERGED,float64,cuda:0
adjoint,0,335,9.248488417116584e-07,True,CONVERGED,float64,cuda:0
adjoint,1,331,9.601062543691145e-07,True,CONVERGED,float64,cuda:0
adjoint,2,330,9.318803211670063e-07,True,CONVERGED,float64,cuda:0
forward,0,336,9.547565589183435e-07,True,CONVERGED,float64,cuda:0
forward,1,343,9.641182041224324e-07,True,CONVERGED,float64,cuda:0
forward,2,342,9.979801758421322e-07,True,CONVERGED,float64,cuda:0
adjoint,0,335,9.33089567841769e-07,True,CONVERGED,float64,cuda:0
adjoint,1,331,9.58535330960758e-07,True,CONVERGED,float64,cuda:0
adjoint,2,330,9.261670182658227e-07,True,CONVERGED,float64,cuda:0
forward,0,336,9.63522578074448e-07,True,CONVERGED,float64,cuda:0
forward,1,343,9.690465967908977e-07,True,CONVERGED,float64,cuda:0
forward,2,342,9.973991302903557e-07,True,CONVERGED,float64,cuda:0
adjoint,0,335,9.416091085787941e-07,True,CONVERGED,float64,cuda:0
adjoint,1,331,9.659150422283799e-07,True,CONVERGED,float64,cuda:0
adjoint,2,330,9.354995275642648e-07,True,CONVERGED,float64,cuda:0
forward,0,336,9.594214811435098e-07,True,CONVERGED,float64,cuda:0
forward,1,343,9.649955264055614e-07,True,CONVERGED,float64,cuda:0
forward,2,342,9.993715251369172e-07,True,CONVERGED,float64,cuda:0
adjoint,0,335,9.348566445378054e-07,True,CONVERGED,float64,cuda:0
adjoint,1,331,9.649647148492774e-07,True,CONVERGED,float64,cuda:0
adjoint,2,330,9.379347573557268e-07,True,CONVERGED,float64,cuda:0
forward,0,336,9.52225967692775e-07,True,CONVERGED,float64,cuda:0
forward,1,343,9.555733841440738e-07,True,CONVERGED,float64,cuda:0
forward,2,343,9.455669169914145e-07,True,CONVERGED,float64,cuda:0
adjoint,0,335,9.227338777314129e-07,True,CONVERGED,float64,cuda:0
adjoint,1,331,9.585861674015082e-07,True,CONVERGED,float64,cuda:0
adjoint,2,330,9.313191556143116e-07,True,CONVERGED,float64,cuda:0
forward,0,336,9.577483715879446e-07,True,CONVERGED,float64,cuda:0
forward,1,343,9.640528276162282e-07,True,CONVERGED,float64,cuda:0
forward,2,342,9.986618762944736e-07,True,CONVERGED,float64,cuda:0
adjoint,0,335,9.337823158983489e-07,True,CONVERGED,float64,cuda:0
adjoint,1,331,9.61888900572244e-07,True,CONVERGED,float64,cuda:0
adjoint,2,330,9.304008268278501e-07,True,CONVERGED,float64,cuda:0
forward,0,336,9.642983088601872e-07,True,CONVERGED,float64,cuda:0
forward,1,343,9.699805987113857e-07,True,CONVERGED,float64,cuda:0
forward,2,342,9.975936751410535e-07,True,CONVERGED,float64,cuda:0
adjoint,0,335,9.417033030191776e-07,True,CONVERGED,float64,cuda:0
adjoint,1,331,9.678341426044055e-07,True,CONVERGED,float64,cuda:0
adjoint,2,330,9.332444068497753e-07,True,CONVERGED,float64,cuda:0
forward,0,336,9.596551062318847e-07,True,CONVERGED,float64,cuda:0
forward,1,343,9.632186739073186e-07,True,CONVERGED,float64,cuda:0
forward,2,342,9.998728045359616e-07,True,CONVERGED,float64,cuda:0
adjoint,0,335,9.34162874823093e-07,True,CONVERGED,float64,cuda:0
adjoint,1,331,9.656945925569341e-07,True,CONVERGED,float64,cuda:0
adjoint,2,330,9.343346724471916e-07,True,CONVERGED,float64,cuda:0
forward,0,336,9.51519357860877e-07,True,CONVERGED,float64,cuda:0
forward,1,343,9.539286466074093e-07,True,CONVERGED,float64,cuda:0
forward,2,343,9.457095758941595e-07,True,CONVERGED,float64,cuda:0
adjoint,0,335,9.208501061742963e-07,True,CONVERGED,float64,cuda:0
adjoint,1,331,9.582026982402855e-07,True,CONVERGED,float64,cuda:0
adjoint,2,330,9.305236155991842e-07,True,CONVERGED,float64,cuda:0
forward,0,336,9.594985998343577e-07,True,CONVERGED,float64,cuda:0
forward,1,343,9.64140801347866e-07,True,CONVERGED,float64,cuda:0
forward,2,342,9.98805866726506e-07,True,CONVERGED,float64,cuda:0
adjoint,0,335,9.340008665184771e-07,True,CONVERGED,float64,cuda:0
adjoint,1,331,9.642639528171434e-07,True,CONVERGED,float64,cuda:0
adjoint,2,330,9.340180596164914e-07,True,CONVERGED,float64,cuda:0
forward,0,336,9.680395719182432e-07,True,CONVERGED,float64,cuda:0
forward,1,343,9.705516964424572e-07,True,CONVERGED,float64,cuda:0
forward,2,342,9.999079017963881e-07,True,CONVERGED,float64,cuda:0
adjoint,0,335,9.429123755188351e-07,True,CONVERGED,float64,cuda:0
adjoint,1,331,9.691810425600197e-07,True,CONVERGED,float64,cuda:0
adjoint,2,330,9.390055725941518e-07,True,CONVERGED,float64,cuda:0
forward,0,336,9.569203866104009e-07,True,CONVERGED,float64,cuda:0
forward,1,343,9.6021750980885e-07,True,CONVERGED,float64,cuda:0
forward,2,343,9.447851890491387e-07,True,CONVERGED,float64,cuda:0
adjoint,0,335,9.302135424862965e-07,True,CONVERGED,float64,cuda:0
adjoint,1,331,9.61204990341049e-07,True,CONVERGED,float64,cuda:0
adjoint,2,330,9.329403244295697e-07,True,CONVERGED,float64,cuda:0
forward,0,336,9.540284528665905e-07,True,CONVERGED,float64,cuda:0
forward,1,343,9.538811196893214e-07,True,CONVERGED,float64,cuda:0
forward,2,343,9.449138512688059e-07,True,CONVERGED,float64,cuda:0
adjoint,0,335,9.237472932355683e-07,True,CONVERGED,float64,cuda:0
adjoint,1,331,9.610065130338104e-07,True,CONVERGED,float64,cuda:0
adjoint,2,330,9.321973422305503e-07,True,CONVERGED,float64,cuda:0
forward,0,336,9.621414146712477e-07,True,CONVERGED,float64,cuda:0
forward,1,343,9.607369384079848e-07,True,CONVERGED,float64,cuda:0
forward,2,342,9.995492522280383e-07,True,CONVERGED,float64,cuda:0
adjoint,0,335,9.33150155283815e-07,True,CONVERGED,float64,cuda:0
adjoint,1,331,9.684933298371804e-07,True,CONVERGED,float64,cuda:0
adjoint,2,330,9.414292731223041e-07,True,CONVERGED,float64,cuda:0
forward,0,336,9.607980233360454e-07,True,CONVERGED,float64,cuda:0
forward,1,343,9.612501498373595e-07,True,CONVERGED,float64,cuda:0
forward,2,342,9.977457850352674e-07,True,CONVERGED,float64,cuda:0
adjoint,0,335,9.33095088882778e-07,True,CONVERGED,float64,cuda:0
adjoint,1,331,9.665321963823355e-07,True,CONVERGED,float64,cuda:0
adjoint,2,330,9.344297411723264e-07,True,CONVERGED,float64,cuda:0
forward,0,336,9.591017060062876e-07,True,CONVERGED,float64,cuda:0
forward,1,343,9.564480175257267e-07,True,CONVERGED,float64,cuda:0
forward,2,342,9.995680909127807e-07,True,CONVERGED,float64,cuda:0
adjoint,0,335,9.305396708874845e-07,True,CONVERGED,float64,cuda:0
adjoint,1,331,9.630139980585712e-07,True,CONVERGED,float64,cuda:0
adjoint,2,330,9.282697702128344e-07,True,CONVERGED,float64,cuda:0
forward,0,336,9.57421075927746e-07,True,CONVERGED,float64,cuda:0
forward,1,343,9.54375836011015e-07,True,CONVERGED,float64,cuda:0
forward,2,342,9.993253861771903e-07,True,CONVERGED,float64,cuda:0
adjoint,0,335,9.278695312592711e-07,True,CONVERGED,float64,cuda:0
adjoint,1,331,9.632636330415957e-07,True,CONVERGED,float64,cuda:0
adjoint,2,330,9.306117557596144e-07,True,CONVERGED,float64,cuda:0
forward,0,336,9.634719179479172e-07,True,CONVERGED,float64,cuda:0
forward,1,343,9.59456687686247e-07,True,CONVERGED,float64,cuda:0
forward,2,342,9.99641081469791e-07,True,CONVERGED,float64,cuda:0
adjoint,0,335,9.338426189463793e-07,True,CONVERGED,float64,cuda:0
adjoint,1,331,9.685393516281108e-07,True,CONVERGED,float64,cuda:0
adjoint,2,330,9.379996050428959e-07,True,CONVERGED,float64,cuda:0
forward,0,336,9.613963404355065e-07,True,CONVERGED,float64,cuda:0
forward,1,343,9.562218395308082e-07,True,CONVERGED,float64,cuda:0
forward,2,342,9.990475961152665e-07,True,CONVERGED,float64,cuda:0
adjoint,0,335,9.316281495044392e-07,True,CONVERGED,float64,cuda:0
adjoint,1,331,9.661264751508616e-07,True,CONVERGED,float64,cuda:0
adjoint,2,330,9.326614850790216e-07,True,CONVERGED,float64,cuda:0
forward,0,336,9.581127373189368e-07,True,CONVERGED,float64,cuda:0
forward,1,343,9.533039819358151e-07,True,CONVERGED,float64,cuda:0
forward,2,342,9.987769294900582e-07,True,CONVERGED,float64,cuda:0
adjoint,0,335,9.277817373927525e-07,True,CONVERGED,float64,cuda:0
adjoint,1,331,9.621897948905015e-07,True,CONVERGED,float64,cuda:0
adjoint,2,330,9.28000649354882e-07,True,CONVERGED,float64,cuda:0
forward,0,336,9.612462436570942e-07,True,CONVERGED,float64,cuda:0
forward,1,343,9.566982134208458e-07,True,CONVERGED,float64,cuda:0
forward,2,342,9.98117162019636e-07,True,CONVERGED,float64,cuda:0
adjoint,0,335,9.318686685983777e-07,True,CONVERGED,float64,cuda:0
adjoint,1,331,9.659402583059187e-07,True,CONVERGED,float64,cuda:0
adjoint,2,330,9.315840505840172e-07,True,CONVERGED,float64,cuda:0
forward,0,336,9.642739661612916e-07,True,CONVERGED,float64,cuda:0
forward,1,343,9.598018814402473e-07,True,CONVERGED,float64,cuda:0
forward,2,342,9.98308345612449e-07,True,CONVERGED,float64,cuda:0
adjoint,0,335,9.3416414225169e-07,True,CONVERGED,float64,cuda:0
adjoint,1,331,9.695649093982525e-07,True,CONVERGED,float64,cuda:0
adjoint,2,330,9.389222417170784e-07,True,CONVERGED,float64,cuda:0
forward,0,336,9.599419437522482e-07,True,CONVERGED,float64,cuda:0
forward,1,343,9.524690016719841e-07,True,CONVERGED,float64,cuda:0
forward,2,342,9.999558246300187e-07,True,CONVERGED,float64,cuda:0
adjoint,0,335,9.274612290461833e-07,True,CONVERGED,float64,cuda:0
adjoint,1,331,9.649797274564113e-07,True,CONVERGED,float64,cuda:0
adjoint,2,330,9.362235690201851e-07,True,CONVERGED,float64,cuda:0
forward,0,336,9.5834662993803e-07,True,CONVERGED,float64,cuda:0
forward,1,343,9.536848288238178e-07,True,CONVERGED,float64,cuda:0
forward,2,343,9.439408044598987e-07,True,CONVERGED,float64,cuda:0
adjoint,0,335,9.275176961797301e-07,True,CONVERGED,float64,cuda:0
adjoint,1,331,9.615526340085224e-07,True,CONVERGED,float64,cuda:0
adjoint,2,330,9.309762531814465e-07,True,CONVERGED,float64,cuda:0
forward,0,336,9.665735187939503e-07,True,CONVERGED,float64,cuda:0
forward,1,343,9.643259945819045e-07,True,CONVERGED,float64,cuda:0
forward,2,342,9.991108523906273e-07,True,CONVERGED,float64,cuda:0
adjoint,0,335,9.367293392794692e-07,True,CONVERGED,float64,cuda:0
adjoint,1,331,9.69274891541506e-07,True,CONVERGED,float64,cuda:0
adjoint,2,330,9.406758898207507e-07,True,CONVERGED,float64,cuda:0
forward,0,336,9.644726981485949e-07,True,CONVERGED,float64,cuda:0
forward,1,343,9.579707736731967e-07,True,CONVERGED,float64,cuda:0
forward,2,343,9.442672807121399e-07,True,CONVERGED,float64,cuda:0
adjoint,0,335,9.339600617632107e-07,True,CONVERGED,float64,cuda:0
adjoint,1,331,9.677085740568072e-07,True,CONVERGED,float64,cuda:0
adjoint,2,330,9.397451337060194e-07,True,CONVERGED,float64,cuda:0
forward,0,336,9.577389166942639e-07,True,CONVERGED,float64,cuda:0
forward,1,343,9.520566081700135e-07,True,CONVERGED,float64,cuda:0
forward,2,343,9.532117435750872e-07,True,CONVERGED,float64,cuda:0
adjoint,0,335,9.230810048432873e-07,True,CONVERGED,float64,cuda:0
adjoint,1,331,9.607905360585596e-07,True,CONVERGED,float64,cuda:0
adjoint,2,330,9.350197899512226e-07,True,CONVERGED,float64,cuda:0
forward,0,336,9.63064499664104e-07,True,CONVERGED,float64,cuda:0
forward,1,343,9.59812025798878e-07,True,CONVERGED,float64,cuda:0
forward,2,343,9.463354463707415e-07,True,CONVERGED,float64,cuda:0
adjoint,0,335,9.330249009203441e-07,True,CONVERGED,float64,cuda:0
adjoint,1,331,9.672296672370214e-07,True,CONVERGED,float64,cuda:0
adjoint,2,330,9.416356568212312e-07,True,CONVERGED,float64,cuda:0
forward,0,336,9.658044498494428e-07,True,CONVERGED,float64,cuda:0
forward,1,343,9.644647691288886e-07,True,CONVERGED,float64,cuda:0
forward,2,343,9.468912386801558e-07,True,CONVERGED,float64,cuda:0
adjoint,0,335,9.354402226099782e-07,True,CONVERGED,float64,cuda:0
adjoint,1,331,9.711253120063172e-07,True,CONVERGED,float64,cuda:0
adjoint,2,330,9.496927777908221e-07,True,CONVERGED,float64,cuda:0
forward,0,336,9.582050908831437e-07,True,CONVERGED,float64,cuda:0
forward,1,343,9.518258138910035e-07,True,CONVERGED,float64,cuda:0
forward,2,342,9.99582945806637e-07,True,CONVERGED,float64,cuda:0
adjoint,0,335,9.242918213209836e-07,True,CONVERGED,float64,cuda:0
adjoint,1,331,9.648491264352354e-07,True,CONVERGED,float64,cuda:0
adjoint,2,330,9.466414018486389e-07,True,CONVERGED,float64,cuda:0
forward,0,336,9.582794258866531e-07,True,CONVERGED,float64,cuda:0
forward,1,343,9.542650469775903e-07,True,CONVERGED,float64,cuda:0
forward,2,342,9.94019438517226e-07,True,CONVERGED,float64,cuda:0
adjoint,0,335,9.256472081925352e-07,True,CONVERGED,float64,cuda:0
adjoint,1,331,9.632344771051864e-07,True,CONVERGED,float64,cuda:0
adjoint,2,330,9.440232022274657e-07,True,CONVERGED,float64,cuda:0
forward,0,336,9.661760825072584e-07,True,CONVERGED,float64,cuda:0
forward,1,343,9.649285731268337e-07,True,CONVERGED,float64,cuda:0
forward,2,343,9.547292975019981e-07,True,CONVERGED,float64,cuda:0
adjoint,0,335,9.358343112089818e-07,True,CONVERGED,float64,cuda:0
adjoint,1,331,9.706095409581564e-07,True,CONVERGED,float64,cuda:0
adjoint,2,330,9.51092043342831e-07,True,CONVERGED,float64,cuda:0
forward,0,336,9.661415980143988e-07,True,CONVERGED,float64,cuda:0
forward,1,343,9.60057891582544e-07,True,CONVERGED,float64,cuda:0
forward,2,343,9.57256069216829e-07,True,CONVERGED,float64,cuda:0
adjoint,0,335,9.340573794766369e-07,True,CONVERGED,float64,cuda:0
adjoint,1,331,9.69837986306303e-07,True,CONVERGED,float64,cuda:0
adjoint,2,330,9.530618474249937e-07,True,CONVERGED,float64,cuda:0
forward,0,336,9.550073503993559e-07,True,CONVERGED,float64,cuda:0
forward,1,343,9.541052155429207e-07,True,CONVERGED,float64,cuda:0
forward,2,342,9.880238124178575e-07,True,CONVERGED,float64,cuda:0
adjoint,0,335,9.182208186147587e-07,True,CONVERGED,float64,cuda:0
adjoint,1,331,9.582125278223896e-07,True,CONVERGED,float64,cuda:0
adjoint,2,330,9.41838184162831e-07,True,CONVERGED,float64,cuda:0
forward,0,336,9.653752851827886e-07,True,CONVERGED,float64,cuda:0
forward,1,343,9.667488571183738e-07,True,CONVERGED,float64,cuda:0
forward,2,342,9.977349993951076e-07,True,CONVERGED,float64,cuda:0
adjoint,0,335,9.353351790923398e-07,True,CONVERGED,float64,cuda:0
adjoint,1,331,9.711369921334808e-07,True,CONVERGED,float64,cuda:0
adjoint,2,330,9.542362776842052e-07,True,CONVERGED,float64,cuda:0
forward,0,336,9.709715699973165e-07,True,CONVERGED,float64,cuda:0
forward,1,343,9.713878266372708e-07,True,CONVERGED,float64,cuda:0
forward,2,343,9.518415645621599e-07,True,CONVERGED,float64,cuda:0
adjoint,0,335,9.398396051724289e-07,True,CONVERGED,float64,cuda:0
adjoint,1,331,9.76162494334728e-07,True,CONVERGED,float64,cuda:0
adjoint,2,330,9.652699938734707e-07,True,CONVERGED,float64,cuda:0
forward,0,336,9.54735882112274e-07,True,CONVERGED,float64,cuda:0
forward,1,343,9.540160148376152e-07,True,CONVERGED,float64,cuda:0
forward,2,342,9.947955156959677e-07,True,CONVERGED,float64,cuda:0
adjoint,0,335,9.179747278639333e-07,True,CONVERGED,float64,cuda:0
adjoint,1,331,9.606979341582364e-07,True,CONVERGED,float64,cuda:0
adjoint,2,330,9.513704914743349e-07,True,CONVERGED,float64,cuda:0
forward,0,336,9.569175228457132e-07,True,CONVERGED,float64,cuda:0
forward,1,343,9.565367862014273e-07,True,CONVERGED,float64,cuda:0
forward,2,342,9.930495514202642e-07,True,CONVERGED,float64,cuda:0
adjoint,0,335,9.229939031773917e-07,True,CONVERGED,float64,cuda:0
adjoint,1,331,9.632773775380696e-07,True,CONVERGED,float64,cuda:0
adjoint,2,330,9.573174642111377e-07,True,CONVERGED,float64,cuda:0
forward,0,336,9.701675300251645e-07,True,CONVERGED,float64,cuda:0
forward,1,343,9.73448460365218e-07,True,CONVERGED,float64,cuda:0
forward,2,342,9.848747862298042e-07,True,CONVERGED,float64,cuda:0
adjoint,0,335,9.400017466432969e-07,True,CONVERGED,float64,cuda:0
adjoint,1,331,9.762182543030578e-07,True,CONVERGED,float64,cuda:0
adjoint,2,330,9.681094258099891e-07,True,CONVERGED,float64,cuda:0
forward,0,336,9.623798027544498e-07,True,CONVERGED,float64,cuda:0
forward,1,343,9.621228479815878e-07,True,CONVERGED,float64,cuda:0
forward,2,342,9.950452074756537e-07,True,CONVERGED,float64,cuda:0
adjoint,0,335,9.291313502904258e-07,True,CONVERGED,float64,cuda:0
adjoint,1,331,9.701579165489257e-07,True,CONVERGED,float64,cuda:0
adjoint,2,330,9.655400787735387e-07,True,CONVERGED,float64,cuda:0
forward,0,336,9.543012847596983e-07,True,CONVERGED,float64,cuda:0
forward,1,343,9.552861049303265e-07,True,CONVERGED,float64,cuda:0
forward,2,342,9.978172288742664e-07,True,CONVERGED,float64,cuda:0
adjoint,0,335,9.147139531135424e-07,True,CONVERGED,float64,cuda:0
adjoint,1,331,9.601795154724325e-07,True,CONVERGED,float64,cuda:0
adjoint,2,330,9.577608380384574e-07,True,CONVERGED,float64,cuda:0
forward,0,336,9.64221969954729e-07,True,CONVERGED,float64,cuda:0
forward,1,343,9.656930675953749e-07,True,CONVERGED,float64,cuda:0
forward,2,342,9.642649886193351e-07,True,CONVERGED,float64,cuda:0
adjoint,0,335,9.327837072461809e-07,True,CONVERGED,float64,cuda:0
adjoint,1,331,9.71005111781915e-07,True,CONVERGED,float64,cuda:0
adjoint,2,330,9.609863704477836e-07,True,CONVERGED,float64,cuda:0
forward,0,336,9.707474958663875e-07,True,CONVERGED,float64,cuda:0
forward,1,343,9.728420206771694e-07,True,CONVERGED,float64,cuda:0
forward,2,342,9.887483420992214e-07,True,CONVERGED,float64,cuda:0
adjoint,0,335,9.395482631696889e-07,True,CONVERGED,float64,cuda:0
adjoint,1,331,9.766811428474746e-07,True,CONVERGED,float64,cuda:0
adjoint,2,330,9.661910417875064e-07,True,CONVERGED,float64,cuda:0
forward,0,336,9.55165145713845e-07,True,CONVERGED,float64,cuda:0
forward,1,343,9.54206948550222e-07,True,CONVERGED,float64,cuda:0
forward,2,342,9.949998286050543e-07,True,CONVERGED,float64,cuda:0
adjoint,0,335,9.184386552983751e-07,True,CONVERGED,float64,cuda:0
adjoint,1,331,9.637488146386754e-07,True,CONVERGED,float64,cuda:0
adjoint,2,330,9.585708669587672e-07,True,CONVERGED,float64,cuda:0
forward,0,336,9.565613253709044e-07,True,CONVERGED,float64,cuda:0
forward,1,343,9.54348170670751e-07,True,CONVERGED,float64,cuda:0
forward,2,342,9.95041401378147e-07,True,CONVERGED,float64,cuda:0
adjoint,0,335,9.202596533006426e-07,True,CONVERGED,float64,cuda:0
adjoint,1,331,9.652781322557542e-07,True,CONVERGED,float64,cuda:0
adjoint,2,330,9.61991113715266e-07,True,CONVERGED,float64,cuda:0
forward,0,336,9.661610103211898e-07,True,CONVERGED,float64,cuda:0
forward,1,343,9.69030135951022e-07,True,CONVERGED,float64,cuda:0
forward,2,342,9.787099523977783e-07,True,CONVERGED,float64,cuda:0
adjoint,0,335,9.343713151722252e-07,True,CONVERGED,float64,cuda:0
adjoint,1,331,9.747646500490496e-07,True,CONVERGED,float64,cuda:0
adjoint,2,330,9.64376240223718e-07,True,CONVERGED,float64,cuda:0
forward,0,336,9.660453783042955e-07,True,CONVERGED,float64,cuda:0
forward,1,343,9.632356185972778e-07,True,CONVERGED,float64,cuda:0
forward,2,342,9.971676003474717e-07,True,CONVERGED,float64,cuda:0
adjoint,0,335,9.311671950353759e-07,True,CONVERGED,float64,cuda:0
adjoint,1,331,9.731149948182472e-07,True,CONVERGED,float64,cuda:0
adjoint,2,330,9.663467098644923e-07,True,CONVERGED,float64,cuda:0
forward,0,336,9.542297338595113e-07,True,CONVERGED,float64,cuda:0
forward,1,343,9.577294058705773e-07,True,CONVERGED,float64,cuda:0
forward,2,343,9.405069119294792e-07,True,CONVERGED,float64,cuda:0
adjoint,0,334,9.989262130933123e-07,True,CONVERGED,float64,cuda:0
adjoint,1,331,9.590519041386147e-07,True,CONVERGED,float64,cuda:0
adjoint,2,330,9.580206873197784e-07,True,CONVERGED,float64,cuda:0
forward,0,336,9.66228202532804e-07,True,CONVERGED,float64,cuda:0
forward,1,343,9.67742384976854e-07,True,CONVERGED,float64,cuda:0
forward,2,342,9.640949856936208e-07,True,CONVERGED,float64,cuda:0
adjoint,0,335,9.339240465789329e-07,True,CONVERGED,float64,cuda:0
adjoint,1,331,9.739630544929424e-07,True,CONVERGED,float64,cuda:0
adjoint,2,330,9.633823765077103e-07,True,CONVERGED,float64,cuda:0
forward,0,336,9.692012114339187e-07,True,CONVERGED,float64,cuda:0
forward,1,343,9.70817817710445e-07,True,CONVERGED,float64,cuda:0
forward,2,342,9.837076046160685e-07,True,CONVERGED,float64,cuda:0
adjoint,0,335,9.36896712253975e-07,True,CONVERGED,float64,cuda:0
adjoint,1,331,9.772447663282595e-07,True,CONVERGED,float64,cuda:0
adjoint,2,330,9.6559306284332e-07,True,CONVERGED,float64,cuda:0
forward,0,336,9.546297926446143e-07,True,CONVERGED,float64,cuda:0
forward,1,343,9.531823974427371e-07,True,CONVERGED,float64,cuda:0
forward,2,342,9.972327710698255e-07,True,CONVERGED,float64,cuda:0
adjoint,0,335,9.162136327105636e-07,True,CONVERGED,float64,cuda:0
adjoint,1,331,9.64667103353066e-07,True,CONVERGED,float64,cuda:0
adjoint,2,330,9.607596087517062e-07,True,CONVERGED,float64,cuda:0
forward,0,336,9.562959050203586e-07,True,CONVERGED,float64,cuda:0
forward,1,343,9.554813381263757e-07,True,CONVERGED,float64,cuda:0
forward,2,342,9.972349819764633e-07,True,CONVERGED,float64,cuda:0
adjoint,0,335,9.208030362844567e-07,True,CONVERGED,float64,cuda:0
adjoint,1,331,9.669201662711157e-07,True,CONVERGED,float64,cuda:0
adjoint,2,330,9.639546115560238e-07,True,CONVERGED,float64,cuda:0
forward,0,336,9.675371423558749e-07,True,CONVERGED,float64,cuda:0
forward,1,343,9.724825115156067e-07,True,CONVERGED,float64,cuda:0
forward,2,342,9.934346248472014e-07,True,CONVERGED,float64,cuda:0
adjoint,0,335,9.345979200230042e-07,True,CONVERGED,float64,cuda:0
adjoint,1,331,9.765341736104832e-07,True,CONVERGED,float64,cuda:0
adjoint,2,330,9.506121583596096e-07,True,CONVERGED,float64,cuda:0
forward,0,336,9.606501834284443e-07,True,CONVERGED,float64,cuda:0
forward,1,343,9.625932429276692e-07,True,CONVERGED,float64,cuda:0
forward,2,342,9.986746520054255e-07,True,CONVERGED,float64,cuda:0
adjoint,0,335,9.258301238969544e-07,True,CONVERGED,float64,cuda:0
adjoint,1,331,9.713405228340881e-07,True,CONVERGED,float64,cuda:0
adjoint,2,330,9.468626073773944e-07,True,CONVERGED,float64,cuda:0
forward,0,336,9.538344734833402e-07,True,CONVERGED,float64,cuda:0
forward,1,343,9.56451151605174e-07,True,CONVERGED,float64,cuda:0
forward,2,343,9.430479482452348e-07,True,CONVERGED,float64,cuda:0
adjoint,0,334,9.980389146036068e-07,True,CONVERGED,float64,cuda:0
adjoint,1,331,9.641718638258604e-07,True,CONVERGED,float64,cuda:0
adjoint,2,330,9.59027312327349e-07,True,CONVERGED,float64,cuda:0
forward,0,336,9.614542417793867e-07,True,CONVERGED,float64,cuda:0
forward,1,343,9.627365080764623e-07,True,CONVERGED,float64,cuda:0
forward,2,342,9.944978837484445e-07,True,CONVERGED,float64,cuda:0
adjoint,0,335,9.279320045640925e-07,True,CONVERGED,float64,cuda:0
adjoint,1,331,9.72664755440803e-07,True,CONVERGED,float64,cuda:0
adjoint,2,330,9.510980017654107e-07,True,CONVERGED,float64,cuda:0
forward,0,336,9.656203608397403e-07,True,CONVERGED,float64,cuda:0
forward,1,343,9.67049975779633e-07,True,CONVERGED,float64,cuda:0
forward,2,342,9.943528834897996e-07,True,CONVERGED,float64,cuda:0
adjoint,0,335,9.328149643495782e-07,True,CONVERGED,float64,cuda:0
adjoint,1,331,9.761518284258422e-07,True,CONVERGED,float64,cuda:0
adjoint,2,330,9.553781513756873e-07,True,CONVERGED,float64,cuda:0
forward,0,336,9.557695498491158e-07,True,CONVERGED,float64,cuda:0
forward,1,343,9.526924757713205e-07,True,CONVERGED,float64,cuda:0
forward,2,342,9.986264405414222e-07,True,CONVERGED,float64,cuda:0
adjoint,0,335,9.181772392413623e-07,True,CONVERGED,float64,cuda:0
adjoint,1,331,9.66124884773067e-07,True,CONVERGED,float64,cuda:0
adjoint,2,330,9.62283059349454e-07,True,CONVERGED,float64,cuda:0
forward,0,336,9.563813824118504e-07,True,CONVERGED,float64,cuda:0
forward,1,343,9.553505005191162e-07,True,CONVERGED,float64,cuda:0
forward,2,342,9.99362656950871e-07,True,CONVERGED,float64,cuda:0
adjoint,0,335,9.202669078930854e-07,True,CONVERGED,float64,cuda:0
adjoint,1,331,9.67094829857166e-07,True,CONVERGED,float64,cuda:0
adjoint,2,330,9.619931954020334e-07,True,CONVERGED,float64,cuda:0
forward,0,336,9.63365527377135e-07,True,CONVERGED,float64,cuda:0
forward,1,343,9.693253984399404e-07,True,CONVERGED,float64,cuda:0
forward,2,342,9.964316798575992e-07,True,CONVERGED,float64,cuda:0
adjoint,0,335,9.305677716743743e-07,True,CONVERGED,float64,cuda:0
adjoint,1,331,9.746562706141285e-07,True,CONVERGED,float64,cuda:0
adjoint,2,330,9.458419812406256e-07,True,CONVERGED,float64,cuda:0
forward,0,336,9.626382614768477e-07,True,CONVERGED,float64,cuda:0
forward,1,343,9.63955254578336e-07,True,CONVERGED,float64,cuda:0
forward,2,343,9.45220678339798e-07,True,CONVERGED,float64,cuda:0
adjoint,0,335,9.27092746332041e-07,True,CONVERGED,float64,cuda:0
adjoint,1,331,9.734942672943125e-07,True,CONVERGED,float64,cuda:0
adjoint,2,330,9.59842981108811e-07,True,CONVERGED,float64,cuda:0
forward,0,336,9.551466722722627e-07,True,CONVERGED,float64,cuda:0
forward,1,343,9.566807934462485e-07,True,CONVERGED,float64,cuda:0
forward,2,343,9.427425332211261e-07,True,CONVERGED,float64,cuda:0
adjoint,0,334,9.965818282391685e-07,True,CONVERGED,float64,cuda:0
adjoint,1,331,9.63347167295375e-07,True,CONVERGED,float64,cuda:0
adjoint,2,330,9.455284921947825e-07,True,CONVERGED,float64,cuda:0
forward,0,336,9.635025173201805e-07,True,CONVERGED,float64,cuda:0
forward,1,343,9.714261164205737e-07,True,CONVERGED,float64,cuda:0
forward,2,342,9.96970472007234e-07,True,CONVERGED,float64,cuda:0
adjoint,0,335,9.32217542718307e-07,True,CONVERGED,float64,cuda:0
adjoint,1,331,9.724517452825348e-07,True,CONVERGED,float64,cuda:0
adjoint,2,330,9.577001667452892e-07,True,CONVERGED,float64,cuda:0
forward,0,336,9.656498472724284e-07,True,CONVERGED,float64,cuda:0
forward,1,343,9.744205575165422e-07,True,CONVERGED,float64,cuda:0
forward,2,342,9.932283567591459e-07,True,CONVERGED,float64,cuda:0
adjoint,0,335,9.360196455912876e-07,True,CONVERGED,float64,cuda:0
adjoint,1,331,9.76774419604989e-07,True,CONVERGED,float64,cuda:0
adjoint,2,330,9.510328926037983e-07,True,CONVERGED,float64,cuda:0
forward,0,336,9.5508196582829e-07,True,CONVERGED,float64,cuda:0
forward,1,343,9.524742542402098e-07,True,CONVERGED,float64,cuda:0
forward,2,343,9.451717331895736e-07,True,CONVERGED,float64,cuda:0
adjoint,0,335,9.156355386696978e-07,True,CONVERGED,float64,cuda:0
adjoint,1,331,9.67175265117169e-07,True,CONVERGED,float64,cuda:0
adjoint,2,330,9.468839648089478e-07,True,CONVERGED,float64,cuda:0
forward,0,336,9.526415500813589e-07,True,CONVERGED,float64,cuda:0
forward,1,343,9.557636676339868e-07,True,CONVERGED,float64,cuda:0
forward,2,343,9.425147077698621e-07,True,CONVERGED,float64,cuda:0
adjoint,0,334,9.982400263812836e-07,True,CONVERGED,float64,cuda:0
adjoint,1,331,9.65894472921932e-07,True,CONVERGED,float64,cuda:0
adjoint,2,330,9.448601090537714e-07,True,CONVERGED,float64,cuda:0
forward,0,336,9.633691629476366e-07,True,CONVERGED,float64,cuda:0
forward,1,343,9.774239681566487e-07,True,CONVERGED,float64,cuda:0
forward,2,342,9.991134088623382e-07,True,CONVERGED,float64,cuda:0
adjoint,0,335,9.325219817582268e-07,True,CONVERGED,float64,cuda:0
adjoint,1,331,9.764721183535227e-07,True,CONVERGED,float64,cuda:0
adjoint,2,330,9.493538814211306e-07,True,CONVERGED,float64,cuda:0
forward,0,336,9.616913748339737e-07,True,CONVERGED,float64,cuda:0
forward,1,343,9.747338772723075e-07,True,CONVERGED,float64,cuda:0
forward,2,342,9.995868839941402e-07,True,CONVERGED,float64,cuda:0
adjoint,0,335,9.294796505644933e-07,True,CONVERGED,float64,cuda:0
adjoint,1,331,9.751816322976885e-07,True,CONVERGED,float64,cuda:0
adjoint,2,330,9.45849820624876e-07,True,CONVERGED,float64,cuda:0
forward,0,336,9.517915676291023e-07,True,CONVERGED,float64,cuda:0
forward,1,343,9.575939885080874e-07,True,CONVERGED,float64,cuda:0
forward,2,342,9.990285343169642e-07,True,CONVERGED,float64,cuda:0
adjoint,0,334,9.942306149485207e-07,True,CONVERGED,float64,cuda:0
adjoint,1,331,9.649540665922667e-07,True,CONVERGED,float64,cuda:0
adjoint,2,330,9.58110763033997e-07,True,CONVERGED,float64,cuda:0
forward,0,336,9.581565799402965e-07,True,CONVERGED,float64,cuda:0
forward,1,343,9.635302204655589e-07,True,CONVERGED,float64,cuda:0
forward,2,343,9.439138646414011e-07,True,CONVERGED,float64,cuda:0
adjoint,0,335,9.245432006344986e-07,True,CONVERGED,float64,cuda:0
adjoint,1,331,9.73389715353288e-07,True,CONVERGED,float64,cuda:0
adjoint,2,330,9.531249576655263e-07,True,CONVERGED,float64,cuda:0
forward,0,336,9.60403172694476e-07,True,CONVERGED,float64,cuda:0
forward,1,343,9.6838800470225e-07,True,CONVERGED,float64,cuda:0
forward,2,342,9.98449302357601e-07,True,CONVERGED,float64,cuda:0
adjoint,0,335,9.28543091420587e-07,True,CONVERGED,float64,cuda:0
adjoint,1,331,9.756872276718756e-07,True,CONVERGED,float64,cuda:0
adjoint,2,330,9.539066312699192e-07,True,CONVERGED,float64,cuda:0
forward,0,336,9.542542366912536e-07,True,CONVERGED,float64,cuda:0
forward,1,343,9.565536642554043e-07,True,CONVERGED,float64,cuda:0
forward,2,343,9.436587713138279e-07,True,CONVERGED,float64,cuda:0
adjoint,0,334,9.997942915980356e-07,True,CONVERGED,float64,cuda:0
adjoint,1,331,9.690299165669872e-07,True,CONVERGED,float64,cuda:0
adjoint,2,330,9.432847833407718e-07,True,CONVERGED,float64,cuda:0
forward,0,336,9.52672896897471e-07,True,CONVERGED,float64,cuda:0
forward,1,343,9.565849773902417e-07,True,CONVERGED,float64,cuda:0
forward,2,343,9.427193156105964e-07,True,CONVERGED,float64,cuda:0
adjoint,0,334,9.96899820081888e-07,True,CONVERGED,float64,cuda:0
adjoint,1,331,9.67365324957784e-07,True,CONVERGED,float64,cuda:0
adjoint,2,330,9.543748570534282e-07,True,CONVERGED,float64,cuda:0
forward,0,336,9.613478630872765e-07,True,CONVERGED,float64,cuda:0
forward,1,343,9.7119235563065e-07,True,CONVERGED,float64,cuda:0
forward,2,343,9.44947224382371e-07,True,CONVERGED,float64,cuda:0
adjoint,0,335,9.28480614454971e-07,True,CONVERGED,float64,cuda:0
adjoint,1,331,9.764863817549886e-07,True,CONVERGED,float64,cuda:0
adjoint,2,330,9.397469217256554e-07,True,CONVERGED,float64,cuda:0
forward,0,336,9.576987350714262e-07,True,CONVERGED,float64,cuda:0
forward,1,343,9.648861372912452e-07,True,CONVERGED,float64,cuda:0
forward,2,342,9.995577749496703e-07,True,CONVERGED,float64,cuda:0
adjoint,0,335,9.230505444279766e-07,True,CONVERGED,float64,cuda:0
adjoint,1,331,9.734609150128807e-07,True,CONVERGED,float64,cuda:0
adjoint,2,330,9.386366568310961e-07,True,CONVERGED,float64,cuda:0
forward,0,336,9.531758846902328e-07,True,CONVERGED,float64,cuda:0
forward,1,343,9.562628274599234e-07,True,CONVERGED,float64,cuda:0
forward,2,342,9.99441729499457e-07,True,CONVERGED,float64,cuda:0
adjoint,0,334,9.96368798503564e-07,True,CONVERGED,float64,cuda:0
adjoint,1,331,9.671030983535933e-07,True,CONVERGED,float64,cuda:0
adjoint,2,330,9.483285337230333e-07,True,CONVERGED,float64,cuda:0
forward,0,336,9.582322099886893e-07,True,CONVERGED,float64,cuda:0
forward,1,343,9.624910380761718e-07,True,CONVERGED,float64,cuda:0
forward,2,342,9.997531245505985e-07,True,CONVERGED,float64,cuda:0
adjoint,0,335,9.243210617189669e-07,True,CONVERGED,float64,cuda:0
adjoint,1,331,9.740151726134339e-07,True,CONVERGED,float64,cuda:0
adjoint,2,330,9.418706897771383e-07,True,CONVERGED,float64,cuda:0
forward,0,336,9.61996288755883e-07,True,CONVERGED,float64,cuda:0
forward,1,343,9.642088839126466e-07,True,CONVERGED,float64,cuda:0
forward,2,343,9.466899457908286e-07,True,CONVERGED,float64,cuda:0
adjoint,0,335,9.277042904692547e-07,True,CONVERGED,float64,cuda:0
adjoint,1,331,9.75878909825693e-07,True,CONVERGED,float64,cuda:0
adjoint,2,330,9.410414620328821e-07,True,CONVERGED,float64,cuda:0
forward,0,336,9.532087765124665e-07,True,CONVERGED,float64,cuda:0
forward,1,343,9.567418294777627e-07,True,CONVERGED,float64,cuda:0
forward,2,343,9.427494362583485e-07,True,CONVERGED,float64,cuda:0
adjoint,0,334,9.968291501193353e-07,True,CONVERGED,float64,cuda:0
adjoint,1,331,9.650724501014422e-07,True,CONVERGED,float64,cuda:0
adjoint,2,330,9.406651639830534e-07,True,CONVERGED,float64,cuda:0
forward,0,336,9.57680498295172e-07,True,CONVERGED,float64,cuda:0
forward,1,343,9.641096247362397e-07,True,CONVERGED,float64,cuda:0
forward,2,343,9.444470666380282e-07,True,CONVERGED,float64,cuda:0
adjoint,0,335,9.243025167151512e-07,True,CONVERGED,float64,cuda:0
adjoint,1,331,9.726854957089992e-07,True,CONVERGED,float64,cuda:0
adjoint,2,330,9.428207635807853e-07,True,CONVERGED,float64,cuda:0
forward,0,336,9.593412317819163e-07,True,CONVERGED,float64,cuda:0
forward,1,343,9.686930120999844e-07,True,CONVERGED,float64,cuda:0
forward,2,342,9.99191398819307e-07,True,CONVERGED,float64,cuda:0
adjoint,0,335,9.248397098202107e-07,True,CONVERGED,float64,cuda:0
adjoint,1,331,9.760902771867945e-07,True,CONVERGED,float64,cuda:0
adjoint,2,330,9.436521827828748e-07,True,CONVERGED,float64,cuda:0
forward,0,336,9.533598100669536e-07,True,CONVERGED,float64,cuda:0
forward,1,343,9.568508638119652e-07,True,CONVERGED,float64,cuda:0
forward,2,342,9.97221465334058e-07,True,CONVERGED,float64,cuda:0
adjoint,0,334,9.97123367314814e-07,True,CONVERGED,float64,cuda:0
adjoint,1,331,9.69228942248858e-07,True,CONVERGED,float64,cuda:0
adjoint,2,330,9.394083869221739e-07,True,CONVERGED,float64,cuda:0
forward,0,336,9.536884215519797e-07,True,CONVERGED,float64,cuda:0
forward,1,343,9.60691951655877e-07,True,CONVERGED,float64,cuda:0
forward,2,342,9.98932398476453e-07,True,CONVERGED,float64,cuda:0
adjoint,0,334,9.980984925328937e-07,True,CONVERGED,float64,cuda:0
adjoint,1,331,9.69341003730509e-07,True,CONVERGED,float64,cuda:0
adjoint,2,330,9.395498193043893e-07,True,CONVERGED,float64,cuda:0
forward,0,336,9.584275669801391e-07,True,CONVERGED,float64,cuda:0
forward,1,343,9.671515356052494e-07,True,CONVERGED,float64,cuda:0
forward,2,342,9.995840163137778e-07,True,CONVERGED,float64,cuda:0
adjoint,0,335,9.260722410902737e-07,True,CONVERGED,float64,cuda:0
adjoint,1,331,9.7451493035651e-07,True,CONVERGED,float64,cuda:0
adjoint,2,330,9.352606968468609e-07,True,CONVERGED,float64,cuda:0
forward,0,336,9.558866795080668e-07,True,CONVERGED,float64,cuda:0
forward,1,343,9.578980742676122e-07,True,CONVERGED,float64,cuda:0
forward,2,342,9.990835775143537e-07,True,CONVERGED,float64,cuda:0
adjoint,0,335,9.207496115521945e-07,True,CONVERGED,float64,cuda:0
adjoint,1,331,9.72724706020223e-07,True,CONVERGED,float64,cuda:0
adjoint,2,330,9.324496705640471e-07,True,CONVERGED,float64,cuda:0
forward,0,336,9.528510958253222e-07,True,CONVERGED,float64,cuda:0
forward,1,342,9.996070546037444e-07,True,CONVERGED,float64,cuda:0
forward,2,342,9.96509490325788e-07,True,CONVERGED,float64,cuda:0
adjoint,0,334,9.96750856759794e-07,True,CONVERGED,float64,cuda:0
adjoint,1,331,9.683596582881774e-07,True,CONVERGED,float64,cuda:0
adjoint,2,330,9.344499381770806e-07,True,CONVERGED,float64,cuda:0
forward,0,336,9.568392984538594e-07,True,CONVERGED,float64,cuda:0
forward,1,343,9.725049141999417e-07,True,CONVERGED,float64,cuda:0
forward,2,342,9.961227290786132e-07,True,CONVERGED,float64,cuda:0
adjoint,0,335,9.259299834754625e-07,True,CONVERGED,float64,cuda:0
adjoint,1,331,9.750729467369721e-07,True,CONVERGED,float64,cuda:0
adjoint,2,330,9.384611573361629e-07,True,CONVERGED,float64,cuda:0
forward,0,336,9.537647113873012e-07,True,CONVERGED,float64,cuda:0
forward,1,343,9.715835693652166e-07,True,CONVERGED,float64,cuda:0
forward,2,342,9.930456676039491e-07,True,CONVERGED,float64,cuda:0
adjoint,0,335,9.219336622643223e-07,True,CONVERGED,float64,cuda:0
adjoint,1,331,9.729268715864564e-07,True,CONVERGED,float64,cuda:0
adjoint,2,330,9.443731943288915e-07,True,CONVERGED,float64,cuda:0
forward,0,336,9.52428295935262e-07,True,CONVERGED,float64,cuda:0
forward,1,343,9.58060105000552e-07,True,CONVERGED,float64,cuda:0
forward,2,342,9.923221185162469e-07,True,CONVERGED,float64,cuda:0
adjoint,0,334,9.972753228713627e-07,True,CONVERGED,float64,cuda:0
adjoint,1,331,9.686072066275727e-07,True,CONVERGED,float64,cuda:0
adjoint,2,330,9.504278161800638e-07,True,CONVERGED,float64,cuda:0
forward,0,336,9.526285698690186e-07,True,CONVERGED,float64,cuda:0
forward,1,343,9.595299398898752e-07,True,CONVERGED,float64,cuda:0
forward,2,342,9.972251728840555e-07,True,CONVERGED,float64,cuda:0
adjoint,0,334,9.995409705992437e-07,True,CONVERGED,float64,cuda:0
adjoint,1,331,9.692527739731958e-07,True,CONVERGED,float64,cuda:0
adjoint,2,330,9.385460388387149e-07,True,CONVERGED,float64,cuda:0
forward,0,336,9.564244059339116e-07,True,CONVERGED,float64,cuda:0
forward,1,343,9.666028338464872e-07,True,CONVERGED,float64,cuda:0
forward,2,342,9.998617251216357e-07,True,CONVERGED,float64,cuda:0
adjoint,0,335,9.252204936166028e-07,True,CONVERGED,float64,cuda:0
adjoint,1,331,9.720153851995116e-07,True,CONVERGED,float64,cuda:0
adjoint,2,330,9.449899107707111e-07,True,CONVERGED,float64,cuda:0
forward,0,336,9.54444909597693e-07,True,CONVERGED,float64,cuda:0
forward,1,343,9.602958355149725e-07,True,CONVERGED,float64,cuda:0
forward,2,342,9.991548878984595e-07,True,CONVERGED,float64,cuda:0
adjoint,0,335,9.201450493294778e-07,True,CONVERGED,float64,cuda:0
adjoint,1,331,9.710723925525652e-07,True,CONVERGED,float64,cuda:0
adjoint,2,330,9.33642126529421e-07,True,CONVERGED,float64,cuda:0
forward,0,336,9.521853148768152e-07,True,CONVERGED,float64,cuda:0
forward,1,343,9.543114418009647e-07,True,CONVERGED,float64,cuda:0
forward,2,342,9.95011893816014e-07,True,CONVERGED,float64,cuda:0
adjoint,0,334,9.963876535367511e-07,True,CONVERGED,float64,cuda:0
adjoint,1,331,9.687048305279053e-07,True,CONVERGED,float64,cuda:0
adjoint,2,330,9.328100779803585e-07,True,CONVERGED,float64,cuda:0
forward,0,336,9.556914584404243e-07,True,CONVERGED,float64,cuda:0
forward,1,343,9.696686618181857e-07,True,CONVERGED,float64,cuda:0
forward,2,342,9.935195267707748e-07,True,CONVERGED,float64,cuda:0
adjoint,0,335,9.231972281628765e-07,True,CONVERGED,float64,cuda:0
adjoint,1,331,9.762076802940847e-07,True,CONVERGED,float64,cuda:0
adjoint,2,330,9.505901470120489e-07,True,CONVERGED,float64,cuda:0
forward,0,336,9.524386077205948e-07,True,CONVERGED,float64,cuda:0
forward,1,343,9.639099232861287e-07,True,CONVERGED,float64,cuda:0
forward,2,342,9.919486114620307e-07,True,CONVERGED,float64,cuda:0
adjoint,0,334,9.972014602877468e-07,True,CONVERGED,float64,cuda:0
adjoint,1,331,9.726037012858018e-07,True,CONVERGED,float64,cuda:0
adjoint,2,330,9.509883220031872e-07,True,CONVERGED,float64,cuda:0
forward,0,336,9.490541471500346e-07,True,CONVERGED,float64,cuda:0
forward,1,343,9.586565911340421e-07,True,CONVERGED,float64,cuda:0
forward,2,342,9.92724216580228e-07,True,CONVERGED,float64,cuda:0
adjoint,0,334,9.927363251122494e-07,True,CONVERGED,float64,cuda:0
adjoint,1,331,9.655850114005522e-07,True,CONVERGED,float64,cuda:0
adjoint,2,330,9.376329033683351e-07,True,CONVERGED,float64,cuda:0
forward,0,336,9.58223162566378e-07,True,CONVERGED,float64,cuda:0
forward,1,343,9.733686068042933e-07,True,CONVERGED,float64,cuda:0
forward,2,342,9.992604642815271e-07,True,CONVERGED,float64,cuda:0
adjoint,0,335,9.279194542866046e-07,True,CONVERGED,float64,cuda:0
adjoint,1,331,9.755251356907596e-07,True,CONVERGED,float64,cuda:0
adjoint,2,330,9.366551399106692e-07,True,CONVERGED,float64,cuda:0
forward,0,336,9.575170078485283e-07,True,CONVERGED,float64,cuda:0
forward,1,343,9.679634161938712e-07,True,CONVERGED,float64,cuda:0
forward,2,343,9.462380100951028e-07,True,CONVERGED,float64,cuda:0
adjoint,0,335,9.253801831565306e-07,True,CONVERGED,float64,cuda:0
adjoint,1,331,9.73865427398809e-07,True,CONVERGED,float64,cuda:0
adjoint,2,330,9.353713682250066e-07,True,CONVERGED,float64,cuda:0
forward,0,336,9.499033445107642e-07,True,CONVERGED,float64,cuda:0
forward,1,343,9.571794516311865e-07,True,CONVERGED,float64,cuda:0
forward,2,342,9.972731193653753e-07,True,CONVERGED,float64,cuda:0
adjoint,0,334,9.931847486719684e-07,True,CONVERGED,float64,cuda:0
adjoint,1,331,9.643964972055547e-07,True,CONVERGED,float64,cuda:0
adjoint,2,330,9.388332762546039e-07,True,CONVERGED,float64,cuda:0
forward,0,336,9.546770715844088e-07,True,CONVERGED,float64,cuda:0
forward,1,343,9.720957675492318e-07,True,CONVERGED,float64,cuda:0
forward,2,342,9.95316114092981e-07,True,CONVERGED,float64,cuda:0
adjoint,0,335,9.226287041351052e-07,True,CONVERGED,float64,cuda:0
adjoint,1,331,9.737971135024169e-07,True,CONVERGED,float64,cuda:0
adjoint,2,330,9.422786864679996e-07,True,CONVERGED,float64,cuda:0
forward,0,336,9.551376610526163e-07,True,CONVERGED,float64,cuda:0
forward,1,343,9.76571392599001e-07,True,CONVERGED,float64,cuda:0
forward,2,342,9.920706520704997e-07,True,CONVERGED,float64,cuda:0
adjoint,0,335,9.240915229041915e-07,True,CONVERGED,float64,cuda:0
adjoint,1,331,9.768301977931408e-07,True,CONVERGED,float64,cuda:0
adjoint,2,330,9.53796118016551e-07,True,CONVERGED,float64,cuda:0
forward,0,336,9.500152393851311e-07,True,CONVERGED,float64,cuda:0
forward,1,343,9.571049598521547e-07,True,CONVERGED,float64,cuda:0
forward,2,342,9.894719466781016e-07,True,CONVERGED,float64,cuda:0
adjoint,0,334,9.923609014582994e-07,True,CONVERGED,float64,cuda:0
adjoint,1,331,9.695389228100961e-07,True,CONVERGED,float64,cuda:0
adjoint,2,330,9.54620019311927e-07,True,CONVERGED,float64,cuda:0
forward,0,336,9.482203506657447e-07,True,CONVERGED,float64,cuda:0
forward,1,343,9.57419685629312e-07,True,CONVERGED,float64,cuda:0
forward,2,342,9.916042902096466e-07,True,CONVERGED,float64,cuda:0
adjoint,0,334,9.923764640375568e-07,True,CONVERGED,float64,cuda:0
adjoint,1,331,9.687514068355549e-07,True,CONVERGED,float64,cuda:0
adjoint,2,330,9.38786645100454e-07,True,CONVERGED,float64,cuda:0
forward,0,336,9.58917903268477e-07,True,CONVERGED,float64,cuda:0
forward,1,343,9.750812775720161e-07,True,CONVERGED,float64,cuda:0
forward,2,342,9.99105897554517e-07,True,CONVERGED,float64,cuda:0
adjoint,0,335,9.288659724595773e-07,True,CONVERGED,float64,cuda:0
adjoint,1,331,9.785423393173997e-07,True,CONVERGED,float64,cuda:0
adjoint,2,330,9.378466701477916e-07,True,CONVERGED,float64,cuda:0
forward,0,336,9.510806322025023e-07,True,CONVERGED,float64,cuda:0
forward,1,343,9.63069660030158e-07,True,CONVERGED,float64,cuda:0
forward,2,342,9.950296512406663e-07,True,CONVERGED,float64,cuda:0
adjoint,0,334,9.973872258643077e-07,True,CONVERGED,float64,cuda:0
adjoint,1,331,9.715015663943539e-07,True,CONVERGED,float64,cuda:0
adjoint,2,330,9.363927844068788e-07,True,CONVERGED,float64,cuda:0
forward,0,336,9.48270505445312e-07,True,CONVERGED,float64,cuda:0
forward,1,343,9.574557667506495e-07,True,CONVERGED,float64,cuda:0
forward,2,342,9.916829095447293e-07,True,CONVERGED,float64,cuda:0
adjoint,0,334,9.909984710236553e-07,True,CONVERGED,float64,cuda:0
adjoint,1,331,9.661229311377087e-07,True,CONVERGED,float64,cuda:0
adjoint,2,330,9.439494364131691e-07,True,CONVERGED,float64,cuda:0
forward,0,336,9.57148037917588e-07,True,CONVERGED,float64,cuda:0
forward,1,343,9.754375692411552e-07,True,CONVERGED,float64,cuda:0
forward,2,342,9.960382298733144e-07,True,CONVERGED,float64,cuda:0
adjoint,0,335,9.249024706056207e-07,True,CONVERGED,float64,cuda:0
adjoint,1,331,9.764114949515274e-07,True,CONVERGED,float64,cuda:0
adjoint,2,330,9.530030364191068e-07,True,CONVERGED,float64,cuda:0
forward,0,336,9.533067404809177e-07,True,CONVERGED,float64,cuda:0
forward,1,343,9.708480941102217e-07,True,CONVERGED,float64,cuda:0
forward,2,342,9.951663486855035e-07,True,CONVERGED,float64,cuda:0
adjoint,0,334,9.993545687006052e-07,True,CONVERGED,float64,cuda:0
adjoint,1,331,9.731244555474826e-07,True,CONVERGED,float64,cuda:0
adjoint,2,330,9.37854116957643e-07,True,CONVERGED,float64,cuda:0
forward,0,336,9.488493766099934e-07,True,CONVERGED,float64,cuda:0
forward,1,343,9.569875008269694e-07,True,CONVERGED,float64,cuda:0
forward,2,342,9.936071725497395e-07,True,CONVERGED,float64,cuda:0
adjoint,0,334,9.925030645931777e-07,True,CONVERGED,float64,cuda:0
adjoint,1,331,9.668091592924647e-07,True,CONVERGED,float64,cuda:0
adjoint,2,330,9.341065001810999e-07,True,CONVERGED,float64,cuda:0
forward,0,336,9.53968152293253e-07,True,CONVERGED,float64,cuda:0
forward,1,343,9.63285127031564e-07,True,CONVERGED,float64,cuda:0
forward,2,342,9.946980713207513e-07,True,CONVERGED,float64,cuda:0
adjoint,0,335,9.194089268726854e-07,True,CONVERGED,float64,cuda:0
adjoint,1,331,9.750744122432131e-07,True,CONVERGED,float64,cuda:0
adjoint,2,330,9.507497966686659e-07,True,CONVERGED,float64,cuda:0
forward,0,336,9.513672297694147e-07,True,CONVERGED,float64,cuda:0
forward,1,343,9.599674880058652e-07,True,CONVERGED,float64,cuda:0
forward,2,342,9.94002629216026e-07,True,CONVERGED,float64,cuda:0
adjoint,0,334,9.967737323756643e-07,True,CONVERGED,float64,cuda:0
adjoint,1,331,9.725783289232985e-07,True,CONVERGED,float64,cuda:0
adjoint,2,330,9.419864620382345e-07,True,CONVERGED,float64,cuda:0
forward,0,336,9.488325058631162e-07,True,CONVERGED,float64,cuda:0
forward,1,343,9.58231907910191e-07,True,CONVERGED,float64,cuda:0
forward,2,342,9.93091545800261e-07,True,CONVERGED,float64,cuda:0
adjoint,0,334,9.927501688800525e-07,True,CONVERGED,float64,cuda:0
adjoint,1,331,9.68410033323854e-07,True,CONVERGED,float64,cuda:0
adjoint,2,330,9.34525324122657e-07,True,CONVERGED,float64,cuda:0
forward,0,336,9.512820634565275e-07,True,CONVERGED,float64,cuda:0
forward,1,343,9.645546850309613e-07,True,CONVERGED,float64,cuda:0
forward,2,342,9.929020671642192e-07,True,CONVERGED,float64,cuda:0
adjoint,0,334,9.967974351734478e-07,True,CONVERGED,float64,cuda:0
adjoint,1,331,9.735658452001454e-07,True,CONVERGED,float64,cuda:0
adjoint,2,330,9.431053699907105e-07,True,CONVERGED,float64,cuda:0
forward,0,336,9.523909278959664e-07,True,CONVERGED,float64,cuda:0
forward,1,343,9.623085347227263e-07,True,CONVERGED,float64,cuda:0
forward,2,342,9.9208959861396e-07,True,CONVERGED,float64,cuda:0
adjoint,0,334,9.984582541231218e-07,True,CONVERGED,float64,cuda:0
adjoint,1,331,9.738455757693902e-07,True,CONVERGED,float64,cuda:0
adjoint,2,330,9.520738774093572e-07,True,CONVERGED,float64,cuda:0
forward,0,336,9.49203488331444e-07,True,CONVERGED,float64,cuda:0
forward,1,343,9.548856006170576e-07,True,CONVERGED,float64,cuda:0
forward,2,342,9.90217262455809e-07,True,CONVERGED,float64,cuda:0
adjoint,0,334,9.922712537215459e-07,True,CONVERGED,float64,cuda:0
adjoint,1,331,9.66893215236325e-07,True,CONVERGED,float64,cuda:0
adjoint,2,330,9.440023116906697e-07,True,CONVERGED,float64,cuda:0
forward,0,336,9.530653902068106e-07,True,CONVERGED,float64,cuda:0
forward,1,343,9.729838006054392e-07,True,CONVERGED,float64,cuda:0
forward,2,342,9.927920321867125e-07,True,CONVERGED,float64,cuda:0
adjoint,0,335,9.232578053891107e-07,True,CONVERGED,float64,cuda:0
adjoint,1,331,9.735566915172123e-07,True,CONVERGED,float64,cuda:0
adjoint,2,330,9.427826869991582e-07,True,CONVERGED,float64,cuda:0
forward,0,336,9.526882700892995e-07,True,CONVERGED,float64,cuda:0
forward,1,343,9.734616881363183e-07,True,CONVERGED,float64,cuda:0
forward,2,342,9.925985957249722e-07,True,CONVERGED,float64,cuda:0
adjoint,0,335,9.222654775328984e-07,True,CONVERGED,float64,cuda:0
adjoint,1,331,9.73526785067988e-07,True,CONVERGED,float64,cuda:0
adjoint,2,330,9.474885433732013e-07,True,CONVERGED,float64,cuda:0
forward,0,336,9.476499447967782e-07,True,CONVERGED,float64,cuda:0
forward,1,343,9.564422152137602e-07,True,CONVERGED,float64,cuda:0
forward,2,342,9.8962314589269e-07,True,CONVERGED,float64,cuda:0
adjoint,0,334,9.930164417495662e-07,True,CONVERGED,float64,cuda:0
adjoint,1,331,9.65984734989124e-07,True,CONVERGED,float64,cuda:0
adjoint,2,330,9.47123227764475e-07,True,CONVERGED,float64,cuda:0
forward,0,336,9.485644938383559e-07,True,CONVERGED,float64,cuda:0
forward,1,343,9.60947567180586e-07,True,CONVERGED,float64,cuda:0
forward,2,342,9.910096576047003e-07,True,CONVERGED,float64,cuda:0
adjoint,0,334,9.962720847218132e-07,True,CONVERGED,float64,cuda:0
adjoint,1,331,9.69771871210185e-07,True,CONVERGED,float64,cuda:0
adjoint,2,330,9.435021371458684e-07,True,CONVERGED,float64,cuda:0
forward,0,336,9.519773770776463e-07,True,CONVERGED,float64,cuda:0
forward,1,343,9.686868193659607e-07,True,CONVERGED,float64,cuda:0
forward,2,342,9.915327792742015e-07,True,CONVERGED,float64,cuda:0
adjoint,0,335,9.216677141726445e-07,True,CONVERGED,float64,cuda:0
adjoint,1,331,9.740284954258255e-07,True,CONVERGED,float64,cuda:0
adjoint,2,330,9.460609693565718e-07,True,CONVERGED,float64,cuda:0
forward,0,336,9.493555408383616e-07,True,CONVERGED,float64,cuda:0
forward,1,343,9.595116128788694e-07,True,CONVERGED,float64,cuda:0
forward,2,342,9.900728728263005e-07,True,CONVERGED,float64,cuda:0
adjoint,0,334,9.953551217213307e-07,True,CONVERGED,float64,cuda:0
adjoint,1,331,9.701103925902797e-07,True,CONVERGED,float64,cuda:0
adjoint,2,330,9.472206216629368e-07,True,CONVERGED,float64,cuda:0
forward,0,336,9.465841671128895e-07,True,CONVERGED,float64,cuda:0
forward,1,343,9.565146895563496e-07,True,CONVERGED,float64,cuda:0
forward,2,342,9.868587766208453e-07,True,CONVERGED,float64,cuda:0
adjoint,0,334,9.896739101065083e-07,True,CONVERGED,float64,cuda:0
adjoint,1,331,9.660825005798864e-07,True,CONVERGED,float64,cuda:0
adjoint,2,330,9.446956998714705e-07,True,CONVERGED,float64,cuda:0
forward,0,336,9.579665851592752e-07,True,CONVERGED,float64,cuda:0
forward,1,343,9.8077129526489e-07,True,CONVERGED,float64,cuda:0
forward,2,342,9.935863465937668e-07,True,CONVERGED,float64,cuda:0
adjoint,0,335,9.305182279085925e-07,True,CONVERGED,float64,cuda:0
adjoint,1,331,9.80088322779534e-07,True,CONVERGED,float64,cuda:0
adjoint,2,330,9.55299075823329e-07,True,CONVERGED,float64,cuda:0
forward,0,336,9.484610678317106e-07,True,CONVERGED,float64,cuda:0
forward,1,343,9.65903444079771e-07,True,CONVERGED,float64,cuda:0
forward,2,342,9.896689594720229e-07,True,CONVERGED,float64,cuda:0
adjoint,0,334,9.957246491266973e-07,True,CONVERGED,float64,cuda:0
adjoint,1,331,9.705704046218895e-07,True,CONVERGED,float64,cuda:0
adjoint,2,330,9.461911744971769e-07,True,CONVERGED,float64,cuda:0
forward,0,336,9.479862685251466e-07,True,CONVERGED,float64,cuda:0
forward,1,343,9.563471598337533e-07,True,CONVERGED,float64,cuda:0
forward,2,342,9.901935803091317e-07,True,CONVERGED,float64,cuda:0
adjoint,0,334,9.896394384762885e-07,True,CONVERGED,float64,cuda:0
adjoint,1,331,9.61654886907112e-07,True,CONVERGED,float64,cuda:0
adjoint,2,330,9.384352997472506e-07,True,CONVERGED,float64,cuda:0
forward,0,336,9.588664563079135e-07,True,CONVERGED,float64,cuda:0
forward,1,343,9.838509334280278e-07,True,CONVERGED,float64,cuda:0
forward,2,342,9.950170388119162e-07,True,CONVERGED,float64,cuda:0
adjoint,0,335,9.336071297815772e-07,True,CONVERGED,float64,cuda:0
adjoint,1,331,9.79383378673084e-07,True,CONVERGED,float64,cuda:0
adjoint,2,330,9.5295116844878e-07,True,CONVERGED,float64,cuda:0
forward,0,336,9.543583316567619e-07,True,CONVERGED,float64,cuda:0
forward,1,343,9.838115171620698e-07,True,CONVERGED,float64,cuda:0
forward,2,342,9.918183959897956e-07,True,CONVERGED,float64,cuda:0
adjoint,0,335,9.28509843239749e-07,True,CONVERGED,float64,cuda:0
adjoint,1,331,9.751261158649053e-07,True,CONVERGED,float64,cuda:0
adjoint,2,330,9.476222574186926e-07,True,CONVERGED,float64,cuda:0
forward,0,336,9.418678903190161e-07,True,CONVERGED,float64,cuda:0
forward,1,343,9.619487873550662e-07,True,CONVERGED,float64,cuda:0
forward,2,342,9.897525037057983e-07,True,CONVERGED,float64,cuda:0
adjoint,0,334,9.879317948293679e-07,True,CONVERGED,float64,cuda:0
adjoint,1,331,9.621344783574104e-07,True,CONVERGED,float64,cuda:0
adjoint,2,330,9.431137124272292e-07,True,CONVERGED,float64,cuda:0
forward,0,336,9.462025887972174e-07,True,CONVERGED,float64,cuda:0
forward,1,343,9.577638257891987e-07,True,CONVERGED,float64,cuda:0
forward,2,342,9.88779403405027e-07,True,CONVERGED,float64,cuda:0
adjoint,0,334,9.931804771152565e-07,True,CONVERGED,float64,cuda:0
adjoint,1,331,9.679526227170678e-07,True,CONVERGED,float64,cuda:0
adjoint,2,330,9.500446560069569e-07,True,CONVERGED,float64,cuda:0
forward,0,336,9.531041435039561e-07,True,CONVERGED,float64,cuda:0
forward,1,343,9.70421288322698e-07,True,CONVERGED,float64,cuda:0
forward,2,342,9.937495657212782e-07,True,CONVERGED,float64,cuda:0
adjoint,0,335,9.228060810795562e-07,True,CONVERGED,float64,cuda:0
adjoint,1,331,9.769494173553586e-07,True,CONVERGED,float64,cuda:0
adjoint,2,330,9.469749742190997e-07,True,CONVERGED,float64,cuda:0
forward,0,336,9.454133461714188e-07,True,CONVERGED,float64,cuda:0
forward,1,343,9.590543495352746e-07,True,CONVERGED,float64,cuda:0
forward,2,342,9.886960068837962e-07,True,CONVERGED,float64,cuda:0
adjoint,0,334,9.89614801341343e-07,True,CONVERGED,float64,cuda:0
adjoint,1,331,9.700000786284916e-07,True,CONVERGED,float64,cuda:0
adjoint,2,330,9.389429507507095e-07,True,CONVERGED,float64,cuda:0
forward,0,336,9.457969107249383e-07,True,CONVERGED,float64,cuda:0
forward,1,343,9.567449487099715e-07,True,CONVERGED,float64,cuda:0
forward,2,342,9.866218702335945e-07,True,CONVERGED,float64,cuda:0
adjoint,0,334,9.875555798149253e-07,True,CONVERGED,float64,cuda:0
adjoint,1,331,9.690008279848953e-07,True,CONVERGED,float64,cuda:0
adjoint,2,330,9.452511084519832e-07,True,CONVERGED,float64,cuda:0
forward,0,336,9.487608876389678e-07,True,CONVERGED,float64,cuda:0
forward,1,343,9.6841700335379e-07,True,CONVERGED,float64,cuda:0
forward,2,342,9.860485737157042e-07,True,CONVERGED,float64,cuda:0
adjoint,0,334,9.95003231976806e-07,True,CONVERGED,float64,cuda:0
adjoint,1,331,9.75904033287372e-07,True,CONVERGED,float64,cuda:0
adjoint,2,330,9.56641216910538e-07,True,CONVERGED,float64,cuda:0
forward,0,336,9.489936596304916e-07,True,CONVERGED,float64,cuda:0
forward,1,343,9.61360735302674e-07,True,CONVERGED,float64,cuda:0
forward,2,342,9.875283274245274e-07,True,CONVERGED,float64,cuda:0
adjoint,0,334,9.943534947909787e-07,True,CONVERGED,float64,cuda:0
adjoint,1,331,9.72041972021312e-07,True,CONVERGED,float64,cuda:0
adjoint,2,330,9.587655479903862e-07,True,CONVERGED,float64,cuda:0
forward,0,336,9.456841874932879e-07,True,CONVERGED,float64,cuda:0
forward,1,343,9.587545243255247e-07,True,CONVERGED,float64,cuda:0
forward,2,342,9.918563625066107e-07,True,CONVERGED,float64,cuda:0
adjoint,0,334,9.888739613302635e-07,True,CONVERGED,float64,cuda:0
adjoint,1,331,9.629213711391235e-07,True,CONVERGED,float64,cuda:0
adjoint,2,330,9.343258731419086e-07,True,CONVERGED,float64,cuda:0
forward,0,336,9.541714972802935e-07,True,CONVERGED,float64,cuda:0
forward,1,343,9.769338000813962e-07,True,CONVERGED,float64,cuda:0
forward,2,342,9.962587196732018e-07,True,CONVERGED,float64,cuda:0
adjoint,0,335,9.266356327648037e-07,True,CONVERGED,float64,cuda:0
adjoint,1,331,9.73817789598592e-07,True,CONVERGED,float64,cuda:0
adjoint,2,330,9.315643833324906e-07,True,CONVERGED,float64,cuda:0
forward,0,336,9.56512556779736e-07,True,CONVERGED,float64,cuda:0
forward,1,343,9.794746529225627e-07,True,CONVERGED,float64,cuda:0
forward,2,342,9.959011616471816e-07,True,CONVERGED,float64,cuda:0
adjoint,0,335,9.287721526587864e-07,True,CONVERGED,float64,cuda:0
adjoint,1,331,9.766928820496568e-07,True,CONVERGED,float64,cuda:0
adjoint,2,330,9.481587497538763e-07,True,CONVERGED,float64,cuda:0
forward,0,336,9.456658511283486e-07,True,CONVERGED,float64,cuda:0
forward,1,343,9.571286699842585e-07,True,CONVERGED,float64,cuda:0
forward,2,342,9.896575925387669e-07,True,CONVERGED,float64,cuda:0
adjoint,0,334,9.879409829643842e-07,True,CONVERGED,float64,cuda:0
adjoint,1,331,9.620191495335771e-07,True,CONVERGED,float64,cuda:0
adjoint,2,330,9.449578151739092e-07,True,CONVERGED,float64,cuda:0
forward,0,336,9.478678965803405e-07,True,CONVERGED,float64,cuda:0
forward,1,343,9.708865873885711e-07,True,CONVERGED,float64,cuda:0
forward,2,342,9.888247091765298e-07,True,CONVERGED,float64,cuda:0
adjoint,0,334,9.948211140571378e-07,True,CONVERGED,float64,cuda:0
adjoint,1,331,9.720141193215454e-07,True,CONVERGED,float64,cuda:0
adjoint,2,330,9.528129050419111e-07,True,CONVERGED,float64,cuda:0
forward,0,336,9.529940683992564e-07,True,CONVERGED,float64,cuda:0
forward,1,343,9.780551697035732e-07,True,CONVERGED,float64,cuda:0
forward,2,342,9.919364606370407e-07,True,CONVERGED,float64,cuda:0
adjoint,0,335,9.247012898624812e-07,True,CONVERGED,float64,cuda:0
adjoint,1,331,9.7722806121358e-07,True,CONVERGED,float64,cuda:0
adjoint,2,330,9.518054652993084e-07,True,CONVERGED,float64,cuda:0
forward,0,336,9.437160477729485e-07,True,CONVERGED,float64,cuda:0
forward,1,343,9.569565606366048e-07,True,CONVERGED,float64,cuda:0
forward,2,342,9.8774993049672e-07,True,CONVERGED,float64,cuda:0
adjoint,0,334,9.88397015103604e-07,True,CONVERGED,float64,cuda:0
adjoint,1,331,9.660125242934404e-07,True,CONVERGED,float64,cuda:0
adjoint,2,330,9.391308113834496e-07,True,CONVERGED,float64,cuda:0
forward,0,336,9.42887192902824e-07,True,CONVERGED,float64,cuda:0
forward,1,343,9.570754298495794e-07,True,CONVERGED,float64,cuda:0
forward,2,342,9.8550539449368e-07,True,CONVERGED,float64,cuda:0
adjoint,0,334,9.892969279313936e-07,True,CONVERGED,float64,cuda:0
adjoint,1,331,9.686414224099735e-07,True,CONVERGED,float64,cuda:0
adjoint,2,330,9.444598942133897e-07,True,CONVERGED,float64,cuda:0
forward,0,336,9.490928118140694e-07,True,CONVERGED,float64,cuda:0
forward,1,343,9.709559344302113e-07,True,CONVERGED,float64,cuda:0
forward,2,342,9.86461901714029e-07,True,CONVERGED,float64,cuda:0
adjoint,0,334,9.975422105616722e-07,True,CONVERGED,float64,cuda:0
adjoint,1,331,9.753882613583872e-07,True,CONVERGED,float64,cuda:0
adjoint,2,330,9.59472459738574e-07,True,CONVERGED,float64,cuda:0
forward,0,336,9.418406536720735e-07,True,CONVERGED,float64,cuda:0
forward,1,343,9.60155839817387e-07,True,CONVERGED,float64,cuda:0
forward,2,342,9.842585881549784e-07,True,CONVERGED,float64,cuda:0
adjoint,0,334,9.882421135774614e-07,True,CONVERGED,float64,cuda:0
adjoint,1,331,9.67751269392069e-07,True,CONVERGED,float64,cuda:0
adjoint,2,330,9.505286959080455e-07,True,CONVERGED,float64,cuda:0
forward,0,336,9.416775626878774e-07,True,CONVERGED,float64,cuda:0
forward,1,343,9.599439821696141e-07,True,CONVERGED,float64,cuda:0
forward,2,342,9.86460187461668e-07,True,CONVERGED,float64,cuda:0
adjoint,0,334,9.8816610397254e-07,True,CONVERGED,float64,cuda:0
adjoint,1,331,9.658764429588348e-07,True,CONVERGED,float64,cuda:0
adjoint,2,330,9.417408892690304e-07,True,CONVERGED,float64,cuda:0
forward,0,336,9.485523516963771e-07,True,CONVERGED,float64,cuda:0
forward,1,343,9.708097497919826e-07,True,CONVERGED,float64,cuda:0
forward,2,342,9.886062853175615e-07,True,CONVERGED,float64,cuda:0
adjoint,0,334,9.983908010796004e-07,True,CONVERGED,float64,cuda:0
adjoint,1,331,9.738278833405294e-07,True,CONVERGED,float64,cuda:0
adjoint,2,330,9.522478578907526e-07,True,CONVERGED,float64,cuda:0
forward,0,336,9.464154131996141e-07,True,CONVERGED,float64,cuda:0
forward,1,343,9.605397951377962e-07,True,CONVERGED,float64,cuda:0
forward,2,342,9.89040497047446e-07,True,CONVERGED,float64,cuda:0
adjoint,0,334,9.947342426404845e-07,True,CONVERGED,float64,cuda:0
adjoint,1,331,9.692764542739187e-07,True,CONVERGED,float64,cuda:0
adjoint,2,330,9.478979284447765e-07,True,CONVERGED,float64,cuda:0
forward,0,336,9.427221290548311e-07,True,CONVERGED,float64,cuda:0
forward,1,343,9.56626681076563e-07,True,CONVERGED,float64,cuda:0
forward,2,342,9.87134227712744e-07,True,CONVERGED,float64,cuda:0
adjoint,0,334,9.873068134628445e-07,True,CONVERGED,float64,cuda:0
adjoint,1,331,9.611937291270588e-07,True,CONVERGED,float64,cuda:0
adjoint,2,330,9.321638383711197e-07,True,CONVERGED,float64,cuda:0
forward,0,336,9.528986260666171e-07,True,CONVERGED,float64,cuda:0
forward,1,343,9.849440737187214e-07,True,CONVERGED,float64,cuda:0
forward,2,342,9.883491487037286e-07,True,CONVERGED,float64,cuda:0
adjoint,0,335,9.315786339702112e-07,True,CONVERGED,float64,cuda:0
adjoint,1,331,9.805535041416623e-07,True,CONVERGED,float64,cuda:0
adjoint,2,330,9.592855029983238e-07,True,CONVERGED,float64,cuda:0
forward,0,336,9.484071394543586e-07,True,CONVERGED,float64,cuda:0
forward,1,343,9.827302011110269e-07,True,CONVERGED,float64,cuda:0
forward,2,342,9.863846330638396e-07,True,CONVERGED,float64,cuda:0
adjoint,0,334,9.99207079293735e-07,True,CONVERGED,float64,cuda:0
adjoint,1,331,9.753173681637722e-07,True,CONVERGED,float64,cuda:0
adjoint,2,330,9.6220862233337e-07,True,CONVERGED,float64,cuda:0
forward,0,336,9.460095612374084e-07,True,CONVERGED,float64,cuda:0
forward,1,343,9.579128927158654e-07,True,CONVERGED,float64,cuda:0
forward,2,342,9.898259653830932e-07,True,CONVERGED,float64,cuda:0
adjoint,0,334,9.828896780744269e-07,True,CONVERGED,float64,cuda:0
adjoint,1,331,9.561970218012129e-07,True,CONVERGED,float64,cuda:0
adjoint,2,330,9.431799771282317e-07,True,CONVERGED,float64,cuda:0
forward,0,336,9.546813938125084e-07,True,CONVERGED,float64,cuda:0
forward,1,343,9.854370772834338e-07,True,CONVERGED,float64,cuda:0
forward,2,342,9.922109027255635e-07,True,CONVERGED,float64,cuda:0
adjoint,0,335,9.360467436493923e-07,True,CONVERGED,float64,cuda:0
adjoint,1,331,9.802753999443847e-07,True,CONVERGED,float64,cuda:0
adjoint,2,330,9.499025671613399e-07,True,CONVERGED,float64,cuda:0
forward,0,336,9.542334863785636e-07,True,CONVERGED,float64,cuda:0
forward,1,343,9.855307507927098e-07,True,CONVERGED,float64,cuda:0
forward,2,342,9.922530997938844e-07,True,CONVERGED,float64,cuda:0
adjoint,0,335,9.352675924451958e-07,True,CONVERGED,float64,cuda:0
adjoint,1,331,9.79126360817203e-07,True,CONVERGED,float64,cuda:0
adjoint,2,330,9.478834662181641e-07,True,CONVERGED,float64,cuda:0
forward,0,336,9.347372050189544e-07,True,CONVERGED,float64,cuda:0
forward,1,343,9.635698176183718e-07,True,CONVERGED,float64,cuda:0
forward,2,342,9.917369906873227e-07,True,CONVERGED,float64,cuda:0
adjoint,0,334,9.802624528987828e-07,True,CONVERGED,float64,cuda:0
adjoint,1,331,9.568892537570772e-07,True,CONVERGED,float64,cuda:0
adjoint,2,330,9.463586573952819e-07,True,CONVERGED,float64,cuda:0
forward,0,336,9.39765061529429e-07,True,CONVERGED,float64,cuda:0
forward,1,343,9.620496896032478e-07,True,CONVERGED,float64,cuda:0
forward,2,342,9.870136102392109e-07,True,CONVERGED,float64,cuda:0
adjoint,0,334,9.8748245588436e-07,True,CONVERGED,float64,cuda:0
adjoint,1,331,9.663727310050371e-07,True,CONVERGED,float64,cuda:0
adjoint,2,330,9.518137525118897e-07,True,CONVERGED,float64,cuda:0
forward,0,336,9.484581599139885e-07,True,CONVERGED,float64,cuda:0
forward,1,343,9.795901404149152e-07,True,CONVERGED,float64,cuda:0
forward,2,342,9.88712439226005e-07,True,CONVERGED,float64,cuda:0
adjoint,0,334,9.975701171643364e-07,True,CONVERGED,float64,cuda:0
adjoint,1,331,9.780976359252245e-07,True,CONVERGED,float64,cuda:0
adjoint,2,330,9.511334109261038e-07,True,CONVERGED,float64,cuda:0
forward,0,336,9.421106591212757e-07,True,CONVERGED,float64,cuda:0
forward,1,343,9.626204454256845e-07,True,CONVERGED,float64,cuda:0
forward,2,342,9.862428087761005e-07,True,CONVERGED,float64,cuda:0
adjoint,0,334,9.867843841410747e-07,True,CONVERGED,float64,cuda:0
adjoint,1,331,9.729645199760509e-07,True,CONVERGED,float64,cuda:0
adjoint,2,330,9.42681691599736e-07,True,CONVERGED,float64,cuda:0
forward,0,336,9.423995667172211e-07,True,CONVERGED,float64,cuda:0
forward,1,343,9.563832625317066e-07,True,CONVERGED,float64,cuda:0
forward,2,342,9.804343417166897e-07,True,CONVERGED,float64,cuda:0
adjoint,0,334,9.746332122371736e-07,True,CONVERGED,float64,cuda:0
adjoint,1,331,9.625562150824904e-07,True,CONVERGED,float64,cuda:0
adjoint,2,330,9.427605348761516e-07,True,CONVERGED,float64,cuda:0
forward,0,336,9.519329898961976e-07,True,CONVERGED,float64,cuda:0
forward,1,343,9.70995411953726e-07,True,CONVERGED,float64,cuda:0
forward,2,342,9.839520458218992e-07,True,CONVERGED,float64,cuda:0
adjoint,0,335,9.344656735450873e-07,True,CONVERGED,float64,cuda:0
adjoint,1,331,9.87529632298913e-07,True,CONVERGED,float64,cuda:0
adjoint,2,330,9.726435929204643e-07,True,CONVERGED,float64,cuda:0
forward,0,336,9.438736955044953e-07,True,CONVERGED,float64,cuda:0
forward,1,343,9.843816880011866e-07,True,CONVERGED,float64,cuda:0
forward,2,342,9.855880016657676e-07,True,CONVERGED,float64,cuda:0
adjoint,0,334,9.940514513690143e-07,True,CONVERGED,float64,cuda:0
adjoint,1,331,9.755322506935871e-07,True,CONVERGED,float64,cuda:0
adjoint,2,330,9.616460563308378e-07,True,CONVERGED,float64,cuda:0
forward,0,336,9.307161364916727e-07,True,CONVERGED,float64,cuda:0
forward,1,343,9.67739798198146e-07,True,CONVERGED,float64,cuda:0
forward,2,342,9.960906851119207e-07,True,CONVERGED,float64,cuda:0
adjoint,0,334,9.751192807912635e-07,True,CONVERGED,float64,cuda:0
adjoint,1,331,9.534164036975819e-07,True,CONVERGED,float64,cuda:0
adjoint,2,330,9.81481495377579e-07,True,CONVERGED,float64,cuda:0
forward,0,336,9.476403728033852e-07,True,CONVERGED,float64,cuda:0
forward,1,343,9.838121371401932e-07,True,CONVERGED,float64,cuda:0
forward,2,342,9.951407864150546e-07,True,CONVERGED,float64,cuda:0
adjoint,0,335,9.229560819764502e-07,True,CONVERGED,float64,cuda:0
adjoint,1,331,9.735540416127575e-07,True,CONVERGED,float64,cuda:0
adjoint,2,330,9.410243575757751e-07,True,CONVERGED,float64,cuda:0
forward,0,336,9.508261278649416e-07,True,CONVERGED,float64,cuda:0
forward,1,343,9.80858653245152e-07,True,CONVERGED,float64,cuda:0
forward,2,342,9.940042343252044e-07,True,CONVERGED,float64,cuda:0
adjoint,0,335,9.322743813045307e-07,True,CONVERGED,float64,cuda:0
adjoint,1,331,9.805506497074853e-07,True,CONVERGED,float64,cuda:0
adjoint,2,330,9.455286592872335e-07,True,CONVERGED,float64,cuda:0
forward,0,336,9.320238374952222e-07,True,CONVERGED,float64,cuda:0
forward,1,343,9.622247759570567e-07,True,CONVERGED,float64,cuda:0
forward,2,342,9.857333506377076e-07,True,CONVERGED,float64,cuda:0
adjoint,0,334,9.764247925624447e-07,True,CONVERGED,float64,cuda:0
adjoint,1,331,9.642111153131381e-07,True,CONVERGED,float64,cuda:0
adjoint,2,330,9.336132061714251e-07,True,CONVERGED,float64,cuda:0
forward,0,336,9.337625738336507e-07,True,CONVERGED,float64,cuda:0
forward,1,343,9.555464000289471e-07,True,CONVERGED,float64,cuda:0
forward,2,342,9.742092763038912e-07,True,CONVERGED,float64,cuda:0
adjoint,0,334,9.72431385144772e-07,True,CONVERGED,float64,cuda:0
adjoint,1,331,9.617747593496445e-07,True,CONVERGED,float64,cuda:0
adjoint,2,330,9.505599458807377e-07,True,CONVERGED,float64,cuda:0
forward,0,336,9.464518211640652e-07,True,CONVERGED,float64,cuda:0
forward,1,342,9.996872828572301e-07,True,CONVERGED,float64,cuda:0
forward,2,342,9.806031029448208e-07,True,CONVERGED,float64,cuda:0
adjoint,0,335,9.298107188768498e-07,True,CONVERGED,float64,cuda:0
adjoint,1,331,9.820565581248434e-07,True,CONVERGED,float64,cuda:0
adjoint,2,330,9.736091057950077e-07,True,CONVERGED,float64,cuda:0
forward,0,336,9.347720926346379e-07,True,CONVERGED,float64,cuda:0
forward,1,343,9.820082437192477e-07,True,CONVERGED,float64,cuda:0
forward,2,342,9.797297806503734e-07,True,CONVERGED,float64,cuda:0
adjoint,0,334,9.846904317959712e-07,True,CONVERGED,float64,cuda:0
adjoint,1,331,9.739647521538165e-07,True,CONVERGED,float64,cuda:0
adjoint,2,330,9.523925730544015e-07,True,CONVERGED,float64,cuda:0
forward,0,336,9.417600598445434e-07,True,CONVERGED,float64,cuda:0
forward,1,343,9.615072658328183e-07,True,CONVERGED,float64,cuda:0
forward,2,342,9.889404397912038e-07,True,CONVERGED,float64,cuda:0
adjoint,0,333,9.943717936254079e-07,True,CONVERGED,float64,cuda:0
adjoint,1,331,9.562810970074268e-07,True,CONVERGED,float64,cuda:0
adjoint,2,330,9.32073418193884e-07,True,CONVERGED,float64,cuda:0
forward,0,336,9.470195084212444e-07,True,CONVERGED,float64,cuda:0
forward,1,343,9.694384600720143e-07,True,CONVERGED,float64,cuda:0
forward,2,342,9.850106255325391e-07,True,CONVERGED,float64,cuda:0
adjoint,0,335,9.359166419600346e-07,True,CONVERGED,float64,cuda:0
adjoint,1,331,9.804768759479362e-07,True,CONVERGED,float64,cuda:0
adjoint,2,330,9.601084648405302e-07,True,CONVERGED,float64,cuda:0
forward,0,336,9.22849979438757e-07,True,CONVERGED,float64,cuda:0
forward,1,343,9.771472700341234e-07,True,CONVERGED,float64,cuda:0
forward,2,341,9.912932546336548e-07,True,CONVERGED,float64,cuda:0
adjoint,0,335,9.41225934257496e-07,True,CONVERGED,float64,cuda:0
adjoint,1,331,9.656996719632267e-07,True,CONVERGED,float64,cuda:0
adjoint,2,330,9.634739423134821e-07,True,CONVERGED,float64,cuda:0
forward,0,344,9.632848477591932e-07,True,CONVERGED,float64,cuda:0
forward,1,346,9.773571129891986e-07,True,CONVERGED,float64,cuda:0
forward,2,345,9.839948786460664e-07,True,CONVERGED,float64,cuda:0
adjoint,0,344,9.517957954666451e-07,True,CONVERGED,float64,cuda:0
adjoint,1,330,9.329258418945183e-07,True,CONVERGED,float64,cuda:0
adjoint,2,340,9.101005387387988e-07,True,CONVERGED,float64,cuda:0
forward,0,324,9.955482936424563e-07,True,CONVERGED,float64,cuda:0
forward,1,346,9.791261517488135e-07,True,CONVERGED,float64,cuda:0
forward,2,345,9.430827457137566e-07,True,CONVERGED,float64,cuda:0
adjoint,0,335,9.304339805874565e-07,True,CONVERGED,float64,cuda:0
adjoint,1,331,9.949453228115815e-07,True,CONVERGED,float64,cuda:0
adjoint,2,337,9.51741753932902e-07,True,CONVERGED,float64,cuda:0
forward,0,337,9.72304713786217e-07,True,CONVERGED,float64,cuda:0
forward,1,348,9.77125901577632e-07,True,CONVERGED,float64,cuda:0
forward,2,350,9.645168746649154e-07,True,CONVERGED,float64,cuda:0
adjoint,0,335,9.672430951673692e-07,True,CONVERGED,float64,cuda:0
adjoint,1,332,9.117143069265287e-07,True,CONVERGED,float64,cuda:0
adjoint,2,336,9.975042728982831e-07,True,CONVERGED,float64,cuda:0
forward,0,336,9.048473781595265e-07,True,CONVERGED,float64,cuda:0
forward,1,348,9.922975495380884e-07,True,CONVERGED,float64,cuda:0
forward,2,351,9.291950623575956e-07,True,CONVERGED,float64,cuda:0
adjoint,0,335,9.938062386059205e-07,True,CONVERGED,float64,cuda:0
adjoint,1,332,9.72211477268937e-07,True,CONVERGED,float64,cuda:0
adjoint,2,336,9.602247648901825e-07,True,CONVERGED,float64,cuda:0
forward,0,336,9.969343703022915e-07,True,CONVERGED,float64,cuda:0
forward,1,348,9.340635337682301e-07,True,CONVERGED,float64,cuda:0
forward,2,347,9.485979597941358e-07,True,CONVERGED,float64,cuda:0
adjoint,0,335,9.576933547227772e-07,True,CONVERGED,float64,cuda:0
adjoint,1,332,9.910080924325135e-07,True,CONVERGED,float64,cuda:0
adjoint,2,335,9.98950105324643e-07,True,CONVERGED,float64,cuda:0
forward,0,340,9.942802307064208e-07,True,CONVERGED,float64,cuda:0
forward,1,346,9.940169309162816e-07,True,CONVERGED,float64,cuda:0
forward,2,343,9.899204610801114e-07,True,CONVERGED,float64,cuda:0
adjoint,0,335,9.980109776205837e-07,True,CONVERGED,float64,cuda:0
adjoint,1,333,9.369989422752117e-07,True,CONVERGED,float64,cuda:0
adjoint,2,337,9.765165375367445e-07,True,CONVERGED,float64,cuda:0
forward,0,339,9.798412904606497e-07,True,CONVERGED,float64,cuda:0
forward,1,346,9.43201010182897e-07,True,CONVERGED,float64,cuda:0
forward,2,342,9.683059937924937e-07,True,CONVERGED,float64,cuda:0
adjoint,0,340,9.88379873300209e-07,True,CONVERGED,float64,cuda:0
adjoint,1,333,9.380831138946446e-07,True,CONVERGED,float64,cuda:0
adjoint,2,340,9.881704888228923e-07,True,CONVERGED,float64,cuda:0
forward,0,350,9.636417224710525e-07,True,CONVERGED,float64,cuda:0
forward,1,347,9.54717767531641e-07,True,CONVERGED,float64,cuda:0
forward,2,342,9.57521662439253e-07,True,CONVERGED,float64,cuda:0
adjoint,0,351,9.674259929355507e-07,True,CONVERGED,float64,cuda:0
adjoint,1,332,9.866413735764574e-07,True,CONVERGED,float64,cuda:0
adjoint,2,344,9.776150815273027e-07,True,CONVERGED,float64,cuda:0
forward,0,344,9.898818550403749e-07,True,CONVERGED,float64,cuda:0
forward,1,346,8.688648006094395e-07,True,CONVERGED,float64,cuda:0
forward,2,338,9.443058609867141e-07,True,CONVERGED,float64,cuda:0
adjoint,0,348,9.803936950134169e-07,True,CONVERGED,float64,cuda:0
adjoint,1,333,9.653747202514323e-07,True,CONVERGED,float64,cuda:0
adjoint,2,343,8.746273401484354e-07,True,CONVERGED,float64,cuda:0
forward,0,338,8.581725136293225e-07,True,CONVERGED,float64,cuda:0
forward,1,345,8.988125728168561e-07,True,CONVERGED,float64,cuda:0
forward,2,335,9.560455392374995e-07,True,CONVERGED,float64,cuda:0
adjoint,0,347,9.504824469033413e-07,True,CONVERGED,float64,cuda:0
adjoint,1,331,9.779814833642587e-07,True,CONVERGED,float64,cuda:0
adjoint,2,342,9.362614805608411e-07,True,CONVERGED,float64,cuda:0
forward,0,338,9.035556782995175e-07,True,CONVERGED,float64,cuda:0
forward,1,346,9.304245498354789e-07,True,CONVERGED,float64,cuda:0
forward,2,334,9.607069893111084e-07,True,CONVERGED,float64,cuda:0
adjoint,0,344,9.959521514110446e-07,True,CONVERGED,float64,cuda:0
adjoint,1,331,9.991092415639512e-07,True,CONVERGED,float64,cuda:0
adjoint,2,342,9.913694400854195e-07,True,CONVERGED,float64,cuda:0
forward,0,344,9.386926698955422e-07,True,CONVERGED,float64,cuda:0
forward,1,347,9.844236022203888e-07,True,CONVERGED,float64,cuda:0
forward,2,336,9.394038347729966e-07,True,CONVERGED,float64,cuda:0
adjoint,0,344,9.413371648820342e-07,True,CONVERGED,float64,cuda:0
adjoint,1,334,9.46960457462084e-07,True,CONVERGED,float64,cuda:0
adjoint,2,340,9.561706379697335e-07,True,CONVERGED,float64,cuda:0
forward,0,339,9.545527052450024e-07,True,CONVERGED,float64,cuda:0
forward,1,337,9.696092142461825e-07,True,CONVERGED,float64,cuda:0
forward,2,334,9.637412143722136e-07,True,CONVERGED,float64,cuda:0
adjoint,0,339,9.714119085969625e-07,True,CONVERGED,float64,cuda:0
adjoint,1,334,9.743587920295832e-07,True,CONVERGED,float64,cuda:0
adjoint,2,337,9.902514761678896e-07,True,CONVERGED,float64,cuda:0
forward,0,335,9.903885027369732e-07,True,CONVERGED,float64,cuda:0
forward,1,344,9.463049499957022e-07,True,CONVERGED,float64,cuda:0
forward,2,335,9.605594802100484e-07,True,CONVERGED,float64,cuda:0
adjoint,0,338,9.931295749533284e-07,True,CONVERGED,float64,cuda:0
adjoint,1,330,9.969588135730385e-07,True,CONVERGED,float64,cuda:0
adjoint,2,329,9.641355234768774e-07,True,CONVERGED,float64,cuda:0
forward,0,336,9.133059670989143e-07,True,CONVERGED,float64,cuda:0
forward,1,336,9.211375861336071e-07,True,CONVERGED,float64,cuda:0
forward,2,334,9.336960490274286e-07,True,CONVERGED,float64,cuda:0
adjoint,0,339,9.840057546467695e-07,True,CONVERGED,float64,cuda:0
adjoint,1,331,9.366990713301092e-07,True,CONVERGED,float64,cuda:0
adjoint,2,328,9.71863818173528e-07,True,CONVERGED,float64,cuda:0
forward,0,336,8.817349547232734e-07,True,CONVERGED,float64,cuda:0
forward,1,343,9.674957132543312e-07,True,CONVERGED,float64,cuda:0
forward,2,332,9.734922951017708e-07,True,CONVERGED,float64,cuda:0
adjoint,0,337,9.031764453929984e-07,True,CONVERGED,float64,cuda:0
adjoint,1,331,8.921542961326417e-07,True,CONVERGED,float64,cuda:0
adjoint,2,329,9.561763704982295e-07,True,CONVERGED,float64,cuda:0
forward,0,336,9.6416280255655e-07,True,CONVERGED,float64,cuda:0
forward,1,346,9.609427086542954e-07,True,CONVERGED,float64,cuda:0
forward,2,336,9.682317929566907e-07,True,CONVERGED,float64,cuda:0
adjoint,0,337,9.76409092957006e-07,True,CONVERGED,float64,cuda:0
adjoint,1,332,8.49489013499925e-07,True,CONVERGED,float64,cuda:0
adjoint,2,331,9.923599378843196e-07,True,CONVERGED,float64,cuda:0
forward,0,335,9.348607361617009e-07,True,CONVERGED,float64,cuda:0
forward,1,349,8.783318392655419e-07,True,CONVERGED,float64,cuda:0
forward,2,341,9.963488203228815e-07,True,CONVERGED,float64,cuda:0
adjoint,0,336,9.445999534966766e-07,True,CONVERGED,float64,cuda:0
adjoint,1,332,9.985448649789697e-07,True,CONVERGED,float64,cuda:0
adjoint,2,339,9.365559505464787e-07,True,CONVERGED,float64,cuda:0
forward,0,321,9.416834940005711e-07,True,CONVERGED,float64,cuda:0
forward,1,348,9.803848191437303e-07,True,CONVERGED,float64,cuda:0
forward,2,342,9.641507667818605e-07,True,CONVERGED,float64,cuda:0
adjoint,0,319,9.755832089682407e-07,True,CONVERGED,float64,cuda:0
adjoint,1,333,9.625373343055068e-07,True,CONVERGED,float64,cuda:0
adjoint,2,337,9.780357445987685e-07,True,CONVERGED,float64,cuda:0
forward,0,322,9.841714007930893e-07,True,CONVERGED,float64,cuda:0
forward,1,346,9.501540552942272e-07,True,CONVERGED,float64,cuda:0
forward,2,339,9.75617570643944e-07,True,CONVERGED,float64,cuda:0
adjoint,0,330,9.906156683142037e-07,True,CONVERGED,float64,cuda:0
adjoint,1,331,9.674704384711277e-07,True,CONVERGED,float64,cuda:0
adjoint,2,331,9.968573261144919e-07,True,CONVERGED,float64,cuda:0
forward,0,340,9.711130309915573e-07,True,CONVERGED,float64,cuda:0
forward,1,337,9.85215610406023e-07,True,CONVERGED,float64,cuda:0
forward,2,337,9.801602999202617e-07,True,CONVERGED,float64,cuda:0
adjoint,0,332,9.151956203576517e-07,True,CONVERGED,float64,cuda:0
adjoint,1,315,9.314601079375879e-07,True,CONVERGED,float64,cuda:0
adjoint,2,324,9.461243394381705e-07,True,CONVERGED,float64,cuda:0
forward,0,337,9.989794162745576e-07,True,CONVERGED,float64,cuda:0
forward,1,337,9.402902267349803e-07,True,CONVERGED,float64,cuda:0
forward,2,338,8.688661951122512e-07,True,CONVERGED,float64,cuda:0
adjoint,0,330,9.496547374053934e-07,True,CONVERGED,float64,cuda:0
adjoint,1,323,9.521795722932161e-07,True,CONVERGED,float64,cuda:0
adjoint,2,316,9.81982872948446e-07,True,CONVERGED,float64,cuda:0
forward,0,336,9.576750767410043e-07,True,CONVERGED,float64,cuda:0
forward,1,339,9.401218930107537e-07,True,CONVERGED,float64,cuda:0
forward,2,339,9.52659135341123e-07,True,CONVERGED,float64,cuda:0
adjoint,0,337,9.189989373772904e-07,True,CONVERGED,float64,cuda:0
adjoint,1,333,8.878803144631775e-07,True,CONVERGED,float64,cuda:0
adjoint,2,327,9.97778732740928e-07,True,CONVERGED,float64,cuda:0
forward,0,340,9.713617306814562e-07,True,CONVERGED,float64,cuda:0
forward,1,342,9.492344791398605e-07,True,CONVERGED,float64,cuda:0
forward,2,334,9.770173684009456e-07,True,CONVERGED,float64,cuda:0
adjoint,0,337,9.286891437654817e-07,True,CONVERGED,float64,cuda:0
adjoint,1,336,9.365415235321589e-07,True,CONVERGED,float64,cuda:0
adjoint,2,334,9.423343853115072e-07,True,CONVERGED,float64,cuda:0
forward,0,339,9.87070118140741e-07,True,CONVERGED,float64,cuda:0
forward,1,342,9.586339531363757e-07,True,CONVERGED,float64,cuda:0
forward,2,335,9.57328375361587e-07,True,CONVERGED,float64,cuda:0
adjoint,0,342,8.776062666187864e-07,True,CONVERGED,float64,cuda:0
adjoint,1,335,9.890596047181416e-07,True,CONVERGED,float64,cuda:0
adjoint,2,336,9.473427479584253e-07,True,CONVERGED,float64,cuda:0
forward,0,345,9.77123020219673e-07,True,CONVERGED,float64,cuda:0
forward,1,338,9.942844486568534e-07,True,CONVERGED,float64,cuda:0
forward,2,334,9.477545087814608e-07,True,CONVERGED,float64,cuda:0
adjoint,0,347,9.807820473574525e-07,True,CONVERGED,float64,cuda:0
adjoint,1,344,9.594315478836007e-07,True,CONVERGED,float64,cuda:0
adjoint,2,344,9.846701288724161e-07,True,CONVERGED,float64,cuda:0
forward,0,342,9.401737592446361e-07,True,CONVERGED,float64,cuda:0
forward,1,347,9.480938968914712e-07,True,CONVERGED,float64,cuda:0
forward,2,330,9.99025192459637e-07,True,CONVERGED,float64,cuda:0
adjoint,0,344,9.881981169334581e-07,True,CONVERGED,float64,cuda:0
adjoint,1,333,9.548472620597326e-07,True,CONVERGED,float64,cuda:0
adjoint,2,343,8.98758796521037e-07,True,CONVERGED,float64,cuda:0
forward,0,340,9.931755208959876e-07,True,CONVERGED,float64,cuda:0
forward,1,347,9.356174010535602e-07,True,CONVERGED,float64,cuda:0
forward,2,332,9.850331450713083e-07,True,CONVERGED,float64,cuda:0
adjoint,0,344,9.93131368492594e-07,True,CONVERGED,float64,cuda:0
adjoint,1,334,9.65910210614787e-07,True,CONVERGED,float64,cuda:0
adjoint,2,342,9.878950622387637e-07,True,CONVERGED,float64,cuda:0
forward,0,338,9.207563686438005e-07,True,CONVERGED,float64,cuda:0
forward,1,346,9.142280493529955e-07,True,CONVERGED,float64,cuda:0
forward,2,332,9.384807344852365e-07,True,CONVERGED,float64,cuda:0
adjoint,0,343,9.771544087963197e-07,True,CONVERGED,float64,cuda:0
adjoint,1,337,9.768805912622146e-07,True,CONVERGED,float64,cuda:0
adjoint,2,342,9.109069570537277e-07,True,CONVERGED,float64,cuda:0
forward,0,339,8.604445114438524e-07,True,CONVERGED,float64,cuda:0
forward,1,345,9.092350597264255e-07,True,CONVERGED,float64,cuda:0
forward,2,329,9.813113996035954e-07,True,CONVERGED,float64,cuda:0
adjoint,0,342,9.385358606410473e-07,True,CONVERGED,float64,cuda:0
adjoint,1,337,9.489855214140575e-07,True,CONVERGED,float64,cuda:0
adjoint,2,341,9.879572611004039e-07,True,CONVERGED,float64,cuda:0
forward,0,341,8.898685777380823e-07,True,CONVERGED,float64,cuda:0
forward,1,344,9.68383389929629e-07,True,CONVERGED,float64,cuda:0
forward,2,336,8.996483054893799e-07,True,CONVERGED,float64,cuda:0
adjoint,0,343,9.911042686880757e-07,True,CONVERGED,float64,cuda:0
adjoint,1,335,9.82342402141415e-07,True,CONVERGED,float64,cuda:0
adjoint,2,341,9.14175628003708e-07,True,CONVERGED,float64,cuda:0
forward,0,340,9.050624379058192e-07,True,CONVERGED,float64,cuda:0
forward,1,340,9.960786126318017e-07,True,CONVERGED,float64,cuda:0
forward,2,329,9.461979140805029e-07,True,CONVERGED,float64,cuda:0
adjoint,0,343,9.226800939413583e-07,True,CONVERGED,float64,cuda:0
adjoint,1,335,9.772772425537857e-07,True,CONVERGED,float64,cuda:0
adjoint,2,340,9.535766731267984e-07,True,CONVERGED,float64,cuda:0
forward,0,340,9.987513744675847e-07,True,CONVERGED,float64,cuda:0
forward,1,339,9.918567079927639e-07,True,CONVERGED,float64,cuda:0
forward,2,327,9.713912978683403e-07,True,CONVERGED,float64,cuda:0
adjoint,0,341,9.945997053728494e-07,True,CONVERGED,float64,cuda:0
adjoint,1,334,9.482060405067768e-07,True,CONVERGED,float64,cuda:0
adjoint,2,339,9.616382408232763e-07,True,CONVERGED,float64,cuda:0
forward,0,340,8.931927546894766e-07,True,CONVERGED,float64,cuda:0
forward,1,337,9.528471198320309e-07,True,CONVERGED,float64,cuda:0
forward,2,316,9.383972982218195e-07,True,CONVERGED,float64,cuda:0
adjoint,0,344,9.38641276076592e-07,True,CONVERGED,float64,cuda:0
adjoint,1,331,9.33081847572356e-07,True,CONVERGED,float64,cuda:0
adjoint,2,337,9.795939232832732e-07,True,CONVERGED,float64,cuda:0
forward,0,339,9.486802234693566e-07,True,CONVERGED,float64,cuda:0
forward,1,339,9.631081560153752e-07,True,CONVERGED,float64,cuda:0
forward,2,324,9.81086764779572e-07,True,CONVERGED,float64,cuda:0
adjoint,0,343,9.607284940176801e-07,True,CONVERGED,float64,cuda:0
adjoint,1,332,9.173561467425178e-07,True,CONVERGED,float64,cuda:0
adjoint,2,337,9.370976749490775e-07,True,CONVERGED,float64,cuda:0
forward,0,338,9.70619795500092e-07,True,CONVERGED,float64,cuda:0
forward,1,338,9.799739481701427e-07,True,CONVERGED,float64,cuda:0
forward,2,324,9.092414890339566e-07,True,CONVERGED,float64,cuda:0
adjoint,0,343,9.386722288837611e-07,True,CONVERGED,float64,cuda:0
adjoint,1,331,9.510356921275846e-07,True,CONVERGED,float64,cuda:0
adjoint,2,336,9.79853279772203e-07,True,CONVERGED,float64,cuda:0
forward,0,338,9.788302891650816e-07,True,CONVERGED,float64,cuda:0
forward,1,338,9.526278373794695e-07,True,CONVERGED,float64,cuda:0
forward,2,323,9.348610954449792e-07,True,CONVERGED,float64,cuda:0
adjoint,0,343,9.355684530036937e-07,True,CONVERGED,float64,cuda:0
adjoint,1,330,9.725597266920624e-07,True,CONVERGED,float64,cuda:0
adjoint,2,333,9.595968971812214e-07,True,CONVERGED,float64,cuda:0
forward,0,338,9.916250855706361e-07,True,CONVERGED,float64,cuda:0
forward,1,337,9.864139632475517e-07,True,CONVERGED,float64,cuda:0
forward,2,321,9.588071363372427e-07,True,CONVERGED,float64,cuda:0
adjoint,0,343,8.891367866378551e-07,True,CONVERGED,float64,cuda:0
adjoint,1,330,9.708224402493607e-07,True,CONVERGED,float64,cuda:0
adjoint,2,330,9.911194071886968e-07,True,CONVERGED,float64,cuda:0
forward,0,339,9.304135352201898e-07,True,CONVERGED,float64,cuda:0
forward,1,337,9.59138136682333e-07,True,CONVERGED,float64,cuda:0
forward,2,322,9.810010740132451e-07,True,CONVERGED,float64,cuda:0
adjoint,0,342,9.611477155317533e-07,True,CONVERGED,float64,cuda:0
adjoint,1,331,9.481143906811586e-07,True,CONVERGED,float64,cuda:0
adjoint,2,330,9.788467982223328e-07,True,CONVERGED,float64,cuda:0
forward,0,339,9.166344600668384e-07,True,CONVERGED,float64,cuda:0
forward,1,336,9.88621890847526e-07,True,CONVERGED,float64,cuda:0
forward,2,324,9.709982187219941e-07,True,CONVERGED,float64,cuda:0
adjoint,0,339,9.999734096866534e-07,True,CONVERGED,float64,cuda:0
adjoint,1,331,9.687544047814056e-07,True,CONVERGED,float64,cuda:0
adjoint,2,330,9.795951349102424e-07,True,CONVERGED,float64,cuda:0
forward,0,339,8.865214287508376e-07,True,CONVERGED,float64,cuda:0
forward,1,335,9.393462323191902e-07,True,CONVERGED,float64,cuda:0
forward,2,326,9.77158284888051e-07,True,CONVERGED,float64,cuda:0
adjoint,0,339,9.63893210254263e-07,True,CONVERGED,float64,cuda:0
adjoint,1,330,9.795288122262576e-07,True,CONVERGED,float64,cuda:0
adjoint,2,332,9.565356223243464e-07,True,CONVERGED,float64,cuda:0
forward,0,338,9.874598030231958e-07,True,CONVERGED,float64,cuda:0
forward,1,335,9.915833923428157e-07,True,CONVERGED,float64,cuda:0
forward,2,325,9.43641699764151e-07,True,CONVERGED,float64,cuda:0
adjoint,0,339,9.078348603949683e-07,True,CONVERGED,float64,cuda:0
adjoint,1,329,9.63801364897808e-07,True,CONVERGED,float64,cuda:0
adjoint,2,332,9.6474425510755e-07,True,CONVERGED,float64,cuda:0
forward,0,339,8.732900047671957e-07,True,CONVERGED,float64,cuda:0
forward,1,335,9.907471489598224e-07,True,CONVERGED,float64,cuda:0
forward,2,322,9.586139938286668e-07,True,CONVERGED,float64,cuda:0
adjoint,0,340,9.589837826373134e-07,True,CONVERGED,float64,cuda:0
adjoint,1,329,9.857210863670662e-07,True,CONVERGED,float64,cuda:0
adjoint,2,331,9.451199620764321e-07,True,CONVERGED,float64,cuda:0
forward,0,337,8.966819145557327e-07,True,CONVERGED,float64,cuda:0
forward,1,335,9.694714150082208e-07,True,CONVERGED,float64,cuda:0
forward,2,317,9.64689620874552e-07,True,CONVERGED,float64,cuda:0
adjoint,0,340,9.929656642115234e-07,True,CONVERGED,float64,cuda:0
adjoint,1,332,9.95309064709314e-07,True,CONVERGED,float64,cuda:0
adjoint,2,330,9.63802702433301e-07,True,CONVERGED,float64,cuda:0
forward,0,336,8.981950089257539e-07,True,CONVERGED,float64,cuda:0
forward,1,336,9.735676948798328e-07,True,CONVERGED,float64,cuda:0
forward,2,325,9.698323937237917e-07,True,CONVERGED,float64,cuda:0
adjoint,0,339,9.818044993696983e-07,True,CONVERGED,float64,cuda:0
adjoint,1,333,9.41430116366103e-07,True,CONVERGED,float64,cuda:0
adjoint,2,330,9.90856504428641e-07,True,CONVERGED,float64,cuda:0
forward,0,336,9.149674653047671e-07,True,CONVERGED,float64,cuda:0
forward,1,338,9.67648648438767e-07,True,CONVERGED,float64,cuda:0
forward,2,328,9.981623374520046e-07,True,CONVERGED,float64,cuda:0
adjoint,0,339,9.880847700857404e-07,True,CONVERGED,float64,cuda:0
adjoint,1,332,9.887371216999931e-07,True,CONVERGED,float64,cuda:0
adjoint,2,331,9.548262168371751e-07,True,CONVERGED,float64,cuda:0
forward,0,337,8.958899705711871e-07,True,CONVERGED,float64,cuda:0
forward,1,341,9.58760342195597e-07,True,CONVERGED,float64,cuda:0
forward,2,332,9.514132695797443e-07,True,CONVERGED,float64,cuda:0
adjoint,0,339,9.801602978627052e-07,True,CONVERGED,float64,cuda:0
adjoint,1,332,9.220789772373901e-07,True,CONVERGED,float64,cuda:0
adjoint,2,332,9.324542288151127e-07,True,CONVERGED,float64,cuda:0
forward,0,338,9.091663431825231e-07,True,CONVERGED,float64,cuda:0
forward,1,342,9.200635334345551e-07,True,CONVERGED,float64,cuda:0
forward,2,335,9.835824333414105e-07,True,CONVERGED,float64,cuda:0
adjoint,0,340,9.465100097347719e-07,True,CONVERGED,float64,cuda:0
adjoint,1,331,9.084609635109032e-07,True,CONVERGED,float64,cuda:0
adjoint,2,331,9.680412864071884e-07,True,CONVERGED,float64,cuda:0
forward,0,339,9.194899702109125e-07,True,CONVERGED,float64,cuda:0
forward,1,342,9.653112129058847e-07,True,CONVERGED,float64,cuda:0
forward,2,337,9.686006807690774e-07,True,CONVERGED,float64,cuda:0
adjoint,0,341,9.963329073502868e-07,True,CONVERGED,float64,cuda:0
adjoint,1,330,9.662258116012563e-07,True,CONVERGED,float64,cuda:0
adjoint,2,331,9.54334135421554e-07,True,CONVERGED,float64,cuda:0
forward,0,339,9.408550961794801e-07,True,CONVERGED,float64,cuda:0
forward,1,341,9.588458186012467e-07,True,CONVERGED,float64,cuda:0
forward,2,338,9.165748132114147e-07,True,CONVERGED,float64,cuda:0
adjoint,0,341,9.214595542119288e-07,True,CONVERGED,float64,cuda:0
adjoint,1,329,9.556112453976068e-07,True,CONVERGED,float64,cuda:0
adjoint,2,335,9.249133731901931e-07,True,CONVERGED,float64,cuda:0
forward,0,343,9.973424055514256e-07,True,CONVERGED,float64,cuda:0
forward,1,343,9.777357865694577e-07,True,CONVERGED,float64,cuda:0
forward,2,335,9.745176069957212e-07,True,CONVERGED,float64,cuda:0
adjoint,0,339,9.71807729941183e-07,True,CONVERGED,float64,cuda:0
adjoint,1,330,9.581856954178904e-07,True,CONVERGED,float64,cuda:0
adjoint,2,336,9.608326925547123e-07,True,CONVERGED,float64,cuda:0
forward,0,345,9.900348373656939e-07,True,CONVERGED,float64,cuda:0
forward,1,336,9.779919894048759e-07,True,CONVERGED,float64,cuda:0
forward,2,334,9.570384716665764e-07,True,CONVERGED,float64,cuda:0
adjoint,0,338,9.586373263696103e-07,True,CONVERGED,float64,cuda:0
adjoint,1,332,9.753191450132392e-07,True,CONVERGED,float64,cuda:0
adjoint,2,336,9.317087928494333e-07,True,CONVERGED,float64,cuda:0
forward,0,344,9.712767877744133e-07,True,CONVERGED,float64,cuda:0
forward,1,341,9.574014674869985e-07,True,CONVERGED,float64,cuda:0
forward,2,334,9.951953293127088e-07,True,CONVERGED,float64,cuda:0
adjoint,0,338,9.636441160279924e-07,True,CONVERGED,float64,cuda:0
adjoint,1,331,9.96555460943381e-07,True,CONVERGED,float64,cuda:0
adjoint,2,336,9.59936194925859e-07,True,CONVERGED,float64,cuda:0
forward,0,340,9.866727763076857e-07,True,CONVERGED,float64,cuda:0
forward,1,346,9.628042471286973e-07,True,CONVERGED,float64,cuda:0
forward,2,338,8.807942094133996e-07,True,CONVERGED,float64,cuda:0
adjoint,0,339,9.971484654998906e-07,True,CONVERGED,float64,cuda:0
adjoint,1,329,9.426469421445975e-07,True,CONVERGED,float64,cuda:0
adjoint,2,336,9.075507945344731e-07,True,CONVERGED,float64,cuda:0
forward,0,339,9.24451122623584e-07,True,CONVERGED,float64,cuda:0
forward,1,346,9.782181827079051e-07,True,CONVERGED,float64,cuda:0
forward,2,337,9.513658264301785e-07,True,CONVERGED,float64,cuda:0
adjoint,0,340,9.895439751822334e-07,True,CONVERGED,float64,cuda:0
adjoint,1,328,9.965663591322097e-07,True,CONVERGED,float64,cuda:0
adjoint,2,334,9.76335197129258e-07,True,CONVERGED,float64,cuda:0
forward,0,338,9.864119985275773e-07,True,CONVERGED,float64,cuda:0
forward,1,343,9.631145250290115e-07,True,CONVERGED,float64,cuda:0
forward,2,337,9.435397149252512e-07,True,CONVERGED,float64,cuda:0
adjoint,0,340,9.207975830375057e-07,True,CONVERGED,float64,cuda:0
adjoint,1,331,9.14153290216254e-07,True,CONVERGED,float64,cuda:0
adjoint,2,329,9.986360327212544e-07,True,CONVERGED,float64,cuda:0
forward,0,338,9.072952452121486e-07,True,CONVERGED,float64,cuda:0
forward,1,340,9.686620414471137e-07,True,CONVERGED,float64,cuda:0
forward,2,337,9.762260020243657e-07,True,CONVERGED,float64,cuda:0
adjoint,0,336,9.74660465713408e-07,True,CONVERGED,float64,cuda:0
adjoint,1,330,9.653695900375883e-07,True,CONVERGED,float64,cuda:0
adjoint,2,329,9.23912455599913e-07,True,CONVERGED,float64,cuda:0
forward,0,337,9.236993293818454e-07,True,CONVERGED,float64,cuda:0
forward,1,339,9.66654301775788e-07,True,CONVERGED,float64,cuda:0
forward,2,334,9.67109019196079e-07,True,CONVERGED,float64,cuda:0
adjoint,0,339,9.326228656169159e-07,True,CONVERGED,float64,cuda:0
adjoint,1,330,9.382566045157822e-07,True,CONVERGED,float64,cuda:0
adjoint,2,328,9.457941728474009e-07,True,CONVERGED,float64,cuda:0
forward,0,337,9.353222177017437e-07,True,CONVERGED,float64,cuda:0
forward,1,336,9.909848395218264e-07,True,CONVERGED,float64,cuda:0
forward,2,333,9.657624574463925e-07,True,CONVERGED,float64,cuda:0
adjoint,0,338,9.449656124690547e-07,True,CONVERGED,float64,cuda:0
adjoint,1,329,9.845245251903872e-07,True,CONVERGED,float64,cuda:0
adjoint,2,328,9.45623771391344e-07,True,CONVERGED,float64,cuda:0
forward,0,337,9.918053702737384e-07,True,CONVERGED,float64,cuda:0
forward,1,337,8.978019356718326e-07,True,CONVERGED,float64,cuda:0
forward,2,332,9.789656646865624e-07,True,CONVERGED,float64,cuda:0
adjoint,0,337,9.622780859002822e-07,True,CONVERGED,float64,cuda:0
adjoint,1,329,9.388327629921367e-07,True,CONVERGED,float64,cuda:0
adjoint,2,328,9.806041853149995e-07,True,CONVERGED,float64,cuda:0
forward,0,338,8.738777317231361e-07,True,CONVERGED,float64,cuda:0
forward,1,337,9.78414523644071e-07,True,CONVERGED,float64,cuda:0
forward,2,333,9.313110587964942e-07,True,CONVERGED,float64,cuda:0
adjoint,0,337,9.28907685863144e-07,True,CONVERGED,float64,cuda:0
adjoint,1,328,9.962825215227776e-07,True,CONVERGED,float64,cuda:0
adjoint,2,328,9.532442305017363e-07,True,CONVERGED,float64,cuda:0
forward,0,338,8.858266434725907e-07,True,CONVERGED,float64,cuda:0
forward,1,338,9.684159641581243e-07,True,CONVERGED,float64,cuda:0
forward,2,333,9.97087480668132e-07,True,CONVERGED,float64,cuda:0
adjoint,0,336,9.875849617612387e-07,True,CONVERGED,float64,cuda:0
adjoint,1,329,9.503755554312928e-07,True,CONVERGED,float64,cuda:0
adjoint,2,328,9.62727293129883e-07,True,CONVERGED,float64,cuda:0
forward,0,338,8.618105310348982e-07,True,CONVERGED,float64,cuda:0
forward,1,339,9.363292241605469e-07,True,CONVERGED,float64,cuda:0
forward,2,334,8.934603105707719e-07,True,CONVERGED,float64,cuda:0
adjoint,0,336,9.95843167417844e-07,True,CONVERGED,float64,cuda:0
adjoint,1,329,9.529501909398658e-07,True,CONVERGED,float64,cuda:0
adjoint,2,328,9.925672727943908e-07,True,CONVERGED,float64,cuda:0
forward,0,338,8.701429923453668e-07,True,CONVERGED,float64,cuda:0
forward,1,339,9.385302413607019e-07,True,CONVERGED,float64,cuda:0
forward,2,334,8.929545075288525e-07,True,CONVERGED,float64,cuda:0
adjoint,0,337,9.515649751772681e-07,True,CONVERGED,float64,cuda:0
adjoint,1,328,9.950049785267292e-07,True,CONVERGED,float64,cuda:0
adjoint,2,329,9.39264898908063e-07,True,CONVERGED,float64,cuda:0
forward,0,338,8.9300672603958e-07,True,CONVERGED,float64,cuda:0
forward,1,339,9.470572448379144e-07,True,CONVERGED,float64,cuda:0
forward,2,334,9.116223422737798e-07,True,CONVERGED,float64,cuda:0
adjoint,0,337,9.573610378804746e-07,True,CONVERGED,float64,cuda:0
adjoint,1,328,9.862849642023897e-07,True,CONVERGED,float64,cuda:0
adjoint,2,329,9.39108976729566e-07,True,CONVERGED,float64,cuda:0
forward,0,338,9.096731323738995e-07,True,CONVERGED,float64,cuda:0
forward,1,339,9.907773238422804e-07,True,CONVERGED,float64,cuda:0
forward,2,334,9.533278793666698e-07,True,CONVERGED,float64,cuda:0
adjoint,0,336,9.883693387772913e-07,True,CONVERGED,float64,cuda:0
adjoint,1,328,9.826008941462756e-07,True,CONVERGED,float64,cuda:0
adjoint,2,328,9.506613395407239e-07,True,CONVERGED,float64,cuda:0
forward,0,338,9.65047547322193e-07,True,CONVERGED,float64,cuda:0
forward,1,340,9.7039390605213e-07,True,CONVERGED,float64,cuda:0
forward,2,335,9.597915450984155e-07,True,CONVERGED,float64,cuda:0
adjoint,0,336,9.550144973462054e-07,True,CONVERGED,float64,cuda:0
adjoint,1,328,9.935932646149798e-07,True,CONVERGED,float64,cuda:0
adjoint,2,328,8.920644357406275e-07,True,CONVERGED,float64,cuda:0
forward,0,338,9.035362437298655e-07,True,CONVERGED,float64,cuda:0
forward,1,340,9.900837273780357e-07,True,CONVERGED,float64,cuda:0
forward,2,336,9.53886395011196e-07,True,CONVERGED,float64,cuda:0
adjoint,0,336,9.395645385690525e-07,True,CONVERGED,float64,cuda:0
adjoint,1,329,9.061069291622214e-07,True,CONVERGED,float64,cuda:0
adjoint,2,328,8.891165463444515e-07,True,CONVERGED,float64,cuda:0
forward,0,337,9.846337429554234e-07,True,CONVERGED,float64,cuda:0
forward,1,340,9.956026151775922e-07,True,CONVERGED,float64,cuda:0
forward,2,336,9.647541256540253e-07,True,CONVERGED,float64,cuda:0
adjoint,0,335,9.708748900018998e-07,True,CONVERGED,float64,cuda:0
adjoint,1,329,9.023760892047413e-07,True,CONVERGED,float64,cuda:0
adjoint,2,328,8.951926538632951e-07,True,CONVERGED,float64,cuda:0
forward,0,336,9.903238101576437e-07,True,CONVERGED,float64,cuda:0
forward,1,340,9.893592067882241e-07,True,CONVERGED,float64,cuda:0
forward,2,336,9.612551218778621e-07,True,CONVERGED,float64,cuda:0
adjoint,0,334,9.933547725283918e-07,True,CONVERGED,float64,cuda:0
adjoint,1,329,9.244970200828943e-07,True,CONVERGED,float64,cuda:0
adjoint,2,328,9.13293566830933e-07,True,CONVERGED,float64,cuda:0
forward,0,336,9.678038822161556e-07,True,CONVERGED,float64,cuda:0
forward,1,341,9.08217169558343e-07,True,CONVERGED,float64,cuda:0
forward,2,336,9.92452740781e-07,True,CONVERGED,float64,cuda:0
adjoint,0,335,9.577055281649998e-07,True,CONVERGED,float64,cuda:0
adjoint,1,328,9.956307912400083e-07,True,CONVERGED,float64,cuda:0
adjoint,2,328,9.276597613195679e-07,True,CONVERGED,float64,cuda:0
forward,0,336,9.861110840173402e-07,True,CONVERGED,float64,cuda:0
forward,1,341,9.466538041111004e-07,True,CONVERGED,float64,cuda:0
forward,2,337,9.674434803363473e-07,True,CONVERGED,float64,cuda:0
adjoint,0,336,9.31908538472571e-07,True,CONVERGED,float64,cuda:0
adjoint,1,328,9.939278080357094e-07,True,CONVERGED,float64,cuda:0
adjoint,2,328,9.5145207055537e-07,True,CONVERGED,float64,cuda:0
forward,0,336,9.71042834715325e-07,True,CONVERGED,float64,cuda:0
forward,1,341,9.963402054829987e-07,True,CONVERGED,float64,cuda:0
forward,2,337,9.935217621485446e-07,True,CONVERGED,float64,cuda:0
adjoint,0,336,9.878993634611728e-07,True,CONVERGED,float64,cuda:0
adjoint,1,329,9.445375043139201e-07,True,CONVERGED,float64,cuda:0
adjoint,2,328,9.863153357961617e-07,True,CONVERGED,float64,cuda:0
forward,0,337,9.508677594329783e-07,True,CONVERGED,float64,cuda:0
forward,1,341,9.790355205991856e-07,True,CONVERGED,float64,cuda:0
forward,2,336,9.949399753640987e-07,True,CONVERGED,float64,cuda:0
adjoint,0,336,9.879996753315373e-07,True,CONVERGED,float64,cuda:0
adjoint,1,329,9.429153675790249e-07,True,CONVERGED,float64,cuda:0
adjoint,2,328,9.711985704566778e-07,True,CONVERGED,float64,cuda:0
forward,0,337,9.721003645658326e-07,True,CONVERGED,float64,cuda:0
forward,1,341,9.337484672240415e-07,True,CONVERGED,float64,cuda:0
forward,2,336,9.67871806118484e-07,True,CONVERGED,float64,cuda:0
adjoint,0,336,9.566281685543098e-07,True,CONVERGED,float64,cuda:0
adjoint,1,329,9.294613761628776e-07,True,CONVERGED,float64,cuda:0
adjoint,2,328,9.62108227207159e-07,True,CONVERGED,float64,cuda:0
forward,0,337,9.503620023489963e-07,True,CONVERGED,float64,cuda:0
forward,1,341,9.099443189660169e-07,True,CONVERGED,float64,cuda:0
forward,2,336,9.715057076079441e-07,True,CONVERGED,float64,cuda:0
adjoint,0,336,9.29271253176329e-07,True,CONVERGED,float64,cuda:0
adjoint,1,328,9.832847911128372e-07,True,CONVERGED,float64,cuda:0
adjoint,2,328,9.288468958560531e-07,True,CONVERGED,float64,cuda:0
forward,0,337,9.354666504526258e-07,True,CONVERGED,float64,cuda:0
forward,1,341,9.330743410088545e-07,True,CONVERGED,float64,cuda:0
forward,2,337,9.025606937249405e-07,True,CONVERGED,float64,cuda:0
adjoint,0,335,9.807232676769216e-07,True,CONVERGED,float64,cuda:0
adjoint,1,328,9.413748590603669e-07,True,CONVERGED,float64,cuda:0
adjoint,2,328,9.008025237157556e-07,True,CONVERGED,float64,cuda:0
forward,0,337,9.459236470554874e-07,True,CONVERGED,float64,cuda:0
forward,1,341,9.465695789792358e-07,True,CONVERGED,float64,cuda:0
forward,2,337,8.919396179472398e-07,True,CONVERGED,float64,cuda:0
adjoint,0,335,9.628651379113932e-07,True,CONVERGED,float64,cuda:0
adjoint,1,327,9.98343536083426e-07,True,CONVERGED,float64,cuda:0
adjoint,2,328,9.130746777629234e-07,True,CONVERGED,float64,cuda:0
forward,0,337,9.381459380928682e-07,True,CONVERGED,float64,cuda:0
forward,1,340,9.928372325280984e-07,True,CONVERGED,float64,cuda:0
forward,2,336,9.583027640779574e-07,True,CONVERGED,float64,cuda:0
adjoint,0,336,9.484504296695236e-07,True,CONVERGED,float64,cuda:0
adjoint,1,328,9.880753640459332e-07,True,CONVERGED,float64,cuda:0
adjoint,2,328,9.215550828801609e-07,True,CONVERGED,float64,cuda:0
forward,0,337,9.45238654935769e-07,True,CONVERGED,float64,cuda:0
forward,1,341,9.19305519774567e-07,True,CONVERGED,float64,cuda:0
forward,2,336,9.191330897314274e-07,True,CONVERGED,float64,cuda:0
adjoint,0,336,9.90780370979048e-07,True,CONVERGED,float64,cuda:0
adjoint,1,329,9.728603789025148e-07,True,CONVERGED,float64,cuda:0
adjoint,2,328,9.456865325293156e-07,True,CONVERGED,float64,cuda:0
forward,0,337,9.398987339365099e-07,True,CONVERGED,float64,cuda:0
forward,1,341,9.483759310189476e-07,True,CONVERGED,float64,cuda:0
forward,2,336,9.573826475774831e-07,True,CONVERGED,float64,cuda:0
adjoint,0,340,9.954300388576822e-07,True,CONVERGED,float64,cuda:0
adjoint,1,330,9.376127777765319e-07,True,CONVERGED,float64,cuda:0
adjoint,2,328,9.511525200530656e-07,True,CONVERGED,float64,cuda:0
forward,0,337,9.731510252586097e-07,True,CONVERGED,float64,cuda:0
forward,1,341,9.3238956575933e-07,True,CONVERGED,float64,cuda:0
forward,2,336,9.814903354305441e-07,True,CONVERGED,float64,cuda:0
adjoint,0,340,9.495955751324757e-07,True,CONVERGED,float64,cuda:0
adjoint,1,330,9.395381974177312e-07,True,CONVERGED,float64,cuda:0
adjoint,2,328,9.54567649290338e-07,True,CONVERGED,float64,cuda:0
forward,0,337,9.86221412397206e-07,True,CONVERGED,float64,cuda:0
forward,1,341,9.534875476115432e-07,True,CONVERGED,float64,cuda:0
forward,2,336,9.360925545658575e-07,True,CONVERGED,float64,cuda:0
adjoint,0,338,9.946999807196946e-07,True,CONVERGED,float64,cuda:0
adjoint,1,330,9.395836688481571e-07,True,CONVERGED,float64,cuda:0
adjoint,2,328,9.745885020234499e-07,True,CONVERGED,float64,cuda:0
forward,0,338,9.026921355925988e-07,True,CONVERGED,float64,cuda:0
forward,1,341,9.828663509613598e-07,True,CONVERGED,float64,cuda:0
forward,2,336,9.429674478124791e-07,True,CONVERGED,float64,cuda:0
adjoint,0,335,9.782672159436847e-07,True,CONVERGED,float64,cuda:0
adjoint,1,330,9.495743000724145e-07,True,CONVERGED,float64,cuda:0
adjoint,2,329,9.324852001369733e-07,True,CONVERGED,float64,cuda:0
forward,0,337,9.714487597820036e-07,True,CONVERGED,float64,cuda:0
forward,1,341,9.56076291720915e-07,True,CONVERGED,float64,cuda:0
forward,2,335,9.983287895340561e-07,True,CONVERGED,float64,cuda:0
adjoint,0,339,9.614167245079495e-07,True,CONVERGED,float64,cuda:0
adjoint,1,330,9.83381477960612e-07,True,CONVERGED,float64,cuda:0
adjoint,2,328,9.826258510032759e-07,True,CONVERGED,float64,cuda:0
forward,0,337,9.58961480312731e-07,True,CONVERGED,float64,cuda:0
forward,1,341,9.508253251337968e-07,True,CONVERGED,float64,cuda:0
forward,2,336,9.487629716667114e-07,True,CONVERGED,float64,cuda:0
adjoint,0,339,9.90386662823898e-07,True,CONVERGED,float64,cuda:0
adjoint,1,331,9.65408479455697e-07,True,CONVERGED,float64,cuda:0
adjoint,2,328,9.821294190835354e-07,True,CONVERGED,float64,cuda:0
forward,0,337,9.636107898761377e-07,True,CONVERGED,float64,cuda:0
forward,1,341,9.629148176664805e-07,True,CONVERGED,float64,cuda:0
forward,2,336,9.78516265883414e-07,True,CONVERGED,float64,cuda:0
adjoint,0,340,9.446180964382267e-07,True,CONVERGED,float64,cuda:0
adjoint,1,333,9.103710080588761e-07,True,CONVERGED,float64,cuda:0
adjoint,2,329,9.239609486187252e-07,True,CONVERGED,float64,cuda:0
forward,0,337,9.765777050271705e-07,True,CONVERGED,float64,cuda:0
forward,1,341,9.667174479231264e-07,True,CONVERGED,float64,cuda:0
forward,2,336,9.580996973485541e-07,True,CONVERGED,float64,cuda:0
adjoint,0,340,9.245592876338646e-07,True,CONVERGED,float64,cuda:0
adjoint,1,333,9.532635325401016e-07,True,CONVERGED,float64,cuda:0
adjoint,2,329,9.063508351726583e-07,True,CONVERGED,float64,cuda:0
forward,0,338,9.086442204031153e-07,True,CONVERGED,float64,cuda:0
forward,1,341,9.745128912528213e-07,True,CONVERGED,float64,cuda:0
forward,2,336,9.369740298990736e-07,True,CONVERGED,float64,cuda:0
adjoint,0,339,9.619396699500083e-07,True,CONVERGED,float64,cuda:0
adjoint,1,333,9.534647370838873e-07,True,CONVERGED,float64,cuda:0
adjoint,2,329,9.228930671873754e-07,True,CONVERGED,float64,cuda:0
forward,0,338,9.516175192216199e-07,True,CONVERGED,float64,cuda:0
forward,1,341,9.82797481104323e-07,True,CONVERGED,float64,cuda:0
forward,2,335,9.884977596975924e-07,True,CONVERGED,float64,cuda:0
adjoint,0,339,9.41564275733159e-07,True,CONVERGED,float64,cuda:0
adjoint,1,333,9.463023271154918e-07,True,CONVERGED,float64,cuda:0
adjoint,2,329,9.318376881121919e-07,True,CONVERGED,float64,cuda:0
forward,0,338,9.935367985665706e-07,True,CONVERGED,float64,cuda:0
forward,1,341,9.858070770725328e-07,True,CONVERGED,float64,cuda:0
forward,2,336,9.301591290544016e-07,True,CONVERGED,float64,cuda:0
adjoint,0,339,9.576638546943414e-07,True,CONVERGED,float64,cuda:0
adjoint,1,333,9.42249675965554e-07,True,CONVERGED,float64,cuda:0
adjoint,2,329,9.207231971282835e-07,True,CONVERGED,float64,cuda:0
forward,0,339,9.372546959690457e-07,True,CONVERGED,float64,cuda:0
forward,1,342,9.56956848462682e-07,True,CONVERGED,float64,cuda:0
forward,2,336,9.564113249505436e-07,True,CONVERGED,float64,cuda:0
adjoint,0,339,9.856455741587326e-07,True,CONVERGED,float64,cuda:0
adjoint,1,333,9.619865727235576e-07,True,CONVERGED,float64,cuda:0
adjoint,2,329,9.466206421658445e-07,True,CONVERGED,float64,cuda:0
forward,0,338,9.984822911753787e-07,True,CONVERGED,float64,cuda:0
forward,1,342,9.616579284511171e-07,True,CONVERGED,float64,cuda:0
forward,2,336,9.720853896453949e-07,True,CONVERGED,float64,cuda:0
adjoint,0,339,9.66725682692873e-07,True,CONVERGED,float64,cuda:0
adjoint,1,333,9.812338746338857e-07,True,CONVERGED,float64,cuda:0
adjoint,2,329,9.504178709613484e-07,True,CONVERGED,float64,cuda:0
forward,0,338,9.60429619956968e-07,True,CONVERGED,float64,cuda:0
forward,1,342,9.49307433419338e-07,True,CONVERGED,float64,cuda:0
forward,2,336,9.964205368850305e-07,True,CONVERGED,float64,cuda:0
adjoint,0,339,9.576609796941502e-07,True,CONVERGED,float64,cuda:0
adjoint,1,333,9.987969016006986e-07,True,CONVERGED,float64,cuda:0
adjoint,2,329,9.52612534677009e-07,True,CONVERGED,float64,cuda:0
forward,0,338,9.658178499006067e-07,True,CONVERGED,float64,cuda:0
forward,1,342,9.725775082815044e-07,True,CONVERGED,float64,cuda:0
forward,2,337,9.286344478174971e-07,True,CONVERGED,float64,cuda:0
adjoint,0,339,9.310781756295796e-07,True,CONVERGED,float64,cuda:0
adjoint,1,333,9.747023788993147e-07,True,CONVERGED,float64,cuda:0
adjoint,2,329,9.747519196722093e-07,True,CONVERGED,float64,cuda:0
forward,0,338,9.86331322808277e-07,True,CONVERGED,float64,cuda:0
forward,1,342,9.784039658181543e-07,True,CONVERGED,float64,cuda:0
forward,2,337,9.41757245493857e-07,True,CONVERGED,float64,cuda:0
adjoint,0,339,9.35093369171015e-07,True,CONVERGED,float64,cuda:0
adjoint,1,333,9.73825298207054e-07,True,CONVERGED,float64,cuda:0
adjoint,2,329,9.980853723883615e-07,True,CONVERGED,float64,cuda:0
forward,0,338,9.894485647088673e-07,True,CONVERGED,float64,cuda:0
forward,1,342,9.852454251872708e-07,True,CONVERGED,float64,cuda:0
forward,2,336,9.99518795495441e-07,True,CONVERGED,float64,cuda:0
adjoint,0,338,9.99346422014988e-07,True,CONVERGED,float64,cuda:0
adjoint,1,333,9.760753365876413e-07,True,CONVERGED,float64,cuda:0
adjoint,2,329,9.777212624037582e-07,True,CONVERGED,float64,cuda:0
forward,0,338,9.891101642464667e-07,True,CONVERGED,float64,cuda:0
forward,1,342,9.964069592648683e-07,True,CONVERGED,float64,cuda:0
forward,2,336,9.770264470013839e-07,True,CONVERGED,float64,cuda:0
adjoint,0,338,9.875824887762732e-07,True,CONVERGED,float64,cuda:0
adjoint,1,333,9.483598300327363e-07,True,CONVERGED,float64,cuda:0
adjoint,2,329,9.853951516290473e-07,True,CONVERGED,float64,cuda:0
forward,0,338,9.88456026263521e-07,True,CONVERGED,float64,cuda:0
forward,1,342,9.944683349256985e-07,True,CONVERGED,float64,cuda:0
forward,2,336,9.517864656855118e-07,True,CONVERGED,float64,cuda:0
adjoint,0,338,9.832759626969432e-07,True,CONVERGED,float64,cuda:0
adjoint,1,333,9.316124536059717e-07,True,CONVERGED,float64,cuda:0
adjoint,2,330,9.161261197427336e-07,True,CONVERGED,float64,cuda:0
forward,0,338,9.816884450628828e-07,True,CONVERGED,float64,cuda:0
forward,1,342,9.677591281396262e-07,True,CONVERGED,float64,cuda:0
forward,2,335,9.778462557992831e-07,True,CONVERGED,float64,cuda:0
adjoint,0,338,9.75983964504033e-07,True,CONVERGED,float64,cuda:0
adjoint,1,333,9.484749030866103e-07,True,CONVERGED,float64,cuda:0
adjoint,2,330,9.12449559759337e-07,True,CONVERGED,float64,cuda:0
forward,0,338,9.506600321902475e-07,True,CONVERGED,float64,cuda:0
forward,1,342,9.688298907943671e-07,True,CONVERGED,float64,cuda:0
forward,2,335,9.423914606268665e-07,True,CONVERGED,float64,cuda:0
adjoint,0,338,9.727831737271577e-07,True,CONVERGED,float64,cuda:0
adjoint,1,333,9.235106082500756e-07,True,CONVERGED,float64,cuda:0
adjoint,2,330,9.436366257125178e-07,True,CONVERGED,float64,cuda:0
forward,0,338,8.902330040864418e-07,True,CONVERGED,float64,cuda:0
forward,1,344,9.881076223917398e-07,True,CONVERGED,float64,cuda:0
forward,2,335,9.993920875776971e-07,True,CONVERGED,float64,cuda:0
adjoint,0,337,9.88646573798534e-07,True,CONVERGED,float64,cuda:0
adjoint,1,332,9.867906270045022e-07,True,CONVERGED,float64,cuda:0
adjoint,2,330,9.613638372560428e-07,True,CONVERGED,float64,cuda:0
forward,0,337,9.887498270568469e-07,True,CONVERGED,float64,cuda:0
forward,1,342,9.434663759123205e-07,True,CONVERGED,float64,cuda:0
forward,2,335,8.626327393629755e-07,True,CONVERGED,float64,cuda:0
adjoint,0,338,9.815358553555793e-07,True,CONVERGED,float64,cuda:0
adjoint,1,333,9.55960798226853e-07,True,CONVERGED,float64,cuda:0
adjoint,2,330,9.292229014366888e-07,True,CONVERGED,float64,cuda:0
forward,0,338,9.219874356516652e-07,True,CONVERGED,float64,cuda:0
forward,1,342,9.452525760823352e-07,True,CONVERGED,float64,cuda:0
forward,2,334,9.392884756175834e-07,True,CONVERGED,float64,cuda:0
adjoint,0,339,9.59600092136143e-07,True,CONVERGED,float64,cuda:0
adjoint,1,333,9.06678818150075e-07,True,CONVERGED,float64,cuda:0
adjoint,2,330,9.767395332005775e-07,True,CONVERGED,float64,cuda:0
forward,0,338,9.327947578185055e-07,True,CONVERGED,float64,cuda:0
forward,1,340,9.99165569724664e-07,True,CONVERGED,float64,cuda:0
forward,2,333,9.75717654443254e-07,True,CONVERGED,float64,cuda:0
adjoint,0,337,9.66636566162025e-07,True,CONVERGED,float64,cuda:0
adjoint,1,332,9.317326466322453e-07,True,CONVERGED,float64,cuda:0
adjoint,2,330,9.38625194779125e-07,True,CONVERGED,float64,cuda:0
forward,0,338,9.309858259116543e-07,True,CONVERGED,float64,cuda:0
forward,1,342,9.911061351320936e-07,True,CONVERGED,float64,cuda:0
forward,2,334,9.502913915341123e-07,True,CONVERGED,float64,cuda:0
adjoint,0,336,9.697473592506262e-07,True,CONVERGED,float64,cuda:0
adjoint,1,331,9.211196379297443e-07,True,CONVERGED,float64,cuda:0
adjoint,2,330,9.859391340259438e-07,True,CONVERGED,float64,cuda:0
forward,0,338,9.017904123509553e-07,True,CONVERGED,float64,cuda:0
forward,1,343,9.414690031488736e-07,True,CONVERGED,float64,cuda:0
forward,2,333,9.606878718848558e-07,True,CONVERGED,float64,cuda:0
adjoint,0,336,9.794741499249037e-07,True,CONVERGED,float64,cuda:0
adjoint,1,331,9.092175755873461e-07,True,CONVERGED,float64,cuda:0
adjoint,2,331,9.925744858902629e-07,True,CONVERGED,float64,cuda:0
forward,0,337,9.77339550114518e-07,True,CONVERGED,float64,cuda:0
forward,1,342,9.9285424031079e-07,True,CONVERGED,float64,cuda:0
forward,2,333,9.415161355414168e-07,True,CONVERGED,float64,cuda:0
adjoint,0,337,9.455100142799179e-07,True,CONVERGED,float64,cuda:0
adjoint,1,332,9.249886153253998e-07,True,CONVERGED,float64,cuda:0
adjoint,2,332,9.103420187490578e-07,True,CONVERGED,float64,cuda:0
forward,0,337,9.627580797787104e-07,True,CONVERGED,float64,cuda:0
forward,1,342,9.927361828653574e-07,True,CONVERGED,float64,cuda:0
forward,2,332,9.799553697484264e-07,True,CONVERGED,float64,cuda:0
adjoint,0,338,9.924332108742945e-07,True,CONVERGED,float64,cuda:0
adjoint,1,331,9.762473594963524e-07,True,CONVERGED,float64,cuda:0
adjoint,2,332,9.548337903863725e-07,True,CONVERGED,float64,cuda:0
forward,0,337,9.496804661484631e-07,True,CONVERGED,float64,cuda:0
forward,1,342,9.587089671522887e-07,True,CONVERGED,float64,cuda:0
forward,2,331,9.482532194062748e-07,True,CONVERGED,float64,cuda:0
adjoint,0,337,9.992127659179513e-07,True,CONVERGED,float64,cuda:0
adjoint,1,332,9.132985296966795e-07,True,CONVERGED,float64,cuda:0
adjoint,2,332,8.948320450651416e-07,True,CONVERGED,float64,cuda:0
forward,0,337,9.164115027534105e-07,True,CONVERGED,float64,cuda:0
forward,1,341,9.76603055525169e-07,True,CONVERGED,float64,cuda:0
forward,2,331,9.372433166134043e-07,True,CONVERGED,float64,cuda:0
adjoint,0,338,9.49867952083442e-07,True,CONVERGED,float64,cuda:0
adjoint,1,332,8.951213527351791e-07,True,CONVERGED,float64,cuda:0
adjoint,2,331,9.610111986027054e-07,True,CONVERGED,float64,cuda:0
forward,0,337,9.75762721502446e-07,True,CONVERGED,float64,cuda:0
forward,1,339,9.653698529051032e-07,True,CONVERGED,float64,cuda:0
forward,2,331,9.385370633437561e-07,True,CONVERGED,float64,cuda:0
adjoint,0,338,9.954840058399563e-07,True,CONVERGED,float64,cuda:0
adjoint,1,331,9.81473506315128e-07,True,CONVERGED,float64,cuda:0
adjoint,2,331,9.057667018484698e-07,True,CONVERGED,float64,cuda:0
forward,0,337,9.385242661568283e-07,True,CONVERGED,float64,cuda:0
forward,1,338,9.998118429152004e-07,True,CONVERGED,float64,cuda:0
forward,2,331,9.299650042991495e-07,True,CONVERGED,float64,cuda:0
adjoint,0,338,9.624321866129185e-07,True,CONVERGED,float64,cuda:0
adjoint,1,332,9.568430251957129e-07,True,CONVERGED,float64,cuda:0
adjoint,2,331,8.945161684658588e-07,True,CONVERGED,float64,cuda:0
forward,0,336,9.631196629173063e-07,True,CONVERGED,float64,cuda:0
forward,1,339,9.393877459664496e-07,True,CONVERGED,float64,cuda:0
forward,2,330,9.913878836521602e-07,True,CONVERGED,float64,cuda:0
adjoint,0,337,9.927637170123754e-07,True,CONVERGED,float64,cuda:0
adjoint,1,332,9.769944121638771e-07,True,CONVERGED,float64,cuda:0
adjoint,2,331,8.535286361518227e-07,True,CONVERGED,float64,cuda:0
forward,0,335,9.766635903518365e-07,True,CONVERGED,float64,cuda:0
forward,1,338,9.916420970763627e-07,True,CONVERGED,float64,cuda:0
forward,2,330,9.693686673799272e-07,True,CONVERGED,float64,cuda:0
adjoint,0,337,9.670097175241764e-07,True,CONVERGED,float64,cuda:0
adjoint,1,332,9.68575754171332e-07,True,CONVERGED,float64,cuda:0
adjoint,2,330,9.755824473742706e-07,True,CONVERGED,float64,cuda:0
forward,0,334,9.782463811889284e-07,True,CONVERGED,float64,cuda:0
forward,1,337,9.719255790787358e-07,True,CONVERGED,float64,cuda:0
forward,2,330,9.561898630392922e-07,True,CONVERGED,float64,cuda:0
adjoint,0,337,9.62645698801133e-07,True,CONVERGED,float64,cuda:0
adjoint,1,332,9.47086000668946e-07,True,CONVERGED,float64,cuda:0
adjoint,2,330,9.733103511086026e-07,True,CONVERGED,float64,cuda:0
forward,0,333,9.755695922451576e-07,True,CONVERGED,float64,cuda:0
forward,1,336,9.874986147924604e-07,True,CONVERGED,float64,cuda:0
forward,2,330,9.423750842491402e-07,True,CONVERGED,float64,cuda:0
adjoint,0,336,9.987885598074852e-07,True,CONVERGED,float64,cuda:0
adjoint,1,330,9.624930576270886e-07,True,CONVERGED,float64,cuda:0
adjoint,2,330,9.736521822664262e-07,True,CONVERGED,float64,cuda:0
forward,0,333,9.550440257662231e-07,True,CONVERGED,float64,cuda:0
forward,1,335,9.848239694372927e-07,True,CONVERGED,float64,cuda:0
forward,2,329,9.86642817639826e-07,True,CONVERGED,float64,cuda:0
adjoint,0,335,9.853555087833332e-07,True,CONVERGED,float64,cuda:0
adjoint,1,328,9.078193691134341e-07,True,CONVERGED,float64,cuda:0
adjoint,2,330,9.633640125375172e-07,True,CONVERGED,float64,cuda:0
forward,0,333,9.54288673627454e-07,True,CONVERGED,float64,cuda:0
forward,1,332,9.983085864990308e-07,True,CONVERGED,float64,cuda:0
forward,2,328,9.878784730681148e-07,True,CONVERGED,float64,cuda:0
adjoint,0,330,9.673840611956703e-07,True,CONVERGED,float64,cuda:0
adjoint,1,325,9.504470637873969e-07,True,CONVERGED,float64,cuda:0
adjoint,2,330,9.073843578278163e-07,True,CONVERGED,float64,cuda:0
forward,0,331,9.750700993393293e-07,True,CONVERGED,float64,cuda:0
forward,1,331,9.842909672960575e-07,True,CONVERGED,float64,cuda:0
forward,2,329,8.779068486402354e-07,True,CONVERGED,float64,cuda:0
adjoint,0,329,9.789886339187536e-07,True,CONVERGED,float64,cuda:0
adjoint,1,317,9.63477472921628e-07,True,CONVERGED,float64,cuda:0
adjoint,2,330,8.975944576941785e-07,True,CONVERGED,float64,cuda:0
forward,0,331,9.64683170461264e-07,True,CONVERGED,float64,cuda:0
forward,1,332,9.81629239876102e-07,True,CONVERGED,float64,cuda:0
forward,2,329,9.135600421325845e-07,True,CONVERGED,float64,cuda:0
adjoint,0,329,9.35301079176497e-07,True,CONVERGED,float64,cuda:0
adjoint,1,323,9.50219158226081e-07,True,CONVERGED,float64,cuda:0
adjoint,2,330,8.828044836959213e-07,True,CONVERGED,float64,cuda:0
forward,0,317,9.341753917162588e-07,True,CONVERGED,float64,cuda:0
forward,1,336,9.083547830068534e-07,True,CONVERGED,float64,cuda:0
forward,2,329,9.670280077324172e-07,True,CONVERGED,float64,cuda:0
adjoint,0,327,9.423815256128397e-07,True,CONVERGED,float64,cuda:0
adjoint,1,329,9.316141336157801e-07,True,CONVERGED,float64,cuda:0
adjoint,2,330,9.505928192327094e-07,True,CONVERGED,float64,cuda:0
forward,0,318,9.54733571501899e-07,True,CONVERGED,float64,cuda:0
forward,1,337,9.076266395814222e-07,True,CONVERGED,float64,cuda:0
forward,2,329,9.641693975574115e-07,True,CONVERGED,float64,cuda:0
adjoint,0,320,9.198177740861058e-07,True,CONVERGED,float64,cuda:0
adjoint,1,331,9.418796286578622e-07,True,CONVERGED,float64,cuda:0
adjoint,2,330,9.949252502756577e-07,True,CONVERGED,float64,cuda:0
forward,0,321,9.852853739614069e-07,True,CONVERGED,float64,cuda:0
forward,1,334,9.97064833191555e-07,True,CONVERGED,float64,cuda:0
forward,2,329,8.925554740039358e-07,True,CONVERGED,float64,cuda:0
adjoint,0,328,9.2453522085638e-07,True,CONVERGED,float64,cuda:0
adjoint,1,330,9.675823543633773e-07,True,CONVERGED,float64,cuda:0
adjoint,2,330,9.376533625831072e-07,True,CONVERGED,float64,cuda:0
forward,0,333,9.619956428704809e-07,True,CONVERGED,float64,cuda:0
forward,1,329,8.957399612751565e-07,True,CONVERGED,float64,cuda:0
forward,2,329,9.095394470251265e-07,True,CONVERGED,float64,cuda:0
adjoint,0,324,9.981238831529428e-07,True,CONVERGED,float64,cuda:0
adjoint,1,329,8.873097230747509e-07,True,CONVERGED,float64,cuda:0
adjoint,2,329,9.208505508041688e-07,True,CONVERGED,float64,cuda:0
forward,0,332,9.521164610428596e-07,True,CONVERGED,float64,cuda:0
forward,1,326,9.935562765942594e-07,True,CONVERGED,float64,cuda:0
forward,2,326,9.77561641584716e-07,True,CONVERGED,float64,cuda:0
adjoint,0,322,9.831388349287843e-07,True,CONVERGED,float64,cuda:0
adjoint,1,328,9.060872456472026e-07,True,CONVERGED,float64,cuda:0
adjoint,2,324,9.836275128908549e-07,True,CONVERGED,float64,cuda:0
forward,0,331,9.630829167889157e-07,True,CONVERGED,float64,cuda:0
forward,1,325,9.610447606480384e-07,True,CONVERGED,float64,cuda:0
forward,2,325,9.570407052717096e-07,True,CONVERGED,float64,cuda:0
adjoint,0,321,9.469315408597533e-07,True,CONVERGED,float64,cuda:0
adjoint,1,327,9.469215457114763e-07,True,CONVERGED,float64,cuda:0
adjoint,2,325,9.524612163594106e-07,True,CONVERGED,float64,cuda:0
forward,0,332,9.175455393579908e-07,True,CONVERGED,float64,cuda:0
forward,1,324,9.485919111048222e-07,True,CONVERGED,float64,cuda:0
forward,2,327,9.826962032592675e-07,True,CONVERGED,float64,cuda:0
adjoint,0,321,9.541500441780763e-07,True,CONVERGED,float64,cuda:0
adjoint,1,326,9.46742481211386e-07,True,CONVERGED,float64,cuda:0
adjoint,2,325,9.706061438686387e-07,True,CONVERGED,float64,cuda:0
forward,0,325,9.78605454747303e-07,True,CONVERGED,float64,cuda:0
forward,1,324,9.613902561132954e-07,True,CONVERGED,float64,cuda:0
forward,2,329,9.674012727447342e-07,True,CONVERGED,float64,cuda:0
adjoint,0,320,9.83858529995287e-07,True,CONVERGED,float64,cuda:0
adjoint,1,317,9.718708313692957e-07,True,CONVERGED,float64,cuda:0
adjoint,2,328,9.651889823208876e-07,True,CONVERGED,float64,cuda:0
forward,0,318,8.833263743513242e-07,True,CONVERGED,float64,cuda:0
forward,1,324,9.819672335028592e-07,True,CONVERGED,float64,cuda:0
forward,2,331,9.96275478801528e-07,True,CONVERGED,float64,cuda:0
adjoint,0,303,9.987725293081398e-07,True,CONVERGED,float64,cuda:0
adjoint,1,323,9.473871692476768e-07,True,CONVERGED,float64,cuda:0
adjoint,2,326,9.420136255810127e-07,True,CONVERGED,float64,cuda:0
forward,0,318,9.616132454503296e-07,True,CONVERGED,float64,cuda:0
forward,1,324,9.514056483486032e-07,True,CONVERGED,float64,cuda:0
forward,2,329,9.51211415804044e-07,True,CONVERGED,float64,cuda:0
adjoint,0,318,9.228639653517254e-07,True,CONVERGED,float64,cuda:0
adjoint,1,316,9.408376187522141e-07,True,CONVERGED,float64,cuda:0
adjoint,2,323,9.009599633078386e-07,True,CONVERGED,float64,cuda:0
forward,0,317,9.915119935325177e-07,True,CONVERGED,float64,cuda:0
forward,1,322,9.469813403908106e-07,True,CONVERGED,float64,cuda:0
forward,2,326,9.454572681048821e-07,True,CONVERGED,float64,cuda:0
adjoint,0,316,9.861409399683443e-07,True,CONVERGED,float64,cuda:0
adjoint,1,315,9.512330303798128e-07,True,CONVERGED,float64,cuda:0
adjoint,2,320,9.791596872901514e-07,True,CONVERGED,float64,cuda:0
forward,0,314,9.142836051993969e-07,True,CONVERGED,float64,cuda:0
forward,1,325,9.848064740495464e-07,True,CONVERGED,float64,cuda:0
forward,2,327,9.840631103604136e-07,True,CONVERGED,float64,cuda:0
adjoint,0,315,9.049752436167154e-07,True,CONVERGED,float64,cuda:0
adjoint,1,314,9.872246909221618e-07,True,CONVERGED,float64,cuda:0
adjoint,2,320,9.297537155866762e-07,True,CONVERGED,float64,cuda:0
forward,0,316,9.673291304898333e-07,True,CONVERGED,float64,cuda:0
forward,1,327,9.525004057519111e-07,True,CONVERGED,float64,cuda:0
forward,2,330,9.420637293263438e-07,True,CONVERGED,float64,cuda:0
adjoint,0,316,9.101662927475453e-07,True,CONVERGED,float64,cuda:0
adjoint,1,317,9.812098218483877e-07,True,CONVERGED,float64,cuda:0
adjoint,2,321,8.92147726558044e-07,True,CONVERGED,float64,cuda:0
forward,0,311,9.141097817382602e-07,True,CONVERGED,float64,cuda:0
forward,1,327,9.850729507597814e-07,True,CONVERGED,float64,cuda:0
forward,2,330,9.844493578595892e-07,True,CONVERGED,float64,cuda:0
adjoint,0,307,9.862677503731721e-07,True,CONVERGED,float64,cuda:0
adjoint,1,319,9.340591098906358e-07,True,CONVERGED,float64,cuda:0
adjoint,2,320,9.322874165662383e-07,True,CONVERGED,float64,cuda:0
forward,0,307,9.56903123236581e-07,True,CONVERGED,float64,cuda:0
forward,1,327,9.57055856707596e-07,True,CONVERGED,float64,cuda:0
forward,2,330,9.77042352862433e-07,True,CONVERGED,float64,cuda:0
adjoint,0,300,9.235732370136966e-07,True,CONVERGED,float64,cuda:0
adjoint,1,318,9.427049490550244e-07,True,CONVERGED,float64,cuda:0
adjoint,2,319,9.790413577840047e-07,True,CONVERGED,float64,cuda:0
forward,0,308,9.622073818883475e-07,True,CONVERGED,float64,cuda:0
forward,1,327,9.857069386745335e-07,True,CONVERGED,float64,cuda:0
forward,2,329,9.608877239598927e-07,True,CONVERGED,float64,cuda:0
adjoint,0,301,8.560959759314658e-07,True,CONVERGED,float64,cuda:0
adjoint,1,317,9.769349331548775e-07,True,CONVERGED,float64,cuda:0
adjoint,2,320,8.557236496925364e-07,True,CONVERGED,float64,cuda:0
forward,0,313,9.449642568124014e-07,True,CONVERGED,float64,cuda:0
forward,1,327,9.80591534861178e-07,True,CONVERGED,float64,cuda:0
forward,2,327,9.746325319269606e-07,True,CONVERGED,float64,cuda:0
adjoint,0,312,9.6893922074513e-07,True,CONVERGED,float64,cuda:0
adjoint,1,316,9.593059556088568e-07,True,CONVERGED,float64,cuda:0
adjoint,2,319,9.819447013765874e-07,True,CONVERGED,float64,cuda:0
forward,0,315,9.856521418889497e-07,True,CONVERGED,float64,cuda:0
forward,1,326,9.843896645472695e-07,True,CONVERGED,float64,cuda:0
forward,2,326,9.970316334309583e-07,True,CONVERGED,float64,cuda:0
adjoint,0,314,9.6110595058125e-07,True,CONVERGED,float64,cuda:0
adjoint,1,316,9.175491173332054e-07,True,CONVERGED,float64,cuda:0
adjoint,2,320,8.954760892453047e-07,True,CONVERGED,float64,cuda:0
forward,0,318,9.661782885438362e-07,True,CONVERGED,float64,cuda:0
forward,1,327,9.488680434507844e-07,True,CONVERGED,float64,cuda:0
forward,2,327,9.963793311614447e-07,True,CONVERGED,float64,cuda:0
adjoint,0,315,9.421547549635094e-07,True,CONVERGED,float64,cuda:0
adjoint,1,315,9.777708641982624e-07,True,CONVERGED,float64,cuda:0
adjoint,2,320,8.700644395747348e-07,True,CONVERGED,float64,cuda:0
forward,0,315,9.679776167890669e-07,True,CONVERGED,float64,cuda:0
forward,1,327,9.578851363375842e-07,True,CONVERGED,float64,cuda:0
forward,2,327,9.927723929114467e-07,True,CONVERGED,float64,cuda:0
adjoint,0,316,9.442736504382572e-07,True,CONVERGED,float64,cuda:0
adjoint,1,314,9.506690867680283e-07,True,CONVERGED,float64,cuda:0
adjoint,2,319,9.078603291860027e-07,True,CONVERGED,float64,cuda:0
forward,0,316,9.937877941749425e-07,True,CONVERGED,float64,cuda:0
forward,1,325,9.879114303357224e-07,True,CONVERGED,float64,cuda:0
forward,2,325,9.108413093095114e-07,True,CONVERGED,float64,cuda:0
adjoint,0,316,9.414550055446489e-07,True,CONVERGED,float64,cuda:0
adjoint,1,314,9.062035371144982e-07,True,CONVERGED,float64,cuda:0
adjoint,2,318,9.211189246180777e-07,True,CONVERGED,float64,cuda:0
forward,0,310,9.924589228563159e-07,True,CONVERGED,float64,cuda:0
forward,1,325,9.831060266851902e-07,True,CONVERGED,float64,cuda:0
forward,2,323,9.287223165013314e-07,True,CONVERGED,float64,cuda:0
adjoint,0,317,9.111902157271769e-07,True,CONVERGED,float64,cuda:0
adjoint,1,296,9.923497549285826e-07,True,CONVERGED,float64,cuda:0
adjoint,2,318,9.063887927918044e-07,True,CONVERGED,float64,cuda:0
forward,0,307,9.82032118645847e-07,True,CONVERGED,float64,cuda:0
forward,1,326,9.457787716123948e-07,True,CONVERGED,float64,cuda:0
forward,2,320,9.814664355832872e-07,True,CONVERGED,float64,cuda:0
adjoint,0,317,9.755462334464113e-07,True,CONVERGED,float64,cuda:0
adjoint,1,315,8.725775370027399e-07,True,CONVERGED,float64,cuda:0
adjoint,2,318,9.711737902429529e-07,True,CONVERGED,float64,cuda:0
forward,0,310,9.89820142480565e-07,True,CONVERGED,float64,cuda:0
forward,1,326,9.58014010911666e-07,True,CONVERGED,float64,cuda:0
forward,2,316,9.900943629964861e-07,True,CONVERGED,float64,cuda:0
adjoint,0,318,9.419494894587553e-07,True,CONVERGED,float64,cuda:0
adjoint,1,315,9.373894223495546e-07,True,CONVERGED,float64,cuda:0
adjoint,2,319,8.949223366052976e-07,True,CONVERGED,float64,cuda:0
forward,0,313,9.884318932616448e-07,True,CONVERGED,float64,cuda:0
forward,1,326,9.672087112093406e-07,True,CONVERGED,float64,cuda:0
forward,2,321,9.306265994059411e-07,True,CONVERGED,float64,cuda:0
adjoint,0,316,9.662968977046243e-07,True,CONVERGED,float64,cuda:0
adjoint,1,316,9.777528176405679e-07,True,CONVERGED,float64,cuda:0
adjoint,2,319,9.222660979063731e-07,True,CONVERGED,float64,cuda:0
forward,0,321,9.758990731635629e-07,True,CONVERGED,float64,cuda:0
forward,1,326,9.72065329239671e-07,True,CONVERGED,float64,cuda:0
forward,2,325,9.327553127478272e-07,True,CONVERGED,float64,cuda:0
adjoint,0,317,9.728019219587366e-07,True,CONVERGED,float64,cuda:0
adjoint,1,316,9.962200185219424e-07,True,CONVERGED,float64,cuda:0
adjoint,2,299,9.78394586567894e-07,True,CONVERGED,float64,cuda:0
forward,0,321,9.766839147405056e-07,True,CONVERGED,float64,cuda:0
forward,1,325,9.719469505366439e-07,True,CONVERGED,float64,cuda:0
forward,2,321,9.83929574684996e-07,True,CONVERGED,float64,cuda:0
adjoint,0,308,9.33095253739636e-07,True,CONVERGED,float64,cuda:0
adjoint,1,318,9.265794971623563e-07,True,CONVERGED,float64,cuda:0
adjoint,2,317,9.619104660266889e-07,True,CONVERGED,float64,cuda:0
forward,0,322,8.902319473433418e-07,True,CONVERGED,float64,cuda:0
forward,1,326,9.321778486368176e-07,True,CONVERGED,float64,cuda:0
forward,2,322,9.640810070479898e-07,True,CONVERGED,float64,cuda:0
adjoint,0,307,9.724645342500686e-07,True,CONVERGED,float64,cuda:0
adjoint,1,318,9.629936636766837e-07,True,CONVERGED,float64,cuda:0
adjoint,2,318,9.229663448883895e-07,True,CONVERGED,float64,cuda:0
forward,0,320,9.617934784744277e-07,True,CONVERGED,float64,cuda:0
forward,1,325,9.65599493298582e-07,True,CONVERGED,float64,cuda:0
forward,2,305,9.954358904057375e-07,True,CONVERGED,float64,cuda:0
adjoint,0,313,9.745790678420295e-07,True,CONVERGED,float64,cuda:0
adjoint,1,317,9.243150724135191e-07,True,CONVERGED,float64,cuda:0
adjoint,2,319,9.119727803040903e-07,True,CONVERGED,float64,cuda:0
forward,0,313,9.947497585318461e-07,True,CONVERGED,float64,cuda:0
forward,1,327,9.780814101609019e-07,True,CONVERGED,float64,cuda:0
forward,2,329,9.613694971369642e-07,True,CONVERGED,float64,cuda:0
adjoint,0,309,9.872186748034514e-07,True,CONVERGED,float64,cuda:0
adjoint,1,317,9.418944655679807e-07,True,CONVERGED,float64,cuda:0
adjoint,2,321,9.57835655727892e-07,True,CONVERGED,float64,cuda:0
forward,0,320,9.368596555400256e-07,True,CONVERGED,float64,cuda:0
forward,1,325,9.411472840568096e-07,True,CONVERGED,float64,cuda:0
forward,2,318,9.945874677531067e-07,True,CONVERGED,float64,cuda:0
adjoint,0,301,9.649304009433194e-07,True,CONVERGED,float64,cuda:0
adjoint,1,316,9.251464651382547e-07,True,CONVERGED,float64,cuda:0
adjoint,2,319,9.842582374244754e-07,True,CONVERGED,float64,cuda:0
forward,0,320,9.67187925681207e-07,True,CONVERGED,float64,cuda:0
forward,1,327,9.713247078223276e-07,True,CONVERGED,float64,cuda:0
forward,2,326,9.699411551498949e-07,True,CONVERGED,float64,cuda:0
adjoint,0,313,9.70325743640802e-07,True,CONVERGED,float64,cuda:0
adjoint,1,316,9.375572615725171e-07,True,CONVERGED,float64,cuda:0
adjoint,2,319,9.616995883498653e-07,True,CONVERGED,float64,cuda:0
forward,0,319,9.725241738746677e-07,True,CONVERGED,float64,cuda:0
forward,1,326,9.797887629897148e-07,True,CONVERGED,float64,cuda:0
forward,2,325,9.836714296259483e-07,True,CONVERGED,float64,cuda:0
adjoint,0,313,9.85628537379171e-07,True,CONVERGED,float64,cuda:0
adjoint,1,316,9.709518800231128e-07,True,CONVERGED,float64,cuda:0
adjoint,2,318,9.826385710954792e-07,True,CONVERGED,float64,cuda:0
forward,0,318,9.927874375208229e-07,True,CONVERGED,float64,cuda:0
forward,1,326,9.825439796189925e-07,True,CONVERGED,float64,cuda:0
forward,2,324,9.445458339735625e-07,True,CONVERGED,float64,cuda:0
adjoint,0,312,9.89729709428296e-07,True,CONVERGED,float64,cuda:0
adjoint,1,317,9.660518833097032e-07,True,CONVERGED,float64,cuda:0
adjoint,2,298,9.561145767345692e-07,True,CONVERGED,float64,cuda:0
forward,0,315,9.992307514410125e-07,True,CONVERGED,float64,cuda:0
forward,1,328,9.501527647837209e-07,True,CONVERGED,float64,cuda:0
forward,2,325,9.840393594935013e-07,True,CONVERGED,float64,cuda:0
adjoint,0,313,9.832770172869105e-07,True,CONVERGED,float64,cuda:0
adjoint,1,317,9.56191994549836e-07,True,CONVERGED,float64,cuda:0
adjoint,2,301,9.945964739627927e-07,True,CONVERGED,float64,cuda:0
forward,0,315,9.986616931959728e-07,True,CONVERGED,float64,cuda:0
forward,1,328,9.506465038664042e-07,True,CONVERGED,float64,cuda:0
forward,2,326,9.190076457366184e-07,True,CONVERGED,float64,cuda:0
adjoint,0,313,9.761123331945167e-07,True,CONVERGED,float64,cuda:0
adjoint,1,316,9.787296269167166e-07,True,CONVERGED,float64,cuda:0
adjoint,2,318,9.785268657921996e-07,True,CONVERGED,float64,cuda:0
forward,0,319,9.74704726788623e-07,True,CONVERGED,float64,cuda:0
forward,1,326,9.566645727166347e-07,True,CONVERGED,float64,cuda:0
forward,2,323,9.569723916160856e-07,True,CONVERGED,float64,cuda:0
adjoint,0,303,9.266697013874605e-07,True,CONVERGED,float64,cuda:0
adjoint,1,317,9.873351930471377e-07,True,CONVERGED,float64,cuda:0
adjoint,2,318,9.345146960623535e-07,True,CONVERGED,float64,cuda:0
forward,0,318,9.803567923643943e-07,True,CONVERGED,float64,cuda:0
forward,1,326,9.85564011502944e-07,True,CONVERGED,float64,cuda:0
forward,2,323,9.735098064459288e-07,True,CONVERGED,float64,cuda:0
adjoint,0,306,9.739084165190511e-07,True,CONVERGED,float64,cuda:0
adjoint,1,318,9.473633571891203e-07,True,CONVERGED,float64,cuda:0
adjoint,2,319,9.107990686328608e-07,True,CONVERGED,float64,cuda:0
forward,0,307,9.352171942956031e-07,True,CONVERGED,float64,cuda:0
forward,1,327,9.959315081396065e-07,True,CONVERGED,float64,cuda:0
forward,2,326,9.594991794789005e-07,True,CONVERGED,float64,cuda:0
adjoint,0,311,9.732754065089755e-07,True,CONVERGED,float64,cuda:0
adjoint,1,318,9.652320566250615e-07,True,CONVERGED,float64,cuda:0
adjoint,2,302,9.539603634172846e-07,True,CONVERGED,float64,cuda:0
forward,0,314,9.998654006940755e-07,True,CONVERGED,float64,cuda:0
forward,1,327,9.94010970949014e-07,True,CONVERGED,float64,cuda:0
forward,2,325,9.889590118788666e-07,True,CONVERGED,float64,cuda:0
adjoint,0,311,9.605253071390298e-07,True,CONVERGED,float64,cuda:0
adjoint,1,318,9.93344208247299e-07,True,CONVERGED,float64,cuda:0
adjoint,2,316,9.529283735201072e-07,True,CONVERGED,float64,cuda:0
forward,0,311,9.907910642897307e-07,True,CONVERGED,float64,cuda:0
forward,1,328,9.387627174801105e-07,True,CONVERGED,float64,cuda:0
forward,2,326,9.2363892486862e-07,True,CONVERGED,float64,cuda:0
adjoint,0,306,9.403845326543815e-07,True,CONVERGED,float64,cuda:0
adjoint,1,318,9.820739370886338e-07,True,CONVERGED,float64,cuda:0
adjoint,2,312,9.675489337463957e-07,True,CONVERGED,float64,cuda:0
forward,0,308,9.873886089017807e-07,True,CONVERGED,float64,cuda:0
forward,1,328,9.729483892699353e-07,True,CONVERGED,float64,cuda:0
forward,2,326,9.842021455229794e-07,True,CONVERGED,float64,cuda:0
adjoint,0,307,9.576491386804244e-07,True,CONVERGED,float64,cuda:0
adjoint,1,316,9.731457965132649e-07,True,CONVERGED,float64,cuda:0
adjoint,2,297,9.295135492536384e-07,True,CONVERGED,float64,cuda:0
forward,0,310,9.827438262756432e-07,True,CONVERGED,float64,cuda:0
forward,1,328,9.782160389697938e-07,True,CONVERGED,float64,cuda:0
forward,2,326,9.79583716525586e-07,True,CONVERGED,float64,cuda:0
adjoint,0,307,9.17601781903992e-07,True,CONVERGED,float64,cuda:0
adjoint,1,316,9.980361811622797e-07,True,CONVERGED,float64,cuda:0
adjoint,2,297,9.644346825785964e-07,True,CONVERGED,float64,cuda:0
forward,0,309,9.30829480919562e-07,True,CONVERGED,float64,cuda:0
forward,1,328,9.92829162076394e-07,True,CONVERGED,float64,cuda:0
forward,2,326,9.58235469293091e-07,True,CONVERGED,float64,cuda:0
adjoint,0,306,9.388862927703234e-07,True,CONVERGED,float64,cuda:0
adjoint,1,317,9.596621762920423e-07,True,CONVERGED,float64,cuda:0
adjoint,2,316,9.449492268844846e-07,True,CONVERGED,float64,cuda:0
forward,0,309,9.834084697625748e-07,True,CONVERGED,float64,cuda:0
forward,1,328,9.996026221623088e-07,True,CONVERGED,float64,cuda:0
forward,2,326,9.633422378526987e-07,True,CONVERGED,float64,cuda:0
adjoint,0,305,9.97769425401223e-07,True,CONVERGED,float64,cuda:0
adjoint,1,305,9.899540030440709e-07,True,CONVERGED,float64,cuda:0
adjoint,2,316,9.001550304315104e-07,True,CONVERGED,float64,cuda:0
forward,0,310,9.991387511433516e-07,True,CONVERGED,float64,cuda:0
forward,1,328,9.99430514479968e-07,True,CONVERGED,float64,cuda:0
forward,2,327,9.066259276244982e-07,True,CONVERGED,float64,cuda:0
adjoint,0,307,9.246049397932021e-07,True,CONVERGED,float64,cuda:0
adjoint,1,318,9.760449359523605e-07,True,CONVERGED,float64,cuda:0
adjoint,2,318,9.355583108410009e-07,True,CONVERGED,float64,cuda:0
forward,0,314,9.964332508617906e-07,True,CONVERGED,float64,cuda:0
forward,1,324,9.812708283205163e-07,True,CONVERGED,float64,cuda:0
forward,2,327,8.845243102223372e-07,True,CONVERGED,float64,cuda:0
adjoint,0,311,9.404830583360092e-07,True,CONVERGED,float64,cuda:0
adjoint,1,317,9.424316553188839e-07,True,CONVERGED,float64,cuda:0
adjoint,2,319,8.914129666445566e-07,True,CONVERGED,float64,cuda:0
forward,0,318,9.74649134459285e-07,True,CONVERGED,float64,cuda:0
forward,1,329,9.206364214880526e-07,True,CONVERGED,float64,cuda:0
forward,2,327,9.09724383458961e-07,True,CONVERGED,float64,cuda:0
adjoint,0,313,8.773366134617037e-07,True,CONVERGED,float64,cuda:0
adjoint,1,317,9.313352588129677e-07,True,CONVERGED,float64,cuda:0
adjoint,2,319,9.089070541119807e-07,True,CONVERGED,float64,cuda:0
forward,0,310,9.801306043330589e-07,True,CONVERGED,float64,cuda:0
forward,1,328,9.836557686889546e-07,True,CONVERGED,float64,cuda:0
forward,2,319,9.831376874714788e-07,True,CONVERGED,float64,cuda:0
adjoint,0,308,9.194415714659426e-07,True,CONVERGED,float64,cuda:0
adjoint,1,318,9.785487628906078e-07,True,CONVERGED,float64,cuda:0
adjoint,2,319,9.046897138149641e-07,True,CONVERGED,float64,cuda:0
forward,0,311,9.505133325878928e-07,True,CONVERGED,float64,cuda:0
forward,1,329,9.649139920303447e-07,True,CONVERGED,float64,cuda:0
forward,2,318,9.760178467265696e-07,True,CONVERGED,float64,cuda:0
adjoint,0,307,9.848662756443734e-07,True,CONVERGED,float64,cuda:0
adjoint,1,319,9.166275955900475e-07,True,CONVERGED,float64,cuda:0
adjoint,2,319,9.142496684235179e-07,True,CONVERGED,float64,cuda:0
forward,0,317,9.880463301417158e-07,True,CONVERGED,float64,cuda:0
forward,1,329,9.865132405718908e-07,True,CONVERGED,float64,cuda:0
forward,2,327,9.774088574462832e-07,True,CONVERGED,float64,cuda:0
adjoint,0,309,9.881919526068152e-07,True,CONVERGED,float64,cuda:0
adjoint,1,319,9.163262251194317e-07,True,CONVERGED,float64,cuda:0
adjoint,2,319,9.459366256393774e-07,True,CONVERGED,float64,cuda:0
forward,0,321,9.630680536858345e-07,True,CONVERGED,float64,cuda:0
forward,1,329,9.953147856408094e-07,True,CONVERGED,float64,cuda:0
forward,2,328,9.325404389674329e-07,True,CONVERGED,float64,cuda:0
adjoint,0,313,9.020735148310066e-07,True,CONVERGED,float64,cuda:0
adjoint,1,318,9.64436419398945e-07,True,CONVERGED,float64,cuda:0
adjoint,2,319,9.715689871272339e-07,True,CONVERGED,float64,cuda:0
forward,0,320,9.819037141102972e-07,True,CONVERGED,float64,cuda:0
forward,1,330,9.116205109755033e-07,True,CONVERGED,float64,cuda:0
forward,2,328,9.353342336384454e-07,True,CONVERGED,float64,cuda:0
adjoint,0,311,9.993929698122677e-07,True,CONVERGED,float64,cuda:0
adjoint,1,318,9.515480836722648e-07,True,CONVERGED,float64,cuda:0
adjoint,2,319,9.51212735814351e-07,True,CONVERGED,float64,cuda:0
forward,0,316,9.951331271408175e-07,True,CONVERGED,float64,cuda:0
forward,1,329,9.59587044934621e-07,True,CONVERGED,float64,cuda:0
forward,2,327,9.846692392838824e-07,True,CONVERGED,float64,cuda:0
adjoint,0,308,9.232603279302794e-07,True,CONVERGED,float64,cuda:0
adjoint,1,318,9.79857423306769e-07,True,CONVERGED,float64,cuda:0
adjoint,2,319,9.41709207170399e-07,True,CONVERGED,float64,cuda:0
forward,0,314,9.607866901361912e-07,True,CONVERGED,float64,cuda:0
forward,1,329,9.477084841402757e-07,True,CONVERGED,float64,cuda:0
forward,2,327,9.727334335967723e-07,True,CONVERGED,float64,cuda:0
adjoint,0,307,9.654916635867116e-07,True,CONVERGED,float64,cuda:0
adjoint,1,319,9.091753467500639e-07,True,CONVERGED,float64,cuda:0
adjoint,2,319,9.497939441085327e-07,True,CONVERGED,float64,cuda:0
forward,0,314,9.303475164564122e-07,True,CONVERGED,float64,cuda:0
forward,1,329,9.640274242938124e-07,True,CONVERGED,float64,cuda:0
forward,2,327,9.651443306251342e-07,True,CONVERGED,float64,cuda:0
adjoint,0,307,9.79357582170665e-07,True,CONVERGED,float64,cuda:0
adjoint,1,319,9.325343466108402e-07,True,CONVERGED,float64,cuda:0
adjoint,2,319,9.265611041008675e-07,True,CONVERGED,float64,cuda:0
forward,0,316,9.705991969058267e-07,True,CONVERGED,float64,cuda:0
forward,1,329,9.72215983871734e-07,True,CONVERGED,float64,cuda:0
forward,2,327,9.713853169784304e-07,True,CONVERGED,float64,cuda:0
adjoint,0,308,9.249260764538717e-07,True,CONVERGED,float64,cuda:0
adjoint,1,319,9.335903399230366e-07,True,CONVERGED,float64,cuda:0
adjoint,2,319,9.454985062362203e-07,True,CONVERGED,float64,cuda:0
forward,0,317,9.866343509035566e-07,True,CONVERGED,float64,cuda:0
forward,1,329,9.984812966096284e-07,True,CONVERGED,float64,cuda:0
forward,2,327,9.86710475401702e-07,True,CONVERGED,float64,cuda:0
adjoint,0,308,9.942405056073366e-07,True,CONVERGED,float64,cuda:0
adjoint,1,319,9.022410455530279e-07,True,CONVERGED,float64,cuda:0
adjoint,2,319,9.638325639668088e-07,True,CONVERGED,float64,cuda:0
forward,0,316,9.929300313047578e-07,True,CONVERGED,float64,cuda:0
forward,1,329,9.660281518041492e-07,True,CONVERGED,float64,cuda:0
forward,2,327,9.72799064905283e-07,True,CONVERGED,float64,cuda:0
adjoint,0,308,9.198875429196961e-07,True,CONVERGED,float64,cuda:0
adjoint,1,320,9.224285794818264e-07,True,CONVERGED,float64,cuda:0
adjoint,2,319,9.354486425804279e-07,True,CONVERGED,float64,cuda:0
forward,0,315,9.85928933930044e-07,True,CONVERGED,float64,cuda:0
forward,1,329,9.340787183094658e-07,True,CONVERGED,float64,cuda:0
forward,2,327,9.625134001356138e-07,True,CONVERGED,float64,cuda:0
adjoint,0,307,9.807867831772967e-07,True,CONVERGED,float64,cuda:0
adjoint,1,320,9.60101126514386e-07,True,CONVERGED,float64,cuda:0
adjoint,2,319,9.380719495603972e-07,True,CONVERGED,float64,cuda:0
forward,0,315,9.78303650761521e-07,True,CONVERGED,float64,cuda:0
forward,1,328,9.925052469048739e-07,True,CONVERGED,float64,cuda:0
forward,2,327,9.606886148780928e-07,True,CONVERGED,float64,cuda:0
adjoint,0,307,9.961460887917382e-07,True,CONVERGED,float64,cuda:0
adjoint,1,320,9.616314667333404e-07,True,CONVERGED,float64,cuda:0
adjoint,2,319,9.299050628716665e-07,True,CONVERGED,float64,cuda:0
forward,0,315,9.641192083876548e-07,True,CONVERGED,float64,cuda:0
forward,1,329,9.476183490923466e-07,True,CONVERGED,float64,cuda:0
forward,2,327,9.76399298323251e-07,True,CONVERGED,float64,cuda:0
adjoint,0,308,9.662039334091253e-07,True,CONVERGED,float64,cuda:0
adjoint,1,319,9.919159868034217e-07,True,CONVERGED,float64,cuda:0
adjoint,2,319,9.58170281682387e-07,True,CONVERGED,float64,cuda:0
forward,0,314,9.331156751418265e-07,True,CONVERGED,float64,cuda:0
forward,1,328,9.906226935672503e-07,True,CONVERGED,float64,cuda:0
forward,2,327,9.492449161370067e-07,True,CONVERGED,float64,cuda:0
adjoint,0,308,9.828903693500606e-07,True,CONVERGED,float64,cuda:0
adjoint,1,320,9.601351571179854e-07,True,CONVERGED,float64,cuda:0
adjoint,2,319,9.231465126213993e-07,True,CONVERGED,float64,cuda:0
forward,0,312,9.820128181014542e-07,True,CONVERGED,float64,cuda:0
forward,1,328,9.749070873384792e-07,True,CONVERGED,float64,cuda:0
forward,2,327,9.38263033038323e-07,True,CONVERGED,float64,cuda:0
adjoint,0,309,9.93945334498749e-07,True,CONVERGED,float64,cuda:0
adjoint,1,320,9.978084607417057e-07,True,CONVERGED,float64,cuda:0
adjoint,2,319,9.308597716711256e-07,True,CONVERGED,float64,cuda:0
